200 200
466518 428904 454614 474607 462054 487158 480180 489446 467663 472129 506155 485846 472626 511796 496046 470175 483501 517240 467469 485199 471502 465865 493530 465764 487547 529667 540571 476004 476265 482979 470888 455049 467020 467248 469123 495553 471400 486227 456952 477398 473372 488838 503430 469959 494240 488745 468588 492777 498373 470625 496539 498908 486050 450340 500025 467426 462286 448284 492905 523404 483824 468513 457914 497729 491181 489628 488226 481745 469327 441810 511398 435827 477164 472030 442117 511869 484270 492529 460566 476877 464170 468867 466759 460674 539206 459085 489241 484909 485279 475080 503117 451939 480757 463847 458821 463734 489604 471038 461760 520991 470858 460586 454114 476534 494597 479897 467979 483543 506089 494073 469260 488875 477132 461120 458559 472793 477432 479421 443753 494823 515298 493599 488845 499418 469445 509706 482265 449265 475518 506041 481568 438699 524908 536625 481103 453043 475130 465260 534970 486086 471848 475247 477004 493376 490875 458028 495731 492492 479707 468213 443230 495990 467027 445334 443530 473399 451947 498240 482713 455441 497601 461466 463124 460501 465639 476133 476315 495905 470397 471779 462850 501492 439692 471607 468455 478344 477502 533197 509163 463987 455742 469256 494304 483100 472935 424005 492252 481450 460925 466384 477741 435409 470035 446617 464437 478706 457744 471445 455766 497946 
465657 472666 516231 521508 502927 536886 532552 536658 529681 512461 514936 520952 502412 525045 527957 518833 489584 527197 531191 517733 518544 506604 530233 510692 534461 517837 588647 535374 496159 534364 516208 512344 509270 498217 499747 509184 514574 522107 478756 533737 504543 520977 515488 519096 526845 533152 507307 531009 528058 514424 537240 535636 545238 498594 523050 476288 519841 519361 509078 562903 525910 490946 487070 563641 509387 518129 521810 528290 494553 473120 556222 506550 514167 524110 495962 517995 513036 533079 494925 540148 502181 501632 527725 497027 561061 515718 521992 513384 532157 492715 542165 489527 523073 497984 507027 487988 534860 511826 484777 605078 521622 522588 510511 529915 522561 510485 508686 530986 553545 541306 488180 528583 502864 497987 515528 496519 524078 538583 497443 541614 531703 532522 538211 546165 528436 546106 522137 500353 522929 529301 546862 507969 569410 556845 508747 499155 532863 498581 568294 519652 499299 504274 521979 524720 563292 518413 502348 523028 514768 493276 483338 522772 525164 494951 524932 518207 486427 538386 532208 490826 538150 523690 505544 491476 481658 518219 529988 528076 504200 496942 536377 567749 470380 554547 512462 514891 521161 591733 518919 475847 478950 500033 539687 537153 510567 497062 501274 537734 490776 514730 522659 485185 495650 531849 489964 535364 482708 498807 495609 533191 
510314 459450 498835 490188 506252 536452 537020 530045 528533 531947 536796 542475 509757 527976 538096 515218 508275 533513 529189 511518 506867 498326 512327 515591 545359 544155 585165 524167 490952 538097 490502 502996 536299 499864 508102 501396 529209 513421 488271 531973 522435 521781 521213 493339 540334 520660 484062 507419 548923 494397 523720 528555 517918 494240 530991 479527 530570 509122 527442 567214 564364 475781 498696 551542 537741 541979 518111 524617 495206 482150 517701 496387 512436 509123 484984 528375 523878 519220 484270 524384 490168 521510 534876 465324 542333 496682 527699 523106 513902 513622 557415 481476 522356 499378 493319 511273 515032 530402 475707 599370 524143 519733 496994 532982 524396 524369 493650 525713 572401 548725 475719 511428 490799 504787 496432 526070 526666 523790 474903 534074 533168 537461 521309 571489 514301 530056 515087 511688 527158 533544 525015 498839 548725 557029 527667 476549 538002 501722 561660 537053 512494 529511 514419 514273 513606 494332 508235 525135 527554 508124 491655 531165 519550 478982 497963 524132 481305 532880 529069 483454 523261 518036 505496 516942 506253 534461 519522 490654 510025 498998 517719 556331 481749 525722 487745 511300 499577 582350 520886 487464 474335 516856 529708 540507 519183 486223 509272 512424 484753 520107 512978 499718 493873 501008 486818 510954 492600 510369 495832 550873 
501778 455257 471421 490036 488301 500206 516229 512661 521649 483263 517481 495251 469534 484203 492124 495921 526537 520029 479868 478225 500583 497144 493434 513941 500897 514255 565267 510763 474147 510747 462034 488205 479550 489879 482817 487340 500915 512320 451643 495587 492340 508949 503627 481568 502704 493352 471476 504630 537173 480860 491832 504895 497691 492524 517140 461232 497177 481909 516591 530155 507106 457904 476365 524916 501583 530008 478682 505316 457645 446088 520496 450593 466133 505911 455500 521486 482992 502604 463327 478929 448720 479379 501343 479555 533143 470365 520508 487293 496554 487606 520788 459325 491028 471304 485745 492358 487204 500248 471867 542258 501725 483243 471366 503396 490167 493502 495043 477693 534945 513689 475868 488017 458965 486769 465053 496371 485516 500601 483638 507691 497136 478141 496616 543694 516281 514125 500209 483955 482688 509687 511117 469557 555215 520181 494652 462629 480865 461489 547689 515851 474685 466837 498227 503395 493956 491112 462028 513507 477599 511674 460448 493199 510365 479932 464845 509175 447722 511977 528293 456421 484933 505187 476573 475312 453632 509884 476066 497756 489478 459671 493996 539318 456874 508077 469597 474192 528419 556730 501875 469503 444129 500648 495032 506537 503567 457379 487381 501841 450294 486543 463677 469677 500895 496719 479627 486203 451627 448952 484596 527851 
514070 513725 501169 505137 478072 535265 546709 544209 558142 523209 550361 533458 513972 540612 542861 538295 517906 551691 515735 516198 525899 518537 538617 515770 543725 556771 577921 550918 505953 525915 535159 523615 516322 542069 509492 516438 527717 544228 507290 531397 536933 508252 510688 524300 544317 521330 507582 543647 537867 525784 537308 536249 556391 507769 550688 510428 520108 498436 523767 572401 549438 505773 523733 550757 533395 557069 540713 529342 488276 483760 552831 503705 515949 548697 512041 566788 496650 538361 521630 533634 507819 520005 510109 483217 556119 522010 522794 516456 525785 509379 530226 506244 551062 500655 525177 524852 524078 546548 513574 583292 521620 504823 514284 547679 549860 527624 528646 522598 570875 522012 517473 529504 513824 506244 498034 513879 535658 529480 523538 556845 527830 537709 551196 544024 540820 563214 545355 509445 528435 519165 544432 503935 580890 557091 520457 496043 514172 492547 576255 542424 531725 505985 545257 537109 532062 518098 521733 531298 494416 538377 489491 535955 543617 495327 514661 527583 491317 534509 532581 497789 530525 536631 481549 531377 511479 549188 525562 522620 521152 539090 532215 568081 495596 542426 490383 533214 538735 596957 527448 511522 485820 501918 560707 537204 533351 494315 529636 514086 512654 526183 511105 482728 514163 528122 513212 546058 462379 515513 501752 533190 
519182 488648 517576 539692 539682 574409 550013 560042 555159 547703 543495 559722 540039 560612 587975 570841 528303 563417 546667 556453 547658 578524 557622 542292 559920 578561 603269 556783 547471 578433 514486 548305 535041 509746 544510 535752 559128 542825 532316 562987 564620 560583 544255 536252 544027 528066 513538 561830 553973 525615 569605 567493 566800 538657 564329 528068 532517 540088 547227 587761 582198 514611 518216 586460 550754 576173 547209 566913 532721 505900 569478 526121 529896 549243 510367 578267 572161 561496 526562 545591 515236 535407 539082 514018 604232 535808 571625 556795 556387 516714 575375 500965 568670 532396 530660 554886 564129 542742 498748 580168 558131 515295 533456 545565 573054 544641 541095 537813 599490 557281 514018 572128 516718 537413 530670 502216 543543 536617 532781 547024 564057 540225 557552 589174 541949 554056 531791 538474 547174 537547 558550 529733 571107 582032 553437 516050 543684 519073 611599 543807 546531 539936 552513 536446 559965 527927 556895 561874 547014 523510 510283 555863 544426 527119 528191 556633 496313 557438 550262 520291 536106 563442 516990 557823 545196 555156 539961 550648 518293 548656 549466 590768 518470 541907 531002 535850 542944 634488 550614 529736 478206 513362 560359 554630 541750 511826 531561 543490 513118 555709 553991 518082 498669 532570 524308 550184 518727 548043 535562 549446 
493817 452489 475305 479890 482141 511344 511651 514177 530485 526216 532761 535927 477835 518918 523113 514289 502305 531787 478556 496141 482410 501524 506286 507044 509756 542336 544951 513080 489331 546392 491962 499996 492465 497183 514408 489430 501928 496894 461433 502958 508468 526680 519178 484938 526608 482711 454821 522339 526843 483369 496058 508606 498026 478033 534278 477207 490944 492147 492290 586314 520060 472472 472312 534940 500254 562616 493654 514219 482600 448473 535074 479497 506632 518043 475205 537608 500627 521273 485461 496103 477819 503167 513223 469733 562572 482430 509823 503565 513749 493388 546643 462950 530091 488510 476635 499198 514345 490091 499718 540923 492797 493654 481400 525024 527645 521509 513717 514671 558275 532436 485986 516213 490894 503126 498478 505464 498925 512925 474767 539942 496432 499543 495652 537615 505272 503637 511038 478597 509532 522387 514472 482958 537926 542368 500944 465863 506434 481644 554323 499478 495881 515722 522917 507201 505686 475028 482813 500442 492964 499882 494060 508049 515179 490147 489906 501474 460239 505671 503833 473415 489121 517818 472888 488501 486080 525225 492375 494022 485396 462875 521019 525568 462901 508004 505840 485653 520807 581515 504596 498852 459239 483166 505994 520390 523522 469281 507513 495143 482117 500997 483741 480724 503208 500956 486176 501919 455864 494445 471059 501105 
506640 468923 501415 511680 507698 536471 552372 529426 525898 526771 508805 550211 517022 509979 535913 533468 513488 550440 533777 503946 514752 535695 496537 517872 516148 558839 582034 517782 516073 559833 504807 507710 502116 519242 517798 519274 523948 531727 501099 509287 523825 528736 531712 504569 526765 526715 511813 540180 532989 510134 520036 558889 537476 522300 531420 479131 540090 500245 541643 567482 531191 490000 477067 569422 511288 536840 534721 543876 485483 469833 550112 493583 487680 503891 475661 535473 499502 535788 522016 488289 500623 502828 534664 512866 567543 504887 531623 531844 529602 505665 542244 505780 541195 501840 478506 495605 525741 513827 482203 563954 505822 495427 482391 549324 540380 528274 507246 520304 559142 567919 501237 517542 497257 492131 504032 517448 533959 541787 502720 552260 522801 512503 518121 544126 527285 545494 503195 497248 505293 529089 536044 497622 553789 565491 529393 489793 535182 506916 551467 506626 502280 501586 530581 539910 537061 485005 498653 528795 514624 507894 491691 523274 527883 496101 505029 536223 487747 539048 532951 493112 493412 531171 501331 520013 506339 526407 500572 514797 489739 523619 530246 546348 509556 545154 485080 506686 509643 602467 545781 503080 460632 522529 530579 550589 529045 492330 515875 522579 477192 517129 488378 491486 504304 494550 494876 526303 466463 517626 486068 554483 
494386 436400 479386 489929 483035 501233 531896 498769 505258 502209 508888 508898 497016 512707 514137 472844 500653 493418 500588 485938 480283 504702 500771 495773 517801 536439 562996 498049 463536 546859 496215 490338 507470 486166 491246 491585 508526 469907 493277 485334 498874 496486 494488 494319 492820 481877 464900 501726 490890 482423 492592 513148 496525 499213 521505 485362 505453 499945 515299 549823 485143 466281 479291 514702 504335 519055 503254 505193 473381 479870 491478 484697 494503 526914 458548 508599 519383 510151 483181 504406 458420 479161 484690 479299 555391 497295 502610 505836 482069 498101 497971 459709 514864 490477 474892 473622 515463 507587 462653 567920 498048 471715 491124 512183 496331 491738 480585 508213 543782 505253 474057 497574 462415 491477 483079 474377 529181 514887 463146 500880 491389 502473 487040 524409 513054 514606 513425 477757 497674 530425 509887 464805 567558 525530 513253 466003 485632 477338 533985 496828 511106 494190 519471 486066 500081 480060 499701 501940 509646 499249 473144 500674 520853 469903 467762 508818 466270 510405 500337 489759 490762 511024 494526 497045 471892 487591 491517 477379 503765 470287 483881 536035 463012 476453 482583 516139 511441 588034 510492 476126 449087 475955 492664 509185 504593 466209 490435 524992 441259 510883 480678 470329 494625 481603 465037 518702 470297 486757 454541 495416 
495374 466522 502192 512793 489517 535791 536825 534731 532730 511426 534837 525445 503627 521173 547259 525248 514343 525439 517922 506171 531945 525350 512692 510830 510024 555313 557260 539779 485483 548818 500697 512459 519684 508846 510622 479351 542649 525788 480401 518514 524470 505849 524500 490467 525125 519050 498585 529219 534151 508596 510205 522924 531182 504003 528076 471352 496959 494245 523856 552514 547534 468992 499950 549818 521838 551556 520343 515225 483762 490732 541939 503556 496369 498773 464099 544047 514801 520618 509341 491977 502601 488248 522862 477677 547640 509228 520589 537931 522893 499568 531197 489138 550629 504187 493068 505254 525359 512220 485917 569196 517820 517298 508569 533518 519514 523748 505028 519612 552940 524749 502919 531981 475825 518070 520395 504093 525265 532001 486657 548863 532672 520304 531084 556210 509973 550886 526063 490768 515113 503666 528052 495053 538763 549488 535747 474674 514411 498496 547893 525413 504390 517626 532959 531168 533659 493892 507014 513467 497622 499861 476930 497669 545407 487999 505790 510166 483565 530602 518267 483526 515556 533958 482200 501536 498832 506587 505579 506601 497820 491642 531351 544274 458217 530435 505285 502547 513490 581249 539320 495348 457537 497307 514385 532931 519164 464496 518212 491064 473286 499164 498536 494032 484974 505599 504359 510887 499538 504163 485284 525686 
510030 477943 493815 499812 506383 533339 530828 543840 528957 527117 558261 537138 508936 546010 523220 534109 520997 558967 516446 515657 529631 519563 490374 516448 542910 552858 579619 526135 510091 552311 515976 487141 516918 517904 509321 508033 517063 532679 507045 503689 531644 512986 527860 493419 535136 502815 506118 512323 543025 521347 522934 555935 518733 505641 506668 498578 528927 493785 511660 556690 524661 500793 519496 557842 533480 544413 522754 527450 505061 465721 536181 499407 504328 529109 501670 541891 507782 534366 499974 515565 511220 510051 526714 492066 570730 497012 500012 531177 520748 501702 543426 510614 527713 496942 500527 519687 529049 510940 493603 567077 495495 496230 507004 529552 536845 541092 523523 520010 559971 519808 490815 520071 502255 505060 501979 492739 538353 512996 500213 526964 549907 525015 561509 550432 525070 539958 540118 522688 517338 504235 544298 487035 546010 563242 534816 493271 527368 503307 557443 513361 527581 521408 530317 534478 514821 497261 518435 544407 534452 517900 496791 535409 545562 483679 512600 515726 485645 523818 507886 505709 509474 519060 509478 517289 497740 530185 512831 508221 516250 506563 528018 541485 490711 509569 504489 524743 514337 592220 520592 482248 488086 495891 530340 536288 520943 492123 513723 518491 501621 519084 494153 493836 494196 500279 502403 527834 484968 529846 497627 541517 
534809 491661 513534 523768 519147 565807 571693 554870 560122 541899 579740 559586 540319 554128 551381 536602 535483 581022 555343 559525 540271 523024 537115 538136 552005 580467 595555 544253 516705 570182 495169 537496 539418 535104 540956 532652 573630 571955 529374 549187 543108 536074 534666 512540 560476 539240 507021 552373 546969 523409 552053 567471 557220 541665 562664 527990 550726 542766 536683 593294 556679 496399 517868 587982 539174 582811 551252 550203 508102 497517 552067 514864 531356 550637 505625 565286 524300 556150 531096 521163 537256 521180 556649 525246 574577 528288 548690 549926 551583 512331 578033 519748 565412 524763 506723 539883 565667 540587 504315 584392 552081 534039 538244 557427 561317 551269 552178 545544 588911 562799 512987 534241 549992 546671 528321 527465 542409 539864 519058 591594 552254 540604 536602 584911 562353 580143 551116 529145 538368 548140 562405 528495 591709 580956 548087 523916 531231 508089 601255 528072 545971 545065 557877 565827 541961 526783 553494 549005 535457 527810 490149 541386 554743 509919 529481 559754 495573 552491 550224 521180 542718 530488 520182 537190 507020 546314 561806 565033 537231 515719 540437 583148 506565 539997 544216 548746 535299 610250 550148 516184 486524 539302 516024 572415 525030 519198 537945 531040 518126 524385 552617 525694 531522 533834 526385 562856 524498 524987 504156 556131 
505203 473116 488919 497974 500357 522247 552789 521910 532100 542280 522684 540517 493497 508679 550498 507183 520245 540055 518370 508678 514634 531378 518944 499647 538485 575427 560730 552887 504436 545512 521197 503884 504414 516010 526101 526383 525722 518172 505639 490248 520518 509116 517525 512921 526474 546084 515534 527716 533458 510121 530641 529772 539592 507865 542331 480235 543709 514291 526711 557702 522479 483996 510500 540139 513825 543068 511800 546141 484265 482573 545927 473472 519000 516946 490465 542076 525651 507358 499559 494657 482527 503630 519943 482332 562498 515972 501512 523676 510865 494904 519955 471020 515280 474289 522647 512828 519828 521910 479700 586293 527745 508146 505633 537262 532284 506486 500103 508313 547967 524923 496660 506114 481555 505373 500622 494406 526864 535516 480926 536785 512046 513884 493681 536591 525744 544968 505796 496067 505124 524996 539802 494186 568783 531130 512103 470820 503121 486214 571094 546872 503421 503696 540580 517408 531125 517872 495882 527502 517914 517286 478054 507225 506795 480353 497855 517281 469613 536687 541380 506128 520933 506258 484483 525738 483817 521117 484300 506242 506256 506700 522406 568520 502951 534995 499026 501454 529674 574273 526074 488559 451948 487692 510603 525910 517015 482155 513355 513835 469882 520999 502793 480010 504166 539355 486137 533958 486437 508682 479189 526153 
474585 436610 465927 490455 466292 475254 508604 495884 494903 493178 512005 474973 461683 492029 491305 501074 489031 495080 452024 461863 479795 490261 489862 474005 479611 519504 538105 499776 475984 519412 461813 473123 480246 467910 469582 454070 477964 493685 462786 499019 473698 499031 490904 475932 512650 484009 454166 487604 496612 469206 478518 496826 487532 478540 487312 439484 483328 482740 492106 499802 508165 451166 445686 517097 495733 514869 481440 515064 473079 447528 513242 464790 477943 501981 466924 506541 484067 497798 469137 467452 448611 455617 485057 455276 527437 462747 473891 493597 490544 488066 523969 437839 498464 463674 467267 497371 488627 491292 439065 527414 478044 454455 466512 518254 500841 487947 469723 467742 500170 480231 441513 484913 458364 476192 462370 461808 470908 506096 451276 506917 493296 497869 503283 531092 505517 496578 485103 466215 479757 499024 480539 469678 521509 519392 496347 446374 481047 444088 527770 481995 467798 468502 489115 486175 479281 470067 488302 502376 472551 474801 457865 486097 504338 466318 469189 485248 412390 480324 505795 459768 488021 501199 462575 486864 474578 479703 482833 467227 449714 464301 474643 499548 456689 479405 481076 450608 481183 552114 516198 453067 449890 467071 482170 520001 490819 464187 498808 491807 457629 485406 462937 473277 454170 482656 455033 490231 452912 484945 470374 480511 
452875 433480 442512 475518 463883 487499 502802 500288 469359 468179 509078 482799 442752 488911 486450 478634 477180 472065 458759 460170 490672 475714 483680 454552 489929 501591 519143 481480 469104 483207 461109 457526 463031 470884 477833 454194 482799 474762 451631 498732 471640 483298 479533 449168 482805 477191 421259 475332 494894 475417 469109 481486 502988 446151 480959 467839 465623 462082 455579 502975 490450 428105 436116 467686 476269 513088 463341 485308 441654 450510 487908 439681 473234 484800 442523 485830 490478 468055 437408 450613 456459 467967 475110 458768 522140 461755 489115 489989 496682 466511 511800 443860 497084 473140 448410 480195 462058 488337 437910 521714 480900 482512 470565 507316 482427 491767 471282 472884 507472 482822 441730 451846 438756 461944 456752 448813 477017 485033 441048 496763 493800 471836 494707 500434 492145 471379 480158 432551 486800 471755 472011 468866 526409 523184 476545 419048 446403 427708 521693 483108 439498 482982 459362 466162 509007 461639 482429 486728 493973 494011 455858 471709 495581 435388 467513 473740 420647 497535 467200 454773 482673 493035 420219 462381 439798 485771 449640 478765 455202 462469 462612 487429 449471 455090 459980 450697 480500 552198 482661 449373 435829 460908 468826 492243 491725 435222 471635 451853 420480 455924 460970 455462 438074 469976 458079 461958 451595 458988 441545 488426 
457235 457231 503161 493729 467804 484747 527489 499228 542277 488979 511975 510012 492141 500851 541894 501531 503022 503355 516749 490982 472694 511448 516626 483891 534717 536966 559716 496866 505901 517370 511507 517463 484195 511621 498791 495681 509554 497888 473235 513151 501456 489373 478235 496705 515611 478184 479489 523313 493490 472205 513757 525689 501556 489515 492768 469840 508831 499490 508578 558288 520526 478066 486189 512052 499980 521101 504045 513029 473028 471870 524985 476718 483676 511760 480853 535400 519002 506656 497623 469921 477156 484837 504709 468991 540897 478611 531464 506926 497009 489602 534732 464165 519423 497643 500398 502032 530834 476162 491172 543258 501617 509038 478007 511637 545809 514332 488065 507851 547331 537243 466273 497929 499169 483975 494584 493181 511757 506069 483358 522264 493890 509644 519251 540680 513447 524164 506298 476885 500420 499041 512011 475644 532850 527154 516573 460280 503827 486456 557537 517385 490269 500855 523677 503582 525655 471268 512124 509768 517055 465883 474690 505216 508114 477168 486193 499489 479505 498269 499366 497403 490380 518307 463676 482501 485231 519029 487647 496932 458389 496659 491140 521832 477536 521753 501323 496986 520866 585282 554023 504675 448184 482673 514869 520209 511396 474994 504664 521993 477388 524136 472982 471316 471302 502562 470758 514333 480481 498841 485195 517310 
497936 473575 518629 465020 498680 526604 552279 520112 538809 519899 526839 535800 495536 540606 539924 524841 525727 519272 506945 498304 502312 492644 523057 502216 535002 553443 596659 516811 504105 559784 490172 494750 495289 491756 494617 514576 532747 518403 497458 503620 515186 521695 527343 495750 522454 504588 516243 527754 530412 474744 516551 549576 529521 511455 547956 487568 500632 516915 531849 553316 533785 483718 494653 545994 523495 543959 511328 541181 504939 477228 528965 459050 528073 515035 500288 534816 511970 546979 489958 498377 506372 513593 538531 500323 585325 499938 530388 513894 509397 502753 538831 509795 511922 519632 483915 521768 517718 518438 477025 559103 501777 477856 500218 561064 521856 523630 522157 532619 549185 537314 476930 503815 509255 504666 514283 495432 527201 509748 489975 534267 508499 528056 529329 544487 519982 521778 527203 500896 493729 527996 527254 498274 560916 561330 520022 476536 496718 491213 568134 507567 513556 523078 514306 521632 516116 489796 491519 531206 502036 499294 506598 526709 544804 502452 516179 535940 468252 501319 522277 487045 496796 501927 514039 518327 495135 539729 508023 515985 508711 506007 528692 541339 492447 532936 488380 502581 516835 583512 540313 472162 493746 502903 545767 541333 537429 490508 499348 523029 489276 527191 509335 500822 468764 507169 470155 521438 464351 517608 470842 549153 
500260 466754 475966 508877 480782 526325 513824 509328 504149 515631 530395 519577 504251 498412 512278 522757 515881 514568 510567 503610 501713 506481 505865 496117 525733 539275 544269 497161 500868 530141 506752 497709 509577 483219 484336 499003 534991 524111 485921 509411 504250 509457 521026 491896 526292 496625 492926 512489 507823 519159 492428 514327 508932 483015 513771 466555 504171 505763 509083 543712 520840 484883 498722 526423 519371 538613 513854 510036 495565 452374 518539 474994 477465 485990 463424 532357 510354 514868 510678 482988 466885 474969 513411 474570 544650 493426 518723 525278 510015 514364 521818 480533 513918 485634 488880 479892 511801 493659 490197 546617 512735 481558 507548 522683 508345 511319 505901 496017 532613 528682 478750 502982 517489 481516 512062 472828 512495 513924 506651 514324 498350 496698 503236 540205 526313 521870 500124 480399 514040 533775 511356 499270 543391 537025 520371 478996 500725 473654 544731 504323 491906 520253 510210 483424 507484 486076 492366 516731 498326 499017 473367 506999 532498 476604 503355 511865 474569 545399 502049 463269 492420 519243 484580 498274 453114 516264 500777 487336 515588 489800 488275 535639 468785 507839 489662 517571 496996 573957 510622 488556 468904 486723 513332 512532 490844 478432 515358 503997 457885 527318 481250 504077 507400 473635 477853 511026 461424 519474 477151 520061 
449389 442539 474254 474798 437924 454507 477524 481892 475298 476562 514920 489240 461020 491257 465997 504453 480888 503618 481092 483003 491258 465758 493499 446710 495530 477890 523151 514903 471439 496455 467602 444553 455178 471587 450321 469300 502940 485711 466291 491250 476770 485809 469769 485892 503534 444822 454977 484019 495059 467467 479596 501887 483152 482328 483204 463285 479101 464938 470786 497191 486895 470005 445187 499970 458177 496861 481894 499294 451308 460709 496941 444956 473949 485591 452941 533468 464155 485778 482066 452628 441942 476063 485383 467665 501543 457365 478394 486857 482716 450849 496962 458207 499074 457963 461027 471098 487950 476974 424848 532976 468351 469169 451845 494303 501378 468011 456354 485038 489942 486126 452698 489755 487866 452418 463223 447915 484635 474784 453892 494671 477405 484043 481539 509506 469065 483283 479875 447596 490783 479416 506666 448843 513744 510742 503090 441520 471766 481276 516963 480930 490114 447748 494431 511498 503726 470124 445801 485659 480405 446073 450466 465239 481434 435192 475001 479852 428550 481753 478241 456916 480500 443987 459493 460384 450434 491117 484097 476180 460252 476282 473393 494310 455910 473747 460949 459308 458038 525372 497739 453690 435002 480161 506261 468344 476104 458007 500326 471861 461078 467356 464588 442823 473712 473042 462986 483562 427228 477047 455815 491121 
462950 460050 467669 495819 470117 490983 509048 492838 494920 493876 495871 500866 477919 490342 499970 489986 495357 500492 469515 479676 466087 493596 503050 478502 520271 519357 551890 497882 455608 514888 483611 488811 469674 459440 482065 482394 486489 487170 455239 497968 518906 487846 486879 481995 501724 488165 476646 486361 503916 489969 480659 487971 505700 495245 511340 465355 465755 456011 511668 523038 496486 464354 471767 510137 491360 518212 501771 502323 454391 460784 528034 472448 482588 489512 440386 488260 508784 504905 469435 479735 453841 467055 512112 465546 505983 471218 502709 494991 485252 482527 518152 454654 507836 484555 469200 461768 503689 520454 445958 552214 497421 469975 477403 499427 490546 510061 481176 511243 515630 501092 499747 497849 464347 498227 461255 470404 493404 503303 439920 496522 503099 488747 501747 516282 490297 478564 504070 477109 477933 497303 509860 443844 526805 513948 504732 449021 478328 476458 527631 490473 469781 470627 498251 488011 498578 468671 490366 521123 498793 467168 447889 471492 489458 461529 462157 488298 441485 520529 500926 463367 498929 480345 469337 484599 454964 489408 489927 495839 478235 491168 482205 505506 463522 497600 471395 496781 476588 577158 504967 439018 443411 461135 490034 505011 479412 468521 493831 475939 436789 487105 481332 452076 450657 491993 456343 490656 451641 480772 448665 476801 
486405 473873 497940 510303 490518 519380 533080 534518 523681 510712 540034 533027 506755 536737 521999 518695 528711 557021 521887 491109 517488 510377 514386 517524 523495 540486 555793 530844 515909 540774 504816 490535 487703 509980 504065 515851 523140 545193 484919 535236 514227 526679 522915 517805 524171 538272 482003 527494 538405 522256 497311 537486 545954 502235 520055 496304 513095 491880 517029 542700 539792 484538 494088 543043 532678 532820 509254 521961 484256 475070 510629 494320 504570 512647 481161 529429 503171 509927 502229 501679 491540 515168 541863 489593 566748 493426 516020 528475 517073 483856 549745 479691 532292 474460 499226 533478 517396 517894 503452 545921 489968 498628 525408 518472 507920 519033 510789 491100 544404 514076 479890 519638 511481 494006 507120 499761 508001 510939 506006 520172 523347 523957 539335 554559 526910 536758 524537 510483 501072 513019 543796 474793 558466 571714 521456 500340 505389 488227 544226 514238 488944 525581 534149 525041 529300 486820 491813 523327 492095 499382 479081 524794 545086 476832 500899 530208 465944 513327 543046 475924 539972 520292 494322 501759 497616 509390 505506 531315 499641 524595 524548 553076 484191 537320 501118 499830 518103 587359 535684 494186 462612 496228 526882 528962 504700 490192 521765 491369 479490 503467 492775 495040 488508 514440 482319 519776 483918 507446 489327 530292 
481471 446039 471590 474019 461792 509575 520454 499065 493856 513633 500125 497575 500233 512417 532021 518219 484224 498719 489172 489382 505724 492880 523046 490958 516742 536495 543526 507074 488275 521294 481261 494200 463525 489857 497095 488380 511687 491144 485115 494710 492062 498752 490847 476899 510311 513009 468230 512923 496565 451784 522929 524498 505632 472232 491522 471918 487014 473225 476504 545565 509703 429275 479417 543974 482181 517306 495485 500288 475216 459702 499392 480887 498191 492764 466987 501007 515396 500068 488138 480450 468763 488540 498791 476079 549349 487381 496914 484713 484257 476334 516627 448349 495348 492948 472278 515518 495408 497872 460860 537657 488740 481190 498003 511318 503198 505030 483980 511357 522554 504318 472975 484792 485924 495046 505882 461815 487049 505846 444603 508006 494530 514986 511580 489123 509196 512915 489908 463634 502515 470709 529863 465072 555377 547647 508749 447205 502358 478364 522818 505406 485936 495676 510631 495030 503354 469030 470144 508507 502893 478030 473787 514424 524739 463849 473634 489072 471555 501941 484137 458931 499659 483234 453275 501716 501480 501570 488308 484420 445335 465448 497269 535366 462079 505560 479470 488213 500211 562388 522606 485887 443081 484128 506165 514004 491867 462095 498730 495999 486933 492837 477372 441855 470302 503041 473211 523804 447953 478153 464620 504520 
457323 429670 484150 430205 470254 502146 486662 488700 480645 487585 516848 498164 465903 507135 482350 486187 490028 466966 471571 485825 477119 473006 477663 473461 487273 502875 531109 479545 472803 503271 482836 461402 466813 471497 457924 482845 482248 490246 457641 483742 464434 475973 479708 465853 494983 443708 451213 506412 484650 463808 485061 496029 482107 456147 485241 482568 483642 465841 502920 514509 496482 462436 462365 495208 496354 507183 469999 491162 477978 438108 522854 477850 444421 510768 449934 508156 469781 493287 449393 465682 434619 463431 509136 462861 491456 475629 492798 466839 485912 457744 529830 445533 484536 479165 476199 472923 490905 486253 465632 542565 478507 471603 442767 509563 525863 492756 477160 475633 528049 509621 412551 481717 462472 466876 477998 485156 483467 487474 468872 507382 471917 503151 480123 513135 482734 493146 467348 469249 480412 496280 502997 447817 537158 515048 488689 453480 473307 472218 528739 474552 480058 493340 513791 480946 470517 458840 469544 487013 480739 493113 463919 500756 499655 458745 476284 484262 438669 488649 480525 478781 478522 484421 475719 503724 459097 505621 477403 454071 469640 443851 486537 509991 463202 488624 464276 483904 490879 551845 484893 480613 431106 471337 496837 488032 481779 462212 466051 491864 454063 481170 482197 446571 468113 491474 460885 484480 442741 456921 448902 491087 
480915 436224 471065 470177 482202 511942 514552 491208 483119 458256 495150 498335 456493 495108 509985 480220 496958 520334 483270 483462 446878 497672 465631 453277 478290 517818 540158 482971 457861 509017 468913 463958 492735 481229 461825 479095 478952 477041 476540 473814 472860 480982 491654 482677 508224 475882 450694 478274 515902 478550 479542 487739 497691 472023 507376 441518 490025 472958 507345 522298 490583 433815 471166 512792 494175 509832 494107 506261 444926 460762 510821 449572 452021 508215 461849 501565 486097 512810 474298 467993 431518 487971 487821 468988 539515 445907 520705 479494 490104 493798 512774 452658 477466 471086 469292 444150 493943 472790 450199 539066 478810 474119 448721 497059 485263 475291 482619 471023 535742 511675 474513 491605 447359 463546 464617 490494 485329 489238 436420 490387 487328 507585 493853 514952 495799 493284 486842 461456 478613 509484 479486 437226 545420 508019 486018 447105 494051 471286 535240 490959 458071 463386 501940 471668 493011 465844 478438 503853 467289 476854 459676 500884 475666 468222 457963 490368 466539 481053 478845 451655 493018 508582 446967 459219 459956 510613 479345 469251 470046 478811 472400 515965 448850 469563 457663 492230 500840 560936 491356 477945 431967 463744 502969 491484 480960 453129 474746 519902 452696 472952 458155 445042 481799 466630 461486 483960 451493 451765 461776 479857 
529660 491077 511039 533963 503538 538138 574586 572964 564239 554890 563929 547244 522804 558074 546007 548078 546730 537891 551443 511424 539210 541512 565496 542217 552494 561309 613652 527783 518664 572389 497948 527151 531795 535345 540343 550078 577697 531068 517903 556258 551618 540241 550341 524023 565100 548743 508619 533372 544417 509026 559939 546048 544551 546688 556755 519279 546989 535148 560557 574939 556106 488407 525013 573252 540721 575978 540053 533481 512711 489738 559337 531500 528336 549737 490813 571903 551946 554438 530830 527518 509874 523118 562990 525246 597269 540491 565089 544012 533189 513039 549313 501644 549021 530297 532632 538822 538069 552677 488471 612707 550965 519309 522088 567357 535645 545931 528980 547438 582332 556990 500508 555877 527227 524797 533865 530522 535105 550269 515396 546946 534597 536044 548989 576143 540411 551116 540269 529263 550544 534960 554561 523123 607063 583527 544454 501524 546806 535063 594332 547939 531546 529821 529182 541843 550572 526820 530571 551526 538755 536117 526220 548349 574640 523424 539633 552015 500468 551021 551428 516169 547325 549598 536974 540725 517959 580690 551923 530051 542123 518925 539345 599616 491777 529265 523377 529645 538991 607995 544330 523753 486502 516139 558182 549277 543348 521598 538168 550847 506131 536757 510945 517699 515341 552147 503700 538484 477789 537372 528882 568446 
463974 435715 479481 452436 480080 511113 496579 480880 489475 472801 509415 490228 476215 503886 495936 472995 495172 496343 479806 492620 469822 473281 490602 478660 507403 519572 550599 493292 475302 493415 481428 462124 451444 461274 471718 473897 495437 482298 474776 470848 468693 481746 502359 471922 498836 474153 458701 500120 495819 449887 499927 495302 480235 465635 506385 458237 490906 471130 502216 530595 509084 449100 487465 514141 488115 505204 484919 487803 445630 450320 485431 464578 478995 492580 432480 489299 477567 500893 456619 479099 455816 470373 508514 459473 523201 467780 495723 463653 477232 471480 497156 440759 479537 481887 456160 487807 482382 487935 483644 531246 487678 466759 466392 485840 499631 475428 487700 490868 525495 492973 493799 473949 464456 463372 471369 481754 470240 498718 444848 498214 477595 503071 476915 511251 492563 512742 482172 462916 478778 489696 515427 457535 547620 518487 499730 456537 498425 477362 533881 486422 466517 480511 498184 480316 474748 460338 458742 487009 489327 459254 474806 505252 485844 467432 450492 489764 449137 497961 501777 456283 474591 470870 459058 484504 473686 498018 465273 476387 473601 466094 492795 545948 452950 483809 460165 478983 488509 570216 489360 487094 419909 476562 490177 503079 477420 455017 475134 491000 471783 492788 477628 439398 469844 488137 468308 490736 461201 466097 463078 491949 
520191 502767 506528 512403 533593 545706 550072 531841 553143 549103 530713 548477 526233 537836 561418 543723 516348 549541 522845 523430 532147 530338 506762 518846 551955 573216 583992 528758 501760 539200 524755 503569 509141 522242 514207 529747 540896 548327 494265 525900 543362 524881 541423 511279 520267 533405 538315 534933 543495 513412 550055 555081 556675 534472 549131 493501 532931 515621 544552 558432 556117 495723 517686 564744 534186 551991 536919 544894 514796 489959 564793 518758 506374 536626 507685 544524 525851 522514 520627 499670 528828 520859 550887 508991 570776 524609 539723 553477 545030 517416 525202 513314 538283 508987 518191 519862 522199 535158 491686 603215 525017 510643 531649 533970 531887 525314 541905 537704 578855 548656 497266 537238 514290 524909 521908 515299 530611 556186 533516 546617 541099 538240 536233 567887 532341 542571 536160 517112 533066 536204 518589 528549 567016 589576 529882 483714 539175 507828 568104 535491 522718 524731 539561 515285 569046 512223 514509 553757 525880 525045 486424 517541 558234 498910 504468 541623 514461 547112 554161 490627 522088 552648 500299 529922 517931 536970 525412 544764 551125 528888 535651 568161 508153 545502 521803 505346 533694 589818 563094 522830 468962 525964 533983 549858 540500 485969 519290 537704 499405 517328 517785 516830 497514 521848 497721 530088 480328 525091 489544 555884 
486600 441614 462557 452293 446915 492748 505864 487472 480344 469216 499257 499665 483616 522407 522140 492178 482464 516365 472967 455596 485971 480064 505165 473660 488750 513349 546466 485353 464875 510923 459489 459630 469896 456509 470316 476748 472842 474498 455885 508026 491194 503407 492766 479194 494848 496420 470008 472403 492850 468854 488632 479028 494650 467790 478401 449297 479609 490608 494484 525288 499702 456231 456752 515072 471483 523845 480763 495796 442448 453068 499209 466967 483700 520840 445946 534396 490687 507913 463799 482095 484309 491180 463435 461091 519911 454117 493580 489503 500369 487822 495082 459957 511997 461790 448821 494563 491735 487358 403453 518612 469521 472418 472233 522412 507765 475320 450457 492245 538379 483250 451963 488871 468729 487758 474683 469068 489687 494639 447342 498835 483629 499999 500183 525368 493405 493984 484824 465246 501500 497532 493050 471382 520532 528478 464296 444093 506605 459220 542238 488298 473709 489550 485258 503199 482032 467635 486600 502754 482317 462810 475764 494926 497418 440619 485630 485489 428021 497309 482313 450720 499680 486360 458019 475704 456913 481996 495705 460722 457242 490717 501021 502746 446212 480512 467509 490301 492773 550530 491738 462675 441006 477345 490761 490283 491214 472161 485375 498105 459661 477101 457375 451315 471783 465486 457502 484600 445663 474289 455511 479922 
482615 455189 480108 486137 485378 503519 500794 509418 502269 501703 522363 528827 481459 502292 523585 505985 501710 501196 497880 499606 498360 496364 502420 491946 538750 523654 560394 512040 500658 541490 480607 476955 497245 481779 476694 481864 476808 505735 481695 485371 511880 507951 503441 502379 520963 482790 493446 501480 521998 468371 496365 498071 521636 486174 514634 481009 489388 485794 517041 523495 526901 465803 501081 509532 509966 536338 522887 511673 471137 476878 522057 468106 506825 498152 477263 508102 485165 508724 483802 489626 479951 499812 526265 477519 525793 477884 552410 494348 487218 494712 498260 471981 529954 489026 459951 478859 500965 515461 444356 558649 500719 479142 480132 508330 495541 479290 504663 484537 534044 553679 463011 507692 478126 483166 495977 495091 517067 497251 469147 499897 504407 487437 479141 524295 503658 524847 503570 464425 518239 493657 511556 458569 548007 537535 509743 447727 475306 492575 533379 506649 485002 487583 491318 508888 487169 469166 501688 511582 504330 486324 457570 500699 519928 478129 463572 527364 475412 501310 494305 458346 475163 497462 475844 506229 476799 505112 482510 523612 478371 490914 490893 512550 464900 504746 477065 488158 501782 580654 525977 495988 452059 489333 507854 513853 488628 475150 494321 492680 463413 453762 491383 486840 465530 491396 490044 495634 443928 462683 477729 509446 
466466 438201 463866 478847 472502 491283 485833 482397 504054 481100 495882 490129 478542 521630 489965 497572 493839 488809 490029 472022 485261 479374 488653 455750 476040 501305 522976 477191 460036 490839 460682 464724 462771 465153 461996 471847 473103 480012 442819 487164 480856 464670 486897 457745 465343 471644 448398 486447 476904 452610 479905 499666 486331 478067 490191 462870 502770 460680 492477 525864 507463 424843 470418 534569 485085 504567 459359 482083 450359 440564 492740 490429 481981 492796 451350 491340 483287 479047 472855 473897 460889 511100 497580 474244 510976 460734 498373 500044 492223 474317 504237 462391 498649 495397 472958 461115 483298 482837 420046 522608 472517 467159 477057 514289 511176 484001 480637 502380 515892 492738 441771 486970 461127 485552 477091 466413 480500 491538 425924 490608 471466 501593 491418 488545 467660 498386 476482 471162 490918 487183 500100 461355 516710 533624 497332 448952 482707 466529 525592 507207 477718 476209 500283 491319 507009 464098 451383 496416 485938 456364 478004 474845 487272 468020 455947 485200 446669 487744 481558 456945 481542 486299 469957 484535 458263 500245 507894 481650 494133 452018 468280 524906 477814 469796 451954 483819 472722 571855 514843 467805 427638 476863 509776 493608 491049 464135 492155 490722 452375 474043 459866 462768 465105 468111 452732 476239 440169 462785 445680 503403 
487739 464268 469835 471075 446197 482844 501559 498520 487145 489512 510281 495783 481446 501101 507482 492467 501008 519473 471449 471152 497468 482566 502046 454927 504989 501320 548348 498842 474221 518200 473206 449976 488028 482879 466358 492690 489180 487014 477572 503690 489513 517083 487803 480916 532761 492839 492670 500371 516361 461641 484282 497805 488552 471605 510580 459836 495863 476881 487534 529342 518154 454258 477980 498037 475317 504092 497363 493622 475901 457004 500172 444478 498165 504010 460874 532883 493891 494950 471781 494022 466719 471680 493568 470771 514570 468774 512889 512145 493110 474551 501154 444206 510792 471553 486791 500819 499611 486175 452892 530028 476953 479201 477131 483807 480842 482396 469902 478873 520165 511960 456598 506008 481577 468414 487171 462974 478996 515901 470994 517351 460970 487035 472384 511158 488066 509890 504163 440658 494946 477062 494406 468362 548717 546042 498449 448882 498469 422839 529832 496601 436632 486474 484490 492765 500199 475545 475596 492042 509082 468330 459861 494263 506834 450613 480306 491853 474647 476472 488184 462595 512173 488688 459248 459693 454674 512309 471548 475351 465899 468197 516388 492028 446881 495346 503268 496968 497233 533515 506661 489958 465155 472322 491420 502109 518352 437735 487461 491098 455739 472198 469717 446728 484401 508157 454070 499186 452433 509503 485509 494484 
529099 499623 516853 507709 487929 550505 551522 543059 554906 520233 551805 537227 505890 558040 525681 546916 552960 549384 492942 518784 528682 521374 544445 523080 571139 554424 597750 522715 516713 537939 522280 518972 497730 504469 500574 536119 536880 550182 507641 539370 546017 529474 533753 506206 538433 504938 509594 528877 567404 495616 543117 531640 545382 522472 565606 519157 508390 506597 526112 579728 564347 501901 506494 564921 532082 557496 558184 528099 496100 479756 536531 505540 515305 539259 498398 543931 495651 547682 503634 523357 511528 542056 522631 488411 544501 513952 545596 539326 523879 515258 541010 507740 537632 525353 485776 538439 531067 550760 490002 586252 512520 494533 511892 554005 543520 549339 539523 564654 570732 561171 495400 546363 517168 502542 516197 527820 534901 551900 509149 550555 540337 538617 533583 580626 526871 527707 567510 515396 536622 537252 529278 501142 592288 564379 543559 498333 524406 504837 584810 551548 517352 531751 535717 517427 542529 525771 532363 536871 552731 518585 503737 546573 554659 513763 504807 536066 489459 541761 551069 503902 528738 526929 508330 515836 508624 549424 542612 524002 539730 533774 528435 542315 514170 536420 510195 542753 542358 593715 532757 515386 507985 522149 561208 544035 538889 509383 545046 517654 500576 502564 511355 514945 506237 540606 490383 545121 485841 543934 496717 558886 
526858 473535 503770 475401 479541 532156 556129 564306 544296 527727 540544 531162 474838 517897 519774 505707 540639 541023 503614 510138 502393 519776 519038 526866 537615 566984 560702 529424 505761 563298 485186 500310 512281 514690 526078 519195 518580 505326 480167 503602 522526 517816 523657 512420 543302 506978 489859 549148 527736 503632 533245 534945 526980 506643 533338 473309 524300 510671 498932 570964 522239 473766 493367 542884 529421 553617 524192 539454 491869 451821 546135 460953 494386 507180 478165 543340 535266 530929 492520 491059 488628 510383 527686 472025 558543 499335 535079 510777 517154 512685 551955 474097 526433 504192 489867 538825 543467 505828 486255 562620 528646 510794 503979 553626 503737 533467 489292 506874 556799 546047 474467 513096 503036 509357 514589 515870 495593 503978 490147 546827 501555 550893 531296 570365 531586 531053 537455 501830 515858 531424 525653 490245 560838 537399 517428 475860 512805 471583 579801 511077 506344 515085 531163 533135 514752 498159 519612 529394 513585 525189 471959 528262 558548 490677 500970 527714 496317 523993 514182 496604 510377 516206 488997 518103 508674 527074 506577 512616 497524 516992 526265 536515 482678 559801 491857 513209 538587 594021 523426 493567 468933 504095 529082 523439 519255 475825 505064 511243 477582 506078 484882 477724 504753 509800 487246 552258 495573 504776 495963 536969 
461670 473383 470914 494009 471139 511551 513545 523682 506099 507275 497824 511386 486894 487878 515827 491070 499047 518651 484496 480117 477450 472132 489263 465202 514757 518418 549689 493319 466328 535846 473477 469206 500907 480943 488695 471184 492406 483289 471275 507209 509185 481663 499139 459223 510014 493409 485990 503480 521840 475113 474463 504967 484082 493507 517073 466357 500278 489143 501451 531323 509042 464321 467743 502688 504271 538262 487442 504008 477917 454387 527893 460679 479281 516490 466349 527848 497241 493313 479655 482740 473818 489684 501436 449546 516588 479047 498437 494031 505201 504690 526782 448804 485244 476449 483018 491023 502085 503905 458006 548290 480669 469392 471708 521901 482892 518185 457498 499458 532692 520800 472700 484420 476465 482945 465636 476609 496326 518396 470649 502835 499170 489335 518265 503022 488209 509177 511713 482558 484205 501616 489844 467705 516629 510707 493259 458022 499885 447254 535141 500425 466121 500236 499538 506950 489973 497342 478304 502753 486282 488599 467958 484380 498493 466359 478848 515212 464010 489737 484783 478795 485887 515880 483179 469006 449692 506456 478380 473406 496060 464531 500350 528470 459014 478874 458101 503913 490507 552604 511861 459776 465910 460821 526069 498155 522940 474317 481649 491402 455797 484592 478772 462128 471455 489559 462483 492483 437733 507046 443292 508879 
480944 481141 474842 485775 507425 508348 517206 511209 521963 524199 503404 499666 487779 515560 508407 503262 480312 510280 486595 496352 513196 497034 510813 500412 506817 547099 572688 503217 478699 532811 508480 510876 488298 506902 491207 488062 496892 501432 464557 498684 513060 499731 501876 493822 508082 489063 475879 498515 497222 482900 525042 529558 507168 484040 518995 485510 482222 505826 503636 566323 515507 462889 482718 545578 508947 523659 482830 512672 464593 463946 535964 467388 494445 526280 472803 512065 512321 507139 485870 491720 483135 500385 505165 484458 537614 481592 535258 519652 515170 476559 497631 445631 528627 512217 487236 494065 502563 523403 478457 542703 499913 496920 475996 519199 511742 527909 479834 524977 544806 509540 487032 514359 458444 489537 501188 506106 512174 534630 481871 530929 499382 504897 514844 518383 497582 517792 501623 481936 518169 520166 501520 469654 548639 546562 497877 475229 489897 483524 555209 510099 496683 498624 503981 506517 510298 482831 499764 510340 512027 496550 460414 498591 530091 476434 491199 513002 478830 505526 518528 482902 485212 528647 475756 499571 480472 516535 501474 492677 493202 485416 506495 527908 474251 513230 481168 483849 489040 584007 533962 485334 458134 480354 495743 505476 514931 452157 493885 509479 465322 481959 494774 494350 478568 507916 470646 504394 441172 492759 486242 534121 
461938 426331 458475 421070 451427 478158 478315 489179 455905 484547 476708 471222 454584 479935 462384 472546 463880 467220 454840 445748 481526 484949 475209 468081 498081 491130 546310 466593 455343 493924 453737 464381 452357 466122 441749 462323 481594 480408 452141 456540 477899 481845 474665 463660 475709 469317 454510 487408 478099 429040 501423 481934 498410 444971 490213 444672 451152 453025 473702 523303 500190 396055 471161 517801 459886 492267 452759 475067 444806 442173 489612 448915 427660 458559 462119 502194 447608 476096 442826 466300 428021 445802 475404 453696 505887 442361 478895 459493 480408 450900 488710 435874 484070 447692 457443 449378 473277 476487 435671 497214 466493 452744 458446 486834 479983 463669 463873 482675 512086 475624 420412 488834 428455 473961 449416 472816 472575 473917 436248 483758 468122 470019 470551 488636 468203 487839 467071 450392 462810 461312 469587 429141 505323 500770 465613 426372 466309 437436 498646 485160 469786 468582 495654 469400 463508 437625 450275 490494 461820 457867 436500 451212 496755 442327 466791 461825 441856 483313 482386 420022 456955 453570 421531 456925 458158 470882 471805 434866 441079 446454 487995 476219 410883 476398 448751 443846 463543 535421 477260 447434 431412 435374 481001 486229 468914 426127 470360 490990 442067 468341 443994 444607 435734 476342 450482 489731 440600 433813 435268 474210 
462092 429908 451154 452236 454258 487102 485214 463067 463180 469247 486616 474115 455746 495533 452102 476795 487254 482854 451007 448422 486254 469548 467875 433081 482946 493778 528512 496194 468699 508131 458949 458841 434916 450900 464098 463403 482746 471290 468069 468927 447619 487665 483782 470191 485824 478480 439927 477835 502332 454973 485898 487943 480556 464439 477017 460799 501295 465394 483753 498722 482541 416484 462023 500329 479300 502813 467467 482643 444636 438422 483992 437426 465657 482844 436430 489795 457180 482240 467081 471238 443737 466264 488172 465207 493800 446890 479972 477312 482991 467306 505790 445786 480226 432261 447245 489353 490109 481681 440025 522038 488176 439771 450656 493451 474287 483887 452493 465342 514376 469006 433229 467562 461143 466841 447378 470433 445567 477807 415886 448286 484628 481314 487109 501717 483083 493964 489522 457016 477895 459668 485526 449910 522856 495976 479024 445204 467226 437293 514146 471653 457688 453176 483752 479929 460102 473106 437787 478957 459614 452231 473691 484184 470106 441266 430798 483054 435782 496733 488390 438748 493860 459636 428440 468114 456779 487579 468219 464358 463705 459982 460255 495172 455075 476191 477137 471577 485941 556690 479138 461072 431178 471759 464442 478712 468564 446073 477209 460533 437535 489018 470734 441832 448280 441959 450810 465980 441443 483243 439981 494535 
517270 498685 515743 522822 509863 535476 565722 561946 545120 550504 560817 541070 532748 554783 524543 543864 538121 573000 522620 523758 547904 558594 543155 525877 548794 579315 590093 549532 546483 571981 505542 523029 539473 522663 520028 515017 521208 543491 501192 542578 543780 524277 535703 531023 536829 540748 516328 545533 523835 496512 548802 541330 533398 529664 557281 507490 528898 515090 532918 560093 578924 484229 513091 565520 552938 565506 549854 553341 510973 502448 544840 507478 520617 544412 494036 552074 530760 546164 499346 536048 512583 530869 542545 493401 567700 528403 524516 536286 533323 520617 551690 504876 556378 534895 511803 538273 551261 549753 499746 592056 540329 525457 531093 536804 561732 527650 500468 550931 584735 548331 496242 530646 513900 527473 505071 516422 545333 551246 497044 568526 554134 563142 558444 569538 547801 569960 538138 534332 525208 542483 558932 510452 599874 563090 544197 503082 554492 510624 587986 557867 536778 546739 538791 552394 539738 517430 530966 551949 530365 526476 491263 535456 551571 517734 509001 538632 507425 553758 530633 522627 526746 533567 506236 541004 547971 551518 523115 527925 523921 531468 535344 564125 498574 572359 505779 540873 512436 599762 559605 507709 474756 508475 533171 547052 547577 488605 542091 515533 501436 542331 540601 516153 522273 531626 520791 560972 498108 531729 503894 553693 
492873 483996 511125 523614 485433 541597 539397 547474 535243 527391 545065 527569 521846 573447 550222 537124 524022 550674 522877 534482 539792 521873 524357 513673 547523 573221 567840 549536 505081 552901 502607 490945 520994 511587 511946 531493 531826 531188 501588 544653 516821 521431 550608 520911 540281 539270 499451 554098 526690 517386 548537 551946 533069 490262 552721 488873 530336 535377 533836 560150 545326 483269 504263 572874 535640 570613 523893 538758 497377 494915 560127 515147 524802 541690 494524 579322 529830 530218 533306 519709 516896 523217 520233 476977 560708 508275 523870 531473 558020 500259 567785 480505 541466 505040 539767 530226 528674 536343 487726 569309 526113 524269 499698 564223 535555 528856 505344 536842 562399 530214 497580 532391 513724 487261 522531 496751 509432 532211 506469 538779 524546 531704 540988 559191 532743 560254 533296 491432 527211 529995 538403 516405 556579 571005 525847 491894 517580 505089 566082 537832 518161 516108 534279 537651 532215 510449 510586 541022 507721 488070 516270 540302 541080 481511 541809 521658 468395 534922 532550 518343 520523 524093 486447 506510 506429 544660 506508 513168 503474 523622 546756 557194 483452 526828 505531 500010 511867 608411 559757 502717 495675 480343 531853 534748 534997 484075 521790 556639 499609 530300 501771 497748 512517 529733 488289 530592 463514 525941 515507 545633 
457313 468332 511408 491591 484260 537085 537498 537517 523241 523894 517260 533876 480234 508210 510109 520619 494113 515394 501460 494961 508114 499070 507141 497442 512900 549717 535219 524777 510677 545929 507531 474422 495997 508123 516384 509001 544953 526964 487279 496004 509313 491394 505543 495538 518648 506500 498053 520726 535962 492156 531735 534150 523990 500650 513093 460277 502970 487350 502124 535417 508253 463001 485799 533092 521184 522184 520150 508815 497472 453326 535639 510986 491944 516696 460592 534511 487490 521505 486974 500035 466934 492159 522225 482869 555621 493829 507056 520552 479012 483781 533348 493735 493780 479879 486417 511603 517732 502064 473959 568446 497058 464797 486695 505195 502181 516372 505705 500576 532672 526100 474338 508804 488545 486837 479985 488954 529886 496498 487711 514195 526131 515078 549994 535082 504795 515713 496266 497039 474855 513861 531439 493013 561233 540849 518114 476897 495483 481130 546795 497318 514510 497830 516859 519001 517911 490596 493100 518029 497754 480311 490157 513518 521783 501191 493631 517908 463996 518749 507284 484926 522676 523702 497732 516763 480053 505888 518956 505768 482754 482842 523026 539707 490408 536739 502791 492324 513887 576639 510480 485581 446047 496026 532937 530656 516078 471781 529436 489762 468117 499622 486166 478905 501599 511601 495052 502592 467291 488469 472213 532578 
496709 471100 504969 497158 491966 518310 547761 520675 530497 516936 538083 526195 514518 526419 550470 527072 519216 531821 525997 492902 504411 479507 521491 517481 543040 532343 577494 526642 491377 539019 508963 473080 489887 494928 498279 517929 544289 518026 496720 538317 499975 496556 511098 495852 530376 522443 502280 543046 511342 492465 521028 524932 528298 501060 522585 478348 544142 494308 533628 558355 545515 489538 484586 541718 509682 544122 518815 525480 488321 474110 527070 496371 524833 500608 460375 526278 523171 532204 486206 494193 503300 492676 514448 473853 547686 521089 513701 530247 515585 503181 553026 475904 521865 498992 507169 539669 532916 492411 488887 554507 519927 494613 507121 547024 528336 524587 493272 520539 542257 531126 490744 521457 541340 475200 523260 513595 504509 515602 468206 546673 517721 544933 516908 544246 533724 530679 532305 489849 495653 533322 519287 494287 561882 571780 494544 498647 529503 490791 561334 523174 488974 510326 520646 533476 536291 503059 499288 517710 501733 506043 486577 531757 522829 498712 497881 504357 478703 515554 531518 506578 517159 519818 504663 510878 491979 507654 509208 522008 503470 504906 509912 561733 476001 541128 511276 518176 510641 583176 534828 502767 480348 489212 522457 534454 528039 495041 529616 516756 491640 522609 498918 470033 490711 524291 487155 522457 491606 521054 475923 531530 
483643 487109 502587 533069 488679 534706 546342 526133 541488 535936 546118 513032 519122 558941 526002 527293 514369 541206 534985 526218 505528 518683 522879 517298 528740 552011 570517 518782 489782 543737 518292 506700 522802 519141 497494 536221 543547 516394 529055 507218 517078 514657 531842 509235 538272 521576 509699 530150 536642 521065 541005 561794 538367 527131 526634 501600 528153 515373 513177 586699 553157 489012 475752 574773 531295 542789 525450 531992 499169 475881 538617 505583 513124 524537 500093 543200 524394 531382 517885 503800 514463 529417 515447 501681 581770 499822 527448 523717 551110 501051 542465 483246 511185 505252 512859 520812 541271 518824 503736 562448 504825 501510 511556 524968 549281 518353 519545 531672 554837 539956 489782 511256 520561 495520 521483 482507 530858 534262 513123 550575 516340 520134 532850 536107 530035 544133 519061 505986 530561 524642 520971 495060 562199 571912 529060 477465 528557 506784 559244 538894 513631 536793 517629 525071 543980 496663 520001 524224 520818 511791 500156 548671 533107 497925 493675 534736 473129 525499 544631 508533 516990 519783 504494 485713 520177 537315 526577 513932 519947 509473 514246 568069 508803 516908 505902 538048 519669 614334 537156 495474 472096 494643 526943 524103 518277 500452 516037 542040 480332 505722 491070 520474 486171 520712 490929 545012 500123 509003 498573 526116 
480661 444434 481516 501935 480008 516236 517355 510360 540994 510496 516278 566812 486330 520147 522453 544222 518582 534198 520741 489345 507485 493814 519496 517069 545013 549481 573575 509203 490277 550032 508131 495914 502698 496954 504527 500945 504012 519467 486334 495497 504458 502098 514066 513293 540150 514765 479317 512686 532494 496359 539835 523812 516808 517633 520364 478296 529087 494130 545278 550943 533990 468151 504414 540765 527184 557646 534943 513405 473581 463963 513826 511533 492305 523754 473169 529143 488232 496177 481498 522492 479246 510998 511799 492312 532005 504124 509810 514503 516844 483827 528321 482250 526164 473578 507226 506560 514813 513619 475544 569370 489847 478521 492281 528949 528614 502082 511108 516072 554325 544971 480052 497034 493197 495877 514855 487064 525485 514215 484048 520355 520069 510724 504598 536831 493345 525433 520040 489120 499416 512317 518709 488075 560750 548003 506745 500962 508679 489745 533842 515667 494413 514914 507391 513364 508196 497264 490230 517194 484215 498253 499802 524428 521013 487531 498767 530704 507879 521447 521536 473106 507285 540757 487030 496356 492394 514980 502905 516400 504256 501722 525237 550980 480093 508077 491533 514974 503236 586504 496962 485691 478723 467656 500526 519051 506736 482564 506897 492127 464873 500672 496274 490543 497544 501420 492882 488627 448995 490608 451893 526057 
446708 426344 461771 470208 469152 472835 461685 482508 474673 495478 496600 481049 456908 466613 489518 473759 466631 494457 457314 451692 458380 450533 471307 454692 472210 468178 519251 456917 456030 501711 460069 432001 464736 442538 444981 451496 481375 464908 447483 461712 462792 464669 479796 479165 493992 474457 453605 464286 452929 476245 470960 487343 451015 464791 478374 447787 483327 449953 469131 511500 472024 442585 450087 502071 469420 493514 505446 490358 448077 409735 495584 449402 464919 463580 434459 501000 474831 464908 453929 471619 446556 457917 464746 433056 507549 468675 454961 481073 478634 475458 486736 439718 478713 449059 479397 475799 475215 462816 428356 527957 466579 428187 459157 470926 458187 459811 468545 487118 484376 484359 449684 465838 459303 450140 476112 434410 478701 482076 428615 489483 466771 472003 489094 482571 473572 482298 461046 444639 480873 502156 484896 437252 486835 514089 468559 443300 484201 445832 519231 480723 455333 471223 464285 474216 477664 473802 465014 486820 474248 458137 448704 474012 471640 433604 479359 477518 454053 480653 457143 443214 475903 482991 445240 452367 435294 495521 481651 455708 467503 457951 500838 494215 437566 483384 454774 461564 472407 530846 482838 427300 437959 448692 489501 467505 460902 430818 483044 489518 446505 465608 459634 442974 460755 463406 446840 496727 433270 475143 464245 486851 
481863 484461 490099 529381 507745 543230 523980 519338 510819 518947 525968 531775 489848 532100 510876 532278 517924 513626 509017 517905 514600 519199 522497 508905 539315 549151 565509 532416 493527 552152 507441 488153 526635 493657 506178 504394 520746 493242 479419 511326 521580 534566 523144 517748 510853 513814 488756 523060 515164 501066 518794 530486 510928 487103 532260 489981 486790 500334 528373 572206 556590 457171 495948 568557 537903 555300 526322 535436 481956 473339 518111 497942 507044 522009 468414 515641 504959 519940 485665 505650 498518 499490 510197 480507 534213 523007 513075 533055 520986 493909 526571 483498 519916 482328 496063 474321 497055 525901 470996 601312 505994 502232 477093 522463 531563 500740 502394 537229 561093 519771 484123 519459 483104 489642 501213 484635 525523 518879 480343 514387 527693 517805 512369 540966 518669 514481 499500 500978 518178 526913 521573 478886 563388 547784 530104 487633 515796 515731 555841 526826 516093 519538 510175 485984 501127 505887 503082 530549 505356 494279 484651 505417 527635 469609 515689 506639 498621 521609 520936 482918 502900 513205 488601 481784 478230 498702 512165 506931 522593 497289 534974 551231 478722 520797 473813 504299 493905 569492 515295 483176 477573 469080 498758 531458 521605 470097 500384 521903 478725 512939 502961 502625 496700 498596 478287 513155 438089 488332 492494 533227 
489801 449708 458980 504090 471318 516727 500593 491261 509990 505768 512058 515847 501595 512234 515174 506140 505535 510567 480922 495873 496010 517631 520390 489424 518012 539961 557020 497712 502730 540915 495248 478849 503529 499597 482396 493412 512202 492695 478123 512529 497925 512555 498807 499967 525972 485509 478306 509085 483472 483045 517510 537267 514773 490042 524872 449078 502610 499035 526552 551550 537822 468062 482593 526932 509018 532024 530857 513946 478362 460612 516141 479375 486267 486143 484108 530365 528428 504044 491029 488252 474427 491595 477295 457066 531971 481204 502015 512918 494930 466679 514091 455787 535278 481681 472806 514298 516579 498910 484799 541305 513773 481298 490020 523868 525860 498183 487264 496379 536462 536374 463727 507408 471419 485160 489229 467772 508747 488032 484340 537002 498663 513866 509821 515519 489000 525496 502296 480792 498072 510092 503653 454415 536164 529575 511813 430836 495321 476783 561540 503236 501741 490361 513871 506615 500782 475129 505914 499660 491194 476272 458562 479730 491456 472217 482104 483663 478260 501163 515727 471239 486429 507108 463568 504522 511067 488439 486295 489980 485401 518073 497962 530372 474623 525129 484953 507635 492586 576314 537007 483639 450493 470888 516563 496409 507427 461695 502279 511179 467952 494172 490397 473347 446753 488795 475155 512967 470621 492686 468866 503044 
509874 480283 504172 494749 470080 543327 535198 496572 540143 502632 523371 525570 513927 518589 529359 520555 505447 529892 522196 509995 514219 492715 507572 498931 536954 558807 569439 521536 501120 539063 510878 481126 502623 493226 482116 510535 525774 504894 498458 511345 507242 515427 499510 500240 542388 490003 494057 526084 526939 496347 522688 526226 526110 502300 516935 469182 521439 503559 522230 574921 549277 477588 493160 551717 494224 553622 497836 522193 475373 476240 542439 491696 498110 504072 479312 539191 527204 531381 509830 492603 489199 500971 517833 501210 546779 494151 527536 530233 498082 494118 523628 479694 517016 510951 508673 504508 508045 505560 471506 550388 514490 488762 504129 542911 537069 510363 537366 517374 560639 540037 471722 519958 513582 507153 502780 503413 516661 538004 488570 527191 511349 523220 503776 515654 515690 508577 506756 493553 523290 519452 516449 491364 560439 565984 524072 463127 530230 493666 537428 521493 491327 509585 527044 503479 498572 492487 499210 522231 483401 494524 482132 528071 508632 474745 504635 523630 480335 521789 515678 480121 516880 516186 488422 534664 505868 527060 509045 492363 490944 493267 523312 542386 491566 520029 505823 517998 532996 570636 516925 528281 444462 506617 512674 523158 506484 482221 499420 518312 488872 498540 511112 493071 510893 500009 477150 517331 476149 507612 472078 512819 
473294 430294 468706 483695 467295 475865 501781 487791 484303 476572 510056 504525 466421 497695 495664 506245 472319 501569 504763 491526 476561 493893 503781 503177 520114 516489 548211 494720 483122 489724 459282 480510 473672 467982 489023 455010 488481 484172 460390 496024 494287 513617 510276 490309 484634 487902 473854 485732 513948 475813 518279 499800 489705 470973 498837 483721 482429 477481 471431 521540 515332 451399 494647 509590 513612 504576 476179 514915 484003 458078 518853 458173 488777 485412 470190 507753 495271 494762 474997 515600 455307 470246 502354 459650 511913 478122 496991 487406 481146 498768 520667 470231 504174 482652 478886 484710 489510 500103 457504 554805 486459 487702 470367 493896 512877 495594 490950 490167 517795 503990 464808 510364 469765 478212 478105 445106 508632 495526 459225 515724 491226 484825 483603 521284 498994 525318 521804 479174 491155 489654 507048 444631 541825 511628 495881 463810 476010 486117 539848 489806 477687 494082 498797 491559 518013 464593 474230 517278 513437 489614 473908 487523 489843 475873 476722 485525 461461 508867 500007 456890 486860 494316 445781 479962 468636 504046 490169 491636 483054 481679 485317 536048 463853 479003 481012 481678 504142 570866 506473 467183 454929 479557 502073 509763 476231 462350 474438 497484 467027 482915 476814 475744 470843 495144 472738 501680 451811 470944 461623 493902 
512683 482114 507479 504879 514649 530060 512323 522719 504482 530340 537602 525367 503479 523125 522307 510572 529326 534179 527715 517247 505740 507668 527160 494718 559778 539572 592598 524615 502542 554720 517446 500008 488836 511111 492662 512904 525884 514522 481429 514755 510894 502672 520361 500283 532297 496091 519356 542995 534776 491249 529845 538590 524601 490893 538998 490099 497957 457017 517540 576169 551993 501921 510389 546393 513842 553398 517850 530200 481797 472510 525432 487450 501723 529888 502298 539814 491566 542760 501030 501783 502272 512515 536938 502011 541575 522461 537402 524749 520804 512892 529968 495356 540410 517021 492212 516480 508950 527198 496161 569592 517866 483919 525005 525858 541325 511902 514998 511412 588160 554116 492094 515917 511010 492688 510824 488654 505005 511815 504977 524976 503561 538632 514591 559310 527533 523558 519664 504463 502741 519439 523594 495771 557986 566287 506324 479849 510668 516095 579149 553985 513650 510302 514806 493175 530966 488623 503280 523872 507058 508272 517410 537185 540571 496580 504004 518812 502469 519644 517731 484111 507526 528103 499986 519678 512050 530938 503372 521529 522831 523586 507957 540960 504744 536752 488532 498021 522927 592834 523183 503814 474359 494662 534629 527163 523738 472400 534578 530840 501107 536801 496214 477214 498676 504141 482408 541937 458711 502734 485230 560584 
534781 501387 525401 527903 538679 557215 555003 575254 570580 547014 569049 555893 542335 572531 556117 546929 541384 554147 544212 536167 530104 549636 539190 544835 556157 543124 620106 547709 523728 569680 515107 535631 538546 520802 518581 519630 541949 569752 510212 541867 530388 533175 539200 547969 558917 522669 532255 560379 548259 524991 550194 572914 571987 528295 561564 512708 535103 523968 561155 593627 576685 500390 519586 592538 539328 571670 552141 552803 527565 503670 582950 521572 548943 561835 513756 561661 523867 572739 533522 548175 520127 529555 570173 504855 601389 544199 552772 550758 535480 531335 562829 508930 556000 544137 539745 524178 562922 547610 524194 607261 529220 539003 518465 563796 549541 540518 541350 529789 599999 583073 504038 548474 521379 528249 534929 562566 553121 555281 522553 559575 545583 557940 549751 565915 542690 571468 531390 526040 530929 558662 544206 520296 612678 603636 551023 508025 562136 532477 599203 561514 542159 542593 547502 521222 562715 533561 555382 553130 557049 514363 519254 553770 568111 523825 508986 574484 516099 552939 555439 528175 516868 565599 516473 549503 540388 556746 558638 522958 523324 526860 565532 582589 518688 550023 538633 537786 551954 627178 540148 541307 496724 527187 550790 551488 544800 513775 525689 548290 527590 545361 537801 511629 517981 552954 491213 580133 511991 538551 509191 562025 
475674 439736 479276 503263 474976 517267 523177 495039 514077 481106 523048 523183 485571 509386 530077 517649 509562 528223 520455 482613 489727 474663 483636 484526 503917 507944 554249 503269 484413 527832 489297 450434 493644 480631 476775 473857 519743 506135 460050 504375 467973 503410 507678 482651 501144 504839 450235 502077 514229 482806 493426 513182 501782 470129 506536 446232 516651 496301 511842 538579 519446 456283 432774 509487 503168 507808 488042 489633 465694 434036 504843 473285 501412 507174 448808 507590 481701 510694 495765 482959 478944 490222 496562 496458 526271 461091 506267 529226 504492 507924 524911 473541 509547 486907 474275 495898 517548 480447 459185 557057 483843 509460 488303 509440 516683 516572 512877 489823 509515 519781 473301 523762 491089 496984 491485 487855 498423 503754 449148 529494 473948 514371 496275 537354 503384 492319 507608 475892 479217 488769 513471 481447 522700 529118 529099 459606 516101 472220 550215 485358 475608 484887 513249 485880 507175 485974 487264 469151 500884 458457 476255 497025 506460 470810 482119 508177 463476 503569 513903 451284 514329 526226 485971 472372 467156 507649 513814 493390 478604 487331 518152 524387 473250 529305 528806 485224 528219 577840 518020 495305 426930 489503 463748 513514 480130 460292 486312 490551 454634 506510 486349 485424 480415 466788 459201 489676 447122 466475 446123 505557 
510089 499475 534891 518761 507862 548689 565332 551353 564584 529569 561631 544250 530575 535698 561003 533289 517215 555336 552662 547453 536257 519808 555937 533353 543230 560684 606522 536002 535284 570772 499645 526758 508601 537626 542466 524517 555767 535603 512995 554148 544543 523781 551052 523833 538633 545150 530470 551926 546275 497821 541902 562222 545862 521926 552266 498411 530065 522510 558254 593683 550866 503599 514264 556134 535618 552491 535146 542285 497755 490917 564388 531159 547795 536797 494732 552742 539448 557908 520377 519209 510793 535494 538362 507039 569208 518478 549939 532890 538869 516578 557670 487098 557601 537744 519673 536141 559446 551550 495453 579162 531169 547562 530751 536810 538948 542088 522777 544171 579288 575229 513265 541787 507728 530063 519630 530091 530213 538026 503705 555047 544120 551050 568851 581354 539502 570314 536863 510212 540361 537938 546405 517504 575198 591083 544926 474539 569394 524434 595358 557514 531750 518426 552369 540413 546561 517281 511507 561961 543669 520885 502694 518255 540731 525291 537145 543541 492464 527125 536832 498235 546364 537543 533199 538035 514500 566629 546297 540744 521670 504657 538054 582755 505810 558630 515777 528663 528136 606302 562161 498988 487006 534560 549663 565845 543428 502656 525404 569424 520388 536212 528207 505671 516891 550143 504746 539824 510153 519436 535642 548974 
476758 443861 491229 488745 460443 509167 515882 510842 519155 491530 518479 487947 466292 516757 495357 510615 492685 507209 510944 476368 486548 511144 518603 498159 508690 519607 542273 502409 514057 506124 472863 484942 489060 502338 481447 467675 527637 514190 485137 499983 484169 483386 518124 488604 500116 477362 466974 496673 522835 482536 512228 518784 524277 463170 502243 462911 487780 481204 506651 541836 513919 431994 486415 548655 498343 525387 483011 525032 476912 470619 529207 486868 463888 521635 461614 535665 493889 511324 466298 494301 468745 485012 499566 465144 512008 477821 499619 497502 495265 502682 514582 468637 506232 515820 486584 491890 511468 489241 476360 557263 465808 483477 472776 523316 516052 516285 470534 511762 501435 487277 483236 509387 471097 474484 498601 464552 493183 529389 472925 521435 490655 522949 517644 525832 486315 526433 520118 475531 494100 507089 491067 471618 532158 543242 516731 473796 493367 482738 551401 496066 501169 506976 497286 507199 506541 496473 497158 506942 506435 489267 465943 511393 501699 502247 480327 498997 462484 503256 512146 481684 481114 502377 462651 467944 466403 520874 518199 488306 475626 495081 494756 517857 474468 500995 493551 497060 501859 563016 506512 489377 472504 500940 495223 507628 515425 453671 512276 512547 482848 506547 491292 482226 480639 482066 465663 502009 482807 477998 476151 513172 
514706 459327 490113 518751 486071 530564 546478 533674 564350 531165 530880 534312 515689 523298 539544 526540 509604 557361 509816 512883 507302 525938 518352 496142 534569 530298 576670 525210 516348 551085 521750 500869 510344 503103 504213 507853 524698 527444 498867 529570 521124 542121 526407 502379 524952 491696 480852 528934 556650 512257 509320 545127 546280 522009 542963 508430 510480 525767 535079 552851 548953 485819 503041 549464 511933 550877 505855 531626 510253 453669 535204 486197 514117 521111 502867 554070 534624 542233 518963 504073 494371 501423 539897 487863 542836 494130 537433 531556 538117 527131 549710 495519 528044 509527 491158 529370 534928 526698 475741 558273 519165 498871 505431 534289 530518 554666 539933 502789 561418 529454 481473 551622 507475 521432 500668 500163 539157 536126 495114 520600 531266 540199 519266 568277 532115 516794 544406 512556 537268 538407 537116 503131 544968 552591 551234 502411 530429 493746 581977 522507 513111 521965 550239 528241 505800 507713 501992 539596 516033 502496 478727 519776 544421 510661 503387 540493 460899 513380 524036 488060 528116 535445 490704 501400 510353 537386 521507 515022 495437 500332 519771 549102 487717 519484 509422 518705 529423 593496 522219 502153 464664 516385 534764 532128 521385 490562 509478 506706 485219 520980 507529 494287 510065 508543 494529 521469 474076 508834 484699 510977 
432207 433664 442728 428331 436258 458765 474213 467660 461397 431885 453682 458069 447874 458437 474961 469977 474602 473330 431690 441783 443470 435327 465987 427964 450668 471936 493721 450353 459411 472698 442453 424629 438272 433332 447179 436193 455988 468268 431483 455131 446623 468554 461053 442343 465597 474759 443082 466778 464803 409876 450224 464274 470971 432829 447604 427099 423239 443694 478287 488869 464570 413999 416633 464853 452429 470198 450350 461672 432468 412786 468503 439540 431646 473223 420736 470275 435424 442040 421065 434353 435390 437097 441999 422239 467037 437075 453491 444959 455763 451866 476183 434445 452048 450232 456484 452961 431677 445545 435684 500138 432584 447818 440294 467595 462163 459413 449748 461100 463878 452727 415293 461573 438597 451831 429022 435762 459109 466500 430096 483481 466418 467761 454016 475711 461175 460295 456852 426823 450179 457243 464907 435434 478664 486650 466111 423963 460228 399830 495698 452027 437171 454599 466118 452925 463973 455172 435531 454155 463045 455489 408118 442723 463236 436242 438133 438780 430256 443807 445309 423348 459788 469837 439106 419301 414855 460926 435642 463025 426275 425878 450692 474470 438087 468502 447561 450607 450825 472453 466054 440799 419268 453404 458417 469576 471360 414132 464473 449962 442840 458879 437442 443077 448629 455090 437766 462575 435547 416847 422466 436937 
459604 450394 482816 455726 460685 475688 513002 507466 513444 495074 493600 499837 453401 497327 483141 484489 476157 492441 454025 479454 465228 476497 483731 487118 488179 526005 524867 505075 503814 515664 470633 480648 454056 499979 478073 464100 471258 513838 451174 492535 481699 484631 484095 470547 512418 466246 441485 513114 478117 456216 463094 489590 502028 443932 494685 458049 496257 459105 493065 538425 506204 460609 471497 511280 487465 526935 487831 493865 446888 446008 509161 446863 487084 478367 437737 506816 468383 508842 474718 464446 459487 482908 508623 448572 518401 481463 484573 483072 467181 481840 506902 436994 525038 478326 457189 488240 506995 490707 480685 518895 475028 470175 486881 491986 473611 507842 459790 479464 523152 505951 446078 481737 473624 470246 466926 477864 468843 479354 459868 507484 494618 481332 493925 502804 468376 492349 493579 476337 484578 491229 487722 463023 509261 505582 476647 436937 470055 457770 516547 476589 512106 469093 520095 499766 498075 453265 487951 477235 487479 464717 464331 470075 504303 457453 471402 494523 435646 466662 481151 440320 462522 481606 455109 471539 453864 480158 470901 476362 469167 471086 479207 507896 470661 497886 493298 483840 472751 553781 504061 459627 437066 473442 506858 513567 489094 447149 483641 462586 447047 490229 474924 445925 432483 476644 462920 473828 432603 483241 463564 521996 
527785 532254 542052 531132 507898 569602 580059 555363 544311 545592 554702 560712 550736 557774 552065 539654 527118 573554 533422 538766 549882 519603 551331 530027 586121 572704 612969 561283 499044 570348 533385 524534 533983 518712 528578 533133 535722 556709 508663 564226 540863 549279 564883 530884 555188 541088 536249 554964 571176 532730 567988 553783 565897 513279 539952 509512 542983 538813 562002 613253 572432 504694 516110 588847 554283 563487 554617 528649 520650 493347 563577 512165 560631 546898 499326 564108 509465 541721 531274 540386 540885 550911 558961 498248 585516 544589 560068 542627 532403 551010 540872 511547 550479 536183 537664 542356 524423 559212 492249 594156 520866 528090 535902 570607 547412 552920 513749 556359 582990 568479 498109 542263 524756 522253 528547 533817 552144 564479 520590 557154 547328 551109 540242 561421 518096 566818 547345 536185 548850 567061 553252 511796 601206 600088 564672 499611 556118 523662 582135 579989 550356 518693 550384 528067 550298 531510 521628 536388 550595 509047 538035 547945 563823 508029 528545 552671 499341 547054 543402 518567 549590 538382 517652 524140 501624 547177 551225 520955 537178 522214 552714 580284 505126 561400 522183 545969 533052 616584 545176 523282 488998 520949 559705 542619 555037 514789 539604 551353 522823 530161 531473 531448 525535 546844 501194 553905 487042 540192 520288 577983 
496021 469251 480452 487569 496566 536428 546046 558834 518482 516496 531169 543448 515968 531103 535879 547909 532906 534535 510133 512077 517139 526673 527471 513706 532717 550319 581599 538254 521262 534038 497692 491120 495245 515308 528985 512843 543672 547732 498460 515408 525562 521880 513299 513227 529120 532806 508091 540730 539557 500793 524587 527726 528290 500961 525785 485749 529100 506254 535994 551152 557881 493355 504635 557759 523803 530613 521780 537881 488456 491342 552157 479445 511595 523143 490548 554756 533253 539879 513920 502976 510687 517426 536480 509018 567696 481479 529537 535923 503793 512715 543544 504400 533344 503014 480938 530153 523118 525039 475868 536624 502435 500776 509072 523217 521831 520056 502452 526654 523287 541141 502393 520126 529531 512170 499827 514040 533784 549412 469355 548426 515895 530781 541613 544979 514934 548520 527416 493133 511701 513600 531590 475981 583856 579385 527236 463440 537834 482159 556939 504841 514211 516887 491716 529230 549807 513305 504496 530275 521821 497384 489684 515858 538374 479915 513475 533555 489062 535519 523360 491543 533360 524317 490974 522448 506499 526081 533177 520684 487738 539668 538750 535529 485302 548253 504790 502058 525676 581081 551630 506988 460301 520787 519931 533299 523765 474302 524105 497724 490417 523402 519784 496725 497161 484995 477760 538180 487890 520115 481889 553776 
444985 439342 460892 462497 452518 468689 495912 472365 480458 471038 484305 471993 460915 493500 498143 473317 475638 492222 485352 446847 483352 455109 493903 478792 497601 523437 524915 458215 477991 508132 446065 456395 454490 457394 461781 469234 494780 459738 473030 478764 479493 462998 459816 465216 487430 467506 459078 493576 490747 448354 472941 521345 476523 468854 509247 453923 473552 440137 469543 522274 482314 444015 433148 498044 489756 502977 467549 469677 450005 423935 462765 451585 461443 468134 458606 474204 477743 482230 468760 477761 451927 484879 457320 456816 514678 456749 493668 498039 460111 461051 482780 442316 469825 460160 467049 482869 471219 474336 429505 519863 459795 455833 444714 484236 495921 483716 447606 480394 499450 496563 454107 474530 472520 446804 471859 459292 476628 459129 435895 497858 469970 494719 479246 505366 449623 473002 485398 432861 471422 472713 481307 425978 500866 496483 475074 452204 452072 448681 516424 487703 454320 473967 491774 505790 492314 437414 458385 477522 458707 445390 458143 490432 479569 453847 459337 474301 441977 474999 473995 445570 463968 483289 473022 466650 477260 482585 458198 472562 435951 480832 457369 494987 460076 475864 454993 454530 485031 512700 498335 458894 441506 452673 488028 498209 474009 423337 471397 453101 424700 461318 450954 450589 474629 465185 436346 470523 406635 475979 444491 491334 
559860 520233 548811 544178 526970 563240 590194 586071 573501 569627 596197 567409 536243 572771 581739 594457 566365 584814 563994 571135 582861 561044 583167 559510 594606 602635 633046 586343 577540 601487 543920 558126 554651 556819 562794 542530 576389 561058 568415 542258 564928 569668 567873 569176 592878 556492 553450 592943 601199 583438 565412 573429 569700 541381 596793 529482 570296 568501 579137 627116 588015 535355 548959 587072 584044 609103 575841 579639 525641 524529 598693 534013 582851 555395 529650 607746 566340 574847 567472 561111 539620 558305 564658 541033 595646 541664 578962 578793 548238 555622 582247 557382 589537 558408 562286 581089 576286 569565 516005 632777 553686 542673 548207 588052 576033 574672 582371 582079 589477 576700 539269 563849 574608 553587 561799 531642 586104 578288 528785 594833 567608 592414 564702 601007 573308 600624 573463 530601 600970 571244 594066 522891 609108 596090 590917 541039 568898 556245 628454 579003 571502 566386 569958 587474 573898 562598 566844 589375 575284 554129 562928 570856 582621 516554 563143 569907 552245 584870 566620 542524 573807 574998 531002 563394 540822 580136 578726 549900 554002 571836 574297 608847 541388 566979 548414 547226 595605 625688 590954 559362 523978 541756 570713 587080 566912 527988 573123 558593 536426 538815 557770 539489 546627 556788 527152 584262 506729 547521 549095 576468 
498399 475428 496697 487114 471830 526866 544364 535378 527450 493634 513141 511213 515196 513130 512396 502459 508264 521680 488933 476429 496377 501432 489726 505427 525135 539401 544094 513557 492318 545260 476803 456768 501269 496842 501076 507797 521559 507349 499724 532276 478635 520734 521003 502298 515972 505880 489641 517867 505605 485348 502746 506572 535087 483196 521047 459188 523083 501365 537636 536504 514289 472997 488320 526265 518614 513419 506238 506408 471234 457666 495376 478378 502558 540885 462128 541370 492052 504386 495836 495832 482815 500818 519742 459512 534268 482173 512929 482286 487736 494826 532054 465509 522041 487841 488611 507095 519726 522057 479940 548070 492240 485194 496162 525654 493115 512604 498538 506704 532328 527155 460941 500528 478809 468703 491589 509008 495708 510680 498812 525748 480194 509853 529306 534704 510423 536644 535061 464474 503997 506941 516628 486960 547629 543675 525899 467507 500945 461664 542290 488844 506025 477869 526292 500663 499582 486863 497918 526753 500505 487711 482638 511281 522619 490220 482690 520582 454693 506512 515112 478819 509319 492924 486360 503239 495944 498979 505782 495801 491738 495154 520136 530755 474261 515158 499915 522912 498551 592634 521568 480635 477514 503912 519030 517331 504612 478498 497987 521222 486401 496406 482426 468387 471435 505631 478895 508836 481218 485948 466658 507559 
454651 466239 466901 494507 475112 501401 483810 542847 500930 499992 512965 520229 492167 493752 502355 520076 494414 542054 495384 497215 516206 479689 498293 492542 515254 514943 551602 500566 489328 521772 484158 482159 444636 469769 491676 491671 497374 502328 463000 497126 496242 506294 492186 483468 500782 493711 476853 505525 516414 490260 502845 526151 497190 485612 507856 465582 499183 458991 501363 535475 527016 457466 469834 527073 498082 533629 492012 512302 457912 455755 538860 464407 484316 488334 454100 523155 483679 485756 487923 501307 453100 500640 515271 485708 530336 472970 508610 502467 500810 478169 523889 459562 544665 470379 508992 512130 502811 497416 447431 533565 478473 478164 466938 529487 508934 501037 492219 471201 523579 519914 482750 493949 472691 476761 501417 464762 488115 508367 485718 501047 493914 474379 513244 529626 489242 492720 493650 487091 488285 496684 521212 469692 511252 535854 510184 470722 507028 467492 531787 488823 475315 488527 488752 508485 483111 490235 473379 500466 509618 491404 474081 517348 507052 462462 465295 494661 449573 487910 510201 464525 492877 508530 469985 490243 458787 513214 495766 488882 451916 486596 508833 523388 465213 498541 485113 461658 484636 557987 487723 478792 466902 486789 511875 496350 503193 471791 497580 482724 465602 484564 476350 469859 459504 483409 490197 489153 466598 511248 472151 514832 
477862 436832 469226 479420 464947 509523 533038 540817 528775 489439 536206 493898 483362 508952 519243 499982 511462 517341 487282 512754 500584 516516 510383 511373 536221 524766 545702 510065 500912 522731 491071 493924 483481 494663 495574 488891 507826 507846 481555 514529 496192 505124 507033 474426 521232 498791 482931 542192 522505 464058 523593 499363 502068 456041 513098 454344 473585 517053 505138 533557 535112 472494 485280 519600 507872 546464 498789 522028 471484 441329 526216 480279 472556 508491 454458 544049 491683 500074 490623 493597 475928 483942 503069 485335 517785 465540 508585 514263 486826 499396 539734 466095 516204 496407 473223 518165 495391 491722 457572 526350 486561 505744 486811 500373 505664 512348 495586 502443 523909 523820 468850 501410 486139 514012 493309 495749 499757 500544 484655 522453 484726 508612 497343 533604 501605 520000 503984 494187 496000 499719 527584 473317 551125 526028 533517 458038 478670 456718 540600 502311 484084 497287 511604 481314 503573 474766 477376 509853 525747 480661 483622 501822 531180 468719 503272 497143 476310 493512 493175 468711 498926 512357 449140 483573 464390 510171 514619 482811 478670 485125 501100 514870 460632 503700 488638 497652 544112 577803 494296 495382 451317 455212 498759 536808 478720 447861 507095 483526 463227 513977 475356 469209 490973 503783 476258 501273 469991 485028 463887 492327 
483429 458302 451015 486020 462033 486343 495094 505702 504084 505958 487138 514450 517186 520900 507732 512001 499731 498083 477170 498634 462568 510555 485923 480878 518091 512606 545283 511436 464415 505002 500159 478241 468623 468491 493340 477767 487751 522377 473401 500797 494946 520700 484118 475436 506033 478445 460647 497835 515192 480434 493219 522815 529958 471714 493293 469969 484847 483145 522480 541762 541232 463264 497545 534086 503050 513111 482756 509905 474362 464492 511753 455639 494241 499959 468955 510106 488590 501908 486636 490470 472390 512139 491750 457736 509681 461924 495498 510482 503746 487517 527231 458689 509625 461137 457622 469381 494786 508891 451924 538799 494599 484243 471763 511282 514017 505945 462767 501864 528304 527791 474539 490285 485642 470839 482371 473929 522283 495752 459133 518409 482690 485020 504205 515539 485779 498189 510687 475876 501091 509033 522581 441306 542113 561350 500511 443749 481032 466785 534811 498386 489511 485516 487757 491773 499191 471342 501156 517302 487014 485311 475963 496320 499679 482804 472343 498811 440977 491652 509000 467430 473253 486776 456780 483012 474956 486341 488981 472526 462277 498401 497412 500506 470663 507776 466613 492983 466016 576506 495959 474242 465775 480267 511006 514510 489048 463184 497499 473624 440466 497254 488834 462601 460074 488488 445903 489229 445224 485281 452240 498132 
456758 466278 452512 456745 472632 483425 500170 504379 485238 522138 514924 499833 473523 491305 528073 505143 494766 504693 490556 479978 492033 490899 490092 492773 491347 522892 560640 505707 489882 528409 486579 503604 478680 500573 464164 457363 532959 508079 468318 513249 496411 498654 483770 482215 501525 488797 479371 481748 505293 459546 500181 514769 501817 483612 507402 457784 488090 492558 500181 529778 532439 452845 466928 533345 508641 521151 495601 508294 472098 477279 496921 474039 471693 520118 459362 534713 489034 482828 480195 474380 476944 477178 491780 461225 519686 471981 485565 514245 485280 472257 526225 454063 523557 461387 455691 501691 502800 494025 451367 522562 490214 491177 489630 507832 504906 499178 446418 495486 536193 504641 452601 473804 464356 491083 477166 479753 509000 486797 463756 512550 476119 496509 527081 526809 483875 491712 492333 479622 495973 488909 509392 468018 542319 526653 497164 432890 505869 448528 530334 473864 490248 502683 518262 509560 491642 465472 470951 511301 487357 494241 459515 492056 524498 462391 478353 494071 462489 501282 491913 472055 487628 489764 465628 489220 462401 496343 505881 481451 464292 471938 502437 498307 483366 487915 469571 499194 488871 544676 519889 457701 456773 460713 496017 508142 490865 465614 505530 479654 456965 500304 477780 480909 450105 507830 464503 499724 458829 487742 465071 506305 
516626 491512 493682 516328 504771 527773 532468 534426 549358 533131 533755 544959 516712 534385 540636 545149 522682 548093 513867 504580 528534 519145 529253 529348 560179 561070 590381 536145 505022 564244 492438 527596 507344 503086 497816 503706 517644 520848 475574 521649 524853 535363 529258 508647 530197 512859 496258 525717 546255 504076 536529 539030 528666 517994 537686 497235 526322 511283 533158 570496 553681 475392 487556 578614 521930 572526 535449 538933 506699 480141 530168 510824 516843 547197 501838 547016 518362 503009 513621 534338 509962 515920 509269 490606 558902 520302 535932 511162 531215 494945 546538 485032 542636 489009 514159 552472 515197 510424 468475 584321 508327 515960 509082 558760 544068 522652 527348 543383 553763 558431 474666 528024 512521 509798 536035 500082 508951 540862 503254 519670 528797 518459 525225 563111 526986 537522 521649 496560 510166 527207 520753 497738 576961 545112 529750 492553 500043 506104 559462 529679 514591 521502 524287 540537 520444 505243 511617 525332 508634 501107 474061 525380 523952 501077 518373 547693 485094 538877 531520 485925 491395 531987 491366 524615 495912 552014 527482 521463 530666 510010 514275 531054 491272 525165 517473 522269 521740 582269 534091 501145 490966 506173 523072 534655 540461 498946 503736 532338 496810 509460 527200 515549 502404 525953 500240 527376 452772 513882 485244 526209 
483854 463852 493717 498279 508209 505828 528695 536228 512097 504463 527453 514557 514360 521054 537992 521361 515093 529759 495574 497067 488241 518302 510472 486111 514677 513933 566070 510606 502128 524375 505601 497076 495074 492698 518660 512885 532881 520963 482812 520723 491319 503377 491071 504519 507884 498443 502666 520591 522205 492311 505376 535760 531095 508505 562713 489325 511156 495120 524064 562879 520141 468116 502887 536844 519103 527238 527601 512521 492597 467469 528565 458680 488771 518375 465078 533881 512441 534876 504398 500531 463582 491585 538174 496759 560558 485233 532642 508573 520953 500084 541742 463619 522396 488362 478915 495272 529371 497325 478322 561406 509032 502765 488714 521438 540800 509982 518137 514308 543763 548143 504494 509304 515387 492163 520329 498064 514471 502446 489154 534870 505176 506540 493380 534914 524222 522471 517289 478553 494976 525872 507286 490269 561246 553529 497292 461005 513379 491369 561816 520489 502215 514791 539865 529991 530694 492273 498213 536527 519449 519779 465391 507302 532307 498488 495675 513107 481238 518857 507012 487395 504817 507852 486671 493251 493535 518766 508512 502046 507101 484775 502776 556723 481118 514475 491641 494733 527029 586445 531321 497159 465345 484560 518846 509683 521349 487846 518518 530529 488080 494820 499797 485850 480021 501128 473722 515083 478688 499082 474130 519761 
501844 452554 490301 499056 494998 529282 537329 532408 537291 520922 547154 513576 478512 520472 538596 522217 510232 527546 490000 517580 504452 482997 536321 484111 528538 537081 563450 517736 496092 535550 501887 484774 491493 507089 489125 506204 516061 520060 497351 525695 513110 502356 519334 502215 523578 499087 493065 517341 533005 498834 518742 516935 529269 479158 517479 491047 526880 490610 530286 558582 532317 505268 502396 535641 516112 533372 530588 531956 477896 476826 535621 503283 518693 536099 494580 536750 518234 533083 505315 495923 475474 513742 527990 482281 541534 496559 507708 506977 507681 520308 554132 479215 520289 498446 504994 538026 538729 513156 471204 569104 494562 484775 519859 558405 522068 544870 518213 512797 535618 540052 475777 494017 509572 482042 533720 497618 508944 507265 486342 509968 519783 539017 510592 544111 506346 555033 535498 486466 503163 535433 513638 489019 534562 535853 521385 484360 514788 493023 571350 536310 507444 504068 521111 523764 525207 512770 494156 514736 512240 521266 508346 536635 527330 472240 500485 522381 477036 514421 521233 475468 519840 538386 483191 500260 495304 532893 526181 517312 518379 513607 502291 558342 491768 502074 523477 508407 524344 594122 534210 489261 478647 504391 548365 524213 510350 494445 529916 529408 478370 507459 500918 471056 485068 502654 482299 512608 464745 513765 500765 533564 
478150 483737 513955 499055 522467 529601 554052 543329 526560 505979 509672 509316 498103 539599 529264 523021 523805 534361 510880 489077 484143 506596 496246 492001 534419 520582 563956 517961 495761 561816 482246 489524 516440 478960 518771 504529 533028 508124 483791 502859 505980 500733 506245 482502 521273 515223 496878 518051 514964 494360 498260 540293 514594 507655 530669 478351 486432 493951 503547 547624 512511 449766 471959 544542 518763 541694 512352 528048 511091 476533 519496 486788 505451 515889 456942 523043 513279 515921 478605 496846 489518 504947 536534 468094 554643 491737 520477 527313 518630 500104 527438 483698 508413 505035 506463 493944 509974 509208 481605 568872 499266 486487 488655 507091 519431 511236 481087 534554 525363 520330 497834 515631 504183 485276 480096 490303 518338 516400 474403 515891 534836 524865 524434 542827 503294 517953 524369 482721 497366 533659 528187 487969 554907 553793 499064 490155 522743 483453 542587 511863 496363 513486 535418 519313 530285 503420 486493 527095 505866 482367 481545 509266 518732 483089 490161 522356 468718 510482 513535 489591 510653 539342 499893 485265 469609 540522 521274 499525 499203 488754 526452 539701 473672 513395 476729 489824 504617 558321 521014 484611 466561 493692 514682 514686 516004 466006 506865 496012 465999 487582 504840 495490 488020 511607 459005 505957 476726 494960 480081 520560 
491335 439857 509145 486854 488043 506228 519679 537597 519347 524174 515641 524239 477289 520925 519178 511477 490120 521228 506221 480196 500720 516981 515934 485442 536582 535321 556855 529486 490093 534270 474614 490885 497279 467937 500515 499788 540129 534490 491056 519371 509523 482311 500125 452747 520472 495723 503711 530970 518391 485617 510150 524850 489611 499390 538596 473694 509674 479341 481036 527741 523608 470215 479709 535486 501437 525828 497920 516594 499887 480667 514078 479148 491219 502929 471066 534596 511244 500452 492701 481335 488842 485735 485065 484037 547392 481917 530055 504879 512510 485305 502618 471562 522825 486599 490212 504201 511621 505278 454059 556672 518499 475178 508664 503349 491530 501846 493255 482893 540731 511789 458379 529536 500107 506971 499769 486756 523564 522599 470092 541676 506398 507743 494415 544433 487416 537375 504912 486294 498501 497672 541595 477184 562314 541356 506021 470716 494116 483352 551965 529096 493155 497996 491233 508853 524281 482140 476218 510343 499190 468600 466953 505325 520690 486511 501730 500311 451187 510582 496256 480887 521005 506164 500306 508450 465727 518707 479930 499655 495985 499046 506671 543504 470809 507870 483590 477305 524209 555490 499837 488457 448558 495400 527926 506833 512555 462963 494440 502052 459513 485847 490394 483419 502587 499513 490814 519117 474311 495245 487853 518339 
488420 451803 469157 513457 480591 522820 532835 519008 527202 505737 512516 516432 491919 523023 517043 525780 496571 514750 469502 498522 507293 502707 506609 490951 524483 544080 555053 532722 508068 538420 486943 471448 485951 505191 496368 489947 515382 513735 498351 486094 516458 515220 521193 499916 523784 484933 480037 535771 551915 496944 514774 506037 546307 497503 541170 481259 488158 489083 492032 533139 534015 478100 482013 519430 525081 523872 516431 542632 491045 462482 529551 472307 499129 503267 471619 519315 494993 513295 484317 488719 500853 518362 509266 489090 526569 472811 531352 498706 504748 482199 493782 486784 520227 496423 492063 517260 519350 501715 487151 536877 500537 470696 475626 518662 514332 510702 513466 499560 555249 508093 480381 526806 480994 526142 486052 489603 512673 517006 494611 511478 507023 508556 516868 540779 507998 504164 519763 479624 515084 499871 516968 474864 527198 545138 527179 471336 500169 481213 533862 488271 504561 493261 521430 509223 535507 512164 486414 514726 504878 482349 469482 505334 511435 493023 491131 499053 453048 519232 495033 468433 490807 526425 473277 489029 490900 504746 494967 518533 499025 493792 511182 521208 473337 524914 493791 494022 519990 573093 519169 511321 470751 488127 513489 535909 527184 474863 486840 498920 472558 482020 486906 484259 481998 505760 499936 520551 464265 485887 490596 520610 
517717 512114 548424 557630 529849 569822 587742 571802 569448 584372 571210 577155 541019 585337 576266 585238 575938 549222 566644 528595 557713 551514 582152 566466 606225 597940 636723 575545 548039 598196 557202 550390 548181 542813 537965 542007 580082 571196 542385 567539 586717 580947 558691 549293 586170 559026 522572 578283 589351 553142 587893 589674 566659 545034 577689 541294 546805 551774 558358 602545 594714 522754 547767 593553 569298 582333 586626 575931 554481 535422 577931 554788 554884 567174 526582 576081 565786 560073 557632 564840 532444 563688 563431 521870 618429 556950 575696 575066 566875 538753 584223 518758 575697 541600 553972 563599 549041 563498 526744 632225 561229 533121 527924 580253 571486 565931 554395 571382 602472 584586 529040 580332 552281 568636 535902 552633 576245 568179 510855 581715 577333 585028 569355 600929 547820 581039 556024 542761 559978 551803 573180 532984 612771 602614 559725 528952 550428 548059 623895 571166 588970 573939 578471 570846 566862 552147 553702 562748 575788 531946 536022 551252 571183 530073 557697 575206 523864 582012 586192 517607 568294 582298 544221 557598 569125 576554 568478 564893 544704 555722 560738 591138 529449 568803 557523 561417 567839 641075 575032 538336 546641 548528 597900 577571 573100 532667 577173 544327 522169 565011 562014 539227 543691 541845 552946 570094 509721 578494 536937 588166 
490791 484145 491070 502731 498258 508860 532002 529759 513333 532302 527068 507859 490457 529189 511110 538052 492194 561775 508438 510263 501573 500346 502366 510887 544045 550759 571780 513049 503812 512266 489416 491242 511000 481907 502624 494380 516797 507971 471787 519062 519207 517921 516266 528481 528527 506985 479635 512805 533736 491282 517795 532070 509269 499416 516878 475443 507620 483343 506040 542779 546427 476449 492660 541119 529205 547063 526537 537026 487211 478116 536264 486725 478154 525005 478591 521134 513898 516537 497849 500809 468826 513277 514199 475679 539281 488277 520413 510000 508953 507180 532865 485455 511421 490994 485471 530977 509598 510639 472402 570003 503563 500046 487767 532328 545703 486023 509068 516757 548393 522043 485389 509994 489364 492694 482543 468708 500990 516771 495382 524834 505636 520835 513469 543214 487047 520285 530040 474317 513028 528328 517027 474043 539782 544245 511927 468497 504476 493199 554055 534512 519660 498982 497290 529949 520872 485245 517720 520714 504402 502229 485989 540335 493837 478383 493143 506244 480397 525095 518977 480076 518745 507016 486407 510763 521308 539573 509417 483406 501786 507235 492912 511989 487267 510955 497764 514359 519283 552483 499144 472828 481019 523102 529565 517878 503737 468105 506846 519084 496989 479535 493580 507871 482350 505135 485791 518572 454615 500861 468762 525846 
494003 486951 527908 516596 492257 534399 560745 550564 528179 515150 547557 534181 483230 522792 541632 536880 539625 549227 511622 496147 517840 522871 550267 523101 540465 551604 585501 523527 521087 564544 497150 498642 505507 507186 543311 518232 518782 526252 501436 523933 538190 510414 534178 501997 529121 535279 504472 544750 547185 500687 539522 517761 541126 495776 538974 484791 498870 502504 532884 578297 537674 486581 503389 562907 528755 537750 532263 541601 498159 472420 533762 482134 523423 537025 478013 542770 507304 524869 509948 496352 500359 527268 543457 495554 560373 498150 550929 528040 529179 496427 523286 499221 539222 523415 489129 516967 503968 544258 468855 575168 516717 491006 488770 532233 513320 534103 476985 525228 555565 549473 508122 544348 499510 483328 515654 513370 520836 531332 509698 535432 529406 511866 546546 589681 509510 529320 524474 502316 531179 512780 545713 507278 562455 585280 534370 490578 506607 514320 580303 550899 525143 511928 528740 536365 542559 493129 505617 533522 542215 488402 495574 519251 545284 504284 518391 526785 464243 524429 537467 494968 523921 514088 488015 502118 511819 527934 522798 532952 503871 520056 511481 560712 503091 549651 490700 492721 510422 579190 531285 500145 472953 507160 544872 524576 540377 488279 521774 513479 480213 509598 476361 491474 512556 503218 501740 535276 490674 523515 508093 562566 
529801 482154 504520 503368 489825 545710 539712 523082 542456 526488 534843 556502 524694 531507 555612 545810 525419 551692 523863 505534 522726 526498 536517 514594 544735 549895 592290 532917 527213 562267 527599 501134 517053 506459 511992 508764 522611 546887 512082 520693 524728 532946 532685 538748 560042 526664 501402 548210 532920 543512 529152 541977 538981 510947 528302 493608 533271 514734 540188 570050 551799 481953 520238 582804 551107 564773 537071 531291 509751 476126 541800 524309 507994 536852 514217 562154 519187 549947 524311 536932 501141 520931 522629 512384 561585 497820 531591 524371 521688 513436 548583 514282 521811 512873 510151 535987 540721 521200 471207 590363 511327 497254 525464 541209 552517 528681 538277 545594 565521 551806 496647 531618 533402 515864 506058 499286 558887 549037 499878 537536 526219 550504 544036 551586 542664 536341 533172 495053 549448 526169 558092 520826 573043 575820 537346 485722 542349 521540 575257 527426 524150 537827 545061 536752 534979 518949 540493 561379 520681 507955 513504 525828 546603 503164 520641 531070 494568 560214 524885 508532 521823 545784 501383 526873 532214 526288 543422 503685 515722 523032 539678 557318 504710 527064 519026 546989 535183 611485 545519 507506 479919 522548 546827 546364 546250 508281 506742 537020 497596 522596 511157 511756 503281 521852 509329 561544 497386 503410 512373 521789 
464774 455245 483238 480647 473870 510970 546063 506708 504786 489756 534102 506308 488819 508888 514090 513359 479615 522382 485377 494008 479773 484181 498378 501347 517656 550330 553620 501012 494905 541644 478168 478100 484053 483414 492752 494872 495578 489610 477854 515369 484018 497150 491135 490278 520657 481681 476834 490444 529018 464042 547402 516119 503842 477834 503779 463768 497677 488225 512713 524815 520269 457433 493352 529488 503468 516741 513419 506933 480224 454833 481993 466330 509602 510000 460311 531364 504031 507001 461715 499598 465299 505636 502363 466573 536869 476167 499445 492157 464937 473573 521691 471402 479984 482323 467576 505296 519659 514689 467197 547509 471250 482472 483229 530202 519744 510058 491506 496966 556485 536826 467628 494380 475403 482379 490957 482195 506379 479775 480096 512948 499101 506030 519160 535886 499354 502487 501319 512575 465101 501582 508570 470234 563891 520199 500971 459457 500846 473355 526128 486045 498115 493071 526556 516078 492674 487008 482524 515491 499491 488043 475404 504872 527916 459018 502152 493186 466702 493517 531069 464764 481417 512761 449479 507230 494765 515654 488198 470730 467781 488596 523780 537962 467552 515243 488804 480473 505930 556773 505713 489436 461487 479633 508734 501956 507071 454269 487810 499216 474336 493450 492406 486205 467419 500385 473409 499593 449638 498364 482686 510437 
506407 479346 508284 509905 516287 553138 532004 527382 554556 512958 563301 537036 516992 545166 550243 505272 509152 561601 540272 518567 521868 535516 520883 524920 545486 538500 588001 548641 517869 581386 520717 516821 503015 537353 525842 515014 536238 538622 525852 511144 530524 518955 555658 516301 534017 527883 518940 543174 546852 519261 550476 557525 530307 519798 560654 487811 541622 526159 530496 595352 550431 502273 498339 552390 540468 550721 530851 535057 505698 474572 552945 504447 527801 549364 509632 552536 505831 535600 513027 519047 518612 516535 527253 515785 571700 507239 537995 537842 544699 546660 547802 502003 559802 535222 505979 536050 543987 547844 489165 580103 509680 528876 505945 534938 542983 541013 535160 533609 578871 540451 514354 534353 503643 521525 533471 534790 548133 540615 495506 553035 511914 524358 541423 573442 550379 568945 546282 490617 520941 532079 546065 511702 555317 587625 531842 486190 540476 506635 570384 535249 486192 535654 551842 533136 526775 505827 505004 544157 519686 524430 498956 545058 525884 505236 501795 549821 492497 558526 528936 491056 528834 558053 507608 537335 517872 540845 535307 516792 523164 547433 545511 573461 528679 537088 527406 516049 543437 624503 544580 520799 486072 528054 529926 532815 528810 493302 513924 545507 496861 513551 514686 516543 531843 516485 511435 532533 506400 507954 484867 551665 
458834 451204 438086 467781 458949 491824 495551 483870 469802 477478 491858 468107 472390 483144 503261 484737 488463 519548 488793 452820 474707 490545 478712 476712 482841 473059 545118 486563 473461 495757 444539 462353 449584 474699 469314 487325 501798 506317 448543 477741 497195 496755 471044 485467 479486 481298 464574 493190 489823 464350 479175 480478 507369 459523 480247 465492 473924 466375 490108 533971 499786 456815 433359 522080 460809 491318 488235 501562 441820 455753 492132 457763 481001 483617 448513 516054 479041 483619 468669 449843 458484 460656 459812 456843 516025 456996 496036 483652 470150 460876 500503 457754 506218 464579 449680 476287 489171 508605 433154 507679 472215 449921 461204 509446 482596 484675 476799 492845 520393 498040 444132 458215 477200 464144 455051 468234 487948 488299 439508 498159 484869 470604 491693 495238 480421 499426 485195 454635 484228 474441 498662 453231 517176 523176 456918 443041 509253 458713 540150 474480 465704 470369 482804 504561 502816 473261 468382 501321 476472 477300 461717 465193 501262 440684 468374 488701 459035 475251 484169 462892 504821 477548 447878 461823 451647 486512 485781 491522 465569 480222 488633 518710 464219 484843 469552 471710 497871 530058 520079 460726 438237 478599 488490 475559 482500 465744 475890 479582 451222 463388 481784 446925 432226 465571 457517 499852 435052 463737 439169 502224 
456947 448122 446314 475523 459863 480213 497057 511870 508836 494298 512508 493087 466968 502989 506468 501746 500528 492195 469135 465234 493249 492829 489345 506623 503024 516087 515638 520519 481814 514938 465933 462756 481399 479526 464462 470701 494230 476888 454795 481480 479441 497164 477753 492796 508145 469824 458227 486683 484942 481934 489321 500758 490123 472073 485553 454769 494765 465022 489509 514405 497315 459361 472311 515177 483658 509549 493947 493160 465414 435274 508841 443089 492673 489501 487856 521294 485126 508272 472536 476158 470334 472269 485521 433984 510554 469253 480435 483031 465092 457998 508136 464018 493601 460897 488577 498062 493050 482924 445290 547772 480523 480068 478880 496032 493041 486305 476006 491269 492225 483929 452463 495595 477348 461633 479913 464413 475011 492756 439021 502616 494486 496538 487884 529302 477060 502284 493523 468146 469835 476914 488844 429852 518191 514650 491025 450261 487872 476170 533626 494795 504908 458610 486699 497941 490870 495527 490396 489453 486489 476841 459419 478217 492409 456293 476030 502154 447173 479451 503353 459470 458251 480897 440237 495971 460802 505902 485190 483151 462350 481022 468545 513981 452819 495045 467582 463797 492798 517772 493617 470778 444999 468854 483607 493803 489006 449443 489812 455099 469674 486950 477571 453338 450235 459448 455476 490165 438048 476569 454751 477726 
524267 509276 529363 529906 526109 543571 562731 543845 553647 557297 574589 565912 534795 542179 546813 555176 551237 570420 549625 532261 565278 523485 575178 561019 568700 577299 631439 554426 537246 587975 505134 534486 534256 520514 531090 545629 573174 553683 517516 561066 570435 562023 542436 539277 568818 546891 542404 575283 569941 506642 578228 560580 562141 548153 582636 517145 552747 531865 575465 613663 580732 523966 532067 593463 536702 576548 564450 549500 508436 512908 578657 532255 546310 550064 510919 610008 542658 559342 530948 547770 515030 530573 553732 531528 597619 535955 562984 545971 548697 542410 563835 517908 565859 518735 524322 549406 553650 567245 520754 581371 523097 538786 535275 567487 570576 555529 542312 543274 590552 578329 522551 560922 533140 557156 533816 534789 551208 556590 528055 568260 549273 573297 540360 594262 552892 580291 556979 530246 562008 552895 564212 515288 609242 593267 560202 497296 551571 506529 592216 549585 529081 521994 550091 569584 550194 528712 535193 560613 549734 534214 503320 541059 559312 521101 525690 588898 519155 557320 570757 508978 539091 567550 527800 541082 544655 559141 589133 537442 537763 532897 565426 587966 493905 556877 525066 537994 566180 623506 568543 528844 518819 534931 569926 554489 578725 516617 539822 553863 516545 560886 535049 517850 528113 544802 535962 566330 492525 536227 518397 582044 
486101 444409 496141 477327 494263 548329 525514 536488 516504 520608 528605 517678 495570 511980 518034 501060 508769 519356 503980 479766 496618 524616 513237 506363 526363 546015 566335 524102 490973 544612 491787 493275 516004 507995 485832 477755 527300 529351 471306 512003 502874 499263 501374 500608 507242 488701 481843 522909 518057 510183 504260 515279 526211 499783 502128 499690 494141 480362 505544 551269 534181 462479 482964 535692 519769 519561 496728 533081 484595 475242 518230 465867 501127 501733 466574 527754 499346 523440 469923 495784 474137 494494 498648 493754 555587 489206 524807 506373 505049 487733 516531 482599 519313 487842 491136 507047 520422 504449 468913 575289 503211 465472 509773 510645 497031 497058 489408 496495 544708 495613 478758 495580 510976 476624 487382 506508 511839 513825 474363 532987 511336 491710 518578 532655 506735 545854 520948 490843 480421 511150 519722 494554 567593 526829 505581 491796 505153 483463 566516 503754 509069 504562 528198 523474 531538 504459 485186 519990 512857 487155 455515 534295 533438 475053 476655 529145 450835 506677 526098 478258 502281 517970 499528 496109 463921 530528 493136 519683 487517 496947 514735 554803 473980 503586 475016 487555 521763 570428 520900 494970 472946 516906 528502 514031 502719 485036 494185 498861 470107 480807 490266 494912 481967 520180 487837 514496 491563 483639 499317 531351 
493323 461102 461320 502240 474859 495706 522744 497810 523730 512072 515393 516192 484005 524675 513052 517649 502015 542358 497593 487204 522270 510016 521257 495547 526913 537476 540569 501410 497689 537935 504190 485236 476301 481335 491393 489741 491865 490743 457035 512132 515866 491786 488417 489822 509419 498161 495271 525210 536401 504353 502433 521523 500652 485681 498253 473998 494800 465277 482475 547916 514341 480749 482578 522832 502271 529819 498703 506343 451032 453137 505718 482354 482329 503196 476427 531398 490918 498894 469763 486876 480402 509128 483256 474332 538813 483721 493837 499542 501003 465376 505747 479994 514233 480989 493213 497595 516098 507309 484282 549289 493561 472197 493993 507587 524908 495269 498377 516311 534420 504511 479710 506250 489784 492178 476926 478748 494772 508948 491988 513784 516750 505293 516512 525678 496444 530699 504576 467879 487900 471967 503191 457818 526360 537414 499546 490356 521232 464069 562125 509822 507142 490217 498741 517690 511054 480599 480387 500231 496215 475956 458694 510353 504744 486015 469919 497983 475629 505411 520706 483652 486599 511629 474068 506347 479927 511612 493219 491687 501578 493507 502069 525717 489296 533364 472918 516588 527495 561907 510664 468214 478595 508449 523299 495241 511292 452640 503765 482360 479890 502972 494061 475339 491010 479723 478495 500846 476703 490443 464745 498731 
471635 471934 507560 481379 459992 527974 532550 515604 500315 497127 523140 531029 512173 494904 534913 489879 513257 515777 521863 512333 518391 478067 509467 498635 530052 539630 572776 501166 483074 554751 494363 464726 512486 501242 491835 489358 516466 532218 502167 499195 501356 521182 525092 476398 535033 500545 482774 532618 504550 496076 507774 503027 507163 482360 507346 482000 519370 510069 550145 566392 524216 491860 506008 546220 513401 542640 496589 521559 492415 468620 553322 508072 494860 475752 477825 525791 491560 504228 485770 486948 487916 496503 510156 487704 559684 512985 521960 514366 514694 485262 541713 479490 515366 500452 482848 500390 483955 509014 489619 574522 508720 490264 502019 540699 507490 506240 509084 500304 533961 515788 466153 518971 480150 500081 503278 515540 515884 511380 492365 547447 508229 521788 506952 518192 503253 545522 519163 487228 497849 521513 518563 489657 551507 564633 518532 491686 488287 486765 559260 514108 491442 498137 516599 528728 511278 506048 518562 513426 502211 492594 442947 500961 526955 478466 498449 518974 482158 491534 537147 486771 518704 505300 485634 499370 467889 524515 506507 517942 485099 497840 520590 544218 498929 496608 505880 509119 497079 565722 526580 486152 453561 480126 507069 517778 512049 473147 501034 495446 468887 515273 491076 492348 471560 515887 475922 529777 488667 492351 460999 513811 
505522 483177 513567 502396 521302 540295 545455 554099 537706 563465 546630 537544 505766 566388 540900 548528 515103 564907 532943 511913 529391 517369 545637 531835 544644 572669 585436 518303 526775 549902 538699 513371 523031 516139 492971 517830 525850 523116 515382 516117 527820 531146 522577 533270 541138 522246 492422 554119 534601 516682 537368 557019 524117 528308 546810 514388 541090 518213 518532 586084 539314 504282 529069 572473 540181 576279 533480 539911 509475 487649 533633 501033 524397 518677 518612 535384 541540 549054 514911 525704 527458 549609 545206 518763 581169 516094 544097 540066 552473 522524 539876 495122 523782 527893 499779 541204 544961 521230 486643 599932 515657 501228 511897 528203 539234 529828 530831 537976 566584 543709 520072 532944 500351 510823 533745 514280 546551 546202 494635 543637 542169 525659 559970 555667 553665 544484 526940 506096 543430 546016 551846 496671 581930 591863 514990 504020 523559 508304 542539 530218 528350 531426 553827 547863 534844 518696 524203 543353 529728 529236 500651 542859 553326 498223 537397 548721 507948 539070 554007 502467 500082 539997 517974 529259 498445 551767 521022 502655 543266 487618 542934 553671 499330 527990 514687 528763 533606 590949 548460 501701 481106 528468 556992 548016 530411 496657 532204 535604 497657 528529 511055 497598 507528 510847 507389 540539 498020 531229 510203 560477 
504069 487346 531035 526417 502696 518748 560399 546049 547857 541200 591872 544912 538212 553719 538212 540541 557220 544239 563008 528192 542427 535803 550103 552860 568283 583500 606814 554471 549832 586776 514805 518807 516263 542376 512547 544324 553564 562354 535261 530489 531575 556952 524629 532525 564361 540468 525306 569349 555526 524671 552488 551827 545980 527212 548642 501657 557145 522617 544400 594233 567827 527887 517786 570854 546910 565740 553605 553545 519898 517676 566086 529068 517413 529812 529816 576155 548604 547111 526373 531053 521535 522998 551677 518311 577193 526124 546174 532668 539322 518310 556971 518940 557042 524241 529536 544383 555620 537720 506459 598274 520676 543381 530968 557905 566253 540526 530762 539764 561664 554740 496086 529505 523350 526543 514844 516065 537478 559294 496963 557061 522603 572978 559439 573790 540423 562612 565945 509495 550428 531312 554097 518358 579709 594457 575525 502438 534078 503852 600823 550630 533870 538197 562971 557235 553657 526001 524133 548193 537894 532717 510770 547800 550559 524650 514450 557781 504149 533781 551710 516930 549821 539837 531232 554726 533327 548922 555377 539190 515169 537039 540943 566027 505043 559763 525179 527065 546713 604944 580324 516905 489568 534911 532556 545654 555624 492456 543924 533915 491230 541923 536390 538167 509771 553297 529002 567161 499582 543266 532818 544799 
484663 459083 483599 469372 478544 516622 507519 517381 513385 509832 535695 507460 489849 511281 492330 489049 489271 522546 513983 486055 509910 480480 500811 493715 505662 521198 552817 503634 503166 515482 476220 458169 485796 480441 469629 495037 519562 510756 464623 501388 492570 486943 513116 495410 506733 487738 475051 518215 505107 483282 504377 506994 494997 504412 496641 456845 504206 489168 489797 546503 531293 471542 480359 537365 507929 517381 508207 513490 473730 450617 499729 456466 485927 492104 465185 547011 491568 515690 470548 490267 457103 511302 498922 482972 552883 480469 503409 497234 483656 482923 525532 463786 499570 486299 467133 497663 521688 493560 445263 543712 465787 456296 481054 517547 490674 475877 490629 473225 545859 504478 469198 492605 472860 499779 475031 465731 474925 489392 482407 502777 464761 514665 514277 535530 494118 506138 510092 464721 501696 492099 505266 474749 518475 558820 499233 479782 484196 458765 551320 498378 481057 490696 506234 507051 494824 485283 464517 500782 486565 487273 479209 522042 497101 459476 486226 515574 447440 498305 508707 467551 498382 498086 480931 494282 497107 515218 513651 484458 486961 479366 506345 527067 455171 505744 470694 472852 512437 555935 490106 442861 453785 487476 514268 513372 508415 453890 486672 502053 483749 524717 486030 465581 465482 475330 494514 501440 454410 477844 488357 533948 
504734 479097 512024 490674 494087 515298 531761 514595 527168 504008 526577 538239 491596 510473 516355 499781 527880 516866 520651 494860 511204 508402 500088 491785 520532 539751 578957 508422 509647 548357 467801 491228 494720 514220 493100 508146 499145 522915 482798 512248 499218 505649 511645 482416 549500 511497 499284 516534 508030 469682 512834 506616 523255 521783 531262 480751 521292 501916 528912 561420 538375 466846 483217 539362 513885 563997 509435 505019 472048 472196 513965 499967 503278 518297 459333 546223 481286 517256 484972 497967 494351 497770 516821 488563 545427 507085 506258 513404 488107 482802 534222 477869 527479 488092 487114 503346 503799 528089 454530 573718 502602 494237 508652 548631 528188 511190 510199 506322 560758 542676 483491 498196 496560 481781 492627 492090 510916 508581 494213 521923 507714 510628 536257 528175 511068 521227 520576 497164 506161 505218 496858 495749 539409 540873 518315 476936 514821 487809 547131 522878 499033 495019 514342 524940 521496 495129 512530 526717 484482 522421 491685 510113 531569 466532 487682 540974 497805 505259 525153 478937 500698 519062 506929 492488 495579 515567 518565 492069 500968 493455 510428 526788 481850 508313 496750 517261 494313 560284 522624 505596 458014 481633 491957 522031 497065 487403 509473 503650 476198 503308 491854 471178 473405 513798 480607 511402 467345 496084 480203 525048 
479155 443051 449492 457669 441282 484915 505373 500004 511702 494720 479514 508817 460977 474112 474319 480193 492821 512436 482853 484573 486700 482842 499968 454241 502414 519427 518451 504333 477226 494845 472783 444068 466527 482124 489868 482640 477035 494440 480862 456139 492191 437063 470186 459671 482052 473067 465036 502841 499400 447936 480026 491104 512234 464851 476790 413714 467858 470497 485642 534105 516085 457534 461212 504369 478632 518189 457881 477008 439692 447202 497077 467877 467872 484351 466053 501965 470754 498315 464651 455164 465803 489137 488180 456671 528179 470332 483195 477838 475623 462485 477168 475497 489159 463719 443663 464620 482242 474577 447066 514692 462106 444410 475283 509108 491889 489162 469285 466808 530422 495692 465659 456827 451826 453681 460406 459542 471706 494240 478736 497219 462949 476484 495627 486614 465481 484247 486247 452696 494343 457716 485387 464054 524227 528859 480252 435757 449137 437447 517092 484902 471377 452588 457699 473470 478769 460119 478477 470471 459345 462915 452090 483872 481438 457517 454886 470525 443355 476854 487519 473828 471163 463953 474909 495594 463291 460590 483321 470930 470832 461096 463528 508481 466220 499531 472667 468795 478078 539524 490895 462523 403531 466447 472116 495821 489054 438127 478836 477002 457884 472518 465927 445529 455152 481426 468643 493962 447467 470546 453363 489941 
444875 456267 477269 445239 457394 481125 484744 498478 489603 474956 467769 477555 461700 477752 487147 479142 499913 487906 481593 479286 461141 464508 492916 455380 479392 500651 522023 484625 490618 486588 469025 484675 443609 477803 478267 463439 490485 490389 445368 464719 481084 457112 466334 464466 497462 471887 461050 498968 486281 445138 468412 490824 500715 465782 500899 460399 463048 460634 497098 515332 521852 439585 449838 495097 474275 500635 488028 483625 459884 451927 484343 447891 471827 481643 442020 479800 463556 501673 464766 452723 425816 477902 494127 449414 525600 477753 507433 474177 473033 464861 483967 452282 493899 476852 456528 468625 486772 458214 445794 532133 457822 442889 462103 491485 494061 486144 448218 473852 524609 508497 443718 480050 476102 451397 476214 459379 476559 477983 453585 498799 471982 484076 465549 512670 469923 491491 470121 451451 477575 489151 483082 454682 517353 493999 459488 442755 453013 459167 528572 492719 466982 474629 486434 456162 457891 457010 471941 470963 468838 464320 427444 462200 477652 450301 460643 474213 455429 459918 480325 455156 470252 474857 479895 468136 451744 488142 460221 474167 462041 441302 460848 508853 449832 490244 467792 474891 473147 541394 492935 465963 428882 456634 500001 495284 503401 456865 481485 472412 442935 470956 471920 450440 468594 482451 468797 471558 436684 468106 472885 480540 
485547 469544 488041 502751 500525 526224 509053 512218 512267 520615 526382 526954 504836 520727 525534 523482 534905 508501 513416 501018 497564 506027 511889 502185 532885 528193 587245 503452 486224 544574 489360 480978 515955 493672 476247 496910 533735 498664 490747 477947 525574 522978 507929 495247 528331 505434 502938 539098 512135 487428 513509 519318 506545 493372 523631 473682 514290 495411 540736 576054 543053 470065 479891 547134 500746 558726 527603 533086 480192 479235 553671 478913 499125 509091 442984 559050 513684 513330 501309 487043 501054 499156 518815 487619 562901 494872 513077 528475 524616 494157 522907 480900 538039 501206 488768 505612 520257 502816 446498 549621 486365 485973 494214 514749 523188 495826 499344 525030 531113 540807 493313 513848 502326 517286 502080 488647 522499 519336 480218 526716 503072 523857 491388 529641 519138 505628 490099 477970 526051 518278 497608 488003 548328 559068 530911 452165 509587 479549 540911 498604 490312 511833 502247 504964 515935 504336 498801 521887 501587 502063 474129 508898 516356 477831 488610 538473 492034 506312 511614 485735 493495 531556 499634 482122 481094 526372 525256 504284 496437 486737 505754 526830 480012 515006 478877 509651 505132 574873 526129 486006 464504 476700 513161 530655 520450 475438 529156 508258 456992 518849 492997 495661 482009 486516 470034 523794 465819 508907 479435 529961 
466816 447372 463658 466506 473089 486939 486592 495993 505132 491838 484409 497523 441422 496217 516906 481904 478869 483481 476791 489706 487657 471087 495241 463524 511025 512740 544707 491573 482327 495003 443151 442223 499677 463837 467305 432750 480958 499645 452732 481904 481263 487066 473647 454728 504095 446241 458577 490503 511366 461024 485723 474567 468770 442857 503772 448153 487213 453424 484291 518395 521561 472239 457730 512068 479456 516599 476164 504098 460788 448205 510971 449947 489149 493239 460497 509154 481230 490200 454236 461178 482965 484016 482549 454864 526750 473466 498444 495033 477078 483900 506219 461537 514638 473567 459167 487099 491672 476323 439626 535454 481944 467749 476211 517581 505045 481198 498164 471845 543544 487669 459924 480150 467349 475338 474422 448573 478845 465041 456408 504885 500774 488552 496344 495211 467320 488712 482185 448186 509103 480113 500821 457131 521245 520296 481297 446846 476422 480865 519442 486007 481596 464409 483622 487317 488843 471965 488069 462042 458009 469714 480506 488692 475976 446897 492016 495949 462765 490309 486368 441726 473406 477222 470140 488452 462546 485172 489681 486468 472170 477033 472724 505097 460386 497120 481814 461251 482758 523982 483242 453771 428588 474677 493013 494361 461639 449729 482998 471407 453620 478868 499470 446149 452069 467261 468157 484781 442806 469249 444041 497040 
508368 471428 489899 498256 471303 519100 531030 539374 503907 502631 506906 489369 495887 519915 528294 503673 489006 530381 511594 478835 518096 483346 530320 488085 517907 554688 579643 518364 503683 549265 487336 513887 475054 516107 507883 515970 530743 505035 503299 509391 509687 515119 499139 491666 525680 513716 483883 526445 514408 483214 503931 541954 501104 500862 523644 490696 514911 491324 496287 549899 532931 476039 477861 547140 498286 540660 510401 527397 486172 495044 510036 479745 502096 520042 487896 553130 522965 502773 520322 498070 498230 508892 518848 480198 540754 474810 509751 521858 528646 496012 522829 449987 551417 498840 474115 501232 523458 508019 471616 538291 497013 494363 501862 542319 514805 529174 474425 499091 536176 533286 480606 524022 507581 507452 508758 484985 500833 536477 493733 524843 493523 522911 517491 528965 517201 515397 513679 480631 519401 503433 516898 481990 528856 542335 511150 471069 515966 463805 555157 499979 505474 498729 529498 531457 509260 474743 482728 489448 504143 498590 478690 502696 523225 472788 494638 511932 473868 515164 533851 474214 506490 517245 483911 494804 502111 520714 522452 498204 493608 499006 518856 533764 470093 532094 501713 510161 522168 594401 537635 492640 438734 514728 533006 492880 515161 480307 494426 511272 490982 501376 496525 471156 489646 475295 471178 530909 467294 492666 478476 518254 
472607 453363 456453 486776 480225 513865 502388 489642 490355 511336 494011 516209 484263 505611 521415 494730 479616 509963 488893 484888 464442 460697 483379 459454 516267 537207 554198 488710 477081 503666 491860 463642 471298 468050 474284 484025 493095 507424 490128 470156 484123 474997 476482 472174 480306 484155 467233 502055 505569 455277 487594 508916 508342 494899 512797 462328 477130 464067 476712 522295 527471 435707 457789 523099 493961 521564 488638 486304 473745 470758 499115 454331 475056 483008 462292 503398 475162 493071 506670 460624 460910 488905 506233 448671 511672 472666 494740 497128 463795 466802 507434 436734 496119 468006 461722 462510 496631 502084 433841 530392 474933 478960 465737 497235 499871 510825 481050 480745 515160 519870 469858 472985 472009 458567 481556 474047 501546 503259 462127 490698 482606 505383 484494 498976 489270 494683 486876 488571 485614 489991 484303 458245 551505 515902 508521 469995 479392 463231 538837 494341 475996 496045 512450 459704 503524 467069 479771 511580 486355 470992 460102 495504 506182 490292 452461 507665 455031 487593 484790 461915 462196 494702 462463 491319 456721 487476 476763 469031 491202 460880 491650 508345 470252 492084 473723 476007 478938 547792 500815 472217 443149 464064 497337 510877 481616 455425 503131 489313 455423 476192 461386 447841 474563 486574 442708 521690 440137 497983 457664 490343 
509735 457919 509369 484756 505203 523463 553477 537675 546679 521386 518518 548671 497435 540578 534400 528361 530967 505329 507375 512420 507826 507521 545371 501536 544847 554599 569862 530692 514071 529087 509148 507762 519637 512587 515696 520748 530552 512237 511020 506149 515666 509982 511445 514605 529649 498268 490618 523159 530914 455322 534725 534786 532753 489872 525812 502600 520992 516252 534938 563011 544087 487506 522964 530802 505102 533031 522023 540254 494435 475605 540002 497715 508831 542319 501994 554719 518616 544453 503537 520050 484875 513250 521363 498117 546034 502745 550257 516446 506290 507534 550569 490498 531552 494268 491258 547958 530653 532997 487655 566511 513022 492298 497629 553756 547580 513626 520500 510104 562907 531379 493330 530464 522243 489661 489640 515884 523330 546397 506288 550721 515349 535746 508464 529244 519853 540734 507100 510984 528831 515849 528497 494169 575682 556355 510415 482887 493792 490411 560220 512540 534121 498691 519516 528063 518587 485128 520920 499905 520118 507225 485776 537726 536134 481080 506944 531573 488292 505195 528362 499903 491104 513927 502268 537598 520350 539604 509343 521652 501325 517505 520653 532902 513222 493488 511558 497326 546619 586560 530062 534387 473979 519269 520604 540921 523937 486851 508975 507738 508441 518354 521545 483716 507196 506230 501081 517032 477416 513588 472640 518673 
537259 500825 514073 529530 519321 554969 551959 538812 561723 552588 568535 551910 527301 565927 574043 534427 555434 547073 531932 529287 535945 528957 538560 553490 566981 584992 595817 525524 535910 601484 517398 520055 521219 538068 515112 530799 560474 549242 532305 524174 543297 534546 549162 500927 579945 525877 529552 553081 541307 504679 551225 560342 543314 550023 560133 511625 542969 514589 538135 586094 546598 511549 512226 556465 542277 580204 558484 553268 522617 511052 549489 522496 521789 527651 508015 563306 530162 539346 492057 526442 512117 514521 518568 511967 592883 543428 542119 552553 520212 522590 551171 498723 537711 526549 525683 536470 528807 531604 507273 592347 531429 516908 551435 566396 535738 531283 536265 530618 602252 566205 514961 512754 521621 524398 539580 508048 544711 544103 517786 568534 532839 553551 546706 545937 530562 573527 553521 511798 533658 549028 557016 515261 593405 588554 528039 489613 547810 525918 578230 539026 513006 543539 546706 531889 544499 522010 526556 559225 536134 519187 507863 527270 561652 499644 505334 543032 526798 530150 536503 512330 546703 542052 521478 534179 535174 542975 553399 528466 512074 510354 542772 590054 516579 533955 533709 549438 544830 608328 553683 515981 503335 508397 545347 558967 546194 512142 534125 536306 503940 533076 517738 493956 519118 547933 489166 570953 503741 521716 492807 547686 
492469 489796 473607 497281 482754 519553 503499 523198 520275 513650 520415 509276 509398 505907 527747 517112 511924 518872 502427 485304 511077 489402 498345 486562 523972 535264 567911 496312 520571 523896 483403 457475 476516 510198 471420 509097 522337 527299 497634 506249 526009 522548 493972 467940 520501 489340 489393 511934 541805 479045 492882 526195 518335 491960 512189 461975 492374 473468 505671 548094 540724 497354 486676 522811 520496 539822 502503 521922 494751 470691 506037 483552 504198 509244 474783 540099 479218 509238 502299 493349 486577 519955 512977 488137 542740 484662 502075 513039 505871 483563 510783 461882 520818 475705 476785 495716 508415 512890 447751 549010 476398 478047 501282 524354 486658 502063 495716 507017 555424 518406 477185 490177 493899 495226 472255 491312 495250 500864 469357 504158 508092 523779 531283 518848 470900 492409 514783 471853 508868 491705 534183 502695 534842 573507 506152 477456 503583 475510 564386 499331 481793 477581 523970 527279 494136 496101 485920 531292 498867 466820 494545 520220 515273 475035 472176 525411 456829 491190 520421 458925 509920 482744 493265 505017 505861 512813 516071 520228 494495 503262 491214 533976 488015 502415 492923 485974 498027 560977 525686 486965 463860 508540 513906 507840 506641 494030 507552 500580 468653 492635 496861 453517 469109 477724 474689 515970 445165 518945 479426 516582 
476366 450076 501156 480593 485193 494958 516065 493388 491245 501730 501904 483200 471520 460694 490180 497893 492433 518170 473083 475262 469728 481727 484004 486491 488866 519810 542801 494296 485637 492400 491953 459061 456767 485321 476275 480508 497107 474884 468678 492128 489206 493123 461123 485276 504065 488569 486149 514376 523584 477006 492094 506892 518463 475377 507120 453487 481599 464049 510201 517512 476594 437574 449639 510448 485233 518843 468040 512576 453817 445178 509368 443025 465974 503757 455770 511340 505089 482964 477846 480844 466805 465082 486988 447486 511543 479122 480647 488551 488911 469749 511721 458682 491421 455246 492717 477998 496094 480389 474868 520599 469101 474288 480528 499228 485548 493966 467302 497026 499143 502300 468683 472083 453140 455112 460315 482498 475667 500400 453813 498718 493414 513302 505241 507124 493208 490817 483059 476994 489562 491239 509804 464836 523584 509820 496605 462360 476101 436882 522953 498590 481498 470440 505671 507984 470560 471193 447314 495764 483066 474998 453538 489589 497709 454255 454978 487806 457799 456225 499336 481624 494164 503816 478463 475420 470393 489451 477157 489897 483739 466399 467290 527699 456796 490388 468210 479362 482811 531137 493267 458229 455048 491126 506177 494867 490273 430797 491124 480907 448405 473087 442240 475055 465318 498139 457217 487516 436645 482238 467789 492538 
474505 447126 464869 487112 468375 516749 514187 500249 478216 486666 484816 506858 468057 490077 482916 503217 505652 486302 487475 487004 478093 456180 482350 468003 495349 505474 531534 476392 464729 492297 474284 462829 453369 458782 479119 470429 480904 480291 466350 470029 486399 475670 483209 475863 486646 478157 449403 507297 503861 458480 485835 495564 491877 479558 478508 472963 486187 461522 499815 509853 509755 434586 473600 508972 495606 507044 498907 490665 443870 440313 488110 475165 478065 493442 447810 477923 467044 487052 476151 460825 448009 479119 491978 469811 507094 459419 496316 490940 475701 456242 506526 454411 478417 465419 458102 483737 463434 499893 444604 542276 484799 441488 454033 508358 497070 500777 457557 479179 538972 508801 467540 480143 469607 456066 461016 457359 478703 471113 454640 478562 474404 494446 492079 485288 496658 492844 486350 431182 480867 476610 475585 444133 509804 526456 478678 464255 468421 463763 537695 493923 475719 473676 476328 472805 485927 463126 484626 485496 493941 466122 470685 483075 498463 437951 450889 478073 446971 475011 497250 473981 488426 480948 454861 473140 470088 494513 471575 491269 470959 478872 482047 503982 475137 483758 452837 474204 469472 559659 497692 457514 445884 468732 497822 492955 479550 471092 493837 481086 448713 478434 481060 443496 459152 443375 467407 493540 442472 475406 446109 501658 
470298 465758 481458 487908 480503 503877 493154 504390 493222 520439 517820 520685 475301 482580 516164 488767 493628 501619 507875 490302 493288 490872 509886 484601 531951 503573 554552 487351 482685 515831 487878 485260 485458 479665 490134 500489 507413 487082 476087 501702 506865 510099 496940 483688 510211 454601 486582 507301 527812 472432 516094 535481 496889 483003 497631 481325 525466 471590 500438 552213 522469 474250 491496 519986 477200 520739 488257 505111 495377 463129 522559 472484 485604 486203 461191 545215 506002 500173 487434 464479 471126 492577 503844 475157 525365 476859 528235 501538 486515 498166 519580 468123 517053 480748 482154 511180 498337 501367 455989 555918 487407 461621 480136 520670 514116 511010 477024 504596 517695 523102 480137 500793 500853 481269 471839 472309 499285 502886 467201 513592 493446 507936 492259 500840 493796 499563 495381 498626 515333 504321 497282 457852 532366 542638 503593 476682 500884 467982 537054 506375 490072 508816 476730 513794 522363 502070 506451 511504 495599 475913 483203 508480 519263 483411 476431 511768 476123 505393 516198 485598 503046 502894 475321 513159 480904 522695 501331 491777 471009 477392 508315 527807 473780 501340 474341 493382 510960 571326 534996 487152 451977 492282 525475 515145 506952 460411 516248 492390 455413 491958 491003 473826 472139 496116 469326 526786 468658 479091 462369 513084 
513216 493216 515526 495135 486055 547359 550998 549596 513078 526094 538327 549062 520692 554217 536954 544476 545625 532613 526000 523598 549912 513473 522822 524105 562486 577497 583853 532766 520753 575600 531173 490558 511730 509487 508115 512337 529708 550638 510027 526829 537153 523059 531645 499531 560241 509921 498229 542788 538795 531213 530053 557059 520840 533622 548221 503088 506306 515356 523060 561279 544269 498236 512011 544057 543499 548836 513049 542960 524325 508011 550977 499891 530338 522429 479887 557252 504657 520373 517904 516215 513372 541575 529501 497240 576321 514769 555753 546524 530318 520968 560377 505440 539815 525139 510060 531256 518919 526934 494227 570537 511485 500449 509615 543749 558009 544229 528182 543372 557028 565252 490122 542657 538201 507107 519980 527897 562545 521091 492461 554291 537551 545791 536901 563305 518575 546228 551371 515587 531563 542893 551905 487868 578052 582073 553393 478951 510363 510731 568213 534037 518397 536837 545106 538751 533644 536798 510704 543341 516215 520001 501332 541032 554525 496899 521463 536625 484191 545791 534331 494717 512405 519705 507202 525612 497482 562684 528013 542697 507916 515261 530375 554095 500980 527078 499336 534355 533275 578385 557158 540561 486672 511340 550794 529766 544357 494550 521598 496486 486642 513435 523808 518166 515235 506479 510561 541493 498416 535793 495025 553004 
517014 490161 517136 513166 525059 541166 570448 541602 565213 550866 588711 568989 534545 564934 561211 553505 550004 573834 551821 532590 539799 534477 553942 557958 530685 559464 600288 553773 527366 577766 516162 521187 530820 535036 530605 531938 542634 540600 515430 545241 544266 553483 538060 544457 537737 528552 503444 550419 550612 512438 546134 567004 554260 527843 550815 516567 566134 522347 579472 606562 575569 504423 549769 589716 561340 585940 545532 550086 518303 499055 557072 529478 533069 550179 508155 575441 558764 566494 513046 529565 523219 533622 533249 509358 596031 526898 542779 554583 532932 546788 586475 526542 561198 547489 512336 574493 555634 554005 507924 586604 519361 541296 509136 564088 554955 563194 529210 547726 577064 577146 504914 541688 521641 521690 522835 533896 566440 538834 519772 553598 546877 560869 558845 587102 545219 573654 562522 525038 542631 569817 553352 480750 603175 604455 554065 500094 550386 514655 590209 552782 522721 548703 550505 560979 547157 528667 558368 566875 551761 562647 511759 558096 557213 529196 522550 550088 503347 535816 571461 535206 532832 550091 518516 536910 515979 557634 555906 530407 529436 531637 551330 564942 529007 533615 515854 554962 536483 619120 585625 519049 493149 536293 545773 582367 561749 503308 542348 540085 523892 548115 555990 524531 498582 543501 520463 530553 534684 519432 516102 571484 
443925 453453 436721 494023 447324 463643 482185 493571 469805 476655 496402 471145 474283 466560 486613 471266 472929 493300 481706 458735 459355 454026 462080 467338 482255 493227 510129 464661 480317 487010 453371 433078 457287 467558 469274 465720 481712 452659 447687 477157 476248 474956 469432 451103 474653 485412 450354 475073 490542 445623 475636 480434 473424 475964 469981 448411 481238 446605 489095 503690 481749 434751 437851 493934 490782 491056 477806 481574 446782 424505 477024 473519 455031 485612 433462 475278 450497 462864 456200 468341 437552 457700 487989 447678 502978 464299 483979 450566 466508 459111 483002 462160 458002 470339 467205 476750 464453 468307 441799 538669 475777 447557 447248 486116 474588 460721 462170 479469 493865 484618 446770 476799 463274 455824 455543 458525 444889 474150 456555 487806 483488 470170 489308 503408 465096 488101 476076 462001 460817 479471 482639 440137 500051 520193 488934 440415 479326 453739 507297 467907 469007 453531 470833 487262 497111 476291 466283 471371 464645 472789 447278 488296 466509 454821 455008 477067 437881 498557 474697 435128 467474 468854 433775 448402 471006 485893 483716 492557 451363 453624 472476 502125 437009 492531 444515 459471 461917 534020 475225 472912 410436 465544 451566 483340 477687 443019 471429 478284 445114 479573 473168 446268 457640 442111 464492 483793 449198 455645 438168 478847 
495091 447758 491564 482284 504467 510622 510455 510988 512280 504391 547147 512579 487341 504252 516172 513510 490415 505792 500925 513468 515570 513053 529045 494446 526286 530682 571157 534424 501379 521932 510857 495039 488571 485267 502277 504494 524928 495904 503105 523450 509685 504638 513997 515607 519755 500359 496296 513535 523298 485684 524654 532286 520025 505601 529720 496848 514006 502253 531654 561740 531045 476913 499583 540939 506859 538237 496486 544962 487328 478161 538345 473058 506805 512966 475567 545367 514167 531233 490413 499665 492724 498212 508895 498954 567065 501786 520659 502056 509860 520104 542610 483988 523130 486153 488162 526578 511789 510460 468735 559719 490898 487051 498003 515384 516913 495073 501146 509357 552779 508813 471872 510952 510781 493965 497046 491744 541039 529804 490981 517995 477852 506768 493376 534564 535051 520480 494220 494094 520350 555628 509649 506903 564522 543539 507513 475913 527828 485035 552959 514820 486901 517493 512257 504558 509493 495788 498552 528363 535025 500154 495262 532283 545440 467818 494091 493698 481153 523320 524605 488018 504156 520489 489486 500558 473423 508884 486399 520022 498444 491953 512804 566106 485942 508365 501219 469601 532977 585076 519389 503771 477276 498895 526207 520717 536431 492880 512551 544890 469557 524132 491182 495426 504818 498488 487111 531990 475823 501097 511084 530337 
436883 406219 435454 446588 436783 432960 454053 463148 448514 439495 455488 471929 415862 434404 430173 439961 443189 465139 443141 445504 438523 449276 447741 430867 440296 467102 482740 453825 464651 474256 424901 429326 424276 439126 453150 438585 443502 454342 426403 444786 459574 458399 438188 413332 450215 440502 438106 455311 458224 445222 452381 444501 454823 433933 460576 430181 454854 439837 439482 491715 451121 433158 405503 450634 435296 442780 439072 453798 428399 397516 469043 423017 436975 445652 400631 464614 429948 428896 442312 416236 413247 432291 439392 418530 491419 441641 446273 461237 434342 414839 452152 442457 463537 431025 422131 441104 462167 453740 407756 499360 445596 433194 436198 464047 466561 451389 438572 428328 470903 463601 408260 441157 428081 435898 424534 419586 433605 440570 432751 463086 439311 452768 448197 471569 437506 478368 420438 433295 455433 454206 457858 430828 461714 458049 448736 426461 446192 418241 522721 439745 455857 436705 460800 448653 455570 433515 447618 422454 448176 445231 403636 448232 442389 409642 412366 435587 429802 440538 442022 426602 436126 475820 418726 455548 430785 437366 450930 440769 436316 440276 447832 490158 415886 444086 451354 447163 445757 467615 458299 431563 403269 451679 467798 441181 442531 400992 455524 430369 404642 431264 447483 425897 422771 435773 424790 461868 432014 436812 422261 454398 
483445 433168 475737 464390 483457 500153 501870 521790 515926 487721 510550 507528 454484 507909 490110 498877 507580 502507 487271 474829 485994 504491 483176 491977 520531 504083 565837 509993 497441 543983 483807 498367 474824 475146 467500 500194 517207 503658 467373 499988 482483 495247 479243 473037 508922 487373 485004 507921 498872 498997 477704 512291 494220 465764 516341 463461 495581 490210 495283 523375 524374 460710 477658 538053 496671 527575 490380 493653 449457 447835 495722 460856 483753 495494 437596 548489 476030 491309 476826 465521 466888 482609 530167 468100 517735 472745 501217 487751 481750 472739 509336 461076 528555 480857 497915 486110 504760 483345 456881 534422 498346 476070 486697 500842 488405 490837 497217 491107 533632 506535 457010 493319 471263 472222 473718 486000 509735 497797 461822 485565 492338 505812 498457 533236 490178 492805 492892 502615 496257 484192 514642 478353 521962 517735 491137 449448 510123 475832 512038 501590 499601 487326 504844 497384 480953 459308 450205 506857 483846 482000 487683 490039 531809 457010 474431 522491 464400 507253 496718 455107 495406 493608 482401 482948 468776 507329 501282 485944 480129 456584 506484 526578 436910 514228 467603 476889 500877 569708 477066 474523 442654 483039 491911 492416 478669 452006 483234 496908 459312 477913 469984 473245 471784 478442 480689 503340 463953 463230 470209 502155 
481795 440978 469123 459436 463876 512958 514696 497165 492869 503347 510893 518286 506200 495719 518751 499647 500126 528802 496742 506013 510245 481855 483255 494998 513964 511700 552997 505764 488517 516425 447915 456812 494757 477452 483432 467697 500825 487177 480441 465494 491760 473108 499136 477409 479541 495755 474151 508321 504135 465548 515534 527376 499339 460920 514313 458662 492937 493309 517092 528417 523161 450563 445279 512538 503307 511145 493578 476084 476944 425786 497433 457112 506056 482917 457966 522515 504140 507401 494374 482171 491742 493189 481251 459820 533954 459232 495398 492950 472853 494993 519396 473252 508093 463254 457262 509868 492734 496769 467440 500688 460810 471582 493876 504219 512767 514154 480988 486702 536982 532023 474412 486354 493206 480962 474528 482450 515212 495800 482387 515848 487040 498412 495497 526015 489941 505693 506393 496269 490592 479729 498317 460530 533510 535396 521522 458131 495479 461866 525316 486483 503690 492828 498530 490888 494444 481183 490640 492811 498334 490286 476660 491278 499594 466571 459870 510391 463636 481695 504692 467341 468155 492113 473309 484896 482420 500403 485591 472310 467604 477697 484494 535688 478589 515259 465966 488389 499266 547003 508728 479203 446132 475151 485446 505944 495757 445435 471825 480413 453669 499150 499479 481794 482685 467237 473097 496436 448301 494667 442411 512372 
493941 496636 520230 527743 512661 565228 538913 555338 545631 534350 540892 540770 516791 556844 519467 550857 532174 529528 530569 529695 528125 537821 521029 548723 557177 571626 603469 524408 524904 563252 508284 488728 519507 523276 495860 535902 559965 539952 509119 521439 515453 525661 543619 525333 552180 518842 507787 540603 527136 520632 571806 552680 544162 528514 559350 505645 529340 527514 535723 590632 556868 474539 535738 585579 547621 556321 543184 523184 508758 486686 562418 508376 516530 516412 505976 556889 519528 553243 524518 517252 516489 525463 540395 505547 584306 528381 550495 540118 541355 536422 561656 489163 540267 528026 519286 528094 523890 527225 466275 590893 531063 505956 519089 566645 521065 535797 528035 543565 570684 548477 485134 539533 506737 490811 532500 520460 525715 540159 497653 570729 542581 540609 556649 555878 525801 545283 518027 515016 552145 555747 532941 520955 590731 584895 518414 519893 548059 536436 579711 545306 540714 514797 530681 512563 521294 521504 528441 547464 510010 514826 513772 544848 563780 495095 524175 544278 515142 536259 559952 506510 548470 554121 510773 532653 524909 542592 533089 526184 527721 499747 538849 567926 504614 536484 528971 517055 545057 605421 543305 522815 480932 514143 529840 551874 513342 510078 538896 543544 505052 508599 517416 518222 517560 522115 495804 550647 486323 533067 497428 544984 
468049 456824 470377 468973 433567 487705 501259 504953 500405 486530 511222 523093 492548 521347 495177 478100 478581 498450 497868 494148 478162 476132 486408 472260 513481 507891 529887 488475 469527 517876 486616 485462 470969 476989 485469 468184 479439 480075 458604 503825 490446 487551 501065 463200 508298 491499 451310 520792 500641 490925 486173 501982 484913 455554 476782 478556 492295 474788 478810 550026 525907 466384 457164 504384 518288 520042 489956 483700 447956 445835 506125 483123 475334 485847 450346 508292 485368 504283 473064 483906 455446 486827 489587 472147 520285 501772 490374 496896 484323 478176 515045 455731 505659 478028 468456 487085 490401 486631 445396 542139 485533 469647 464656 507412 495010 510749 489710 498806 528699 485261 454893 494451 506309 495744 468787 492179 511174 492833 455197 511033 505382 502730 494130 498347 492560 497167 501204 483844 485404 506458 486068 465247 523960 520729 499184 471365 496759 470366 555495 479203 471478 495104 509245 477760 478636 461342 502821 486233 481114 474593 462073 495209 491597 445324 478488 498693 437868 503582 475232 472580 482704 493167 483447 477933 446363 495449 492618 473102 465015 500732 495465 512551 467841 478822 480923 479249 491731 553261 499182 463096 441648 461699 495549 489567 496872 455158 470898 471834 450774 496368 495308 462270 476793 488120 450643 494586 449252 489858 463833 489360 
474484 475247 470611 487115 476265 500753 524777 508280 517238 530819 528147 510506 486688 521780 524543 504610 491221 508900 518567 525116 479876 490541 511272 488045 516177 533602 549710 533095 487604 536249 496092 495061 502100 503937 502567 484283 520545 498058 495329 511039 501474 510195 481866 492102 529513 487381 470556 530048 506439 499797 521197 531420 521041 478808 507026 483010 509839 491933 513548 536184 535745 460575 492233 527901 510161 528973 524150 524460 458517 491884 510382 480232 492597 514549 487525 533528 516466 517342 482167 477687 467617 502884 515591 481607 528903 485271 513702 491995 510104 491552 534493 478627 521114 497439 488706 495016 516596 518096 466331 575207 509968 488267 488849 523615 506249 520529 487047 503167 538470 515169 495270 480412 479709 482393 479893 472390 504260 498148 472637 509206 493267 522597 535281 526006 527323 521937 505267 497049 511523 495994 533862 474561 551582 535310 524375 454883 511160 479321 542156 485533 510861 487496 510919 511025 515570 490136 510385 513678 486457 491275 466694 514181 512934 459112 490140 504978 473048 499412 516921 477882 497004 519158 475333 502697 491265 505629 504705 489437 481749 504596 508915 543047 485610 505201 494606 486117 491107 577011 515904 488506 468140 511713 522955 502697 508514 452876 491004 506016 456026 491509 492496 475656 466295 513906 486922 517753 466851 461660 473589 524899 
513573 481888 496942 523469 534343 537411 544371 539117 525718 519444 544731 553291 524627 552797 552384 532476 532905 538979 541805 507102 527231 517146 508087 542029 527953 558913 573352 532739 507342 579643 512870 487372 530203 517786 518543 532830 555001 510170 494853 507024 521912 535480 524809 510144 550722 514976 533858 519971 532640 511061 559736 583957 512983 511855 534345 502047 520587 510664 517296 554799 530042 505976 513151 550868 537379 538181 512466 536258 534379 485432 559155 489173 499730 519780 499068 561656 540015 536098 518691 517938 516983 503475 542686 503640 568767 503029 545681 550519 521454 533257 551141 493881 526218 495479 521085 511570 531928 519150 488667 579299 533122 512662 515730 541334 549977 540073 508941 527892 568985 526470 518274 549213 533578 509632 530489 520619 540112 509667 504204 547735 531785 530853 541956 545554 542417 518513 539558 505762 519461 532190 544453 506431 567199 583892 520460 513514 514669 494115 566984 522073 496185 516020 519412 539493 517131 503899 504307 541595 516433 522746 489580 544954 568204 494376 500357 552692 504128 509806 544600 511612 504046 518310 502443 534519 517815 556118 531561 522046 511682 506201 545133 563430 501989 539333 507778 514715 521852 584791 549561 525218 466764 497046 519462 540595 523168 501828 519088 517346 486926 536966 517169 519408 514505 521342 489836 533899 483117 521803 502733 510471 
462274 409999 470267 466417 444290 482986 508592 502090 503904 481989 525163 493508 504873 500332 509647 500026 479564 484549 483059 468144 476399 493577 468441 499488 479441 511634 503640 468505 477621 501111 453862 459494 459451 476533 468889 491619 496688 483910 445361 490706 475726 496248 483205 475702 497281 476517 450899 504836 502504 451179 471448 498133 506814 462933 478889 429925 488730 465404 505326 513271 510312 452838 454421 512759 489800 521298 500006 480977 460819 435851 507838 487597 462287 491067 452945 501902 495372 497329 463416 474358 473159 473564 485109 462818 531676 486930 490143 468670 476235 475801 503990 448606 479566 464661 462505 484071 497965 456875 442980 524207 459561 494429 468747 496886 491097 477948 484935 490260 517189 515570 431103 469516 458365 495408 464266 496022 485549 502496 443725 483088 487353 497793 496426 508760 474276 500298 481706 475628 464935 487534 497318 461859 522820 541513 489631 420419 492977 467593 519448 478223 468627 486545 502039 484689 481411 475615 469650 489940 462191 462888 460486 478897 491839 463255 466962 481703 443970 490822 467712 442975 484416 483021 469754 503625 463076 498653 458636 473533 451610 467242 480478 506106 445435 495974 483359 468675 503460 547173 503274 469826 422038 486767 479500 493504 493916 443983 476037 468147 440477 477367 467675 479369 467276 453580 459067 496127 438251 464049 443878 473210 
494044 500550 495123 522060 498730 528423 562856 546621 555551 522930 545879 546079 523167 550231 551244 532523 513903 527823 523669 519536 497373 535830 517758 512457 525606 510575 567461 513151 514970 540882 529296 528680 500372 529888 524459 499607 531165 541791 488811 535064 516392 512345 507149 508927 507894 510102 500833 540322 517230 520333 515863 536628 540466 501119 516944 505129 532149 509950 544512 558159 547646 505832 512956 555254 548950 527239 526955 523707 497642 464721 539414 499890 506865 538750 493136 531469 527005 522153 512990 496751 482678 505928 509293 493396 562136 528520 552217 539146 524462 515112 538298 491389 528416 515348 511876 528648 540790 528075 489126 574858 521365 515035 508864 541105 539317 550120 483727 542491 543071 533640 485106 528518 530240 489156 508173 516135 529114 531194 512693 546417 527510 523464 553113 564521 549599 550087 519920 494377 511751 533374 538323 489633 588419 558789 507588 490776 532554 491750 578825 514415 499449 528981 552464 516023 535381 509537 516040 527956 524541 505473 490961 519383 537098 492245 503604 507354 486279 534356 522879 502210 527396 538114 504136 516501 472822 553060 501500 517443 496262 529002 531128 556345 515259 529094 498808 523053 526314 584519 543373 524874 486095 513897 542218 535819 523409 492311 517917 511849 474725 516168 519603 514175 515332 512506 470418 536434 494628 509121 474219 528052 
534914 504686 564875 539780 551537 569396 599415 580498 575880 577800 592991 581209 558608 572755 585177 564287 573328 596530 577612 560703 578913 543656 582752 560694 602479 590728 645744 576645 552188 603381 555237 571919 560974 541255 561606 558357 556354 566394 555119 557625 570087 549129 559876 537655 575281 559464 518221 577380 585310 535411 578495 589814 577868 554902 582971 546697 555285 540089 576374 598012 602546 521716 558853 614445 581344 594408 563042 581574 543059 519627 566889 551467 558159 556925 535719 576352 571758 569058 541264 562489 556129 563602 584865 543505 584014 555076 573735 571394 541598 536432 575265 540764 588679 545894 547227 574573 559279 572313 532000 623059 567334 556302 559550 578924 585589 575165 540108 588296 593419 591719 533542 577137 551172 541354 569896 545134 568205 592271 538240 585849 578460 577245 565107 602736 560438 588330 584310 563589 585653 555117 584585 547186 622509 596674 561726 533095 556039 544491 609752 574485 554609 571865 573609 582867 576283 557293 574749 580796 577199 557597 517594 587643 587719 534392 541201 562518 546732 554647 570856 536061 572745 564620 536235 563771 547949 581319 570925 567339 555501 546734 578729 604220 530460 583022 558911 570165 562590 643841 592288 552531 527554 539132 573243 584153 569528 509742 560107 549732 532986 561165 569004 540257 551859 568647 545290 584023 532731 537880 552530 585500 
434248 403542 446296 438188 434131 478435 470390 460563 467938 437342 467431 464837 429869 471642 466120 469066 463645 440493 440356 443193 451164 443388 458701 454274 467563 492797 499404 475371 448015 490864 434765 464888 440397 432247 428873 435333 449149 479923 431752 439557 473989 461815 460644 441639 468938 427436 430652 482210 485090 432499 469344 467486 472165 431960 460537 409602 442103 450089 459220 489701 472785 407374 446947 476411 451624 469820 477537 458582 430956 421459 467138 447984 454985 442890 427421 478752 468757 465003 431509 435901 430049 451995 467002 422817 479626 442085 478974 460614 441373 438969 469386 433515 446510 456714 435748 443568 452102 466495 440425 509254 454085 432835 446950 456403 470210 443613 462314 457302 494717 485768 424112 461774 444841 466293 462678 442999 471750 455362 434567 456206 441351 445331 459656 484477 473751 471913 447150 437390 457686 443375 459643 433863 496151 484278 480539 415136 444941 423861 486122 465019 450895 445845 455163 447868 474373 438149 457442 463003 463392 436679 435625 442582 453122 443967 449995 474655 415531 481676 464488 413150 433868 477427 432286 440131 440734 448563 455461 444154 440128 434631 469479 489986 431274 460281 442470 455625 466961 533872 489045 457502 396475 444562 484515 470513 473127 410536 427938 447603 427227 449862 434676 430961 419520 454078 441412 440824 423123 421917 440563 463304 
487285 434180 473106 509736 478768 504394 521620 509652 508046 489787 536275 508876 499388 531335 521796 497294 508325 529606 502856 510099 494058 510050 492028 476471 535149 523674 545451 525044 475633 537847 465837 441140 485949 494147 486313 483498 493581 497665 476398 519854 487431 504381 507801 472860 536754 487478 486429 508185 475715 476734 499787 505189 497095 464900 486090 459371 495277 492544 515133 529666 520416 472529 482600 522243 489179 508941 517050 514432 473575 468362 526678 481465 485547 506128 451690 542174 491172 508210 465928 498524 468387 484838 508646 462645 515276 484579 499541 508459 501192 492254 527214 440002 489425 472428 482880 481512 532318 481399 455826 555562 483095 495786 509792 522705 533482 467114 494714 486174 535171 510983 446231 502888 496165 460535 490309 482125 495273 494426 462960 537038 488330 517890 485572 527748 519595 537864 503627 474086 480368 514757 514310 490732 546399 528494 516461 472959 502602 460660 529677 503781 482480 503395 496718 533229 491492 477542 484540 514302 504629 480657 463005 520405 517270 454281 492264 516305 470541 505884 462501 471259 495865 497926 471697 481724 468450 514419 491207 497839 480838 501996 505585 518421 475986 514818 480179 495209 503752 538614 498919 453334 466070 480498 510356 512889 518157 461051 504449 491259 465214 516199 476626 454244 490460 495784 450261 483068 459396 503500 479372 496580 
549745 505146 526560 562789 516638 589017 589714 592206 556717 566353 569551 566059 544566 556052 571015 553008 566478 567667 547199 545557 542506 558364 539031 521329 560072 583695 575743 552128 531957 572619 536845 520034 546549 541310 555407 547203 563111 556292 520206 559292 533677 560939 537333 516277 552629 563460 545732 573671 581466 530752 554313 566152 585112 530834 553898 503475 558339 525761 540637 586948 582995 496883 512595 577220 549179 573588 559641 564499 528360 505864 567340 523168 541751 566189 511341 582454 553897 556695 540327 528350 543276 540913 545116 514601 603717 552931 562347 558446 537474 524378 589303 541047 569231 534088 513458 568879 560061 538193 492355 612227 535924 522597 538294 610153 534112 564851 533049 546565 594129 579895 514594 537542 549778 514222 538573 545998 535503 553497 516960 587774 547109 572000 563509 567278 556033 567556 545068 526380 537517 576033 544348 533205 607139 582140 546175 505647 548869 511164 588959 572427 534282 530294 549613 556590 564725 538671 530918 541032 550927 534537 517758 554211 569867 516344 513911 549320 522918 547164 577718 515628 577877 542041 523382 545400 536061 567207 551451 556605 544261 538539 538666 581722 515773 572973 536115 543398 550674 620983 562488 524382 480760 554839 549456 578031 554788 510731 579266 545152 517134 541446 534701 514739 527251 545378 525643 571639 533457 540704 524447 554827 
484810 446076 463626 481983 490892 513991 515843 497853 492867 520435 542189 530978 485309 525933 522990 497153 518894 515504 508599 487837 510359 521537 505978 500406 531191 530680 566668 501016 494106 533719 518871 482797 494619 500206 498799 492667 502366 517213 493157 526346 497144 497750 510517 484926 507907 488008 490531 520906 519116 493272 510362 523941 515498 488770 511820 478922 505341 484109 518226 538137 521626 492576 509307 527844 523044 545817 489884 536327 467664 480901 541649 471488 485909 504631 469218 558610 495258 505613 466667 475745 484671 500377 515108 489682 524051 471627 505194 516173 522343 502369 535230 484179 522723 475088 479819 496980 518825 501118 462654 557932 508715 484690 492620 519263 510569 512275 480440 494107 553610 516316 503396 495810 494090 497629 487449 482963 541603 506801 478652 532450 533393 509731 522510 528551 509197 528773 518823 519082 510515 487988 509130 482346 538090 558816 495017 471400 513434 485322 554146 497874 481023 507391 512630 525759 526207 493490 478618 529483 503473 507619 488945 495856 532754 478228 488264 509182 474455 503445 501020 486501 491833 506018 478829 491514 470492 533763 509965 493057 491992 498104 500528 522890 479678 509920 467208 493512 516339 578541 520718 478013 474093 493873 522280 511512 511861 467234 511592 489561 455432 522415 479723 463534 478634 491672 490331 524488 479385 497617 470263 523157 
474944 469588 493863 505908 467998 504760 521950 510700 528571 498291 511368 516426 492747 531781 512096 511423 494345 521598 505871 487839 482234 497611 511753 495166 511704 545838 535127 530292 484364 538090 484166 483301 478422 484900 474246 491313 516829 495071 459168 519105 508426 522058 510353 509223 502505 510087 482824 499804 509058 492276 511066 521713 531142 469037 512955 473539 495667 472413 523406 546768 522374 469594 514049 541264 511729 527784 499815 512070 462343 479655 527831 469092 479989 513867 460779 549113 521777 487402 475070 479251 482968 503060 504660 454984 525996 484872 510482 506666 493396 483713 543902 471603 515186 488722 481928 501841 513299 506123 476320 543751 500426 492182 478396 520130 514239 506372 488613 508380 526205 519128 480774 513644 484731 487236 502929 485165 504725 492188 479256 518949 510393 498083 509033 544347 502702 519590 525679 500754 503394 515934 519445 465177 562820 532546 526439 451743 484446 491008 531846 507951 491657 485855 522739 518664 514067 476681 483519 533458 484879 500975 470394 513321 508517 477731 499838 513513 463637 479079 510397 492854 494783 514041 477574 492727 477270 511424 519739 489245 484725 506089 484798 512234 477358 496873 474040 496696 507371 566332 534531 485170 454276 490470 522122 518860 520812 468365 512768 501278 471275 493867 488208 488433 467915 498019 474241 506916 470379 499702 480924 516132 
496490 473671 465807 496469 481731 514201 507593 522291 522551 510523 536283 520884 501357 519027 521515 509714 493136 523038 516686 477698 515990 510035 496399 487149 515261 527860 548061 514419 495749 544324 482758 464887 483931 511939 495762 512057 531884 503756 475438 519726 497566 497281 523285 489015 514952 496013 478206 501482 506536 481839 516408 532946 505203 490699 521139 494551 511507 495173 520731 546314 543531 463678 497619 539312 522994 543361 495856 516236 490772 468101 509124 489307 504409 492909 480008 515006 497698 514038 517007 485447 462958 512583 524691 475638 533951 486507 513575 509540 518579 484496 506005 478172 518630 502554 487598 519072 524605 495157 455459 536426 495261 473224 491616 536029 515890 503696 495432 506314 524143 528145 467914 516436 486550 471823 502278 492730 496576 509693 477222 518509 514092 504811 519642 534633 489672 514807 515529 482523 501440 491524 500381 467658 522596 553926 538782 474761 515246 482026 541150 502353 483699 487883 508111 531884 486518 503443 483944 494773 502418 482090 475662 516430 521572 476118 499584 517607 450867 496648 541684 483520 482140 517755 484389 499526 484497 495709 530762 512394 477582 502937 527233 543823 505121 499086 495265 486798 489095 579059 539609 489861 452532 487157 509061 513906 527826 459124 520102 509077 471473 502795 492255 486555 459329 487296 460736 500001 472777 489757 465350 519097 
499650 477843 477190 501765 506532 531247 528866 520999 517865 501451 537834 539998 504266 528412 544354 528602 499535 528468 502062 507355 503757 504222 511398 464719 514192 539537 551613 518397 494198 548961 481243 483017 505420 488847 531367 500465 518238 538960 495697 515226 514386 512999 499479 474565 524471 490839 509178 519324 530193 470352 503466 521938 521176 507297 517985 470434 485984 493801 511224 551137 541703 494921 493446 512044 526943 523460 490038 523890 514680 484397 520535 491234 515328 517713 476529 531479 500988 518578 501725 509553 493411 504039 506761 462317 557683 511223 528298 529828 505015 512222 536557 479702 522393 493905 511454 493707 503536 524156 494923 552270 502249 488284 512000 535537 516368 525440 506371 502861 546506 544457 489437 498339 503101 494723 480282 476831 516208 521471 494044 536066 506311 515709 535286 531953 508878 527947 521368 514254 512430 529674 540914 476832 566328 553340 519716 475403 509781 480303 573750 520818 497970 506669 509284 508549 519132 500591 494552 519593 510513 488976 495219 518717 527914 502098 494342 514239 467772 500437 508731 496007 522789 519688 496850 494516 477595 514071 494117 504312 517375 489361 520619 546272 500808 515649 507541 497058 490256 582614 507900 498472 459195 494696 545890 521963 509358 468986 528430 501393 476362 523869 502178 490419 511597 514812 471127 509291 465244 506911 473035 526390 
467293 447275 464517 485593 454667 488637 490702 514044 506561 497488 481866 491160 465187 523659 478646 491849 491421 505493 484909 486244 503598 497092 484255 481081 520409 507660 541323 493309 505266 540662 467847 481540 452741 484584 473307 500966 491133 513271 466756 489012 478627 483867 493145 469024 507248 471118 472945 501691 477746 461832 501962 503993 496039 477650 497519 463821 498475 460339 503725 520042 517937 468310 473340 537071 485475 538993 487319 509601 457454 447116 506389 479246 479272 487859 449102 512570 479299 493819 451034 471871 459940 495702 497345 449735 536009 471707 491970 511285 480848 465808 485780 453017 534704 516402 480271 495000 474526 519524 464248 513200 484194 464736 481286 503803 506278 492511 477437 501727 547617 513556 433539 482944 478337 482403 470524 484623 499085 484967 456500 506729 501577 491436 509736 519298 471025 508316 505542 467511 503320 506827 475506 450356 525530 537236 479378 455238 506724 482589 547753 502672 493513 464573 521691 491791 499375 466108 473488 522951 484710 470629 470138 467331 495252 469908 472617 490827 451398 490105 511864 457245 485469 493353 476086 506493 460084 487266 491624 489362 466893 504864 501723 508730 481384 504467 471417 487557 471909 545887 512682 469275 455319 473352 502168 491367 503563 445377 501631 475242 453148 469222 486331 462473 445672 485346 463683 503345 466341 481344 452840 514477 
454470 457746 456570 465273 479866 495462 505148 505138 514959 491858 516401 495640 479937 499182 487359 489595 489356 512105 484079 466400 489110 472605 489606 468338 515661 519140 530497 496501 476009 508664 475091 481073 442249 489197 460173 475821 489489 500641 461559 496703 515462 503170 472193 469652 502258 463572 455360 492548 516510 450757 500998 500090 509511 459234 489030 462235 489304 467601 514154 539549 520173 460470 473496 523201 487867 515032 479538 494370 457648 450032 499586 477346 482000 503720 484939 502340 472952 504651 472926 475607 444872 502517 511323 474785 509630 478574 498732 502700 507368 478210 505319 488085 498157 477652 471490 501263 505594 490078 457365 511863 474994 453173 472530 506201 525663 485080 476492 483197 517125 512874 457757 503110 457906 479175 483284 470250 485819 483361 467895 489774 498134 494423 494848 513542 494543 488771 493372 462067 490822 494009 500386 448432 530885 534384 500705 450664 451813 463653 507341 486826 471368 483474 501655 502533 482961 469328 470923 500799 475673 479659 475552 511776 488444 449313 468750 474583 452670 469919 489712 449759 491640 482629 455492 491666 485835 496333 499315 487891 467169 466955 463767 503057 472355 494153 468008 473597 478191 561105 527152 474151 438313 480063 516593 514239 517248 449674 499194 475746 468585 509948 469604 464163 460926 478390 467112 474301 438506 502761 467957 488676 
488743 429092 490483 483301 485514 488605 505880 521109 511238 520110 525524 510937 489292 488224 478097 481390 496832 523003 483017 482302 480042 506464 487571 481736 513854 519623 542679 510559 472282 517885 468916 450461 495295 482790 468614 477640 491525 499502 473803 485591 479147 496828 480959 470387 510526 473383 481233 512442 494973 469434 490905 495085 525170 500642 509089 483057 475310 492031 487294 536692 521025 486239 456114 486948 493882 519808 473977 504830 456422 447835 503072 458963 477306 515327 464552 515629 487568 510527 472682 480781 471075 468991 498853 464817 547306 471288 510607 484031 505806 472322 495703 475446 519042 500311 497284 499542 505367 487603 454154 523768 491531 466248 477164 511935 499834 503038 489171 474766 535870 506070 464838 489763 459012 469986 472202 497573 507116 502054 480109 517312 488031 490717 498560 538876 489520 513193 494776 472277 487691 519680 492087 454595 521720 508718 495732 474330 491726 480630 541353 510785 506408 499746 503590 488478 500633 491553 469050 506111 502741 484963 472002 501167 522015 454644 475947 510987 441421 503937 486952 473611 493843 511560 498086 472681 474894 486524 475709 503331 485544 466380 503663 533584 451734 508337 463322 475192 471221 549427 508243 473234 446884 474341 495358 527535 508037 452901 508709 481661 451417 498419 487251 474161 482074 484670 485117 520400 483309 487388 487149 505557 
474146 456153 466278 487177 466972 520485 536446 507317 510599 492059 503720 515273 513222 527477 545817 516766 490016 522882 492962 501387 505615 509674 511353 489918 508456 512966 555683 509786 492773 531847 508698 493647 479084 488999 500358 517280 513376 485526 484675 524770 500567 503705 503002 484447 525294 515930 480756 548977 503474 494255 526539 533888 524262 488895 514720 461285 497838 492430 508568 532527 512929 463621 492411 537137 503838 520697 521865 497944 471086 456340 513490 491863 484990 497147 479175 543906 501572 510476 485473 484200 489134 496700 512852 496953 544561 489104 536220 501037 511711 484075 516398 471727 500624 483415 483180 504305 507367 467825 464002 529685 510077 505626 493186 526894 526347 531683 490964 544385 543378 530483 481865 504624 506171 488723 495162 490653 508945 498955 474221 507074 511159 530653 517593 524840 500459 522474 502736 493054 494009 480947 546234 485895 563592 556781 508439 467750 507804 453906 548676 496240 484391 500052 505300 525949 539682 489830 490004 527759 507195 467663 487999 508281 523940 477049 513840 495338 473126 495819 493161 484797 520189 504238 461876 509591 485275 522984 506033 494231 472714 496780 516966 529506 469137 526167 506968 497865 513769 591462 507934 504994 452487 477613 514428 511411 480069 472121 517284 503613 485558 488290 496003 477619 490572 500199 480663 514460 471646 492353 460099 506498 
499229 461473 470990 477953 447659 499295 521279 502591 491984 477118 499465 513137 481075 486232 518004 491866 511746 518826 511467 499826 493337 475005 493828 482768 508111 527617 553682 507604 474529 516853 493924 458451 511048 488168 482397 477363 492506 498718 495930 484179 493801 475512 484914 467835 520056 494821 467079 500142 531778 471916 493141 492740 507474 484335 505837 462610 526101 483137 510869 536267 526130 472328 492205 518167 523850 524623 492080 510249 470598 459475 515199 491810 511025 506542 485305 501245 493910 514601 499373 484429 478978 497549 499608 482047 545692 484451 512544 510893 473126 515974 508073 474013 509074 477899 468068 485804 501370 493450 462147 556857 503720 505411 506074 507307 525311 514933 470319 492537 534772 505157 476290 484615 476808 506979 483511 467000 499138 494959 479848 504642 486021 534302 519405 515035 478914 505927 503275 468955 517676 499272 497540 498159 540050 541532 516478 450827 507946 465388 554694 500433 476266 483972 518583 485124 511652 481324 497428 476079 501783 496830 472128 483313 499429 464851 444569 520012 467540 508019 488015 460991 493206 494750 487400 500687 482730 514109 490277 492364 481552 477256 480897 527354 457891 489375 468008 505080 504748 578659 509739 490734 430942 475474 499237 512952 470521 486606 485070 480884 438526 500619 478205 473212 476252 491852 464356 505541 459830 496543 457570 487418 
498860 461623 495304 503804 475695 529267 538193 543307 517196 503981 524356 526315 497565 530916 547441 527269 512905 537225 509540 521943 520680 498540 509208 508267 522166 559528 552271 507528 508856 541608 511915 490904 514752 480923 512083 509714 518748 508859 498048 525570 521691 517718 511530 506085 522300 508304 481273 532589 541522 512388 494671 530114 521314 497179 536981 488558 500830 504922 514383 548555 552605 479471 485417 543421 522469 542730 515076 515647 475398 478478 517789 471481 510006 527244 502737 533507 515173 525269 495780 506514 471290 520732 498806 492386 536164 490179 525799 513466 521510 502104 538948 489853 537643 476768 467803 498536 509122 500831 474324 559422 501123 494835 489736 523345 538576 512909 520697 504135 559485 515584 482793 513581 497372 506894 536038 479718 532266 517013 491593 537160 509840 504311 500356 531582 515405 543876 542446 477373 516206 508066 523704 505079 544766 542137 507968 470415 494933 469713 559987 524256 503997 506927 513585 508489 514126 471466 499728 512195 501489 511910 480752 523282 520567 465830 499301 505588 468534 518484 496335 489062 505987 520216 478710 500815 499628 522426 511732 507037 508842 503168 499888 529978 471622 517866 485946 523068 540509 585554 511651 490747 464874 484482 527670 512903 527135 472175 471881 501322 469785 511015 475827 497400 500857 497006 502363 526293 458917 504845 483863 509121 
491076 444449 506961 467884 494199 521182 541423 525015 508613 503537 542718 514890 494401 511227 520405 515429 520000 528660 504024 503020 512209 515396 507463 509059 509674 514276 581668 513496 497345 518995 495106 497020 498271 489652 496938 482663 515171 517534 503408 481225 516437 503641 511795 500090 504170 493287 487333 510213 546062 488177 509255 516670 532831 507395 531462 471271 506180 510380 512111 542776 544092 471677 469110 537099 510174 535890 493501 515874 470310 463198 528727 453425 479870 523633 469689 544804 485483 537298 468298 491963 483841 471424 507759 496237 538267 476214 517116 497089 497344 514284 536598 479767 528871 493793 480224 504366 507606 521936 463030 550013 501882 500195 481340 532917 531255 513395 505755 517464 536356 518692 489837 505903 473473 481343 479647 502457 514830 529382 477636 531707 500111 502668 514719 536584 496868 509279 520939 477261 503729 492119 510994 487572 547855 531882 494570 466405 491219 491456 547902 516135 494194 509346 523716 516280 518064 495940 482960 522174 517862 506597 475337 509992 522137 462355 483389 506034 462004 529032 515385 478744 525568 479384 479827 510457 473405 524376 512248 484889 474584 502534 506047 541653 465679 512003 495944 476583 515463 586224 534474 507533 444186 490766 484141 541750 506797 459619 516065 502507 480514 489226 488684 491013 484215 493561 499844 527621 484218 484395 476923 519467 
471455 465482 480404 463574 498463 487643 502671 512203 511846 519327 507819 526653 491713 493060 497277 496935 490164 518166 491511 469385 471773 499047 500494 488738 523310 518746 544613 495111 488385 509839 495893 490627 485941 483061 492684 501582 513427 496950 467358 510436 514389 512528 495445 498449 493104 468193 487454 510290 519106 457997 496500 514032 505206 487199 516445 488359 485957 466204 510072 556805 518311 478423 496012 510835 507153 504906 511615 485448 469367 468464 518724 477010 474462 494787 473534 529814 512854 519609 497875 497544 449137 475534 509135 484494 546164 492818 514665 517127 491506 486271 520771 475089 512270 477686 476446 497883 510854 526047 460477 553971 513665 491960 489084 496048 492764 530415 511387 503736 545708 512582 485596 519443 481647 489406 475427 496864 516597 496039 453527 520478 500242 491195 493562 540310 497428 516708 497474 489163 509356 513015 520269 456197 551985 540080 503461 462541 518100 484239 557534 500408 496408 485785 515113 480225 501286 476320 500003 503301 503848 488365 457104 501661 535266 472434 489406 501491 479004 489653 517498 470664 510077 503276 484759 498547 489825 499516 508669 471811 474859 495483 489949 511215 466011 486414 503233 488123 520531 564600 521662 474098 437562 478528 517655 516628 480713 485402 506839 516301 452544 493219 490779 462995 471828 492384 460792 509058 450796 475524 456801 524777 
486938 468522 493390 486214 470699 514127 497491 507388 474084 480681 490724 501161 480025 506940 481542 492636 503032 494806 475820 461295 486659 508611 495769 484799 528461 515911 554415 494278 478004 507222 465153 464062 470192 481301 485009 484211 492080 498539 462010 477438 473618 492896 499351 480748 488166 497840 470901 509552 499711 486119 483266 494380 488616 472590 519063 483965 487126 479469 503379 521197 508511 443270 479978 505693 505674 536934 496657 494176 471991 446546 500082 474938 479249 499739 462620 516748 494386 493036 485047 472202 468533 471662 482267 458413 532027 463734 517534 497516 486261 489788 505006 446956 523680 471031 454765 496303 468431 499907 438555 517806 490621 473098 467621 524491 489094 487061 464973 478259 519156 501183 452812 486886 479498 467781 465280 458026 499799 491846 462458 493016 498297 493048 508804 524482 496213 505553 490345 451498 489461 496588 493841 455811 538192 524922 502512 450082 497204 449664 527967 486726 486431 475341 500912 492488 500271 470398 468146 495600 498024 478134 490076 467979 507171 467494 474571 509191 453357 488365 495118 450657 507988 508000 475859 464851 446638 483354 481351 491668 488782 470591 486845 498861 476315 478849 474303 485840 504119 565298 506517 468896 449656 483362 519691 510324 496320 461968 505055 488136 456722 459920 469379 447616 477749 460750 459317 505434 447107 483961 440083 517813 
481848 449134 471706 492796 478303 508118 507771 495605 496666 493540 499623 509368 470788 487934 499530 493135 485035 514737 490657 483369 483043 474611 489590 481531 517315 517828 538142 506384 475428 501698 470109 464809 457961 499471 475256 470808 483468 516520 465444 499477 469510 475357 496438 472503 488280 479422 482878 490459 493249 481923 480442 488191 484352 469976 495951 471055 502888 464215 501424 526560 521955 473504 489963 518201 488081 520302 493152 497051 460531 472600 535441 489174 505237 497989 445086 518851 469963 482102 499725 476130 462420 482633 494268 441681 521561 468819 476427 497541 495791 473985 509017 450382 515262 485501 469573 482234 507994 494774 457287 512152 486018 461869 483772 515411 513452 500983 482550 485063 532165 510525 457751 481840 479769 472109 461941 441180 509078 497896 467148 503985 502323 486482 491522 520924 507011 523405 494797 485693 490465 493408 489153 459707 510672 526393 505095 455849 504952 455671 543884 511461 472590 486366 483375 476526 489858 475690 472737 480284 478461 487868 465041 490904 484034 474773 469865 510821 440164 496836 504521 462520 492268 479185 468454 489258 455462 520499 511064 490307 497167 483468 501486 524912 454295 482409 470141 488987 490902 551135 491291 453488 431289 469545 510900 516229 492791 456691 493736 499645 450611 494747 486266 462660 469695 496576 454642 500112 455263 495468 469510 519575 
527359 497699 541749 522004 523785 561333 572147 549646 569012 564832 571997 554311 537598 557519 570325 558923 571839 549048 560902 534020 557177 539190 537342 567088 562597 569553 604098 553848 531349 572721 547413 525992 537032 523563 552255 514929 544812 539440 524390 533920 575462 547966 568764 554768 553499 534601 512824 574030 581641 522283 556408 578927 571982 536539 572590 525617 563739 540284 556219 602920 585983 503639 520393 593719 563526 590268 536473 576694 546528 490569 565786 522823 541639 562202 519861 576625 537750 554563 537184 550857 527952 554073 563580 524912 590751 539289 576965 551246 567405 535532 573008 532397 569896 527351 537258 559184 548090 542237 511850 587871 544609 536309 521342 570867 581940 549161 523661 536438 575737 570341 522131 564506 517348 545058 547879 537968 545843 564775 530430 579847 515632 555398 531775 586567 533619 562163 554026 512828 553663 542699 568147 530279 584569 582855 566535 529586 535549 527960 577595 558126 531167 557961 570665 569576 549531 523751 539752 543549 554998 529106 524724 573919 572926 507301 513599 548395 511218 544322 558627 514767 534720 540472 526187 536013 541377 548306 550258 544328 521485 542238 551363 588979 511989 562282 534268 520980 541960 650373 568935 550364 512193 511891 542469 579475 549098 520295 545106 543635 514034 543619 517525 529643 511679 539070 533836 565343 510408 530962 522059 552527 
496836 450605 443352 515925 464285 501388 505066 522107 508435 498897 522885 508648 526110 527004 506274 499592 488938 515644 478062 469457 489803 507961 502991 507837 512413 527429 545912 500835 493317 517379 492195 487469 489277 469290 468142 502553 520932 501783 476270 522899 504342 500030 470724 502744 519031 491878 471498 511688 508448 480892 517375 521269 522823 495686 523184 471910 481866 487668 485161 535941 527725 474975 446692 515754 486838 532593 503310 484642 469866 439477 527924 482553 505088 495228 468966 537252 503099 513949 493994 497816 478947 497993 490124 478502 535695 487595 516023 488970 506981 451629 496221 458353 519555 485970 498830 518411 518230 506934 447922 543287 502548 472436 475718 513748 513614 504133 507037 501925 540250 518309 458699 504954 502692 511474 481040 502238 501514 512903 473411 519617 487428 505119 514180 511119 501034 508223 496011 500031 499656 483009 509214 478690 542262 522507 504853 455863 531949 462709 547428 504359 497358 480755 507223 507814 499498 488710 498954 502256 495202 473838 460965 500853 508238 468294 490990 496243 459672 505765 502634 460228 503744 508679 478221 517177 500700 502788 490397 509174 474750 502481 508474 534827 455559 488383 490174 493754 519791 546364 523377 485155 459744 488265 493340 481669 491603 463381 500920 491680 463713 476684 494223 483369 475677 484104 466110 515789 453178 497141 451962 483770 
483285 452826 505090 468903 471725 476953 493426 507789 493788 494256 527333 488799 486808 491342 492064 475687 473511 494340 486465 468371 468083 477960 489918 492626 513882 527085 546442 494195 478965 496428 475672 474920 468668 474993 470349 469034 500517 486347 461279 484647 473176 495134 514946 474242 513883 474338 475841 500747 495320 456837 511395 508047 484921 474044 477869 496344 491148 471072 501751 538239 505936 466269 480221 513803 488318 521803 473426 492242 451382 457796 505056 459957 484842 507729 449749 529516 475056 486542 455110 485024 469654 467913 484337 480071 537562 486898 494540 473125 474943 482511 500974 436430 499945 495115 457252 484998 480508 486204 458241 527937 486136 481972 478794 495503 485838 496778 474434 494877 517800 495582 463143 479906 462970 481462 484710 484163 509977 489362 458025 520124 486945 486260 486248 508874 476704 505865 494206 478277 493400 510185 480752 474422 542473 534064 494779 461743 481703 465547 532000 499742 482228 484593 507523 495244 492879 466302 476599 507818 498252 511449 466593 480744 505926 460604 478164 514926 469020 481215 512604 454121 502234 495302 462777 477736 455098 506705 475453 506073 468341 463180 508364 517133 468244 485111 485138 467807 511342 544006 513653 447996 421952 485982 468921 521891 506612 447179 506922 486361 456753 492415 482082 463823 484385 465702 443339 494042 469650 467383 474182 497123 
476187 429834 471894 485127 466583 496730 503292 464979 485271 474402 513634 484481 474626 496021 520331 493972 495423 501022 506424 470501 487700 470260 480624 472209 507165 507169 536269 487394 472203 497715 466135 463391 487754 481737 441778 471041 495631 469395 495745 457758 469101 491630 491330 476930 493832 481399 457750 474197 494560 479998 489714 504247 493670 488808 492351 433611 503849 459215 515313 510477 524758 457644 474699 527502 492252 508739 513003 511857 443982 453706 481859 483585 488006 488957 454306 499075 488905 487899 448115 458975 479631 490615 467439 445655 527592 459699 490818 505768 442811 467448 488105 452457 480965 470648 476060 473748 463552 487462 448291 539773 495989 497784 475254 503214 494709 472704 498077 484422 519856 505450 465941 469553 454103 457238 482852 470823 514441 480735 434263 505686 476685 479438 487698 492983 479872 473479 478877 452873 501328 478473 487322 458912 524541 530668 485414 446036 477628 489298 532996 489226 464452 481597 503214 486842 496468 472266 462788 505539 475835 495342 461368 480762 489209 451067 461136 499350 443173 484795 495621 451891 489768 483953 456083 487987 469083 518556 482991 471842 456919 482390 462026 524377 476357 480346 474110 491186 488110 540259 492239 461719 441997 457197 486782 495225 469220 454958 486601 477503 459570 479362 454812 458125 463602 463540 459365 508024 451576 479408 452684 480416 
450082 461646 463238 493079 454747 489332 517104 502579 499894 480919 509371 490040 482784 497905 495475 486582 480105 529850 481984 460787 468037 471989 480314 462695 516731 516641 554444 489979 474516 519718 461797 469446 485073 462737 472760 500750 490910 498010 470507 496407 502442 497970 474103 481315 493646 484600 474424 495250 504271 460818 483072 471428 508344 466811 495203 460693 480529 464597 510751 527923 501539 457887 470303 499310 482412 483546 496252 511389 445024 475794 494886 456528 490560 509104 444662 525516 481722 496709 491043 484256 455003 481665 499134 466251 520788 469397 500128 475031 487348 472994 485092 445673 512970 459214 487357 470829 510007 511173 459653 518867 476815 478285 475484 495854 487088 474050 465627 474429 516411 526387 468036 482168 473286 458984 490043 465699 492981 505969 478159 508410 488748 490646 481824 524619 474622 509281 483503 454369 501477 500203 501387 476775 538162 538705 500582 452094 483578 477717 523731 499701 467734 468665 517569 500023 497762 466202 469010 504617 500949 461473 453606 494752 495843 440158 460258 498067 430743 482507 490359 465837 496268 480767 462142 461355 469705 506849 492360 466880 478516 488749 505910 512699 439482 489367 479521 463165 477938 561332 498939 487933 438717 470245 502449 488522 469388 462146 486133 498683 458020 467789 457115 452593 467997 489320 437809 484054 436640 498788 472748 480531 
491771 444033 493614 501919 492424 551505 549211 515308 532622 496721 525768 533743 510943 533674 520071 521704 505518 546071 516923 509612 531220 524054 524610 509770 550789 545686 596572 522575 490232 529108 525928 478873 499779 483499 499166 511406 514421 509221 510745 519157 519835 512547 529736 520062 500091 513018 494830 537505 527082 501895 533370 533651 536424 493183 549172 501135 498459 497049 527790 560346 547785 486510 516265 536722 509408 549160 522732 523428 482191 471850 547002 509696 506689 531709 505557 551924 521301 516887 507579 530298 494461 506255 532537 489636 570409 496074 508131 523064 545309 497874 541964 480880 520742 490983 488587 512995 515502 546993 477647 552981 528706 508304 498844 533903 544879 535920 529808 507938 566159 544916 497084 542986 484221 514750 508707 500123 537192 529512 494758 539365 537369 534897 500795 541630 535408 517319 527752 496821 529587 504059 539519 496048 558843 577300 519616 476354 517115 502206 554625 532806 503079 509284 526961 513866 522509 488234 505887 516580 517242 501235 494665 521788 519473 477996 511249 522929 485450 516894 516149 489676 524897 521515 476764 506810 526482 536869 536155 522789 509405 501258 490026 545627 486807 506511 486651 508810 532557 602904 528339 489507 445501 496035 521409 539864 508555 492313 498638 535612 484530 521366 508264 483520 478075 507665 497438 532336 473003 494800 468442 526087 
518299 477114 498217 487513 483953 515344 534974 530203 523303 515373 533100 513602 499061 531674 550376 499971 515375 537233 519297 502374 532051 483152 514060 479886 523335 538486 572956 497523 494228 540801 498667 472748 512862 490513 493948 508085 514796 521008 494411 488594 528732 501771 515119 482457 522367 491702 506380 495805 530076 477384 513256 513294 500341 499988 510277 461732 510811 501485 522714 566795 530891 489939 477787 538315 519472 518529 501315 532768 478733 484068 523196 503872 516004 546193 482874 541169 472353 522388 495877 505570 484063 511093 507416 491248 551659 495254 540157 496605 504766 511047 530627 485257 522335 509431 490501 493198 512665 530319 446589 579907 491379 499882 515485 533910 513413 519632 499740 533018 547099 535843 493875 510207 504337 502163 491943 500234 532518 536980 491575 552915 493097 523419 509742 520559 487190 510899 507542 476192 507348 524673 503774 520092 542876 541842 509213 485495 519345 486706 576009 509721 505587 509487 514746 525937 521532 513642 524450 504085 535064 509440 500577 525166 519635 493345 476664 513531 474578 516241 512376 500689 513355 494271 496306 506213 472403 546562 525884 512737 520616 509840 528046 553622 510724 511662 514381 546097 512623 579901 520745 490941 472239 493474 530331 521488 510541 495392 504311 536871 496114 511878 513431 504231 493844 505630 479588 519183 488240 496818 481675 504028 
496422 454619 481346 501171 500810 537159 532133 502225 526373 533507 516385 537079 486379 535872 517820 522097 503409 516954 496629 508532 498681 497499 531232 504538 521408 559811 560302 518953 505545 536529 515546 488729 477900 488868 488822 515230 502570 521255 483449 538140 536715 492231 485575 503793 517160 514357 489314 516842 507231 512161 523784 539472 536193 512645 517343 499869 515510 489037 507472 567172 531080 483284 527460 556648 501811 539844 524327 525672 494016 488537 539615 483055 501032 517739 489784 526420 525971 512871 496341 514767 503379 512631 511386 479762 556162 504977 501712 505150 521234 487935 540423 473785 506875 480110 493434 505910 514251 526701 483306 554562 500662 480911 526977 526699 521197 513849 510008 510224 568686 520302 481816 497034 519715 491140 510179 487261 520031 523669 484499 526523 517928 508105 519871 530843 536074 552314 528077 517074 524773 519551 516740 499083 563772 558337 487954 483874 510537 469411 550744 522309 511977 528737 525618 504127 520541 488963 490039 530295 497636 510933 466528 522876 532797 486047 503601 505991 481386 532287 534183 490659 499278 533676 492692 523540 493762 533746 512786 505231 519903 503698 514437 552996 470729 480316 491923 528323 531000 571001 511772 488649 480155 511490 531817 525595 514108 507346 495760 508337 493291 496822 487449 500961 486674 523916 497025 518943 469430 517917 498496 538230 
462486 461263 486427 469591 473110 508211 518490 493710 497239 500684 487236 510672 489795 508835 512436 512201 495399 533535 495388 473845 497251 479453 494727 479645 521375 514150 539310 503012 493318 515099 480188 498661 468136 487713 512071 486419 543894 497864 477482 505703 498095 486998 499937 506932 477718 506036 480543 507691 523399 477265 518596 546599 515262 490811 514020 468189 493094 488962 495850 556453 503912 458009 465294 532024 496581 510026 482585 513331 475299 458863 501788 470897 472851 501402 445311 498977 496585 495048 465790 457242 459758 492201 496167 461574 510101 468340 515805 501858 501311 492750 511438 462695 494375 480170 491470 500459 497743 501710 480971 536351 487464 490726 469971 504109 519132 505285 478682 504194 525754 506468 451186 519646 486821 500183 477668 471104 490895 515422 470730 546702 509950 505629 487981 542420 478829 499334 503818 478145 505746 494017 510937 456292 534420 561332 494419 444295 522434 483623 524943 496117 476846 488123 508077 487727 515350 480754 471720 500300 496157 499758 455342 485802 483424 488925 487692 487108 441283 499242 497317 468713 487029 489661 468061 489443 466159 514540 510576 473037 462139 465243 489974 531067 468792 498339 483345 481044 518782 541037 523181 500674 446274 484696 487592 505491 509422 471572 477233 511806 502868 490392 496995 478185 490535 484760 469551 508452 482380 501737 456049 507204 
460753 429861 436538 440737 434586 471741 479077 471699 479171 470066 481869 480056 460051 489266 482459 501519 457734 489799 437880 457526 465878 475625 463853 476044 476987 491724 517878 450083 443267 466955 459881 459714 476059 454294 417799 449404 460101 471144 460342 471540 462646 465094 469724 442437 470358 453200 440673 483938 491886 422204 481461 493984 465399 462690 500721 420487 471011 453935 456863 508455 506306 427203 470882 489499 479021 510906 486615 457658 441986 412643 477992 450731 468725 487427 443787 490250 449901 496485 455053 472163 462497 481772 446278 420041 483251 434537 482559 467683 463319 476081 480099 435955 484482 463818 454160 486791 473050 469309 429646 506509 450289 458281 453377 478112 501228 474153 462661 481021 526095 494778 428120 470589 432373 452391 433479 469210 469994 461484 447256 483731 467894 473618 485264 481370 461730 459815 491389 464781 463018 472604 453569 405539 514423 497790 468027 436661 464537 445657 486943 487077 475366 459474 470044 473500 464061 434359 464653 480758 463637 447645 452903 471574 476143 434510 448189 479112 420950 505972 488779 423266 436986 466081 427616 460720 445931 478952 450934 450017 460159 456888 470424 492020 456049 457547 432267 465715 471185 515793 482855 448499 442275 440493 482324 492418 470426 425002 469915 464579 448018 452696 446376 447419 438315 449111 443326 453180 419387 462531 416074 488041 
455971 466863 481765 503121 485071 504466 535174 522460 521790 508132 513244 515366 498873 514863 519659 529808 513212 514176 475558 475354 517890 484109 495232 496086 520966 541214 537124 510962 485496 509518 473844 485271 486432 506612 524262 485171 509661 507909 464661 502104 506351 501095 502347 495752 495396 519665 479460 534650 497747 484897 512343 502494 511401 492232 503224 460595 479065 480584 520619 529889 527764 467381 482686 512659 514581 521115 502501 502503 489254 485989 526059 493145 475970 510050 455891 510822 491699 495770 484707 481928 481948 490313 526035 460567 541856 488175 515127 516033 516289 467873 526458 482419 505411 475100 491220 510204 493507 493726 479943 535404 506687 485535 493504 532849 525155 499175 487455 505148 521061 516231 473881 495425 484074 497712 468953 494857 495682 514637 475319 534185 545764 517895 532641 527499 512267 521139 493989 496848 477879 497638 513845 464144 536859 550398 497036 464680 498361 478420 517949 503733 504240 503299 476108 523296 532883 496886 496353 504038 465660 473601 468802 496651 521201 449818 479056 501271 461646 527770 510639 453581 514238 516402 459308 499043 490073 495250 501277 514352 499124 480830 510431 539141 462625 519287 498393 471180 493710 558512 538947 476280 457294 481959 499543 518968 522787 453969 516383 475249 459767 501314 481830 465274 491842 471743 488170 506354 471442 496439 464868 539118 
500792 477436 501268 519810 489980 520573 550578 547807 533977 520673 546959 528342 520531 531834 535814 538977 532332 522436 527323 501764 514438 533483 546587 515827 541037 528434 582363 524272 508030 541450 501979 520371 516221 536390 505394 512730 526782 513170 466768 514889 519444 537342 517116 491579 532139 487304 483791 554148 532192 492141 517614 515325 536856 482865 520591 470373 520264 493759 521668 587489 545539 469048 507630 555970 531100 559700 542856 517942 489617 478351 553496 504903 505882 490925 501206 543620 536049 561404 522003 509811 469465 504480 523978 503256 579766 515501 531911 531574 496467 512064 536734 479310 520937 529413 500192 505934 520055 519168 488418 568904 498024 499857 504588 558028 531047 521147 517930 531193 545737 567774 495203 518547 515285 527053 491956 529830 509117 539716 481803 542957 536158 545865 533818 524232 520888 537788 519221 487507 512253 525138 514897 473817 587375 558376 531839 493089 504918 521354 569543 537868 529592 496796 542634 540422 559748 510622 510694 528135 524967 503498 483337 489313 522444 504269 513736 503215 500311 515151 539742 479239 522693 531620 499125 514517 505515 525754 516701 508623 508865 499804 519835 569964 508456 541976 502879 499594 519168 585130 553139 506676 468536 501234 526002 539188 540595 467738 545244 505123 484825 530919 510792 499103 492662 520561 492017 518537 464349 503662 491081 527576 
472537 465891 472345 485386 478429 523235 521738 509751 522591 500550 501733 528454 489789 506789 519619 489722 492117 535706 487143 487607 479161 449533 495616 481362 499165 535774 549120 515452 481807 520518 475274 469299 480056 474678 477895 484155 488175 494132 472884 499067 507901 480713 485811 474127 485029 498062 477822 503258 491104 460015 481882 493924 503447 472567 507533 463181 467171 477559 501702 542472 519537 451913 469031 540446 502826 538752 491609 501566 461978 446492 508326 454079 479610 494985 477565 500679 478760 503044 486845 508149 482180 483090 490488 468922 535354 490683 488336 503074 489649 478046 504889 459725 514924 477489 469316 497164 481582 502851 458727 547265 507762 453724 487102 502784 505339 486639 476002 506022 532846 517400 462586 506513 491570 487114 487113 492912 496450 488841 462353 517293 504203 491569 489847 535736 495676 507400 506233 470512 485559 506720 506687 474828 537519 528264 496997 461794 475514 456293 557549 496919 496817 473158 496044 484600 487659 475912 497529 498167 483999 469604 442848 497249 497474 476069 462859 482266 455908 475909 489075 483955 496365 470906 469812 466936 461887 486497 498057 491156 488707 472998 495619 498112 466851 495698 478748 492947 477575 561586 489085 483308 453271 478326 496951 510852 486949 460919 480277 484997 474416 481750 478643 437132 494383 485203 468135 512419 435489 494799 454679 519573 
460049 427584 471969 447092 458490 475707 499442 472812 479654 471712 479713 494954 473348 490225 477888 487496 449296 482844 477742 466910 473431 479323 489741 462479 474080 515214 516119 514362 467756 494103 453925 459754 453505 472010 464634 463956 478587 455856 450931 477496 463122 497669 501451 471343 466521 487543 481288 480006 480203 475685 486625 490478 478983 439712 487302 451130 491650 473682 487323 513316 483582 436127 444307 527731 491523 498807 479773 494492 452791 430980 507063 424398 477502 442956 421719 494193 493715 475067 449357 466949 429056 477357 481288 446569 488344 460012 466728 464015 482383 465255 492797 439411 467846 464199 432663 468894 498877 482467 442848 524447 467920 466595 462802 499003 481526 461343 472250 478993 507403 485423 438900 447012 458387 481491 464114 464140 473401 494811 461464 488582 484676 479770 479785 483957 491665 493585 486833 468118 474410 477903 484813 467978 525899 493709 483455 456524 478359 444297 514442 455179 459636 469279 489256 497434 481750 448984 425787 504006 478840 466774 448835 458425 496132 445208 453801 488848 434602 473124 479591 440497 467106 466435 447225 480927 451005 471503 484884 467835 461762 469929 467471 529093 466065 491724 463478 458425 469204 536140 489739 444444 422202 473472 454581 486627 509617 426481 465039 479278 462288 485661 463496 454023 445503 464960 444016 480846 429236 476853 441572 474750 
522053 501488 509796 514229 536810 572375 568408 553255 575980 550381 545313 571312 530744 561286 548231 555075 549542 547410 530052 516458 519400 530070 540330 513558 556520 583690 581919 555898 524338 568919 525408 508664 536196 545849 531748 529153 554115 553962 532920 542042 558934 540539 549636 515179 553836 524972 512490 567214 546129 524328 556633 580769 551413 539375 573316 507635 531822 526460 546282 599127 541416 488661 519317 582450 553781 570918 544555 555049 515583 487870 564980 522629 538702 547322 489849 547320 532476 550400 522990 524536 531543 528992 540156 496290 574501 551395 511744 558854 545687 533868 562530 501663 541739 521517 541390 538321 530864 549474 496455 602296 535494 505292 531596 556273 565867 560298 529861 540948 564830 546802 503717 547433 523900 509713 532097 525821 529687 528654 520353 576755 540505 549718 550084 554365 546895 552418 547114 513954 549422 540843 543443 509495 604239 581183 538233 509506 511399 518532 578917 527871 537933 539193 557866 532440 550297 533128 533299 557158 519339 533969 508406 549239 547910 498556 518411 546912 487397 549654 536766 497816 529236 543978 516330 544629 517076 546691 540230 533684 525565 525539 537632 599914 516920 552243 504577 538501 524355 606951 552207 523776 496192 511084 547473 569463 536123 509023 532112 534353 513904 536887 509061 533991 535266 548963 484273 519160 481566 537661 503641 553545 
504565 469568 491434 511784 489232 529975 548574 502916 541131 512918 555992 540593 511806 545660 538991 525553 515500 546678 521693 509272 526410 511445 527924 558628 553022 558130 572273 516348 517963 523077 491326 496803 499592 524348 509288 500857 530287 500354 492612 541227 528659 530954 529649 531276 517805 522031 477953 530777 532692 501705 535980 518519 515916 485357 530573 506919 520333 511406 523226 584779 549799 500459 510824 530353 531518 556876 535440 529215 501040 475724 514109 489715 506295 517520 481288 540737 526977 532792 496090 515307 518595 529497 523847 478358 534933 491743 534446 506819 513503 532912 551667 462097 536374 500759 496293 551002 529490 519455 485182 561852 507175 517192 507835 537628 530922 527841 540688 535928 564115 529238 492550 520363 500665 503488 512704 502816 520695 540603 479964 545553 526759 529341 510905 553834 537232 529887 536130 502788 534657 515999 545110 492036 560587 576871 532360 486553 530790 500634 557074 525537 514833 515015 517388 530110 502741 496578 493265 539662 526649 506127 493407 540417 547306 504037 519733 536107 474847 524922 532453 484935 502142 501047 489371 513931 489989 553546 515153 523196 517525 503469 499839 531213 490672 516940 521180 498089 543887 604822 526504 501986 473675 510056 502131 541245 529034 491146 526052 522541 485287 524945 505820 504704 523357 495380 508253 525710 481611 524442 495715 532000 
481651 454168 477403 469396 483468 499142 511634 520328 507001 515559 519013 508475 490770 497413 523453 499169 501665 473029 502566 477310 505848 469014 484983 501234 493886 524393 579361 486329 497639 531778 477966 470785 486481 473221 499185 469024 504474 518106 475022 466535 498668 482277 483413 464651 529648 493624 471296 522261 507138 479551 496470 512024 501251 499119 509115 467523 503973 484472 502087 519404 530990 455881 472771 516142 516024 530004 481308 514723 491132 461122 515421 473131 490646 490067 474267 518318 483224 506448 488200 492251 467259 478047 506682 477269 529187 490710 506771 507355 502611 481134 516941 473219 517581 459425 484971 496093 504957 496123 448098 549997 484602 500067 508523 528124 495764 519316 477109 493937 535299 508656 465685 481651 489580 497039 466409 489191 530428 498881 444336 515441 499103 519743 504923 532106 480793 516193 504397 495423 501254 474129 535511 474897 514557 524218 475100 466927 500350 465998 543283 490301 478623 491348 516440 507767 482764 490337 501597 514603 480761 491330 470656 489825 520261 464576 477871 488182 470718 489612 507969 463110 498945 512474 490462 491403 480870 492818 501296 506557 499812 481933 478644 530764 478299 490401 505681 489016 510591 557505 503918 474911 437296 483387 503025 529182 498427 495364 488364 469653 447900 506738 471804 477521 473244 479118 477766 512273 459466 496230 460549 517236 
482948 452443 474159 466277 483903 523851 527419 521626 494968 488384 518271 508398 487802 501365 499630 515437 490913 502413 494322 529271 512348 488900 521937 480510 494780 511917 566150 498915 483652 525145 493201 485204 477963 485805 501904 479724 516369 500138 496030 494495 511138 503290 510317 466883 503803 487907 502662 500559 540172 485547 519848 513937 496402 483307 539443 482926 503365 504006 513845 534758 534835 486862 494724 532153 503022 525329 483447 520568 485644 449843 523878 457842 506975 491273 468755 523170 498105 508686 485090 470949 501410 509508 522190 485080 519145 468469 524301 511902 497139 497524 516578 488106 520136 492408 452440 506002 517790 527348 477461 544082 495907 475198 484916 529190 524252 523460 489748 495666 543095 526407 463898 525677 460332 486789 474739 494271 504854 486648 491724 503907 496546 503967 513670 530506 490180 510820 506952 495066 518675 503557 528132 479196 539963 535690 498993 448414 509760 478049 532896 514077 493020 500998 511198 512777 472454 475258 474177 488089 508555 496849 477285 507665 523571 469271 475274 498420 464363 494393 513100 458647 495322 507136 483547 504760 478469 504021 501324 483800 479763 498715 506783 531219 473659 492195 470319 472279 506436 566581 512116 485763 444566 505104 523566 500553 510152 463661 502182 497250 457337 489901 465425 474097 451564 493758 482440 503939 456071 485563 474567 530130 
499472 475260 521850 506267 490201 524140 521992 507765 551975 525383 521082 519173 486703 509505 548195 534107 520327 519256 477953 513801 519332 516636 543135 504480 525905 557481 569081 525243 525617 543704 496936 516726 490213 511595 508391 501758 523589 541703 478073 536702 514582 523033 521154 491141 540299 504311 491625 536958 513125 509433 522875 528144 528578 496293 532321 501267 517543 501504 532322 548700 534935 472153 488112 558410 514908 547527 539298 539261 503606 490418 538445 499465 490212 526970 469034 547375 511343 515911 484732 505634 465937 498556 513730 495493 561301 512901 533790 543477 513195 493181 542795 477084 540583 512240 504690 526655 518493 489891 493631 570928 501194 497088 511009 548804 520038 502038 512563 509328 560033 539914 480554 506560 538590 501916 522346 499136 520464 519209 494233 541432 522751 522224 517599 554449 505876 562372 506657 512191 506787 551201 543467 506628 551976 559228 540711 496074 513594 490185 554948 510319 511432 527877 520977 524494 529987 496859 515517 527566 523971 497353 474528 507633 559658 496316 516157 538485 483416 528616 518777 481669 514298 537927 485254 498268 512292 519557 511104 509661 496717 515709 516978 557648 496700 518803 520851 508101 534514 586861 523889 499106 487104 507092 535500 539221 547244 493662 528328 507833 477907 493245 513247 471849 503500 507660 502829 522411 489357 514642 486668 544680 
504536 452415 484568 486917 481840 510753 537884 503127 500280 488753 511340 496793 479515 501283 503214 516604 516153 506641 506878 509916 495228 491276 525899 500240 538420 541734 548494 520641 487084 509899 497528 500616 486097 501662 508471 498237 505215 485987 485680 506887 500295 492629 502204 495395 520423 505300 484272 507211 542963 496253 497097 516463 500482 480375 534549 498054 524232 501832 519993 538721 506478 479775 497044 527705 529996 533945 481945 530376 477611 480439 508795 452673 504759 499569 466175 503609 512322 514796 490661 483856 470216 503567 515814 476190 531432 480660 513130 500212 491687 501252 527056 478930 488032 483000 481079 495805 499864 503973 491236 539195 487337 482225 499375 523768 502944 503898 482019 512751 531636 527473 469909 507660 524424 488623 503103 479648 484828 512607 467640 525806 507599 510263 488800 537243 492535 524097 512619 481596 519514 517555 523329 455408 547785 527168 500169 472056 505675 496932 522650 494258 508306 494065 517962 497388 506967 468068 457952 502479 507600 487333 467810 498614 534711 474837 494766 496211 488559 507542 518154 475791 491454 493371 481511 490924 473182 506048 508498 491643 491645 474882 494219 545665 465377 508190 490409 498482 518676 576726 504594 490210 474279 484847 494767 521972 496174 475493 498798 491903 479009 518336 492381 490856 488333 491413 478027 511597 444664 488634 465038 529459 
442761 425866 461423 470476 454110 480600 485470 480738 457498 453749 457231 487033 440326 453886 479691 479159 475181 469573 455236 431213 442668 461070 462220 439312 455877 498161 525154 462129 452566 487961 459333 437690 477200 449377 447115 453936 468901 463378 451337 447298 445752 461932 464787 453897 454866 442545 437580 497092 491010 445885 457326 489497 470095 441688 514249 428819 455566 445629 460640 513680 470328 413296 459317 478980 479044 473029 477036 475280 443789 437123 462497 434642 446478 458662 438672 468628 470283 479234 468801 448664 441849 462599 463849 437348 509677 425475 463294 460049 454957 470611 475494 418841 477854 453631 442379 455113 462686 457123 431090 500631 456274 440116 452925 493982 465018 473774 445248 453919 510835 473441 455888 451359 419339 441390 443395 443155 452300 455925 443686 463325 462634 487203 480930 465565 464978 447957 446804 430278 466596 458378 475051 433209 505210 496979 476386 432426 454777 427752 496450 477663 465740 459963 469677 469943 471790 446809 449483 475061 445479 448087 446297 450863 463797 452443 443358 488177 433802 470679 456832 422006 453837 473133 439070 442989 456556 467015 440101 468178 452554 441678 476020 499184 436606 480285 431444 459882 459289 531876 481276 449160 407160 445115 475188 476732 455724 396664 471901 461285 422276 455066 460539 430730 441078 443774 426540 475477 428549 434133 419048 474252 
479447 436288 467560 471982 466088 495937 500368 497531 488817 473696 515847 513687 483908 519351 480424 492805 489605 506326 503488 476759 483879 482882 483490 478159 511093 525337 550084 491444 483511 519173 476174 439665 478417 466936 463978 467534 484710 479538 473944 482023 491007 478977 502744 487353 492874 480734 449779 489372 491777 470305 489016 509226 495270 499543 505987 463619 480170 465454 492637 515496 506741 452572 453817 506443 493123 512168 489026 485124 451180 448833 521244 459755 471114 501947 440613 504163 476427 514743 453640 483384 458348 485181 468137 471517 525233 480426 491794 504470 477393 484284 512993 454561 491121 478121 465328 478721 489819 484589 441460 533557 467645 470271 449694 479346 524537 498875 480328 481834 520315 498494 481023 498617 472579 482127 456206 477526 499626 504009 448176 507434 473304 482727 498761 504318 493789 499856 503524 469505 496135 484572 489377 471756 530961 520012 498941 460376 477382 481549 535641 494859 465267 482128 504656 467479 492587 468989 490470 494959 487379 463473 455199 496326 489358 475605 458558 477924 440287 494118 465543 470209 475771 498321 470021 477454 475167 495371 464670 461985 460221 475346 496386 520912 469567 467513 456104 492266 492744 549457 499335 466061 444930 446149 477902 497215 507228 465369 480452 495625 455917 489802 466971 467706 488035 490316 467776 489840 435666 467915 466465 501325 
504862 459359 482102 495261 483534 511878 537019 507142 505957 497105 513830 518379 474431 504532 522307 533666 504526 511311 490860 509786 499102 521549 510022 470963 528664 553677 547788 500175 496770 527480 501267 472486 490102 496512 512311 495761 495212 506563 477436 508200 482082 497258 500397 475508 515557 487959 478563 523822 539858 473785 494668 534451 510145 484030 498786 461815 518073 483341 523067 543314 537979 474473 495274 533363 524485 523211 504658 516393 478050 470682 511859 483571 483384 511650 477344 531576 501597 534691 481262 478156 478473 508125 507559 489860 524153 496604 505000 517646 485936 494187 529097 486787 508703 476546 463269 508101 509346 506279 451198 559280 506118 491187 489496 538420 532081 517766 516880 492901 538635 519039 482515 497854 503792 475180 503042 476194 503422 519461 482032 527028 513983 510666 519689 524675 494722 533265 520161 489717 499620 507699 510804 488861 548702 543152 503376 470503 505332 486038 547552 501389 499786 485762 519445 521188 501971 460424 492507 514470 491298 495209 481917 514523 547524 474670 498973 497769 478690 509614 504991 483852 487278 511784 486455 511516 490606 503424 481077 493971 503402 484749 489970 526825 488421 519046 491479 472799 520865 566097 519534 493004 437796 494707 515268 534869 518157 489890 491186 502102 469484 506234 485615 469412 475664 508111 468302 489955 453953 496591 472695 518367 
486463 496247 494356 521921 468024 519576 536770 518952 535613 505480 554557 514812 504706 529342 530292 517394 522160 537672 510710 503174 520768 487064 506655 507760 523439 572864 557573 535436 503436 559895 507983 498598 507811 496841 512304 518463 537703 512854 504838 512643 513671 520924 519987 498424 548039 521700 483390 536565 531613 493581 514159 530063 528227 516636 515976 494614 500363 509614 515610 559793 539521 496399 495301 529722 522617 557577 508988 530234 487633 473185 536654 481092 514326 530092 478534 523903 494924 530280 516283 497122 500437 506247 508995 486069 549103 506587 513657 509076 516989 501541 525093 484222 522050 515465 510881 495755 528237 537641 452338 559237 526432 500974 495940 553348 513402 525256 504944 532290 555504 531931 474363 504696 505504 484582 501550 486396 510520 534574 478866 532985 525506 518275 522270 540118 506076 540550 536679 496951 515314 526255 516193 501013 561630 557549 510900 461668 505127 485752 545703 527803 498786 500331 524984 534740 501229 506212 517470 535287 510324 496052 472117 525948 509297 492454 515376 531607 444661 520854 514713 492852 508527 492708 498838 513201 473187 531746 500530 530225 526013 493096 533257 548802 489383 525284 515511 503915 522331 589897 531135 476561 481325 505732 525255 532346 516791 494356 502152 526985 486149 485099 492568 518067 503226 505934 467753 511636 490723 509038 485632 520947 
472991 464604 493505 491303 485279 525907 522768 503876 526005 533007 505394 510610 472642 510211 519699 532762 489884 524140 507107 507878 487042 509530 515928 470816 525635 538850 553510 526402 503234 557824 487573 489291 512206 524007 512563 476941 526960 517906 484473 499547 482788 521135 513266 509174 517093 491503 502867 518298 510682 507280 512854 548274 497217 464835 511842 483043 522133 482168 504412 552938 526413 463981 500955 554799 510975 529773 524380 518640 486193 484272 538751 487697 478801 499309 480340 545285 511186 507894 487998 482654 493240 477604 498622 466865 540037 475472 493656 521822 505872 496211 525419 483985 511668 497419 493812 515338 522468 504285 479535 570664 512953 493702 486857 523314 516430 508776 501466 506858 572567 515515 482277 503815 497995 490628 489813 470837 526957 508428 473546 535697 526171 511195 528157 521744 514992 547358 511571 493645 498713 512936 515404 491217 535474 544386 501215 458888 537203 489918 547176 512125 504737 499167 501479 526030 529535 490554 483725 534427 487377 495214 479794 480455 525919 486209 508688 500213 492294 494776 512147 479388 497478 529310 475984 513473 480939 519503 500841 486096 512091 485329 535310 541202 494528 547019 497057 492350 504921 563583 512235 473213 463197 489872 520068 509695 521574 471131 500504 519544 483077 496312 507791 483416 489534 508934 493845 534701 474749 483762 503986 537355 
467257 458013 469626 505803 454162 510415 520273 474432 507026 489710 504921 520138 480926 496294 497295 479636 481281 483461 492138 498754 488134 486553 526259 478239 494796 547372 549972 487047 487664 541383 476203 484448 494367 488779 483491 475743 500166 474753 470679 491288 498645 492254 484067 468243 510035 475970 452454 508114 488424 462892 507557 495135 495403 497863 509853 472069 487503 495930 507004 554905 509926 458513 466342 491153 497969 528916 505647 485599 486665 460515 522070 491137 479487 478292 473404 520596 505092 507538 467500 494437 475267 472240 466757 468700 511708 492953 505683 519280 477729 471772 491527 453727 505943 467835 476852 477615 496294 509179 461362 576978 506596 473834 487949 523063 503049 479889 500082 485729 553318 519095 463812 502929 487091 488242 462645 493944 498658 509786 453733 499410 499866 485910 510976 510749 480501 514634 519889 476735 502931 496219 502277 467126 544761 526162 496037 471586 496102 447262 546341 495268 498750 479215 510081 501652 482628 484725 503388 493787 488981 462005 441552 492662 491934 474814 465784 504241 475513 496658 504819 465389 509039 501040 486273 487935 474342 490984 484060 482022 477673 469694 485668 520065 482268 481511 491981 505263 492985 551990 505110 466119 462469 483329 496655 490299 508717 454381 471107 472173 434999 474938 484431 481143 462958 494924 487613 483745 458140 472363 451382 507339 
430335 420713 451085 443640 426018 470303 481131 473730 482714 458180 449414 466709 431918 476072 465865 451147 475092 462811 466693 441345 437530 460116 462028 432307 477368 499035 509696 446677 439679 475753 455316 457320 426566 436766 461430 455389 453777 469370 430871 448412 455580 444124 455034 428396 480603 468248 429046 462847 455524 436189 452024 460233 475788 444416 469422 423490 443678 448659 479188 480108 468112 397417 456717 472188 468855 480563 452245 465771 417673 425674 468829 435886 440408 440498 409004 456107 462373 467944 441276 439804 427057 448844 457984 422543 491497 436632 456871 473691 449065 455842 472879 419123 466844 439749 440621 430312 462420 469268 438977 518269 442501 423673 471703 459439 455097 452213 452428 472485 480095 466608 441297 471518 441502 437940 428780 429456 457517 480172 412219 461534 470604 467243 460692 486896 444745 490822 472871 438800 462110 459076 462639 408120 505438 474485 468582 418952 433756 426072 484812 452294 450891 439597 458934 447507 437135 449269 450771 462751 453832 419086 422753 471814 468610 416844 434461 442979 439069 454642 469981 411997 476514 457044 449788 440700 433886 468193 434179 439398 447027 453521 444365 467049 431617 476569 463775 441477 460444 517071 454088 435296 415261 446301 476194 462601 435704 407909 463421 429606 413244 438692 431281 427045 426727 419125 411660 448886 430892 461663 411021 467148 
495618 474279 492511 499971 490992 545500 528600 533220 536231 529282 519575 537108 496422 542392 530289 529520 524090 515749 512364 493281 529315 506274 519031 518693 546536 551244 600385 535554 509274 572704 509933 486371 506521 495037 497365 513511 568729 518640 492296 523848 538244 505468 499950 521459 528833 526119 501300 540457 522993 519268 532095 529547 540151 503026 540094 493248 493766 505678 529542 574487 535019 469645 482544 530207 513989 569625 518291 514666 495588 491594 547206 475887 519247 499826 494309 544935 524510 531699 524617 497226 510161 507132 519179 484490 543973 520728 541843 514058 527469 508714 557269 479894 550391 499454 513786 516217 546051 537839 485193 573461 509463 473471 504795 544678 511889 523821 502197 526603 561110 526856 483144 546908 508368 502004 528429 493570 542400 538506 494724 544706 538780 524997 531362 554461 529648 525071 533662 497648 533375 521221 536424 480241 578863 573122 519707 489808 512251 489755 552765 524869 521628 513462 510695 523486 539670 528645 506144 517190 488407 491226 494256 522861 545078 497220 515487 525687 486638 527211 525513 522468 505133 536747 509127 508499 480613 511925 515514 531348 514395 499354 524843 545109 473438 515405 502570 518767 526351 580391 538346 513225 492128 495047 517456 519397 540749 468176 506142 515620 467526 499275 502987 506012 481833 509371 501007 534553 481955 504305 475449 519594 
462135 435799 465248 458240 441544 487402 504768 491708 506257 474262 496482 512539 481175 515851 497830 481115 473425 493411 470869 471952 493085 469379 497397 459953 508540 495229 519399 475716 448420 506641 473470 458019 457274 450690 457509 467628 481766 489512 478416 471591 468749 475415 473398 473425 485711 485106 467112 474114 489320 451848 509352 497526 499127 454758 495543 446895 506191 476640 490053 535499 504132 438318 475692 516758 477194 513214 500183 471915 428286 439174 509040 463104 480398 463071 437311 510923 465812 489356 451762 482843 478829 481746 485399 449810 519788 466663 484834 478568 489805 471124 510541 437959 500165 469782 473717 498356 489253 482964 460945 523830 471331 457639 471687 494615 499135 501577 487205 493213 502226 494709 445861 503434 468786 478479 481438 484921 476412 480196 454295 501729 477552 475851 481013 483372 509838 515705 491926 460598 462111 492570 471735 451583 534133 517528 464330 428345 484526 463383 505249 488240 463547 463496 501437 467102 473755 465412 477344 470990 499955 461378 464999 484260 495685 455938 461588 486780 462640 500439 498381 454068 474277 474670 456248 473587 448657 501297 472975 448698 452147 477869 511934 505538 451850 484799 480865 475711 495341 562565 503229 478378 436783 445701 490614 491445 488658 462495 493996 504282 458319 491844 477449 455627 452173 515020 451042 496930 445171 483628 448670 509783 
455536 428158 477913 457608 440703 487750 490961 468767 490644 486481 505990 498459 457239 475740 482305 470612 483823 485823 485692 481578 467160 484191 467824 466023 491476 493842 532190 502625 461121 500724 463506 461843 468718 466891 458635 473957 490234 475027 455574 463855 473456 481242 473568 471298 512095 454186 464234 500156 503437 470457 501320 490163 498634 453879 478436 442799 487511 468881 473391 512827 471225 431251 458738 499513 463799 511241 504745 490836 438328 439890 505913 445976 461020 466485 466743 514185 481742 499558 460760 458454 429080 458183 473339 457312 527180 465128 487627 475902 490600 446167 494920 459063 502372 474562 456372 505413 478384 474841 426908 524670 464840 479600 452700 504202 470939 468232 462317 471237 515824 499124 444746 461890 457299 472333 458921 455647 488240 487339 445243 480690 464218 501912 483306 500731 493934 503982 477367 455410 485788 468119 488855 454118 518036 532485 493230 437813 480957 460785 520260 483651 441241 454027 481127 484974 488124 449641 487063 483417 484481 459497 451936 464743 479416 452135 473314 481066 456414 458330 478210 458507 505077 481153 457602 482308 476435 484945 459853 464448 450664 487061 473743 492660 456736 460512 452106 460743 474701 548906 489714 436866 444390 461762 484209 484628 502321 434219 459065 481423 426630 440822 466037 447898 432367 491162 470269 479143 455588 468401 434750 497632 
509559 469882 527699 503276 518703 560184 559772 549562 537058 511508 549822 560031 517161 533043 546457 562776 509543 559217 519387 515157 512203 523009 529774 522786 523726 562862 599221 548544 509361 581610 517848 525071 507167 505422 515753 499407 549052 542771 522092 542442 538964 544497 555941 524858 542851 527702 525662 568753 573278 523894 526429 567932 546850 551505 546241 506080 530224 499316 525752 553642 551401 501887 498346 560556 515397 553310 545809 547233 515257 479951 559991 503386 516501 546611 507608 561403 541641 537504 525550 536711 528545 512060 533796 531130 565846 518385 536947 524426 537107 503641 544694 517227 540032 496229 511716 540275 541862 519509 488089 597554 540035 512531 507679 541132 542525 542201 536246 530045 564157 534102 521042 531120 520647 523505 516138 515960 526972 522828 504552 524531 544619 531074 553369 570264 543176 536582 559568 490169 519003 521962 537998 539208 566803 564622 530700 499745 524556 494039 568674 526273 518662 525089 542452 558548 552645 501150 496209 546758 532573 514595 501381 523520 519871 497168 514796 548234 477513 559287 536958 496272 546505 550865 520888 509040 508965 531726 530064 546498 503585 522786 544196 547899 490882 524593 529883 525814 521084 604425 543011 506277 476114 534778 552698 542575 508327 498982 526059 526587 507801 508310 505076 502922 507271 516621 502069 532175 492891 514270 491258 548069 
477514 473543 498443 531869 498046 531879 535667 535109 528364 519277 551650 512042 514019 578210 537428 547375 531681 528216 527055 525691 515403 535013 513521 500175 558435 523121 591644 546496 518718 554724 504415 500907 492657 517970 522477 541614 555025 527974 493342 543387 515690 525124 514063 514653 541621 529695 497186 535061 534031 507174 532965 561811 518393 521025 546935 497092 529026 533649 539475 567911 541068 474993 504413 565277 544466 557734 554146 502330 501348 486056 543916 510746 504317 513346 471803 549429 507555 519209 533228 497937 489764 502608 554120 492602 560789 522423 529282 540861 539700 513941 538023 475335 526226 531633 523908 523508 521726 513695 469171 574519 496110 507112 494884 523589 534068 526318 509896 539931 552665 526587 487460 542129 526404 514270 524674 492112 544368 534104 489917 538656 532340 533434 514477 557753 524620 540747 521352 516926 519848 548338 544548 497458 565675 577534 549956 490134 535458 505195 577520 529664 518186 525190 536146 503364 546768 521151 502085 544415 509320 492164 529504 501228 549233 508268 519167 527933 488201 538728 526654 493120 536104 540118 514984 505764 496899 527738 524760 498234 516728 504180 528502 573441 479111 536954 501643 511018 533558 600517 528040 491434 472574 489527 524913 506889 554406 492458 525740 534359 484609 519006 501510 493023 513121 513307 480779 535246 458126 530353 495092 547375 
489529 490488 494158 505432 504205 542833 545210 525087 534698 533630 537098 546284 496985 528404 524265 516969 521845 555411 533676 490920 508461 520911 527572 537828 537847 557337 574302 511409 535085 560855 503273 502822 502113 508111 513051 504823 543451 521807 508419 529508 524947 501911 514201 493913 514749 527416 501673 549022 515086 484768 546445 559309 518787 513850 543248 473072 521049 490412 517122 584812 546470 476440 488568 545781 528960 559764 524238 535040 485358 473200 524590 499103 499348 529152 482083 555595 496395 531464 467533 508712 505585 511297 490693 493961 567693 500411 517179 515777 496088 531194 547498 462080 532450 505467 510706 514175 531315 551093 485145 578019 509345 499803 511259 529374 544377 541409 512741 501407 558695 540823 510526 519023 485608 507186 502610 507838 528872 517149 491781 555432 515951 516352 546015 547967 524410 528622 536611 498146 506669 502158 530639 506125 559924 563080 515509 496128 531184 489253 576940 541085 513095 524818 528983 525984 521529 512616 502664 537359 527256 504042 489914 534816 534943 488601 484145 542052 478570 512532 523685 506554 501350 517424 503629 514681 508558 539749 538331 508699 504818 518653 526383 567318 487148 519645 506679 504378 524459 592203 542577 514241 489563 499819 516473 520256 530832 482755 504027 515708 488448 529945 498449 509125 470831 498786 511183 541613 479437 512969 484062 544514 
469275 436599 481619 483455 451121 499093 513241 493621 487583 492470 516227 505447 475899 479967 513165 502408 489034 491765 482561 478158 487943 479225 496842 472868 498109 519866 555208 511470 469168 537542 486295 449785 460044 463604 475492 474394 503603 512712 482408 506098 480215 474805 484809 487080 519878 470106 445048 520984 495509 475371 498394 498131 505298 491153 481346 475392 476339 461595 497528 532555 516396 456666 449967 506857 480357 521655 492489 501925 460963 466098 497447 458379 490394 472634 448206 513152 476445 497684 481138 454818 456791 484787 482161 463942 531283 477406 485230 479832 491483 454621 502328 442369 494060 483488 462735 483965 506593 496898 467500 514423 470124 460655 484934 501424 486864 483510 473349 473329 512773 504112 452425 474354 475255 468220 486892 464723 506684 481901 473870 504630 473269 505698 510921 527601 479679 507919 493458 455131 478484 473298 494050 466716 516074 550515 505139 448071 498352 455627 527929 516059 466535 486462 500809 495233 504320 479837 483501 504336 479755 469395 461522 502080 496605 461075 477938 520817 431495 477876 510857 463800 492991 500343 464507 478086 474605 488175 476757 487880 464450 489089 514151 526139 463703 485337 459533 471271 485924 559029 526394 475062 426003 490153 500687 479880 486474 456421 493660 484859 457443 463918 456264 454567 442456 486208 447500 508681 455071 479382 477316 504483 
516842 494375 527683 518514 529751 532724 563222 539508 546034 550842 557592 549536 523116 542555 568644 523983 522381 544759 531196 526972 523750 537055 538002 497955 549802 573993 593369 550001 537716 557146 518798 500409 532029 528717 521277 509148 545777 533016 530740 539135 514754 538878 510947 507627 565224 520602 516239 533948 542791 517871 550861 565623 552989 503991 548098 514319 516735 503054 560501 579380 560163 503952 531434 563859 539016 574201 506273 562604 504390 519565 551810 504058 518102 555589 498664 558011 540578 538568 532862 518126 518165 545450 546977 487058 561769 511575 543107 530586 530700 527880 558396 486216 557995 518829 530013 545649 535020 556252 489779 590514 545803 526107 554011 549614 553075 560457 497161 553224 563737 542997 501480 508126 519881 514489 515018 524012 542566 533125 495183 548265 556752 572384 572463 552283 535108 546056 533469 542374 545725 534698 543903 519858 577413 576238 527676 498775 525697 516388 578626 559872 526117 537511 562142 535496 528443 526754 543052 574961 517424 524325 513635 537018 557645 513157 517460 550008 494579 518631 546850 507736 554828 559876 501676 528394 529169 558516 519334 534164 510951 537970 526535 581509 525961 533361 494029 531941 535954 592489 556542 509965 469266 517131 544642 570636 543661 497745 551129 533753 476433 552527 516295 484420 516526 550857 474461 532438 487730 526295 511224 544462 
514909 456640 497157 491979 501864 517234 522892 546295 507695 502526 545917 517887 489235 491589 516800 513452 512776 513700 484551 489273 499608 506934 524902 503822 516004 514337 566970 490968 506207 528344 450655 496127 492939 498600 489828 485617 525813 518501 462283 497387 509574 520297 483985 495706 511741 456966 504351 511505 522393 469627 508294 509026 515334 498160 516169 483129 510935 504745 504403 557415 530977 483873 487346 550024 489361 563817 493099 537407 487864 471427 517745 493152 498614 521988 483448 546556 513654 528760 497072 486436 488383 480541 518726 500483 559350 480068 522114 496472 493030 472632 513359 477433 531048 492299 474717 517827 490916 511707 462926 537586 486487 474283 514847 539524 521590 513939 499618 494279 534128 538082 470859 501233 486848 497818 519281 488778 494867 516898 489676 556264 480121 500942 523864 498801 497914 508504 522653 475369 509155 503385 513281 481673 545534 548188 507661 463448 491018 487931 564061 521605 494385 488375 506844 525506 518385 480496 483869 503582 516489 520674 482546 498787 526155 482701 494166 512781 478009 506634 521727 474502 495430 497011 487511 501324 503018 509113 511686 506838 494508 502944 529302 540489 479557 504968 477747 492004 507970 583453 528099 496201 445576 485106 519316 509463 501391 475353 505963 521540 471679 490480 483232 489783 449362 506108 479418 515807 468169 495784 466349 524588 
512637 454508 492052 500684 478833 539354 539081 541727 519866 523229 535514 535535 516064 541310 531062 531294 508358 535615 531950 495739 529663 514629 530460 529949 568725 553100 576885 533741 497821 568322 505720 505864 485814 506740 510709 518273 513189 524329 508713 524057 518192 528639 545304 515307 534157 526695 495116 520017 554827 511851 521589 535982 537840 496493 539349 496087 531688 510055 513639 556838 552453 487625 509383 554157 543965 549554 532868 511661 465508 480474 518187 504078 518757 535155 485873 553151 500600 529060 473971 515941 515522 532919 528034 490011 545631 489134 514954 511806 492546 503850 531105 477557 529413 513680 486811 541263 526318 524334 484990 547164 488891 518419 498957 539056 512215 548587 514002 532357 554084 530057 489334 533265 502940 500174 497798 520231 538430 533804 469108 521773 533134 512121 525022 570981 515095 546676 549868 528413 522249 507851 545638 496653 552410 556263 544460 504488 525749 501573 567384 542083 514382 523861 537378 532310 529511 514262 485750 536671 524212 525739 495208 531872 537031 516389 527343 538425 474740 525500 518788 498110 489126 511938 508517 530746 466743 536820 520374 527644 504065 512473 511790 553846 480060 516026 495173 521097 527091 589545 535161 500727 463545 507855 522558 524400 525059 499691 522621 502714 499186 524408 520796 495699 498860 516315 514344 530913 490027 507857 499347 547579 
468750 453371 475053 480271 487316 508685 526520 500789 506372 489785 532192 498598 474373 498658 540634 486937 495881 513859 498585 492123 504536 486448 510895 470670 510495 532028 566435 508349 487042 527575 504312 461610 509712 488739 486813 483673 497765 493123 505185 511124 494850 491045 497112 472160 507885 483489 471138 500848 523725 486797 512621 518665 508927 494550 505103 462479 498805 497432 507566 540792 510158 461013 457170 515384 494929 520975 490834 523686 464755 491013 530212 475013 496260 504203 469830 531395 505406 508277 481883 482926 489043 496386 506788 486181 563430 471630 517619 516068 507257 505861 520613 474741 511141 475449 481042 500621 498351 479315 450443 558146 470238 509950 487418 518327 500384 497426 498302 488428 511236 528665 464601 496630 486739 478002 503353 485754 512004 501292 469099 527883 497404 522843 496751 529545 488046 509308 496544 469483 513795 515969 506889 474328 560784 537411 516007 459694 498086 467648 534630 489728 469189 490397 490601 506075 532649 482187 495372 505430 506943 487048 473631 513469 520272 469577 483245 514728 466941 498379 510057 475618 510606 539125 462438 484093 487870 529132 508684 475774 466233 488980 495736 531608 471944 481716 497397 480390 512864 579685 503366 493750 449531 484402 509085 519425 501110 472937 503512 503446 455688 491204 467079 481904 481735 511589 466234 494352 477528 489072 475115 503741 
467414 445020 494147 480609 475244 522469 502485 504737 511156 535948 524917 496723 463234 519432 498438 499895 502021 493407 492152 493105 511995 473069 485507 507683 498277 540387 557618 515996 491830 524762 493611 481213 481099 493773 476345 485383 517358 490633 498018 482422 506443 481054 504375 486320 511128 472108 456993 531557 500007 500394 518838 512563 498341 481811 532521 470591 485884 480084 474783 548427 498554 458076 454607 514970 501724 527556 497941 507509 474886 458573 518256 462735 479127 507024 470914 519183 502482 500708 487057 476840 467167 488825 497195 460064 529412 479537 515571 503192 493303 475062 528224 473292 520968 487051 472135 506928 520582 483155 469606 530713 500061 486516 476602 516857 498601 487560 494322 506938 550940 496755 464555 494137 477116 489257 481317 499391 502558 498788 469364 530068 490293 518731 511482 521682 489880 509025 500233 492070 510732 500245 499120 473648 530715 524520 504505 470880 482054 481710 546888 495569 507997 490329 513355 511632 518801 490440 490662 501033 484631 484413 474585 508774 515061 479777 479837 503993 459648 504293 499984 472306 489544 507232 461901 479237 494744 511545 516828 494811 496162 474148 494038 519887 469035 517716 496900 499500 493687 571824 496099 471635 461890 479648 518426 522953 529936 430737 497301 481782 482531 492456 478411 463386 482368 481109 500689 526276 476985 489121 470131 516718 
485839 475901 500016 512456 504330 526004 517077 537506 526502 522287 534842 536453 498759 524502 508929 518655 520534 518050 505524 497418 533724 517798 514443 515032 521713 548007 546779 531661 525851 542697 487685 516934 506387 495850 512151 487256 509301 532281 498432 504213 506773 530328 496595 501508 531880 473662 505952 521317 516660 506058 533309 541227 529747 491077 510581 486254 517783 481189 489063 548862 552054 487726 492714 541758 511594 531284 519848 523704 501372 479062 514145 482567 498138 526978 491455 536763 501171 512482 478464 507378 471320 501298 522958 490308 540098 486561 516836 544157 481211 496392 525933 479069 546364 483934 497161 510553 513465 524732 474347 575856 509593 489076 517029 540380 541972 530193 500123 500069 553666 525885 460757 510447 510337 497182 512135 487960 512737 504712 491872 540644 520467 519512 500403 542184 493383 537633 518867 495490 500931 507351 542966 476887 542053 545960 507738 475382 495110 493117 560288 514161 508092 500009 534618 515414 533484 503965 495535 511478 518720 514232 488792 522140 534302 483564 498193 515219 488391 521510 522626 469368 493982 513866 475931 521637 500518 526319 514816 521802 469445 506748 509587 530835 486402 528784 500166 481658 496117 561061 527670 509683 457566 493554 517472 547896 516538 482470 523931 489133 477768 525832 534634 494285 500916 511919 506633 530245 483613 507089 503641 533303 
476389 451519 476098 491810 489809 502720 517634 515551 515394 509896 514317 522988 462525 494225 488549 522731 502210 521433 513953 498709 496468 511015 497721 493797 526644 507627 562573 514997 490444 532268 502062 488994 491829 468276 490748 486555 504309 523634 484818 526611 518227 514113 507523 484298 522962 476231 482537 510391 528868 466090 513752 508274 500341 486812 513445 490328 518766 491430 523440 552914 531729 476153 493031 540148 502947 537983 493500 525191 456860 459256 527697 487165 502902 506739 475735 505846 486927 506307 503003 494157 473059 487586 516379 492073 542012 500191 509904 516033 494121 493658 512635 480000 511058 488798 488397 499121 517691 515860 466255 578098 498091 495930 494351 509009 498173 517019 486568 509173 550869 514164 462888 507030 488041 481932 507281 481929 504712 501848 487951 509927 503105 499909 494413 536495 501864 527427 500341 503144 511474 504142 504767 464198 541821 556230 486529 460966 496759 479233 544490 512656 488409 495124 501272 497864 508487 483267 493742 502949 500771 478934 480938 497168 520122 468744 498433 511536 480788 501028 528893 469447 495769 520116 474969 498446 464873 508619 492414 497049 498687 495030 521171 522179 461567 511618 495192 502273 502359 570661 502601 471189 455318 481010 509641 498366 482451 473802 500241 493684 455321 496928 494017 485279 460770 489621 484914 506890 432528 478478 464084 527448 
507522 493911 503742 493364 485984 533154 531346 537648 522023 530548 532063 513971 523382 517110 535488 505104 517918 523213 518114 506226 532399 510243 510747 508623 538773 534149 570266 538015 504688 535248 502473 501342 488451 511729 518223 505851 555327 530506 493476 543104 543892 509571 514244 499383 512829 529822 489481 523409 523056 510148 510451 549259 527131 487862 516930 496861 526608 516953 534631 569548 532782 471835 473106 545522 521682 535724 514090 488642 503973 467026 499035 492491 514902 518183 486864 539754 519764 498684 533545 508694 481074 510243 507678 475770 564953 509697 530503 502372 520888 490712 542329 489535 537459 501959 490827 507992 511621 523260 503839 584989 496360 512283 524023 526063 507524 521050 510877 525641 525779 524997 496175 510735 499157 485793 518062 499095 534445 543120 505472 537904 496412 511684 513831 558140 516743 552865 522482 486799 511563 506071 536207 481603 568972 544591 559985 478043 515198 481281 549666 528920 506194 505883 519269 509864 524485 487168 515761 517284 519542 518204 508143 509613 538556 492443 496721 507868 483863 545358 542535 484173 517478 525625 500131 498601 489192 507886 518925 475529 499362 523119 518457 560998 473411 524658 499501 509712 516911 604851 524082 501088 461719 505514 517733 517311 521521 478869 511120 516427 479991 507484 504219 494240 497232 498192 470307 519675 477469 494549 485147 519709 
450531 447595 469481 466160 468246 487237 510494 515155 492689 500195 523247 494678 469773 511670 484345 502457 498924 507050 504272 496766 484635 503548 467483 509774 508149 491217 550761 492943 481690 501111 470493 483335 478755 472423 479650 485100 497888 508131 487458 483946 480569 476084 486579 467975 478007 487684 452712 507983 531390 459986 506257 540160 523038 471193 505557 445916 510863 473731 500993 524281 524663 444403 468007 536631 477925 518850 490209 502810 446830 441942 517628 467371 474855 501417 446887 500917 477403 494775 483972 461122 462368 496833 500238 456606 512947 470562 505514 480203 495474 470405 530819 461946 528001 489330 476658 506186 494769 486200 438868 561479 493292 481025 465452 503025 486378 498037 476164 492589 506590 517776 477540 486112 449472 467259 486189 464943 465102 485002 459154 499918 495494 492233 499685 557466 499003 503336 502275 487499 496690 469050 493668 470392 541639 542640 487824 452029 476342 483265 544283 514117 495197 466214 479751 487019 507448 478742 485437 508044 501376 487667 478584 488903 506648 483335 466871 491746 453942 497400 512449 468700 494607 489705 460068 498976 473887 510798 485442 481881 451154 485363 464937 515979 468750 504905 469474 464251 476094 571684 500869 474830 451033 486839 480649 506574 479156 448166 513830 494852 446750 477804 491601 457650 464462 492478 479137 516843 454743 470761 451130 502182 
484355 466735 460897 489561 485552 522653 537278 518556 525037 505553 521125 522457 464361 510440 523438 516852 526409 517396 494075 497934 491424 494234 513836 494813 518348 526743 573027 514145 486859 532744 492741 488397 492884 504851 506387 518354 516100 487060 485536 482753 522900 501262 502000 492785 530830 504711 478619 509135 516529 472787 516607 510881 504833 491799 519044 480523 502837 496075 523521 570422 486365 476705 492903 540898 500515 526944 489013 522850 460244 452664 542049 492417 512699 517827 472494 524692 495659 540388 512043 482198 474603 489871 513448 483847 519659 491888 484150 515876 504919 464014 525745 473268 519758 502651 486193 503056 529575 516929 475250 547685 499961 487412 479593 526539 545847 520900 511239 535410 528816 528547 503532 521336 486805 495555 479302 479650 512521 509835 465900 510068 505416 516948 508379 531289 502049 516832 505176 485244 499329 506249 518535 449828 532343 537688 518840 466248 517842 474613 555026 497662 513394 499600 528185 517251 513036 502826 499005 523580 494391 507356 493479 519401 517639 481203 512329 515369 457060 490794 521588 488313 515711 508367 491519 508066 483633 534891 520015 490972 508863 481557 520495 538751 472938 505681 497253 500380 504670 590760 510543 477152 477056 470318 511997 536620 507756 460581 513812 500299 481253 499034 471634 457180 467612 506190 462605 513105 465239 491378 475738 503038 
467820 424870 456198 445797 406792 470572 486086 484938 477253 440790 488312 462521 445409 470748 464990 458894 460585 466222 448838 439909 447541 447276 476626 453412 478683 481245 512217 454984 442018 478294 437514 462661 446333 453097 448154 440100 457971 461252 443249 443507 443307 447676 460779 459050 475770 444406 430432 470441 466936 422382 465646 476159 484614 447831 471264 408694 454552 449164 471727 511822 493496 435784 453831 469266 461824 502965 465311 469849 435198 432452 488267 444013 463875 479464 441032 489583 457226 500151 439418 453752 456789 465454 455797 415309 461582 449302 460485 461931 467128 457191 463632 414170 468686 443838 432109 473209 476897 466606 444771 497658 456783 442961 444563 473691 479987 452463 439304 444730 510174 482794 433171 454181 435698 451384 430193 440757 485441 473615 457994 458089 457160 493997 485172 481868 471757 465171 479033 432131 464429 463032 447174 446712 499915 511368 459118 401790 452892 439841 506948 494444 438077 447347 456121 468492 469223 439318 463729 449515 449022 461530 448071 470809 452165 443899 423590 466838 414026 470342 479203 427155 460989 466426 442474 458289 470144 462241 443790 447942 452393 461411 467996 480425 453839 469168 435471 454148 445410 521781 489112 446122 417997 447786 480149 466102 484664 430171 463469 455074 440101 462579 445905 430713 425226 467941 443759 473351 444608 463331 455041 480404 
492026 429594 508972 495215 482409 517250 538257 498653 514605 503373 525325 513771 495317 496883 523069 512035 523738 487584 492190 505932 497429 488138 535573 505929 517928 535627 578709 524220 515326 538702 479900 484706 491484 495796 492910 479062 514074 499775 475772 496101 504155 521832 500875 489021 520611 502004 465575 510507 535503 475392 516681 494839 516495 487076 501652 493054 496508 506315 500303 539394 534575 457779 470364 536862 519472 541104 511465 527917 508123 450686 520953 498900 493157 499407 509013 499729 507552 515420 492022 515067 483705 497122 479585 497482 545976 495997 521407 507146 470865 506500 530408 487208 501361 489612 499645 492618 505840 519079 462057 589203 496535 475441 500033 547955 516007 501503 516897 509016 547791 520840 462904 499117 473674 490140 490624 506891 504281 511909 458986 505750 504103 498210 516657 504706 493974 509050 518045 481114 498324 502119 523311 481518 549321 550702 499087 482398 492186 495376 562169 520702 503300 511611 506794 511894 487753 500201 504932 496303 504438 495619 471268 520922 514263 471948 470652 520773 467413 490504 516364 478019 505409 486082 489744 499777 506775 494620 494515 496822 491663 507410 480884 546986 495831 516686 513772 492846 527952 585469 524026 496269 467306 498082 511360 515421 490420 480055 484164 504536 466768 487089 486916 515863 449793 481544 484152 501912 449625 490904 465339 497048 
490541 485847 474199 504016 481427 527819 507228 509934 514712 507430 527664 505333 484664 522872 513547 495766 507398 531222 510940 496591 496043 506668 494511 484601 524742 538606 561096 513779 501598 533676 513795 473612 495303 486795 468488 518252 493374 493583 477371 492020 504908 509127 508780 497367 525667 504245 496682 502398 502325 498564 519136 530572 509584 513377 509843 498787 486369 491496 522293 536664 529650 491914 494333 525291 502009 537128 494930 528557 490056 480586 523422 476400 513724 517242 492592 534588 507100 492991 495999 482745 489884 505715 515505 451236 544902 498871 501292 524671 521822 475550 512744 486994 511359 493101 501485 494761 490821 511190 451348 544951 498808 505325 481094 528700 524578 510935 483130 512323 544483 514924 481581 508852 488467 485884 502850 477196 530989 512865 483174 515692 514688 516357 510015 544806 512853 535994 492915 500841 512446 516834 520332 497442 539003 551844 508528 478024 514824 488983 559363 527540 485525 516942 511371 497945 511857 495207 486565 503493 495065 485522 491162 498067 506734 448710 491034 512257 471605 502349 527659 495578 508461 537787 480411 495209 515059 524473 505567 506166 506476 500525 498983 553558 458255 519657 476639 512085 475222 564171 519904 481664 446863 487860 521729 506390 519144 494756 500291 500187 475421 513493 468670 499140 488402 500350 483703 530942 478399 520888 484618 517098 
475378 456869 473291 485707 470441 525425 500127 528119 501370 498503 501462 519135 478302 513081 516195 513608 501808 516874 491415 501801 481007 504695 513049 488407 551832 530124 573972 517983 502364 529875 497635 490668 477051 489367 501009 496949 516437 499500 485780 492871 490929 490586 492551 473379 513731 486719 479997 526123 513894 482568 518054 528682 492554 498542 523055 487315 497089 481372 504477 549230 539529 482347 485193 515346 507304 545783 511278 516869 472834 459198 516166 480281 484267 513084 463946 539376 491376 493430 474458 494181 471996 513654 504379 453150 522363 474527 496720 503065 507961 483000 520500 454101 513135 484136 498060 490638 507096 498854 470138 537451 491918 477182 479829 510441 515249 506911 499253 515384 559658 520885 474007 469129 505585 467543 487436 473305 529883 483362 461660 514803 507897 508957 512760 538343 506127 512722 512414 504255 517887 504686 526495 475815 553706 543762 494996 466942 497620 470256 552871 498462 490773 492979 510985 483456 500326 488963 468071 520509 492364 512234 486957 528119 514765 481125 508779 498442 463926 504068 500138 480796 499212 514805 506373 474153 467029 523476 473239 521933 492571 474661 488732 545271 479506 508827 447658 490212 493992 534472 494830 459576 463363 480615 524284 502132 513654 485280 495715 504050 469481 510920 495610 479394 476822 509000 481571 499871 468970 515663 469844 524814 
531429 469555 509499 506904 521330 532605 560280 541927 523256 533990 537342 551851 521067 563990 529355 545289 543915 546250 528105 505087 533842 513516 543530 517550 579021 567143 601383 543202 541697 551005 513220 522469 484448 516001 513463 546018 549519 545005 505191 527828 530414 524503 511823 510509 516657 520233 516211 562120 531975 490871 531811 540202 544711 531600 556874 492748 519327 532111 554006 602604 558877 497296 537767 569512 529630 555557 538154 546763 503592 532863 540099 517408 549169 523059 476815 545609 522125 538400 513501 504494 517383 530313 548795 487105 568669 510168 529062 539237 523217 522018 560375 474031 557539 520207 505537 514060 547987 551592 507367 572246 513831 520331 548602 564728 566579 541560 517275 527115 567134 545012 493176 542641 525844 508026 539784 527851 547912 537647 514612 575429 521461 548846 511715 560304 549413 536148 533249 505628 534151 534458 534051 498587 597954 574563 534883 507458 519537 513875 593579 545773 515391 553165 538191 527011 536146 528488 501052 528018 530462 540416 507864 535073 534554 505887 507113 547632 490854 538387 558008 509282 535117 527768 523540 515759 499451 551528 533118 518811 518640 528671 533469 570120 507609 540146 518000 539443 550999 607762 558866 538203 469690 504952 525731 553470 544284 499337 544437 542978 500538 541233 531346 503901 496260 515982 483837 540691 507818 532213 485238 531270 
529765 485321 522313 511335 512626 559588 571292 546835 539755 535172 560069 550831 508690 540924 548319 541061 493831 537897 524275 512817 518987 510990 532369 517133 535667 567825 586718 540834 504627 569179 500188 529786 520057 506456 526331 500131 543372 554287 517939 540283 534603 521082 533774 519302 532956 518398 495035 523700 545562 503749 545981 539127 544666 506032 532404 503641 517605 522135 519048 588939 542723 490209 498105 547863 533787 546585 528311 549493 499273 500163 566032 498660 503083 545027 498876 556104 541525 549037 505479 517239 511091 517379 501065 504960 542386 513821 554061 543601 530360 539319 556063 468214 544343 520452 500898 545694 552802 549258 497910 578729 524421 507766 510108 540545 521521 559161 514185 517203 568985 551442 515189 539284 502739 552520 517971 530937 533302 564160 501478 555739 513809 523773 551444 551892 532384 534543 548970 512617 513321 534077 534839 501648 577975 562431 524711 493203 527497 500319 595305 531662 512083 542808 539274 529993 539765 513462 536291 539458 545432 512166 506855 548828 543213 513380 513438 538935 475807 527617 526417 502888 529176 547207 495237 523576 488331 542817 525361 507945 510535 523027 544210 557671 505439 528941 520873 517364 540931 616047 543805 522830 482232 514861 533397 540154 537896 489441 520952 539526 497745 526078 535284 514221 505111 517038 500725 552586 506087 523507 516222 554443 
434122 400937 454065 450562 448373 457299 488923 456703 467147 441241 483883 475790 431532 459020 471462 453535 453201 474541 479720 454732 454848 440051 469741 474311 452058 495719 517116 465952 466853 486632 441630 453331 440625 441728 447874 443677 467409 472518 463191 427542 479518 475120 438121 455198 480134 465693 435041 467994 488937 427531 471716 455196 484643 456138 485128 428828 467509 453401 459285 513318 484053 448089 434204 488394 443535 471887 442189 462273 433131 423692 472268 442361 469018 444450 443249 463813 453946 463696 440458 440694 423493 456839 436355 436596 499439 422954 470859 467169 425654 440459 476739 442638 476507 450524 439081 462777 474868 494098 432350 504401 457130 436079 427025 478211 479636 461166 450026 451651 502000 482727 429655 458716 451189 445895 443947 468857 459607 452722 425070 472572 449394 469700 462862 484062 466805 480171 474311 441149 461793 471327 470253 424663 481134 495463 464175 433984 453494 430928 512480 461553 459151 452219 480349 484857 483486 447259 451561 483550 452438 450442 414826 464224 463666 447090 437372 461617 438956 453614 461887 445235 451933 447193 447814 468523 460230 462276 457750 447433 431932 448804 469555 481177 440965 471299 433180 450000 468074 525769 485228 439786 420691 448732 478217 476871 452234 419834 437702 448246 415429 458326 446886 437387 436646 465044 450543 483882 427796 419743 414055 453450 
496086 445157 491476 505430 493421 523460 520135 519006 508408 485673 529273 509815 490600 524672 525761 522436 509217 531915 506784 463679 492445 485312 493033 491347 503240 530302 556335 511036 479991 533670 470359 476811 496512 478155 478206 493385 505350 495120 467965 492847 486588 510823 489478 478068 513827 494593 473368 498705 516880 476369 515311 537304 485161 484891 504189 470795 508116 487770 496617 552611 501270 453153 477534 527114 499789 522471 500492 512913 483517 449595 513452 474022 520231 487891 474270 510920 489216 520857 484850 494662 477662 486375 505826 475512 533705 476869 504764 518039 518192 490275 526537 468437 491851 482879 492822 480226 503925 484041 459482 555533 504495 479719 478463 519369 519416 512014 504384 501091 534543 515026 477253 518689 510087 492323 492209 481129 504991 502913 441239 540648 510693 501853 495800 505838 510974 501322 503170 491087 485985 499168 520665 465247 535845 542841 519078 479501 490800 451676 565826 499912 496864 474836 507926 511194 514990 495160 491902 504364 495969 466796 482528 516264 506746 484593 475403 504374 437553 495963 502290 476987 499519 496184 476912 486682 498299 528209 508095 502811 457608 479827 493364 542294 471083 520141 488284 489839 510345 578327 514846 466607 446607 488300 510271 516840 520415 453809 499257 495245 496815 502876 485397 487513 482799 476576 472171 506424 472229 488221 473091 522354 
480325 453315 504769 499880 474959 521782 563562 505211 526375 524107 536321 511106 497327 526052 513789 513237 501837 521662 528895 518732 528089 495395 522046 493560 525682 538798 561614 513812 504004 554753 478783 489611 515124 491565 496180 503973 527815 517756 494516 521952 499213 522895 501236 480265 513507 500302 481892 538237 517050 488102 519223 547562 507211 508927 515494 463934 525273 517587 508329 553806 514772 472741 497113 537777 505914 544419 510308 523155 499932 468060 550520 492593 506577 498913 474645 549514 522059 519421 500301 478105 487971 510777 506362 475510 543551 482280 500899 527649 502976 496534 555951 478911 515174 500050 485437 524793 542294 515045 468443 571111 497167 502386 489733 521948 534985 518925 490446 507924 544978 538105 469166 519132 495490 515746 494425 484563 518770 513070 471556 537942 502447 531913 511323 534003 512061 524449 525358 497809 493603 508231 500103 466184 546988 532206 532682 486193 498903 480460 571883 525945 501362 495933 526831 522216 523712 494094 488825 530651 506169 483365 486108 487486 514232 502415 489940 519846 446106 502596 542442 490063 501252 512199 494904 507643 486181 547988 528105 470943 486810 497124 508269 541838 483967 531363 494580 509223 550761 574166 522179 480195 467143 497317 516728 510244 526321 456841 496077 510557 462073 518157 497962 495665 476232 500317 482141 516640 470140 498203 476177 518506 
456768 458461 469039 465407 468899 502884 506138 508297 488361 500246 490247 473391 470057 490391 504055 503026 482993 488390 469419 480934 458474 476081 477139 466376 498683 510203 554326 489474 451994 492996 478890 470353 474611 469539 460165 466073 478079 502712 471410 457722 474713 487813 482588 442818 491786 488398 450727 478689 485506 459790 480120 496449 485404 460197 483744 461926 477998 450275 481742 520408 508004 446654 477371 513907 471322 509074 482926 496762 452354 454492 508339 460217 490970 499447 432930 482396 452835 501491 481901 458096 460183 458403 503657 442673 515177 443537 487676 480840 466487 469334 489257 455817 499702 469578 455309 462631 489956 477553 453131 530246 476387 476138 450017 494019 487201 490363 459770 474307 501953 493418 462871 491208 459204 446813 459424 462536 469950 482602 449630 508206 480309 509424 495558 508136 481126 505680 486419 468528 478938 494899 507193 460688 516129 512579 499316 441591 475236 479399 536468 497680 500674 484445 488657 483126 478463 472327 492343 490946 496517 466334 450179 496448 486776 436188 454151 488447 445757 472328 491870 448398 475330 481937 463762 476813 460884 516495 492881 496880 470820 453540 484713 515170 436014 492864 465524 468338 471538 540567 492768 467413 430684 482639 481776 518075 468306 466135 484634 489107 463151 473491 484436 434291 447777 476004 462536 485893 426069 478933 467960 491197 
497176 469599 519901 507747 499581 515644 551909 509430 541878 527800 534789 536990 509429 540063 553910 527737 504692 547094 517286 509175 521651 519419 527260 514003 519629 570193 582454 554404 511932 564296 522808 491763 507320 498104 508334 517713 539654 521201 514970 530112 512726 518175 523359 535795 537805 534429 497976 536902 535664 498114 540171 539536 548193 517716 544550 488596 551520 506790 538140 565421 539964 491996 507376 557881 536602 550518 524116 551433 496592 487358 546041 502337 513590 528430 499622 546856 531141 516815 509184 521386 481461 516396 499258 490061 556389 502561 527623 531909 504481 488722 525785 483716 538321 486032 525601 527074 549136 521395 496367 591263 528857 517274 502589 534084 528392 520604 493805 513951 570590 524067 502064 529790 491392 506366 524668 516596 542576 533610 499710 534995 510769 527818 514914 559124 504993 542218 551697 501088 521571 526746 529897 492887 565881 559034 522057 498926 518906 499746 586707 536314 510945 521402 546913 520151 525944 517317 502989 532832 506509 529345 511079 519363 532193 505142 497032 514484 482751 520810 522022 517768 524908 525815 498961 526538 496470 529902 519305 497371 489511 515177 526028 558796 491388 538713 500486 546319 539869 588638 554652 502356 469401 499927 524046 532837 534157 490619 514570 522248 485305 528864 518298 500864 493004 523494 492335 529020 485661 514870 517784 502741 
487202 458750 455204 479988 464641 514411 541378 500777 501058 502575 542385 522463 481803 541497 520943 507865 488408 516839 510619 491221 503821 473481 530109 487443 531104 490998 568920 507104 504580 524032 488483 495337 482946 492694 472821 500732 525939 481557 483739 523818 503829 487369 489204 492330 510263 484751 471506 509194 517964 474424 507177 517971 525612 478763 501950 466052 513781 503237 506360 550086 522228 463283 499574 541183 505869 545295 507084 514302 477955 462704 516859 469944 484341 500735 490296 545528 506805 500992 479596 490084 487317 484055 501657 495078 536322 482016 513190 533972 485886 484443 511025 482127 495873 480528 484426 520374 510146 508556 451450 547453 492564 479298 508243 528012 514010 506848 482563 514475 531450 527614 473270 518834 508351 480991 482014 502648 502943 497941 477311 521208 500950 508060 510811 528134 510341 493068 527769 481662 506819 503879 512418 473379 549277 555033 492075 472649 506498 462852 550264 508065 487943 495289 519757 516547 507106 498118 484308 514159 488535 479500 498815 500784 519692 458923 496737 510386 466172 485128 526888 496323 490964 490707 476637 501206 474289 515520 516885 489427 485537 492176 501686 531139 478507 493609 484876 485123 518133 556284 506721 505375 475692 505686 509987 498095 502806 476303 491923 504095 455768 510734 480267 476358 473989 518019 461819 511910 439000 491127 481881 508891 
448425 445479 455798 484309 461709 489944 495553 495834 482853 478413 486327 513722 474886 497282 479572 472815 491624 477998 499363 452582 500380 488500 485085 491137 512741 507223 536950 495187 496161 520719 452738 439736 465869 458196 474777 497744 490723 480390 453515 488129 477239 481793 483064 454321 465054 473125 474181 499846 468116 452559 497778 508417 512073 490486 503570 444035 473002 486308 484000 518365 499857 460800 455333 502103 493087 519298 468629 483122 456725 455830 480594 480950 464971 482670 446294 519048 501454 479607 452019 463808 468446 471851 477508 450142 539898 471644 497060 491278 476842 465639 488248 438941 484746 473999 455762 482403 463483 492337 449947 513750 487904 480617 498939 504969 502736 486377 477673 462860 512240 508847 450843 486917 446088 474249 464925 458855 492022 488260 475523 511253 481630 478049 481430 523895 479402 490770 495966 478619 475812 466699 485861 471041 521729 528189 475754 440135 473626 455779 525247 480880 477069 485800 495105 496090 504454 477109 451433 500193 489814 476539 449033 476230 492002 447298 475210 524613 436317 492807 504297 459154 457707 492057 474779 474111 468737 477541 479472 496042 483845 472657 491804 518049 463851 498985 470544 459094 479318 546564 493646 457584 412477 445760 466952 490285 495412 443249 456327 478305 440772 488267 465838 476682 432874 475291 464465 483583 448172 447156 432369 502805 
510768 488725 486931 520417 495147 522145 530807 547253 533067 525017 564370 530272 493277 524696 552255 526926 512959 554386 516631 503320 502815 524377 490508 496393 515682 545104 570796 518673 504230 561756 501039 492301 508480 500398 515855 492414 530153 532759 497415 525813 499368 524505 542048 506291 525409 519336 509239 524406 563330 517887 538842 550752 510831 516860 535613 470904 528454 504484 511609 579627 541646 500982 460316 554813 517314 553534 500480 537490 486143 476493 547258 482880 512142 542666 482554 560553 501818 515148 505178 501907 521425 512496 507124 478965 547822 497588 528743 514335 533246 513272 546479 495400 525272 497500 505009 526977 543418 522629 453443 573410 519207 523179 502673 540484 521645 539077 518213 513010 541320 533575 489777 522239 492233 518692 502490 508161 514975 522901 489443 548066 509384 525252 551376 548479 516702 514426 514716 513050 510594 516751 534657 498706 557941 555152 526471 466447 539653 498588 571600 506314 497641 516823 523084 524947 541409 525420 505689 532895 501956 496546 504574 514297 540494 485447 509433 529915 484517 537960 529554 482895 526234 530333 481440 508827 481185 528513 516040 507677 498822 512323 535203 556228 484865 521910 511596 526840 526141 589772 535808 499372 471771 503590 508491 526462 519954 490729 525571 532506 499814 518213 508536 494886 510774 515755 499007 553361 496989 508549 499635 526612 
484722 463338 485871 484051 476498 531584 538510 520416 510164 514439 518996 540451 519824 527108 531957 513025 508427 514201 512952 497158 503761 476166 498967 502178 515882 529135 560062 486229 467704 520200 478396 477293 494865 481602 501159 499865 528242 495727 488116 499524 520058 507485 507780 501386 499786 503327 479380 510603 507378 493548 507092 534952 512009 514531 516977 476824 543739 493979 522643 548238 520118 447416 490283 531830 521666 537612 524253 486189 483863 447263 512342 489251 479829 515217 462551 535528 500981 506641 493053 487069 479942 498140 500232 489539 542419 486212 523412 511077 503503 486441 542922 477646 483707 472922 487098 495932 508336 513642 439582 580651 528990 490178 479493 510709 512883 516060 499093 514024 526746 528450 495582 498882 486904 478445 480718 502266 506133 498683 460487 509788 516896 508699 533645 515814 507817 530969 516591 484633 499134 499621 505404 464941 554954 567757 508702 467549 492068 490270 550244 510791 513631 486305 516055 520253 511812 505563 521066 536735 482295 497336 475264 526239 497843 474104 486166 518918 461311 529434 488816 478055 504491 493075 474176 502496 468692 525380 504805 494470 488963 484000 493092 516885 468915 522096 474049 500742 504655 569203 532089 473570 445368 506560 504765 514655 491383 456219 506418 514102 463789 486690 489897 467764 486584 470961 477761 506985 462685 494661 477387 533448 
453639 437986 457523 452916 446033 480603 485594 461863 482858 471941 494427 503137 446720 467349 497869 497907 454672 471215 473940 477135 484018 446730 474592 467586 466691 497633 511572 468660 446753 487642 469496 448874 468345 450699 475820 430540 460091 468562 462977 488259 459598 448286 471682 457340 473768 455282 456822 470102 490928 457962 499355 479109 471387 467201 480931 457863 492881 462000 476839 492483 488802 451514 457417 478263 485103 477509 477942 479565 443179 424792 491802 452039 470220 459912 437643 491945 463484 456714 449575 454230 470260 454610 445587 434629 474289 465713 454445 495228 474690 451024 496407 443964 481409 441501 461513 467415 483126 471784 423104 530876 469257 468602 462434 494493 486660 498524 461961 468430 517431 484296 443464 479349 437963 448939 479481 468863 465272 468421 441793 499331 483415 462067 499371 508116 483359 487788 478436 469047 472612 451239 484756 454641 494504 491447 463218 447160 490214 431311 502222 477156 446185 460183 470188 460937 460809 473152 464246 477805 477808 450486 442235 456239 494731 438216 479827 463487 439788 482491 498710 460921 464137 464204 433504 481165 428635 484217 467571 475180 457972 458158 476144 496922 440040 467068 463988 447680 475705 539632 478768 449326 418042 435191 461243 479601 450399 443798 466938 475327 438880 473777 457749 438719 443113 476671 442811 467022 451038 462759 452068 501244 
528175 482008 507912 517759 510232 569681 564693 551374 551463 543929 545253 536304 523122 536424 537917 517036 523269 554319 524267 537255 511229 523339 524712 508984 554768 559705 570978 541575 508350 556103 499193 492537 517117 535807 521950 518139 546170 535380 505459 519550 528083 521622 521620 498175 544705 525352 528994 541760 558195 524748 537979 551214 557159 510453 545846 493892 529152 518522 536738 573056 542600 462593 485793 576819 519011 553252 542984 546776 502204 479607 554308 490725 514648 513637 480259 561917 528843 534472 491702 491902 520451 517332 526455 486472 556800 507883 535942 527095 523774 507119 527089 502527 512663 507876 507559 542421 517629 535893 478083 590959 507648 487196 505604 543665 514751 525822 511471 512751 562832 550527 496848 521500 500000 510536 513798 527712 520767 547001 518095 557160 549067 522203 549961 545632 556637 523723 514378 487429 535491 538178 524151 512179 554611 571263 521546 489478 529967 485843 559127 539738 519353 520395 513935 540440 542313 511314 505383 540450 545152 517156 477570 514449 531890 471953 489945 537296 489878 535985 540424 495404 532740 534135 487997 533554 516190 519743 519144 517686 514970 499551 532040 551194 499453 552950 495383 513495 519585 576005 527784 508692 487890 522733 526888 530187 551605 476214 515119 510704 487014 514689 499876 499175 489455 523911 511773 543563 506584 523984 493825 538474 
443237 435798 460017 455007 450964 481714 484992 502930 485891 473307 481206 476134 446843 463757 483490 467302 464286 476094 460197 435839 459823 471472 477146 446765 493909 491791 525585 456929 458465 488162 448343 438279 471186 447474 476153 458228 465274 468556 451413 451532 476477 475865 456046 447186 494036 458828 448717 465053 492948 433375 481011 477341 467682 442531 470688 432227 472642 443119 467250 505961 486387 420657 467739 493573 472474 503933 446503 471627 449120 440950 485348 450124 453113 475102 440866 499244 462109 465336 449128 472273 442125 450815 495775 444175 480031 421785 471376 468460 460342 462998 471028 430913 481497 418198 467923 462050 473676 480920 428215 528032 458799 462661 456696 467767 473991 471570 446864 490777 499086 474273 432011 454136 449390 443645 441947 468637 472966 467098 423908 467569 479621 474995 492552 463277 438317 488788 485274 462403 465623 455868 483972 461771 503289 488310 467798 432032 450946 438914 506758 498493 454847 462553 473283 482383 450910 452571 454579 484752 460563 454769 458658 478461 487799 448180 451906 474596 430942 466973 492860 436564 458887 479830 444749 477011 442889 489042 463983 453280 455115 460350 491498 487809 444663 463878 443961 466530 472269 516344 480561 426057 422564 453012 483992 477985 452882 445396 459131 466814 423744 465005 444485 443704 416775 461638 446645 448320 445034 449820 439367 478263 
488118 472417 494652 480008 482257 506432 502360 524751 522015 483683 524523 501037 511937 519606 500797 475293 500193 520258 489145 483433 500983 494822 501822 493888 522785 498273 543162 519210 507148 533358 469800 476240 485656 496200 479122 477504 503396 515583 482456 501463 501415 498647 492394 478912 523545 494351 478739 513287 501520 481159 522379 522987 521086 479439 501545 466300 493710 499923 510569 527910 533846 464869 460162 533275 508230 513784 495078 504890 484381 443504 534937 488595 495236 504859 464796 535207 496823 496107 492752 508211 479659 490007 505551 468252 546810 496248 509593 506924 489393 491098 527605 468817 535375 488208 512427 501701 511052 499733 484559 514600 484521 475038 477318 517416 509610 509756 478915 505956 522423 522595 469831 513998 488045 488760 497391 481792 488133 501717 484386 517802 495977 505990 519200 524622 486556 524910 492121 487218 488572 497750 503642 464818 535783 538371 499822 447605 483913 462209 539749 483034 477942 485512 513333 489815 493673 493883 493074 487671 521274 474680 477294 496530 495323 463799 474328 516847 448282 484662 519066 470122 494815 499298 478896 486581 501226 510782 494695 479719 461426 508702 499675 527739 494317 520038 511463 492977 513941 588010 509339 494106 451018 483743 525197 508570 487957 465897 504484 505961 459853 508876 498165 476132 491564 473906 464563 514625 477481 514011 473072 511606 
488686 484064 511284 514582 489210 519735 518366 536772 519740 535314 527548 512869 489907 513083 523739 530218 520560 528623 511421 489604 509528 513355 508974 509258 532982 521809 569184 519310 506402 549225 494266 487902 494127 490926 512377 506223 533109 520825 482648 519801 532881 528841 490637 511447 558763 509287 498769 529572 539408 487305 557237 569090 526016 523616 512669 480190 524019 504108 510724 545482 521741 488919 495947 549263 502848 535182 514183 529264 506508 463871 550990 495444 492518 517361 484005 540678 532215 522869 509990 493127 505886 499467 512032 473233 544290 503652 541741 527313 518780 498027 554593 479787 531446 503629 510640 516183 527815 511125 463265 562824 517161 490215 492626 540888 514825 528878 499086 484474 530440 531221 475439 526854 503098 484635 507337 491805 496190 514077 488748 546332 509067 510487 516184 554923 504486 525444 520545 496387 525013 525792 522824 506238 560229 556495 513474 491287 521343 493522 570787 528071 497264 494113 507697 525098 514313 501619 509669 525277 513758 499203 499710 526478 541218 499294 496670 539889 482230 516939 536569 500254 512997 529658 504520 525053 514971 539038 515080 497395 477546 524128 524399 544922 494061 512240 512984 487855 520216 575974 527269 489039 477191 503670 554698 523995 524498 495506 526849 508111 481808 490697 485165 511809 483244 518976 473453 533844 472566 521828 502616 537897 
485593 438304 471219 474665 483139 519735 512452 511022 518854 518544 503273 518762 484631 553261 527385 510952 489907 496703 474592 464003 501529 498156 498804 491491 522650 542726 544445 504752 489556 555369 483817 470099 473943 487665 499143 477945 502000 497641 459598 482698 502146 489785 504892 470863 502862 498612 464459 520515 490014 487943 503755 531084 506060 497458 510128 466551 506273 489724 488319 539157 528899 467646 500032 533046 500003 536187 486245 510709 469223 448828 528393 478847 489611 494917 454010 529697 495273 503899 453003 469395 493928 504422 500624 473175 519027 476063 499922 516856 519487 491327 511856 444111 511712 467105 487349 493254 501334 506838 447426 535217 490441 464349 481312 510306 513751 509350 504744 494516 541277 505725 477805 513656 476994 491682 490643 471892 520527 492767 462078 524162 502188 492611 509760 506539 494460 511650 520638 486308 496858 497620 508975 479109 532456 539918 474959 444807 500051 482871 556742 508187 479236 493993 495962 502571 506539 483393 486623 507730 488388 484275 473381 497371 496864 477331 505467 499663 456797 490685 493650 476966 486394 503775 471064 494771 473389 506506 495485 490696 483226 473863 517161 524527 482109 504574 492020 475462 510743 582372 533360 492849 446319 474860 521722 505442 505083 470286 481627 507423 462725 480604 490882 468535 467595 498778 470276 507809 459757 486634 457142 514432 
452865 451526 438050 447166 438713 498990 470462 469674 470662 478518 493634 470164 457348 469496 497043 482610 479281 493275 475311 466644 474210 465001 480519 478926 489268 484771 517307 460232 456637 497668 458493 453985 472381 465541 432661 472155 482656 480743 472517 465471 480216 472477 478785 454961 491179 441763 464680 484509 510876 438185 472901 502618 477722 478291 496314 426445 481326 442138 481486 508367 514337 459714 464028 508044 469736 510195 483570 497815 464142 434374 483746 473914 467786 474373 476377 474973 470524 496468 454702 453798 440144 496600 472020 443831 493311 456065 477676 479384 468464 454865 475023 448239 473440 464199 463978 484235 479343 478296 421685 526462 466834 450893 446778 498055 491036 466986 468684 459447 517752 484545 439882 465617 455620 468695 469487 456915 458165 465434 456154 465361 472718 484436 476348 492251 471043 456565 491502 436241 472886 469895 456930 436005 505131 513921 490012 445316 469907 454900 514834 480515 451234 453135 464423 474649 476863 465207 483431 497407 483027 445908 445812 485082 466314 461412 453709 493400 416650 466649 467791 444996 447211 449487 451980 460092 466476 495561 482538 465967 458371 456644 474915 489905 447495 470352 438001 468083 440122 531570 475762 453999 446119 435710 506204 473420 477440 452686 467223 477360 442557 468338 464395 449888 425579 471771 450675 489084 434302 486672 452753 479161 
491801 461581 496597 486925 480610 507456 542787 517310 525023 500631 537726 495984 483538 518590 520353 504401 513843 520354 497061 467655 502704 508151 528301 487648 523645 542138 563273 521182 525559 526423 493228 493515 488889 516037 492004 500016 525838 518784 502305 503394 500755 507279 499774 511466 513940 489290 489901 522405 506300 498116 505669 533189 546178 508994 523156 491524 502339 503822 499353 544075 515766 491643 475316 500816 510062 526290 502687 518801 480647 477046 531465 475204 475625 500748 481943 547670 522611 518594 497366 502659 475136 473419 535749 476142 539784 484377 505972 509932 525032 498509 520257 464843 516137 494105 504456 488802 542158 522290 497846 518132 510430 502026 496772 529572 507774 510338 512563 480816 536313 516081 493065 496088 494137 494989 498043 494410 518831 521628 489594 533483 512985 524421 529695 538467 512483 515439 529746 476166 508152 502214 529703 493456 534162 556998 511977 471731 491702 461838 539970 500533 480592 511771 542160 536518 532656 472321 468372 528776 498414 508700 504684 502197 522440 484217 512503 527829 460037 526256 508097 475476 508946 514142 480726 498393 499244 523683 514496 524835 495009 502813 503706 545915 489604 532074 488277 487199 506303 592355 536774 500393 440955 482544 503939 525487 506473 483915 512839 486520 482812 514522 488891 474505 479504 484147 492551 518829 494425 515834 486157 519277 
488697 435246 449143 442967 453402 515247 507396 498145 483041 481895 494634 495521 449403 506994 491847 497319 483227 507195 478289 472657 477645 474802 473963 496803 500329 509624 541287 474095 474378 531270 458341 477506 480307 463716 453725 484781 483364 511191 477483 452437 512873 480719 496515 469644 515909 478267 460524 499342 513832 469845 487993 495350 496314 470815 518545 440531 470979 481627 505905 541221 499007 457599 459842 506695 487961 506967 480003 491034 478121 468910 506036 466298 491687 502672 459111 501184 472123 492651 479042 455709 449855 508722 494656 456778 526869 460578 517097 489387 495701 481055 490108 457988 485714 477540 464643 485442 499123 483044 456216 513886 472148 451980 477282 503093 492135 487833 466489 491053 523104 517500 441457 494494 484567 474134 481913 479912 492578 500939 467015 490183 483902 515536 461688 522439 491384 474128 498719 454675 510381 503952 476769 473506 523032 530669 513094 449975 484722 479580 521012 510048 471877 513769 499164 489932 485610 452804 500096 495189 484065 469717 455183 499041 514916 463239 437374 502061 458564 502898 494333 456554 466631 488038 472255 458870 490671 481586 496995 476725 465396 479289 500255 525280 462384 469038 467566 477843 480693 548873 493211 484237 449237 461435 500854 485374 507512 462182 481801 492414 440109 479624 473069 463851 469852 473648 448031 494120 430420 470431 443011 487066 
483762 483258 483222 497791 496069 511410 524122 507858 503909 530836 539082 527994 505908 531601 532044 529728 509527 529160 511179 510724 512816 497709 515626 491916 540598 536900 577918 512268 524724 556629 499037 492087 491132 497608 495764 513375 511949 494044 513290 517888 508088 517657 503401 496090 521095 523086 476228 518013 536355 521406 511933 548381 517271 504612 513635 500228 515285 508039 544918 548538 545540 487090 515589 549732 516918 538887 512480 549709 500315 476678 523178 510423 492078 532820 481892 541923 507657 498940 494252 503411 497086 531048 512748 480499 533901 503780 537112 520867 514377 474424 543380 494938 532090 492114 507800 530446 521562 530009 462663 583562 506807 515120 474446 545023 524780 506567 507180 529615 561736 564604 482874 508835 495219 484825 509826 486486 518112 549605 515720 529988 500837 523859 552847 557463 507810 534028 481740 504697 532146 517427 529668 495894 538956 565862 520780 457146 537675 485654 568892 498667 499489 542123 516084 517576 518746 516163 514980 539518 517321 508477 513512 531408 532112 467926 508519 510712 472552 513560 509471 481541 503607 555878 494348 521459 505502 539657 509074 492650 507526 498927 525778 539690 515601 486257 517987 516490 515979 576584 527203 519789 484351 525032 534443 537757 530988 485753 512183 513962 491633 504923 522521 499157 504781 495044 496262 529729 489086 526143 497398 527116 
470298 490082 471305 481446 479850 519279 518914 508160 520109 513656 500154 496840 497084 500128 498302 511271 499256 491183 483789 463504 495768 499669 502254 537606 516345 548426 556956 476733 487278 535648 468510 483277 477460 477381 483998 495346 509530 507514 476498 500315 514842 498328 495656 487569 490964 491598 482454 517677 477427 460489 509429 506343 503585 488163 517758 455422 470164 473213 492633 552655 512799 473856 473385 526366 494351 533459 495627 501060 472072 458355 525790 479467 494035 508907 471401 499051 495437 516011 499931 480147 478657 503929 476428 461969 525239 473233 529982 490684 498072 481673 507514 460490 528994 495597 492869 507833 509566 502498 467744 518138 501808 446528 480157 530104 512054 502352 473547 499785 537920 525537 455217 492387 469783 486470 468189 477198 488807 505545 464361 503645 497961 495041 503278 522394 487693 520246 530464 486114 478282 498985 497051 469635 549486 542920 482425 445548 482808 481428 522454 509738 495118 490749 499746 514311 512348 472574 500759 508406 485243 479842 477305 510231 511168 498209 474699 495263 442607 494125 489059 467086 486849 497894 455586 490468 480685 501155 498949 505640 502290 478568 502192 508233 452282 503682 477337 481956 503447 565703 515214 467749 467670 472453 509445 506051 512810 472076 480561 513795 463984 479685 479465 470597 455462 495678 492481 516104 449502 485773 465850 526152 
