300 300
759321 847163 766514 819168 770046 760816 864102 788434 816878 769520 767217 764979 814124 771870 746497 746659 789252 800739 811337 774678 753877 824347 802915 818375 798756 780947 823934 777983 779173 758813 787961 809570 752373 822897 790084 797314 768376 819316 810740 843425 721773 843642 825185 762656 799907 783910 799999 792809 776152 803456 794157 751969 788495 826010 809315 756572 801553 721582 840854 802320 784518 818165 865019 796856 809921 827642 784211 800268 739889 743540 810156 813508 742523 796030 830162 765702 750316 821125 794301 834125 760524 804780 807505 754269 754092 854537 781861 795540 802476 777509 816476 773470 737830 817094 728102 775937 754227 825067 800260 827879 734465 815372 830450 752509 808717 771267 840014 755262 812291 854863 776760 781784 767206 763641 821999 825264 796510 730775 796246 816810 812795 770984 834715 786509 844783 756499 778734 778428 769674 789184 803868 820319 806284 848337 784109 806192 779579 768461 853360 812954 848238 823465 805763 890314 786606 765826 802951 761526 840965 813187 753771 804692 818723 737065 774115 842026 770595 808852 724477 821917 829730 831128 793400 765159 811220 758852 798805 778091 766533 799223 736424 800769 785406 774500 779307 822800 767588 787755 788981 754727 768003 825338 855097 737560 748557 797898 792602 783023 774432 817428 808056 763661 759420 815309 788772 782692 834894 809187 786716 859538 757993 794612 792409 831066 771904 792189 789135 793965 812767 767585 791886 774864 748995 830199 800995 814438 808884 820633 768107 787405 798752 760589 840840 788614 798062 857844 768659 806716 797814 763980 839090 860810 795039 810972 800807 876182 791960 758619 814620 718990 776948 769736 797174 793920 799323 750594 777785 733199 839853 853429 796040 767023 808647 772442 758965 759376 760334 787186 792764 819355 738573 740163 775639 768702 815211 777129 795998 817677 774185 795636 798844 814826 838177 776582 776849 833618 775325 748958 743754 802753 837307 760667 785086 832498 796859 768008 797157 748218 826662 785083 761704 797608 791750 745965 795572 845097 767866 846514 769001 819431 
677870 777548 740570 739280 679933 696415 753409 702882 732781 709265 696691 716393 755636 687560 701935 713137 687315 729014 726931 692126 701159 717896 760033 715421 708014 702771 735978 685592 725517 685327 707234 703896 676313 717984 706933 731648 702098 712504 727331 742654 658740 751016 720161 691395 694691 700929 754354 717849 696102 743602 717857 667754 707404 737586 723844 703473 737809 684199 757283 710564 713741 736022 798488 716405 736943 741164 697572 734155 698183 668311 717369 737288 673572 707973 736413 710590 673271 747483 743633 753994 692102 721606 737205 704651 676485 783008 675537 729722 744546 710502 722616 704547 682989 753183 679764 683711 673312 734638 749047 731508 654058 739434 746586 689740 732880 721583 770517 683513 722225 745911 726489 743269 676687 706321 716841 731716 767757 658394 734216 766103 731635 716919 742465 722957 741309 671315 722649 679280 683161 716153 752913 738179 731903 767348 713333 756506 747367 684548 749700 748668 760702 756794 751524 825302 730519 687611 724198 668466 744613 735468 657569 750605 744600 665374 740404 732548 715367 744867 686268 735089 770646 727812 732372 687708 726070 712955 715858 726193 711884 717846 675675 717543 726528 706256 685091 744874 676252 708034 730003 670183 685917 751112 761065 651021 673802 708966 722102 718372 700801 743673 725711 694816 727475 718464 712777 758626 770216 735384 728963 775219 697415 717795 762968 762577 703098 722846 738750 715900 707039 687665 692985 696630 689508 728585 755266 769943 734823 761706 699401 735645 732329 677853 724154 709358 717492 747337 715389 748538 705840 721214 749761 787711 702478 777440 724255 771687 707135 694521 752698 660965 687353 678612 729931 742475 766665 699735 713647 644700 760789 776058 669883 707758 700652 749526 642050 699161 722810 729253 726305 724374 679923 659750 729029 685085 706349 676997 735763 726241 699222 724083 718692 752700 754691 702405 703629 735887 718222 697567 705380 753136 748130 661614 719837 745968 714652 694184 717593 681102 730033 705655 689823 714531 706628 714666 703586 723868 718077 783641 725719 712526 
714006 742338 759373 740252 721838 710618 803915 710246 748192 706441 747188 695633 779691 712055 688866 714524 717629 716227 737442 716823 683116 736088 749623 744756 739310 696769 761708 721564 734286 712610 747276 737658 683455 776343 742519 761507 707289 750955 760306 752012 672262 763848 757223 695607 725607 711275 770630 694713 723905 720593 740319 704158 756176 765577 726244 694912 743692 706004 790076 759824 721703 769472 802559 753935 734384 764466 714065 779991 712761 697136 761916 766486 699498 738666 766209 767819 701394 784561 730697 805668 695575 755942 770972 703300 731537 800119 722490 724660 757188 747370 750851 706375 697081 745195 722417 711600 695041 743025 729221 757803 696039 764508 773224 704783 738834 708214 767848 704997 744856 768253 722219 735165 730324 738383 770587 791706 760941 677761 732902 779961 734395 757675 764942 759919 799997 724557 745534 705648 664128 715875 747402 767228 735577 785042 720218 754419 719898 692269 793384 747329 759170 751210 771530 837897 746356 689212 752404 679267 783808 750111 729793 744112 760474 697636 724645 768245 675992 764309 684388 759830 782482 757785 739978 703739 728081 699587 711661 738573 743526 705800 702444 743784 770845 726368 725145 729952 703750 710547 753874 744618 687965 763105 805434 655990 723777 712040 732832 728624 720634 789064 781014 694520 720158 725921 732593 753133 792899 779423 737141 764442 712891 723672 747978 766676 708350 753054 706482 731104 762153 721279 738873 707152 686738 741599 765544 781097 787160 762289 730137 725771 725083 731809 735246 711307 742857 774159 753039 730722 716731 736214 758751 797044 703718 757304 725250 795202 723453 723370 739364 688203 711831 700908 749233 741313 763004 690081 740546 697919 780665 780499 721445 735800 751940 737298 701457 706472 723140 730660 771211 769110 722739 682826 766922 701437 735174 705624 771279 767343 706174 737223 751849 763679 774576 746749 718031 754007 710844 721420 707140 772336 795427 708556 729898 782456 751552 717124 710630 707220 769138 688736 690595 736617 726233 696369 732949 756343 722875 795317 705933 708872 
750972 800386 767990 770090 736035 759164 863228 750900 755929 776698 765930 757805 799655 738961 725098 745274 756179 767872 775036 748619 740946 780547 771083 784081 765629 744343 791934 739062 788892 749489 747107 790107 728880 796634 754285 772320 744143 777543 784393 778925 706495 817398 769652 721530 772970 774261 767517 774121 748057 768573 785536 727506 780793 794837 779339 737929 806809 734424 825532 798343 756450 783223 839179 782667 765148 795791 746275 821075 728846 734295 752425 792753 771737 742485 780864 749130 759099 821855 775750 786821 713090 748673 772587 732361 728839 816247 753763 752546 772044 764976 761292 765606 709094 788542 737603 751827 728538 775289 762072 776803 731175 768189 802166 743798 777114 772175 803637 723115 785267 823439 778884 770689 748000 751090 810523 772855 778960 728368 763004 824376 781667 766151 819342 778630 830120 718385 753492 729867 741073 773181 773443 785197 749229 816565 763598 778785 766959 731071 787591 761217 817379 776616 836427 853816 786751 720339 779582 719129 796695 760324 732785 796201 781002 714966 789298 808862 741831 786814 735800 819768 815891 761589 798612 768186 792402 727465 779053 802004 735556 746383 716365 792564 752071 761569 734938 782631 742340 746265 747801 743401 737177 777532 802832 738650 729392 748369 775144 773997 774262 819899 782999 731280 780893 790544 771805 812629 825358 778997 792413 819498 767306 774781 805123 803296 791920 781810 763497 774210 779728 746893 765992 731883 748580 766533 766619 804143 801768 798102 753557 737648 758720 754817 812623 760891 765827 820371 790110 755978 749975 753942 787693 817787 763921 814884 790035 857736 760741 753207 804568 712169 761115 754542 737779 743778 803368 747996 749924 695955 814538 825296 762719 731549 773022 768724 708791 759504 774270 765490 773376 799005 723518 727953 816315 726637 795636 746465 779959 772099 731214 801610 772299 776677 803988 749358 766898 801032 769700 722192 784539 793766 803570 732152 732907 818141 729962 741212 758922 708646 761754 711534 758334 779043 738892 734307 723965 799335 765404 804023 752679 752526 
695948 715191 714997 727817 695998 675246 772932 712163 711801 681549 704999 721370 743414 667702 691093 697775 704719 709101 729411 678087 672539 697865 728782 691033 700996 691606 741149 667720 701666 701455 677207 712698 710679 756742 704635 728386 700399 727959 704418 738661 680684 734536 745669 684609 725925 708092 718307 702375 688505 711578 726630 674089 716399 724140 718104 661498 737311 679382 768810 719770 691185 728213 750755 712630 724754 758806 698680 708568 686285 676489 719919 729733 669369 718222 753353 694183 676747 724885 728239 739005 657712 715656 749445 670803 670238 770410 700794 704285 717908 699922 717859 692822 657386 723951 678160 694666 685848 737078 713206 732236 641749 709906 726148 684505 743522 706526 754643 668561 702581 748137 687726 737164 679898 682662 732173 710131 734447 643394 702254 720614 699883 724767 747826 729521 734491 670728 718823 686646 679087 709087 754210 741689 747462 784078 714045 756140 736925 683933 757735 727157 750917 737700 742869 760757 704072 684195 719933 672653 742944 696149 682543 729348 750739 690907 715381 719565 675122 731054 662347 741907 721378 744421 720006 691065 737955 704233 683688 734569 717697 724115 676662 736888 716521 714513 666037 731272 698918 699601 696426 726471 674462 758333 752140 628795 686648 680673 691292 715522 707101 748567 745848 661164 705629 718916 727510 717748 762268 731114 696236 757536 687814 710668 739083 752938 702769 728917 700441 711513 714576 711895 698202 729404 674922 746416 720950 764137 781453 767387 699513 721493 692126 701016 719760 739783 712529 756594 705092 713022 712410 687204 739101 744522 685588 743809 728333 768600 684279 661287 757975 678376 688834 718329 724944 727094 721853 652914 723561 654253 726365 759075 665931 675075 730471 710171 687590 678996 711415 740252 727441 716265 696805 684563 729019 662183 733486 675605 745978 742980 719128 710435 725121 716742 776165 672712 703960 743703 677490 703161 669013 746564 724613 668239 720574 747755 718187 676439 719715 691311 698160 676900 651216 714107 708054 686385 701807 756150 686726 757336 710795 703545 
777286 806464 794512 800565 782674 767901 851574 797291 820478 755731 791964 769513 818063 724436 736941 755583 772364 787434 822028 777653 737155 768164 800501 805245 764152 746434 804614 757196 755923 724097 757639 762814 744981 821951 780642 825458 773702 775679 772202 800928 745699 790734 818320 731104 778000 797425 787781 731452 764110 756849 810666 735733 795442 808213 779275 733097 813945 742308 813556 807967 759951 803110 829626 791892 760465 808478 757836 771164 725724 701111 796682 794513 785818 790795 808424 782588 735832 805175 770733 814966 746579 780807 841534 700610 742095 833622 788262 766938 825231 754125 794909 777845 733746 769833 753785 760165 722570 811381 793386 776639 705975 774265 823528 763025 768627 768375 807145 726628 806470 826572 752406 778609 735265 792730 806956 770829 794883 730902 800267 786818 781846 804370 780068 789195 814401 722013 758116 742295 762592 744424 791201 834553 785187 846060 773491 844241 745128 758379 847664 779357 817725 820688 826452 843547 806343 748587 769418 739842 800930 796617 726695 805649 799435 722297 791132 777702 778934 822308 740398 805284 841093 816834 772500 759743 807438 759593 754424 802978 807208 738383 749589 807006 788012 742857 727685 800745 759158 739639 804831 764839 725482 802227 848036 740895 771542 762693 748023 775639 767517 778624 801672 761958 751652 764561 785374 784849 867091 804224 782858 830939 749392 757077 792945 818805 764139 788761 775535 786170 792221 778086 779443 730535 762208 814518 824515 823214 843151 795062 777942 766092 780900 769584 793295 784036 763716 823510 785405 780951 778236 766043 794510 841378 768206 824597 812936 838572 742614 733205 804915 741112 714509 743328 772039 777890 816269 739647 790788 728705 813637 831392 769293 745749 814205 772797 770382 721204 769470 790175 822267 803895 757155 719767 796796 783704 765674 743844 812931 776801 752518 780925 797791 815920 842106 751162 766833 826292 760132 777113 752970 794972 835835 707524 781902 829395 795718 757355 774897 753954 786648 751408 737251 786026 779734 744814 741932 825839 775953 812685 759645 774559 
760693 817101 791883 798449 776281 757133 843743 768328 796051 734927 753320 787577 844101 772971 746514 768637 772369 783139 776489 768704 731774 786656 831739 791390 732284 771319 812635 792339 786553 780416 793963 789128 705525 810026 795796 806911 767753 824966 797207 805082 704284 806064 803757 751008 776613 777646 819786 769513 777332 781337 779435 731713 784559 780223 779284 739350 804798 733973 849730 763175 764648 793398 850280 777746 794333 844658 770208 800224 771691 730139 800842 819805 788065 780006 819545 776114 744235 801080 814300 845351 765391 758264 835184 754531 731253 874416 784488 796929 809453 765295 793011 765836 754308 804941 734288 751058 736237 807917 802957 823703 726841 808280 833953 766909 784617 772398 836642 721203 791705 818545 760922 772068 749241 771184 832346 794166 802476 720205 771594 845209 799946 792434 806665 798317 826597 766899 780362 775381 762144 764736 763323 837551 784016 828749 759761 799641 792213 743575 865251 811542 800174 843533 800600 895625 799919 738494 782863 732459 827750 819820 743005 842597 820792 769051 783074 806845 784692 841149 738240 826110 855342 827806 773239 763625 804897 776326 763221 785618 807201 773249 756049 789473 798753 761378 777448 790413 752226 771683 768223 765108 791194 834875 834895 723749 742346 771096 787858 772424 768785 816220 811070 759213 799923 776967 794476 794996 861047 826863 752525 847324 792741 789083 827082 820455 773379 805554 780230 808075 821051 779553 787159 752053 736237 794852 792276 815248 826742 798098 765881 789711 811123 754597 811865 804465 783973 833030 788559 796437 792935 783868 820072 848008 747971 822422 792316 864713 797326 774900 800804 734022 750547 764941 803064 770901 818323 769761 775243 711854 834189 861475 780247 753511 811642 770901 733011 724623 752832 803409 771178 840550 742041 724807 776393 728348 781247 741894 825363 779123 751357 796057 803271 799428 847342 770767 779441 846940 762110 764474 771823 809659 864823 736078 815968 813493 800837 737868 788965 753289 786641 786456 747502 774025 795038 749782 785027 838506 755395 868213 774919 792573 
709370 761000 742420 757271 702239 732478 795543 694219 764176 711954 705035 693482 758156 665930 696021 694648 716701 769434 750303 719743 682743 727389 759740 756913 698806 728482 742879 698062 713558 715983 729548 739964 697555 748533 727333 753572 708500 746501 731743 731099 694112 752990 767922 685675 747497 747742 745830 726146 696073 707792 731440 683512 741509 760537 706694 680348 778891 684998 775188 759404 732125 753617 779566 699109 746394 769304 737344 753257 708001 694409 725199 763861 705028 729639 762955 732865 702161 722262 761644 766664 708822 736055 760820 724268 676298 805880 708400 721837 758162 738513 758272 705001 702274 727766 699272 727800 655841 769598 723285 753375 666643 705307 773855 713843 747537 723730 739029 681296 745635 779237 732659 718570 693685 737879 772540 730978 750943 670781 753611 756127 734642 731745 763145 742261 789846 709598 696713 714726 705236 678283 725996 762068 766385 778483 726947 758334 728877 689943 780750 778623 764103 753255 764308 809495 740349 686443 697347 679294 788593 756716 689363 761666 779569 668657 716681 762849 710578 755470 678980 788136 786519 738546 752401 680095 712977 670355 742471 743198 721965 745171 688596 744882 752846 733535 724860 771861 704831 703850 748829 726252 706358 766088 759287 677929 695059 712076 730598 735392 716968 766186 747167 711132 710082 714129 737183 736786 804534 791316 718405 777504 708919 736222 733869 767663 731677 732180 721762 717320 751227 719098 727591 697201 724453 770689 745331 760299 771321 764803 736123 721530 731354 732756 777157 728820 720715 771091 724986 753789 724787 716316 778234 796669 715564 764511 740986 808977 741866 720919 785097 686523 697020 700341 726822 761192 765427 728772 749942 677957 766910 764571 732348 727640 726531 725542 674745 674602 726091 714559 759278 735609 696800 680131 737358 706538 731078 706779 744902 735577 698110 746365 759750 717443 787813 723622 738848 790870 737645 689305 699275 715141 777709 688047 721528 762244 720254 690468 726451 693623 736762 723742 703935 731463 745935 690668 707573 753298 722501 790840 724638 724855 
723825 834280 782126 765951 771109 734308 834050 792220 779171 753375 749849 760548 829431 742050 725018 760479 756024 781787 784658 769146 744153 776131 805500 795943 750949 750464 809605 769532 800549 738833 756661 751397 738861 809580 775065 802265 765356 803081 794252 785566 754815 777836 806884 728576 770152 774005 801662 765892 768983 753044 799338 734318 786113 784245 802876 715006 785167 714116 836159 789067 760320 814699 844047 761991 777733 801209 744709 813630 750774 694562 790802 798596 743584 778380 799923 754972 751410 813670 773488 819184 787864 766176 823122 741314 714110 846176 757280 755547 781209 774021 783539 773605 696566 791349 763406 762808 695998 820210 788735 784855 706835 794072 795776 765470 793302 748419 823537 709228 761750 824893 762024 758453 733476 776471 806999 780715 788516 718191 782982 798400 777299 792792 783179 774726 832787 729705 754732 769241 759948 754129 815381 812284 789012 837042 805009 798336 790353 759465 821722 798476 807059 838930 815392 863173 785343 740431 782426 711289 822821 792273 717257 807780 787950 744130 776478 766612 774750 806818 716022 797499 833611 810601 756518 733032 795506 731353 780166 799879 803498 787383 740079 791776 766611 761616 754171 785515 748055 775898 781192 754552 765191 782056 834810 682662 742492 760930 773824 767956 792492 785193 815267 763427 803842 788233 782753 783353 828918 812131 782647 827075 787758 763981 771447 821496 763814 800237 792129 797979 793367 781629 781563 756889 746743 800367 792792 816217 809244 799656 752302 749782 782628 745192 805912 801932 764835 816137 782474 781091 754720 795973 804901 837633 775227 815840 806898 832989 797023 731695 832435 732408 751279 757062 799892 780094 790532 762798 741742 713939 796474 833077 781922 755715 773128 779372 750455 730055 745445 792527 770513 810716 748838 710302 774976 736870 782018 740230 824489 788565 767125 788295 783665 778198 831902 772549 754573 824849 726408 763880 774964 810982 836769 711462 771382 801194 784457 745801 769590 729370 788086 759441 744800 777150 757887 767268 792722 845671 791291 834120 742361 762416 
716812 794245 764230 787095 777756 729471 807560 759835 795053 734115 726697 759565 809350 710581 739792 732138 769495 771481 776054 755911 695556 763122 762512 790676 748701 761364 756453 737377 748450 727893 755463 744608 734792 798384 766745 800970 736851 802791 795941 776290 728637 793631 795333 726748 762109 758800 782582 743153 738745 751012 774868 720672 787768 800946 770575 735019 803087 707005 843799 776507 742645 792206 782507 765576 790439 802640 736066 772886 725648 736202 749655 769751 726188 774977 783519 764312 738726 781501 757545 798366 750341 770385 803798 704378 716957 830473 751963 746262 797076 747927 780826 752127 721028 770343 752972 737847 729709 793132 723904 769012 687411 778588 804796 735720 780103 754974 791806 717080 772478 807887 758091 736245 720406 762916 819914 758573 789025 715532 755227 778066 770103 783123 788916 759070 834121 728349 749187 727554 712463 735640 794938 782090 801465 786240 770694 790951 780324 752132 825011 757833 807408 780227 814965 838404 749040 728908 747226 702824 776567 789853 741286 780749 801040 709296 772308 779333 735132 805132 710384 784345 824757 777483 772041 737028 778108 739707 761385 773301 775315 765240 703127 795301 778589 766729 736049 809339 731543 739289 769379 747928 723403 797091 849877 700018 752422 755294 759755 763679 744778 783581 800730 750189 740093 759602 758762 779096 817838 793968 755605 821170 735641 734048 784036 803372 757019 769723 754494 774773 781707 753283 743504 751338 734243 784323 785324 781212 811928 820036 732028 761663 756356 753352 787535 773676 751245 819608 733667 761796 757243 729776 802091 820353 776912 777253 786281 829228 762128 737293 792034 707316 733938 743411 752832 770905 800727 722679 773748 693654 778164 812490 739888 716642 753344 745588 750016 721818 740629 752293 776660 774600 717446 714200 757083 738619 769378 762463 764366 783914 747796 783124 786743 763778 797124 729969 733660 807428 757782 738410 734927 761459 821022 675886 753918 766447 761457 729865 786915 721179 784631 708000 720385 748097 779108 709200 757599 776489 756177 811627 733111 750748 
713876 748486 749544 756180 748473 738087 806665 742297 785560 743738 722643 712545 767292 718272 718467 702630 734743 743849 773897 735622 691401 747123 760668 779852 711514 702833 739122 740284 726076 735577 744724 744738 697715 778581 740559 779489 732422 781243 766188 729318 707574 771777 765815 703317 754827 755839 755225 758044 710772 737308 757265 695827 740498 786578 748949 679410 743442 706564 799133 746500 739976 784049 807121 746583 758791 777767 722135 769446 713215 674903 724670 750839 742601 766760 751622 742854 698968 762411 732091 800263 718446 702045 802252 714292 680328 805601 739927 731987 768255 723089 738588 725634 691105 761877 728280 742133 705015 780513 742733 749233 691828 718301 753471 720031 755048 739879 752522 667233 764363 783573 733854 726996 719464 737572 767432 765662 756040 702418 765169 778225 738879 740614 754129 749171 815256 660899 736255 729994 728513 739052 761155 783082 749548 784922 732076 751157 758197 726522 795101 735558 789904 759320 797542 843694 754904 669925 746733 688649 761160 757757 688797 761325 754428 689047 729981 766496 729789 782025 703413 762354 787626 764831 754736 699233 763703 693813 736834 749834 733692 748982 704827 753507 717959 722655 713731 779112 731630 744599 775448 714527 706412 754210 815674 674272 741120 728140 744421 736403 751233 781551 763479 729959 737193 750527 730847 740658 812887 785642 746646 786788 709821 760539 733918 797968 739159 768559 749646 751212 764343 736203 760841 716303 725221 778689 780025 771307 799492 785655 743713 738852 728105 753170 791452 744630 736339 763906 761883 734308 727044 704418 774605 823572 728282 778387 745809 810532 742658 724585 756028 680492 707495 735935 729748 741528 757532 739096 763018 668706 758860 773768 729852 720426 735342 708120 725377 724521 730214 739771 755811 772524 711007 668831 749565 698699 736827 713371 795263 740557 722903 758676 760070 748406 812120 710394 754503 757919 759234 693272 713976 785222 801021 672053 723191 782221 705004 727719 752563 731236 730572 704146 702390 737188 752186 724246 717148 786093 751349 787324 731300 730348 
801327 816419 802358 809192 799663 793289 884050 765614 824972 785691 776446 757095 848798 751034 777794 770223 806966 814323 829595 792400 731765 803958 808241 812595 781649 767095 818310 754280 788001 773091 766613 801022 789256 850950 812650 794223 789329 836398 804161 805630 744403 831868 814770 767831 800863 785819 789516 795398 790289 796041 822288 737753 799637 813631 806720 751806 831207 725656 878592 819986 776207 840616 865458 800246 798077 847029 789950 838079 785614 739466 791108 802222 773749 774255 816709 795477 777691 823741 818496 844882 766123 798057 824501 755993 748992 840136 797793 777783 819398 789080 781197 797244 749270 783984 757235 798174 765717 835858 794348 820150 727018 798419 847948 743529 835423 781781 839630 735497 814939 817402 790363 800265 750720 771045 821048 815119 800399 759881 783341 813508 817071 764761 826222 817810 858460 736603 793897 744894 777716 761988 825621 817667 817316 858698 793233 821632 792222 758546 866835 792790 841112 860971 839614 885739 811825 741336 793232 751151 847955 815510 770449 823282 865772 754242 785802 828844 753455 848046 771780 843940 847251 806177 833691 793337 812118 762998 803224 799414 766438 766509 731730 835339 792244 789559 747642 825618 755991 758006 804895 766621 732479 819531 864375 756260 774311 800920 783647 811775 801919 827739 823900 764974 793306 813765 782764 840223 841790 828651 784997 833987 778483 787380 814297 840958 796818 815563 806844 823086 833401 781413 834868 782751 797288 837595 810549 859054 818326 846783 771705 807877 789802 804184 825791 792961 800535 840431 774421 798691 775309 787714 842455 842761 791515 830024 811675 880228 768397 787627 840289 748136 745944 772333 800700 804856 836958 792218 794129 721623 826444 848869 787552 770284 785479 793834 782575 761924 779321 804671 833731 837038 757188 719602 803992 764202 831536 778149 810948 801789 759978 802994 798976 811595 864159 784446 805785 825030 788886 775651 767130 810524 845943 743751 785830 826545 774581 770962 800862 751212 804046 748652 719450 795114 754986 779882 799150 847343 798977 867713 782936 786591 
725542 775876 748556 768265 740770 699089 826378 733358 755726 713541 749968 724953 804458 734606 661241 739603 738924 758940 794304 747014 727044 739585 788089 781938 719466 746726 774266 726477 730748 720216 740236 737619 757104 793326 774031 749974 699135 767119 753427 750899 718145 769355 793598 689460 756903 739561 780739 735790 745551 713497 755604 727960 756165 735086 733646 703408 774899 715808 840040 775500 722848 777629 829158 773731 797651 800072 753742 771849 692805 702141 765801 788687 753838 738183 761026 745413 724795 766100 779015 763400 739838 726042 788738 716742 695806 818446 760942 739335 777600 719131 739371 706322 713597 758746 706244 769556 700374 773690 746398 747864 702658 751850 757444 693194 774397 731614 793955 711292 765916 783793 748088 734059 683884 760470 780819 770633 740062 693217 744993 785487 801716 762355 760370 804774 812411 700693 752128 709614 716019 729609 761241 778989 785572 810963 731271 777268 761606 724969 783893 765044 822191 818782 788766 825423 751244 695021 740575 714064 773722 759961 700113 779599 784463 725069 776301 777585 749680 793979 695820 788138 783557 773547 781282 727302 780470 689752 727176 731678 761198 753542 713716 805660 756707 732520 735874 786761 740353 722557 760349 729597 732938 768722 790725 683289 678268 726609 747434 748374 725621 780101 774696 712378 726758 751550 745522 769537 801301 789928 727879 823613 725444 753110 757158 759034 717783 783319 766806 744791 765795 734035 731800 730035 689198 758322 776418 782009 811235 768271 694910 734027 759474 730871 768023 766418 769900 822794 770942 768137 731796 736455 774265 813365 755812 814614 758897 817110 760989 705953 779186 699925 700896 746957 731526 772139 789749 727685 768200 689828 786259 810676 732543 729285 783088 748130 735972 688800 723652 746354 761716 758683 696093 714545 760855 716069 790956 731420 771419 760116 725822 736641 757151 743730 817967 731687 738694 804515 759889 733395 737474 745398 816254 712106 752553 784114 761598 705293 775483 722201 755979 724102 694355 748496 752207 717195 728870 772071 707164 790217 747368 749079 
716229 788951 765968 746259 736850 767465 850917 775210 757163 773525 753286 761253 823473 715865 740859 730312 776611 770966 794036 752404 750842 767345 784499 804083 745395 752070 782903 753040 763267 711599 755653 762714 725813 780436 755205 792737 758210 787689 766462 748937 749120 768338 789486 722562 780385 771494 765929 776244 744178 765429 783761 715040 750531 789631 762372 729746 774747 724132 840458 778808 730570 813128 817143 765218 756371 831588 746949 765629 724157 684837 748988 785238 754855 780933 748776 760718 728296 804069 756584 783089 748114 751472 804618 740409 704063 846804 787034 770341 798299 775278 760304 772669 709493 782723 728130 755229 718580 805254 772838 760193 698733 753731 816274 726515 772112 737863 803257 736109 781490 825063 771347 772593 741426 763077 802113 776154 776706 732780 748469 816990 780446 768122 780087 782873 826920 706319 734898 733414 743993 752561 788222 802338 786539 817632 759090 808472 779672 724844 794409 771225 796028 816117 797061 866282 771483 719500 756193 705201 786132 775620 713150 790181 794924 720531 747942 786361 741661 801018 694620 789905 806159 808575 775565 724064 783991 727449 760698 769618 762294 798859 713263 815738 768523 770627 752131 772846 756091 755352 773409 739122 723856 802756 824701 694448 710573 730249 767092 743898 754774 775948 803656 761417 754877 774033 733109 777224 816741 780858 762287 825043 724985 759392 760104 782853 770373 774132 770579 809595 802093 763344 761727 763205 721548 815722 801009 817041 792337 784569 750458 745864 745143 726678 814273 758244 756305 802893 781646 770899 737873 776406 812909 850301 765057 808403 768917 837287 746174 745661 801407 717543 737972 767576 761810 781839 788441 760773 747927 679449 806650 841294 751253 767795 781232 744035 736179 737635 757949 778521 774150 808823 744918 709307 792089 732331 771358 747762 821688 781504 752357 807462 770651 770133 805587 761437 789328 797006 759827 755400 757663 787034 815059 732191 767222 821618 759935 736493 773948 694526 762007 710285 735383 784713 749303 734702 760745 839104 767446 815640 741455 759982 
673571 776346 755170 731563 699009 709913 799123 716117 734648 692950 746509 717602 746386 670595 714279 699221 724900 714233 785751 732450 706787 724134 756006 745233 719992 697185 741058 717056 726626 713832 721898 741730 680954 763954 710909 712972 709978 726792 741572 731485 692559 740935 749349 696301 717619 707915 733831 700022 724179 749810 763054 706490 726023 754931 750220 675355 751359 693171 805173 709125 671613 757576 785849 725452 729270 765012 719147 725035 691214 684461 709583 757336 709866 732852 730131 709134 675757 754508 741215 771686 702375 732520 765940 700708 691756 774784 719275 709318 764024 737420 723106 719017 651918 732281 711096 732394 697681 745808 746299 737770 655395 718948 747505 709258 770133 710929 772864 691909 729226 769784 710067 718909 696254 712605 728837 743054 760818 668531 741279 779095 738042 758893 751419 741408 777428 714048 710713 691774 685368 728796 776857 760699 727301 754814 701257 734822 727900 683647 773789 756924 766621 783904 761763 803278 721533 683407 714786 677268 742603 730202 691350 758654 757624 683505 711163 762167 671410 755507 675123 762755 755974 762682 703926 763191 777465 675593 723174 755284 734814 722647 696077 751538 738578 701466 719981 724854 701246 705378 725583 711485 711980 770566 776227 652906 670929 683152 725389 711629 689904 773901 774152 692069 720202 748228 711907 725295 781538 765940 735818 791515 714201 721017 732558 776486 701976 767037 701135 728261 747724 728980 728024 733300 667008 762926 783964 772941 751386 756408 694844 692602 710930 710653 754715 722450 709306 745248 762136 725267 718226 738166 780664 786582 729301 753521 750015 783598 752232 691897 779906 669361 702488 696100 737581 744344 757765 697078 718153 666135 775370 793125 724748 715044 750295 732978 717819 691594 690398 727300 735994 740064 686712 662062 728437 693728 716759 710655 770546 737435 710373 727202 743493 761453 749576 728770 732719 772804 701194 725642 710360 754915 767075 676659 727140 756417 722879 715135 719543 677623 723773 707463 698500 749479 732448 698736 720299 732304 720372 755764 738181 746154 
723188 767019 739498 758489 741747 735811 806792 744993 750257 706447 702742 732906 756254 713455 688686 735923 738092 735744 730252 709605 701748 747658 756375 738266 720052 719614 754605 705651 772525 715396 715349 738443 724646 756871 733428 757130 695135 750682 769549 751623 711336 746739 795234 711130 745798 719155 776792 728324 738207 703764 742194 715169 752230 757053 729885 691170 735797 685809 806596 754180 725794 776519 815417 729640 736245 786556 721653 769056 711193 685576 725865 786992 728632 733075 748333 722874 692518 740671 768205 787735 737350 744981 773420 686225 706438 798561 757839 750952 759044 706200 747358 718665 693047 752371 717891 724068 685443 787943 763950 756191 661799 728104 783416 722433 751102 731521 785010 684212 744558 748028 731631 711303 686879 720484 766497 731066 717314 693084 747593 788782 711363 742029 725867 763325 788827 691773 736721 722568 711695 733388 791183 764156 770191 818461 737220 747395 746001 712747 751414 737686 798353 801341 774589 821459 754456 677067 735622 705756 759291 745773 718853 753971 754964 712316 751429 745597 719081 748970 708358 757770 802649 768098 757740 717319 743726 723008 723574 739839 716309 724614 700193 753406 727200 719191 717590 777590 701399 730741 794229 704333 728348 759681 790155 665811 729276 713057 736415 735753 727073 766334 765749 719834 759975 729952 726997 757863 780094 775394 731625 807448 726059 724303 755724 790018 723462 760493 748098 740659 750121 742994 725393 699527 699453 761403 756538 766463 774363 754690 709690 734684 746703 709758 759964 770114 701409 793097 746250 740237 734756 759942 774429 814586 721958 760822 764998 807892 715664 693270 778933 668269 714256 700675 721644 734427 766158 731792 750110 676681 779202 771442 740378 707261 765833 739774 689259 669431 713702 735843 725359 786003 707873 693845 738256 722676 756363 711836 791323 749021 689407 738374 769530 733399 801182 719750 770112 789688 712478 731497 680701 759385 787193 683998 737781 773944 735708 715540 744281 716549 736518 734512 697856 746798 719425 710480 724307 777518 731177 826423 731807 739050 
728955 781613 733223 769468 722130 731017 784782 693824 780335 720921 734249 720727 784411 711899 688658 712544 721798 744943 779971 745712 686091 735376 754608 764674 725556 742745 753284 728364 738908 698179 725611 738987 730952 744915 749106 732741 712218 748279 752846 765134 696121 736029 757721 681082 729462 722744 758483 740493 729859 742974 764061 685334 742005 755310 734352 701066 768804 725008 807860 746051 703557 752444 780170 731075 755916 797594 723062 755927 683712 692137 746713 775647 746768 741160 745552 730525 692874 734627 759189 785018 749449 725391 767654 704890 714453 781568 748969 738430 776612 727843 735215 691527 712437 750088 715234 738781 692745 747826 723890 762786 694862 753818 755996 724344 766702 717595 757423 701564 751741 794754 727659 717739 704277 751976 780304 761782 755848 695914 769597 768605 738904 760824 763473 776689 788063 687479 743668 716152 714913 742951 749379 789573 751557 790303 714245 752211 711398 699064 761410 738199 783369 767464 774168 815510 754202 723189 712854 684313 772848 766898 706293 755157 785217 714747 741696 733054 706212 758598 709574 774153 770009 762800 728952 712001 785377 698122 717732 754415 721574 716785 681093 737567 760031 710578 727972 760253 716034 698613 721303 708268 726335 755887 791419 682223 693425 718767 728357 735775 739152 741541 777400 704961 730121 771525 752498 754400 794276 759254 734032 769320 721541 745947 767919 742668 714387 759706 732057 736608 746899 731003 727561 709570 686959 751362 759006 800626 791787 759164 710952 727579 721040 737808 762087 689136 709480 790959 748804 721810 714528 719896 750870 831364 729310 780583 750192 800188 719536 731836 752331 700309 709765 732434 733798 731676 783164 721982 731713 652853 785872 761605 714081 726716 756084 730699 690422 697075 699029 729139 729169 761920 729452 668601 742452 708887 735967 693819 776999 756446 707333 772601 759384 742028 780897 715239 714804 785531 715489 715649 743481 748711 801593 683224 725694 802533 750606 714381 741862 701422 753891 717230 707647 752871 724848 709936 722916 775172 713250 784379 712314 753736 
666754 742071 708925 727431 700763 722980 785394 700390 721245 711752 716964 739122 745129 686413 677416 697857 696821 745973 749468 731900 687419 721483 736440 769577 727662 714848 747100 706634 777187 677665 717824 720169 697502 746831 739870 767360 702310 738847 724760 727339 696893 758635 747199 689972 745601 729636 755514 719513 697965 717739 743582 709754 743446 746816 746219 668265 744853 682312 803229 747720 713970 763041 787317 720499 744691 749931 735336 745862 681788 676792 715376 764096 681542 710693 760448 705946 702479 752481 758181 752792 695728 733867 765437 691241 686278 767642 731837 732504 723179 728494 725706 678518 692694 754125 690430 696854 675516 743525 766147 734624 655279 703896 755950 672585 750994 729424 764471 708512 746764 742291 716783 692306 693291 713216 746655 741844 742262 665994 714683 767134 716322 710158 737133 752576 771545 689494 736684 716334 675820 715931 758651 755218 756781 764606 705624 737740 739864 686938 754439 716250 752364 771957 781429 789158 735212 697853 736322 681127 728837 708621 712294 745483 763958 654576 735647 759414 680387 756387 663762 766952 764992 745933 746858 691058 760232 696794 706267 732832 697021 725672 712615 751678 710914 702706 703021 743824 693167 696436 737510 707778 718754 737963 779240 659229 704641 704402 714837 745313 726609 748277 744384 692020 693784 718658 746812 769850 770726 748776 732294 779161 715256 732269 756507 762526 732665 746591 760313 754074 757863 722341 742263 726398 714512 752453 735821 754262 778671 747589 719857 721996 719727 699897 768539 747548 717410 785591 726060 718581 719824 720055 782658 760861 722726 733735 767462 776722 722047 680426 779777 665162 711812 709156 734414 732888 743055 691513 707233 680913 753982 748212 733522 712172 726066 723596 689622 689383 700581 730373 722457 746539 668024 703884 723770 701594 738990 729484 761084 746443 690339 715082 742462 734599 768649 710780 748352 755942 713102 703493 724441 713721 802312 686727 714368 767061 718572 679240 722129 691776 723707 715669 674048 737477 724174 691542 724792 768757 716500 784840 689418 738165 
691890 767043 718328 747631 701109 705682 785865 723696 745334 671506 724422 706428 755552 684786 677530 715884 726546 734791 742700 705532 691946 732747 770364 753955 692453 718254 758833 721283 709240 699298 697018 705127 686550 748071 711772 733056 689936 725690 723915 748236 710813 749989 738410 689960 739436 701530 747360 720945 749213 732640 744607 694281 739505 723124 702328 715705 775970 678012 775854 723647 683894 755864 788949 706491 731398 784465 729989 750678 689839 674803 745396 726634 692575 727903 722619 693216 714632 739321 741165 760812 697638 730778 755084 699197 662089 783827 709663 741777 747568 705549 712222 702646 688037 722871 706419 700060 672190 752430 736338 744610 659820 736565 772257 699253 710806 733515 776299 695054 742017 787302 706089 727498 682578 717648 732787 750077 724623 682738 736801 763064 734170 709544 702045 705989 766203 666539 715157 677060 705290 710485 725507 746543 727187 758304 699002 754929 708520 714318 757129 736198 768357 771921 746960 818061 716555 678177 722612 693207 806171 751905 685206 757387 762096 680262 743288 731528 681161 770549 691307 723119 772652 735141 734576 696826 718184 716663 725135 720454 702579 723737 706559 782489 733976 724840 702798 741395 698085 689129 751470 708045 678173 766570 787205 658127 683043 702751 678072 714945 671065 745570 747953 721067 743004 714593 717576 718868 770411 766768 721455 774283 704642 735213 742867 761707 728158 727648 755192 728302 751114 703386 695129 686802 676316 744536 772781 755041 794290 734628 669307 724971 712202 705168 732542 717064 705064 766605 737679 742453 676325 725430 774537 763483 727974 772474 733490 773807 721853 699746 725843 654553 680838 704736 720917 730719 750057 689293 732803 682782 737753 785009 712377 717645 727816 719622 677734 694704 677699 720384 743721 752898 694889 662330 735207 726049 724156 703184 716380 737021 682599 753511 738805 721878 750565 749163 687798 787689 743469 696168 713657 733696 764657 674106 727501 756958 724210 709457 712237 679722 738670 732917 652340 703402 724369 713559 721637 735918 723342 762346 709580 746029 
754421 799665 794259 812532 764786 749917 859709 754105 800459 770623 758298 757038 818482 729909 730368 778487 770154 784934 826013 768691 754363 752555 792555 786098 786418 770249 798635 775709 781591 760915 770774 791807 737019 800094 775655 804863 779742 799708 798305 804218 743564 824487 818409 751679 791755 785460 785442 755638 739810 766645 785457 771284 788724 798191 792391 730879 824237 718614 824882 782847 743640 795649 838670 790886 787967 819872 741987 787379 739633 722614 756960 807753 738370 796911 810350 776957 766514 784832 783084 833172 773445 785506 826612 758562 761369 834602 777460 768529 786758 769134 795702 749249 727620 780750 748375 752963 730962 789383 764344 805507 709811 748071 809313 776525 780383 774906 813725 735789 803613 799109 757230 790015 745638 771523 805232 802018 808527 726006 759952 788972 788563 775481 778183 788977 822647 729632 785558 758854 780089 761079 762419 814167 802131 803952 754200 793858 750602 736002 801712 787685 835775 794088 822611 873298 772073 724495 801067 705083 802974 762953 768684 815969 807286 715653 781344 796451 761661 804470 734846 829903 840566 827320 789384 765432 788811 751463 772635 780046 779138 764525 743987 813303 744802 775265 750237 775898 746559 764680 776406 777229 755374 807572 837063 719665 746015 755144 765816 770680 785224 785395 800768 727475 791771 780867 758617 805231 820627 803301 764723 840352 757628 776588 804954 818465 786744 800690 778428 758226 815426 790111 756672 746783 740483 785004 798431 801307 813605 780113 766683 778324 779809 742674 817933 765480 745464 811693 786268 766974 774897 781724 831362 836583 743710 836116 800017 847393 766466 754698 802314 721270 744539 783353 766116 780949 819500 736918 768312 701465 809238 853094 784914 790602 790876 773261 741491 737657 752974 775352 764338 822742 740150 704987 787438 742500 774584 770350 786204 789266 756446 764939 784802 762368 841006 761021 771977 798081 748477 745578 767069 831013 800820 730606 779469 838062 778958 754683 770545 762401 756642 743751 741335 769659 779912 746282 772445 820449 763620 811417 769390 782522 
753646 816070 760963 763589 739811 741328 829797 735273 769586 730119 739905 756610 827316 716153 722335 764942 744976 752046 765640 752346 726097 755190 756600 772858 731821 749262 775892 742415 772384 720746 759063 764696 720724 774859 764710 749846 760241 757599 754045 784513 715125 788526 794001 728292 775108 780864 793150 746928 761261 729245 752389 704453 772776 779011 758221 706616 769410 728142 839942 762621 756516 787584 812173 767908 770125 802311 755422 769121 710956 697272 766536 807382 730425 783583 786612 730078 736264 784044 775865 808282 736174 738224 781921 731512 726258 833048 759088 760551 790852 737864 774893 745360 718429 766201 728365 744752 744263 770922 777361 768925 700917 759161 784214 748551 779871 762780 793033 698763 758380 788950 743649 754798 713182 747039 812326 768930 746203 729737 778809 792122 772545 791209 779671 780543 813225 698455 744292 748600 711513 738444 771231 789028 772637 825418 745358 772762 782969 726145 788854 754778 842016 817929 802659 856671 774933 693592 765303 714820 794726 767090 726620 792651 773409 711695 773636 794840 710982 818074 710492 779292 800968 794921 762469 735203 782794 710397 738027 781549 772867 720360 706417 755737 775938 713509 754240 782937 740769 750067 774612 732008 757215 783673 807489 699820 731370 742588 760936 750620 748552 770435 819195 748915 766522 775356 756198 793955 818734 801235 775049 821558 726414 761935 790038 781042 768395 769748 771903 747977 786832 741934 765085 735611 751985 783434 772168 794874 789752 806863 739712 755663 748746 754399 793548 748526 759025 809250 773632 757419 748537 749642 784197 818413 733976 799099 786159 824070 769900 751772 795501 695361 721096 738689 745286 780740 811940 738470 750784 683508 789217 811621 747842 735393 761256 774925 730949 722134 743823 746879 781835 811616 733129 700570 794519 730248 765896 732144 793571 771195 727326 747360 769432 777996 849108 746078 776903 779544 759950 763912 740951 793232 837589 682099 784157 789367 760706 721611 759582 693409 783575 743938 719179 761321 742001 705193 752572 807865 744113 847595 753845 761086 
695399 766005 745003 756872 710087 740242 768142 721489 778804 735608 716571 721412 756060 705679 682301 708107 730679 732210 744287 739598 699010 715297 769953 753933 723065 722278 744199 724142 737012 711574 736849 733317 701150 742878 728282 718140 722999 734333 744885 739396 714471 740931 734985 704645 740797 739184 739958 713599 715726 719541 737446 691908 739083 762516 728549 685257 752659 691064 785935 737151 733134 776810 819040 743125 717203 754974 693811 729244 684689 638044 752881 735523 685210 717928 727711 714687 688991 753237 794807 779790 712594 736217 768879 727652 692494 793219 695881 711584 761242 714398 742075 691863 670868 752645 693209 730181 726778 754662 741155 731868 660089 727380 789156 699574 758230 690563 767457 710961 737253 768764 731153 774950 686672 702867 745407 748740 746748 676713 736141 766563 754084 760933 753252 754548 787726 680872 720417 718479 710405 743499 737381 758650 768647 768173 723984 745684 744179 746008 764466 740687 779906 767629 766137 801279 736957 703920 733157 684261 748817 754800 687475 735595 765253 658101 764035 733842 711031 781479 692248 754732 785343 783527 729297 690902 787592 698694 746725 727551 738395 724712 677223 759942 738702 698918 720554 777409 700192 711625 735367 695237 717123 761575 767532 684040 690715 705546 722729 739610 696742 738480 766518 718070 747121 735706 729015 763439 794062 744537 739096 798573 696830 718884 768502 765987 727681 735562 739972 735343 719871 738630 696539 685641 707100 767312 743594 751865 764171 753916 715422 728482 748346 701841 757479 718665 702904 783270 732662 739824 726859 715890 733034 783976 747939 759899 751743 777746 705713 685044 748054 679698 707578 703457 744172 716160 759405 703667 712298 677069 768323 789519 741871 686033 728102 719131 681314 693116 722803 755984 728619 765683 708757 677958 755922 677595 728265 728305 749639 749904 695356 757166 756982 770950 771681 725615 718562 749855 723935 706660 693808 753317 758974 659580 736192 752184 700550 681333 735173 704734 748900 671124 708036 745897 723912 676037 719183 748969 732362 797009 722966 767193 
719885 796929 789432 773167 754615 745607 846918 765901 764015 741737 726894 733281 789104 740273 699201 720155 735775 767522 776560 721824 710431 749195 785243 794588 763918 733632 767562 728835 734103 719029 734693 743489 729737 776528 747706 763863 729060 777712 789405 747947 709899 743383 787919 707412 751308 732475 754054 768560 731264 720696 775117 709807 763932 769021 748620 674282 763419 719294 818719 791190 735826 764966 813853 761207 772801 805451 746154 755318 721213 723509 759053 771010 737288 760419 759447 753546 732399 790902 761780 824829 747517 754911 786423 723540 710297 815082 772855 787591 774745 762423 752755 719011 696712 771799 748261 742094 710914 768611 776793 755163 668521 764939 772275 719651 756839 737991 800681 686150 783476 785880 775279 731494 732841 740723 761053 789576 779597 705304 769239 780308 775306 742457 768816 777635 795545 698876 723393 731543 741156 749151 795463 772516 782765 809884 735687 784866 770974 735266 792767 784999 815073 806171 767921 855899 764492 698924 747498 688225 791581 749249 726965 765462 777042 717332 765677 774292 748900 783223 703243 779232 813426 773876 770578 725447 799062 738208 737763 768887 748469 737707 710412 777345 750564 755290 729561 779697 750055 729520 736813 714914 716158 771435 794442 697956 706605 736551 771632 755723 707987 812447 775741 723895 749292 750835 779305 772369 812186 791055 745747 808716 752698 782671 759635 807028 720689 764578 758740 766136 773507 727425 736256 716191 735131 790732 781305 813552 802692 780834 755185 744975 742623 741565 758314 747997 756904 810638 760562 781766 742224 757446 752022 829612 740116 808658 789327 790300 755733 730143 825469 678123 705192 730577 743088 778735 770479 730884 735295 697352 805534 823185 737803 730268 737970 770109 706179 712407 728368 754933 763141 791389 715109 686286 773451 694844 782436 727020 792463 755428 762977 766960 762663 739675 780143 741343 766667 794295 761418 736695 748074 738746 816569 711177 737160 780349 754308 713349 760181 735544 779392 744067 712682 742796 773360 724325 707051 777334 748057 826545 754975 755679 
745874 806627 765146 754146 739992 752407 822318 752450 765263 738981 765971 747598 810617 763100 738050 734226 763378 765018 796682 762002 739352 762461 796504 774186 746771 731844 780837 728691 751711 744832 754078 740172 743785 796592 754233 798507 745925 748340 763649 770411 720600 778598 803871 718236 778244 764213 787552 764641 777841 757753 786745 716753 795033 783712 780533 741609 806001 712358 828394 770083 758039 804812 809619 778797 759570 829116 763026 769968 693329 697778 767366 778701 729461 757925 789754 734178 726373 787139 770632 781219 749941 762221 801378 732368 718328 831803 759381 733933 764105 760275 767549 735836 735990 789416 738481 747062 723893 767607 756632 804040 709819 752188 755656 753649 802833 769601 799760 683530 779344 826705 779890 769584 736057 743029 783120 778420 788770 726744 756270 804557 790769 771293 765484 783734 796423 708497 735023 719595 733259 754442 777939 817045 818573 822259 751590 779682 792430 759076 836959 777778 804408 806819 790035 845917 776322 729551 752771 717964 792590 771567 731662 797751 796402 711462 781496 776543 729305 776149 723743 806730 834807 779276 773048 747242 802281 719444 773769 768112 742213 764417 715067 774881 777091 743644 713986 793198 731043 740915 754682 754718 734659 804479 821655 682192 699655 757193 743230 754660 748182 785861 785392 730598 770675 755769 754213 773057 796934 798892 744411 806383 715234 756502 776168 772949 777033 779252 770012 787619 772883 739416 753387 765020 695893 772864 785147 777122 776748 796221 742358 743187 741105 745479 806095 754188 767452 789918 763329 775204 766010 762354 818470 840826 753402 772155 757957 821166 762543 731405 797052 712040 702972 752659 757960 734889 800718 747202 746302 693654 822871 808851 756183 708879 788184 772335 721388 713361 736190 792845 779009 770364 712674 681311 774776 729167 767811 718198 778427 770930 751666 786623 757520 782442 809673 755257 794531 805809 754417 756136 739103 772087 804444 701769 782606 792329 765117 736759 772730 698424 754955 735478 727339 780992 780980 735347 724471 802269 746154 826730 769397 763219 
723615 795993 748016 762391 734372 724349 812459 757905 761487 734755 737347 743580 794626 736039 706296 727233 746950 745804 762665 757308 708049 757682 785013 760109 738400 755676 797527 729340 764976 721383 724252 750213 714171 780103 777372 746230 726660 754672 790939 740703 720421 769777 762266 709836 782121 713600 752887 756309 726552 738789 745402 734061 758876 782571 753332 733590 771836 711908 841287 784528 727485 799819 794701 723047 775706 801579 736294 777310 716207 700382 772214 778090 700424 778695 776282 740504 724515 781446 753262 822148 738784 740685 787296 709704 707071 785271 727817 749068 770228 757687 750821 711919 718753 762939 709116 756570 696126 770765 778795 798586 680124 735258 784557 713603 775692 730949 804741 726621 761315 783059 755838 760464 718670 739468 780075 762183 774163 697218 743900 796084 761592 762617 787402 760326 814762 684951 736356 740619 707707 726816 780629 776306 770271 793959 735790 777970 787409 749343 790088 762875 833267 776710 801729 848039 728907 711020 750131 712421 813479 739606 712769 755003 770632 719259 760619 776256 743139 780495 711973 771186 804493 776682 765378 720992 780152 724192 742609 754959 739461 750666 732023 780682 771265 719606 729546 754631 738431 734990 753743 740469 725224 771840 802174 675251 710171 717170 741266 753797 746232 774491 797284 726921 743111 791644 772410 800456 823851 789513 746793 819674 686270 738484 776464 752211 719987 747232 727880 740970 773221 733507 773405 707571 708666 754949 765512 780139 792667 780458 717243 745111 757823 738405 779917 758968 757502 831293 753433 739968 738806 757167 782090 798645 736365 827853 762012 812162 737894 730372 762933 712901 741909 724831 754801 755610 778536 740261 750700 664568 825196 811950 753326 720786 755306 754845 729573 738179 729779 743580 763641 792243 734351 678455 777549 725715 752496 739460 783350 748180 738189 768297 737660 761113 815254 730522 738950 762493 735758 715163 702379 740281 760080 716535 762402 796254 754283 710765 745373 717587 769253 722248 713573 750584 774854 725751 732309 766115 730853 799968 750944 760835 
752577 805249 778119 803955 775651 747611 868755 741526 796688 748753 750906 741000 822800 761704 742172 748948 791182 767143 826802 774731 732869 780922 812013 791472 762129 770566 782947 755151 783570 746881 771731 778213 756835 827467 792306 779138 741861 809475 804281 774988 719088 783123 817453 745726 781254 764078 782871 737017 762200 760932 781714 725373 777972 813184 779256 720660 798046 749589 856036 785676 755771 815084 862744 781717 793525 819046 761790 801255 776633 715227 778840 810308 766448 801248 782885 789079 730200 780194 809432 800890 745314 810971 800304 746950 756052 822018 802656 806344 808789 742386 755864 744923 720693 764683 755706 771922 739457 811628 781799 771813 733208 771077 789732 740587 790215 775834 840542 726235 801782 826687 767564 763045 748469 774987 788618 786485 793805 750151 764315 818369 807330 772598 803479 820352 838119 748090 753872 739347 767195 760128 832772 819082 787388 836077 763734 807941 799518 754320 797289 780235 829137 835390 817739 858889 794112 721245 816744 731863 832114 784845 733493 813601 792018 740265 775324 784900 722999 819655 748442 793078 843391 831655 803642 770883 785295 768459 780198 785239 751076 764153 750578 777985 814248 745934 779064 814368 758941 751422 770893 767750 739001 827041 813416 720852 731356 783451 794421 754170 764411 831805 819799 752819 794302 817609 771954 819123 812399 825483 753702 861661 745042 768149 796251 835533 738065 793960 789515 766411 783882 775154 794296 750310 764722 815507 820711 819245 800743 821904 768063 827963 773049 773558 804216 800875 758664 833138 781948 770426 762294 779861 794521 847480 773268 840845 774980 860653 763708 733951 825688 725835 730238 738332 782736 801933 827391 784684 795519 695067 847404 836200 749050 759667 780796 759877 731559 742346 775514 790489 765380 819460 750438 733861 798926 736279 794635 739403 808961 787536 745909 800904 791617 800526 830932 764131 781860 810439 778518 736602 737318 808228 842698 720791 762672 805223 766361 748939 792722 770448 811349 744215 730898 771946 812151 740124 780802 796943 770302 843191 755628 814869 
744626 814804 750663 759810 775096 762265 836817 761891 763125 752275 762793 764251 818980 750810 715547 743143 785203 755815 771382 744927 751557 774901 765574 770610 744649 739106 776852 732869 743765 730708 757116 763325 722270 788857 767971 746945 765499 797054 761377 769096 721599 790796 797865 726149 779632 765051 779436 753085 753585 756999 764845 704010 780539 765032 752414 715005 777047 693040 847150 781527 770279 775182 845813 792301 766122 792661 726917 786459 723139 700834 743206 786303 747068 772989 777356 734769 713626 778503 790009 802751 718913 734261 800565 749240 743098 834429 777590 782005 764238 750505 751244 751410 717261 785220 718886 750078 736094 772898 806048 779574 717164 784537 784221 729648 784311 745423 789568 720418 762801 792845 757140 792346 725616 736963 804904 776841 755766 736750 786637 810858 785769 796952 798907 811957 823712 713210 733518 721534 728937 748067 805112 773747 781605 837603 764931 778756 786987 725114 817709 788069 846155 805513 807290 861765 774713 719048 773255 707852 756192 770925 709014 824512 789980 722651 758237 801157 754263 815482 713649 798250 811753 801180 785521 758921 822369 737947 763905 766840 754142 750378 735501 798560 768597 716779 759292 807933 730433 742371 760610 725833 749063 798579 824061 685337 752149 742683 777203 760990 757457 813429 785240 711589 755938 790527 764058 799748 806438 771986 737049 822763 737428 781062 776750 779341 743121 758717 753695 803738 766070 756662 780168 754921 737099 778396 779570 785982 789661 819442 734961 780078 737201 758292 793270 760122 757936 809836 775323 778392 744134 774173 792839 833501 739037 796181 793460 849353 757280 741506 808527 725458 753402 764438 776128 767907 780833 746659 777331 712612 790977 810887 753790 728125 787639 743841 702710 751480 762203 785954 784334 811503 758054 705384 776976 734675 783718 768434 836403 754203 750383 800403 795845 790416 840368 743857 779084 803446 736380 726835 725349 819264 803581 700555 732438 800738 774614 726190 792417 713717 785131 720398 745178 754488 768922 745680 716331 823422 755592 823681 745116 764918 
731270 783062 743071 754995 745315 764400 821018 731104 781050 742700 701127 731809 797566 738517 714829 741765 736021 759407 758632 735907 707783 768678 758087 775931 763560 718276 790358 759632 746667 741726 746860 761039 702242 782807 744274 749068 742390 757966 776949 790499 715138 779685 778755 716754 784496 742943 793603 768188 760481 767780 788170 740387 759128 781069 761412 722725 783187 682816 823097 788809 728399 778558 806696 769665 800640 818810 741854 758315 716534 738849 739562 799450 745455 767452 771752 741488 715129 787219 740729 789386 734137 747249 782472 714571 719967 815127 760095 754765 787371 758899 756140 758250 710904 769919 734637 735556 736381 790480 768939 758766 718409 772510 799086 737093 804046 758246 800840 714479 781366 781850 773023 728054 727588 770839 793239 756909 782598 693296 768791 805658 770019 805732 784366 761735 828715 723993 743625 732717 728453 737251 785331 791869 775370 808686 760313 791443 752998 721577 804697 753368 786442 774078 806656 837243 762601 731677 746940 716782 798629 769419 708190 776032 768662 710701 774734 780990 705522 775099 693621 789224 808957 780000 751793 711371 796192 722051 746325 739178 742966 766388 717560 758884 768167 740666 736664 781255 756856 754537 779322 730252 735898 798532 824445 690473 733643 717765 754764 753046 760809 780953 800225 727271 761526 749742 756555 769889 816078 796846 753297 799812 752320 754316 771839 790879 749680 772107 752112 759531 776346 737265 758728 725864 715456 784259 800772 801730 789919 796907 739620 741999 765527 733528 783037 759175 773157 805001 786231 753844 737824 752485 776290 831362 782825 791169 782448 824427 758085 741328 807949 698483 745960 728465 764779 792280 802524 754316 738607 700406 814810 784596 749013 739976 757958 749344 726409 718458 740235 748757 763328 809651 728093 686752 766933 733873 763140 713189 809398 787277 737150 771082 756915 769972 822989 734257 780876 789283 761832 734473 751673 758435 805364 696543 734015 798806 745388 738518 760802 718034 765655 696958 731348 763981 788136 708414 740153 775031 747664 810652 743377 762994 
751530 796843 782766 783289 756409 757193 827890 778537 824747 751997 783588 774847 813263 748204 750462 732957 750656 785562 815284 787138 745710 754262 809749 797171 761870 740192 809803 754671 780360 747878 776672 755947 741955 798657 773610 794593 787008 798186 755061 779079 735002 795570 792142 760519 787492 772173 762779 771209 779339 736763 785630 757897 791709 793251 784053 722759 812390 707247 847110 804349 759407 830241 855720 764367 782163 811854 776337 787507 706404 703482 772126 804160 753004 799984 792515 761972 749835 801940 788792 827100 743515 769948 803892 747481 717989 833535 736514 784772 790541 761165 801046 743815 706724 790100 738230 748927 759149 786391 771655 810101 711145 775260 778338 768517 780727 772991 826863 711851 812194 809682 769474 771788 747918 730796 782461 791909 794123 717599 782009 807027 783942 796878 812616 814409 857224 753131 763948 755185 738485 763644 787081 812916 824723 829317 764669 779214 777163 769265 833022 805509 832633 822138 813451 878931 785545 745266 747169 731241 791119 785675 738467 812541 826215 740692 792458 779178 745303 797725 748891 804646 830224 848620 768037 771837 812880 711643 775203 790383 768706 769453 717114 806437 790503 745766 750750 779937 769933 780178 785622 766926 725069 801615 831595 720792 766823 759930 758262 764027 785962 803465 807372 740403 765365 759929 765935 774386 854698 824699 786887 825489 755805 779042 811469 799958 772743 796904 788287 781449 803411 772899 765456 749246 744784 795040 807626 844097 817946 809405 774090 764017 785833 769754 825193 783026 754018 804066 779318 794510 766763 757182 810145 864394 767171 797180 779839 850459 779478 759419 795024 723524 728968 768982 795742 745502 785664 730792 786650 708650 781907 841637 779308 725484 782601 790271 742639 731593 731947 781052 788666 804486 726090 719744 778273 730921 778102 737223 785233 802237 772118 785911 807361 821157 831406 750862 769205 796591 771399 755430 757662 798129 850942 734746 782267 809065 777090 738680 797817 720262 766602 736024 721000 807493 771699 739065 752822 801231 747177 835878 784303 765963 
702335 751759 735462 741451 742015 679246 808336 713743 751289 705977 712757 711685 771726 674949 682290 713933 703662 728172 772778 716717 676148 732306 739803 746212 724494 689265 754246 723827 747275 703430 713547 718154 705853 744024 724191 743014 716805 718622 749673 752371 706126 740452 754359 705577 743975 711586 745425 712500 729644 728652 753679 716765 743125 762725 758747 670150 742832 696780 794506 744359 728072 775629 782991 742316 751716 771633 724815 755954 725866 714909 729177 740008 729651 731151 765055 727256 686266 744878 714670 756464 707081 714348 753127 672670 702660 770820 717616 733707 740616 739009 717924 692690 705936 745490 720417 720580 696060 731379 750832 758451 672879 739033 747615 700670 727700 736743 786586 679966 730384 751297 731919 697477 700038 728629 759037 739854 726358 688317 757126 758142 734865 741378 746687 753460 788724 688593 744516 739908 695259 713971 743844 775497 752736 753659 693205 744797 730022 672667 770875 742008 759383 775657 775772 797554 723790 698765 714377 676732 779331 751348 704297 760863 756718 687954 756757 731343 686114 769281 647053 770945 782153 751695 725762 705798 756937 712101 705697 721252 760420 714639 688474 740396 747939 697072 691709 749440 697504 708889 730680 708322 713982 752333 783652 653812 690716 732149 740818 725719 705819 768119 784937 713963 751591 733625 740661 772920 791457 756139 727647 779352 721092 715101 741885 768914 708271 763323 729396 708794 741564 732011 728552 712535 702623 767777 762449 767294 780501 762315 708316 737203 730624 732410 750026 728239 745523 791824 737399 730350 733194 701682 759263 773758 717993 796202 760542 807549 727797 701294 761920 644793 706686 695855 727270 723602 752562 709312 714961 678183 751130 777538 684343 691412 734137 735516 683179 689290 709177 742956 739275 739377 678034 670710 748095 703111 752025 663976 754304 731074 726510 736104 746129 712197 781805 710816 726139 786288 719681 733963 716586 742546 787166 677477 724691 780690 712186 705253 712941 695119 746199 705978 689419 734186 726309 699664 700241 769716 706956 790118 723751 731529 
721789 807104 787545 764511 746848 777870 831212 734969 780332 713938 768955 751634 780643 725940 698716 757631 762393 771603 792446 749893 727566 738817 762347 787301 736354 747490 765830 751546 758150 724380 742304 771805 732581 790772 744761 789054 737046 777670 764380 783071 718605 777315 782227 703441 787554 778533 771067 758123 761671 729388 768595 699842 788273 781436 795212 709360 798494 733865 836373 778487 753711 799295 840371 757218 747580 798095 730988 742042 715867 697279 750799 771338 730219 745165 781396 765298 752751 771692 814519 806887 731053 746125 768904 773311 732384 802759 767639 743273 788726 741241 781230 741548 716126 778442 746610 754641 741299 784645 756980 750864 691671 768132 803166 728092 759925 758525 786599 714674 751290 819526 750313 776626 734370 731241 800943 771733 775556 692664 758564 796310 764585 792024 786282 794471 820479 716707 746645 745306 757327 735108 766493 796840 799701 799590 765067 794499 777585 749462 812413 782090 821235 802731 802116 834201 787993 720852 761748 724987 792992 775423 731224 789181 800773 703015 764206 777758 755366 803018 702165 793327 809134 822853 764151 700169 809002 725086 756017 756304 757979 782759 741842 773104 752536 739728 741171 830808 708636 755695 765678 745469 746517 785547 796204 698935 710930 753220 758050 752207 739281 766306 791967 727456 789081 766398 776186 797861 790505 792211 740821 834295 741957 757214 787042 804697 761715 792317 753396 806550 780662 772655 764385 742364 739265 769442 784821 814710 778370 808069 750279 744823 767393 764722 799235 778483 752150 829494 759615 767453 760697 770575 813182 823628 768408 787241 790341 839948 755447 749117 787359 726229 694810 731753 753248 744882 788425 732444 749538 714267 786026 797115 759852 703523 772908 773504 726817 757430 743668 765914 784081 786292 730862 701370 787100 744431 767070 754531 790475 783319 749288 806982 819157 784913 816358 750190 776186 774323 756435 737933 724863 794611 803747 728181 728778 797690 779160 727770 773143 741114 759256 719498 708399 770432 744186 732218 770382 790104 767993 825657 770442 759921 
728062 787314 776560 741543 752296 772356 784634 747925 757966 743584 768934 758456 789588 727222 722480 715768 757475 738383 785882 779956 717762 767906 749707 799580 741865 770493 774323 751645 762053 753983 768245 751140 710597 781490 785033 793042 747512 786787 759439 739215 711898 780084 809005 694293 785961 741171 768213 729751 750159 736154 773034 695899 759289 780315 740192 699492 771257 713867 831434 764197 706643 803724 834814 768822 743742 787371 743984 766048 750658 725317 753882 771926 732076 747493 783436 728749 717508 775221 764366 790339 766905 763742 805304 721112 692499 830634 769219 761097 782673 729655 758401 734647 713148 737281 739292 754578 725301 789271 763836 806011 681532 759941 804958 738552 759779 744847 777640 703894 778080 786478 716522 759912 734406 709508 791012 754821 778337 738366 753159 785796 742673 767040 760857 771400 815138 686321 749396 735601 713953 736292 759431 782622 791752 806102 770416 763712 788579 733306 808764 736019 798200 805990 808551 867555 765782 752747 751021 714933 783707 776953 723568 795985 772603 710296 734181 771504 723378 777257 704603 768338 776972 784791 741874 749956 794733 723852 771295 746388 763013 756910 710992 744782 788597 760708 739023 797769 700113 719694 751730 738557 763685 782466 803256 707499 737151 737102 763793 733744 754137 777280 794827 716355 751301 756299 770770 778931 801098 764782 723795 799451 746024 768158 763480 786760 770471 756622 753365 764477 773708 736133 766365 757193 707948 784698 764208 785901 791482 776104 751396 764318 732651 752414 795732 748397 720290 822112 742292 740391 696849 747655 816328 802182 752980 785027 773024 820131 747496 707436 775732 703165 714667 768754 757800 746795 800336 742450 772302 688573 757094 793659 742422 747383 758641 754687 731071 690659 730354 759395 757147 784293 722118 707716 748279 719790 766137 726329 801713 745704 717346 783361 771505 760978 813007 726505 760564 801158 732192 726960 723052 778704 808011 679519 758307 794788 765564 708373 802217 716769 741685 717207 708262 763350 776289 726737 717858 786948 766484 821964 729947 760954 
686066 744765 729380 708316 721521 726620 790435 691379 748513 713885 716323 712199 775613 694131 666519 698630 672373 712904 729242 733672 674916 722740 743408 737066 679364 704394 733038 718658 714876 700074 726546 732359 680671 754459 729968 731357 713095 729561 737699 717932 675366 753867 738196 702763 739078 716573 729128 735175 730575 726791 712067 707223 714977 728294 716888 675917 759201 664738 781829 732282 681295 734305 775008 705315 727528 767693 704359 730197 669084 680588 721430 760610 687266 729161 734688 713090 672957 737008 741930 776109 675765 709303 727516 679907 660633 800379 726608 722696 745694 708707 709924 724061 670200 713829 694409 732718 696703 731451 712088 743449 663322 730746 766269 704326 715427 691530 767084 697426 726433 742851 721592 717982 698456 693508 729345 711702 712415 689838 735007 758937 717195 720207 736316 722819 784947 688061 701124 695497 685484 708842 745551 756764 744344 792203 670010 743111 730908 686704 772569 731391 773795 766704 751996 799623 741145 698807 715599 658305 773135 727985 690777 728484 754797 687159 736970 736049 674008 755518 698102 757253 750330 752144 701251 704664 723954 669892 734718 701836 733429 710411 706721 742288 727490 672237 724284 725579 698080 698147 722494 731755 697363 743676 774284 666117 711122 688576 704403 711396 736792 743806 743734 686665 711969 734713 712845 745387 806976 731689 724994 796225 679908 706260 733481 756533 696943 730111 728333 704092 747150 722490 737010 699401 681901 760494 763182 759038 775771 743970 722776 723586 729356 717102 750535 712597 718238 765454 737886 699181 689019 703661 743433 771912 694057 746810 743852 807256 709822 713465 737988 663314 676764 710374 711278 727353 741895 727845 724861 672496 741248 761445 703748 693788 740737 709492 697934 671250 704831 732699 740079 775312 709571 678749 740931 683130 708467 682152 774597 719199 672626 730883 704382 747072 757606 714403 688655 745811 707101 683477 697176 741346 745651 681570 700103 762709 724360 713648 731604 684295 727354 713071 694047 730794 712984 687449 746585 727952 720921 799748 695124 735800 
721964 791178 804518 767843 729758 747156 828115 761057 781475 733332 767250 770279 804908 714672 715861 741807 779678 781627 797132 720155 721206 764068 804275 775927 736951 738568 785388 727507 739663 729970 753560 759383 726615 809368 780288 777123 763923 772511 759246 786329 722975 809266 801585 714021 801276 761798 798228 738327 760426 756655 746338 710296 771161 785941 744963 722677 758184 699779 846301 791683 755238 791379 835524 754707 769602 803880 730099 760876 729329 695570 781541 766151 711037 771925 761578 759536 719378 792251 785657 810247 746953 786165 768727 728291 708293 812826 772477 760829 791491 740205 781210 730498 724007 744853 737938 764565 725375 795767 764755 765785 710464 757328 792966 714457 800161 753404 799069 710527 786742 824362 749704 765583 700046 743704 767001 803015 795682 681658 769366 762765 767843 804389 772504 798497 839865 713284 737877 739832 745098 728891 760510 775932 792676 794860 763271 789241 758389 728836 804021 772251 805291 812835 820669 842935 787601 743024 791717 730377 773213 775645 699542 807445 798226 736049 775309 766263 719586 808252 714652 788262 816120 791830 783580 721165 825724 725069 743919 783583 745827 766772 725064 779921 754017 753661 731064 796869 749709 720537 776552 730495 726410 809935 802773 697702 739019 709395 762364 758827 723348 785666 809793 740796 747159 762652 773302 790093 819857 769917 767351 816741 744613 773266 777029 794221 746844 774961 751002 774049 776357 747438 753995 751956 732796 797333 780648 799027 798063 788413 741588 771969 777078 753367 768803 799688 738560 786194 794126 760681 773178 766851 813086 857821 760666 792592 773157 840481 719743 719456 818037 728649 739078 729766 773904 758503 789643 744879 742118 693871 795940 837614 783760 733890 751741 765486 724385 710837 763789 732090 789682 770057 729804 710346 783847 751843 754543 771598 805068 795052 718149 774327 809873 762702 815545 767879 765662 790353 757594 739911 728047 780081 790900 697673 767692 796794 765856 744715 749107 723533 768251 751597 732114 761976 748045 744579 752618 810076 748115 803281 760227 793077 
671454 720306 710434 711139 689721 696234 769067 693599 740819 698695 705638 706690 747915 693578 687609 687074 701399 690205 764666 694746 671637 704341 730678 735330 716958 709986 721558 686629 710477 682907 672772 718070 673215 740276 698498 701904 669882 713087 709005 692159 668082 731492 726794 666690 736781 692283 730167 693978 708128 715709 748541 691135 723551 723619 712424 677408 732021 672132 790230 735253 689968 746501 757883 685294 732041 729142 698559 716134 678745 653948 714546 700926 674626 681935 695796 693672 652874 728761 710322 744668 662195 691648 741406 654786 649238 780958 698842 707107 727765 685143 671372 698420 657196 717921 687956 724520 663431 698363 717824 703888 656165 682964 739315 668092 696643 715637 757216 672593 746173 728182 722100 693227 673506 701904 732152 716906 718412 690215 714515 760232 724895 697531 720529 707843 744998 663426 699759 649084 678024 696688 717490 736269 716375 759514 693527 704090 734460 687770 757058 706806 731948 757333 738215 781402 712158 671860 702516 653852 754146 724309 672677 717121 752799 656265 719252 733823 659612 724479 661671 734656 768033 748045 720763 712791 747636 678696 710788 716163 683580 703106 676253 735693 714616 681133 658458 739400 681694 687611 725163 691608 662207 746646 747243 657287 699593 704482 695872 713294 687553 730132 722319 671917 702299 695852 670416 738422 751169 732111 714331 768984 663253 681664 720622 748023 692495 709146 704760 687778 695123 686612 695035 698949 692618 718028 759437 739821 734596 749048 698714 699824 695127 669878 726117 689422 688975 744535 701126 726838 690874 709305 744559 764759 693076 731796 743088 769399 696212 642196 747104 670615 656293 702985 720670 695052 725986 673418 702551 667151 744678 754929 691165 672042 740408 712292 658592 650997 703703 683629 727253 731999 679613 678747 726161 687601 698656 672874 725839 676552 683565 733079 726601 729131 760250 676538 743484 712885 711926 639517 688941 714753 751387 638281 699636 776559 695651 711672 717762 655071 710752 666100 665559 701953 702485 679461 688553 706518 722209 769650 699492 718623 
741908 820132 758041 766000 724691 726909 827689 730887 767668 753245 741165 735861 813188 716359 727837 711965 747660 736149 790460 735416 736394 734698 778447 760722 739189 741842 779419 761881 770409 746028 759632 744940 727197 799363 750161 767334 759218 765636 742110 762945 730973 774498 788567 709199 773548 737735 739884 741415 731832 761672 765101 710483 762184 759326 771950 706790 755569 697301 819383 755792 749733 765802 826025 744437 763048 808496 757333 785974 726394 702496 776561 795583 736588 769153 760632 737262 717304 772930 765404 788172 738540 735503 774532 717961 704588 823446 744262 751937 773851 726028 759056 727759 710700 736335 721453 749695 728517 762671 770378 781281 702719 745619 788137 744877 791628 739215 787368 697056 772441 765093 774923 752376 739636 713907 805248 761233 778008 695130 764590 785553 755027 760433 786822 762028 797134 695868 758371 726618 757246 759332 774851 803300 758775 794321 735338 768688 772968 731258 805183 770916 815437 801162 820933 824549 743374 689979 756017 675285 749633 738735 695348 773574 770942 730065 770147 757454 747435 757976 729214 790297 791851 785432 747850 720232 804543 717500 726841 791811 736832 751201 712454 762577 777129 712569 735998 799110 734947 753967 747116 724165 729776 806105 807227 726815 734549 732931 782657 736955 742476 786520 782591 719150 760802 755011 743774 797037 788346 797470 760663 822123 737514 757274 774181 789553 740394 735966 767806 764241 737828 756902 760430 717061 733850 773759 788499 799801 786197 800108 743309 721445 758431 776269 794797 749204 724857 799147 745031 762244 733708 764660 778411 809099 735220 810410 755769 823102 801441 703250 785750 691866 684067 737004 741863 751188 781522 713490 750816 694345 785622 817346 735871 700517 777297 742531 690682 697717 728076 744788 759628 790930 722045 676950 749268 687460 761690 708096 773744 769901 730851 762863 777849 788973 823856 732706 756453 757189 728196 730164 730760 754204 781269 706143 727729 795231 723178 710782 787135 736481 770322 717343 708361 761636 738200 734401 766138 789986 736995 807254 740749 750479 
715335 795271 764588 757390 741553 730696 828649 741410 755771 735541 753866 744643 810661 728103 750631 739670 746733 801965 811148 745630 694993 759650 770037 785880 759538 750641 796309 739016 758294 726227 730889 738827 731714 823943 766341 814202 752307 779871 776401 747823 719981 790568 817149 700780 776597 735606 778340 741730 745096 744479 791884 704971 787370 756904 773346 729382 766465 729374 825014 782731 741940 774701 829133 793486 766005 813889 751342 757561 744821 696654 773054 757502 732713 753417 796784 747735 749820 776941 766219 785715 754771 766656 793237 726577 719759 828046 757499 774802 773909 765157 752207 729176 720560 771466 754663 745244 710063 770043 765649 777510 674708 773289 839875 722035 788792 779116 779924 717079 775308 796751 736043 766375 719812 737090 794913 781100 800183 699659 767917 775992 809504 762900 784237 785433 827090 735037 759901 705275 729489 709032 793563 786184 803124 804460 783810 802826 755487 752715 800168 791767 819257 805912 792702 857005 754697 761921 761349 732875 793194 768637 712422 819609 784122 708967 772943 791978 722713 797828 719538 817945 814709 777605 780133 752808 790103 749888 748358 748119 749833 767150 734533 772479 748077 766068 742054 767516 758258 716338 775787 760498 744071 815924 804790 695128 713905 717942 763299 775989 739782 751277 805836 746973 744508 769324 783011 803537 809158 783078 758303 798741 747972 744596 787343 770511 734320 795824 755134 756018 767708 747449 770010 763092 723677 793208 787100 787040 816984 809756 751988 766013 768060 746012 781088 782689 758168 817614 773099 753567 744918 762993 798934 849064 750135 805751 773047 854362 723266 743179 801718 684623 741032 730494 775143 785144 802626 729306 772919 674421 781137 842662 744178 756267 744791 773753 731295 734133 754606 762023 774990 792310 730924 706048 789934 733043 757490 742997 788996 766289 746827 761287 774278 765525 848288 740788 770909 791300 756153 738710 732179 777035 812244 720175 748606 814035 760735 749916 775030 740429 758247 725111 698392 732552 752406 696491 756214 793573 741413 823667 766585 794493 
748428 851250 829973 813354 797766 776331 886406 783734 812701 805389 790577 762033 845926 771702 757788 775505 780844 795515 833270 794060 781345 817904 812931 832569 788254 776934 805210 788343 822064 764572 820837 790596 789442 828191 820057 832769 774081 832290 796887 807406 768823 836852 810098 780220 805893 800806 813436 792506 815474 825202 834259 771700 808811 848807 826124 736983 860726 737465 855606 831380 808024 847165 862211 809186 827019 835653 818207 808832 740922 718654 798441 838811 818666 796829 817715 818915 769859 833641 838580 851677 803884 801845 851434 787070 759149 869033 824726 787673 853105 788790 804204 785941 767916 817155 789187 786567 779417 833619 799113 815895 753951 840249 807937 764739 844740 778153 833588 765997 846605 846527 810727 808924 756677 771403 831696 814696 826741 734175 820669 867500 815328 820465 822446 829844 889099 753496 798929 783591 780943 794250 827096 842793 817911 882229 802176 815891 823144 744577 846361 794542 861430 866610 836856 899236 803723 762114 817019 756556 825506 811260 754263 848493 844886 761747 833944 824796 776775 859231 749632 846507 873542 827300 826086 781909 827832 774213 822990 800742 802143 786603 758561 812113 837510 775641 790019 854762 781498 760645 827649 786650 796996 808225 850099 721688 764236 793328 814880 816442 816473 838564 836755 770293 794714 811159 789887 845239 871161 863227 795284 838725 806468 818436 827777 858331 791280 822501 804678 827214 823584 817246 816875 788227 767133 825576 831804 833342 822804 862756 788754 796040 784672 788288 830964 813340 796439 860231 793247 800772 779255 814879 844605 868790 787050 856972 790510 891777 806879 752290 852133 729222 749315 769936 797290 774919 818507 779980 813285 737713 814782 866329 783631 763397 812650 813431 751728 781045 774203 820641 828472 863620 772576 732146 817077 757722 824471 777364 826509 807339 793046 805086 832274 827920 845353 772758 785834 851548 796172 784986 772344 816900 861136 742457 790398 822428 771728 760356 803706 784410 798697 774686 753623 822734 791799 757704 775990 842929 796819 878816 788927 803338 
749169 828636 801204 820046 765111 764907 875518 779708 814683 790040 785001 797699 845642 744838 757686 779709 763933 764396 799072 792493 751739 763359 819301 805539 756715 764331 806747 763421 793865 775939 770939 817755 770885 848478 784354 802673 762517 821490 793283 782992 754447 822265 810171 737710 799599 765139 805038 766690 789347 756846 832885 763238 763829 806815 778546 758343 808889 755957 852177 797775 747810 816660 855638 784801 786196 833155 753440 802998 786898 729909 802934 831526 741742 797504 804586 778111 748078 813991 821389 824314 758883 814032 825048 745213 746499 827569 773047 799187 821917 762560 797834 794409 738322 797181 746288 759769 749293 823114 780641 836409 740621 791818 823841 754429 827358 796778 800163 739321 810093 841507 743052 797249 739032 772993 818021 786541 833219 735934 770985 788375 807832 793924 807335 813402 840498 767306 789513 767329 731660 776724 824873 825324 806820 840967 790007 822650 774368 756906 844479 819549 853199 828990 815999 841139 800438 770581 786084 752259 817265 796780 749052 823369 826320 740366 795183 817281 758329 839640 737254 842373 844669 831842 816817 777273 823387 762059 773299 799462 771804 786674 751321 822684 815924 755270 782892 796114 758439 758707 817358 771142 765427 828917 843902 714683 779694 756822 777964 776337 762367 834567 836569 771920 794724 800003 815997 809019 872435 845995 791560 851334 769161 769937 818372 826178 776836 826883 806848 782986 829947 778803 770865 772852 783846 826906 834740 841104 846034 809055 789608 797355 798790 796050 814351 767166 770120 851631 811133 800539 768336 785127 848208 856141 797728 814512 826375 862103 793847 759255 807067 749166 747335 783756 810757 807360 822755 736772 800828 737759 831383 856326 778576 750404 790715 802936 753135 723486 795374 791364 817562 821752 745616 723112 793792 742699 800535 761399 783142 822990 753085 816423 832693 813003 845726 792051 778307 828708 775250 770967 774279 832583 851209 740876 794275 811777 794887 738602 794773 743344 788758 746047 726599 795758 780380 756250 756252 834221 779938 842165 783244 815243 
694718 782340 750532 737570 724929 718005 782008 721844 734559 706414 716382 704642 756927 685078 706178 701610 727945 730701 768438 727885 702415 719649 764581 756260 696984 693345 746249 717712 751008 685851 692090 725100 697166 782892 726209 768422 725146 751153 741046 716173 703415 764528 744923 689716 738747 720921 769053 717728 733517 742369 741247 709132 723518 754692 732794 699496 772554 671366 827022 762668 705006 773417 787117 712083 751295 772439 726883 802532 713384 651577 734212 729622 717901 732591 771244 715728 707410 757640 736108 765748 720749 736881 759143 708408 690333 775591 733820 733834 768436 711214 721238 694951 683315 716956 712570 707337 654988 768177 736514 765813 679432 735987 771861 717377 755904 722357 753134 679414 770585 759651 711288 719236 693106 733800 754728 717078 742094 684953 717149 768959 746674 736551 757294 731299 768148 685773 728888 718234 711119 713941 750568 760127 718109 803732 769760 748171 720303 682960 776634 739411 770035 776564 764951 796578 724049 688397 721625 702158 755905 724120 711477 753080 768683 691141 755358 758722 701024 760446 703657 759795 778425 768162 753820 693921 778484 714339 718087 744016 731868 740773 697888 755117 749514 729617 704355 743321 709897 705434 723374 752123 707076 757210 795299 657725 704309 678227 744836 746162 760620 781177 732890 714047 738006 755350 711580 748230 789079 748612 744627 767735 732100 731325 745683 743678 731758 759002 745061 745957 769432 732092 754913 708069 708446 731628 763611 749529 773199 748061 704291 734158 734206 711757 755957 749607 705973 791741 737013 733048 721654 735372 785755 781533 730834 778568 709141 798483 713536 711260 758980 673310 716374 702224 746924 713841 759046 696828 719269 671607 778003 773026 721939 713484 749296 731080 692395 661035 691001 746711 743953 782090 687231 691403 764485 691025 751048 705928 744677 725835 674818 737784 760010 738834 754173 699751 738201 763217 711682 727566 701897 762850 755912 670772 746232 754472 737404 696914 753529 718431 713271 702882 675026 736230 725436 690400 702841 792438 721551 779861 710029 716052 
744220 758161 759708 761660 722947 744047 807354 752937 748814 745321 733754 759012 795372 728971 734261 741366 757855 747329 783357 762454 711199 741764 801331 766948 744533 731425 790982 741714 750371 714349 762239 756307 710686 770533 780176 769849 762608 739131 780816 773256 694636 762720 792958 714311 783289 764900 774464 734977 738456 725004 777919 693431 756910 784098 757807 710737 759364 717110 815404 750672 742284 800320 849761 779490 757523 787833 735233 776804 713296 697393 762959 779397 742353 765103 764303 745946 726659 826544 784349 811644 744800 761393 804179 741376 722843 811420 739290 735548 762337 742281 754258 727012 712915 762800 713969 742984 742282 794731 784105 792613 676586 752371 783325 738246 761282 759914 816576 713004 785229 796218 745067 782446 726803 735715 755282 764620 765066 701031 735842 790027 743907 786921 784659 783206 808695 698716 755913 724199 713632 749896 786869 786724 774589 766046 725889 778086 766575 729290 790701 792155 803521 791885 817951 859096 770092 703744 756918 712470 799880 772041 697777 796023 800503 719683 766542 776833 735530 788133 700923 760826 805844 790777 760350 740604 792009 738755 752926 774545 750735 755331 688650 767758 767015 742740 736787 781271 711075 754405 765096 732315 734704 786384 771987 679620 707853 722939 747876 740016 742137 780894 800162 707234 739654 751767 769595 800754 793148 790989 759821 813615 723183 762140 773203 809127 741486 784360 777501 749914 766503 739414 736774 749990 728811 774747 793265 790794 797722 769873 706773 734444 763920 725542 780188 746249 761919 807552 772346 778710 741838 733423 771584 804944 762069 793504 743669 811489 746503 699607 799532 708935 702777 744125 772196 771656 781944 718255 754945 687852 801913 828976 749445 735066 749289 750371 716396 749278 742625 743249 748875 772974 726528 691743 800513 728608 751676 721848 792071 796787 740997 766665 762509 754622 798170 749995 756735 777382 748922 746097 732141 792646 805707 719882 732922 777024 768971 735681 732102 693864 769951 736305 695840 755198 762720 739767 753453 783231 777338 825019 751794 730551 
741785 823323 795333 794750 773681 761830 830737 753132 767890 724235 767086 749285 820885 763486 761432 729882 767076 762378 785379 774709 720867 774115 772518 777294 739196 736847 788884 749325 756849 737745 773121 766424 744721 815720 755712 825386 761187 815768 773174 764427 729800 789696 814300 730502 803010 746039 780643 753599 768395 780403 792270 725507 777442 789426 770868 737120 791488 710338 834446 772770 715964 799228 845607 787307 806005 834137 792632 783600 759269 740607 758651 767965 742962 744480 814475 750651 750691 786425 772113 813672 753363 747946 817439 725589 713265 845857 779094 785856 784245 735490 772324 776301 743543 757155 755023 746719 715255 801837 774598 768669 681553 812478 789361 749625 779817 768399 816144 711437 788421 805533 786789 751215 736721 721595 817741 775080 740845 753028 757480 801713 777808 767162 771992 812317 822555 721127 770555 712464 726422 771303 818210 805039 821948 823830 770111 806778 788801 736107 830742 769779 794636 830152 791733 869923 768687 722759 786794 717574 798451 789791 743099 810247 784673 733082 752118 799431 752773 798376 693431 813523 814004 793459 780930 759691 786003 765843 737267 763679 758220 773213 718260 774607 781529 785038 730262 801111 749084 728496 791718 752321 757703 799598 825365 694531 763304 752576 766009 747339 779031 804533 813405 748444 776021 784023 754942 787429 805612 797755 766441 795505 744758 749289 785441 843496 785705 779551 788174 797451 789417 734387 785124 753851 746174 794782 770387 811104 799580 820831 757861 764572 762086 756319 824246 781255 770564 798735 755735 783102 742457 753735 826575 820693 755340 790655 787156 845189 763712 720781 832738 727285 737403 769549 780270 757079 770391 737247 785018 723885 783567 812827 737976 755398 793285 769860 758946 744232 746014 781110 780202 809961 719145 730473 783589 756974 781707 739541 811095 762688 759264 763830 774978 795632 823426 768392 774241 807522 753662 752344 741437 798055 851923 724830 752678 834115 784164 734260 775375 718304 783816 727896 697423 751287 791684 710907 763511 829044 764090 854055 729375 750028 
715505 798865 738984 752318 733552 725900 786114 728543 787446 728291 729124 736314 781447 709249 687634 693816 743469 734148 755716 735300 678774 739445 754778 772276 727662 724476 760758 722568 746226 709269 726974 739448 709147 768596 758972 771086 715237 756380 729383 773711 684313 773005 769908 699639 735635 745286 764750 742210 725273 723974 777296 713959 745875 758275 744774 715600 753347 717861 784949 742398 737113 802884 815238 755582 758679 762490 734585 718485 681546 708698 787937 790153 737334 759680 772112 772681 686448 762150 730551 783723 710365 738427 765642 734923 678177 806449 756831 739881 802698 740361 747566 701961 713090 732867 701650 730064 701599 764525 759262 743592 684053 745089 783369 691632 752766 745961 789298 689870 727041 785452 735929 722910 721369 734630 786783 762639 733108 709365 743893 776443 755731 728447 743292 783747 808080 704493 720622 724458 719880 740881 767059 775817 756169 827063 730575 768933 735069 706748 807473 754969 776682 760556 750308 842877 754997 727220 749418 696226 807982 748403 700326 765252 767785 707850 758154 756798 730566 750051 709489 766629 792058 771759 753028 694993 772775 708984 739994 767180 741743 729224 720146 760254 763976 699823 747173 768865 721857 709713 730813 731594 682038 771901 790434 669740 729453 719291 726482 737755 740614 762758 798300 729248 710333 754965 742040 745783 805075 777204 741241 800441 750748 746951 731750 755357 711074 749123 738473 733423 779100 748290 755195 702890 700942 768589 793515 797586 816846 786182 743451 741275 739853 740062 754394 758514 735569 776271 753666 746802 748444 730577 778707 833132 743330 760179 769332 841312 729701 707423 756044 712101 719296 702110 757368 739625 775221 727260 745167 699547 821689 781027 713339 699132 743343 745201 699433 681437 698695 757600 743435 783534 720721 685290 740374 724970 740463 716991 774104 771241 724022 760659 769852 738895 778384 737489 749290 789122 738798 717638 730208 745701 802604 722996 738059 764503 744196 723617 741761 709070 742777 738374 704470 758903 728538 693251 730004 772004 735362 812693 704174 746966 
729688 785227 761375 769413 745381 741615 806016 751772 790891 757596 749573 769906 798556 726017 744477 730870 718927 781980 804164 772159 706371 740668 753325 780173 736546 749641 773488 753945 746181 744035 767170 753170 725174 795676 755555 777762 742861 787961 751192 778191 704747 783119 783216 726773 770874 753163 760866 732014 759801 782159 769898 703150 750695 762346 749392 738652 784476 711095 830466 773263 729986 778161 793740 750308 767678 826139 761532 769491 727757 748049 785244 770576 712369 743394 772484 740226 727016 774761 771321 795098 736716 755477 784523 725033 707662 836882 739444 784471 785267 754747 736986 748669 707179 782487 716916 725875 736399 792095 767374 779594 688290 756975 793292 691745 797087 759553 807073 711456 794420 776410 751774 775883 715954 748355 799852 773706 768673 702476 788163 821211 768267 779705 760116 778555 816572 694985 750421 716719 751201 752563 788059 793341 764357 803357 764832 779239 796264 713696 826487 770263 786771 795341 807891 840782 744414 718263 778396 696995 799546 758170 731193 788502 772140 707649 772436 769642 730004 790549 724419 754754 795195 771281 767469 713346 785491 737183 753722 789788 763031 769593 731645 756932 775734 745345 739374 801223 714338 722031 788787 721672 739597 782980 823888 699384 715486 759068 737083 736459 740864 796455 787945 732512 732800 767975 761907 780341 824020 804786 765288 820986 721338 761241 772254 800458 741720 777876 778613 752963 757081 744890 749135 730917 711623 787783 810156 777387 802366 781412 737830 737347 767579 769920 772587 744917 732775 790870 722944 768249 731669 731906 797939 812786 761910 793510 775208 840161 762509 714924 804658 703712 744022 742509 731867 785350 807367 741049 768812 692044 797848 807509 743096 730208 732542 764232 724857 708009 754854 761601 786309 779064 732535 704086 753464 723852 754407 738158 769949 773157 713550 782939 777559 806005 830626 749633 755376 782264 768340 750253 740170 773185 824833 684889 759403 818047 756144 718957 775809 702395 764191 734563 702381 777019 757524 714179 770405 768646 750528 839282 717848 756079 
652102 742538 712065 731311 651654 663469 743227 682476 715151 646928 668833 685150 747629 668245 649094 637395 661356 703480 717542 668720 654753 691896 710939 706404 676158 685079 697752 650624 683769 668003 698096 677559 641073 714877 686810 675504 665193 723313 693501 690655 617704 693731 723010 634669 692553 671889 706431 694907 667729 695805 693302 635120 685334 697099 657381 654546 714887 645551 764414 688653 666889 699564 743541 683941 720787 737135 678198 707402 672277 637292 684294 723213 661128 702645 694232 680796 643043 710089 709271 746506 636542 674922 730771 660401 634584 741442 673430 705244 724176 649901 687003 674246 615496 687348 648103 688929 648661 694314 677688 701587 636975 683675 705841 637300 708592 697460 758111 631107 676984 716663 685402 679280 655982 673976 700617 705051 681171 640300 693423 736566 703050 680520 660319 683809 715558 654669 676270 645430 645671 690272 733281 698312 700742 724511 683684 697817 707829 682521 729864 693897 732719 711177 719303 757215 665280 640850 675035 616530 729688 681400 660781 706901 704124 668695 699585 703796 666999 711560 635177 697782 708478 719780 699053 672636 698327 633427 699217 696507 654755 675260 663658 706952 674596 665094 663802 731723 661562 667221 701644 652896 656957 737933 737973 630060 642016 667095 666785 710211 635896 701868 704476 664847 698618 693446 705176 694923 702238 723869 677581 735555 682213 661415 714495 731495 680789 688178 713947 680362 688087 676522 651573 671662 652810 695344 718008 735632 738807 718636 689149 678652 700733 669811 729472 682598 679702 717123 689531 683168 649885 654951 712249 775409 654032 710839 720527 742876 673761 636202 725661 670692 661094 662015 697814 701293 697375 652311 660781 648691 748354 721688 699474 666713 700441 687231 627896 638353 659309 677688 718725 717601 632954 658588 715221 633739 702371 683668 725076 689066 673328 695366 722719 690941 707726 676922 714622 724669 683808 658769 665177 679929 749758 660245 679701 700699 705469 653563 704467 654475 713800 653333 655466 686156 695614 640024 664192 700086 653480 743902 679413 687883 
744723 769974 761513 788213 774735 724646 829308 753031 762834 758126 765985 744063 786068 723308 742269 731777 761018 783092 789764 771070 724741 743312 803267 794062 767882 740890 770039 734963 750102 734711 743165 776932 759498 809497 758496 792451 765823 765067 783243 768638 761918 798405 766771 733366 779515 779923 779363 760944 753452 752083 780260 725220 769931 771955 752941 697790 782176 721118 807588 781071 741925 817364 809055 766674 769234 792871 737654 752403 721026 693929 760118 767830 754937 747131 756012 777617 742613 788787 781549 828195 742919 766239 798884 714471 726835 796224 776448 758597 818090 761849 767968 778346 728995 788121 745827 756151 749886 785975 774223 763597 679726 762887 792818 748389 769391 742644 768148 719633 780821 797881 757054 774745 747364 757163 795463 781723 758678 686518 782299 786720 777003 768866 789697 763608 829082 701237 750736 751964 742247 769369 773798 798956 796742 832975 752228 779208 794860 731877 827981 777508 807324 824866 804770 860228 777008 720462 751299 709425 785766 776785 705796 786461 778923 715193 775367 786618 734430 807068 707143 792747 802547 800955 781901 748420 796078 756376 745340 795357 784207 769475 707953 779421 773659 748861 727815 808450 740124 744868 770807 741984 735040 799347 829207 679319 754861 697242 758145 775192 740347 804238 802733 732364 759510 773122 757842 798605 839583 813416 747378 806693 733103 746285 780950 825391 750495 790374 757072 764854 778631 739645 782995 743595 737132 779286 779809 831632 830155 792282 756462 777353 735671 758685 801326 758982 750851 805586 762641 757080 765550 741090 830141 831674 716143 817519 771875 820907 741737 731968 811328 692500 725890 767121 774487 735559 794917 712397 786203 719537 786874 822199 772136 738603 764277 767424 731889 736608 758703 778503 783992 786918 742184 704702 792813 713652 772101 718227 797388 774866 762082 766205 762873 740963 836439 733890 786718 799009 744898 782465 748037 782978 793005 716715 763090 809341 753003 743341 780435 750779 761281 738359 700899 773245 767602 735897 741860 808251 772990 807568 737400 739669 
723459 800768 759095 776885 758739 758366 805272 773715 801612 739651 761994 755996 785955 735627 736097 750540 751270 755877 773246 777014 740311 748870 768803 796941 731030 752495 800397 719720 771260 711941 754019 762136 726002 782118 761220 784827 731243 784012 785287 771000 734006 787448 774766 725607 764983 766124 779161 723344 747207 756246 751081 705619 779090 779153 760067 728492 772344 717344 810055 775040 752565 814931 815146 774585 753817 773890 749406 769763 751239 677170 738464 800003 730345 765642 757084 756022 724999 787627 759078 831336 740229 770973 792043 721866 740800 804898 749324 762942 777550 736385 765663 729591 713818 780252 750510 747809 717588 764570 779313 800923 705722 754573 790705 740299 780259 751685 807020 724518 778093 782999 728573 775423 703042 738297 786619 767485 781126 721800 788088 815779 783861 751883 758450 766895 807634 696661 744992 720581 744035 745403 776407 789386 787329 822164 754313 776338 751687 754392 798886 784574 820595 795114 805516 873073 775557 727525 760783 730467 771974 787270 701659 796578 804735 719191 754572 800614 737339 800081 725643 766740 821318 792454 799623 743530 762012 722249 758813 775266 734928 776136 704534 769676 767231 744205 730290 787496 757446 724172 779418 746966 736108 794310 817073 706045 724691 729479 769285 767979 766490 771569 768900 719142 765529 753362 739224 787597 804323 794166 725771 811824 751064 754847 790324 813958 758596 777019 756997 757095 796926 743702 773650 737932 734387 779508 790084 784517 802682 793265 725755 757961 766433 745396 788595 778667 736912 810766 753960 774913 731238 751141 775328 854753 766014 798840 804133 834989 752465 724197 769676 703675 723733 764920 771178 758415 814380 731135 741089 700817 793038 819240 769066 726626 741639 747190 762372 745919 753911 746443 761337 791722 725181 691170 778342 726848 747917 747203 778252 787023 753313 772559 779405 772880 818781 734660 779452 793604 754918 739432 717148 778030 814483 730598 737069 795728 780264 716960 789519 719536 756811 749491 710867 763818 753369 708879 748029 767654 753446 813784 715134 757195 
723340 797767 764934 806965 760331 721183 814621 744471 795871 747083 768863 757801 806344 750560 755158 761701 769337 781332 799850 756925 735194 797086 805772 778145 763206 755748 798632 747904 770535 762530 782448 790532 755914 807543 788062 787850 744939 778038 790174 759260 747046 802068 796688 740292 785962 747201 788478 773784 771667 768528 784786 718522 764530 795039 766754 720299 773230 703291 828474 780972 777632 799844 833958 764710 781647 810819 750102 766907 763356 718668 748971 798390 734303 800248 800857 776016 735365 803198 771509 818973 758291 776820 802484 745577 717177 825313 769107 782469 781015 750713 770747 740289 732188 777055 768416 776222 705950 784916 744793 810321 698401 764103 796589 737948 763233 783702 835775 707953 802924 825284 756837 799343 747124 768852 793412 776845 785160 701116 791066 806635 810762 779131 760502 781208 832210 741223 785152 740696 720115 739000 789037 805660 809376 811484 750423 786736 765141 763174 804189 788118 797672 826350 793596 860086 748188 760370 769231 742623 795556 772858 717365 798271 775107 736873 776900 798092 780996 766430 712464 796231 837542 794221 776133 744334 799662 746020 763442 725777 756807 802660 714931 781425 778151 756643 760530 802265 749213 724851 754396 762893 717830 793870 831889 725630 701118 737060 764067 778019 766498 803032 794458 723693 758282 773926 777927 814157 806340 782918 739146 825770 736957 777490 797408 784697 762149 770631 771299 754213 808512 763428 755652 762232 719722 794469 785596 791863 839471 788211 751088 799754 770756 754783 790921 748869 777131 846483 754451 758660 751986 772489 793790 855034 763788 793711 770309 816492 748785 722581 786398 711340 719911 735400 792077 755278 792815 744306 759965 694604 803739 827251 769136 759764 756558 776254 713028 722950 748825 756841 767097 801624 717406 685229 747387 724963 781682 765150 804810 764022 754386 787582 767039 783198 820613 758587 764137 835405 762370 741131 726217 787034 812173 720568 760950 822278 758066 719195 774465 738884 789493 746131 737559 779872 793183 717591 747103 801394 757203 830146 752061 774498 
690403 777310 739992 725439 730938 731846 782054 707332 750197 722782 736844 725492 756576 688382 689743 715963 694556 750497 744404 711241 688102 742051 750276 764299 704261 735466 740620 717872 737893 721288 700078 728280 710340 757321 702033 754686 715889 732086 741750 729797 683143 766918 755642 709879 747077 732409 735909 741559 746993 729907 728273 691556 726470 768413 722743 698707 758792 687331 803026 766658 717542 746541 783221 755640 736178 780357 733650 760952 675880 708261 696099 771357 729766 751129 749275 723068 699220 762879 740084 772108 697089 726820 778436 714814 707755 824927 737982 755912 766626 714910 750459 712344 707180 765298 703225 718593 681695 746363 709789 738943 676431 752186 753555 682890 738807 685010 776337 691759 779645 725860 731418 733089 677170 731240 771854 733976 739989 676278 734962 793364 761679 735242 773276 737053 794259 693692 719783 711735 711966 721772 751171 787564 746210 806867 711881 761069 738894 706770 773152 750435 787164 778438 767649 804431 733738 708321 732461 676333 770480 743096 689586 752035 763121 679065 732349 768129 709036 776085 683778 761657 780297 762313 740121 705373 764312 684083 729237 730843 723073 722545 682253 768369 725148 713014 721075 748696 709925 693952 729335 719585 709553 724333 771803 665185 685843 728644 739326 735461 731620 786211 732458 696955 715250 733367 748587 741936 787205 747793 728449 797668 687876 715903 755081 739556 720692 739515 769826 745911 755631 731387 725380 727126 698882 771786 781222 750742 796041 767471 718612 733323 742003 725572 755704 722835 744563 774996 726248 761126 704938 719497 754354 766156 721950 757712 751557 814759 718564 717321 793136 661686 688758 699413 734762 749254 738202 751469 733480 678616 794666 782655 734477 710734 711878 699873 703825 700385 727604 724851 756784 764981 711033 682559 748767 694120 743145 741987 764058 742644 725674 736630 731601 750436 790691 724025 740648 782774 712168 722920 714548 746709 795549 684097 733906 790014 715806 667560 726160 697220 749553 695959 713186 745313 742218 686574 717109 773650 721553 790294 723429 724738 
702018 768569 761853 733014 730735 748153 794128 731277 740425 702769 747690 694833 758193 712929 692201 727533 705539 775680 754225 707865 712001 722418 757922 803118 741357 709057 761188 753312 734001 726607 751234 707871 697047 795239 760223 766018 733583 767080 775225 725578 702179 733370 773264 698867 761594 745389 760661 731132 730653 704197 747098 696516 728866 780380 723409 683420 770208 702616 813849 767782 744496 774879 795015 745597 760554 807706 723644 752706 721136 675954 751054 771307 727643 765148 778903 735548 727363 775468 761950 799706 753293 755844 771516 707978 694287 806896 745935 752121 763821 731472 736222 701592 704083 749979 728856 727297 686615 766168 732108 757898 681814 729287 763985 715060 743165 732203 755468 702935 754215 777139 706595 737969 695464 744350 761511 751228 781601 710986 745297 774286 769550 742428 770390 786616 795249 687748 753298 710132 725328 754012 739754 745027 794575 765942 724863 760511 768596 722389 770750 750170 782320 774350 808114 834914 745062 730288 735032 689898 779257 742291 732916 734551 763326 687497 745154 739599 710102 805985 713010 754362 791621 780467 757879 698543 765299 725866 747142 743860 741425 771679 694998 780231 750877 737011 722901 736020 719430 704954 724238 739459 746425 734845 793987 663009 698218 726826 733120 734579 727102 770988 766904 736213 739898 729327 768013 753399 793592 766855 759948 785915 712423 779843 758231 760357 730500 744466 727572 744846 777978 716990 732136 727683 702226 782096 744994 778746 779269 737976 751346 754699 722563 729391 769731 714601 760353 772560 749116 724897 732517 746616 776372 795717 709390 788456 757256 786479 734889 732886 782285 686492 699093 734764 745986 764568 745573 739100 710096 671966 773810 798767 721716 731924 754870 727034 737324 690710 711698 769357 734182 772278 705308 670000 737265 706929 738050 705839 790610 777598 715607 746609 747381 760786 774328 731688 777955 762827 716423 728607 735440 745957 811345 693771 742132 758852 749666 699935 715122 706029 737645 709548 739532 743767 761309 715268 728347 780740 708336 811797 706284 744132 
681284 784307 767992 764861 729058 739716 822547 722709 762021 737849 723370 728243 773835 716308 727577 737956 735522 753624 783865 749319 714040 738784 789762 779808 731495 744801 775327 716092 758074 708130 738732 740931 727970 829283 765761 765849 727424 757751 772883 763840 717875 780395 772140 728210 785631 756071 750832 727988 742759 765864 753585 705161 744569 775257 724121 699951 787163 715222 835795 762404 735480 787808 819029 761376 763121 791127 711342 770518 712603 687852 746487 781837 737423 752831 764005 739611 755910 749739 761635 807321 749024 742701 768960 735723 698006 800528 743631 759941 779810 748194 765498 722652 713458 769056 724623 760826 697501 783881 741780 778596 682934 761785 798724 706266 762474 763646 776715 695555 770803 802135 761600 751977 697667 736689 755577 760343 781748 701901 770049 764540 803162 745152 759102 781951 814522 705320 753260 742793 680543 720286 794274 752560 771720 810411 757514 790925 762717 719580 782020 742966 784916 785632 820323 839500 760877 734740 766941 726169 796823 785828 724137 795338 795690 702657 792054 763369 723096 792026 682512 790980 802019 763122 738962 714123 792367 727564 754520 794500 747024 749163 699225 794989 780876 745270 722982 780133 691985 703513 770708 741996 739380 781923 789215 664431 702357 734615 739720 726819 738952 777734 814006 741031 744523 760492 762533 795124 828941 786724 741338 781237 754536 744527 781500 809904 742236 790820 736673 751928 750400 743024 721334 709575 748448 763731 768129 801691 798075 771607 731277 755188 744077 747115 797054 756447 716518 797937 769355 746827 734532 718686 802390 811463 744092 805655 782226 808057 725249 731031 805480 701630 724428 723792 764663 774712 782960 719455 729520 655915 808841 819091 750985 742548 759218 771337 724756 697159 723703 753718 745163 804161 720807 662481 804521 695300 759046 738111 783882 773306 716888 785657 771083 752292 808870 733431 768896 807538 754878 747657 723986 815450 789164 685645 764217 761150 757337 706371 736581 700726 780455 719722 755917 748602 746862 725927 753719 763243 754510 822396 730831 748050 
705465 761358 753570 743502 710653 717978 780201 709427 742220 680388 720730 712189 756579 707363 674569 729417 718189 727878 738003 733743 697549 718179 768737 743525 731567 698942 745368 720769 711528 702283 707484 739821 691666 740925 750265 734227 688052 744897 768426 743574 690517 763555 744205 695935 748859 713126 756582 735473 745203 734925 733660 701511 716819 757585 743526 684922 754040 672086 794889 732019 700242 760664 777586 712190 744222 788752 703605 751670 704001 688911 750175 729083 700309 710788 756579 712024 730490 754769 741390 757930 733273 707394 752417 674263 683552 789332 713692 733612 748083 682818 714961 719430 669374 727359 726724 720875 704219 764233 712871 744301 683428 722041 755802 677795 745350 709925 774140 674833 743954 784524 737111 710355 696659 717202 740697 716989 734006 670566 742878 751809 752309 718315 755063 760929 782354 687747 714552 715594 706503 725852 760474 753374 736251 760539 719601 754463 741519 707271 764540 768446 779744 790910 777146 816555 742436 692089 719631 684198 788562 743382 694303 750198 754740 694395 748743 747392 696600 747320 662201 741403 786737 752177 734100 692215 763103 717779 731629 730905 715862 708005 686365 742867 735048 734799 705917 747347 691240 714742 734343 736712 718330 769988 771047 652622 721692 698845 727037 696899 721408 755542 786057 715204 737016 759261 722318 747678 781191 751163 725411 790797 702855 735795 757974 771430 717740 767944 742409 720195 742474 706490 698911 695176 676834 758850 754680 757927 765016 758636 688335 737910 733750 718479 740399 719563 727274 785371 746240 739498 724520 725243 751459 800836 736446 776064 757177 801968 716998 680857 786896 661130 683261 704009 719773 723073 776842 743297 706355 683382 755551 780288 732929 686835 739689 731281 695858 688904 700212 766942 723863 764626 703441 675146 754419 685676 741706 730086 728135 747475 689491 733140 721285 747031 775281 729100 731760 753384 751799 688272 695166 753324 771101 685894 726791 753716 740449 698860 715399 704212 765636 702384 676883 703362 721176 693922 726589 741282 753492 802113 695355 753828 
714864 782813 774824 786233 734884 756153 835787 760277 762194 747002 754485 720996 821327 722557 731724 743538 750316 773045 769252 750298 725893 775212 784962 794455 727400 767988 781975 749528 749261 766314 754175 756071 714314 781712 785642 786874 734052 787400 781548 756820 753459 798090 808018 708929 783022 749062 750833 721484 756359 746814 757080 702868 761199 781532 735004 701518 782078 716981 829165 777945 744991 790561 832031 771825 765441 813865 763101 780800 742097 720114 784913 792241 751493 755796 764905 767213 723159 775946 787593 817882 743475 785838 812052 741127 729817 814925 757421 772446 794123 748709 764819 706751 750021 758476 753429 746575 695620 794233 771852 773190 721293 789697 814652 725315 771849 731179 790988 713250 789509 823656 785873 753134 748142 754876 814998 765805 749116 697206 756052 778504 767349 730285 775902 777035 819411 733304 727714 703114 743491 750800 797282 777827 769433 844571 738597 796909 789652 727073 804192 777559 789779 804500 823097 845955 761663 742647 769184 697433 816919 778329 700341 787122 795353 730591 763749 777493 720621 804073 728732 790255 800691 799868 781097 734476 758090 754695 752375 770537 743742 752588 736127 783230 778479 744950 744854 775381 711344 734716 772049 730936 746564 809881 809020 717545 720887 750066 755603 749253 752861 801925 797601 736265 763241 769755 747852 785095 820419 768302 751377 819053 742095 755975 775255 803641 749982 761291 756507 762641 801346 765354 767771 736473 717667 794226 782067 830478 795195 795699 758025 745814 742933 762574 774995 723397 742445 804599 759118 778297 729410 762637 804191 834501 735991 830439 783091 820430 757474 718675 791577 720721 749611 745146 780199 745449 792183 765608 771255 700878 791653 825404 737121 736740 795701 743167 699610 702105 745893 755448 797196 786596 740284 720347 797611 715514 759992 757534 786604 772193 710807 771433 781774 774941 798543 760072 745593 819637 753426 719800 726224 773440 814252 712776 768944 817602 762770 741823 781800 729506 785116 727022 722792 745335 782749 726889 752965 791534 757899 811246 747903 772882 
794222 847800 794668 800666 798503 788611 881209 768076 806350 772665 817353 784865 825689 786801 789817 782428 812430 810456 832956 768542 776464 786196 855671 829674 788097 783318 831474 790207 809937 784770 769149 776930 768034 833502 807880 806799 795636 799261 817332 816330 750514 828560 833381 757467 832478 789905 815954 793235 767729 783690 810901 758758 784550 804664 789538 738907 825986 753429 869984 814060 764428 832079 877198 806110 818953 842807 786328 834165 758484 753072 787880 827223 792207 814603 829674 786681 765560 856611 834653 824462 778532 791775 819200 764956 744861 861063 814107 801095 804751 781699 790883 773702 755381 815292 779312 804361 760025 817809 786024 790989 727127 786908 846459 770473 821438 808058 853018 770023 817883 835975 799252 797309 770280 788929 852221 792472 821240 730745 796531 828624 822787 779843 814968 823574 856342 760213 800283 775926 740071 801238 841505 811436 802829 834882 796247 838605 815020 752597 824428 810376 867204 868961 821644 905797 804243 758669 813026 783843 826527 792774 783604 841860 828759 734194 779044 815589 803649 794466 744650 838568 870765 824310 803268 775211 844470 763289 807034 767332 800143 790875 735207 803264 829825 772856 777981 830921 770119 795104 808611 799273 757578 827382 830714 742954 765113 762572 818988 808733 794781 826715 851572 770113 781982 789505 826298 817665 841232 823916 787728 890736 781704 795981 810733 816104 786059 820397 798110 775250 780718 785873 792061 746987 759786 835789 817829 842931 838377 832811 777614 807190 822238 769596 809123 805958 807705 847545 793032 804281 798459 791262 836649 866013 809594 840665 822821 854063 810866 758203 864413 737235 774652 776138 784256 827946 848071 765368 798820 727097 843570 850520 796100 766822 840628 797998 747577 754928 765600 820300 793776 838541 748926 736935 796186 765485 821264 789008 848588 805497 757048 790084 829497 805762 857150 790603 813475 869637 781983 747931 775383 795426 853080 740617 802677 822444 780207 754629 826535 766223 798710 781488 773539 780523 776397 763900 792361 828900 828963 877050 795725 811061 
757819 808512 762358 796054 743168 770842 828310 732085 783424 737311 753642 771551 778166 763219 721611 746691 759440 779825 803745 750231 728667 751050 776163 806018 764019 753008 766140 753560 751463 720916 726280 746631 736130 784452 755036 762767 774033 782004 753867 806268 729354 783028 802791 714880 759109 762372 777328 748789 759312 740183 785422 717371 768272 765089 785669 720810 789588 734881 851716 787669 751057 773244 803188 780391 784965 797216 732312 745227 740075 737023 753641 775047 729305 760881 771562 763343 717891 790241 771933 817278 737153 740773 782063 778895 711013 810828 774075 760461 789637 766540 754601 737768 730928 796596 752951 744392 721785 769203 764015 786649 703315 766244 801432 725960 782663 769936 807509 698728 781345 799492 752845 770205 727585 744305 787419 787180 759871 734656 781152 825450 787183 780622 777298 778231 815711 742180 769491 749220 753719 770037 796691 817231 760147 803367 732606 772810 776159 732833 801710 790932 838875 797734 792758 863376 758173 722547 767777 693908 807194 769466 741573 817492 775519 721630 769518 776408 704772 784211 710217 763963 810409 785923 774288 736324 806789 721614 736210 764582 776725 768167 741633 784576 764648 731597 735560 769712 744868 748744 766570 726518 735351 791518 828519 712026 746746 751428 779739 782709 739026 769273 816755 713664 746376 747549 766463 768681 803532 764907 767776 818281 735733 770831 766258 763486 759722 799991 748535 756021 795255 751770 794496 729464 731769 779846 813516 810349 814751 782968 734869 767024 763117 753508 779663 766832 768509 806995 778880 771404 745258 766661 786656 826813 742703 794295 774177 839922 772143 759912 790518 712995 721083 728692 782778 774188 803821 743717 751247 696749 805533 830760 762074 751294 754815 757135 735557 737756 747104 744624 787530 805481 721573 707196 785365 702174 743644 775317 799233 777656 743009 773073 773987 778308 798083 746359 783798 789163 762708 743279 750553 753220 830209 716103 769045 817451 756256 745478 750695 710063 758234 733917 745003 783949 777903 730465 740950 804715 744656 812466 783552 734244 
767841 790144 760476 752164 745700 765099 840339 747164 792690 720614 758667 768270 795903 748317 725475 753392 742272 769339 769346 735037 710268 754267 796824 765148 768944 741307 771441 750450 760619 719349 727854 758157 718722 781570 748103 753600 725833 772167 772236 755649 722499 769693 785415 708761 760187 717763 783239 748336 740962 750026 783425 732063 768405 768056 757633 723621 759998 717155 820477 784901 746294 786879 816696 772520 746212 821259 728766 779281 729777 699005 763290 776639 745082 769312 769251 753825 728959 789631 760014 781857 740446 741211 777576 704927 717184 825120 754921 753525 769989 745117 741517 737498 729653 766236 758764 734049 739641 802905 745385 758120 691804 778499 809709 706702 754383 756791 814360 705895 770164 788689 745012 736872 710623 742717 774081 774310 749676 730987 749722 802491 768219 775441 770650 790785 801929 704207 758231 737119 732195 742545 790985 786942 776898 814438 752827 798864 759538 738917 802517 790720 804912 824197 805133 850503 770583 729275 726713 702345 807647 777054 701964 776866 780904 720304 771717 752197 708452 784330 702139 771277 812238 803329 755691 749744 809560 729363 751381 763089 778384 730235 731550 792877 768571 754677 738376 778017 725347 737142 780759 749414 750370 802414 810882 677696 752017 737721 728445 773725 745612 766183 784195 724641 759863 758998 758152 804068 801394 779737 760039 828082 751259 736884 764672 774532 762330 783844 734520 758057 793650 724922 757404 709619 720364 762934 792797 791474 779974 779310 737532 776057 744361 715803 791324 751419 753743 804945 777640 790935 741354 767905 784506 829834 726163 804924 767950 832907 727758 734935 772110 738184 710224 716031 770995 762735 805555 760411 773640 678882 798472 808145 760276 731696 737674 750399 717092 706959 741887 743223 762121 809141 737481 717095 761665 741773 759431 726403 789535 779206 730331 772164 758959 766108 826876 738603 776623 788098 749820 713411 737795 771856 810124 717889 775619 793852 778444 733983 750240 730316 771981 735012 722514 742319 771908 718165 740362 806529 749622 814066 736405 763015 
713759 781546 747515 781284 729811 719041 794499 737709 768532 754873 730771 743132 774801 741835 710692 723860 740842 759808 783573 765046 717810 744510 772502 771509 715672 729296 767085 731876 739787 703385 749244 750407 731107 790714 735321 787613 726181 769216 760819 778902 711846 771645 787129 705591 751313 748072 759081 734577 750778 748809 789077 689095 738496 776716 753678 700671 770083 699018 835764 778240 743370 810040 791075 776487 776861 775296 753233 753841 686813 708926 738667 767987 742201 764314 762076 778751 724881 781040 749169 804219 697719 744166 759892 744986 678827 799229 743572 765640 803075 748257 780226 711867 709923 764431 712693 742867 725501 783422 710593 758708 685200 735594 769227 719640 779782 724144 801302 698534 750208 772514 760618 758014 752728 723268 770821 743688 735887 689320 728528 752080 763512 741365 777207 768654 789591 713928 749785 740167 740591 756934 785086 812332 779241 793434 730789 783847 753330 723331 781533 753657 805556 789078 799267 840516 739563 705908 760868 677817 796868 757293 734303 767557 763412 707588 767275 765566 757790 784066 714596 768179 776534 773815 772020 715831 780545 705508 744024 763863 749185 760206 696865 779594 733647 755933 734732 751118 726683 710837 749004 731101 702374 761366 786994 676265 704483 722383 762433 746189 774481 796945 817377 702932 747320 779378 740206 776370 832518 774522 762975 793259 723372 751071 768350 784683 739640 768385 748703 777154 747390 760304 759931 727467 704830 770216 781851 799363 822466 781804 723447 749699 755118 756405 781236 761722 742391 782552 758919 757029 722431 742489 765529 813062 754648 770464 763178 845195 732058 724039 779630 686280 714393 731860 765361 762171 771882 729182 775494 680390 779273 802215 735489 720002 768799 739729 718240 713596 724292 766045 772121 807954 722228 695626 780027 684125 740586 755834 769447 770775 727849 760881 763500 752429 795872 722282 768936 793733 748701 748903 717176 768203 819575 706917 770597 815049 749183 728420 779229 709956 754322 728310 713965 765471 761801 726717 762886 793808 733311 815931 750803 727968 
753029 827069 822040 806142 793712 780640 872508 770541 811670 784168 779749 760969 834008 787496 741986 781505 758837 816417 822290 808884 751587 785409 823123 819068 775873 774469 828709 774912 788458 728620 786084 789612 733964 830553 816481 811726 754576 798120 789184 805578 730147 814143 820551 775469 806698 773227 818736 784931 809799 771185 784542 748466 785509 791166 795952 750755 858889 735196 847356 811770 798502 797529 872409 838434 801442 858963 803322 810675 752078 735792 792244 829453 781948 801852 842186 787003 757129 816525 788488 832508 797404 787806 836099 759588 760431 860374 778336 790209 813181 769067 816688 772812 744521 791022 769513 780141 748577 818495 812542 820611 730535 779782 844081 782764 793244 787967 821661 755247 805585 850208 782889 792189 755412 763739 823652 803766 819064 736966 810423 832473 797159 811149 828282 813531 840015 764476 829738 758560 755150 780662 813487 827346 831104 844858 750131 840780 783135 771005 835471 805424 827891 842309 839756 896601 801045 754621 785150 740514 813949 822689 744092 834847 815849 766729 804631 818040 777996 832913 735368 818974 829156 853363 780321 799390 817475 736749 791482 795223 797435 794445 753450 832191 813088 794400 780126 802219 747331 777048 785116 784389 798291 826987 858581 727302 758844 797892 793884 762682 779826 825100 818276 741863 803144 799876 802819 806837 846238 836784 783847 817070 756677 799491 807798 820913 789857 823250 785214 835990 825713 786163 807495 786670 741117 817567 827661 855798 812356 856234 772588 792625 782216 788966 807300 828144 773121 836140 805604 829560 759105 795206 846467 885819 774095 842333 809853 861125 805194 755872 826850 755332 732385 769108 811984 808514 832214 762498 799808 733525 808947 859041 796677 782491 837658 792088 784553 745839 783694 810788 803165 839274 754262 741745 795480 769281 790754 754651 842609 808559 752371 806968 821668 801888 845756 791827 798379 855106 801527 790319 769370 828907 859585 752610 790156 843050 830041 745952 829568 742369 780919 776695 752113 764034 788708 766854 787640 854188 760407 846891 765116 767460 
732474 779560 766154 781400 737199 746078 843400 741190 782070 723572 782555 724038 773996 712251 722610 736898 737006 787064 773047 756485 738404 765830 780351 803748 735988 743897 785670 723994 760579 732214 748427 759548 728575 783108 763580 789999 724976 776903 751262 794573 726492 780288 767466 741272 752095 755293 764975 741428 730292 742183 755599 699073 781165 768295 739639 693736 761795 725035 818844 760836 741529 795393 819086 796570 752100 806887 738058 758172 718392 732994 753743 783894 743471 751321 778312 759752 712828 782038 774011 813435 757328 751022 770959 728861 716285 794785 755535 782073 784274 744315 756888 729615 727821 758581 737957 737775 720250 784762 780311 791033 688659 774434 802437 744834 764305 733119 812563 727253 781752 770501 759642 760595 717711 712958 766497 773555 747502 719987 777657 789146 774354 775165 786332 774840 824472 715468 736414 746512 752988 757549 792201 771926 760785 805346 757865 775911 725651 735575 810486 777786 801452 785056 791680 819948 763672 732334 766162 712215 777769 760757 703025 785852 784118 730399 781731 808133 716843 822332 729695 762100 806946 771644 755513 719882 812728 698080 742985 790160 713302 750147 714602 784755 768956 740337 764616 807525 724309 721265 757005 734846 720672 794177 816762 697794 715683 727792 762708 772783 764959 802285 784664 730176 740413 772089 760546 789688 813375 774973 756866 801435 772026 763494 786232 821247 768319 770442 758472 780159 764970 749600 762443 711985 727017 774106 776753 806758 805141 788544 762234 740978 748090 770129 767672 760475 731490 798238 751693 752816 744966 728071 762232 824828 755832 772529 757794 841938 738008 745626 777239 699650 737439 741014 772127 765631 780858 735452 759598 707629 792781 826728 772450 720343 757606 735197 734229 728144 729389 758519 763549 806510 730959 714651 769322 712749 790916 764564 788015 784178 736676 747569 787857 785004 788352 739873 740670 822948 770849 722217 735088 792175 791813 725299 720427 786393 754065 710249 753412 722953 771752 721533 719405 763801 740723 714485 738590 773575 736492 800232 721464 721842 
724623 790962 742259 752547 754856 712090 851140 739293 779736 739876 756626 730767 782547 724344 708582 703596 723837 744398 771183 730510 703628 718133 765777 754149 733314 722009 761913 712411 712730 696760 731354 771973 712282 778277 770924 747259 713641 763218 753716 745102 704711 778079 771316 712804 745268 726565 736282 735520 743381 763432 778147 735406 748718 781060 756437 715701 748441 704572 810101 762571 727224 753816 807266 769484 734571 759539 724190 767965 719518 723315 729098 760630 731390 761017 764088 756530 709914 799507 759778 798144 703694 732704 773595 703109 721433 812448 748525 721305 771774 710951 749427 718463 702569 745548 717331 705883 723339 767201 766972 762077 691484 761519 764471 719305 765016 735678 804848 716453 773048 791208 739509 736684 713584 732361 797733 750905 743855 715472 740026 792951 774269 753106 745855 757964 806399 696137 744948 727039 735991 730257 787138 766703 770644 813968 711473 746293 740239 712166 810595 757871 818293 773930 813821 806278 769270 717055 759260 678934 779927 765078 699268 767730 762597 693363 760769 756327 730115 772065 693336 777369 808169 783463 772456 702293 791305 713574 775019 741765 738627 733838 724651 753979 728590 711683 725621 784399 722862 745125 737332 730896 743531 772417 804393 695062 736603 732429 734523 746765 735631 786824 789814 700430 725940 750296 744529 774372 781993 738410 750666 814468 745902 759326 769118 766715 766331 736517 754565 747270 767291 731608 734897 731485 728822 763421 761635 790764 778659 767570 709668 745858 737615 729785 770040 761624 745591 805592 737440 753657 749220 722575 781243 809609 728461 805169 781642 830884 746916 738454 784512 705863 700679 707716 741358 731018 788356 729640 759137 686821 789770 791346 765223 709620 736788 730034 708925 690934 730877 729527 748538 764458 695190 682073 771672 719123 756561 725656 774132 747553 733534 775066 754614 768702 795945 705553 743416 774522 725363 719479 713940 760546 775812 714159 737192 808119 748835 724177 749287 733415 747481 698147 733135 758505 748084 697258 712074 763812 745147 793632 723259 746016 
712264 791688 742963 739705 753160 725214 801703 741906 746633 707165 752755 727208 761068 721003 717159 731796 756008 757768 740730 705793 707632 730734 772805 770281 717905 745455 781675 720682 765152 713652 723973 711491 740480 784397 726725 774923 723254 747053 747383 763450 688175 783240 752689 709353 765149 734529 771988 746413 737973 733355 757776 670240 759201 746266 737537 681708 775897 710164 826206 752234 721939 755316 790395 755455 740137 786129 739944 766230 688593 694146 737807 771713 710727 737200 766119 746832 719061 789185 762676 778581 724849 717665 781440 696534 705103 800987 743533 746284 757460 731676 752621 720531 723001 749383 714563 724609 688826 762752 739214 744018 681382 739239 787884 710291 736549 763320 784491 690949 779426 789717 741087 753580 735556 721233 773177 759015 743229 686113 742567 763882 750911 759250 772322 759254 769155 663335 729394 709366 714752 712243 750583 761925 744714 797658 772006 784781 756699 716979 789741 740771 812728 798995 794210 822609 741203 705882 752136 721508 782127 729207 718122 759408 750496 699727 756224 743856 719915 764747 673436 760455 790765 755067 761037 707827 788550 700455 736585 744799 724092 757393 688467 756778 759109 770158 698850 762561 718474 724987 727717 742569 699938 771972 796661 694094 701700 732139 728724 743695 767125 769168 768348 710926 731261 723580 748303 749874 807924 760714 695679 772869 756802 749562 772285 782084 727835 746625 735878 757234 759793 745347 758413 737053 721329 764945 755591 777112 775766 803855 721551 751687 729229 759801 756637 742596 754341 806398 738191 753955 709564 719092 762579 789072 707603 770342 771134 792048 724354 728362 763914 695098 695342 725194 749340 766574 798260 711205 739970 689838 763816 785243 742028 695847 743541 742096 691482 734501 711758 724611 770352 783550 706967 713477 783175 699979 779353 732818 763038 736148 723772 780444 757065 732483 780816 720930 763799 754419 728038 704277 690630 748867 795502 698552 727284 794580 757225 695996 788485 701266 737654 715586 703402 750697 731958 745781 740035 768308 746083 814200 725297 714920 
752807 796970 776525 747992 734634 740269 808166 717126 780585 708708 741519 728319 773256 730491 713614 702577 749511 741096 786857 744519 695165 759447 756876 783123 708142 735762 748183 748527 750145 718379 726447 730824 725819 792506 766439 767942 714369 751335 772819 760194 701323 794864 763417 696953 742374 730844 760968 735893 741492 740396 750627 687173 754258 786520 761266 710280 764150 721448 824973 744082 728195 781502 813198 735608 754917 794475 742374 753540 708454 692978 735146 771322 746556 769742 767928 727979 722831 780266 743348 799498 749248 742279 760930 714565 723976 787861 765709 747657 783505 746256 736695 716852 712676 769641 711783 713567 707033 764357 750261 764367 668336 765822 765552 705728 774000 757989 777511 706373 775881 826402 737099 742705 691693 736404 792637 743963 763819 690571 765414 766219 742100 743476 733992 794662 810891 724486 739931 751622 709139 737150 777981 763417 749718 797726 739538 783806 767266 724595 766917 760927 823633 784102 788845 855722 744461 686679 764902 702250 773941 758267 700402 794132 777439 716377 743329 760629 713358 776912 696287 773325 821520 770829 753615 714492 767671 716647 725378 757252 744711 765924 697614 759114 756945 750584 737160 774625 714262 709144 762228 711903 739576 751330 793693 679434 723895 709632 729558 749899 733794 756508 773290 716009 737824 766460 780591 771690 788764 782415 766507 800307 732579 737934 767697 782702 705091 780772 732282 771056 785853 722745 727031 727472 717881 786751 772639 777119 792709 782583 731947 751807 740722 747589 770796 741210 759751 800006 745110 759724 729074 743687 776881 828087 730738 780133 780773 806420 761437 697174 790861 698850 714007 712910 721187 736481 771677 738529 768129 703052 781127 823847 747022 723688 775567 738051 699957 695758 712203 762680 757840 798836 738034 667672 761663 720084 759093 743320 777590 756380 747058 760703 762550 764498 823328 740616 758086 777919 733799 740013 715885 765412 801435 701850 743703 793941 747823 722763 739129 701436 788293 734050 724590 763465 748493 708813 743611 782101 739560 815197 717623 742481 
712945 784747 764202 767540 725018 731711 813574 759094 758124 723675 765091 739960 780013 689386 724516 741812 758169 779022 806280 747289 711367 758368 777196 784784 761626 754493 800020 729111 740112 725108 725972 782518 717774 799236 747961 773265 724243 804052 773097 768048 719661 786575 767086 709479 774552 733179 751982 741297 771234 738764 789954 704806 753925 807056 777281 698562 756633 753034 838148 782247 744972 775472 818376 755056 790143 796357 731882 748800 725984 704722 775188 751074 742376 764462 770738 753645 708677 779512 747190 801914 742631 751700 821249 721429 692465 799042 747646 750161 782980 733085 761012 726000 719764 739681 733604 772432 704653 766826 759259 787337 677813 759819 784126 721754 761418 762448 815759 732152 778456 795303 737940 755688 699474 758826 777505 774918 756265 700827 753379 781333 777280 751250 749199 779173 789931 690599 758493 727080 733195 737558 769917 773698 788780 811322 758410 778264 737092 734576 827352 784398 803885 841098 789450 836468 765377 725974 732789 684004 798477 800727 720853 772988 773412 733449 749747 773635 714926 811739 702181 781233 809287 803336 753452 740273 801668 724068 735808 760940 748293 772219 717589 792916 758924 747394 740611 814496 706611 738939 785425 733106 752798 798037 778642 700015 748387 761950 759139 768375 764005 762280 799968 729627 739680 749465 764379 749842 806334 767685 783550 821296 727469 763186 765248 804859 711080 759348 762679 780101 785854 771706 748015 720619 753294 769102 802447 792130 790777 793538 759910 769036 736362 736481 781795 754632 752004 806103 746665 773014 767344 762104 776464 795786 738808 787594 758775 839986 729272 716233 802168 694552 728548 715074 771376 762510 778028 725755 788791 684298 799072 821856 757495 715234 770345 744354 729197 712914 741029 762599 774079 800551 731470 746004 772190 736736 749250 725551 803115 738022 753751 762303 779589 795801 794174 742784 730986 776320 737972 732498 682464 759897 789306 705826 781134 790041 730561 743809 776341 735689 762647 735380 709611 747081 772557 715955 762720 803876 741815 820024 718341 757005 
731340 799029 764915 738682 737274 725770 818589 720523 784199 739843 718625 734871 781564 712422 691110 707761 722333 763547 764714 746089 690192 749888 768270 782336 739223 716859 778527 732424 730214 725551 728473 731839 707098 767396 739502 751432 705462 749515 753545 752467 705872 766683 750168 688575 728976 732735 757884 758220 757465 735704 740557 705991 748283 745974 758590 703948 759105 689495 799746 744700 713483 764497 806559 743207 748282 807000 749084 751255 703383 693682 722728 784650 722760 748671 759380 741683 733290 741178 762426 794639 753251 748034 743354 688815 729743 805279 737632 734400 784416 722402 751531 735260 707295 752683 720185 727055 723502 745014 730160 758077 655041 750537 779600 742242 750230 717925 775203 691342 764888 756990 753273 738800 713172 725953 759422 740319 759024 689341 727548 788799 747748 757749 753816 742828 789121 705242 733903 715551 723645 744903 760864 794759 762554 801509 751677 750634 750375 744665 800511 751291 786777 789600 789774 873258 733732 703407 747937 709372 776365 732973 682359 743350 753238 684174 775381 785835 714496 777439 687883 781442 784697 764482 753816 706631 774802 707491 743191 753817 731415 750780 708999 767839 743858 716133 715176 768439 729798 712725 741891 742749 731546 788466 773964 673676 700539 748967 732132 747904 708158 772257 763185 714136 744201 744292 747637 759513 798306 791845 732980 818989 726636 741452 788353 777486 751996 760507 748783 743006 790061 720294 714193 746438 721885 794376 745286 799021 787152 779620 705147 737688 729327 720003 751104 771043 702541 826887 746015 785627 741531 724662 773660 818151 737067 774039 766537 794721 735974 715431 779890 689681 676756 737577 741270 737959 743443 720551 745228 684044 798261 779489 733986 712727 714172 733795 719854 666897 718796 729489 771330 760771 722566 664472 753320 720641 761826 713581 755675 744703 698654 756460 757695 742464 806258 737075 731665 808691 757165 736115 724951 743347 789610 683807 734912 800286 740986 727548 716957 702672 748720 707743 685852 722420 746862 701484 739609 749614 719964 805608 729854 744718 
738087 803655 733959 785265 761055 771853 819300 756227 776556 767944 779131 768520 814420 724022 747152 743902 778002 781710 798576 763366 730852 775280 783413 784665 758134 730042 805928 762610 796160 772320 781741 767817 735881 828473 783673 782502 787726 810129 794929 794375 744326 790327 830532 709992 790827 767719 790686 782608 771209 789297 788404 735463 765186 775470 767023 723224 789203 713242 815249 752839 761165 826211 831598 772289 791408 841914 745347 781709 731455 715092 764546 818729 758670 795785 784666 763294 740166 814900 806338 814181 745429 797129 827564 739398 726306 829862 778387 787737 792299 751471 769977 772673 728372 795263 770703 756228 736175 797122 768303 750565 730570 783459 781983 748713 786226 780840 823349 722103 784484 816315 773704 778981 755374 771075 810839 781238 788863 714283 764523 828372 779645 776464 763016 801109 847140 740357 788387 737004 722087 745353 797175 790281 799168 828984 777399 800435 801921 732401 818110 785051 818734 843887 821356 865451 758383 727074 784215 722163 797062 788315 748741 794602 775031 721823 751520 804997 736652 795871 734104 790726 827048 833036 778939 726016 798361 745655 773347 789922 772383 786677 751058 787831 780658 743053 777196 763643 741188 744353 771077 773894 758666 795801 819266 701969 752966 741390 762965 766418 773685 805711 818847 756871 766509 806254 783116 809916 828053 813142 770288 841006 761770 783265 772484 789297 780046 795288 786371 772407 786639 773718 767810 741373 739464 778854 792155 791299 815248 774803 776473 762284 765391 764492 811596 762570 775310 815757 814060 763939 747869 776382 808966 852967 750869 830243 799953 852829 771683 736859 798383 722341 754784 779815 772268 784437 804928 770661 762815 708574 819527 812065 762058 736509 776001 766573 730401 744400 726432 788608 776881 826116 726775 728361 778937 757551 785530 772138 824323 805392 745297 799417 778425 775791 826160 779421 782449 823962 768746 733720 756555 810086 848343 713023 796963 830717 771088 751798 782076 764476 809920 761029 750164 795273 793208 762858 774546 817830 787516 850872 749526 769722 
688040 764849 695139 717499 703442 677780 767676 691901 716875 683966 713077 685801 723673 666697 688189 693472 694941 715383 739561 700058 661370 676800 754635 713845 667433 682516 724557 657476 696189 683786 673132 697453 693886 724681 717501 713107 679072 689639 712484 694297 645176 717472 711788 668376 700875 676252 721265 702729 687175 689663 710231 651245 697547 694912 699467 660410 717809 666363 764180 700347 688620 726580 762193 682091 733972 749126 678728 741411 674439 660515 726977 699177 683535 713896 741661 708439 670062 732238 727617 750626 699374 711958 743108 646686 667080 757073 681069 702881 742770 683402 712032 661114 647058 724516 689845 695631 663070 742121 734313 721419 654252 703876 751620 688603 731588 706214 751645 657465 724135 718692 687356 712263 649784 697526 747613 723608 721023 660470 676408 737888 717915 694496 701923 723835 766565 643628 703844 676541 661569 668496 732466 710187 710062 743142 720509 710903 706484 728982 753120 709818 760097 739517 760175 797070 677069 692973 709964 675161 739463 735497 666937 722483 701597 665599 713919 736145 655784 741657 672024 711879 747151 714215 708228 667606 728245 671837 685397 723831 699814 695220 679532 715594 710197 680538 698184 739903 683816 679747 734936 698404 685820 750960 756782 642397 697447 691747 699003 703040 677215 716778 714528 695186 686182 698826 699801 727768 763809 755435 714654 761501 683599 690626 721677 743409 697811 716867 721381 707531 700643 700140 690023 700617 691755 731777 714641 745783 738209 734748 656790 680761 716575 676083 723157 711818 700693 754190 699933 714167 711382 688160 746786 753320 692949 747681 706817 761840 692109 691608 727809 663001 680336 680737 700798 719818 725765 667284 709791 635001 764534 765310 704514 666293 681520 691589 698432 669038 689422 711370 727406 721704 672309 656854 736923 689015 724158 690849 737524 738693 682995 690841 712025 702083 783106 698620 688694 755041 716821 683682 680570 732270 736053 656227 702772 750942 709169 682709 706746 671943 694483 694348 650498 703426 696167 690557 690155 734930 693779 746826 682712 695258 
691771 765932 742891 742042 741874 692048 825265 743470 775888 692952 723683 722394 758718 712307 677336 726732 713509 739804 730974 715309 705475 719217 748174 789057 707820 723082 772752 721197 723012 698488 718803 727193 705147 755462 737494 729855 699742 765436 748638 725299 735825 767020 767441 722283 743907 729020 736116 715272 712621 730126 767508 688029 749286 725699 736230 682258 724424 711277 786039 761010 726366 739467 800309 705179 722203 790896 721713 726940 714739 682087 735169 752287 695076 759583 713809 733705 714553 760397 737152 752036 726396 698978 768691 727948 679642 781479 743133 739501 737120 711538 745390 720868 680495 757593 707787 731368 682646 747995 741905 728331 672831 723356 770053 714354 731525 740899 789356 689884 735645 771247 734441 750371 697446 715783 776187 764982 727419 674743 730459 783905 765338 744113 735157 722379 789097 697109 734195 713987 723261 719474 755911 797728 739355 769532 728685 722799 721835 692989 773518 754278 789359 764320 765693 817313 727427 713170 739138 690388 758310 740352 694993 768756 751265 704287 746600 754809 704819 750973 683448 763399 784450 751061 740823 683513 749014 696214 740887 733280 698041 738848 694147 750491 711263 721841 692952 748406 723548 707651 706273 743565 688991 773406 790852 680871 685647 720064 742200 768625 722416 763904 767938 711105 738682 731874 692299 749052 793897 748108 735783 785864 717530 750729 754766 772709 729792 762904 712391 762914 769636 727128 723220 711906 714838 760568 761275 772754 770209 729169 695967 713849 757348 730899 783367 733679 719200 791018 758222 758243 712595 730757 740855 798682 735450 766704 755795 798929 743682 717507 742839 688396 694100 737382 740732 737877 759893 712855 715936 676610 775869 815116 740303 728401 752830 725267 710810 693758 719003 720738 747945 781428 696229 661500 741518 683337 739422 721985 747348 765676 718444 746950 761122 719873 778963 701338 732632 775048 713314 688976 712811 733957 781341 702332 734681 790664 729465 694287 730091 703866 743317 677597 680630 713394 731271 700351 712453 747252 726194 755867 732305 715830 
683413 774382 737843 762314 711249 692678 783671 748180 750046 714852 740376 713452 760931 687710 689385 715981 720797 771653 736730 708558 689125 731712 753873 742160 703973 717732 746069 707571 735447 688627 735571 724584 704827 774471 721839 763622 731832 787737 732280 739970 652588 764768 734061 688212 753094 710399 751329 729200 672645 705155 716993 698540 721892 752729 734671 689345 738260 661186 785347 745605 707082 737479 782919 747464 752969 822578 729061 746540 691217 679193 729417 774032 699776 735930 764640 712252 722640 772491 753238 795272 703024 719320 739758 705554 674702 796463 740836 720802 759182 705408 732036 738433 661074 751975 712286 706285 682089 734159 729259 734750 680834 730608 748230 701522 745553 751650 799716 691653 752026 775319 713907 719366 686451 697617 723216 783160 772062 664468 749173 776213 778052 755607 745702 758634 790943 689318 721419 732104 685479 691597 753808 760405 764869 787165 730193 766483 746339 733526 780714 763926 790556 795823 778193 824437 744494 717311 734942 714013 754196 760879 700754 768239 751980 690680 737838 758820 715708 751412 686906 762780 765102 785746 726318 696058 750407 670936 715515 751219 701008 723651 673610 756803 728820 714710 705232 770917 707027 717105 749459 711947 699558 770222 794172 689010 682323 690967 740444 709597 715298 777178 772475 722344 721479 740339 720212 744307 767909 759060 716033 796615 737487 718118 750481 770731 728418 739408 750491 735691 767513 713997 710885 709089 702019 746880 770991 775399 754741 773644 714210 736823 725512 717554 769409 744758 713411 759491 742930 740407 717554 697072 770286 814040 726629 771198 740498 787708 720139 699161 765713 698890 708871 691986 722646 764752 752721 703240 751347 655054 768326 786633 709270 713819 736441 745749 717460 682214 695854 723764 742083 774435 710403 660548 747866 666647 756212 713558 792849 748800 722470 758571 734680 762060 794165 699887 753518 777272 722843 720694 727877 754431 783371 693835 714065 775836 729453 668747 740817 701027 726911 699671 677845 727909 728612 708492 723235 769707 718939 745286 711869 735433 
721495 833488 793659 790091 759398 756456 855882 766063 770830 745344 750870 750278 819072 768577 724373 766966 767636 757090 777591 771318 737121 786244 798863 796267 746236 757483 785114 750872 786941 754229 741993 796258 751725 793058 786394 788164 770373 800111 818361 792812 736377 780781 842840 723574 771827 757121 773017 801100 756345 755783 770054 729741 767671 781416 782138 716815 782525 713585 818762 791892 763861 819122 852775 780954 780970 816114 758483 822042 738959 720718 771517 784908 754961 791252 793156 756730 714534 784441 763140 826860 758624 774511 791552 749108 728570 844527 773691 767117 785522 770547 785210 759112 713027 813139 763607 752252 742409 790783 785233 787639 690163 803815 795809 779991 773266 795111 839760 735300 797739 814761 777025 785615 726716 740193 793757 801834 767754 722087 757796 797929 796936 797315 776350 793504 827150 737340 760934 753944 745562 743800 830788 802675 780836 798006 774405 787265 778962 747597 809134 807498 810722 812028 813840 868957 776662 755097 772458 746900 813822 775786 740073 846399 809971 732929 756620 805764 743862 788164 742099 807874 831598 821301 783769 746578 787221 743752 759323 769624 772615 783462 726668 779746 783810 751888 748148 803622 759232 761473 777522 766905 750771 795633 824827 714934 741080 770762 784906 775448 767637 795029 818803 748658 799884 774930 794473 789502 823965 785038 764012 851558 736949 732849 784778 818029 765905 782853 765792 769467 803324 774280 777789 760042 742293 796531 789024 802735 823477 818652 757200 751236 791249 769647 829566 774981 782060 821658 762866 805807 750422 758434 796354 846524 754126 788219 786884 846924 764976 765866 805281 731167 734713 769139 769373 793469 777463 752011 768195 704073 826217 828391 764609 767732 793848 754678 712554 718994 765797 781554 794479 790041 726550 699926 813060 732286 795784 753762 790193 780243 767305 783145 770709 779015 842589 784284 785992 818537 728305 768012 724695 795554 815289 713019 759788 817001 768662 750916 763393 756411 790636 747318 748794 756841 762252 743762 758087 834744 768466 823860 760560 776511 
701737 784304 724013 763684 706994 702330 822280 729995 741937 679970 720532 697103 774994 688035 691214 683644 720268 736232 752891 721847 692115 727488 720815 746925 687788 694961 732501 737339 732216 720576 703918 757909 704325 778169 724633 734043 737167 759140 728036 765240 711576 761332 793244 693998 731762 735777 760597 702130 734684 739845 757127 692421 746466 753635 730952 686571 759263 684120 787057 743675 684834 768412 785977 748125 747688 812606 707892 722795 696968 663992 737410 747421 698668 708722 740064 711878 710775 769137 764346 757407 718081 744455 784467 710305 672765 781957 733075 710930 749469 702485 746626 731938 661482 727322 710892 779120 675769 742828 711093 753210 682866 722465 784597 734973 736871 741864 774175 694763 751818 761781 696839 750479 693906 699067 765300 750708 732915 678348 713342 779014 746048 745492 750613 761606 805225 682296 705327 677995 722372 720855 753913 757219 752047 779684 732597 734389 722299 707027 787720 759691 787902 786276 776916 810074 720870 685768 731922 713758 779672 740924 713545 759824 724537 702619 721143 752460 679505 726257 674643 738908 773489 774792 755002 688564 755026 717178 726279 713245 723480 747522 691474 763264 744797 704856 688442 739944 729459 677711 749464 728012 715990 749597 765815 662478 719085 706101 725987 752285 722956 748716 759894 693097 714283 746555 716495 733132 765778 755151 725395 805991 697773 741730 750748 762515 725743 753317 716667 734889 728944 714999 731126 707450 709621 756936 735195 751404 778198 743340 694180 720687 736036 703003 773025 747896 723425 783145 737983 721826 740186 741914 766583 773508 714713 730307 746499 806312 721213 661166 750435 664349 686166 722656 734222 709873 756692 742522 725086 677130 763370 792776 752090 703943 750528 748551 684999 658945 711830 733820 762330 766764 683065 669707 778404 676054 736736 738264 757849 748380 727377 735283 733176 720779 776376 695293 752214 783091 731372 686447 695019 752819 768547 680573 720065 787109 724478 701364 727186 709071 734089 685709 675898 750305 717810 697054 737532 764778 709897 765802 720204 722972 
742000 809481 756937 773781 711636 760873 825266 737197 745732 729850 724875 721056 819772 721721 711472 757639 762484 768211 790518 752938 726336 744739 770127 768114 717121 751745 770913 748090 757819 713881 726851 773917 731356 764954 765766 769628 736787 788529 773776 786768 694083 786053 784310 721413 765161 768834 794512 798238 735258 731784 764332 721843 780689 779710 751847 722571 788032 712124 813125 776787 750228 777785 829834 772680 752204 815243 745331 792784 712330 691634 747690 787786 766880 773244 750348 732278 722690 760405 788925 821855 745733 741686 813527 699911 710583 834342 736300 783952 793558 726555 750919 803790 698581 763628 737866 778522 720596 799180 755416 791334 731450 777940 809124 766601 776871 727969 807523 702310 761862 798874 735512 754820 730366 723770 800328 783034 753449 723555 766925 822240 754194 792031 780571 776304 808241 695894 760623 724628 725450 756149 788949 785930 754068 803215 758604 765923 774399 750553 776212 765771 830767 795291 802557 854874 765345 709139 761800 717990 790476 780266 716749 809581 767520 732285 766069 818453 720561 795017 733581 770186 790496 830110 767756 753935 789250 693619 745529 773998 739505 771423 701148 781862 770734 750368 748639 780351 729199 727812 776524 766995 732109 782068 840333 702899 735051 753421 769451 756499 759292 790566 804779 734254 757728 782077 761726 762223 813993 777420 746736 818588 745908 752243 770266 797469 731272 791431 794121 806932 772395 751194 750219 738077 722725 779255 795834 792124 800101 775829 728276 745994 760779 756841 811605 787418 751989 816360 784360 761745 734618 742248 800912 842759 740310 779962 766600 841014 741921 755524 793025 715901 733520 750231 759384 798462 776478 706916 774032 728500 786673 809793 748711 748940 789987 768885 735064 732616 714363 756791 794746 782612 729726 729964 797956 700094 784766 735604 797637 784381 716530 796348 804341 764770 811476 761923 784774 788476 739158 740082 745630 784354 816559 709625 735450 815989 768304 750445 784704 700121 784235 728258 709571 758909 741052 718916 735356 784762 744565 829442 714452 752808 
677967 745058 723896 750334 707921 664743 780230 705473 743088 687344 718174 701080 736398 682082 666986 681122 727173 723256 713831 722924 697504 711181 758926 743846 675111 667539 721987 702812 695411 683395 696939 724449 691681 745999 728234 731733 691382 738744 777332 708484 676090 711307 748743 667815 717405 720497 733588 669899 685563 701527 708031 656442 702493 737582 692606 637600 711758 671941 769713 704390 698489 733929 754321 697350 715363 731137 682907 697542 684579 653209 700158 727945 683936 716711 719544 729259 683823 746566 720620 740606 692822 700728 740000 669758 653050 773237 717392 700939 732161 724823 705059 717302 656532 721155 699243 703913 677656 732277 705473 712988 673854 681946 719501 687064 698523 704175 781164 664733 703717 750472 692572 722266 669102 685178 740458 751027 714315 655624 724198 751366 737782 734164 740979 746041 749401 647183 672733 684298 696866 723475 764485 754032 711868 748283 697540 736207 733609 685319 777124 750484 792693 739788 750055 776082 690584 682309 726464 677261 731019 713647 678296 731516 758541 668641 730638 742859 695134 750316 668752 745512 754512 748448 702570 681681 754370 656307 697467 753769 701464 684973 688742 732106 714647 693892 682358 730491 695858 713673 708436 708266 662583 727239 777838 665421 680951 676771 727911 712691 700704 734339 745884 691804 720254 751234 686209 719264 777317 761141 690535 765683 685404 712365 727853 739990 687747 749457 685596 696704 713413 724024 721745 695856 676756 745880 721056 733857 733861 733994 672271 709762 722602 721528 744613 718885 683678 727364 718223 692329 722204 720463 735383 801937 707146 740107 752064 766647 704105 693074 761860 661799 699008 693382 745598 696904 735579 714694 707204 661497 754555 776049 727419 668075 725827 696463 682145 681050 684465 710568 711338 738528 673501 654325 748902 657651 704895 711496 749214 722307 708634 711098 729572 715293 771987 704883 733164 748708 696959 687141 697431 717177 770591 667860 737073 736937 717953 675520 728691 695674 699723 666506 680826 725974 713844 666817 729427 755830 671883 761263 682001 725686 
758763 796618 757879 773775 753920 754610 836690 753541 783804 767081 764021 746856 818051 734310 732870 776959 762567 787364 794957 757044 735355 758219 785424 771898 772170 750834 781724 737794 764464 740615 771974 759066 738156 817400 767605 786661 778219 781132 773819 780972 719468 795436 786676 731653 787156 751881 782067 732520 740867 780572 774743 715051 780594 763363 745878 705756 780655 713826 830567 786432 752603 784899 829213 785293 765371 810073 767148 783260 719865 752465 780972 805074 750597 780128 794834 784252 735598 787878 782849 795567 737594 776042 816817 733865 748699 825648 753231 760235 795248 773590 787047 736887 741856 785328 762681 745280 707989 813208 775661 786090 729557 780939 821857 761127 779890 768372 786136 718394 785244 779140 758746 778023 752922 766990 797489 810024 794739 700523 768676 791815 792540 766857 783880 776081 826045 703136 761809 731346 735303 762251 790617 799110 789953 828402 762400 786834 792573 726443 804535 771863 808991 815842 814559 859008 780738 738919 774524 710609 774186 777437 738026 797481 775545 736470 745037 773078 751710 803326 705761 784253 780764 800878 778495 711621 808977 734336 745147 781564 780705 758588 734769 798394 769619 747562 732624 770523 743506 735005 781030 757796 754333 801061 842970 712512 733531 742478 760784 773440 758330 780767 799411 746450 755339 748212 784458 787540 825463 793545 759598 827873 785090 784106 786186 807748 781399 775607 741689 772328 799017 754475 761180 754127 740002 795379 787290 817048 803278 776889 765748 764169 762441 752572 791412 771862 773559 805844 767463 786970 758799 751804 825418 832361 748196 825680 780897 805125 748924 743689 822166 716653 735050 764888 779103 771942 828389 768531 786738 714526 835457 812288 751049 764186 773742 751646 730329 717209 761424 730131 782570 799412 730618 739402 775181 738698 812813 746366 797807 791467 763944 767685 804411 748306 818258 738748 777183 826484 749341 742820 759403 762606 835162 697860 752679 816841 783489 764959 761449 747740 795246 753679 704694 755733 756808 765353 750221 788957 750579 818019 738650 745945 
735133 784739 786704 777130 737469 757436 834228 738770 781017 747037 756089 756717 801493 739027 715327 744002 746841 776874 794616 763619 733910 757293 770510 781297 738289 728156 773378 745344 758599 726368 734129 772702 734915 797597 787304 762002 728671 772852 776521 785393 714438 787412 795651 715599 767525 747109 779917 765750 759606 770437 759946 716184 758987 759630 745986 697380 766091 711475 838257 774967 736201 796301 836279 777902 738355 779009 732293 782316 718238 701508 760427 772207 733210 753825 780636 753376 714429 785781 781465 818853 765909 755029 775511 740596 704941 829106 762152 751745 798594 753448 748972 735665 694131 766631 737244 759067 743448 800635 764640 771290 693409 759873 798583 737615 752864 745604 789572 718918 755061 813613 774024 778032 720424 732442 767068 763609 768893 738284 758022 808364 774342 783830 804553 774597 810391 702954 764458 750003 727327 748789 766564 764409 767999 812812 757984 783592 755201 736569 802211 787034 814853 804017 801006 843747 767743 725903 757107 721620 797152 789211 727114 780425 795228 737479 757754 769932 753316 768280 731230 778881 796400 782376 772711 745014 813182 745242 769502 768856 759821 766502 729535 760573 784662 757199 760625 778372 728543 738890 765793 750870 729191 767079 797011 695984 745408 725995 770429 754198 759645 774647 785586 731207 736887 776896 765861 780839 838064 757718 757902 816790 745140 762872 766622 791378 756000 780385 740092 781850 769839 764004 762951 718003 733026 768481 790420 802782 793963 806052 755090 762851 783018 768117 794281 771851 745209 801415 763787 772985 743326 751139 799070 848394 746022 789906 763745 840314 737998 763034 785227 740379 713059 733495 761588 743918 768493 733516 763993 690627 796341 814711 750531 718337 778472 777878 707371 734137 736316 778816 786771 789576 707973 698809 774233 741543 748261 746826 787598 773860 720731 772904 766060 754808 796687 753208 757478 800222 778216 726016 711544 790379 800293 719477 724668 797712 794643 730914 776224 751349 754291 731689 726220 754212 730770 732344 741706 809910 772430 819068 751005 752154 
735124 831359 798153 780085 767606 772899 856674 773025 794766 744370 784851 758399 816609 724148 724357 763197 779495 795381 828946 764639 743695 809916 797647 837759 759508 792121 806409 753549 760394 751182 768509 779266 750025 811147 759161 800742 776967 801205 794109 788662 754919 828570 823699 713476 799203 773195 805990 780742 781966 790335 789751 741005 777702 806557 787698 745713 790173 729553 846921 785917 756855 775169 838133 811167 791377 821457 750778 772196 745784 692688 787227 795920 775320 807504 821189 753105 730881 762849 803135 821581 771872 786169 821744 759278 740879 867622 780798 789662 794004 752494 800132 750534 738641 789314 738605 798820 747373 794500 809363 796602 743754 802164 844087 780201 785043 779826 821807 719555 774042 835358 769005 774655 720052 749300 800371 791471 783354 717725 785896 830546 791229 785277 807401 776711 826327 724011 744739 771502 759926 749050 761444 809829 801554 863932 785930 826789 764813 756286 847067 827407 854129 849037 802632 860710 786990 754824 780638 721115 813474 796888 709845 791077 796319 727906 776205 825675 776440 829389 717444 804278 817782 804488 782279 770312 813653 744185 766666 753753 784476 778335 746445 812882 791719 785523 749613 807699 749090 767428 781647 777798 782773 799152 838381 709773 728954 763448 797408 783569 773210 774217 806232 725573 769072 805643 776801 789848 834017 799904 772306 840208 777864 794281 784190 782643 769299 790448 780960 806472 803563 748538 786645 744771 753886 799836 808177 803725 808246 778566 727555 757237 761015 758757 819380 769414 752814 845594 795833 808817 769566 772780 792101 849956 760940 815391 769971 868703 778030 760180 806392 723028 739614 776736 796572 795499 807958 764765 795064 702085 812088 836086 766824 750690 770571 778100 754700 759182 750891 781833 806402 809043 760528 714361 779365 741482 781239 744726 808435 756228 766103 812520 794035 783814 842931 783285 779978 811147 761512 753553 754913 811776 832857 729496 792348 829288 785860 755826 825554 761886 796117 739638 726255 761973 792965 777505 749829 813511 756996 827579 772180 771378 
739675 798450 750240 793473 755081 743698 834546 745423 772016 733711 762479 737584 783080 731045 754963 731658 753000 794548 773852 741376 735966 762579 800008 779624 778848 734098 783240 767715 789240 714425 769510 740376 736405 790627 753142 756033 750266 770012 810047 756051 741638 779008 782967 730164 791945 761999 765228 748640 758267 744884 756363 715407 759146 779334 750544 705705 770691 731482 829137 788257 745757 806097 789375 758326 786224 802416 724403 773724 732559 706849 736147 780133 725951 776662 777953 739967 724550 807452 783295 788097 767036 770532 788917 732954 705454 819726 746162 754875 764801 745158 719941 692190 715493 758357 725937 762296 699666 771986 745308 780876 688549 746342 802660 713530 790386 748463 779981 695834 768507 806320 754748 767144 689481 760173 797795 750291 740771 701400 751433 816473 756985 759781 783731 782742 807981 719903 754630 715923 727316 752317 765767 788804 776480 796662 776872 777870 755784 727784 785531 783032 828832 793305 787660 848609 743063 728859 761988 715236 774348 782491 720474 770869 779821 699458 767641 757426 721919 760844 713588 790560 824015 768937 768717 724880 788497 739921 765395 746131 746985 764489 695956 777060 734458 742843 717763 788665 707495 729145 773815 726950 716494 775985 793022 711817 722503 674461 740988 771819 746134 791787 803737 714163 748548 772508 759926 784264 797532 772553 765836 832743 742973 751222 776030 761202 754660 768987 767154 744665 768205 756157 751098 738116 718487 751287 777308 814862 764752 770459 721900 754755 754266 736254 765255 736306 747303 836312 770776 743713 739658 764853 785944 825671 758484 791061 795625 819064 734627 722231 796690 700745 722657 736676 765740 746184 793098 744868 762733 685456 801784 793993 754782 737496 786294 757828 715948 731042 717777 751290 755112 796882 724459 712945 770270 706977 752849 730486 781187 787436 717063 759264 770060 767608 824774 753269 772360 809501 737096 734455 746265 761186 820634 706995 757291 799796 739949 745335 770623 725614 776131 735193 686704 760388 757050 718766 758583 783017 757245 803443 742963 754685 
739993 808153 774842 775663 774076 716141 827150 709035 768813 727499 756830 752602 792399 712938 734622 728960 753344 761123 764960 739459 738856 758015 751730 748661 730341 762791 800414 722653 755442 739839 750450 752017 729879 787374 748734 796067 712551 806208 764270 762611 711394 807144 790993 731453 766528 736471 766546 745549 734281 741511 780092 716890 774384 762731 769751 724218 796479 733645 850848 771353 749700 773853 814893 755096 752384 823786 751187 754512 717029 710317 753098 788832 763882 743353 786964 756087 714734 748006 741928 801315 752970 756774 811863 707851 711849 823211 760071 748765 767125 744626 788336 744399 687779 763775 695227 766993 703667 756582 769885 810732 684706 760138 796884 740177 769206 765433 791144 702494 771921 789941 742619 762701 735189 730997 801494 756945 751500 710790 765827 815244 781500 784034 754757 785568 781331 715626 737759 721999 743511 759944 794444 798806 779093 808644 757151 750331 758295 731939 819485 775311 827943 832390 785165 861566 773088 695209 762191 737347 768543 780288 706154 804079 783994 727346 770539 794702 767837 789052 712702 803758 836148 799881 776771 753086 783329 719148 755263 761725 760265 749042 702614 757298 777337 764739 744302 811358 729560 731093 764715 720538 762625 789735 825622 716882 697971 733512 754785 768774 757186 788497 784510 728461 754667 769798 749706 760043 819775 783880 743464 813750 730623 773765 788882 779280 761864 796411 764887 774247 762479 751306 761260 748369 762078 774532 782764 762192 777881 809905 750860 741074 751736 746078 803527 801039 728257 832077 751161 754201 746522 746568 794553 843309 751790 782411 765623 837294 740404 724432 789710 679911 734276 734017 771350 766053 799569 736225 768570 715583 812573 831468 750544 713518 776805 761262 712059 723002 715718 751983 774424 800943 723299 723190 766570 722801 766938 712058 773950 754324 754217 777009 793541 773233 804964 735265 760971 797817 749732 745511 708447 754563 799920 698510 756006 814762 774975 721947 767204 721643 780684 746498 693213 767919 754815 706911 728964 804412 731932 844261 733783 760058 
733088 810065 758876 770920 746634 741265 827476 741562 790062 726074 719237 724765 777871 704751 702078 733934 730089 756780 782235 724377 710657 738987 752867 759708 732032 715493 743995 712184 728451 723160 721765 740463 730921 770773 756510 750600 731613 745002 723483 753374 712004 797564 768019 687535 768646 750663 769849 729379 726871 740429 774953 705562 752963 742662 747266 707809 775860 704862 822487 741212 736453 781023 816223 748110 754647 782745 736027 739935 720188 710240 765953 737286 714531 728623 759114 728613 696167 767371 743479 780589 731138 726194 772095 728405 680323 771416 772844 765531 774717 722598 749051 730485 681298 729472 731749 743274 706308 777069 762639 751151 694233 764768 793521 717205 731350 742368 787738 718309 740403 758541 747223 758080 725675 728596 745413 756117 765900 688567 798997 773805 766819 765427 752892 762416 786252 696805 720165 742330 726483 741974 774680 763495 767967 798375 711964 760550 748344 713192 766886 768964 798897 810761 766225 814621 771549 721234 733488 696976 793376 744471 704859 786549 767860 698105 761869 773710 701930 781485 681932 762494 803033 748232 763605 712657 772813 730928 734279 744590 764455 763903 707109 771140 739143 728754 743017 758609 729571 717884 736966 704916 724757 774508 782745 677076 724079 693676 749052 774853 737432 757392 767806 707596 749805 757066 752433 766476 823609 758857 760953 785999 725143 790870 777994 779390 733853 759687 737808 740437 762405 713064 756915 737255 757088 788944 794186 782587 799318 775762 740551 750513 729167 740275 800307 740043 763557 783000 735497 756637 746809 743732 783599 810206 756088 794908 758685 810182 735896 716594 794267 690725 698715 717861 730931 732712 799405 738292 738417 717916 771155 812273 728067 729747 764361 752954 722094 701378 740264 757620 779006 781936 726922 672881 765761 715426 762260 737193 796941 740005 731313 730093 767930 748306 789658 713984 748444 768873 707978 727331 725612 755142 789824 688095 755101 786926 749400 720255 752920 703419 747308 721278 707334 737017 741671 733687 736817 794021 724030 793310 746190 717263 
744391 818653 788828 821890 776794 797229 851262 769306 810926 750875 787865 765796 830686 786131 727263 771614 789383 796892 803793 784111 750193 800908 812333 820254 799445 777330 848094 797681 812354 772808 759666 782358 741476 841481 794897 789338 770385 792473 800377 791835 752826 831435 814945 752230 793892 790525 797402 780647 796769 792794 814098 737909 794984 818998 786534 752659 834580 740425 877856 804267 785163 810446 852264 790681 765254 847332 769175 804793 751239 741565 791155 812825 757946 797220 783089 771042 732497 803686 810397 848810 756176 776114 833077 754259 742511 839424 788995 783900 818842 777161 787710 779005 739778 801093 758771 821737 771000 822822 783029 795609 742184 796789 831654 761682 808868 782069 830088 736105 809267 828853 785523 784356 748561 764552 816973 812230 793942 736614 791084 836157 807672 798179 796332 817658 833056 751732 769013 761883 776950 783412 809848 829303 807215 830649 752445 796305 771216 772954 847254 803573 862522 863858 857782 855300 819316 728493 767350 749174 851547 814027 776330 797098 818340 733286 790840 799988 758173 813927 744252 824204 819898 857655 781379 795270 849261 747848 805953 808315 797892 791101 752867 817684 803611 770479 789198 826107 771814 776269 816659 777683 787270 787682 871543 746256 764400 755489 773307 788888 808775 805068 820284 762044 796500 814476 787148 786703 852584 821890 816651 855855 759983 801908 789995 819378 798618 845522 830656 807230 817815 787883 809050 757650 779065 807265 814808 821576 850981 810628 775504 766369 802077 775280 838672 789876 791940 854956 777269 794606 754723 789110 841401 867870 766086 818893 804226 886745 800812 781469 805298 719359 766034 772768 797005 794582 807963 784575 785812 731698 851085 857583 810998 767405 806302 791055 757301 775057 743411 783687 797313 832628 758708 760060 795937 746384 791317 766376 817827 820466 756453 836108 804282 821159 851743 793744 800127 850769 786258 768553 773645 821290 855980 746448 764806 852363 793979 764308 784264 762427 817751 762836 722895 804136 766639 776681 780695 838712 763346 840871 777498 800380 
708373 789082 738456 774233 727188 717163 801527 753555 778070 737794 753137 719626 753201 718699 683789 706997 718490 767542 775166 754754 753976 741278 769600 787994 714094 722618 774514 735199 748585 692639 746910 742929 716388 800062 740537 757569 726453 760563 761654 765487 711254 757751 789073 690693 742423 736288 760140 762252 732574 743043 790943 687461 747756 764116 737848 721897 753835 694523 817682 765340 732795 789497 819909 751087 737013 776058 727822 759921 723705 692753 765488 780704 729720 741738 736142 741625 728599 788679 742284 781276 740444 769985 764969 696459 691672 816508 733002 743601 773916 733088 727440 711411 704754 739582 718407 724709 715867 763968 750336 755147 659563 759051 774344 730799 765169 760432 783462 714711 751330 777567 745008 747598 728485 708308 767870 765739 753165 719673 745731 774367 769398 758803 771623 765146 797274 705921 723889 724945 735506 716820 756295 800777 747414 791304 738466 738271 744716 710686 793957 764157 820765 797251 814015 862577 759258 735721 749360 699624 770266 740294 693356 762470 771993 730411 760623 763298 712264 752458 695206 774573 807976 798019 744321 709367 787258 695745 758477 747719 736285 740860 702430 787295 759659 719671 738802 775650 742116 732542 757398 747004 695523 777355 766382 698774 718344 733932 740361 739250 733470 790268 804686 718547 749683 755273 765770 764247 789583 752954 748491 832552 722329 764920 752319 790614 735887 758005 733851 770952 775816 734495 742336 738377 726954 770859 792346 815606 769455 783934 734082 735121 756762 729377 781788 783154 724310 802736 767092 779146 733696 758992 775257 831262 761815 763930 791952 836719 735856 731692 783726 679040 694418 727901 757005 751695 785999 736726 740922 672141 813062 794749 739824 708400 764317 718923 729772 702774 718334 736933 760849 782662 715071 687706 771366 708684 765453 746077 781279 754531 737995 778987 782665 779166 806437 725139 758433 777111 734390 732093 706864 740387 799667 709602 758252 770875 719314 716323 729196 694018 753064 719974 706041 746357 720502 712342 719056 786198 760787 788849 756718 758680 
757679 846107 774353 792470 756285 768041 826398 757936 796388 758157 759078 763136 809990 736969 736786 716212 783763 779800 786304 743737 723553 771456 784033 770681 765128 746055 797416 738701 789465 729743 770989 751003 729982 801375 786249 804960 752557 749037 763411 785286 720191 800433 813067 702160 786198 790759 804995 770759 755290 755132 798102 720010 778253 797477 781513 738442 779534 704338 831136 749201 743920 808734 823892 780602 768180 804644 745757 801410 733086 729905 751427 785343 777179 761638 767769 754953 750286 811206 786226 796442 767795 756462 787450 755583 737871 811217 766032 764053 783101 759426 763835 755176 698009 782572 735175 760914 750576 828692 770982 782670 701659 775188 788650 739257 807904 771412 811779 726709 792998 827425 735587 780189 729535 759164 779965 767144 766194 729358 751523 805289 767735 784125 757479 810178 809141 716823 768173 774646 704264 741654 771982 817004 761699 787934 749755 805931 779692 735453 812375 757616 840190 807318 819475 865939 786494 702966 782079 722334 792572 786552 761767 797945 790872 743895 755693 785722 746836 777310 691607 783503 817604 810897 760796 731731 813588 752577 751131 771921 782441 758248 714411 802518 779469 728471 784043 804157 765693 762032 781793 750217 728292 776607 814112 703768 743611 759235 755537 770120 761938 783586 828773 725165 757294 776759 762872 791316 826123 806279 771867 834077 745393 765143 775723 809097 774219 793743 770432 781122 781782 763521 761761 757223 774629 783340 791971 768073 821002 788004 717826 779979 787514 757937 821586 772602 781100 804879 801468 779641 761623 757895 787565 817178 726894 797718 807235 835589 766739 720563 776254 711881 708931 753202 746905 758020 809609 756279 774684 723491 815725 802629 746973 752705 797231 763448 736729 743902 739244 764051 757252 803925 745375 687490 799175 724509 798145 749879 808560 781228 750352 750193 780926 775990 828958 754572 786318 793908 754150 726489 738112 810475 813276 725365 758149 786610 774923 738827 774030 742667 773026 751217 720288 780853 751677 748320 750201 834310 762173 825419 741655 761335 
697369 766151 755413 768092 718806 690579 792134 709750 763132 731421 722405 709876 788843 708609 713432 692711 737765 727469 759595 718438 711211 752134 764604 737782 711400 728786 759762 710432 740158 710139 741611 736836 705969 772070 714661 775982 733627 770971 767871 730371 690455 753837 791077 691368 728151 747369 765720 714089 726897 751088 766948 710290 751808 749648 751982 652919 737855 681267 796088 743944 747406 782107 773893 762246 770566 784321 716882 749310 699476 678308 768533 790174 707432 740254 752407 748257 703113 749634 764622 794175 686905 747540 777210 702151 693371 814171 720528 742497 786196 745550 764010 734028 696159 736856 725352 724139 681252 776704 745843 755396 657979 722948 767300 717122 757072 726696 793060 681201 740296 768530 735613 740168 706658 735433 760351 764150 741817 687239 729721 786973 738666 746821 759712 763162 791990 703754 718145 717366 708534 706532 748386 777281 744758 782912 719440 771884 757772 725651 801198 766639 780141 785122 801637 832086 718920 693158 733644 684797 772078 735537 703710 772291 756239 694324 753357 753140 729873 742644 677410 764163 769319 788066 738458 715798 746349 712040 705903 731861 729842 735102 690872 772898 725505 737287 724678 749749 694181 707267 764782 725023 696138 766270 792297 671257 695392 749559 739187 735139 738346 754517 773731 693974 768461 750767 712525 760456 792998 760145 729005 779812 705830 735944 766158 797321 745495 760037 722011 743732 763502 715796 751848 736282 693695 762212 762509 780820 764352 779730 704967 733087 763298 718634 790850 739933 739384 762472 742194 741419 710621 732180 758322 819040 704179 782686 774736 795979 727292 712713 761298 700602 678896 713066 759992 740805 777525 737904 728436 691079 784636 797515 739333 710630 746004 751768 685142 692967 712295 730113 764356 762369 720164 630658 757673 729605 738886 716964 724201 722623 732558 730117 755575 739774 787434 737435 758880 779980 712655 724226 720032 769819 790254 688165 724734 785816 747236 715848 750413 719503 734977 700209 699228 762327 742265 741622 735933 790933 724337 770626 725844 726253 
728543 827813 780111 802508 753669 757360 845827 748468 774072 752588 752379 753994 805273 721011 737060 755607 747768 786340 808984 758260 727181 760227 802102 817825 762247 744501 784504 742827 752486 735126 791682 758842 734835 808289 759113 764536 756720 805545 757681 788990 747229 794352 809933 744294 765645 758581 778599 763129 731708 749372 780504 720849 782963 783118 792077 717105 812329 721716 832597 778759 749266 806813 827712 791883 795363 795821 762997 764247 729226 733812 752670 786533 756111 798652 784823 777199 731384 782794 775219 812212 763889 769829 800542 736930 732439 807275 767671 773676 767082 752850 766974 760652 699678 760878 742523 753378 730011 795400 754379 733012 719497 774217 798856 760073 777233 740263 820660 728768 775757 796173 766937 780065 753005 747341 805040 791450 771394 738015 767748 817351 769607 782174 809546 769394 834550 721149 747473 729275 754518 719942 785499 804093 762340 810264 756252 798752 769973 740021 819317 794890 814755 813342 801262 879888 777405 736446 748908 720861 824030 755936 729513 785815 776693 716747 786686 773482 714878 811243 701949 794192 827976 819402 773482 736598 777390 722903 764541 758538 788049 762791 718139 794040 753218 759480 769393 795106 751551 734283 749873 747357 722620 834024 811907 707863 730441 777303 768067 752197 769206 778833 801801 731483 760155 811591 769566 783577 810927 772945 794970 839126 753672 785967 775948 804631 725623 790597 776141 799054 780520 767092 762842 745610 733610 790341 787804 790941 802751 798776 741242 763400 764010 726585 790502 802668 724207 813858 776065 768904 767595 785470 785319 848373 774934 787364 775253 843421 736633 742052 810999 703932 701013 731530 767181 790051 818104 751526 772965 685845 797704 822284 777390 757802 771603 769051 748170 735058 720207 798878 787414 837465 736871 735644 798055 731580 765856 765831 807337 749923 750694 761274 780965 800922 824139 732952 796625 786612 765930 746830 734671 801968 820799 741870 781882 811583 722244 737923 776603 727299 784076 734961 730701 745927 769291 724357 755473 802191 778535 809203 746545 754613 
740748 813109 796550 779792 731425 749050 818128 736738 812210 713437 741642 758852 825357 735205 719160 748715 755315 767242 785956 748008 741486 755050 777093 785399 734879 769421 769722 748810 779519 722083 730929 776685 727763 801140 773356 796186 747110 787771 766724 785304 729980 771421 816400 706885 754300 744344 766489 763365 750935 747783 785196 729699 777158 770265 780121 723508 797887 699222 822803 786402 760714 793805 852365 783925 753934 807676 732371 770150 730988 694562 771070 810734 737480 769085 777337 770950 751225 779702 763550 809710 732347 739583 806947 760776 721162 827151 750959 780706 809960 749508 804183 760062 694390 788411 742053 748010 719225 817347 740714 798387 699720 770542 804269 730160 774309 741407 799330 732975 772026 800294 742385 781390 716270 722347 795592 763141 770304 690496 765892 797165 744305 769646 794625 777307 828026 718965 731444 733317 754201 729324 801418 803851 794831 805540 752206 790039 779472 726267 777990 755706 818883 823517 827341 835020 766328 719335 775518 716681 763847 785780 721344 807060 794493 755319 770799 788043 732368 810238 706603 777944 790983 826548 773097 736070 800131 750621 747846 797505 750957 750955 709801 780230 767196 750655 747010 783787 751666 732799 762509 755465 755603 795500 802931 698858 747643 755719 761937 789896 769865 785239 800456 723576 776409 788628 738575 797999 854412 787126 765301 827033 708047 754838 773730 802330 778521 809085 760806 774481 787929 769342 751663 764209 745830 791348 792662 794498 792335 781845 770489 725423 769359 713492 787521 749044 749888 823052 776854 791369 736632 772298 808060 834038 715839 800998 771114 839912 765190 736603 787044 686272 711725 749414 778666 771602 790388 755216 758377 702034 792537 838187 763772 743687 788195 778754 728894 738740 745453 775417 785104 792761 736873 693082 777888 747998 782276 742944 785014 792662 756399 777894 797304 761184 819405 744916 764524 788551 772835 742456 737286 798401 829828 729260 766534 825194 786202 732416 790024 740792 774373 725905 697413 772871 747062 746216 765892 814536 725641 824147 743933 755799 
745092 762565 741116 744316 732812 718968 806291 731823 734744 720314 728107 711249 763464 721552 722521 706939 717071 732416 754663 754832 722733 714983 749658 773982 695496 716423 764007 733087 739858 690842 725459 709491 725117 751684 736554 742767 722197 751628 762623 745224 725024 736833 771716 697261 736779 737880 722038 735137 723663 738751 738332 657780 738585 722147 728158 706601 766859 705503 802291 756996 715999 749157 775936 726346 751790 780094 722973 745301 709263 673082 768159 790369 701686 733850 729864 736209 717584 737509 764372 753032 713544 719489 766870 736756 691257 810675 714728 727348 748808 745623 747178 723470 696331 719321 700062 717571 696531 747996 735906 762826 666788 736229 755190 711459 750550 715349 768960 688707 754623 762493 726358 738926 717367 699357 789336 759455 717555 704211 707851 783632 753791 745696 757802 725043 782011 696690 710050 692019 730392 699956 767388 766566 750545 781431 717152 744588 737909 711737 758300 762539 800690 793716 782624 842956 745298 701469 725904 705418 757936 724896 684911 749622 744407 686746 726768 746587 688656 764977 717774 763146 786470 762152 742468 710371 762772 711777 741293 757520 716788 743613 719835 768099 719792 702705 722878 757593 716724 707456 732262 730673 719113 778538 772365 675073 713453 704736 729553 731243 701043 751400 763239 708373 753793 739074 736127 765330 773611 770434 733374 795613 683297 740731 727920 774025 720947 767820 736543 777960 738653 718151 742682 723232 702134 732527 749788 796307 755769 760801 738287 737673 752335 706683 750176 727963 721779 814075 744948 729781 711772 768274 796225 791179 720862 771626 755842 820199 738363 715437 760533 689740 697680 720222 740768 746933 766764 724582 738886 681917 775434 798564 726994 718303 730641 742948 673965 679285 680275 751250 752390 781804 704540 705582 768529 706740 765810 736522 735312 767340 733416 777099 756716 735468 804926 730686 746464 781438 749969 705831 727763 733723 772903 706859 721696 764747 711213 694545 775738 721990 739229 717947 673991 737445 717159 692812 726087 754697 745156 773537 733398 760285 
659668 747792 737663 717915 701555 709684 751994 686287 730422 692245 690409 710267 756194 675840 677007 687966 716801 693584 730823 692440 680844 715222 750460 731239 693312 687384 751577 682815 730534 659986 695463 678852 665385 730606 699908 736797 696406 738541 720515 712901 652819 746867 745839 685313 737378 706952 718184 678868 709709 676706 722004 669591 714153 737152 675802 668303 748617 656002 773632 710697 722980 724834 775523 722246 736616 753755 701816 709001 681928 662690 702167 748993 681579 719501 744263 694139 652547 731916 720128 728103 704059 699761 753069 671649 669920 769006 706593 736844 694470 680528 677810 711050 673406 704712 668716 707517 679271 745890 704373 712707 658412 732184 733704 667607 714448 706370 770078 631810 737328 737079 701964 701003 666114 670375 701727 718143 737411 691364 718941 736148 728800 728648 738253 737455 734884 689326 680546 673096 652829 688380 738601 726753 709730 744157 701894 718080 723594 669264 721586 708657 743048 757662 756126 797101 711585 683872 698648 686801 759389 693483 659852 725134 760175 670678 714697 712761 662393 744464 663521 733992 759453 745252 721603 697263 708859 696746 687576 704792 679099 724050 670765 708398 735590 691264 691850 732029 661972 674627 732599 668012 689328 738502 755918 630350 686251 693566 696763 672493 694273 727596 740296 660411 705870 708833 698873 735160 765299 781771 727061 745301 670658 693205 737290 746058 692362 716065 725751 717682 721671 680638 717954 658973 668317 743898 753939 755103 756597 721567 713370 706064 718435 725556 694235 726189 699980 749317 716106 708147 663595 688869 734867 774774 710566 739358 707125 777052 677133 664603 730845 670254 653145 685702 716901 722889 727121 681025 697542 650375 723113 760678 691573 698735 737625 707132 708081 685038 683635 711159 722006 748574 659989 643688 712770 701461 712920 670942 721510 716905 656166 738466 723706 747937 750787 714420 725228 720610 707008 669063 688268 740440 777882 631700 686434 726476 692332 684795 692211 610716 721186 701609 656149 696931 696173 677620 719315 746168 685846 768183 696267 687096 
684137 755122 729393 729056 698296 677912 803132 705592 738076 685583 683094 679431 737702 663267 674915 693896 677108 743166 727792 713695 661679 731341 750097 722135 690687 690404 710010 704546 702190 679355 695548 720059 672947 741293 715678 713849 685792 728392 729671 733460 656253 758521 748563 685209 727244 700270 728207 720487 704063 684479 721541 653874 694868 714757 704249 680613 724675 649053 755490 736008 690585 736381 744943 747500 738878 739887 685558 725923 696893 670153 728481 744670 700651 720076 726644 708336 671924 711951 715322 725989 702520 735019 737212 685394 677116 754193 705419 719790 743764 673572 705718 684887 671366 702776 689038 693600 669069 734800 696107 731174 656194 729160 769100 669966 720797 700130 754485 652733 742997 736836 698971 702646 669306 688526 723615 708590 688509 654403 725065 725663 727810 735484 725634 729765 774943 709900 713533 675128 691816 721381 754967 745542 744469 762990 687696 751893 716554 687417 772135 743685 775028 771350 772625 778487 708029 669617 696486 693290 758318 721894 663412 726882 761226 689027 744154 736909 678883 750371 656635 728193 765656 753144 703068 687416 746955 680491 709777 714020 721018 714209 687262 729544 735316 715585 712658 721719 698318 710231 713731 701285 691002 747061 778496 645576 673487 701060 699681 728296 699656 750875 737634 686000 712725 709711 697269 749935 774916 765335 708598 777187 701100 713909 732112 751486 710687 724314 709098 699845 743547 724261 678574 681838 713077 741962 757980 764095 754765 744184 678219 723938 705959 696462 737548 706545 695872 759450 756861 739761 714287 718883 750857 796673 732490 743893 716956 770331 705143 665293 747029 667831 695918 689049 726512 711516 742042 696327 721352 652293 748026 750951 705056 684885 732168 730519 675137 676050 717472 701158 716284 779517 703142 674300 754965 683661 722198 703090 760758 706183 682917 716781 726011 713375 751681 691061 715850 733069 696146 675329 684380 736484 756908 662138 710352 728982 711062 679646 729478 682014 723445 702330 666696 684762 711403 669589 725536 761644 716777 778958 718850 709621 
697947 740749 701171 706844 694534 693313 775826 676192 732117 671520 675438 692834 736963 655165 673389 664998 712882 721462 720625 692029 659864 688256 712693 719856 649758 696916 734915 705164 702939 691961 685359 721114 686100 742515 702667 712489 692259 729626 699964 724534 672539 712341 749730 664087 692176 693127 759697 694060 680787 680335 705018 678362 708820 709452 712779 666405 722963 664740 785283 722587 666242 745060 763011 718057 698483 767024 692991 724358 657354 656748 686714 732678 678941 700855 715784 689406 686991 726858 725318 744400 686548 698149 728596 663204 652992 770990 708605 704180 715714 666268 696248 675711 659263 698451 680171 666141 689078 736611 705818 725027 628492 694744 750016 694717 710294 699181 739665 674676 725725 734581 687945 690142 662823 689394 741044 740188 714048 658717 694491 728331 706531 726328 739378 749531 780661 664523 708184 679613 663740 678726 722612 703434 710247 741499 684686 724945 715882 691479 767752 720857 760896 736725 752605 784741 726621 652914 729268 685712 717306 706761 665322 712501 769602 643709 707677 727179 670532 713797 670408 724486 792254 738712 711861 678221 746433 662888 681585 713326 719144 712632 658989 777124 714606 715753 689129 744249 666010 692969 742281 714568 649127 724635 763093 640074 720580 720845 680342 695847 694760 737730 746425 704115 709540 706363 718919 723117 774844 737506 705312 790586 706175 714552 712318 744432 711185 710472 687441 702780 723257 711858 712617 652895 677733 743205 751597 718949 728032 731735 700833 691629 688740 704254 711558 710759 689660 725685 707883 744376 702721 696314 723055 746901 716160 737229 706969 777082 696150 668609 723677 654912 658247 677998 715488 728711 738460 666171 707339 663697 751316 766130 702967 684201 696112 690885 697441 673388 696954 699994 713008 743874 689210 629980 733963 690584 715392 678427 741159 729525 702904 724342 716351 709927 756340 690880 696584 722166 711186 658788 677452 724008 750726 656900 680515 711527 716295 654344 677171 673546 719527 660185 656487 698535 700597 714396 673936 726893 717290 763927 691177 708953 
696064 789166 759185 734549 717567 738645 808630 747211 756572 719678 725665 741370 827722 716199 705966 697971 734202 733916 761851 700675 696257 744501 766397 758403 734052 717321 752448 724122 766678 730975 742997 738277 695981 777050 744020 747168 744148 750009 753434 732640 706934 779067 780461 713448 750913 726406 759072 711199 718460 751152 748731 708579 746331 759140 723624 672064 787948 703351 779315 758184 710534 769139 827805 774815 742343 783747 728157 755080 704485 693266 721190 778912 753875 760850 757357 720263 686726 772837 728256 785288 704654 747775 749111 711683 726460 784611 748025 719408 771156 707499 745508 728941 693802 764768 707720 703019 689009 780034 721459 762142 696558 737766 764854 724936 743072 725414 767671 711321 756677 797082 749907 744867 669156 716993 779407 750760 764500 700727 744509 779720 742565 734403 736955 768851 779063 737783 738068 725233 708719 725009 753049 771977 759412 786825 720635 797306 755154 697913 794028 748304 781875 791545 777289 808813 763592 682757 743540 699884 773237 745034 714683 758138 789929 697668 737999 749432 706838 786547 691356 784478 771960 778603 731001 724654 754485 707421 744398 757634 752820 723393 698398 777782 760644 712185 720189 742868 707133 725225 729643 730432 708150 777928 810148 696807 723657 726792 708826 752365 744640 737998 758031 725116 738698 730935 725812 744115 798428 778445 754768 796367 736071 736484 730361 765066 755942 770242 734212 757504 759619 725577 741920 727179 718776 754849 766270 767593 773756 774909 737699 732516 721130 708335 770583 715922 726956 762422 761485 771508 730759 734986 766850 801306 730254 755566 775689 799596 759808 680386 764242 698727 701466 708842 739438 748440 775849 705318 735898 688360 745320 803693 728792 739467 774507 721097 705197 716945 730428 756706 761506 779970 712245 685128 728362 717219 741348 699466 773173 773873 710163 731807 768771 780658 768748 737797 739809 772884 717637 718896 725027 771237 807730 714441 713197 784995 774730 712151 749967 717539 755838 675953 694280 751044 739524 717007 723270 760847 739125 782533 732070 737481 
751048 805026 771812 779094 771590 730643 834664 741464 800204 775933 745091 762120 812764 765855 727262 786583 775009 777285 800361 781690 732064 778724 777479 804222 771048 788146 796392 755940 763809 741987 754223 761686 760000 813241 771342 778514 761270 778874 769526 762339 727168 829324 807038 762388 786274 783396 795445 761480 758598 773077 774399 748736 765991 806657 760347 727876 818001 704800 842728 794793 761167 806516 836455 770870 783398 830958 766927 765258 740866 713200 773742 777055 736736 798953 806181 769925 730675 784301 797282 825284 752364 768597 796013 719716 733823 831763 753943 786942 793347 732002 757471 774184 730317 811570 754122 746293 728308 816564 776218 781149 727771 799540 822118 755278 807906 788556 819302 712885 779917 829183 782513 763221 705954 749730 780991 779694 783643 711161 777824 838167 790893 817440 774761 821376 823430 713913 763992 766794 747416 753684 791340 801196 787029 844388 764422 772079 765813 741865 816957 781138 825240 818074 811216 854491 773725 747465 756255 741563 833119 782831 740723 811566 805524 729411 812825 804442 753582 828042 704196 789608 786431 803901 767621 761018 766095 743860 750223 767039 774062 775202 733045 767700 792609 745534 765035 778697 732574 779326 789787 758577 743534 783867 849625 702196 743849 760438 777352 741781 762352 775023 822006 740991 755122 777710 780653 826954 860643 799179 771033 826082 756896 760503 782082 803203 777277 815275 748047 783847 791735 746095 766559 755353 743525 791072 808593 814251 815679 788175 750857 765679 753913 797762 804623 782950 781005 817087 773628 784495 750389 758614 814220 846175 758795 825009 782673 850626 766874 757976 778229 749906 729761 760258 787300 781382 821493 735338 779951 701238 802283 859272 774765 754186 762123 770826 753550 745859 738278 773156 795148 811919 724422 706491 786631 736393 778416 761224 776475 794767 713157 791428 782791 800805 838874 749104 786333 780038 750025 762242 774835 797230 816977 720493 782852 830014 776624 758531 791084 716209 783013 728022 738067 767906 795210 759006 737482 836180 756482 837396 782869 766121 
702812 771209 755681 725640 733967 726296 811306 708116 757734 715279 727494 729960 784794 727940 700952 709833 727675 723207 743570 737451 713469 734805 783103 747254 717036 730192 756919 720085 738082 710043 743260 737576 712310 773380 771740 737588 694199 753150 743028 747977 711078 763723 765121 707680 758127 715568 748661 737160 711746 719690 761566 703612 739087 751411 721676 669639 748086 708082 776087 764584 727866 791398 807141 744997 711200 786917 736942 767814 690638 681803 738637 790037 686024 767513 750806 726324 684424 751194 763311 785876 739801 749487 781352 717141 715963 795622 728152 740113 760542 698631 730703 709429 681704 730300 725306 720578 706414 780423 740092 740822 667651 724993 799997 734422 750048 717702 752574 699468 763835 785279 742079 764119 694687 715925 763699 786770 759085 682746 747893 781745 737027 758803 721618 733804 776053 714665 705550 730966 684832 709384 771324 750428 755837 762192 733179 743539 724324 700028 757305 726113 769519 760680 796729 832246 755387 697939 733181 697350 766051 738749 679224 774991 754032 720429 750998 747670 728978 769144 708695 746251 777766 769282 752824 704383 760230 715906 748179 715760 727644 742074 702738 773477 743092 704778 741218 782377 738529 709887 763136 714293 673153 760624 793111 661906 719014 714515 721483 742520 716975 730995 764363 706386 757118 720036 739588 752810 777856 775477 738538 799735 710256 762220 746874 760559 733248 753748 728350 775480 739208 727401 724266 699171 724523 757836 740637 770603 784136 739366 697895 722431 753099 722808 728235 729580 722847 809298 757322 735495 721871 728658 782913 794555 719473 770667 752350 793390 760589 713491 739777 679115 691359 735024 694859 732711 729043 717574 759649 691031 798524 797453 753900 716705 737111 729741 696190 701206 701095 738265 761916 761717 701437 659377 739938 709420 764563 728087 768036 774841 687006 760802 783509 740378 785336 737315 730623 779725 753030 711870 710357 761330 769319 685161 725004 769409 741308 695612 734900 698716 737474 717558 680786 735297 742402 702755 720695 782368 734911 784288 726137 734999 
675531 733781 743942 705452 693408 707770 759586 682994 724857 702819 672842 677614 728176 671643 653080 679268 678126 733060 732365 703285 667699 717406 722159 723620 690789 686117 710784 679008 711054 698457 715621 706961 686010 731850 720290 739182 684612 719836 736005 727385 657889 750524 725618 683748 713919 702216 739747 700984 685741 691862 724991 670777 729316 716298 711472 667894 718607 694342 749178 690136 700029 726040 771087 720805 721227 730779 670900 708295 668002 697674 693696 703994 708268 687814 740511 701070 666891 700627 696504 746462 706868 722112 738315 656731 675561 765961 707084 697965 732907 684511 735730 695872 654346 726013 682794 675161 686342 722495 719682 727713 633219 717595 744637 692301 687923 717723 731528 669264 709365 735090 701779 709958 652983 700406 751836 689360 721853 664543 728264 728644 715607 705748 723707 699203 750841 686005 690244 707820 675828 680112 738053 748770 733679 765623 710054 739661 727146 701372 746283 708693 764259 719542 756614 810756 715242 696620 690666 660816 731534 715299 675819 736661 746592 656826 732756 741325 672278 740387 653154 747909 741633 757572 707285 674935 724658 648794 697204 729207 725981 727298 677809 706463 722417 691575 707085 730446 683583 670949 695291 681097 683515 732956 738399 649212 696797 690306 716384 685835 690362 725564 739527 675819 685633 691480 683990 738846 771921 765805 717936 751364 677248 693212 731388 773262 711878 716839 707384 715473 728475 705128 700198 682223 689303 709443 718555 737967 734407 752216 705884 692200 688294 735350 739929 704042 703208 776567 711304 721817 701206 711483 749289 766941 704045 735809 722471 772635 701407 685445 711739 642937 668880 702268 699188 691701 750147 671184 691879 648511 745190 741332 670414 684756 701525 674785 719613 679553 695069 708917 719657 728651 670739 664795 725272 693761 683696 697116 723358 691504 708746 711154 725479 709681 745064 709475 695294 728849 676696 683633 684880 728587 741619 702039 698329 754169 728871 669121 718293 681170 721607 671945 663900 701575 707420 678396 712979 743173 682670 763078 696293 696326 
733513 766456 767340 788155 752758 732374 846470 744593 798166 742423 742372 752082 831536 740500 720773 754690 776584 755553 787452 757950 737450 748648 798101 779675 733761 754900 774919 724296 756281 715862 772385 769396 716303 777603 774208 786454 734649 787782 780613 766194 696695 789537 813138 742732 757669 755891 794382 721859 741658 749224 766704 714623 793652 788396 767913 706216 792866 756090 821413 800364 730394 801690 829741 756843 750145 804112 752760 789045 724502 696706 760193 771151 743219 771551 803276 760416 725412 805553 775887 815677 722815 739785 797573 754000 741152 834232 777164 753137 764672 740275 768549 753218 714481 807871 743423 768045 700571 789033 754899 784731 705630 787774 760066 731557 792692 751718 797073 726118 786023 798657 766264 739833 742685 786422 805197 785875 796118 740934 771506 828855 790053 784371 775706 791739 798422 728353 767743 726582 743537 760022 789163 808443 760713 812250 778927 803818 766432 755466 836606 771119 806976 800865 782063 836134 782464 726738 770524 717592 805219 767437 726374 794006 821219 734533 754778 780358 737526 792246 716145 803959 820121 812433 789086 736780 773627 732521 756136 785989 773467 763304 709266 769574 764415 741512 739013 802492 735998 746248 777822 737421 720141 767483 817642 702711 744622 765726 767122 775460 742193 814870 789724 747107 721910 786679 759873 771474 811796 780326 762852 820486 740556 763475 761942 787764 756895 760152 762425 752927 789339 772982 758080 753606 733047 781788 787193 790473 809517 789880 740532 768246 766984 755154 757890 776117 742069 824924 760222 772994 769814 749850 778580 852991 762562 774949 796040 856856 762225 734817 783969 734618 735601 767610 783001 776805 795202 742027 755225 735391 798808 841603 747923 722714 799375 732249 731297 721471 753405 770439 795446 782392 708687 730396 758132 742262 766713 762882 806304 779286 726618 778972 786700 789513 823461 743353 795552 793576 750173 739121 756754 784168 834094 717395 758840 811423 763071 753074 757578 740086 760874 712442 725773 789606 740818 740316 745274 790261 752094 827361 737119 768577 
703533 770050 766916 746929 741087 728353 785885 732868 745490 717106 739238 728316 761398 719776 692619 724944 732539 759736 768195 708112 674180 745564 765734 765678 736752 719052 762525 748585 754587 692256 730828 728336 709652 752400 737800 747662 728886 776604 768926 737840 712225 782358 792819 722354 747152 734628 746317 754500 745088 733876 754461 713393 732935 784768 739788 699119 774409 717437 830305 763454 704412 760723 823511 758186 747516 803536 735476 739573 705893 704456 727278 762007 713222 759783 769531 742720 673313 748892 766265 798835 753565 711617 819867 710127 711470 805340 760780 757252 758981 709927 762198 734078 707291 741539 695017 724057 697348 744830 728599 795858 688910 769326 780857 718388 743506 745653 798791 664328 780305 755769 739212 732389 727718 725521 752042 763814 768234 691829 734909 782102 747275 787755 775749 766590 791626 733206 718685 704754 715113 719553 774968 777656 798793 765228 747044 750226 744417 713586 779963 789337 809621 797428 766349 829667 749019 694720 733828 705692 773623 763712 709660 759024 770081 712773 758021 746963 735018 773047 704746 783772 780997 777998 755622 762116 784917 702353 737919 722005 718426 747866 713631 789945 717814 720716 728290 746369 702395 708043 752019 740112 730116 774346 808080 669027 718621 739537 725123 735537 752610 809448 778524 741432 745971 756888 751379 736958 797448 793503 732051 784562 725541 748885 774217 750046 704090 784805 758752 751269 787425 756921 782146 741207 712562 764521 774777 811658 800980 767572 736343 739568 730495 765986 760834 745783 738884 805707 759219 744436 718612 732963 778289 818314 741630 731495 752030 829450 748918 720073 767398 671028 706559 700905 744068 765575 729047 706948 765651 656074 769395 792627 747605 733484 754845 744381 699195 733725 704549 737872 721136 789069 709282 711399 766622 697942 753587 728098 786408 728616 738448 755067 761803 755108 789253 737866 765859 784562 725845 709762 709440 757631 815255 708021 718742 797343 755905 705932 739733 735584 764273 707558 705585 725839 741437 707259 729837 744451 716351 808191 728116 741632 
721169 759797 776989 743224 723856 725346 797264 736824 751986 733293 714789 705433 800964 709316 692441 742833 736726 731287 761726 718580 695988 727675 751897 742497 722372 722868 749846 724418 741283 712954 737758 737761 687913 779552 743854 754306 750084 735751 778788 759320 691068 760476 784276 699490 735780 732035 787201 687157 738250 731569 771872 720042 742945 781913 758018 686915 759708 731624 803675 744406 705541 778896 799932 753993 763349 782159 689001 771483 716015 672110 740886 744290 696456 755691 754082 739858 702564 758406 741224 781446 699213 754205 769195 699090 721945 807197 735169 745923 733122 696277 758863 745947 724481 779291 720709 692996 670288 771006 743840 784024 697066 752451 755512 715623 748384 749118 780117 681704 779767 785322 723031 758284 666906 750597 774046 768732 773910 682773 737007 765678 750484 780895 751328 767263 767512 707278 728245 729106 716902 713930 752616 795722 737024 773684 735490 774750 747485 712438 793590 740640 804377 769096 816289 818599 749967 692671 757755 720943 758456 744323 697320 787220 766409 722846 767744 754815 724433 791084 678229 777024 778355 797315 720043 718223 770087 707592 733889 751092 741313 717097 705596 757184 748243 719241 706203 763649 696928 722293 765786 722137 720555 774959 784302 674398 732228 732450 744371 740418 731619 767188 798397 687999 744131 745721 741725 770015 803067 767597 737839 790466 707351 741102 765632 794426 729895 756092 755716 732080 783169 743045 737513 737237 712328 740268 749797 761894 789683 771810 708090 754484 752040 735093 757407 714362 731547 805706 750059 751960 740719 716932 783814 797995 709197 789282 760674 808838 734671 691996 755031 695364 717356 751047 752922 759721 783364 746362 734944 703716 772571 815134 734233 714349 780244 741732 697641 690395 735550 762226 771261 770622 719464 668329 746881 706874 752536 722180 768262 770640 729588 750078 751575 745391 796681 723202 749129 768452 717105 730054 729137 778118 792214 691713 757367 763966 778744 709447 754398 716290 738953 703395 697191 745521 743784 714362 735646 769036 723390 780664 726584 742381 
752201 835638 798948 769155 787208 784172 867824 765434 804151 757789 757124 754407 820851 754504 730006 734907 794615 779684 803809 765872 739809 778679 804305 821721 773104 744730 788817 775392 789295 753368 776461 785407 746624 817087 776276 798243 765804 790799 787293 782728 729780 815420 815407 741490 784132 751387 804884 781106 765564 761379 824512 757774 771755 799680 781675 739501 824576 769458 860664 797365 750610 798865 850171 777073 820828 833969 780168 827606 759803 717480 800998 788795 747140 778516 793908 790525 759180 798595 770267 847114 766957 760193 808647 754720 737961 857089 788782 790396 833544 764072 789272 747841 736453 780499 754560 771546 731072 800688 793194 819146 684995 758232 834340 755106 791508 801183 824063 757427 788730 844320 778227 786548 735869 772413 834074 796568 781804 733703 812224 821820 785903 809264 805026 799890 835788 717066 775528 776060 759210 751474 806300 817482 797495 857720 780562 825544 786998 739979 837687 797578 861136 830549 819161 876476 779024 731613 771618 717574 846031 797805 744862 799963 790002 760658 793679 778962 733578 802845 750895 827495 830990 818832 782646 761260 829920 753775 796620 778134 790164 787926 727327 812073 789507 785586 730852 835156 774846 760919 781373 769647 755901 807029 835830 717494 753229 782318 781416 792004 792364 809442 823630 765046 801414 797823 750745 776940 827533 797960 790988 825947 753859 789193 785154 813161 782488 801293 776833 786654 807994 774694 804180 760195 763385 823369 828825 834650 867108 809668 759167 795366 790577 782414 795051 778372 757235 847530 803161 776856 774621 780571 794081 857783 771055 812344 785537 859338 762389 758402 820755 705241 766227 765035 795597 763634 794658 757760 767866 748100 847833 846279 754752 757054 806766 771513 750382 726384 752661 812500 799515 813740 755516 717084 777740 750337 776730 746700 820673 810842 772009 806464 787768 788227 848674 747246 766596 798834 777848 755131 749657 796394 812385 740927 778145 813359 802384 767163 790512 726649 768195 743676 745606 780557 776503 769198 759123 843729 764962 830917 760976 782853 
722023 767388 748884 763109 716365 733207 780630 723318 744325 714082 733160 736476 782205 697304 734077 726379 729458 736519 787201 731952 706090 736744 764447 753822 712447 731607 746893 735869 716486 712719 731557 760780 708201 749242 742304 784041 728190 766527 747596 747906 696721 757575 762392 716942 741528 742337 754977 728238 723138 723628 760874 691733 739878 768628 765517 681620 730012 693442 781547 736250 685681 772855 788455 747767 757061 771987 701685 757378 705004 698521 729743 735222 700870 764745 772596 751467 714015 779245 766160 793887 726612 736076 764030 702686 698960 822176 750818 739735 777415 745860 732171 742426 695535 735433 741878 693027 698894 777729 738133 759586 688006 730392 765316 716432 741613 734093 782826 697843 754290 771981 729609 714831 722595 742453 772703 767482 757292 709194 736270 725099 734425 748448 773906 746340 803871 700857 743036 725980 717998 732951 766003 785455 746480 772895 745180 792851 748438 728112 788912 746936 799637 787110 795875 827820 781214 701524 740643 723863 754641 747737 710208 758310 769083 669741 711577 761746 714173 776955 720522 764860 784841 773309 726299 682723 776535 703845 736481 764526 754791 716941 689130 766868 736108 728416 731696 761609 717465 706414 723594 748754 691135 749030 824519 679318 746011 704073 734903 723378 776998 761252 798008 731929 709620 759082 729729 759071 805742 746924 755636 807795 718949 738527 736254 769168 733290 763794 745922 747280 759226 760707 735376 702843 697148 759236 755713 781749 774181 764882 738597 745389 752433 735341 768550 742440 737604 785435 752148 724226 731473 730183 795503 804574 726765 777591 729560 793781 747506 734165 761058 689423 735149 725140 743038 769124 751344 711328 741124 666479 768336 789780 718486 734448 733705 729906 704138 692677 707908 744860 759914 787050 727914 696915 736619 695531 751110 728796 750746 764342 700705 762611 763091 740779 789886 736504 733545 753662 736446 717740 727996 772091 789320 689402 739610 789650 756234 725951 755292 690071 740520 718907 697036 754638 746123 722275 727179 782872 781714 784631 727337 732071 
682825 768728 726102 730755 695324 711493 772240 676622 731439 692936 723248 690495 761717 672687 659897 681990 709210 711404 746472 702843 675050 717438 704512 721516 667116 715094 730939 676662 749807 694366 703715 721967 699355 738117 729534 741165 685250 747266 715654 738332 668026 770037 742988 674904 710916 686099 735527 722576 715608 715172 726459 658973 734820 734601 712382 666161 765316 692883 778340 740875 727650 748711 782664 707150 726679 761452 728071 735999 667809 676154 701617 749649 728995 721048 746497 716260 666342 710809 742428 751795 694850 738287 754415 672543 668054 754946 719141 724072 735900 684340 711702 661278 658680 718218 674638 715437 658352 740588 729252 748095 652608 726795 735979 666189 727444 718753 750863 675972 722571 765579 708072 705300 676565 698156 759776 715173 717739 682617 719735 769689 715210 710556 736184 761932 782455 681955 680000 696042 697145 673374 737833 759197 736540 786462 692006 751640 733411 701353 738821 726288 780615 764277 764447 798366 698853 655165 703375 682848 755361 717782 692101 731351 748626 699317 716716 742007 690768 733578 658963 758790 773122 761129 721805 688103 722235 666497 716536 720567 698938 716305 672724 741005 725931 692741 713549 754368 671828 686572 731412 713764 672000 712623 754455 664942 677508 727136 713055 724432 731571 776730 732164 687593 700044 731739 710136 741860 785972 755875 707152 772562 705265 700513 733318 755838 688302 741293 712577 707911 746789 739829 707912 698747 699001 736751 724985 750440 740773 759929 726023 703097 698507 722869 743993 726026 712044 773037 727243 712057 715842 721751 752160 783479 709562 759523 723448 786318 714195 673422 743352 659608 668498 683034 695268 709436 735833 691940 715826 655746 759997 772188 708947 666381 745517 705166 694231 674105 693183 736747 742290 750864 669636 660614 737782 698376 729644 698177 750119 712651 701353 718587 756069 739444 768206 723739 722087 759483 730106 667601 654583 736956 758004 685189 716802 736158 713832 674210 726141 696238 714384 702980 708675 727149 717902 725031 690226 758522 677318 774644 703778 719323 
685180 760661 723507 742000 700363 702702 826715 720421 731527 718265 727070 701664 742938 679536 699369 709362 702945 752725 763891 721547 669628 707953 756463 738594 707357 706342 738609 707893 747917 679360 698500 730514 676530 744050 717202 743185 715788 719561 759938 781914 714698 762712 741699 679946 734727 712181 727120 714293 711820 720861 730673 660237 724512 741433 733201 679983 746699 685832 756448 739750 692374 741284 751724 733799 771147 764270 694498 723808 689862 676799 730537 742052 704305 725944 746791 733960 668820 756878 719691 762613 708836 733450 734143 670406 696755 744827 724594 710085 710393 715457 717759 688131 688269 746157 703224 711609 685232 713218 720971 728281 679264 743938 728507 685794 743208 712356 769172 666483 749799 771871 731276 718202 695921 733236 744225 742743 734975 676478 742157 751322 705740 721752 737267 734944 789283 693407 705356 710508 679879 699161 740478 767570 723203 761501 707666 765616 723640 674355 771850 733250 752075 779356 748525 809619 724842 673401 746937 696593 746998 753515 688564 738893 722530 685678 740658 743441 680317 748149 660643 749249 795083 715252 713925 678355 725279 681082 682809 730971 698225 724167 698533 706419 723672 716837 684400 751375 693023 698655 728406 717723 707987 735642 770263 653364 677076 709485 701193 713435 731230 741730 767448 708618 725750 722887 713134 746930 776321 793124 753163 755791 694262 709489 690820 776216 698403 758577 709310 713066 734941 715385 740324 678712 691471 715927 748773 775786 770130 745372 689172 710720 731281 718609 725133 720734 721079 771655 729096 710307 717012 706196 780566 805214 702191 756947 751697 787426 731062 678708 725918 635481 690958 686335 716969 741476 751127 698958 729401 646589 754342 761145 740512 720729 726600 716977 694981 699008 718086 712063 761975 757288 687176 664731 749991 690065 733653 686666 749971 759811 701864 717546 725597 731104 763734 730213 710481 759604 703415 699302 698435 747859 763183 680941 711525 784127 722977 706534 699474 681125 727148 691475 685277 716509 724413 675443 728755 744487 716097 773060 701150 716127 
729913 811693 749317 807706 717586 745289 828244 745407 759574 735695 736770 745569 789977 729016 746525 739875 753679 769156 800249 740168 711692 738461 771746 764752 735885 750460 790231 740308 737892 736541 742149 756793 739578 781718 775897 778014 741765 796042 762226 790430 700385 791932 765103 718035 759027 746423 783766 772344 746020 754256 783048 723539 756750 803622 757656 706393 782065 702273 813609 753718 743771 783318 813417 764268 765334 818474 726570 776870 739250 708532 745146 775584 756689 757319 772943 753298 725715 779441 820078 809701 733732 768415 792573 741891 696657 818833 748872 768628 801883 747317 764596 735142 705119 765070 734819 726845 697821 788055 774259 789662 714298 790743 785849 708554 772353 751800 831579 701823 759589 824874 745633 732084 711866 754336 781058 737391 760784 741112 764598 824275 761094 740317 773546 786740 835553 728383 760211 737731 714422 739030 789026 786123 804918 786730 760245 808187 777508 747223 806745 782371 809908 793654 779801 835345 742483 745141 766069 691212 789391 790058 752683 802478 769954 725340 763137 783386 727718 803304 697277 792986 842643 811734 771361 729917 801512 744112 746399 748677 744541 761292 732386 775104 773764 732323 752555 781862 699419 717536 745773 750457 748838 776130 810436 678462 725457 732564 759926 754972 745974 790796 793139 743018 748828 763443 774664 774436 800997 771480 739314 818564 763625 759787 778118 804728 744075 770819 779323 766995 773458 768474 748104 740442 716768 780278 782219 814214 788092 785338 751471 783220 773286 732786 783632 768508 758902 787053 762963 765543 750606 767340 791858 828008 771330 794996 798189 857997 767112 710271 808168 714565 734855 738465 762536 763945 783693 719861 768655 690420 782066 821707 769535 713459 759347 761781 729589 718064 755464 782855 771806 786800 716036 727440 771479 729758 765433 765347 801223 769718 729251 778049 792576 770040 795634 744620 756693 795328 737633 718522 741219 783138 818646 746232 750589 780773 771952 700303 738624 724896 767195 733918 764123 762596 782751 719859 715753 794043 752111 833851 713610 780099 
760742 820703 802264 779868 781847 772003 856069 816368 826602 773059 776991 799074 821920 729449 756614 757314 765867 796851 810479 784151 753597 783103 827679 839745 750667 785715 834290 778660 810001 762599 764951 791038 751986 824914 795401 822769 783109 831851 808681 802821 765338 826465 833705 768622 794105 783387 807305 777804 772781 796027 810511 751253 804164 811191 775551 756889 814919 752159 867889 807475 773355 806851 861048 827160 821688 867001 787407 827653 764098 728880 803369 823779 781958 774521 804765 783794 748355 809382 797096 839730 781022 798479 828094 743340 753506 862864 773709 803697 835902 783788 799731 774906 740900 809974 769941 759340 744330 789662 794614 826873 721107 779739 845941 771192 798967 766212 833103 754077 806674 818895 776811 796836 767984 783207 817825 801482 826880 757570 773230 819929 808135 816601 824684 787882 832995 760821 785497 760585 768295 764330 789546 833928 816622 840231 789925 823510 791559 758037 836886 803294 853955 832384 837900 893229 816868 770055 806173 743082 801836 804939 734362 827847 838244 727833 785263 810095 765218 838974 764449 812012 853962 850471 803073 755160 823663 769780 773927 799016 787776 791154 749633 822155 776018 795292 756747 804131 777181 755267 812732 781688 779959 823209 866733 728763 767654 747744 798713 770389 800926 816194 818511 773087 788833 800657 816626 821458 865758 832485 795612 828786 785031 779048 801505 823861 794151 817469 806104 826098 793630 759750 827211 773335 772103 808168 834493 849102 838648 823112 793277 795932 798038 788981 826003 809034 778135 847409 793006 791128 762047 773507 817205 884968 811050 821947 827166 847409 760989 763111 797613 715274 757775 755719 807595 817414 842775 781842 784188 742873 825142 836061 800989 783981 800937 780624 780900 754752 762800 798142 798463 837869 756982 736710 799451 765268 806705 780820 823174 811301 751034 814477 817789 808480 861635 763727 810581 833951 761649 767174 755870 817017 849193 732821 774351 852558 825783 777999 809333 774576 783354 754186 720485 787578 788434 748128 778549 828949 782071 846543 741052 806030 
665771 757798 754182 739376 693553 711137 769851 704581 744427 711896 698685 727741 760742 711599 658664 684291 700695 739514 746758 736350 707252 719400 723639 736005 685786 708367 745088 694803 718516 692704 735604 703287 711663 755177 737739 746490 700960 733546 732152 719575 669089 736546 773693 684508 736462 724050 733379 703544 710784 736335 743347 665903 714212 746198 752417 676688 724138 672901 807255 740508 727022 775926 786932 746425 726644 725280 690016 712901 692511 658587 707366 746448 689955 741802 740678 724675 697365 770852 739001 776864 718063 731728 752899 723149 679535 790915 729490 724585 750062 714604 730231 719593 672412 737424 688491 704165 687693 747669 738029 740645 664746 753012 747866 678763 746228 712780 790876 706276 713521 753719 701710 747473 683923 692557 759299 735420 742396 668487 703563 776605 778127 714480 724571 756501 750464 694920 705038 697211 691033 714617 761112 732791 753342 783153 700778 734112 736291 709504 745132 728661 804893 771185 765596 824582 714833 700384 750328 679437 751195 724805 690208 775904 748021 679598 741457 719586 712180 761778 676435 745261 745060 778665 721200 691380 748153 686754 729423 725014 730707 735572 672401 724043 744155 686700 720566 741180 699703 669228 732657 696746 664281 764049 768265 654434 681052 711781 759246 714387 714791 757363 772077 674905 706344 727915 748017 773524 757746 722877 724768 796179 706295 705286 736751 748494 707401 737932 728091 744640 736394 736377 711844 687436 673939 728594 749121 751621 753358 742253 710502 730864 752518 712294 750051 727996 721663 769529 716837 742565 724640 736252 743303 786422 699738 759172 710562 823770 709132 702376 749633 672335 684443 694958 729392 725179 749399 698016 739228 650883 789103 789080 710280 726597 726320 709950 679890 683570 715803 746584 754026 775821 691951 664585 748660 683650 758173 710490 759752 705860 719222 736254 730369 735546 779195 736844 713981 756169 706928 703727 665615 736774 750300 711458 722232 766901 732875 671748 730530 688974 732337 706226 689256 734275 716096 688859 713890 791010 699867 778496 721341 738568 
715485 758428 730627 765934 708515 691690 774008 689235 772847 686070 708126 700868 732568 678113 677906 703137 734491 736382 755429 723969 680372 710816 731668 726690 691632 725209 719185 698283 727485 682867 703382 725746 685686 766282 724352 745955 704581 731976 710788 742442 663397 738568 751608 671109 722358 709305 746469 718913 691204 711456 755794 676316 726097 714504 714227 695018 744453 670718 770254 709943 714194 735861 784649 720583 733418 766063 723791 743775 695730 669181 758156 729986 701657 707897 743476 722608 679661 715874 748462 774997 691419 731396 733172 664905 706271 815040 717715 736080 773892 689006 729643 685086 646976 726101 689627 731318 698036 757475 749888 730712 652571 716018 748074 712290 733989 708438 734034 667671 716106 784998 718760 724927 666859 709309 756909 747985 721876 692559 720927 756653 700337 744106 756275 764716 792410 674559 707316 697227 710486 722292 728536 751070 742789 783218 702476 746857 751384 703126 754807 712748 783051 737508 766135 805739 720552 669556 706707 659539 757108 732384 701455 748825 742704 704201 729729 743543 673844 762309 680912 741259 745980 772285 741005 682433 710904 696172 678972 722478 717054 706517 678485 740765 703382 694786 705736 776218 719067 700123 732068 724655 697790 739270 783162 665016 697781 718455 716883 695370 710369 723557 747259 717170 711490 712367 699766 735075 782508 753956 712020 766838 691056 739545 737315 783427 725899 717684 703735 749517 732658 723440 702686 714288 719624 758824 731885 768686 773476 772368 675563 731650 723895 723372 773802 739761 714538 734524 718525 730017 701082 710089 790990 796059 708625 785810 722772 776603 697744 700017 745653 644687 673482 699368 713036 717748 744423 708020 712576 683585 742782 771233 696450 708997 721527 711598 677985 677517 712275 728096 731707 747224 698934 670032 740816 683498 726010 681321 743645 749980 739730 731755 758368 732829 785224 711899 725069 751128 729608 698514 716472 730944 758713 689738 724029 750499 732882 709097 720617 668909 715688 690719 687981 727113 710773 693865 715023 762851 688461 782648 685531 723793 
731419 795540 795976 763664 745225 718286 810841 736011 794806 730190 766797 763812 772997 734602 743899 751468 771917 770921 815486 752725 745656 750777 811713 796790 775067 754773 791728 756518 769874 730804 758036 759616 755276 804002 787734 796828 746701 784556 788799 783142 728240 777564 821788 730899 803595 755590 764728 751425 721656 776941 790977 712001 769435 808706 760448 701488 759002 734363 859459 814708 757629 797912 824868 782674 794371 788734 756895 799402 739399 710503 757017 811477 732756 780970 792827 747518 743645 781909 806356 824082 764805 777192 798601 745517 745286 845958 765699 764056 782602 741295 773787 742142 720444 789779 743123 760849 735912 790096 745903 785368 708694 766470 801597 724157 779783 748185 789907 746996 804697 807868 757615 790055 750016 759563 793766 786336 789978 715908 741966 823581 800591 766994 811266 789029 825088 718020 767312 761191 752743 754311 782708 799841 801673 828156 762614 797573 774366 725406 785972 798910 820800 809018 821764 883939 798932 753946 766683 725873 798778 782959 744392 808204 826424 730708 782639 789408 758302 800406 695066 806340 812159 804942 777642 769305 799504 749016 758113 797973 751956 755715 721532 774604 785075 769840 771297 784258 740552 740117 788719 776765 755513 804990 807339 681236 737106 747420 772548 764441 773215 784429 785940 714734 772660 763648 763554 812774 818725 800313 776058 816770 743761 755326 790448 786685 738713 814039 751116 781040 786756 746203 780329 761515 745868 792502 809197 794596 782982 814969 744902 797621 775950 762413 808634 770289 763373 816942 774514 770544 759510 781523 808186 843837 768661 812764 793251 846010 780066 745422 815824 724183 730713 727956 774646 780975 812934 742364 776805 691121 805806 822597 768762 757645 753876 777485 727448 728893 753761 776063 777695 798519 727733 684195 788809 742491 785763 739310 797314 794277 753904 785953 776074 791525 839170 768108 776627 777901 733390 753609 757045 799637 829884 720021 759188 814006 783316 728399 806519 721197 763977 719187 727221 754915 765913 736979 753540 806955 752226 835382 755553 810725 
728415 800487 758866 765346 737926 727869 823569 725335 756271 743776 749067 742537 790590 725410 714644 719931 727797 736433 758538 733223 716605 778168 785746 788096 751361 701303 752244 755052 761626 718058 732653 753381 733688 761431 755187 747832 747938 768535 789075 735794 714982 751459 806899 713330 735517 737889 758666 754369 755138 717453 773487 724269 761421 783212 753272 727492 741867 683929 804983 765168 729717 772460 803621 755610 768387 776012 757150 771634 713027 703237 753545 769147 710748 760100 769252 746744 693209 768362 746082 791811 724168 774965 755984 732577 699522 829589 739590 760634 773867 719290 776200 714450 696399 745547 747818 707314 724631 784975 751737 770052 697245 734692 767585 699776 774950 738066 796376 677880 757529 807853 739214 745814 720882 720953 786848 746253 745825 706542 728012 802652 775660 760945 783610 789774 826294 715419 746937 727637 680506 748402 789973 753512 758529 788192 743380 769051 783536 747529 780037 768216 798077 780944 800134 822616 742163 730124 743175 722560 793119 773013 713657 758538 783820 691487 741723 761707 733267 775666 678601 765784 802791 778765 757127 724034 786648 699765 748709 751506 725996 740596 713836 783327 739234 725185 733255 773034 713288 724034 736605 717653 714280 740817 793039 709671 697198 710751 739992 765816 754920 773191 767353 712614 756612 784458 730568 783872 790986 787912 758631 812107 726089 741230 755533 768990 744681 747842 779704 744971 789786 742881 760196 760066 729561 762267 754181 776220 783806 767554 730443 716717 755774 735825 764983 743854 759734 795639 754110 756016 734416 755298 768550 818187 743727 774416 756221 800684 750511 739384 762634 712082 717122 699922 774135 762259 754652 732030 721701 688828 785367 788552 723430 698855 767493 745616 691824 721698 696755 756555 750089 758606 723736 712749 776644 704790 761029 739380 774031 777233 724409 742280 746541 771655 793445 757197 772120 783075 739818 734205 726341 760419 814083 688870 753201 776594 753096 729411 736977 712683 771281 713814 708261 776046 763056 720707 746646 795431 744499 833954 729973 782595 
714684 800543 764490 761040 736119 754460 811068 744867 777458 749714 739381 776780 791375 749252 717518 749768 759704 810847 781502 765615 717785 750788 784319 784657 778739 745141 782033 756760 801025 720075 742758 743747 736724 792484 789147 772754 770775 781692 802645 766091 704898 806902 821839 721019 806134 767091 783060 756033 750426 756272 749746 722626 758172 777956 766925 690059 768004 710781 849447 774700 754267 802818 844533 758632 786807 822116 759818 781159 696955 709373 765068 775918 730092 790839 782609 755917 739612 801291 790824 791087 759942 754196 810487 722902 723169 828058 758711 744507 788285 751724 764705 740259 723984 753534 741213 751432 729707 803277 778114 776411 700674 776311 811433 758461 800064 772764 783252 704046 792779 777137 757020 764058 703770 757628 785293 771189 791315 672682 775205 801588 780831 786845 783933 793779 806394 716701 749409 756789 734689 742781 802090 772779 797543 812076 769338 789383 781825 711760 787653 781684 817379 787163 810067 861928 780509 743984 759777 710502 812487 763518 728298 792654 798185 716492 762788 768037 735072 789173 728541 805933 790889 819899 792129 740770 790946 738280 756503 768586 751311 785297 708349 790947 750033 742486 740838 779413 705783 742709 780402 759790 775545 788930 803502 702476 732569 730069 770016 748148 749622 784533 786859 758464 750607 770258 782672 780771 821629 785239 752314 810791 757813 788439 767679 809224 760046 782835 722336 779897 781154 751815 764657 725967 735496 784769 781006 775946 799199 782056 741080 765231 779765 753327 784577 769309 742581 815435 792135 756772 749067 760389 804853 840020 756206 799271 781741 845049 713452 714758 832615 697796 728094 734276 764574 787817 798733 732486 752091 698812 775735 833816 754230 740585 763150 740617 736911 701843 736993 748747 749061 771527 717855 722557 792546 730406 782665 773124 780030 791017 720073 767410 789771 763704 805513 774937 792779 808451 754800 738318 736455 793385 798500 711724 760393 799841 771566 735333 766876 746195 764414 728919 748913 754043 765745 740615 747998 793315 762823 838383 743940 769994 
677082 736739 791553 710460 695188 719126 790454 731694 742159 733933 725003 729400 773473 701855 665655 714738 731287 749132 741275 729358 678843 737889 738767 728030 723248 708960 748083 695382 749913 666285 708473 716929 693208 757398 705629 756716 725191 756868 758641 738738 683694 750005 746899 681787 730878 735548 736593 728806 731010 704839 748261 680969 712942 740459 718915 664708 745075 711190 784532 720947 714526 763086 779310 740847 736379 756993 705245 732555 676980 701872 719531 738483 717633 739753 727423 730348 661493 775642 726607 788115 723127 720503 757226 711177 670544 785319 731993 703514 755849 705532 731623 735158 684664 724680 697763 692205 680977 754409 747150 730356 640577 751531 743126 688218 772575 684766 774874 673306 749775 767615 734294 745333 677548 721930 735672 734981 749334 702762 762770 771139 718066 760333 749323 742575 796028 693353 712430 758714 726922 723142 758508 748943 758305 764315 696505 762539 728302 713042 769157 750633 780942 779338 758171 817664 759858 698330 724754 678234 738575 734859 693395 755825 790283 696806 724574 745618 732056 772682 705024 731021 760231 763048 727069 695944 763212 679822 702934 756609 721892 760702 692802 763316 724575 732540 746386 735986 668680 700404 723719 719353 702743 728851 767728 676613 712133 700588 699585 712647 746674 755772 759042 716155 713107 730016 698751 722993 776334 776345 754178 791651 714844 712477 716701 778505 683130 726467 726841 748637 765396 744907 746458 721966 726229 736108 782205 746984 769351 742831 708745 724552 722545 751960 760618 726552 721299 767972 739562 736359 706672 700328 753495 818072 757236 735874 751504 797399 719336 678310 750775 663036 687899 703128 746655 731679 749808 696423 720979 682334 751675 765324 746370 712603 733030 696974 727746 722904 725150 744318 724098 772083 682868 714699 739599 692030 708098 705648 761405 740415 725771 753448 735263 743157 756714 742908 748391 784532 699328 692376 698319 750037 773958 686241 698006 778619 733658 696986 719688 668267 745591 725372 712758 707598 714896 691859 728137 776959 748832 767292 695737 726302 
729087 814601 808090 777345 773566 789341 834874 796018 789916 761596 779903 779692 794472 730718 759561 751196 770644 794406 813266 759456 731592 787257 786987 819404 776974 761448 796198 760080 770788 757578 761507 764466 761339 812091 773557 794817 762439 775142 787142 776129 774008 832542 853912 748158 792012 757621 791082 774329 761233 776135 792896 736289 805768 816899 791349 753417 813690 728658 856388 782203 752099 799661 878099 819837 801659 802880 758790 780774 760334 730948 775479 814754 774115 759480 781002 779120 739067 813378 780190 806849 754739 785027 831576 730656 732496 827254 783635 766312 794171 760127 777463 765688 738585 767944 741177 791697 745322 789786 785607 790439 731432 781349 826389 732787 810415 768108 840947 719765 835253 825276 768382 786556 747052 754342 804766 774513 787802 745755 788078 820860 749139 775136 803579 817225 850903 735512 773606 746736 775470 766821 789849 830680 764076 849563 763595 805060 791728 741507 828922 798516 830752 824149 834984 870751 786929 746740 783980 740853 803798 791295 719254 795026 821069 736992 814830 804570 738279 798689 734169 802962 847563 818069 775078 789557 803631 753692 766513 804210 777369 786425 726695 792917 811557 756295 745626 807403 729734 770054 766235 775544 754463 804424 837255 734904 776978 781075 786312 773927 801418 801889 817779 731274 775888 780405 764976 790132 827048 829565 783429 825045 746909 760366 794875 828587 739630 794782 785998 783260 796091 777881 792058 779926 745917 799211 820304 814062 812297 800690 745868 775459 790550 766294 800601 760741 777269 812422 804943 778735 789435 771433 835346 846119 778479 822690 791896 857976 805039 715987 792203 714421 747702 755375 778537 793863 829115 760707 758101 721030 826722 826965 781259 744174 797528 771423 763633 738598 749958 772024 782177 834791 749422 697265 823359 725669 799755 753261 794998 798653 767447 804360 792128 815623 833144 763914 785814 816902 758194 757104 754672 797553 808307 737714 792778 835442 781886 754276 801667 742000 781551 728525 764343 793889 794794 741772 758963 826776 775446 832682 786675 766048 
706315 769584 751212 754217 705106 711362 833578 725026 750600 718191 721544 732620 768850 714556 701549 728445 756328 757533 754243 712434 728621 730920 778833 771450 711847 735105 757288 718986 733320 719850 741422 734186 727739 778843 736109 751459 726091 738040 762892 736173 697761 760941 782234 705545 745828 737924 760937 725765 733047 730625 743933 713609 736141 781712 743735 701592 741024 700633 793792 749672 725765 754576 787559 755867 769992 783332 721976 742984 708284 694466 754869 744643 688759 735787 754536 722807 700891 790530 752836 783455 711262 751599 763406 703044 672212 820119 752532 743735 755373 718105 779465 719035 692133 760247 710584 725168 688854 753416 742909 753292 657014 738187 789711 713052 749353 727563 782973 706100 750768 750420 746285 742951 723963 716035 760994 768409 766472 694390 714010 755073 769583 752344 766998 774730 802335 692307 751700 685150 704419 719024 764550 756141 778142 744947 715708 778145 757536 708813 785940 760454 808136 810197 767130 800306 748190 696164 755753 677688 754595 764143 684356 762933 767420 690810 736576 729947 716729 784656 679257 765220 805190 796998 729112 717410 775569 723803 733747 736465 736365 732544 664495 762586 708745 703552 711925 768836 721317 739449 740806 709286 707261 782587 772934 682606 670460 709416 747701 736122 737802 786402 760162 702620 729652 753919 723492 790154 763777 756607 729859 811888 725705 757901 767753 773894 740835 749377 756663 736700 738588 741681 748372 742266 707564 762142 751914 773515 754172 754421 757957 726663 741939 716999 767524 754605 745855 783667 739694 749646 739528 742523 759508 782210 724892 771564 752827 790131 744321 720430 750825 682353 702461 720223 745925 760982 748179 724361 728653 691078 766419 802983 731077 694240 756793 727809 707061 696462 738055 753010 738824 776976 693207 688613 768957 695107 761239 704478 763879 755247 730090 737775 755435 752419 780490 752316 755483 759337 720136 706099 718733 761049 787206 696883 737232 784952 736971 737535 730610 695608 767005 727118 712886 739543 736784 740448 739726 798093 723641 769036 729581 734227 
726048 785366 764354 765901 707850 752200 821735 737513 763297 727367 755916 732242 780025 712570 718705 723897 766959 763257 782583 728488 726421 742481 757371 762745 712804 728794 757764 719963 764558 731098 750647 744609 722402 793790 729209 739489 743991 767520 762075 749011 710407 779462 767225 704120 748041 753093 769321 743584 740312 730760 768685 690012 760327 761284 767983 696265 792872 701152 828806 769843 740057 806479 786619 738815 734404 797205 734481 770361 706615 681038 754175 773141 739914 743417 767477 757406 717569 795314 769000 810165 758887 724250 787177 715241 697177 810145 771756 737654 773134 762056 776011 733296 708022 770261 742295 712101 696319 774841 764573 737145 664952 756893 787782 714110 758430 768139 805581 729745 771068 797006 779621 747644 717120 766906 770850 780354 759437 709047 763915 806923 773361 750931 777521 762467 819108 705847 741743 730456 707245 721070 765996 757246 757616 812613 765801 773435 775197 744794 790224 754605 807858 817093 797850 844708 737340 729843 754697 710277 770781 769649 724706 765261 768696 706724 739030 752298 698681 781265 721796 805883 809064 808600 738118 724538 805071 736847 748994 765523 728331 748405 698227 774165 758748 731459 720970 769210 712393 725408 767121 728442 715272 774454 775022 712223 726750 742973 752142 776954 744177 771515 815936 749882 732806 745543 757431 759724 808283 752846 775187 782923 760453 741255 774705 783045 769717 772687 742338 764161 765571 747333 758154 742235 730126 772189 783619 807903 780203 783545 724127 750568 760129 743005 763726 770799 723767 793116 732532 764960 747344 735053 777448 826068 752780 772695 770028 829496 724436 721601 792837 725696 734065 712492 757043 749273 784242 741216 746200 690357 789096 780320 746134 740440 762113 755839 698714 713112 732809 765897 790390 798594 702542 723744 753186 741591 774296 758261 787572 763768 731803 760623 790521 769188 788401 717640 772607 804464 742214 719274 750205 722847 801487 706757 750499 777732 748884 719630 753589 705829 742128 715405 712835 771029 723680 738285 738966 788735 761621 800639 715516 725903 
693608 765393 755515 739114 730764 699638 808350 688851 735615 690733 704937 724214 773464 698209 664839 696715 730475 727414 703452 691559 666309 695761 718134 722732 693790 690568 765656 698912 730350 702252 709083 706684 675852 760079 706526 743143 711146 725751 714315 727894 686238 758163 747121 676167 736063 715960 763905 699765 688123 709874 718819 691201 701098 735563 736268 678412 724627 668956 784528 747200 710103 728393 749836 728962 749268 764359 690813 716956 679430 664528 724500 757193 687442 743830 727879 717063 707335 754875 749999 765061 704019 713980 769302 678138 689564 771134 719293 700360 730393 699242 692861 711292 705268 717604 697334 724279 686965 729457 732420 737927 606861 732410 744745 662209 739748 696956 747284 654304 704307 749217 711905 704101 664977 699438 750824 725487 721988 684867 718414 783768 732573 741245 723848 726700 756464 682418 691581 692391 683724 699353 751903 768357 731702 791509 709492 737071 726550 685198 769451 746631 799455 760090 749922 787386 718840 660832 731984 688147 748647 706659 685757 730607 767837 689519 734734 749254 671460 738474 665276 762007 776631 752779 731960 672183 745913 686516 690612 721015 738871 728346 696349 730956 710233 684062 695333 717589 704500 669487 710124 693938 681385 760224 778443 650140 710266 697535 709559 703014 700824 732949 759244 712109 727501 722697 720451 749350 742673 731587 714299 783846 707296 713389 756503 730011 718544 733591 717625 735327 730152 711532 732803 683315 690879 735348 750801 744124 751105 766783 701351 717528 718112 701844 716620 732775 709058 769112 738603 742270 736989 734466 726943 779641 718749 737108 776596 768080 696942 695289 766028 659425 669014 675487 747407 710930 762479 690711 699270 710890 760898 772997 723856 704381 727458 722209 690140 685042 700502 707206 735130 787365 691320 654657 733483 712793 739138 720570 743235 729161 695299 724828 728583 732260 766841 701706 712412 741365 715226 686468 672860 723078 751732 663637 691965 745514 727205 679892 713573 662288 727992 702074 680856 722635 720979 664462 677536 750323 729540 764897 689850 739988 
710348 785024 742525 780239 723763 721320 792420 706290 771111 722224 753896 724611 761557 699466 709197 719937 747938 757819 751342 708158 705430 742351 770799 783319 735273 725384 774471 730242 718942 690441 720940 735659 700648 781623 722155 788143 742124 732592 728844 730890 740244 754792 762336 693459 764367 746616 771629 743488 725370 722089 763162 718783 781073 765516 727508 714646 765839 699491 811055 742236 720986 746146 775625 765148 752418 788489 730482 745194 714843 665915 727580 791855 737870 772486 747460 751479 714907 764628 749944 776943 727270 748322 794731 721818 694815 822966 739539 763770 761731 691664 777962 719837 712012 754747 717428 744899 691053 749973 745698 749623 681026 765962 770813 730899 751507 749650 789852 702019 761653 767175 726468 734834 692404 722555 783797 748782 760204 670660 742000 774810 742278 740084 770430 787465 782847 717119 722671 710615 731081 727663 740318 776415 755190 761773 740294 748217 731927 725350 798512 774196 790595 808892 765905 820490 731034 704732 740309 732520 770290 741476 697124 747111 792314 697582 732606 765679 728722 776251 676300 778006 796573 779975 760595 717778 792175 728638 714815 743633 737775 763008 697634 755166 764376 737345 735115 761546 724573 731368 762305 727445 688376 755318 797174 682426 729075 694679 717546 751036 743371 761051 765344 711594 739924 748040 752440 736700 785830 773581 729953 791172 697955 738817 753708 768279 762031 747361 734053 750790 782198 732930 749134 742269 705839 791669 777797 775175 770026 750146 701412 748437 747079 715072 764846 743875 740157 791542 731402 759398 729764 763044 762943 809410 748439 781192 763142 806295 733445 723394 780328 695509 700777 735227 785983 767672 778805 710656 750999 714733 800431 794388 748361 735081 772962 736168 717806 721733 713966 743897 742568 779182 729967 698001 735026 708405 747613 728540 785594 776872 758203 753081 759138 752267 789000 721805 749688 781608 711604 737182 756236 745731 795231 711795 741338 782409 741288 694604 719033 719295 735478 708041 682157 739775 735066 722526 725669 798465 736118 802890 728180 738258 
760525 843456 777700 792067 773173 798557 862452 767202 814095 766454 798178 791325 831783 761663 755846 768416 772592 829036 826166 765581 756723 800225 819507 828993 791374 763171 799329 784461 792240 759159 783782 772128 754031 842742 796917 827762 806172 814711 782986 794889 762019 810752 839525 748145 807393 784865 761085 791405 790097 800112 814491 754782 802136 805749 815696 723263 817180 741837 865329 814072 787420 825137 864915 785423 793123 818812 783962 804601 766671 753006 794916 836276 781105 822292 814573 773949 750387 796989 809807 853821 798424 768210 819735 766757 753418 831594 787802 785143 826304 781451 811906 775252 731709 799598 762208 785876 742487 850826 810344 803603 745496 827700 833896 756593 815136 783315 815875 762223 825414 863751 802677 807099 730716 783905 820551 804635 783325 746464 820309 833123 808027 805307 807674 801448 865776 733911 776535 771491 783162 768803 799934 837805 800533 889119 793329 809130 818088 779572 843042 819167 831020 844281 854772 888666 808923 772184 785200 749717 819423 815526 735702 823801 822977 765312 794928 819559 768395 819358 724846 803819 843135 831467 813151 758272 846059 764829 774817 803367 789696 804110 733114 796630 783380 769276 768091 816536 754071 782098 790105 753660 829299 813707 859320 714441 761998 771693 778403 807877 778501 814251 810307 758159 805266 796332 800223 791495 863682 815259 783885 847310 780141 782659 812711 832885 774187 806396 806191 813155 825990 778027 789611 795420 764316 816942 823263 849267 808684 826794 786235 787506 794549 772497 853045 799706 774465 818049 799992 794608 771866 800953 850876 881169 812055 825208 829160 865407 784956 771956 858932 762000 754226 762828 796214 798347 823849 780818 776112 719314 799765 839531 808490 758818 793378 794825 746335 756090 762687 770611 811968 810288 741937 755051 813315 796105 790546 785036 822240 799261 772688 805672 832644 813874 834387 793719 808710 807358 787849 763092 769276 801556 867446 756590 772714 849662 798161 748760 791777 766834 804673 782504 755384 817675 786274 774740 777421 819058 793869 843308 768306 800973 
690148 783284 761393 778128 738991 743233 817139 719476 785494 738591 728074 727317 791267 709233 719479 715679 724547 747577 785866 733075 713371 762429 771056 792353 722324 749100 792892 719169 725844 725989 711274 788816 722846 804644 761276 764431 728630 748816 754055 749606 696382 804666 800023 739703 774173 747054 762338 758126 729402 746888 750618 721790 736375 798407 726493 696961 759130 685779 836333 762252 724927 804951 826979 782350 762561 808307 762550 755075 720515 733000 750698 773074 735030 756035 769976 750225 717445 788190 754761 775569 734881 748541 775161 700668 713722 813219 760303 748891 782983 721066 748557 765360 686788 742245 722468 764863 709375 790665 756834 766212 698742 753551 782412 733256 760956 745476 802121 715532 789657 761536 718852 721093 721857 714985 768699 760463 751493 715791 764167 771602 791580 756984 765173 764849 818229 696786 736706 718518 723037 728132 798611 763356 778075 811629 727248 771523 745195 705986 799425 761891 817141 790417 805619 849887 763497 713412 754647 731321 791467 774398 713909 758717 779239 704440 759891 792795 714277 786639 707104 764545 790975 785749 763747 737857 781039 709184 759668 755400 715840 750525 690249 754086 743118 727712 775703 781364 729658 724974 767211 730398 718333 766958 807273 715350 730238 715694 774726 721209 746062 783627 771646 722758 755793 781475 746953 773371 785428 763181 747052 836245 716833 773061 750428 781342 736066 769624 734911 747134 768736 735490 727679 723863 733848 783961 769873 778730 809225 789846 775466 729238 748187 763893 778845 761337 738910 812085 753076 775101 706887 747570 784609 823827 755411 806377 759387 848154 747711 734905 778856 705230 692865 704384 759961 767848 783629 748224 757988 715317 785471 807472 742511 738612 771065 754141 715769 698721 718729 740438 761683 793623 714145 668989 771883 737528 793944 744600 788721 728177 719665 782366 785665 746595 805475 752786 741658 794713 752703 722153 715780 770920 774975 696192 724349 780320 725227 727041 745733 729767 765584 731313 710429 786098 736541 713184 721554 805510 737342 763598 725702 752071 
708138 777000 729948 723700 718118 703445 799946 698054 719356 710454 735156 726297 800158 700083 696127 725028 740984 738154 715743 718571 702626 710450 752049 741983 720234 697597 752906 691167 735926 716209 734705 720136 687375 763854 711063 745825 722559 740861 737172 748955 682207 756293 742382 674995 723946 701680 751435 698867 719159 695230 740484 726819 724544 744946 749768 690063 767526 692173 794389 764751 708090 766541 781117 740367 714044 777081 700546 733271 690228 678244 736265 766628 690881 731110 765197 730230 698934 769082 729066 768589 712085 714584 748659 672161 691108 782118 713318 727518 750355 710413 748493 709529 676444 725935 702515 742524 702613 758755 728791 724570 693839 746047 751967 702202 736753 698549 771412 698065 748798 778053 707854 726631 702980 728870 756544 749744 736030 693919 717292 766619 737686 727242 771948 747922 774104 692692 713924 713423 698809 719790 728174 785793 719137 807782 721867 766413 738028 695159 781671 760072 767973 758717 764265 806115 764512 702038 736925 698693 774786 737444 662143 723192 755849 700752 732424 745393 691731 769662 664251 763454 765784 786499 727226 682433 754035 716164 726590 734351 764446 691411 677353 724197 733758 693461 726079 745614 690775 713511 726676 712503 719915 772943 778793 679026 680479 702544 732359 719090 714434 759395 776577 692790 713071 772787 749019 725276 786807 735302 704714 817303 708616 715172 752991 769878 709181 744354 774669 745687 743562 718196 719381 705089 691274 746907 719995 767605 766639 758466 736028 737798 735369 713803 731066 749889 712243 797646 763800 729179 735153 724807 753274 790960 742431 764515 722292 814301 703576 693157 743483 685027 701908 711661 745207 753742 730027 710578 722452 679331 757052 781017 705476 690523 733975 725483 687247 692797 701807 745210 719865 766952 734326 673544 751742 705494 728696 679554 770810 748052 717658 754897 729726 735164 803884 708677 729214 757945 696660 705625 725786 796842 774076 679090 749175 774057 711811 675013 735578 690572 728715 701732 677683 730336 722510 690454 721606 771058 728063 768300 728105 710690 
740269 764155 774510 764139 731857 781003 823065 718238 778384 710417 752198 764321 774898 722820 733158 745392 776460 752935 790389 726607 717643 751301 760925 770491 767703 722998 781511 707970 755235 731169 749543 766290 706927 781784 762850 769729 744802 760954 767638 752828 720841 789035 806105 727569 781130 758797 786744 737989 751631 747875 747375 696625 753214 778129 760160 700736 772356 705684 826066 762540 748345 775114 809256 760608 752034 796631 729537 758513 688839 683610 729198 785056 716898 786249 774522 748737 725006 813486 766076 779405 733322 749192 790588 733942 740750 822446 748130 742926 754452 747845 771709 737345 709428 762750 749094 745201 724814 774524 768470 775207 693062 747036 788822 727787 770744 740191 789115 700829 767687 799406 752325 772353 704698 725943 757483 766808 771711 676763 772440 808123 782705 777092 762208 781569 802658 689279 746563 730566 710023 729425 758082 760657 786985 781533 743017 759844 755049 693360 781976 743741 826253 789218 799614 830308 740940 734431 774720 707447 787371 796648 727533 786279 780720 714502 762518 766920 711752 774313 717957 775904 785250 795917 754308 746145 821351 738534 750407 748570 750543 754934 711006 764785 749605 748943 734591 767392 730292 755181 740353 774771 732038 763758 837261 704135 727273 709087 758016 751379 767898 775320 770999 723566 717493 765774 744205 742200 792581 750376 745405 797769 743684 767245 770715 743359 765643 765202 739154 764073 778787 752782 773297 706143 720894 771335 776785 783194 790929 779995 709400 742484 757098 765329 778013 753747 737316 803888 761455 743068 738565 750093 808172 833997 732618 790490 756307 821558 736671 738559 797285 705251 701309 736838 766996 767877 786735 737171 754869 712514 786884 800652 766103 743905 749990 763359 706256 739552 722545 767701 736534 793809 716195 677155 762271 720036 787507 724163 785605 789822 722683 781576 755605 753106 792056 751642 760782 773792 742411 726294 729543 784263 795672 709540 752308 805400 781662 724937 767630 733743 732812 744197 712001 756396 759839 721260 728521 795511 748684 804027 745951 761203 
747744 796987 764007 779053 745869 758007 807000 736700 767493 725346 716375 739464 809953 708544 732013 774874 729298 759074 788441 750149 732197 778302 762470 792558 752061 741002 765772 742307 750755 734359 757532 759291 727183 808629 770677 789556 737918 762587 792987 770320 696328 784537 799105 724005 758746 751486 768521 751785 756529 763551 781013 711713 789374 777862 757895 705243 788239 712739 828591 753784 751539 790146 849336 765557 778064 786831 740223 791592 751176 742907 723828 794991 780972 776773 816080 756888 711118 758992 776606 813017 761268 773232 788495 718480 710219 835934 770040 774343 782181 713176 750247 731201 683267 770174 719433 734682 734449 809423 762177 793947 707406 756111 826315 736474 763926 762418 807274 718649 767618 802511 756952 759683 707590 730380 783442 760013 762092 708434 768462 794973 775538 759765 776929 794353 824162 721403 775387 740102 725100 766833 779225 773941 779772 796805 764677 791364 784400 747999 803618 769580 817819 807154 806113 871219 753458 743878 733575 727469 789868 770627 722622 801602 790458 738046 764822 786578 743661 800395 678884 795088 782081 784685 782408 732092 784189 740185 739716 757869 736349 749262 690542 802713 786533 739917 774452 758383 705785 750254 767337 722793 745411 790693 795491 700738 730594 731191 758587 747086 751617 788845 803967 722267 752730 781170 776588 761648 811706 790821 770871 816379 743191 737108 793780 826403 750130 758388 780200 769954 796719 767490 769569 760444 729517 789050 802354 820111 802941 812463 737166 769676 760576 767318 768317 748820 746848 798811 789460 778901 706174 748309 798819 828742 757209 798650 770161 820880 749246 720830 768969 723084 710153 742812 753661 742191 794158 735147 748951 689702 786997 794279 713723 738999 785112 763336 731880 696675 736730 777104 741700 797825 725690 699408 772190 722257 772190 732147 787218 775135 735205 763968 767199 790457 786904 755678 757679 779389 746577 739140 744622 797369 834533 714868 722591 800219 773240 730780 752380 710138 788603 745574 698733 734192 789626 730178 768294 802443 770071 836637 738814 751013 
701760 794607 792163 754150 730304 742629 828945 764203 764618 733249 738206 736739 794340 725422 704323 739067 761077 768381 775366 757482 722288 742759 766268 807772 716527 749696 773901 748550 748333 731070 742299 734970 705529 798836 745647 772944 733564 759890 779311 741626 698677 759921 773250 693232 771908 752271 773296 725222 718567 728194 763901 695880 759204 765828 758780 694696 756291 735709 827840 763367 716394 802733 809836 739656 766596 769610 695411 749901 729239 686999 750543 753384 704915 714977 758593 752646 696484 768986 760962 810708 729203 731655 769507 705439 707603 796962 783954 753091 757301 739502 768479 727410 730112 756274 703088 752218 679452 756988 768221 780695 695604 759205 814551 701170 732825 779400 776305 690651 772591 781583 771543 756922 715095 752678 772750 755427 769224 727571 759066 791990 774726 743294 767756 759085 799683 689225 709455 708365 732788 722547 791871 773539 761955 773941 727497 770642 766149 736546 802152 764968 819642 827608 806497 837851 753464 694732 739844 726747 802484 763677 725879 766502 796462 691893 781729 760690 687895 821620 708309 788333 802414 768963 761803 727844 774661 732942 730365 778343 757328 750401 719054 774201 802214 747167 719489 766967 714830 705630 728736 754618 704680 810292 813563 669729 713803 712413 729486 773911 741556 782981 798692 723806 728078 736770 743774 758944 813143 756446 747407 823854 702177 762568 790906 825771 723115 762052 748765 736065 774948 741869 753778 719333 729683 743489 770339 793122 811849 807724 752224 747211 764570 761580 762831 767732 761728 819059 775267 746479 728663 733252 793510 803790 744740 799772 756671 830935 733441 723102 767340 700460 721605 731079 735721 776226 784317 723829 753132 680997 793826 830198 726587 707809 773238 763331 693319 702480 729717 774988 760073 794272 731388 693285 778826 722873 746250 717227 806480 752256 721767 789548 758603 766387 790858 740070 753901 793667 769477 723910 726508 769046 787187 707797 745703 794269 759736 718347 795893 702802 749596 737488 705270 755764 729555 718395 732675 776859 736068 788826 752750 759000 
745607 796691 775313 774577 732148 770940 812433 738214 782146 750850 755378 744100 801327 747920 716875 742809 781294 768307 780606 765596 727291 764151 800354 780914 766332 724703 766598 741317 733813 717627 767892 745968 715402 809587 779405 820635 741742 758247 803044 758179 706250 774759 800421 706506 762528 763230 791746 758976 734290 771714 795422 710812 773654 770641 755587 722641 761552 714507 824927 748926 735925 782394 813014 754161 732052 772795 737814 763301 762708 676324 742047 778576 725745 767664 783608 767131 746037 777659 788639 801003 738672 754242 775280 714329 718827 825734 773703 752349 755810 726762 753538 723540 722735 769292 750642 744329 717619 812073 759221 780526 699835 765129 784092 734066 770967 753895 820617 722423 745137 821139 743491 768152 724371 736507 756242 777224 760584 724043 749551 807254 786209 768191 774626 794851 808074 711118 748871 743947 735180 747723 787891 822163 775048 809856 742914 777942 765457 746270 801949 790659 812298 803222 828678 876985 783125 745254 764044 716982 783809 749693 740548 781087 786751 727450 762684 775148 723668 776777 696328 795986 813421 775523 761744 758111 808655 751528 748674 766033 738917 784989 712088 783928 795090 736421 762689 785975 753400 755090 752551 767698 745889 763407 806950 668433 723380 724601 737211 741625 754224 805628 823836 725823 741448 760687 767169 766881 797661 792415 748279 811197 726453 747310 789373 785303 767457 775143 771428 773871 802096 737072 789496 750644 721017 775254 771614 813523 820731 775439 719797 773154 763639 752299 768978 750313 745955 801395 761949 749407 760884 769602 792863 824530 732284 781518 796746 844302 753191 727944 772969 722784 732251 754483 791347 746924 799862 739177 780494 708897 792442 821260 736585 706647 766129 755125 736025 728291 720343 752183 758271 772184 720492 687262 747913 712361 764926 764254 789902 788767 729967 802278 763718 768032 829547 760598 768347 795176 716013 742655 753242 783528 824139 721272 775296 820674 772757 707693 768083 724906 770619 727610 741038 794587 775382 748500 736767 774024 754329 813625 744913 786938 
751417 818924 764353 792360 752728 780266 859506 742448 795093 721579 785017 731956 785678 711004 730413 717916 755893 795152 794387 771031 732534 746692 765619 822757 738767 746032 768631 763367 764213 747953 729051 777886 750163 814224 760553 789604 764088 780984 738242 776221 740686 774460 818110 731485 770511 763923 770799 774398 726888 739878 770768 706768 748905 783751 762792 708224 793535 728340 838904 769414 735097 804021 833335 761213 776929 839717 745028 754318 749245 708087 763321 774266 750030 731325 767162 729550 754259 764790 791021 787553 762012 749286 783190 735951 696090 817569 782506 759967 782571 737940 734437 749913 729520 757660 733093 778458 715565 811487 764554 780372 668173 778674 790323 762401 764622 741324 816516 703077 779180 810005 754176 756143 732489 741816 792324 776076 770600 724565 783751 799766 772636 764080 784999 774872 828101 709476 749370 731391 760245 758167 780392 815013 789705 814035 743917 764592 763419 736966 792694 776609 824457 832575 796401 850080 761728 744496 773986 731737 788225 793314 730850 784675 799120 743165 767900 771315 724518 792881 730566 779456 817212 799921 756261 742013 792758 734981 759173 752307 749591 751609 715615 808901 765108 740077 734219 805857 755367 743858 749689 753220 746091 823448 827115 729626 719804 741367 753024 770910 757535 793083 783807 727562 767902 781211 754778 789373 767289 780296 742252 812218 761788 765586 807892 799397 770750 756501 757578 780389 772353 757520 789235 743397 749559 791400 796753 813653 799528 789174 753555 740683 758723 747981 836178 783063 757079 811055 750919 762557 776859 734156 805755 810346 736206 805954 782446 821940 759198 727374 788061 718840 698367 757724 755344 780357 797283 763479 752882 699517 818740 810002 766542 747699 789070 753176 734083 733052 728967 742921 773901 795447 741090 701492 795939 705043 765343 754997 811295 769635 785177 768822 770045 774420 826493 717220 769302 797472 725075 722410 728914 766568 803017 709131 747611 793909 759614 713130 768432 741975 785473 747519 756132 755850 740641 728198 767683 793570 746537 799626 768867 768001 
700162 774201 762289 763070 704446 741177 811680 726080 754307 698430 745218 725688 768032 703663 719763 737654 754348 744303 783758 730941 704477 726182 763574 754085 702593 730401 756471 722880 736961 691951 728152 750095 707891 764806 752303 782421 728492 739436 767794 766684 698872 754934 809764 690045 769926 755630 761043 700441 727318 708752 774459 689073 743900 754778 720517 682827 757601 710325 808161 757094 698835 755730 806043 748960 747425 790156 740654 740971 716018 708208 746388 754985 729870 737330 760863 731668 715283 773780 745674 769249 723415 721056 773803 681337 720476 803111 749516 749876 783089 732285 753837 733139 697124 758972 734962 738725 704696 769019 746072 751136 634412 741709 780325 727769 736389 716431 763098 692937 713299 754351 739149 737621 724700 728452 760888 752037 705762 701032 747758 763300 761761 763524 718180 765353 773835 702270 727121 715510 725237 729006 770587 764753 772235 791268 755095 762657 748688 691561 779031 753025 788383 775442 780714 839965 751528 707691 728068 695051 778113 769815 708630 784864 755414 708561 732693 765361 728387 749710 689087 753048 784947 782642 744422 713027 773052 705660 732365 752624 755883 735477 697016 747029 753740 747871 733481 743143 709548 717978 758645 719907 706726 748725 783052 708898 721530 701754 743378 724536 737672 762602 776130 745004 753718 741389 737489 765008 805331 759069 724278 780437 746578 742797 748833 738880 744375 768867 716064 727729 762196 742059 746224 717830 718580 765265 779971 789937 787625 761908 731251 718518 729554 734350 767501 742376 720974 787712 745399 743219 729914 757732 766826 813070 728748 754939 769777 816552 697216 719055 769270 699976 710863 724043 752586 753797 760307 723335 768525 674439 775201 810254 746400 730837 759160 728094 724179 695195 731604 742542 758218 775925 727607 693677 757657 725986 752489 714912 797256 731860 699783 768985 759552 729006 778796 727516 731288 785520 713993 737166 726233 768634 776945 688326 747889 785253 743062 712145 754499 698582 734958 707849 707654 742951 724393 687713 728175 799269 757952 794348 710142 740365 
678799 755316 714761 715638 658902 710255 764363 697504 731026 697126 706514 688954 750699 695679 667201 685930 724487 708271 724038 703547 672742 698915 748715 692377 708507 664668 709309 671763 733191 679642 730935 704509 681651 749669 699687 702228 679817 694886 718225 725146 652319 729322 706595 654930 738768 724952 713657 708501 690050 675549 686455 635201 703813 727043 691572 665752 722501 652408 751776 708219 726618 750190 772365 698928 709898 758757 691545 731981 685654 643924 728992 726699 691448 679026 725035 685977 693830 715588 754843 736216 717653 711162 739893 670517 670619 731795 706790 697342 733328 688313 720704 670314 670789 711022 675579 733285 680993 720176 728820 736285 659879 712688 732098 685398 740231 704307 737424 652659 707578 737785 714883 699170 698653 705829 708241 714965 722768 649147 694060 713852 720803 714147 701223 727657 764762 663865 699166 708423 669981 696191 708048 757488 733039 715071 700579 732922 686188 685360 752856 713230 750150 755639 740650 767216 711256 655212 713183 656641 730795 720341 690393 721211 731956 692759 692918 711091 668794 752980 647498 755997 751776 757142 707105 670733 749155 688214 671812 711447 712826 700972 644468 675530 713122 653646 706665 714583 689617 702415 724634 694044 687935 735591 751200 676352 659802 670397 714153 720901 701889 749159 738169 657784 730086 696621 725804 735894 729165 748019 689945 747841 674191 703109 744823 760650 694379 730142 698228 676591 700802 696663 696423 683561 693670 729204 699350 715542 726403 736761 696445 697176 709738 709608 735107 694532 702537 774839 713745 704638 728219 711747 729308 753355 698749 708286 723522 778898 719840 677829 713721 668216 642006 685342 696729 703187 738486 666090 692365 645936 735814 744459 691771 679828 733293 710765 667151 669640 697714 733569 727479 746056 651811 640279 734321 660095 742875 674002 741295 722285 687223 701607 716267 720563 766977 712028 715736 741412 683180 681020 675079 726614 751813 667693 711589 721168 685875 668919 743515 695407 713204 675943 683280 694155 713984 700223 701284 748593 690907 750369 721959 689221 
729775 775055 751382 753185 733571 759297 828928 735754 765534 734743 755195 737817 778961 699863 733386 724463 751973 742450 758037 766876 713463 747692 752840 775172 740392 732477 759301 729310 772168 732075 746034 762703 718020 801849 716615 756493 756435 780800 764912 750670 716154 779533 795413 701062 748688 739161 759050 746331 741991 757017 768453 685828 775632 768769 740420 706750 775945 674152 816379 757350 709263 785728 816768 733815 747339 777180 737544 761946 726639 702205 747427 795795 728827 741990 766942 732489 727681 779456 763161 791056 718922 722638 790439 730424 718072 805300 718291 762681 758187 730467 748455 753347 697446 757677 698310 735154 714312 780002 759469 777336 701567 787864 789412 721283 769297 750196 815166 708456 778421 795078 762529 743753 733450 743393 793840 787502 768691 710011 743676 805382 778142 763299 765910 759603 787698 705678 713711 687285 739428 728346 738386 775421 779215 809354 734128 767422 782855 710080 814138 776920 777070 819105 783488 852690 742420 753068 759269 703985 792610 768357 726294 756256 749310 705725 747276 795812 698617 772831 721525 797427 804826 778269 774250 737361 777445 726872 747893 768592 738893 734829 709332 765726 756935 729426 721184 789430 703501 719030 751565 745330 736315 788260 795263 672372 742828 713928 747206 745690 728446 795453 782415 720783 729131 764922 741056 746409 823711 778457 759605 818574 732194 731480 740951 805247 722425 789393 762345 766504 778815 728413 752322 731081 730995 747329 760253 803134 792009 771514 754926 740695 749364 756750 780396 703676 752643 784250 752262 751463 747596 733232 787755 809800 725168 762499 751738 850615 729363 707400 788189 701304 702967 736584 759768 769819 777944 746023 764056 699023 784569 823218 750817 712242 754807 773169 691229 716852 703308 766218 776114 802753 743299 708192 777358 713685 772984 737278 777030 760835 760451 806129 775446 790071 812786 752258 754253 787019 752940 739625 725020 760559 796148 709600 720719 796788 740006 716531 753876 720433 766230 737702 708741 737731 726796 752872 735754 772909 748538 797960 747252 724351 
684171 792849 724573 736228 719743 747617 777439 724559 762460 698105 751241 729102 786450 702102 692052 722904 715043 757696 779107 730144 703583 745776 779062 773501 732203 710777 774508 723984 753244 707238 714798 722406 720099 757276 712411 738217 720934 763504 755719 735757 722624 750552 774060 690152 740919 731355 733970 726799 731088 716586 766481 719581 742903 764041 738179 681071 755972 707548 846584 743743 741574 754028 820775 741576 752678 784817 740219 747041 703456 692648 746567 800704 732496 750408 744092 755754 693787 767505 753084 768169 704374 727387 777352 683563 708965 810118 728911 745170 747820 722882 760735 722107 672772 737381 711050 741498 707589 761627 754201 748247 674883 741193 765638 700310 731809 724831 789322 689175 729309 781397 722076 761736 729574 720104 766619 754252 761814 688929 756830 769436 777935 739552 761487 761738 810095 683767 723251 695801 721145 709761 762121 778127 749308 779829 713155 761167 740112 716558 752971 735956 794609 813667 765101 837233 752650 694503 723595 690616 769610 738610 699536 731376 767183 682605 746445 784153 728764 760786 699303 761907 778685 785012 743329 705794 763990 685529 741471 719902 742310 707354 711243 769429 760257 728379 731753 759465 719876 696755 718880 724447 720773 801172 795210 684371 696185 717762 727474 730322 729084 752104 791040 701591 718418 758315 749011 764792 774500 752217 716575 794784 729421 756858 766138 770468 728314 762824 719801 752019 760943 734091 732794 702043 678653 760930 761224 748335 781150 782355 740741 751178 749143 740734 784154 744435 742133 793179 768532 752302 731331 724765 742759 800130 699426 794685 757629 789036 697846 702122 782205 670214 700495 697249 739178 765771 764490 715616 710297 682257 797507 784063 709259 712915 735672 692972 701645 714114 713366 749309 738125 793451 716373 702300 748191 701756 742902 709917 776330 735739 718369 767313 755610 764013 765897 732500 737201 776062 718234 729125 700628 728896 788266 706534 718734 761665 712848 700751 718464 726614 792066 692716 696846 735115 734606 719255 708801 746584 731314 753148 727681 765636 
713998 787242 777642 753518 758798 743071 823128 752836 786910 736826 764586 748571 776933 735660 731329 748828 739333 758971 799418 757097 728645 744621 770448 782328 747778 737486 772755 735902 774641 687746 750800 773408 739986 790680 785818 767816 728507 781671 763017 773930 738232 762439 795860 707212 774432 759244 755905 753588 740418 742765 767785 709815 752503 803899 759275 723102 796476 717076 815093 780212 738804 815422 826155 737113 763069 819898 754844 784658 713028 677441 753472 765947 759899 744549 749369 742990 740307 755882 793063 773002 746527 719739 769384 709170 731530 791726 724111 754911 787277 730115 752221 739230 711009 771005 726560 762245 736819 816923 789300 772734 715596 772316 772283 735979 790156 734605 787577 728614 771518 813274 754951 730942 729918 738230 795066 758151 747414 720737 761673 810859 768503 761179 781680 787848 816245 725748 771886 749255 750770 745144 807713 813848 757331 809980 731155 783903 765710 723082 788071 765590 801292 793321 813161 851255 775323 730942 763691 696277 779020 768974 708810 785123 761086 707855 753001 767600 717465 798196 713038 758813 812917 810830 766339 746836 796922 753897 764268 772651 725359 759268 714065 766210 759691 726866 746754 800313 734546 731133 749167 764967 749182 802642 798538 720495 718539 731543 761863 734691 776181 810148 815322 739254 770587 795288 736480 791264 816038 779757 770374 800186 747097 755349 783224 767224 783422 783216 752200 781500 769399 756417 776969 724272 755061 776365 774468 815736 815996 780896 733405 760911 786192 743458 779945 771675 758031 803816 787103 761516 740527 762447 783902 814245 753360 814924 768878 841251 744764 719572 798991 697005 729757 744276 746617 773997 779589 756224 765898 687228 770489 822302 756033 721654 775796 724543 722577 706247 727660 774446 763224 766446 726939 702970 759713 720463 770968 748397 804131 792444 699970 793592 802920 780965 827990 756255 793395 794122 768163 717910 735864 803544 783226 706518 755978 804112 733577 730775 772057 739710 767709 727104 731735 747623 744053 696663 717452 782607 742747 776811 717162 753371 
681946 757529 712377 687105 681835 685834 758271 694916 722421 681506 697571 717001 728373 699035 681503 681923 701661 719849 749145 695542 693585 726543 733002 717990 713655 674003 722697 698645 748148 674452 688604 677304 653648 729620 688362 723872 711153 702334 720968 719567 673576 729659 756597 673319 730243 697126 711152 702474 690328 728198 734158 627896 708268 697055 706816 670546 704444 657318 768266 722236 690679 742538 753740 738510 719611 777741 695609 697298 678345 656580 700251 749610 678661 695150 730060 698468 687209 745034 716561 708668 704318 723595 732874 679654 665895 749514 728512 726838 733002 679594 710025 689755 660117 700528 689280 713128 669793 706335 703567 714058 627401 718664 719872 698201 727717 726802 759794 680380 729848 768804 719218 713217 686769 684596 745169 709751 721204 656995 724013 741116 717313 699213 706858 704843 761813 681123 684022 685959 685669 688042 749738 743075 720583 778910 668897 746369 737218 686196 745882 721894 761299 735541 734550 792518 708059 675728 676581 685403 704771 700446 663154 751733 739016 707034 698843 740315 716547 712365 645721 725326 745076 721557 720237 700164 733210 679756 692625 726596 693157 696572 658615 712240 727627 702820 679480 728193 684294 663405 704304 700897 686458 774973 760756 637532 667721 683838 706545 713350 684077 738228 741059 661650 687802 715826 723150 714156 745512 765216 698925 757682 691104 707416 734156 749488 689461 706618 682738 711089 716822 711412 698899 690872 673139 725228 723239 722322 738112 735612 693845 688450 687836 682779 751951 688394 690389 724684 740769 711854 726501 713015 725470 774848 719423 739497 733547 767380 687429 652433 743596 646788 702023 671214 707599 719782 756229 671368 695715 633571 758102 753422 691453 685694 727354 714888 646883 668206 701419 719199 727190 749043 676886 632232 724006 691894 707939 700441 760530 687316 700777 727492 700443 730738 777868 707015 743634 760088 727893 695373 692846 723548 735451 673864 727486 747492 707512 657098 729618 660906 696477 675019 686410 716493 695407 693477 683933 729399 711756 768028 717655 716439 
692110 758663 730291 704385 685804 706796 771676 700676 734392 675655 736523 678806 738933 665326 684788 641720 709360 709196 742861 705132 668800 711585 737394 710891 660057 714298 711105 695195 690298 682179 664491 713980 663099 738778 688840 722174 688137 705864 713169 710775 660901 732852 730660 648656 722384 733594 722815 696515 718776 719085 725429 672803 718845 752885 701745 664892 734347 641752 756175 742554 686278 752455 750723 710995 699654 740846 715376 693077 696677 679755 707481 718082 687418 717785 733893 684281 666082 719253 723480 734225 681961 688559 723469 683677 647226 755077 704407 724032 763908 710104 725884 695608 675968 687040 697469 695983 662562 738468 706291 719156 639420 726858 741369 691055 713696 688104 743773 647436 717874 755059 695143 684299 694624 687876 703891 724121 730176 666572 724056 726371 710507 748055 724501 710083 735137 688570 651940 681007 700896 695609 736774 745273 725393 749038 703516 738591 701456 702183 747303 728609 743493 736944 732951 788945 738803 669871 719450 662599 707057 693431 652854 748237 715129 664704 690462 726147 679126 751246 654275 731880 752515 728880 720872 684788 728795 689500 675596 712582 676733 709374 662864 716129 701948 693729 686666 708997 690746 653937 713362 690083 649959 772849 751506 651823 682752 660929 705732 700351 671513 719568 751339 687020 713953 715526 690126 715496 738667 726362 689840 782561 705662 680381 720892 751126 691586 717218 695660 709408 720276 695209 729706 688072 673894 750284 760490 755253 749717 724532 691598 687340 690100 687936 712570 726576 685365 733002 730065 709905 690023 705409 726628 760566 708213 716634 715346 770908 678198 678320 743070 656405 658497 678570 690920 712621 745385 690074 730372 648160 719331 753641 704162 668021 710010 724866 669108 684969 689204 697638 722977 713629 692189 664419 728814 711295 723265 696067 745570 693658 683291 699424 756211 718430 775427 669841 712988 717204 681398 691026 651082 718368 761961 621366 704986 758878 678828 669388 745279 666261 710848 695910 659197 686934 713069 675826 693599 725207 694340 718075 689262 701628 
742440 803762 769758 769287 747487 741186 845415 746719 757517 741923 760112 765748 789476 748294 730532 749695 764307 798301 788375 763566 735646 768067 798013 806855 750746 773703 794079 778780 744009 732349 731612 760071 719286 777956 763621 767534 740588 748129 784311 795755 754874 792202 815266 721205 782095 773048 789663 763616 764644 761905 804789 708189 766945 775222 783946 721876 786051 724975 848513 764078 723686 784333 826006 785869 771883 820145 757259 748835 735685 691266 776392 774015 770710 762521 779387 757002 740964 808897 779611 810092 756747 761981 794627 728098 714041 820954 773046 777565 795998 755025 742742 763027 735581 800166 750013 750720 731797 793375 772462 780314 693841 788117 826983 760072 799211 765440 800074 717777 795519 829532 757391 763774 738622 760259 796199 760759 754699 730413 740468 820648 759733 772772 802234 791667 815664 743245 768565 750192 736428 749876 814435 783605 782644 802530 751746 791096 796198 757453 806539 783960 819622 803692 841786 859871 783807 749608 786687 728617 794768 764818 706627 764697 820547 705607 771214 796096 743794 782671 703661 763018 804077 796015 759531 769598 806948 748163 753660 788343 780326 785840 729300 788919 780840 780764 751381 770877 732887 751304 748654 753241 744854 775881 803774 708467 720360 757293 763160 753307 763882 798707 821935 738037 752766 792854 789777 805886 834472 810212 769518 820369 752356 764922 763429 795628 751553 790147 750952 786569 790239 768116 746361 774714 745218 801069 792635 824945 793653 760255 708587 755990 764648 743288 785057 764368 780734 832652 763610 759919 778061 771727 806708 844105 788289 815077 768629 832776 803868 747597 834072 722655 747875 762677 787450 782674 806331 754570 752062 716907 807432 833115 764936 748783 806613 757933 746809 738123 727277 782180 783189 826064 751143 706837 792648 736158 768083 754319 791920 788190 748341 772292 751274 772057 837129 761038 769473 823036 750861 750875 748085 762564 802045 713916 761657 789292 783160 727118 771561 720954 754132 742544 726571 787129 765598 756184 775806 788283 778254 844772 738436 780457 
726682 782971 762189 749402 718467 741048 816433 731979 791165 712125 728369 728502 781093 696370 699956 683051 744421 782808 774995 753118 683874 732976 782263 779834 737109 708672 778400 742962 737227 735834 752404 749179 714851 805697 741775 770405 727344 747153 739602 753709 721604 765394 773856 695708 739729 731377 749709 726150 729542 717811 771733 691714 738571 760985 746250 694342 757715 735668 810456 760259 737398 783533 787094 755366 758358 799775 723073 760446 709179 693211 740410 787240 714703 734194 753700 777148 722183 795533 765604 797018 728885 745209 799202 721741 697951 793494 730707 768378 761646 732294 763159 724093 723234 754658 723977 726384 702517 757658 765643 745293 647113 767435 819394 704775 735545 733702 754452 691963 771098 799262 719361 729596 716049 742693 746945 760865 764441 668908 736631 757957 760764 766454 743652 783311 812654 710124 723515 713482 706424 709550 770216 763622 760047 784385 734171 781293 762573 699003 800595 756037 808626 802429 795024 824030 756735 717257 746052 727855 801480 743853 696045 768927 808484 698743 781027 754508 721980 778998 689863 799330 810773 760677 744514 699993 796538 690525 758952 758620 740852 739084 715749 774003 740041 743899 756758 793122 716643 711618 764908 712293 710222 806779 785266 675090 712466 687059 715820 729142 702877 818050 805229 733732 739827 738695 777731 758560 798815 791207 747888 782950 723680 749833 768550 795552 714676 798421 758166 734040 773870 708477 745822 704768 729274 754139 758010 777327 791739 780525 753057 741898 729508 765759 781880 724045 739450 808969 763787 752780 748602 734592 778005 769685 747541 768788 781969 815449 718047 697692 777542 719100 725293 717846 735246 765969 771679 729900 751936 691763 754950 790099 745368 703576 753578 755083 712101 709072 728201 754507 767046 793536 698580 704877 761516 704346 759237 713917 802530 745531 714942 783397 781988 778762 774995 737753 720917 780622 767486 699365 725726 746472 799038 703452 736658 793585 720172 722559 754810 710074 772813 725899 709014 740481 753947 715201 720769 755209 748116 781354 740492 785160 
727608 806481 767623 785387 739848 751353 833741 750241 794272 757927 715496 731432 836671 731314 760275 768262 739671 763547 771486 742442 721027 776466 784573 791306 732588 744899 801534 747373 749169 740983 768101 760266 711812 802132 772533 797608 736191 784644 764765 752551 718308 793752 799991 730409 762490 750362 804279 752924 725921 755479 782417 734548 755745 758464 773566 724059 780927 715891 813744 787019 769796 783406 826901 792692 781541 828798 755650 780088 746564 714529 766624 789795 748865 755763 777583 740189 722868 766110 762854 787992 767527 740471 785601 742163 707940 845666 745521 767613 803518 728332 769232 751937 722486 793017 719587 746807 717263 800248 761795 794642 709193 762822 822261 729656 790791 757412 794747 745779 783220 799016 772619 754248 755319 742173 805372 767855 761799 718939 775852 804676 770202 769686 761975 776735 806007 729861 745266 729600 720694 750630 817461 789361 803948 808305 761237 825532 783201 740165 787556 781229 783188 820829 786966 851693 779521 706631 757200 717646 806822 776776 694384 778647 790870 717552 783853 793541 756485 799061 707518 785897 831567 807413 779040 740984 769121 753536 767970 758600 783657 779117 737379 775425 791624 755625 761122 790599 713085 767522 767630 739186 749606 801462 844793 694377 728155 786091 731193 751519 758941 779059 782994 746871 767903 767031 756568 794357 819657 786450 761771 835862 722317 745570 778098 795996 787486 792084 791173 772962 780282 772170 763898 739676 718136 802576 792450 823340 790118 793208 771555 767969 762107 715304 800995 769309 758614 804457 761506 818953 729655 751830 790290 841958 749478 832348 756237 852574 773425 760055 781295 742319 741224 729360 772427 792266 757379 737931 775345 698167 775104 824847 727452 771597 794982 774724 714140 716326 758481 779725 784808 790777 730467 710753 765642 744881 783310 714216 798465 763494 745337 780448 770003 766073 827810 752494 720101 805221 758698 760557 753412 803979 837093 712428 772975 821614 780897 747101 774647 717081 786015 750403 712489 737823 757708 742546 757422 809630 734879 820143 759105 738845 
730721 799892 774612 769390 732680 725085 825404 707994 738346 737023 739222 729437 793556 725368 701443 732036 731982 773810 775147 765024 746782 749361 767667 801292 731583 723146 764171 742371 734412 719012 765573 759502 745266 787914 758048 770916 737367 762165 782522 780733 711573 767696 813290 712160 758894 777670 835530 732646 758802 757179 782092 701517 758857 760807 747501 697934 773158 727248 806028 754977 733543 789087 806853 765020 762594 794956 744284 760364 736774 694108 768616 791268 732098 749415 764747 762478 733788 768089 779295 781948 730898 753239 776791 720015 708251 824630 743010 757589 792590 717910 769251 751281 729709 767416 747511 741592 697064 792927 764428 778218 684278 777456 789598 754906 753067 767419 804302 714911 779434 813420 735731 774741 706974 746686 804939 786948 773054 678956 769738 820293 755533 749475 781025 774381 809098 707042 778578 729745 736898 748629 774780 794348 772588 788007 774678 757151 784219 729940 808246 790852 839848 799243 828938 850016 753146 756696 767812 731170 775487 777909 700551 785994 781443 721261 770956 789690 708697 797142 705235 786890 811038 756009 749600 755018 782758 724882 756120 788615 738207 732263 720911 770357 793808 728518 729355 806501 742845 742762 762042 754513 729770 813584 786654 696050 723794 740901 784867 749057 726234 782055 805320 760043 764103 741417 752285 784836 806647 811448 737447 804038 733882 763565 782503 800776 743520 767192 757732 747366 752681 752895 768123 742633 750778 752436 764885 779119 799493 783930 730126 743518 769178 746771 799601 760911 734186 818615 762344 786113 758043 769479 777785 823710 744259 791719 787995 826405 774594 709135 812308 726346 720138 744642 776666 741800 799969 733119 768829 704823 792895 829767 737045 719796 780119 783723 727390 718587 725685 749421 761533 798294 745108 688137 782404 695778 758300 731518 783871 755622 747816 778409 773048 756866 842471 726289 770295 800230 739397 731085 754840 774900 785207 696625 775554 793813 740550 719470 771610 748457 780826 710753 708766 774247 740747 714276 761591 766844 749437 816229 762983 763300 
703202 754189 743426 750382 720074 733760 803504 724743 780880 699867 760292 701301 787594 713228 706720 745894 756330 765893 766615 724983 694674 742555 758367 785956 722490 715758 782096 754609 719039 714353 747241 748479 723972 786354 745772 770747 724104 757495 740055 746099 715332 772850 790851 712141 747967 733167 754978 716829 750253 734859 773155 697540 742396 738801 755425 691682 792075 722922 812332 758955 725214 742823 823054 776182 767076 800701 725026 738663 719171 682909 774051 806251 730250 748923 783799 772283 733721 764449 728633 772080 711687 754772 757000 728827 701457 830297 742852 748116 757535 722697 765439 726402 706725 731124 727939 751577 704406 744920 729176 737428 692501 735260 764355 709247 744328 733940 795784 726723 729144 785030 729230 741317 680082 722580 821214 776128 736268 691331 771098 765381 781893 748077 761962 776980 819548 718468 733532 713288 711464 725847 756939 786006 766514 805493 732923 789213 731943 709059 824384 768179 775441 814454 793947 811011 750082 717661 728546 700896 784869 746308 700927 753081 774269 715554 749875 784500 726811 757256 714458 769694 812230 770502 758589 711762 775982 699335 761471 724998 759963 719208 723984 793565 784530 744129 741315 757513 714814 742185 756558 730397 716162 759363 807333 689864 712392 749553 737543 738662 729219 777014 794022 701163 731389 746065 771776 747502 798643 786637 737882 782905 731172 726181 744009 749920 712622 771483 746722 756252 781418 753150 749957 703620 694079 763848 791866 784857 793731 792152 733078 743990 780306 728663 762919 705857 740553 803343 737595 737008 757631 761814 771043 812352 738201 786040 749347 844817 745702 711493 791141 702128 720918 727214 766191 750072 763454 751122 738081 669864 756207 805715 750205 720777 747547 760437 701507 724701 719613 752630 769168 787942 724642 695804 734554 721100 753871 709637 766354 753769 730792 782440 735702 781748 808028 729357 722699 791607 733759 728512 702939 764808 803934 705891 735111 773273 739528 682576 752895 742122 748037 705128 696202 755302 753386 718402 729479 770813 747591 790353 755811 727979 
669887 753382 741283 720882 711758 730797 794038 703829 738541 699763 722416 733261 779801 699034 685486 701438 719924 713050 762286 756895 697488 705952 725628 750666 700177 705821 741786 694359 716088 693636 724124 728404 712372 772628 734057 738347 701710 716837 729876 744716 689493 767800 757460 696591 719744 732924 718215 696942 724396 727731 721487 692677 745306 753708 694020 680975 732578 684808 763343 722501 690989 793466 805094 742526 723285 777069 717610 728726 656435 677330 728587 764048 706159 743383 761133 729770 689140 736225 755988 767632 724266 710622 773357 703427 701005 764728 701652 736514 764347 709735 725899 678907 694410 742690 701356 720296 695440 750041 769978 742417 674277 740116 754950 712143 751698 725699 761082 700519 738352 774160 733255 721169 695618 720154 755578 743048 726343 676304 726900 760467 739010 721021 742661 740541 750799 686086 704444 706760 683659 743109 753363 733398 757681 771478 724113 730229 766157 671541 764948 712370 778539 750754 808592 820782 717667 686369 756190 670912 732519 723902 683732 740154 777969 692729 718805 745198 685376 766485 685496 760326 752467 746467 731971 679186 751316 719892 704806 753721 727379 739749 692409 749877 753548 702969 721312 743359 680353 692131 742670 730463 707528 748059 783681 658155 729437 701533 695217 706287 741483 763147 754931 713661 704089 747679 736225 746821 802951 762779 751057 790266 692884 743762 723431 762880 718050 729976 713248 749593 742638 727498 742735 681970 676869 743541 762497 757420 753334 745650 708750 711062 713175 749435 757240 726979 694929 777772 761808 746470 693718 727357 787099 791564 733721 759474 739880 785121 732049 689320 759261 683871 699248 731278 704360 723803 758964 716394 753816 686559 786814 793521 732504 707058 746575 735897 699178 686528 721847 734579 742466 760111 682169 699582 755492 701221 756241 743419 763286 734085 693527 741156 754963 742438 763064 741595 740592 752923 726880 693037 729934 759844 779246 695601 703437 738696 740510 693232 751014 679861 698843 685172 703093 738632 759046 688861 715441 754393 700963 789019 688417 715369 
729244 800320 760789 764903 741696 741327 824147 731336 761114 718764 719646 739614 783589 722490 732610 716238 769144 758890 777726 741722 695161 733148 773833 765399 748023 757838 764523 716561 766207 737325 736223 759215 705182 797575 780144 733764 752808 779582 731232 758639 696420 807751 798229 735567 780764 759536 747429 748633 764161 758895 783179 727054 784315 777632 742994 701688 798020 696244 825491 792971 737789 790108 813649 753812 761500 813876 733888 777928 726870 712422 758828 797030 734683 748766 758212 733199 744677 774511 791493 794451 746071 722641 783364 744165 690076 810469 755794 739379 768019 721690 736357 749778 703282 768817 705818 783695 729989 795552 734958 759023 698167 764867 793236 710049 753988 742347 798346 700488 756992 786401 740895 747154 683864 723597 787422 775006 766522 708785 740586 815924 765399 764611 786561 768434 814445 715011 764348 715188 715961 742887 768357 808021 763563 812000 730613 761143 785068 718583 811207 780179 817053 827426 800929 836986 781387 709520 728740 716364 784969 769619 711331 794358 790365 712338 762428 762147 729825 776501 692387 801552 791755 812721 735887 759769 785025 722945 780486 756574 766256 764220 689635 777579 769348 722137 710180 806479 745673 727377 770232 711139 749703 779907 806465 715169 730293 735444 770587 761716 748476 764986 788474 711380 727892 750514 762594 773575 828985 794409 762096 816409 718152 746547 762939 791066 741818 778390 756338 769534 747827 741881 765793 732337 744098 776319 789575 781483 785391 774723 743441 724853 777717 726366 811442 775684 731533 799650 775269 768646 753968 743656 787420 800244 737237 794599 776579 834989 730592 717590 795528 686766 720215 734013 757170 771129 787352 743992 777030 709842 800403 809525 769817 723827 764279 776262 739200 699473 744487 747760 782371 790081 700111 694764 774832 706425 747756 741159 792032 764171 732028 758341 744396 780779 814855 704369 782550 757620 740553 710932 737344 736226 803876 694145 763503 769270 747686 727283 762590 709398 733792 724117 713377 776252 763222 722162 750882 767965 726699 834487 714593 746052 
748822 811113 749922 774426 738605 732941 817748 783588 789542 741968 764835 781786 818977 750325 724005 739927 747442 765785 768349 748047 741036 765113 780526 772242 740442 744553 799595 781814 781227 735558 756020 752016 706017 787632 750169 776411 771656 782014 784918 788480 700091 780919 793887 729075 762881 769431 779939 750318 755434 774983 784193 736176 756562 742494 779358 724230 795640 701956 845520 767881 761080 779219 836624 731923 740759 800653 752986 785995 755794 706798 789865 794204 711438 778726 769006 751561 750161 781639 769496 815789 712463 748506 780329 728289 735209 819909 767019 755735 807373 731043 771113 759567 687421 764429 737062 742822 721817 788745 751231 777136 734573 803169 812460 756444 774260 764059 823609 734909 781918 799540 751892 757728 740128 742451 810269 793848 796262 717632 776114 816192 756017 784719 780905 765242 821349 739912 768735 734437 731068 756836 785315 783491 773377 793298 763888 786680 762194 761069 815393 779742 787466 801440 811420 836167 751628 744010 766805 705042 802906 764547 722852 792996 774737 745449 764567 757962 714222 791800 729803 791670 793809 779104 761369 736671 804692 730383 760558 776822 767609 752827 722081 786072 775426 723933 726599 773973 734807 747622 776663 761715 749556 799235 827018 699279 717504 765890 758175 789233 731208 769478 796491 721593 775759 754088 758164 763924 798688 752324 776512 793763 763471 746666 788813 787187 752189 787146 761743 790627 783335 742288 758822 775435 737416 808370 766683 819234 802216 789819 733935 750401 777163 746195 781901 767555 756421 819033 768269 756995 737413 734733 773214 832842 749936 794897 769055 853362 769484 727855 790811 720867 739425 736410 780825 757684 784558 741170 732947 688291 768159 833210 747377 741042 797399 754627 681883 750638 743255 753459 754559 796083 738681 739448 772926 707284 790621 717944 782113 788194 748260 798255 810437 779448 823247 757635 740784 815519 741094 726461 746196 777547 816601 720768 767008 827524 764414 716665 755561 703673 769474 749318 714131 788604 758275 744590 771586 805193 744502 812590 758573 760916 
742016 791420 750966 757581 759532 742049 810757 770358 769281 719326 742111 749491 807482 707744 728362 732929 748184 773430 789094 740534 722483 749680 788763 791343 715237 758141 784422 743815 790156 701460 737400 736426 730441 793718 762423 776438 752979 784744 792755 766464 730550 777259 791263 724427 768315 755492 782459 738857 741573 757706 754526 703666 754150 739651 737357 713130 754566 688035 859075 787755 752312 804198 795541 727841 758724 799943 717416 800741 749344 683652 750315 753489 742632 786073 754801 781229 714995 759426 764071 796336 721977 779807 770762 751505 699233 834877 752754 752968 777508 741402 781303 720261 683933 773794 738305 741952 724041 767146 762697 761439 685398 742971 811971 725352 756611 750893 801198 690135 749016 769996 758320 745109 718280 738901 779343 760263 764763 720116 787097 793321 778009 781102 758853 788086 804648 716356 771047 750695 713164 750927 762695 788138 753388 800733 781292 811030 809097 728358 804722 763028 848276 784737 772052 861122 719779 734832 745348 718400 752542 788350 741563 797615 821473 737566 741823 787809 747345 774179 700158 803996 784499 788261 761324 707796 783654 712280 745966 754242 733312 777330 691407 790282 766063 764028 719306 770089 722796 707678 744942 755411 707403 762338 817819 689189 738282 739455 780440 755818 744354 780952 800460 739846 744283 767310 752061 815309 841586 786778 741576 810009 704778 746201 772272 797182 742299 730027 747177 794916 796762 741936 769527 718525 743086 773773 749088 776730 798843 792726 748831 774267 776690 758865 793803 771358 727301 813395 766512 790002 718705 763588 796972 811022 744812 769218 773353 826904 724348 744817 776813 705558 717016 756418 788904 763616 778639 720723 727295 690349 766249 825567 735466 728654 773609 742883 725412 726229 737784 782140 767601 797503 730074 688929 766026 722458 761488 751888 823396 768859 745415 785915 766673 750078 817913 717409 786138 800204 738450 748095 734542 778678 818164 725553 739734 789802 776286 712727 776725 733176 766305 715117 717964 763577 759064 729674 764102 794200 746414 816100 689360 729441 
744280 777510 765074 747970 712616 724187 815418 713546 765744 727870 752246 744654 785676 702663 711264 701119 748960 750013 769403 767796 683461 763049 765273 784051 730345 749390 775071 732585 758973 709785 786799 761040 699793 797790 757909 760019 745590 766667 770620 759824 714267 780769 787896 707199 766758 750164 785242 736325 755315 728757 772430 707529 767142 751844 752876 712393 777213 705307 811971 743841 701032 771918 808357 775150 747544 794966 735095 795609 686717 673456 767062 809464 730078 751509 733915 749769 728305 764901 777539 765640 731765 753102 788187 722131 728423 838713 766316 755833 783550 730767 727300 716422 730194 754369 713047 767151 736155 743072 760109 782161 661727 755621 770529 736445 767152 743981 781914 699970 757097 786149 735382 741917 691188 753370 793785 772807 738860 706916 747665 801557 750269 773033 764550 777550 808014 694050 737921 726857 690801 719939 759647 785389 780048 799519 746423 773162 775851 711145 832044 742305 835814 814978 788753 818717 779667 686861 747447 704306 777435 744816 701004 761898 762325 700795 764959 764609 731871 769700 719488 790486 787172 787109 749305 754928 783655 714004 756223 723690 759083 728087 698032 775581 758840 728240 750151 787986 707980 719049 780000 731450 714448 774469 786027 697713 711319 731134 733340 733691 738103 764728 804344 724958 726013 750205 750410 769989 798659 791781 691969 801978 717328 766065 755619 765227 722001 749055 753463 745945 773966 743888 740137 718447 683375 763073 784329 763977 784501 775999 716637 752224 733350 738840 773411 719985 729200 805003 752266 722554 745030 759933 785421 816383 750885 780677 759001 795375 720766 717449 764534 681249 724437 738739 747461 751170 762949 735337 775016 683328 768377 788018 749451 737576 751191 756952 692585 701906 739876 769861 737693 775896 716654 698014 769422 704747 751968 727053 781692 740247 721609 787040 764588 762255 823640 705932 747165 796121 745059 750754 732361 774673 780911 699128 763194 759023 746025 725302 759903 681443 767375 700269 722425 757364 749764 709748 721076 782811 737958 811070 732944 758341 
743436 801356 782649 771986 754039 764009 843887 770234 804667 752319 742308 784807 810511 727741 747995 745843 762733 770710 819345 774104 739028 787206 788899 796498 754835 758917 792183 734507 785517 718107 762527 765519 729402 827108 785837 768950 751702 808755 778059 774802 739284 815332 818188 728554 781645 769384 783008 755076 759184 772208 775989 746545 768419 796949 754645 731795 785922 720260 839862 794813 758523 818061 834509 762685 747533 785264 750967 799548 743146 708749 781558 789804 711645 791474 787005 746027 713955 784327 789191 809696 767142 763618 795756 739223 748049 827100 775305 753088 776299 729355 784955 763629 710434 763564 737228 777465 749036 788522 789031 810880 710513 773252 811542 715726 785690 764000 805166 712460 791703 814473 762161 761140 740277 758479 816438 753860 791774 720383 783565 816776 778462 761161 772090 780299 832382 704551 762096 725534 749811 737756 800514 796545 778114 823914 775306 784581 775700 728403 808657 784889 839924 817137 837214 873174 760017 734408 767092 730428 798205 765890 763286 785206 817209 716172 784913 787987 707911 807652 695560 803647 828288 803652 789619 758409 795382 729448 760346 756139 761086 762669 741169 777368 780870 741518 754307 801272 733614 750056 798146 761335 738785 807910 812587 709895 768095 767908 768184 787139 731251 789472 797354 741534 774283 767657 770769 796598 841466 802309 759660 853246 713661 782548 797994 822814 771403 758931 778669 771743 817691 764131 767254 740411 757894 800115 759380 802604 798812 790152 769753 781915 770285 774191 794843 781292 747724 838519 787599 790465 763612 755469 829074 829451 768137 812741 800973 851138 761936 732838 780212 716700 724081 745322 768362 757022 818916 750240 781672 718393 782776 798342 788271 727721 784249 748980 735617 737610 772864 779821 791271 786473 728539 710051 793476 758391 789258 754991 795828 783588 727538 805932 789621 774736 837512 761418 787286 797546 769007 711581 747923 786314 829854 725226 775315 799644 744281 753535 774800 741952 789510 748954 726790 774466 758803 729342 744219 800854 762087 835075 764723 790629 
722700 792788 768661 759694 739100 738350 817238 728864 780111 714167 730193 719701 756771 719485 699413 712786 761097 723601 762509 737347 717127 729709 751318 762094 717814 738352 771331 704734 703212 704679 749842 758746 730557 763483 771057 746793 709804 764142 753689 756454 702360 786278 737915 717128 743007 712642 772347 732812 752894 725483 761214 710990 762938 757623 743732 716952 767537 692576 811609 747027 734567 753617 785490 741462 749919 798807 725599 772656 698450 694772 749114 744904 745360 751445 756538 740572 691716 760921 778051 774753 740110 743235 763275 724593 702516 810067 747078 751275 759944 724969 746500 722792 699718 739652 706692 757343 714776 774034 750463 771121 684131 745651 775066 694691 754882 725468 795587 700268 747388 775306 739734 742641 721850 738378 795389 747371 711311 694940 761451 764561 763668 740294 745348 771309 794514 705032 723927 719469 705005 753149 776271 775001 732857 785137 749376 781701 754755 720724 777045 740639 804992 791539 769037 823623 754482 720909 746815 722732 777886 735258 718171 783418 759032 704553 772447 766618 736336 777124 699477 793265 812666 765167 769654 697939 779983 708840 738693 767798 734536 749656 704707 742501 764972 731243 752247 786960 736412 701734 750696 687657 732740 757598 795914 694339 730399 725247 718211 738272 757084 773026 753048 746212 726163 761247 755711 757874 812104 777703 754449 772365 733679 736823 769847 743221 749896 785072 733026 751797 771816 719456 725278 690442 706466 774233 765698 778946 779259 769113 716930 761083 735467 728905 782109 744367 743431 826061 737849 744371 726286 728388 783930 802619 752860 769187 756765 797781 724995 748860 768970 720784 738193 703466 740448 734338 738770 720789 733713 704741 778303 782257 736440 706308 760657 728667 724292 688441 726865 773824 758380 792882 705872 725462 729861 711155 772989 706243 770873 754179 716795 759249 763708 753297 774546 725199 725915 767991 733759 713707 701644 746888 793399 703720 745946 761269 750227 715635 733225 679824 760171 703438 699053 765262 746567 701706 710809 761987 769656 809514 702451 727059 
686654 774425 750851 733904 695557 712061 802975 727194 745228 686554 710473 715533 746366 702588 713194 702368 698573 723205 758194 695847 714781 723100 767131 772430 724664 701992 760143 705999 749116 711816 698113 709744 683197 725799 705885 745895 706958 703310 712551 728730 685589 768774 759382 697135 723992 712003 736125 729010 711011 721355 728242 690933 759858 749785 718034 691882 749308 671770 796485 742705 722940 729596 788877 735379 742578 773645 720771 741471 701760 670828 729212 748273 684037 707623 749440 706434 699426 743194 713993 756179 687575 707447 749302 681545 689691 789365 713078 718725 743449 718165 724363 691948 695941 750742 698079 713236 689212 746207 728653 748227 663246 750018 752956 716427 728609 707698 793871 656129 739008 745858 735914 722345 695520 705369 743123 713372 722542 668769 716539 780709 739327 724927 737439 720558 780466 691716 695001 690221 685590 709667 754019 757324 725412 754146 726927 740700 748870 679883 770915 744157 759130 753932 785858 809431 720232 676518 736992 703490 763051 735592 692274 739875 757531 685249 717570 750322 687412 747919 671407 764412 781395 722408 722554 700407 771340 702974 707884 723634 723316 709343 717819 718967 742465 726180 699464 749053 693261 694887 729033 721754 709786 749694 767755 645686 692527 722300 735711 730553 745045 760978 758270 674743 733243 743474 710986 742282 771940 772015 725988 761036 702556 717227 732321 746592 696429 740620 729636 726849 722228 718306 756358 706249 681016 726802 739109 749073 761850 772914 696497 694759 738498 693350 773437 765567 715546 783370 721235 735582 694182 719043 752363 771976 716207 734313 747069 807244 749769 668336 769785 669609 703824 678283 751367 748962 723206 692928 716164 687537 777787 787851 715817 695876 719434 724535 720118 700373 717745 744034 768108 758348 684993 675325 740936 691044 758456 701400 755262 736051 718421 725033 734658 743167 784875 723855 728675 752374 730441 700998 718787 747111 774840 695750 738581 775811 722215 686251 752428 692814 725226 704240 675154 723808 720538 671133 721091 744619 695777 786454 709444 728982 
730525 806708 764980 788396 731059 757484 839618 739369 778527 763650 773803 748008 800007 726964 733909 747275 776349 778120 774486 731431 733403 771112 786516 783964 749299 762064 786027 728272 766083 723117 765220 751210 715749 796475 778617 767310 730602 787151 796573 765969 687305 781186 767055 720703 786183 744115 783445 750027 738703 744673 788134 724850 748182 775463 740786 713152 770502 714872 828302 766973 746888 786316 810505 782771 777632 807253 751027 757186 732935 726876 758658 788370 738032 763894 775072 747358 725224 802066 785395 805987 779362 763094 787367 745032 713581 826420 765807 790881 791538 758891 754904 732493 740711 766934 725396 742584 737000 814493 784660 811811 672127 748231 791183 730944 803853 743127 816185 730536 784870 810693 745706 757863 739534 751277 792304 769700 755420 702875 773187 809502 789102 771755 793175 779253 814858 714169 767928 723488 717114 759843 805992 797774 810750 794888 758872 804491 781945 738180 808593 795722 825334 789379 808742 848149 755181 729206 761149 688527 819471 775107 712280 800762 791554 709067 750670 760256 747256 799620 712032 773703 822229 817384 765997 743360 804828 735646 765441 753625 756091 785081 728452 791301 758481 728174 755249 781121 734075 762349 780108 719150 750309 791794 820003 722296 719168 734830 739875 759863 752397 806123 787919 740620 750163 787505 778420 793257 802897 803310 749225 802102 754969 752628 791233 786329 767264 795458 750065 750667 778664 741008 776958 750146 739856 800415 812436 818649 787277 791466 729596 730297 771916 725859 810270 773564 777675 795566 767559 771720 745200 751742 785739 843954 752154 797024 782428 831578 748665 775579 784421 727262 767834 729300 784347 781644 795360 730063 761372 720559 795104 827583 756208 740871 786306 768240 768748 723141 713854 763036 765326 767812 703098 713005 764616 711966 768936 758419 792005 777806 761081 762499 767764 811737 824850 772497 776189 804430 751477 741428 737457 770692 804686 718410 776592 811749 760987 769739 764855 730399 759663 725725 722532 788591 755327 725855 767988 759955 763483 826420 747708 771222 
695674 736099 725163 742784 721726 694888 787340 714045 743581 697950 718565 732376 771981 736325 680641 701121 715679 761120 749944 731560 672247 730183 759388 746101 739835 702337 736143 735781 744937 700673 718702 763082 697183 755426 742014 740302 739651 758315 739366 738904 681130 740929 762978 702192 750645 728339 741310 716655 724007 730159 777921 710944 741856 763188 718455 697865 753736 677617 777946 742495 730351 767884 805308 753947 727754 756702 721800 763521 693334 691614 746974 724077 689148 723801 750744 709666 684686 746076 752943 739495 706626 729942 753006 697381 700751 777194 723743 711273 745840 712812 732340 703861 671962 747093 717133 727321 719437 754561 725265 753085 668095 742797 764282 721287 738748 733830 775405 698120 719810 771971 720224 721932 694814 707116 760707 746023 740562 703141 706005 755336 758313 736343 776166 758087 785800 695779 727931 702107 685203 700512 749418 750610 746828 771519 718743 727123 731942 723173 792726 753911 770088 790445 766475 827939 736731 698330 719200 681760 763480 743720 685670 759108 761048 684737 746607 745426 648968 747030 681253 764166 783108 743765 734501 715502 742224 697517 717933 763825 743069 723799 695509 733133 738850 712602 713670 725242 709875 685803 737086 706141 721647 772363 785249 679702 707951 717093 734471 724107 717207 751644 789579 684762 755159 744276 714152 762200 772681 770585 744789 781208 710251 704018 741129 782541 722985 742831 726410 724416 776497 723806 743351 722685 707839 752047 743723 779728 756264 769569 697071 732224 750523 729773 742821 741505 719776 759866 760791 737066 731118 712050 758500 810179 720952 750242 732580 822026 712449 695022 776522 681344 703900 676410 733891 714772 755654 715940 708192 680461 740072 780987 726649 692638 745570 738655 712395 645811 716925 746640 706695 751234 684707 685992 754158 696016 746196 700927 766148 747575 707387 727660 748120 753958 802295 719187 747262 763691 721975 713764 711616 750638 793486 665982 736015 786678 718751 717603 706953 701640 723563 683412 687425 737466 728082 667113 728980 768757 727440 783852 720556 761946 
732392 765681 763795 759868 741222 733635 826729 769935 777608 722895 745521 712675 768452 735752 712119 716246 758636 759177 807081 745019 698415 749903 747595 771947 745757 717986 787699 733808 725378 729532 764427 757586 740430 788544 773081 762056 736342 772370 770306 770680 725687 781464 798901 732707 739897 746458 753240 746390 743788 770751 749143 710834 764083 743710 748596 734616 781558 705233 827482 773378 743043 789517 821316 769393 757349 793120 743301 756124 735155 693900 755523 775137 742300 782281 784226 752645 700325 768459 776406 802247 736309 769001 776146 700759 707840 822303 782721 743059 761786 737288 747307 730667 703527 758004 710863 733516 732337 788426 763250 776448 711973 730244 791486 731234 769371 744739 776341 688969 787922 782307 731224 734195 717042 742407 784584 765890 750297 713830 735163 810551 784900 767523 786769 796077 828793 718072 729753 722882 747896 718453 790125 770173 757890 813291 765883 767673 759671 730110 818026 795503 810721 786275 812586 831918 740799 698005 735563 731077 774774 759615 689647 762863 794464 696386 762449 765906 711101 791792 716810 789690 815716 778502 786685 734956 781030 697911 756002 770188 734514 772022 711599 775495 755076 728806 730991 787687 717070 737268 792892 755000 713667 744947 815523 701819 734652 751829 746034 767506 750989 779217 768732 726991 750213 760158 773143 773677 813344 822124 746652 812984 700602 747208 763730 797176 727723 760544 744955 771370 775774 763035 751502 740193 723278 779964 784812 773801 779197 820742 733391 750241 764654 739050 763722 769572 737583 798084 745083 771295 743837 746666 794821 830312 754247 787738 770338 860640 771170 740736 782235 702339 697476 725374 754901 791364 780790 747512 762563 689897 787534 796183 746919 721406 763391 757621 735293 711349 736993 766729 762664 798664 721934 674381 774509 730922 761791 726419 779572 781390 764322 783861 749037 772840 832326 734488 764621 797240 769601 725799 718700 753513 811115 683303 732180 793432 774838 732371 776938 737257 736410 719548 706752 774848 783290 742548 747864 772549 725409 818263 721815 754068 
692530 782213 773202 754853 719809 721142 801454 719522 758054 735355 736905 722954 773623 707289 699660 723711 716960 755656 759836 753379 714630 739272 760480 743376 729442 706632 761130 703173 734524 703168 751818 730572 725809 768078 731059 731104 719128 755616 758494 764199 691410 759212 764169 715855 727226 716801 765995 732879 709013 704257 763221 699493 743354 782009 754432 694783 755415 700763 813279 757379 740393 751232 779756 730878 761556 807559 717499 754164 700165 708501 765213 753251 710653 740022 792414 750925 715608 765227 754468 799602 731475 725421 810226 706232 695185 830845 694962 759894 783010 767807 762114 710221 707859 748558 716934 729584 669915 772428 784286 762233 664435 744189 797610 733576 762138 730790 801634 685691 767665 778947 708619 770688 706171 728803 752972 772693 749810 660706 758925 783215 768721 758345 753592 754723 792605 693252 729191 738552 705964 736154 782389 769448 789947 775477 739954 754163 726326 692061 780803 767578 806685 775467 790106 835399 738980 732124 728558 687423 767377 758611 693955 768591 772515 708923 753146 743020 702980 806856 680955 787200 786068 771676 724442 688888 777093 663750 745128 732843 728971 719514 712420 784502 722673 722750 722213 760078 718185 715170 766683 738975 716144 766317 798044 695663 698437 701636 756500 735873 722834 768177 769903 740176 747225 745943 742958 765884 789120 764195 728467 778809 720544 750168 760856 798522 732863 738583 740184 744026 734156 752150 737384 708969 711887 768890 771325 797338 792276 762057 728085 727071 758527 754273 758304 762952 744130 804348 746822 751284 740056 745684 780796 801036 736740 801324 764675 803721 742293 720050 767100 670042 735977 737614 745216 766429 761247 747661 737013 677445 803239 804780 706060 723720 744122 752564 710849 708787 721628 742549 735499 771687 706532 703008 782877 678596 775218 738829 773165 745000 726800 767344 742737 737302 780352 716587 748375 788393 698818 723626 734566 756714 771200 692491 733996 752804 738894 708497 752866 694291 725031 738045 724805 729920 725785 691756 724209 791563 738698 798211 734719 744008 
702676 760712 768000 761709 747263 737920 815808 721860 766941 738865 758768 785039 786621 706689 715780 725482 732075 772660 762738 735156 722798 761900 785919 787025 732663 722703 764952 723070 787531 719012 740298 763817 707330 797782 743551 781603 738046 780800 750195 742753 751952 770119 762437 730313 778686 757365 770443 720947 758035 737783 773563 710128 749787 791261 761489 690167 757978 737326 841221 755394 714070 801744 781997 731406 755018 779104 737826 763913 733601 684732 763868 769172 733317 772413 762721 754343 723805 759718 758731 781758 756434 749249 772836 700222 733029 788246 752416 778415 780412 731010 738316 740893 719352 776511 722647 753264 718419 757992 771149 784660 683560 754740 804947 738416 780091 742726 802571 693480 762225 795282 764490 753971 684754 739656 784429 735715 746297 697311 763107 793853 772235 756115 764800 783054 799524 713666 747170 747423 727623 739031 774663 762566 781128 788549 745402 754682 785685 735859 805670 750153 807821 787847 784312 821266 752464 739800 764775 697710 776620 760069 713279 762606 795003 698548 773826 760118 711849 793010 694128 783912 802047 776233 756639 736011 788971 713877 742916 754529 737785 749913 703885 780975 735464 755047 726459 763892 709628 754513 782051 734511 712534 814376 815026 697048 736105 730544 731939 757434 727355 799195 777586 712770 761919 742803 749372 788559 824498 789778 739421 787592 726063 745356 776378 780822 741979 768050 740520 756853 773327 764056 734837 746299 692633 782056 790170 790112 785913 790701 727145 750164 742831 753365 794899 733363 724828 794764 751183 759842 743136 740505 810015 821456 757429 769597 794844 791248 741337 730281 774979 716975 723314 727030 744014 743985 806691 710479 755924 713903 790463 810692 752896 714455 759378 753318 704813 727786 736965 768715 794006 767596 686531 707030 767568 722572 757025 735624 768938 777859 716752 746723 785482 775413 812801 742363 778018 759305 739656 748893 708992 765802 795989 698144 744419 781986 748443 713445 745972 719772 745653 712304 704221 773453 726546 734336 740394 756380 758996 817884 731018 759911 
710913 762755 747097 746248 698130 709264 823522 722923 725584 696934 754800 695723 765315 690205 687815 701288 762143 735208 754507 688710 698450 715871 775272 764168 728878 701264 751057 712525 720564 722811 724553 746514 713672 752157 730331 721988 734474 761967 737860 733822 700558 741341 768663 685520 753141 704509 776903 733107 718686 687596 770150 720351 749619 756461 743923 674770 750710 697899 780439 734522 706633 757541 804666 756225 741483 798929 757552 750346 701708 690680 727047 745963 721764 726465 772210 716508 698194 760823 731493 776569 700909 705455 765240 707295 689072 783757 744929 722500 751250 706649 759076 714381 696660 744223 727269 719775 706540 773770 725750 731413 680267 725041 772497 746677 737127 735261 766032 674784 759155 765272 699726 713318 711352 741413 765010 762994 738382 677140 747631 753745 748167 719283 773089 778684 817450 679942 774472 726978 672233 723101 723284 762468 726811 772193 709234 756687 739320 698522 793511 745866 760313 787136 756058 835098 757714 708253 735899 679430 756152 760439 710379 751923 771124 676022 718010 751971 722232 732081 671113 764427 804107 743391 721119 692094 788957 692015 714688 736629 725157 739352 671579 769391 731096 730223 700216 783967 718130 720435 747298 715975 720020 755132 765807 662727 678527 717650 741695 716810 730831 743051 765575 699111 729197 747963 751545 721188 798457 757102 751689 784454 726985 737757 729356 751422 734682 775359 760977 730674 731698 715521 719873 703814 705748 776479 759958 747229 773518 736292 719311 709111 705211 757724 757664 740443 737050 756779 726328 739511 726351 705068 749290 803078 703669 766881 735492 785118 723591 706611 773467 698651 705372 720501 727398 752973 749033 699931 700480 696173 756341 771987 729424 719082 746524 703412 722608 690774 732494 735543 723154 763002 715298 672575 748164 710491 728081 693184 766601 745383 704472 722835 763121 757264 794342 718159 750238 773617 703959 678856 715905 745464 786988 678965 730809 747967 718660 692408 699289 691728 737278 703386 682405 717510 728275 703021 724727 811339 728551 797246 695364 722255 
710884 783895 736653 775643 729236 749225 786642 711585 755416 722807 732733 741241 763855 720158 685868 691109 740589 733257 750902 725560 704322 717036 769508 754456 720036 755134 757649 718055 736349 689029 719346 745250 717879 736373 738455 752691 709484 758718 736163 734816 703962 762998 741981 711779 754620 735507 755365 747487 722741 716877 740523 706600 765089 781914 712223 682637 755586 688881 795307 752400 739069 772093 772110 751362 779548 775248 714150 746741 674694 665760 750113 754384 716313 762288 735154 725356 686659 762384 758966 788653 726580 734198 772687 701222 686745 830239 752700 738743 768588 728095 715470 716523 714789 756657 696540 721209 700321 757267 749075 752638 667919 741016 768576 671272 727204 733887 777823 698435 760733 789133 743953 741647 694015 706680 766492 740077 737398 703283 745925 775236 743209 752212 754074 751420 797351 685681 693121 734879 732708 725975 752600 786781 772914 796673 732573 756855 771492 738840 781127 748657 799593 794920 761014 839649 768087 713976 727359 698619 783820 770207 702280 751286 801617 689448 737783 757934 721159 756587 694668 779084 783084 794348 738235 707014 776294 689579 753896 762009 723440 737078 678283 765477 742827 741164 699324 781787 694641 727648 733502 709415 712199 740374 779650 668513 727189 715820 734795 722542 741031 781013 772980 705752 749354 745092 730029 765234 794178 751887 723166 773217 715535 730386 725424 771958 752639 733010 785499 746960 737286 713114 724720 725976 721954 740401 766392 761722 755752 758097 729282 748354 729295 730731 774400 745518 730166 797195 731743 751837 712577 733419 789870 795383 713348 784306 777973 804619 729546 689856 766107 710343 716524 721038 743884 773468 782943 697929 737650 684652 786875 783286 743456 728884 761699 728388 721763 692159 712173 720453 756219 801930 705497 716660 756195 706777 732194 736290 796991 736851 687511 767634 747755 778037 822986 711336 748469 761919 732858 720442 685050 754995 777021 682374 753665 777522 734333 717413 768197 684480 755703 713310 719313 733580 743805 719548 719462 788922 737418 805658 693620 733692 
717183 804762 777864 776918 750145 714445 832138 744945 789306 737918 736567 721368 785921 727813 717457 728374 713503 747868 771912 718527 706550 741693 771077 792032 722471 768395 769502 734274 770596 727376 736333 773483 746859 796594 773980 766888 721213 784137 790660 781652 751118 787493 776383 759185 740912 746670 772070 751927 756251 744482 783426 710980 755813 765268 764436 682788 769017 722413 838154 773546 736152 776364 822067 757425 784512 789552 699833 760684 737555 704977 765592 787140 743276 755169 773336 777235 722749 774381 755391 792126 758793 730770 797257 724787 691671 820050 735931 761122 762251 730490 771470 766852 709295 772446 726480 724371 722015 763533 741471 761493 707593 800773 791073 722358 738186 752639 825004 690874 773501 803610 754085 742170 722100 764310 784052 777237 768949 721700 782440 781162 775915 761371 754118 774264 799351 720152 755039 740190 711516 742225 772713 777929 774493 789291 739742 775941 742500 760499 788895 791437 804341 822781 807310 847858 769728 739213 781072 740588 810105 776804 724736 781285 804470 705006 774913 752576 723221 795238 721381 815068 821304 788538 731103 726396 792874 732740 744046 773574 726287 771159 731456 771995 754413 750175 755625 760680 750775 747020 759081 730969 735816 782512 806689 677336 766677 763552 742789 744040 755774 779358 814835 760536 756566 763378 749488 767175 833859 777426 776942 794556 747964 741071 758914 779512 743524 790977 781522 777857 775302 755606 777861 739252 743265 789778 787954 813278 800482 804521 772437 766271 756386 769891 807994 762382 770493 815577 773274 751898 741743 737243 788464 825329 751844 769060 790856 809807 759811 742353 774824 721095 734560 739806 776392 764434 774922 743021 766435 688732 804946 833659 773393 740602 768963 762923 721991 696616 729052 759937 780342 797754 713759 699945 767261 710069 775765 750501 772249 789524 755446 774520 766011 762337 821181 753707 735797 795171 731499 724905 741747 788858 819879 736574 748025 809516 762537 723668 756511 730525 786556 745724 741751 750766 747177 747802 739762 803234 738274 802586 733545 762399 
749387 801729 780335 753708 744450 735726 818358 751500 786113 750066 758385 760862 809801 727828 751484 735308 765025 765784 778815 750091 725865 770026 779609 794588 739259 732451 753571 738085 758561 738334 780805 772901 738479 795877 777145 794286 752231 800644 794396 779210 707457 760055 814404 730224 779739 781481 799597 734616 777221 774581 777387 708468 768057 773638 757742 716069 778584 695692 816088 779501 743973 789672 800492 774453 758938 794929 723904 790076 734934 704133 754300 814219 747818 783677 754687 746616 747285 769790 775226 790278 727313 760918 800132 716733 732071 842307 766709 742693 768077 747135 764233 742561 725653 763832 725446 738526 739574 790306 786937 790859 688926 738918 779833 746326 781734 775405 804272 714697 788398 803468 763676 775508 718574 759738 766343 775120 772846 717880 749056 818989 747492 776762 796474 760817 796377 716760 763272 745018 719217 753307 779665 798334 769866 803603 774403 765638 788790 757107 818719 774744 806236 800847 825373 874087 776606 733969 765717 715923 783281 793187 678240 793996 800065 733485 758583 795739 735412 778728 715924 809146 792440 780840 766069 751888 763422 718185 748421 796603 767884 771217 716648 785270 785250 750400 744136 784952 715035 755078 779303 745132 736045 798903 808533 723999 749472 781474 755492 780693 730985 793919 785331 733363 747207 734356 756172 800220 812266 795795 769970 809657 718007 778632 766516 801627 768540 756141 804535 796415 781315 774967 759103 759919 748271 784069 795043 796331 820103 816103 732232 762406 768670 763488 780965 752844 752850 808097 777980 781198 739287 740111 787533 826277 750476 810115 792133 832155 766467 737453 785585 721602 734216 748772 758686 781298 775828 762186 763477 687887 807714 809493 750921 730388 753661 768543 728769 698242 729944 739517 792486 797334 734714 672005 777006 719962 758799 741882 802952 771529 752135 771354 769468 771470 820633 745180 780174 803152 752358 757324 747821 788917 820071 698135 765671 801355 752071 744076 792674 729877 749506 711206 693287 775926 730394 732056 779415 821131 747336 847260 733591 762413 
741252 809934 803405 803512 763170 785877 879115 740729 780544 741789 763590 749799 794073 752921 770110 762526 787912 806635 812085 775922 752552 770183 822464 821332 775740 732348 794235 769137 780262 746054 763058 784297 753016 843327 769706 811676 763445 789200 787500 824395 752639 778148 821393 730470 773236 744108 799416 772880 768343 788670 832288 733551 783988 767371 767647 718001 790039 747807 825341 789314 760369 808833 864445 770560 773257 815321 775644 814585 728042 731016 782339 785828 761480 792722 797585 780560 775769 793249 759893 841898 757011 806738 791956 762535 726444 829346 774064 781190 825076 758009 774693 762928 725752 800970 777246 769011 739979 836824 762108 813512 697051 787292 814210 754298 815734 780789 816971 725296 812316 829434 735265 791477 728993 766969 834870 816829 771468 730936 775918 815388 793841 789349 804126 793739 827659 713763 776327 727765 785282 793281 829268 806067 799203 840058 769638 832665 785248 742609 814214 820339 829477 836732 835325 874232 805257 743517 789221 718709 799379 808980 742531 830217 803339 760963 786596 826999 734238 804041 746255 800791 846113 821677 793001 752428 827669 733022 769267 818000 775596 795496 758417 795660 797753 783846 793937 825946 749983 769199 782483 760901 764279 802478 847694 726067 733267 781056 771729 750571 774562 819322 812270 756117 789235 816525 778644 818993 856076 800478 788721 853672 746726 751063 798716 828983 773490 801901 798688 779706 827012 788719 802839 780230 743974 819699 810334 836915 812452 783705 793425 775371 790551 768680 809830 780476 791690 824423 800089 803856 788070 794372 826709 858964 764964 811975 786373 850101 782143 750876 819902 742192 744864 775539 825237 786377 814775 751375 789524 746349 830709 848931 777248 733845 795816 775843 774423 743192 774192 777451 803117 807326 760346 716824 809111 723643 775441 761609 817359 806163 732776 792711 799828 814339 841176 787938 791873 834641 768228 779656 754725 794771 831303 741442 792917 811610 793299 753410 773248 743984 804109 761490 760317 818229 773945 753768 810176 854952 745569 858027 790325 800658 
760166 850397 812000 830940 776092 779891 870955 779292 814898 771846 787251 764989 849948 782284 764637 770636 806438 806148 806543 783085 757912 771957 827884 807647 784754 762121 798110 766065 804870 776746 804477 805358 769773 810839 786255 833208 765413 807072 804119 808930 726781 814868 844314 749213 797691 785743 815239 762302 775991 781556 813778 760393 816176 834514 806616 727722 844142 740886 839442 835516 784393 824789 858311 810042 827577 833378 797018 808465 736178 741235 797744 834603 792021 800756 799589 812877 777433 806082 806432 844490 762252 780405 813029 753348 758035 872597 807819 799543 804676 777624 814160 747684 765398 806583 780210 791062 771873 854543 805843 825997 723571 818778 818535 762717 806602 794391 848310 743526 823798 827399 819296 790623 777152 775246 832041 834016 787713 744573 824071 829413 799320 809599 820074 817434 860425 711156 755328 772580 777631 770783 821432 854389 813326 861540 798486 828574 808047 780550 834962 812690 849494 848942 830773 876685 802988 739926 793665 768002 828320 818005 768777 811539 844835 750835 807292 802295 767033 814179 738182 823672 878209 816319 815735 774575 811841 743132 804666 813879 810834 784143 759372 817469 808917 775218 795152 854218 750217 775503 821208 759382 766244 824835 854736 756414 783152 795475 778814 811700 799547 830787 811337 776715 779819 790358 778832 827596 838135 838384 777306 872147 763673 799739 827441 823100 803295 812714 805741 805115 795171 801598 815732 742783 764899 797239 822911 818787 848394 833961 806010 790799 779022 760239 820262 798069 784857 829262 785853 797194 799898 797957 823756 888204 774904 815478 811187 874485 772511 777201 827419 716686 768370 770376 794013 786012 813319 759288 814123 728780 839915 816750 776667 766242 793017 780838 770263 761683 759325 814693 831882 829938 768687 716818 823226 772860 785534 766674 833865 803628 796157 815911 815355 799965 842317 764177 793316 836893 792491 775947 767469 800902 851857 743736 782622 810401 781358 766335 804681 746836 780136 766016 757553 806801 775939 764996 788240 824388 802218 865599 773528 804430 
749009 811608 780006 794756 725949 739105 828945 733950 800494 736890 760599 710467 811311 721322 710452 706649 776181 779175 788763 759402 735522 762154 770602 786833 742532 747574 778679 744009 758188 719141 741842 755754 748099 811578 767914 796910 756317 783440 763053 781172 739140 777145 795903 725446 769108 753037 792158 780070 754523 786657 783177 740142 794609 804551 766966 744661 807517 704012 806871 801194 727626 789806 826859 777348 765684 793933 727661 756844 717878 672598 764010 805135 765719 785651 767116 764188 721722 785224 790013 790919 762012 755512 816754 714160 725389 815035 759252 798130 793610 772610 783599 732547 736054 762348 761905 763532 724762 797993 782979 768591 687525 773183 805072 753822 797834 749202 798353 706070 749620 793435 751942 757242 737102 743683 761211 764942 774251 730814 771979 780728 791990 780481 804076 825370 852138 711869 711491 719709 760273 757041 773110 779324 793352 828241 776278 775245 780723 723887 787131 784932 814768 788125 827146 870273 760589 728297 758985 720154 788011 764600 686075 810341 780559 679336 751759 779684 723021 799171 696028 793938 814080 791117 774641 701113 792438 759924 778746 770612 771142 783897 718252 778538 786332 716707 742703 782448 748138 730811 770470 765960 743814 769643 815611 684927 738833 742455 782384 769092 764952 789945 818750 751434 741295 789451 778599 796755 810787 774851 751733 832405 760733 771024 792646 802696 775737 787533 743340 761501 766051 740186 785639 742632 720911 775144 797959 833324 795366 820326 749310 788850 753454 764374 768687 784826 787502 810920 780298 759749 746586 769931 806916 823922 750842 793977 762695 849598 741196 765151 797451 700726 721428 772655 756387 779732 793299 753236 776423 688465 800394 813003 764778 754451 739952 789170 750501 714462 729854 791561 752926 816737 738476 717402 776665 756532 790233 738944 811887 775942 739326 778294 796816 751214 835549 757540 761852 823791 768725 726110 743071 796911 803088 703883 759751 818234 755719 738796 778708 738760 794100 736032 733666 751788 745441 718086 739261 812429 757769 835631 773137 771630 
729141 791987 754129 751190 731162 741505 824481 758670 765320 741981 744082 735543 799133 741675 702970 752276 758229 780215 806808 760111 705160 745127 795117 782292 783856 782407 763556 756666 742205 739455 749919 762730 714628 785933 785331 733695 743409 762617 762249 772110 711168 770570 792070 735803 765222 743851 783300 772533 738630 747365 761143 717152 749213 764771 753983 726532 779098 699285 835182 757349 760827 777992 835713 763972 770691 819947 765663 765638 712317 715300 767581 768193 745786 780926 757063 741158 708489 765924 769246 782968 723095 747388 783755 740319 712719 835718 754541 762630 773752 747945 751596 741451 724895 756344 743881 773356 731048 763160 764903 777044 690250 736974 770087 707177 768729 746345 776939 689213 754809 796739 747457 764715 730355 728225 786153 770607 770263 704300 779758 787793 771234 746053 798720 783283 815183 690270 742516 720481 740624 730489 772631 781314 785685 791876 730631 788112 771973 721941 803890 759078 798924 798514 813886 857501 762939 699204 749798 722650 789136 766983 705968 774367 785030 712980 749468 794609 746916 792102 710925 788885 794141 794085 770624 752509 802133 719550 757460 765476 751582 789829 732402 789513 763371 752850 742753 799490 728176 708695 731373 740425 705247 773795 814187 714160 695578 745044 742944 748986 735590 791006 766826 713235 737791 781339 775545 773531 795596 760793 754738 831431 737619 785632 777457 777912 763550 781549 721363 761917 748321 742419 743299 729904 728460 789043 757992 801068 791500 795404 746370 771868 730813 731038 784599 737245 758152 807790 749097 761563 767315 741320 764946 807758 739611 800949 741457 815539 747739 738241 788575 688413 724829 758634 737441 793473 778568 737030 738291 693805 790634 784375 754221 731148 794486 768075 734435 731875 747784 790350 770694 799503 746488 700387 756568 716003 780862 723084 805340 755873 721213 779221 763140 759159 807138 723888 774623 800457 752972 709816 718633 760776 782157 704442 752481 793457 738262 730242 779062 739036 789619 726498 693072 749586 778816 734042 741422 778893 782367 811838 739875 778724 
662824 719055 736394 736784 741359 711666 795567 705736 758588 691056 714215 725686 740142 681306 705214 706082 684417 734304 747904 702880 694378 721392 733271 747499 714462 687847 735135 713418 721225 728925 702927 719148 686987 740073 712772 736540 720510 756903 744954 726789 706566 755369 746160 719745 735080 717956 747162 733481 697871 719942 728754 702127 709109 756301 721229 672737 728685 672200 790200 722423 691181 762147 789611 684072 733243 783390 703616 761819 679594 698295 699632 734083 681824 741786 725478 701669 669218 733840 744296 729576 699567 723111 758996 671203 693647 786548 719851 730212 752629 702929 704343 707237 664635 732735 679903 719129 699836 722517 714623 723877 664136 750836 750267 705225 731123 719787 770921 678112 761016 731286 716224 709602 692938 728257 764483 736055 732469 663546 728434 778395 755342 740506 753940 738541 782096 690684 726108 714074 689082 721130 754978 737549 729836 751563 724548 730077 741382 691901 744775 724921 769992 771836 764266 819826 720821 695857 717917 674275 732909 755188 688979 734827 743150 689957 723847 761368 658212 751718 666535 772647 757905 776398 731036 707617 753897 692170 718242 725460 718612 698616 678091 759424 714581 688281 705902 762596 696438 686044 737832 714329 710265 744243 772173 666216 701600 698079 723805 709098 701348 772441 747474 697930 707584 761059 715469 737569 786597 754024 740407 790130 723285 716457 755416 747525 737694 716619 730864 752794 755520 747598 688187 695019 703385 736470 752542 761926 764281 751108 703371 738740 727970 720584 759590 706131 707048 770491 757687 730263 715229 718555 775769 782463 686906 742326 739143 787935 714157 701251 778828 664290 693016 723170 692561 729833 760141 691468 710350 647917 765100 753771 696164 687396 742244 687978 682545 661126 702191 709292 731605 748427 679839 702058 747410 706438 740637 703981 757178 739104 679865 742177 754590 751380 790671 737023 718430 757806 714856 683228 717992 761983 781624 650342 713367 749863 711991 685227 726439 694032 757212 708755 702078 731949 730355 690279 717909 765933 714367 773935 705912 742959 
713131 794241 762116 770074 742785 719551 817195 750381 786520 720307 745567 740044 797861 712500 718964 725922 767302 755022 796529 724757 736276 758466 790114 771809 742522 743961 806028 750525 766138 731173 736747 732540 730019 784718 766246 772923 742298 797636 732847 766690 735264 761177 797861 714745 749707 754987 790602 733401 734144 747840 778468 726899 750017 794783 759187 709348 797969 721510 833600 771069 756594 802694 808877 767263 771748 819762 755861 762449 737434 688119 761775 775139 743305 767457 766692 757651 747583 743825 758080 795198 754621 754398 791464 713682 715586 807488 766000 746832 789334 733019 757566 766394 705396 760182 735733 745440 695688 774591 730012 739697 698062 754664 786368 715257 767726 737720 786739 706261 777911 804672 746552 765211 726985 754846 783478 762550 764193 696781 770240 779373 775796 752741 770684 782380 814012 714702 752863 729263 745980 739746 774165 787123 758400 799182 750008 778739 729984 732557 766397 760269 794173 799771 775460 844666 758980 719460 767894 722222 778242 759362 715733 798498 787081 704215 744567 764151 746168 781878 674353 791641 795146 810880 751462 738035 776499 710517 767413 768363 772352 751870 690860 766182 765556 746347 738385 758595 727345 738008 777958 733026 728123 768084 813290 688535 714312 754555 752898 768503 758121 777010 791138 731453 773718 779227 766249 795244 809946 763590 744427 820580 727064 758242 758206 788509 735149 786799 750079 745014 773820 750999 754872 759983 707082 798146 788711 768271 780093 792548 769070 774282 733173 769112 790624 762275 762413 803256 771616 769251 766696 770814 790235 827023 743599 796118 781074 837617 762415 703268 785443 696611 721663 733484 764854 763559 818801 739357 751192 708405 788746 814713 757990 749050 785912 730080 730562 708033 725365 769277 785682 785679 738977 693860 755553 730768 769549 752769 775666 761584 731725 759035 781515 773078 811154 724928 737757 791849 731336 719260 709836 779244 812367 700247 752702 787442 750687 700069 747464 723561 775398 729919 716377 749769 735126 750427 755067 791435 737370 788599 731980 749898 
754554 796368 784908 760335 741796 724896 851640 744338 780167 757940 751256 751017 806885 755373 709556 726350 757951 775907 797646 752883 724821 792564 751676 782097 765408 749118 771271 754846 764261 730211 783863 769101 727302 796937 768879 801463 749535 781537 800128 778009 753096 800334 806004 695707 802940 765802 777553 767345 782951 774979 796981 733770 774853 774064 788305 726919 806564 728563 834421 782401 777597 798900 812621 777151 768511 784595 714191 767060 715560 693581 786472 775925 773422 798791 764275 768318 732700 789064 777616 809032 759288 785322 812849 731512 734733 830103 785458 761142 764558 765823 792968 731784 718064 770149 751537 773566 738685 765351 778224 796738 701620 790473 779276 723628 784873 794492 807525 721703 784259 801852 757597 765875 741174 755292 807505 795125 771873 707400 796339 787175 780902 785113 781415 794991 828538 733792 722762 734825 722045 723410 775488 778976 792349 815418 760716 790414 768891 748093 805331 776735 853138 814950 822142 857949 786275 732758 742606 722879 776208 753111 704811 781276 785835 738250 771960 785156 758718 773662 724690 828731 829411 791049 788318 736012 799433 752058 769428 767989 770149 752489 732679 766218 753806 738306 755745 775374 751335 750004 746940 752349 759481 794137 809306 684518 705628 755482 767466 782629 750292 786150 801632 732102 769028 775933 777203 797438 805461 821878 750878 839234 729498 766806 786735 813283 743209 756153 774382 766422 816112 730777 742659 751177 745064 782381 769576 786832 819945 805446 760485 769482 760133 764872 795063 762345 776051 845666 779960 771897 780233 765674 793796 864747 769577 803844 793158 861774 765770 733182 795447 694545 728971 759222 755759 759202 794221 743374 754272 695133 789916 808537 732883 748656 797412 759297 715125 719386 733659 771356 777984 790391 746393 693305 746921 755836 767351 757644 793167 778109 777546 797741 790021 771022 824912 746291 779386 801536 760040 746748 730891 787409 806474 725979 762154 810427 735613 747831 769967 744870 808798 725682 733234 774887 746128 737207 711351 787666 765907 812590 751168 765447 
716489 808474 766106 798992 776019 766736 840079 778273 790428 750166 752467 757786 821474 716715 721727 734258 780841 773211 794003 757497 714530 742258 765997 786413 730322 731122 784878 729245 749111 715506 779893 759716 727060 825090 773702 789514 749402 786405 775994 778943 718780 778829 806823 705393 795979 743629 775501 748584 768022 756930 780875 721322 784831 798880 765175 713555 804277 726385 836681 792293 753062 783787 813581 754935 787185 818712 749336 778396 724685 726689 774143 787607 737292 791781 800613 757318 705659 816902 768122 796037 735569 778074 790890 744662 718263 826379 769713 789062 780870 760041 755546 725208 728308 753573 732535 749220 736245 772719 784101 775967 684115 784723 773312 727084 784931 767503 811600 735321 786845 819456 753119 767494 734387 738534 810237 776842 798964 715844 774687 809434 785470 774745 781353 796994 809801 721026 731963 734546 747042 747099 794652 802509 754643 816212 738971 771253 783045 737003 799714 783270 818152 796742 787465 872562 768951 716458 778301 716639 800392 775073 733059 809186 781211 725490 759262 809895 721073 797818 713816 787875 806489 818681 809617 719971 793912 734660 764044 763369 742806 788104 718642 776669 764554 741444 747680 777339 740694 728809 766958 735708 737811 808972 825075 715791 739583 733178 778607 773116 751817 796068 792895 729125 753568 776764 760671 810260 795431 790392 773644 828740 746707 779515 787552 798258 752238 737853 758425 786536 788481 770849 762948 729745 737866 773615 778937 808537 783158 780480 737796 758462 780294 759636 802460 736690 760465 815328 758345 762693 764347 757825 774739 807378 732356 838329 797578 819225 756858 737866 784253 722423 711698 740876 773938 772655 802791 746692 747917 687180 818768 838839 792643 735494 780325 753674 725052 713923 736248 752203 776517 795860 722035 715979 786348 740122 793220 741208 822561 752309 767946 776045 789431 780142 820468 750977 774765 803827 736683 726832 707683 763601 833423 707444 753941 812317 777062 753687 763333 732065 803726 740197 757675 777717 765592 712430 760628 800759 752756 826689 749505 771531 
709493 753355 771086 768051 738080 708774 802153 714777 761178 737674 715527 750768 747868 729510 710246 720215 741516 748201 711267 710147 684565 766777 748930 757645 739930 702888 761108 728262 739037 736842 729536 734128 686668 807628 741168 798315 726540 749755 757474 751075 709985 752022 794801 733852 725005 752217 730302 708846 718319 742150 764770 696255 754843 775620 753615 695993 751672 695092 793247 724223 736660 768177 797679 754802 742715 767709 680959 753468 726048 688761 709071 741374 692285 757379 759660 731117 729964 768164 739785 793288 750887 721993 772240 691165 670039 793019 727157 725224 773793 741190 762907 742907 692497 768560 724761 719199 674409 767854 722432 768439 658580 739237 781875 685754 755100 753944 776471 682778 748720 781045 724250 740016 691413 720795 759875 763602 756726 709765 767885 785782 763964 758617 760973 730397 794250 704242 724366 712187 731966 736597 780087 792079 747497 780068 745637 743102 732184 715635 783685 758538 784920 782577 772274 814469 734663 715072 757585 704210 776570 762339 671269 764259 766065 690132 759621 746379 725158 787079 700732 795769 778441 766656 744413 700845 770077 711036 759341 785445 731970 710814 683079 751597 732153 736561 726006 728618 692429 687187 743006 710265 710444 760478 783084 696379 713052 711927 749242 730622 731188 776513 756064 723633 733801 780358 758682 755594 800706 786169 741135 799344 717340 716842 737569 766838 723589 746893 732331 717918 751133 729544 718400 736599 715858 753405 757105 758486 789281 759891 718761 724664 767128 723782 782478 732625 701580 780775 728496 736686 739094 728850 758168 832871 769870 774760 764564 824111 723141 699874 767230 672102 736047 709314 755432 756490 784744 709162 731917 655197 770957 776196 751493 725582 759222 734103 696973 716495 738756 724803 747442 778760 685853 668132 747757 716881 725268 736590 758664 766104 711706 785483 763704 750425 798291 725582 759232 809170 731669 708940 731923 771795 798899 671803 732956 786135 735288 715511 721258 703318 727498 726705 718672 761140 728441 696174 744132 781301 742964 812294 723652 778484 
679714 760666 710509 742245 701429 665815 759974 683285 733867 673627 656277 675764 733069 682527 679820 687791 679869 734794 686953 681030 665122 707310 690685 692245 668610 687545 695033 679202 724950 691936 688351 686624 667412 712952 688436 724909 677020 689302 697761 689163 646966 747521 727589 654069 686121 700225 723987 703380 655791 680372 721213 643364 726835 738926 690932 678285 732073 661515 746771 685276 715361 698035 739956 676330 703969 736385 682121 717465 677659 662458 708503 717860 654816 719031 720992 699092 654458 719780 698497 759754 666965 692266 717295 663703 671434 741450 688798 690568 727879 701612 730246 683878 675921 690237 689969 678471 638872 724330 687087 718842 640167 708826 740564 677174 709115 705668 729587 637195 707082 729732 717095 701866 662794 696351 714148 716756 730949 663735 693400 731596 711016 698923 703586 737130 706577 646300 712188 668953 684648 685739 717741 703420 719509 742363 686887 712718 708736 703909 727166 730209 771136 735740 734513 761193 702346 625943 720806 662164 743960 702350 653493 715102 717390 660789 688314 713066 674557 712734 661769 720954 746724 732520 741568 692246 711889 680896 679175 690698 704958 711365 661350 709389 704337 700168 693950 712606 665306 683328 705351 681875 686803 702108 742223 652542 670097 670848 703531 707765 697020 719891 702436 678377 698986 709636 689331 712543 731971 715504 692661 758157 667614 689801 722631 737749 703348 674750 674557 707072 734000 695964 708144 660986 716598 691298 721760 761195 765219 733485 703299 715479 698759 685568 714480 697323 695201 763123 687318 686462 689387 706764 710703 764971 663228 721150 714468 738324 666455 675846 729797 644492 651994 691481 706862 702086 728369 685240 698792 626794 721271 754933 699205 674412 709927 696094 655318 666733 680427 680409 694207 755529 666001 642063 713265 656714 722808 670276 704743 715915 707773 698438 704871 697205 754506 659519 703338 715716 681863 656550 662188 704782 736631 671506 686021 728996 700419 666069 708267 676882 702219 692662 653796 698498 681094 703288 683320 760776 686779 743404 706144 702679 
703524 762744 733505 750029 703012 716452 802727 693573 761817 679272 714703 699832 727659 700771 705983 701719 722974 737452 760136 733627 706669 716962 756676 759651 716752 704565 745103 694731 729756 706207 734047 728581 731705 756214 722258 761205 692566 731418 731556 728174 714976 747157 771327 691238 741771 707705 719608 708254 706616 725247 736039 676141 744730 758122 702654 675013 734721 691148 795510 748541 735442 761697 781234 749184 728191 777211 720816 732715 703133 686647 710637 759332 703878 725567 750830 747301 711215 727648 750535 755646 716010 750095 728693 717448 705811 796181 734365 746489 768961 710936 729383 676459 666682 740675 690385 715245 673466 742408 745040 752910 674337 721796 758539 702088 726516 711785 763762 694943 745344 770104 708884 734552 681857 715511 745248 725286 718766 649411 726333 752174 750981 700390 738020 760016 771539 712581 712090 713972 709440 708268 764581 764166 753275 781792 721423 752942 752643 699137 737697 751932 784542 771283 747711 795442 744634 709969 713920 679993 743626 751977 663057 760969 765130 690851 746439 754116 692349 783799 698667 719942 769904 769742 761101 690387 755038 708155 716071 746575 720597 716255 674822 727572 753785 723795 719738 758945 702198 707722 739962 695779 696272 751048 755458 683207 686817 718366 732165 707483 732622 756157 769732 706540 711298 720140 703275 771412 769664 769646 700825 778621 700063 725817 764793 741657 686971 736968 720372 732880 732296 718376 723743 713418 686084 755042 763535 776147 748311 736740 715487 734238 712126 727226 766179 704084 701470 785866 745240 752223 721893 741389 736016 776113 719458 795089 742078 792251 705738 684478 777336 670451 695132 715787 747431 740519 746386 722978 736599 662742 769379 802267 701919 713420 723519 717743 687558 684534 693374 725276 730948 774235 702649 659569 753336 659805 716162 711050 746129 735866 702339 752473 736705 762987 773777 718574 727739 752145 713201 710908 702239 741063 737350 694763 725189 762545 742807 705181 765454 686124 714251 695258 692520 734870 733865 705459 704154 776561 689088 764530 704961 761856 
700117 769710 773339 737309 729844 747967 793376 734718 766436 717922 750341 705180 779046 721779 697159 755680 742435 694849 751382 713789 710678 740538 766182 775758 780513 752279 767763 746473 759532 734479 709806 733452 705050 777579 766384 761698 734278 753770 777539 758638 693227 773166 823285 718081 738495 747019 769812 724502 743711 747600 756447 743008 746952 774815 737604 675548 758636 704153 812095 762806 733574 755637 839895 795996 755049 763174 733101 762482 727911 702312 755852 776003 716448 778060 766881 737293 741163 760566 731928 800687 735930 747559 791061 696537 728784 834600 742034 726565 770658 721801 731685 736655 706931 769169 743541 753406 699586 775447 762426 779978 704335 751361 768743 690188 743462 729316 798214 720048 744039 775604 716135 734475 709786 715539 786973 760897 752724 698294 730656 800932 762103 765127 757998 766548 801635 681383 737814 694941 744628 778855 790173 775936 768367 813353 738995 756895 761078 718456 773388 771377 789568 794580 820260 823077 766911 711359 743699 708860 795911 774919 710514 765744 771196 677346 765141 770836 718879 780541 697234 764983 794742 785712 740833 726755 759163 717235 737545 776232 756970 732568 721313 787498 765656 739500 725767 758590 710415 731602 761582 723171 752381 765805 832027 687694 739348 756094 746074 732932 752245 780709 788132 738621 748721 751050 733874 760075 812742 749093 762651 805229 750614 762292 760083 779721 760082 787103 754612 724601 774940 732396 754064 737848 707651 770333 796289 798203 797436 796900 723536 764113 729082 746077 786600 715175 763307 798110 761930 754117 738785 744360 774859 812890 731586 780578 773375 799870 744576 722207 786674 696248 735712 710250 746953 743200 778277 725993 761027 710691 810830 798330 739530 715447 761003 778423 719293 715434 719803 741662 736604 759421 717937 700788 776837 698341 773180 745040 803977 774869 715222 751528 729947 762784 810149 739863 776831 789018 710418 711952 746869 792201 771214 675986 752531 801689 756252 728616 747776 741726 752088 675774 717879 748521 768937 702159 751581 780744 728186 803487 717875 780167 
722972 785373 744755 769210 744045 747290 818119 732736 772602 735108 732084 729098 792968 715916 720755 707894 713185 742002 763734 754209 709308 741455 780617 784346 738082 718651 766905 739624 757549 701597 741806 755306 733189 791676 744496 753252 736490 769911 765895 754072 688533 762771 789691 693161 763419 712393 749211 742283 712407 742951 745378 687166 755925 743582 755520 703665 755736 701438 811804 767972 711819 767638 798366 743380 765766 798226 726918 766620 728334 722168 736854 774889 719201 746017 778341 729829 719684 783703 767078 795162 729159 729484 774732 747292 684373 801549 742799 757170 750824 775854 745384 713776 682703 753609 705836 732265 714452 757317 744621 761364 687425 752184 779108 719936 746648 742889 790491 699422 744072 750347 725486 731581 714308 714075 783412 732721 770175 708646 726410 779074 746693 777276 766078 770384 805914 713726 741847 733903 694367 745465 777698 783695 751949 786849 744600 772458 749205 742426 783694 786717 788613 772509 785302 817824 752302 722529 716100 687123 803370 757832 742878 762503 790994 688696 746897 759835 691271 779286 705092 781778 800502 758423 765516 712303 759821 698532 734421 768195 735696 744458 724712 780398 753637 716032 735595 763299 727365 723351 728537 723952 715361 772539 806557 672927 709272 686931 756921 738037 721981 763264 774686 712383 737415 746461 735976 771731 781282 785202 734829 788434 703281 722121 739379 775628 709632 763003 732774 743864 753413 744139 760901 697448 716918 753330 782114 791053 790547 789002 727109 734035 756120 726775 775410 746963 735192 775655 749908 739041 712203 748370 780490 758207 732872 774327 758961 808439 754972 724707 772584 719451 710605 732960 748478 758035 758222 721303 733916 650559 775578 803072 734173 718359 738176 760834 695638 733215 702850 743851 741430 777052 723872 681324 772426 684328 745821 709127 797662 781506 727128 751628 737603 761772 806135 718674 721528 779956 740336 733962 718528 755492 807278 676046 749335 785441 772920 696084 762987 702948 742307 734702 699577 735581 742510 703826 739846 796238 717660 816097 723350 730976 
739119 823991 774649 784422 753207 754849 858081 767611 781316 745310 752784 778539 808789 724042 739248 744490 787646 797833 795859 749404 730898 784494 804190 789165 752275 730430 809694 741617 786199 732208 748475 800226 725150 803106 756728 810562 761284 800123 780483 808974 752919 802260 822627 713091 769964 754882 794196 750027 741877 767808 779590 744683 765755 809351 774246 730197 777909 713489 842664 800358 772326 821468 846265 762179 793573 828938 754065 820387 725168 717376 763067 767474 749730 780313 782125 756168 727219 791913 764724 811798 750337 782325 798104 738943 739269 858839 783014 766272 784992 754770 777204 735626 703900 769310 750608 767574 748720 791509 774182 782780 700637 797285 786170 726893 769304 761065 808074 732160 784055 823967 784511 749596 721457 791252 794179 788131 786882 713821 756654 821597 767426 772662 801100 799436 814170 757860 747394 747603 769269 769175 787303 809617 795480 806090 786386 786309 766932 751726 789551 795472 812787 833479 798080 874665 793116 721873 796253 723202 792799 770971 728723 777450 840009 767765 750866 803207 719549 774110 724534 806165 826187 842671 810293 757866 820249 745144 752869 770615 801756 784825 742101 805364 795443 763986 722417 790627 759800 754077 786362 732566 750623 792048 809483 728224 754835 733350 758040 778385 759254 811194 806574 750326 738888 801371 764518 792627 806913 793884 760971 846555 752460 785532 797414 809040 791229 734495 785351 788597 810455 769260 805496 751383 773264 781890 827794 838000 792804 820914 752481 778982 769030 748060 798922 778428 770436 824946 794828 792468 769242 780462 773476 826962 777056 789076 812255 829897 751690 734345 839314 697708 730793 754482 777984 771924 806940 753065 763585 728634 813004 848803 775933 755843 799688 759813 724457 735473 741163 770310 789833 824067 720355 729484 778866 732342 768185 752806 801663 785309 747023 785733 788541 798634 811516 768631 781320 806791 759573 728815 746213 804164 802314 732309 746432 827977 788043 752510 790275 729484 770393 729667 724570 794449 738722 759981 771873 805037 746349 807936 760336 786558 
673619 757556 728554 737852 690210 711398 777522 678548 719202 709777 701175 698349 764311 659331 688210 690738 701566 681487 741261 690263 653459 701082 730937 752055 703063 714748 711698 689814 701655 699286 689886 722864 683607 735270 693716 735773 690945 706805 726104 718523 676407 755415 738370 673414 762222 717985 735011 706608 674032 686642 717418 703466 735614 737274 719302 671542 745426 705314 767980 740512 657436 716329 774335 721187 758857 767984 705781 708298 670081 654882 706624 726818 691487 725431 736062 729534 684876 707187 722021 755234 681733 704871 760779 680285 673439 758584 690999 720443 753955 718997 726294 705454 678666 730746 702722 693990 655999 710933 721905 743167 678511 706585 746293 700714 701937 721346 746097 656728 729577 722226 722111 710068 679293 715760 757247 744639 710203 681338 718078 750322 743064 746541 730096 720942 777450 689885 680866 660925 675268 702079 718838 775817 732532 755892 710249 729498 721731 710307 757104 719355 757423 720807 769994 799047 698407 677463 718333 663941 775380 733810 677080 735286 721154 642854 704142 738014 673847 762414 660010 747595 756235 756332 707571 646738 733219 685695 707023 722208 722679 718957 707523 730247 724636 699619 691873 720654 687036 670600 727740 705542 675590 748736 788719 654281 696191 686164 719282 680873 718040 740874 768852 681679 702914 735605 719541 741465 769027 742578 665499 775723 679589 686494 714316 736040 692765 720886 716700 724195 696547 703433 708419 690793 673784 762555 760808 772076 746987 745527 690468 701621 739055 722499 729339 726608 683546 769077 737303 711118 717202 695763 761274 778192 734925 751365 742621 796289 696496 685460 765019 655639 684695 712492 728216 735517 750650 681106 754910 658504 782739 752509 689677 686993 711945 747153 690685 690721 676661 705372 747403 732534 692218 669851 755710 686922 708546 715988 736969 735332 676620 747511 736561 702270 773187 680283 723365 760003 700958 695637 703346 749650 734534 662412 707243 748730 699703 694118 744140 675701 694239 700816 679573 706254 711727 669976 697716 727172 729341 763636 708323 729445 
729759 763061 765746 750045 709906 723741 819920 745030 777544 734137 758572 721285 758468 728046 715678 721183 715536 748149 800819 732051 715053 749540 780610 777868 744791 723089 739805 748163 748931 727400 740651 752219 746295 783572 739826 759309 738230 739531 750705 763741 730021 778948 800071 717383 741803 724491 737324 739058 758389 784344 792487 725261 741697 776260 759585 692474 783672 721090 832995 776955 720475 762739 811357 741404 782649 790631 721302 772212 720552 682286 780656 771196 699897 773377 781404 740114 713181 762150 767998 781940 726404 753763 790503 721446 706641 829970 749174 760075 761084 725396 765513 715782 699144 768978 742792 726418 736869 777402 766225 746094 690600 757639 761652 731104 767008 746368 792596 710178 780636 795101 733471 735832 706641 731624 777421 768983 788507 709130 738721 770249 757916 762050 804508 749752 814770 720349 736959 707992 725718 740658 773891 798972 744643 828589 738714 764028 762770 722588 789684 783980 794077 796830 781297 834676 739392 704540 753835 719413 790599 754605 715256 746708 771489 698197 747781 739334 684397 790371 714492 781305 786022 780359 763892 734322 774483 746487 746144 766943 734889 747369 706391 722763 754907 724690 713178 762536 707622 707776 759905 739646 749468 791284 793832 669281 719940 738608 773898 763813 764215 776570 792616 692594 747988 754506 738913 793768 792373 781756 775863 800298 707394 737288 762236 780639 731242 770241 771472 743923 781037 747180 765264 738106 712100 768703 787354 795869 796466 769408 738687 768644 776942 740493 765158 734397 761544 791984 737534 750550 748676 742643 743342 807042 738179 775851 753182 830215 748610 726217 740436 704525 730610 716487 783924 773846 774050 721415 738759 645877 757548 822885 727266 717988 747413 752603 721712 709224 730597 774928 771333 779331 724455 691181 740519 703015 737923 739955 766058 776452 742223 762198 767133 764365 797049 739555 758429 773702 725526 720963 744854 779978 797963 705351 780445 805248 760079 741257 753117 725026 758228 732144 720269 755865 767324 715996 739427 764517 730638 807676 776634 761605 
781065 832466 801069 804782 788460 769978 858840 799650 826219 747556 782397 812496 804788 771229 750756 755509 798551 776541 835022 771175 748806 777425 833646 811967 795371 750929 832071 777794 775648 748296 794286 747111 770333 826585 786114 816141 786171 824865 817279 829438 744909 812673 855429 747669 793989 803636 810750 787401 800070 790758 815781 736036 797893 810001 791142 744414 804451 726634 859067 828267 780310 813533 850176 787515 790674 833564 789604 778896 735447 735568 801817 819761 767551 792163 802280 806046 753621 825756 803880 833355 758909 811875 831321 751035 752957 882056 786382 791660 842507 751449 790715 800285 740424 815668 748743 768600 746904 817201 804316 790700 693902 830324 798543 732973 803442 775640 846510 744551 822850 843363 779029 773141 767253 762228 834056 817627 812454 738381 784948 829753 794055 827076 813951 793605 845016 764820 748858 747889 760925 749346 829754 856839 811971 835390 792503 823512 816713 746815 843675 802978 869730 844252 815111 893636 805654 765215 761714 758391 803409 822029 746245 809800 804925 760436 810214 834007 751067 797352 734141 799149 842340 838945 806393 784114 816277 782045 802280 801555 775659 772659 756824 820161 810939 748074 780147 830152 780845 773370 799173 771691 750285 821162 865614 744107 773236 793477 795918 768849 777545 848254 842091 771503 754325 801038 788158 782336 857847 856669 783620 864404 752222 777080 790575 815330 749715 816346 796662 812833 793077 792500 795326 751928 753402 833600 835325 839077 839001 825001 761856 775492 803589 781361 799349 802294 771056 852169 814874 813831 781227 798439 841052 881523 770699 837732 801878 884218 795924 748535 844001 722310 741640 769807 807539 803373 812362 761868 812354 705433 814699 846310 771313 737769 797846 786663 749344 773990 741481 813354 825122 798380 762022 740423 818418 768947 838968 795479 821941 814295 794735 826106 825248 817975 854671 779253 775948 853999 786308 745310 738916 777043 850222 735091 801922 818671 793441 766695 815950 733677 821926 764492 771839 812448 811147 757419 753432 823903 767795 849089 777960 807581 
671543 747919 731085 732010 730645 719544 794125 697561 765063 716425 734856 703567 744648 694361 676114 707010 706927 729938 737152 715162 654224 703708 743218 750222 717582 694873 731874 705129 707878 680296 694780 728495 711520 757203 689574 713521 691019 726457 735276 716111 686612 737571 738962 678281 751320 717766 732332 721420 714723 715440 737550 699668 707303 739863 704411 686560 741295 692407 776292 733186 675935 742207 769215 726562 751564 781566 703255 713803 694043 663693 721740 737281 694655 726542 727223 717317 685092 731488 750472 732432 712096 709716 764697 663862 666514 758808 736067 746914 758670 719005 707084 699783 692031 746402 690146 738875 666728 725413 718257 700909 670545 715405 752675 689651 747390 714608 776047 678989 751245 755595 709893 731502 644654 727189 745743 726766 717163 698858 724819 759688 752273 743445 744400 760317 781308 688630 705975 692640 715136 722089 738238 755783 733255 771970 709868 723617 704534 692516 764432 739590 781359 753162 759152 768865 712856 680852 684494 659606 779980 719402 705419 726927 760044 665933 727362 726458 691129 755433 683260 755735 775902 738340 732480 678887 766949 689095 711044 698297 714674 742114 693888 746844 723187 712177 704436 729839 691864 709662 737955 716614 672825 723204 792245 675853 681090 712377 699296 727342 716217 744886 730520 692313 714293 727455 712159 733519 779991 766309 725235 778344 713013 711440 741467 749998 711621 728235 711763 707510 756222 734513 740655 674424 698905 737295 781514 786178 775287 730192 680059 718165 752962 717250 734763 718323 692563 749018 743588 726296 696316 719015 740806 791352 720274 756063 764655 775888 703312 708014 755595 664140 661615 697034 717990 733450 756116 699413 731984 659668 777157 767434 725689 712620 736063 719774 714181 676796 711812 730286 716842 750573 698227 688089 728055 694497 740114 690528 749948 710727 704859 733469 716602 731838 760878 696148 736685 755753 719835 701457 714722 726811 764680 651170 728294 733962 704388 707020 713290 690829 684049 684367 666858 721827 714748 658762 713661 747679 737392 752644 700785 702477 
782674 820130 798097 808773 765394 754576 852247 746826 794354 757783 748020 793155 826613 719172 741133 767116 735335 765857 823364 743176 762866 781381 765477 779250 763344 715110 792360 782028 768137 751692 773749 774258 733073 812731 765113 800558 744797 762174 788010 798384 739371 804646 827265 729753 797411 783578 807947 762327 753602 780518 794292 746121 788324 773788 780984 736222 804383 742089 857428 789774 760941 798651 813667 779770 813533 823656 750937 786665 769077 707843 801239 790071 782361 774813 790215 784307 748688 808698 779643 800709 748331 787253 802208 738930 730892 832340 778577 778935 794347 754493 774491 762820 715419 773159 727786 765564 732302 818390 761160 791695 748751 771308 804718 731338 803247 771724 815028 716394 783098 808742 781735 779273 752123 750888 798111 780424 790288 728291 804217 824206 788635 781511 810920 770264 831233 718058 746910 754234 756505 777282 804709 833756 798588 831871 762930 814144 784259 759322 825943 814319 838311 808130 829040 850478 770414 722414 758162 743015 813452 775745 725991 795313 785508 756096 783098 766202 744563 828432 723509 802073 830046 848310 781380 748423 844248 760636 762869 796546 795192 758007 728800 785534 771290 747742 754113 775147 782219 754665 776811 769919 764106 800385 821974 712840 734548 717945 770927 782899 784487 791892 825586 727541 749411 795298 780914 777201 820240 809005 783785 820222 758524 768933 798013 795420 758791 807049 757235 757520 761439 764108 784531 750212 737067 808335 827147 816569 821409 807527 750840 777085 802249 740726 784202 791568 766683 818453 808394 766191 778164 793034 793988 862800 783763 833879 787387 861932 772013 744484 781742 701500 747793 751762 815390 781406 826842 775089 771577 707130 818251 836265 738146 764874 823227 798842 734509 735956 736287 805594 784954 819005 753446 691920 789896 719495 772862 765577 816640 825708 746956 775453 802033 771327 843628 741148 785658 820180 757575 735231 786856 796020 810540 742588 761284 794748 771539 749238 794808 753499 771282 746383 722028 805228 749120 725385 760867 805946 782932 827338 758589 770277 
750169 816347 792261 801599 753859 766377 835954 758884 800872 776962 743505 760905 814191 761798 741844 763970 760167 788180 822212 764519 738284 797531 806585 780511 755941 786777 789047 751296 793826 740216 755214 773695 753835 795887 783582 794070 745274 786679 784394 782802 708395 787116 816181 717676 780593 779986 814238 768699 722408 722346 797461 747942 794561 802733 767060 730157 790947 725172 846828 794636 752938 796463 860023 774156 806129 826168 770463 789205 747048 726188 802345 794834 762526 775677 791164 775818 757647 807537 794423 820935 741142 759938 790315 730527 724339 843224 774927 772400 825875 772909 780512 770396 721721 789989 749754 728466 750539 802362 776549 783841 737819 767907 818570 738246 785249 769041 800462 701346 792947 822884 771892 741812 746443 785058 794268 813040 805151 738208 766474 819109 789971 789832 796746 805880 839549 737071 784258 769795 749113 751343 800585 798449 810985 807701 774650 810746 784529 791476 816304 807594 830144 826480 827594 854072 806732 751116 775743 735050 797628 818299 715218 806484 803963 710536 789939 783226 759897 817111 740238 791066 813197 829978 764081 751973 824465 727640 767359 766063 768780 758871 742918 808508 777664 770738 749894 821392 745607 759567 793757 740933 737000 819995 832087 734319 748704 745015 790765 782807 765137 801728 826096 750187 775932 784381 759907 822942 831239 784766 768407 834531 759923 742666 769235 795462 781392 796633 798555 776086 763237 752042 792202 739989 743500 793021 841781 833823 818237 793682 782654 778131 812429 770952 819408 801461 746372 837303 795546 795402 766594 756496 797097 874831 772005 814017 796385 848409 739409 742437 818020 734039 753572 753600 782830 780388 809013 752971 786909 708839 811428 833265 779089 749139 796111 781890 762368 731787 748665 766320 793369 802198 745796 737635 813856 730055 794173 779470 794615 796903 743612 792212 796634 778501 839227 744489 801951 812416 753175 762724 755161 799710 835978 729835 748720 819724 772089 753540 826097 748775 781382 736336 729430 771730 767277 743445 744578 826089 789644 827091 748902 776437 
734717 808865 740330 795963 749116 747311 824235 746183 762024 757959 735313 738980 812902 727712 703819 722317 749259 742494 739422 755762 728316 759508 775670 767650 738229 710095 759372 724910 763285 744319 744506 760983 708900 775124 761533 752926 718674 798261 759344 745738 710350 784337 799417 716044 739931 762402 784535 738363 740133 759357 758561 739652 746771 790603 735042 684800 760913 701562 809521 758285 740091 824893 832098 779932 767570 782246 730811 772309 709706 695179 749510 793514 728740 777834 771958 734095 710139 780870 781234 796376 751999 755972 803851 723447 683583 802114 721789 735799 791088 722324 742657 718789 697577 776845 680503 725744 700440 817926 748506 788799 689532 731610 787778 724927 777406 738808 797378 719340 759109 807432 755284 782644 724392 740609 787881 761177 756050 718357 716804 830622 775395 765602 771966 770339 795454 701761 726484 715188 715456 731565 770773 803179 771159 786557 763521 777014 754700 715681 797615 756071 791348 783544 777296 830494 751546 717695 767330 680413 781673 765582 721272 771666 765493 698800 749342 760485 745494 778074 700130 782796 802227 799686 762945 725757 788679 740483 748584 740623 752959 753040 715370 774656 746574 725281 744254 763296 714357 730749 726301 702493 727238 767887 794490 705990 730002 764561 738295 739251 774893 771301 767201 718640 755138 778202 753968 763666 806914 751773 777540 825847 739551 740334 761944 774762 754688 800737 757275 762970 757176 770925 760332 727352 699113 777547 756630 768496 782590 762568 717667 760947 750081 717154 768123 766001 730511 794086 779154 762537 742433 736463 760551 815137 733346 762826 760317 830727 743608 689390 785333 724645 718299 721991 734041 743484 790328 747409 770169 698364 789787 795492 754790 739091 778747 751856 719057 694285 742888 784191 737147 799369 729185 708571 763562 712872 761520 772484 787472 769396 700876 760308 758569 765120 793961 736029 754402 768079 738148 737680 716126 794171 825039 679120 735919 804643 714385 711355 749457 718136 757434 713697 697573 753492 772329 707289 730802 817493 746514 789890 745531 736344 
698692 789372 749869 740404 704604 732062 805593 720689 751337 718753 728633 720231 776986 687944 713230 750147 709667 739371 779023 727106 739624 780371 731279 778252 733573 725140 755673 714630 738790 697465 753646 740651 712702 791481 744111 770863 754056 773257 768280 774992 700846 778381 789291 698802 753904 743251 767258 720063 741404 723234 770990 699984 794524 752776 763206 696607 754052 699205 825152 774989 750110 771551 812540 774321 741253 758458 716285 748972 693897 714168 748863 742387 724345 766484 810052 739452 719298 765341 736552 766086 708095 738304 763026 749758 680475 805704 724515 735458 757337 709921 744069 726031 692671 727594 706707 734623 698370 765194 737335 783621 699198 735788 782752 708855 747358 743781 764893 688218 755384 785432 725299 774352 695412 712228 773437 736663 743162 718764 748766 766708 784444 729896 767477 755524 780891 695655 747778 702352 731461 715202 772718 751352 750117 814551 744233 762896 761835 721053 791554 762151 796099 792228 790925 823215 724410 734035 740682 675236 775254 744794 674008 777364 769813 705327 763280 757534 713137 778957 701858 778118 795322 786096 755038 704886 780757 689082 737821 752453 744095 726125 704311 779314 752173 724610 699575 761391 705225 719906 743979 732025 709606 777106 784491 702296 731738 710911 739446 736627 739734 744790 783143 716071 716146 728047 749257 757398 782322 757198 751378 799958 711473 738517 752975 769054 760246 737241 761746 762751 750119 757124 722664 743280 687002 759326 792101 799895 773879 803310 743684 764829 729691 718050 771620 724876 720877 775126 754838 756701 726624 746880 768239 817287 731060 784952 739049 790577 718494 720165 770264 698187 686162 709268 757930 723142 779570 737400 738860 701466 800303 793236 724487 708469 726374 764701 706080 684755 712097 750659 758217 752514 696940 693770 776819 735551 737076 719824 786564 746517 747142 747265 750703 756968 782699 716211 750044 781184 732741 713680 716005 767274 796418 688815 719356 774647 764293 730261 739798 702535 734054 746993 694423 745732 745099 708641 758740 795527 697097 777423 719290 745661 
724960 768735 794527 728182 724845 722693 787306 723834 750400 712957 764818 692141 787309 724516 688971 723216 735367 723001 769662 727584 705453 744741 755184 772490 699994 738765 748059 724479 728716 718678 726301 729658 702710 781906 735490 750234 704019 756112 774763 747652 696883 756025 761427 703160 756603 718940 765605 715717 745727 735362 763189 720264 735814 786539 725476 708038 767721 671967 822009 769432 724800 753334 788656 707737 775885 761747 723288 790491 714805 681957 755301 749927 720865 749085 750362 740007 735425 725146 746823 797827 718736 752632 761764 693138 704773 826588 741345 706498 772337 735593 749277 707462 719704 761731 729320 735879 723440 753660 755228 769927 660750 741661 747438 704892 761159 724369 773126 689878 762802 784833 731110 739569 718719 746053 789446 739309 748648 703781 758696 776680 735946 740275 748438 744899 784796 682411 718999 727894 691087 737835 750196 758023 751892 802876 739838 763788 767884 705293 766777 747919 764951 768404 781349 839161 751879 683693 740846 679241 784215 746378 697037 737603 785523 704950 737070 733474 706328 766148 707321 792449 778226 795556 746615 700492 746713 718919 729128 735425 734660 741143 718332 760033 778102 739380 683713 784280 695588 713845 747640 707691 719344 753136 788192 668663 708539 746968 744147 746018 723728 789648 788594 709505 731983 757980 733761 758027 790304 748679 743334 781996 711242 739116 753216 759559 736327 747084 753165 738301 776430 733352 756095 717491 700259 763219 750651 772987 782803 792892 731430 745713 735671 738348 762182 733675 755087 797641 727155 754479 732409 727591 755015 818490 721803 769284 762379 778553 748371 709129 767181 678267 720841 703573 736242 736575 780888 697217 745849 685300 776942 764883 709904 732182 755318 720233 692672 673431 709551 757336 791117 764852 710443 683055 770164 704190 719841 721710 769102 752076 708050 771101 764408 746818 779756 720770 769325 761328 723206 749096 694020 728926 770689 678094 738539 779309 750622 723049 747442 695222 765054 696182 707704 735940 728399 698102 725567 777863 727611 800971 696203 730653 
705871 787559 756362 764225 710477 733110 806184 703513 745005 726415 751589 735343 765744 703555 719466 709982 701327 770715 798890 738322 725369 732502 763974 763394 717496 717382 751751 738008 751435 703729 750019 754531 694609 771421 760347 785345 715344 761936 772369 763282 710964 802967 792806 711367 773566 740026 751663 724276 737208 759265 764836 702457 740032 763838 762362 707186 761282 692451 793108 772310 733410 786484 803958 753213 747021 775011 727467 807578 723529 712263 740591 779366 721073 763093 770913 750309 727922 779847 737448 784379 735082 752339 773691 729018 736506 819297 779281 750053 749046 743406 753113 727821 700556 749525 752255 726839 700224 773266 708399 758150 687393 743929 753900 699224 771354 751748 767008 686254 759342 772069 738406 746239 721380 730077 789606 757709 746844 693980 777181 765255 760419 727328 774178 756393 797597 729148 745323 704585 689450 724609 763600 778224 742760 810251 733780 758306 750726 720221 775394 767286 794630 801595 831948 848206 729785 713475 745594 727064 750710 762551 704253 776887 776783 721015 749985 789351 726578 742300 700419 787261 797097 774021 762322 719686 742617 701501 774517 748695 744565 752846 711205 770176 758233 717530 732505 771817 723309 721093 764869 713651 728989 773087 813499 684424 741247 713583 756746 759839 733546 791401 758795 731161 741655 740514 773420 777502 796338 775364 745941 821820 708516 765688 755710 765379 741343 793114 763458 753901 784757 738181 752705 738413 724551 764811 785179 789381 791136 772910 723417 747156 753767 737719 783587 749053 751458 815348 738693 769294 741540 718197 772360 822059 741278 759541 779131 803381 735710 726941 806826 708928 699503 738820 755466 762242 784902 714726 757704 679505 775887 767381 745521 727167 758394 720328 710684 707857 710996 741776 796002 775144 711387 680341 733645 704527 757191 740451 781742 767422 706437 758073 780076 776152 797163 715202 753991 803381 747498 731594 717569 757594 820190 697518 718557 787104 758757 702246 743190 722778 786709 714949 702262 746686 737869 718920 726675 776022 761914 789222 725546 732406 
708726 809452 745723 755130 731022 727278 801392 727855 783038 712832 741699 754223 774598 726968 721095 749052 742555 726116 791659 765373 727394 761103 764011 774516 743006 740330 766369 738679 760376 708737 750864 765547 728825 775910 752719 756890 751490 753495 768034 775067 710777 791356 796991 714409 755270 747401 760958 738094 740344 781820 750312 690252 777281 773184 749394 710299 771982 721343 829814 739326 731949 776059 811354 757945 754795 784623 751821 764401 711737 692448 755757 804610 744051 767303 786069 748763 728814 777203 775675 796212 716618 746324 770350 706394 731521 819541 736234 762941 774811 717398 761982 724816 720327 756674 708589 739300 727075 773643 759134 782292 697008 771460 779892 714291 765964 721588 795619 701796 774427 781059 751410 773160 710010 762616 799173 748306 757475 692733 731381 805807 766214 771859 759694 791711 805465 696815 744214 708574 724429 728053 789023 781613 784898 794988 756091 762331 751743 714437 791381 769266 804579 782500 827611 828293 752595 719091 755829 699097 785265 744971 708517 782902 769094 708280 772644 780591 730414 811647 692798 760587 801978 772266 773203 721690 793126 713206 706063 780888 756243 727753 729719 763012 766700 727058 749898 768988 707157 729534 781087 747316 745636 774679 825651 679999 720955 710506 744593 739693 753005 782313 778344 728652 744813 759965 770819 778751 811697 786212 747190 796236 728672 755208 783638 786717 745061 762575 710568 750452 741521 763269 743161 721793 728550 765962 779588 797810 809926 796410 711159 742308 750929 761810 752564 733571 750563 804957 758100 754813 741192 745920 793168 797031 741980 790345 794665 830265 742559 710915 784177 695822 720643 733809 740273 760564 777418 722835 765339 688840 806471 796778 732913 716651 759465 730901 724292 721270 730563 753528 747543 772242 747779 683198 789800 706767 772402 736782 797901 777189 723363 768657 752768 779831 799349 728065 746670 773586 725820 754796 712250 780848 777263 703336 753356 782978 773847 726289 774948 720913 778961 725497 709765 747108 750241 734637 735349 767716 749824 836601 730589 737614 
718993 793985 767953 779783 756716 735691 837425 733466 783495 737961 782380 778576 801929 713203 730231 768549 735839 786222 812503 751505 737136 751576 770038 789732 744087 750636 777560 748799 795560 741948 742521 783263 756592 815970 755360 791729 746084 794347 784188 795111 714386 809903 832287 688562 765994 759517 771192 743387 742900 762554 803245 741210 748728 785820 763695 745593 766855 728118 851908 762005 715877 825817 839456 760552 755982 822183 750603 788270 735505 726386 773715 796681 756799 767041 790063 750951 722502 780303 768634 823624 750363 764213 810852 729479 728259 819649 755911 759644 778110 754174 775649 734166 716768 822910 739391 762594 736136 791755 772207 790297 698365 779761 790807 751321 780459 760378 831326 700829 772081 802646 751975 772063 748307 738720 801874 770769 773002 749070 756868 835783 771167 745720 765133 798407 809208 712611 778380 732365 738099 753468 782958 793594 782974 827347 770552 783664 770864 733048 815168 777232 835239 811568 825462 850026 766324 750995 773574 716889 782791 760528 746009 788401 812706 717232 770613 775937 722670 801441 707302 796026 833086 812858 776127 738717 788071 730190 743567 750707 746465 768621 734208 801889 735924 764079 746935 795108 710663 728225 799205 763267 726348 809035 827453 708389 714621 744665 734776 764812 754542 774895 795235 723991 763179 758151 765833 797718 807005 823356 775112 837915 777241 786531 816052 822562 767454 798432 771949 764933 827454 768163 757197 757568 725687 769180 795965 823809 813308 794654 734449 769019 781759 763884 792837 758953 727201 790213 765596 795674 760618 724688 815174 836818 759536 786297 771018 862931 775436 748978 776812 715790 719143 745097 726941 786500 786182 727887 756002 713305 792321 826149 762259 735578 747276 763774 741222 725093 755585 788236 770904 786411 737596 686601 769281 734899 778058 720634 798013 780525 758794 784995 765902 751860 837305 744194 772521 789854 751163 750660 753453 793807 810367 731515 733257 830652 764723 753221 735796 744394 762765 742593 746212 769776 756018 723746 766397 768524 764717 807479 741956 784795 
740192 796569 767077 764725 740759 747395 825934 736519 745399 731620 780582 727838 788816 723721 735054 707039 748810 756323 784732 738392 684572 727447 795967 770026 740892 744594 754805 721545 742069 737396 741310 762322 713500 783923 722666 775707 748446 759721 748736 764527 695541 783704 758001 708021 771558 716976 765581 747644 733365 733984 767672 721491 732339 784648 742964 708816 778399 703542 815317 771935 727283 797545 819106 748269 741508 788048 751621 782834 737012 692657 768329 754488 743995 727641 756385 763249 719672 765519 750923 811234 717079 743806 778209 712788 725224 789033 753483 728636 772029 736883 743253 709101 716630 730952 702078 736429 695569 781487 748966 784080 673605 744536 779594 723146 747636 746857 799744 656750 744829 802664 734341 739313 743297 750450 784337 754206 757655 717988 763613 795577 752589 768026 786117 787792 819643 704777 754111 723705 701033 746490 769185 789334 777142 795457 743203 795990 765331 730261 819799 760876 812633 813406 797539 856042 755812 708942 752149 700880 773981 776546 699494 755696 772150 713682 729908 781485 710069 781032 687861 791853 827371 745934 756005 713543 779203 708750 746619 744938 754274 725233 722897 791427 755083 737997 730789 797470 721568 697815 761461 737484 701622 795743 786241 695335 721131 735914 736515 731702 714797 789982 800043 692442 733097 768234 759648 784631 794678 780082 720972 822994 734770 742821 765764 802696 764580 770993 731145 764315 763324 724873 774757 736536 714230 757506 763123 798619 782273 784433 721885 738001 739311 725561 763142 774935 730208 790237 762067 782390 760016 724719 784560 815273 715903 769926 774016 816157 727191 720350 809791 717327 686418 735504 760648 744696 784157 720241 752707 691766 793070 785484 742018 703309 767745 741177 732902 722588 722698 775296 784323 810429 715124 699838 769298 728061 735516 708360 800734 739680 737023 754317 770335 765911 842630 739447 775409 805018 745252 736422 712294 781938 796991 708232 767700 788167 747731 721745 751855 717204 781911 731549 713097 746580 747621 710470 741590 789654 751844 791803 749403 760878 
751780 815439 787084 796274 753574 755311 868182 766177 777300 745458 765743 730899 807173 746078 738402 767669 778485 775615 803516 758699 745356 747491 810146 793399 736120 781010 765941 750442 773790 738505 762596 764817 731511 815536 748745 819212 764138 764390 813448 781776 745702 785732 783599 729247 776740 755101 807573 775995 804202 768207 810304 726375 780209 771243 782074 708198 800932 708336 850783 784736 738457 808249 831619 781169 774312 822529 741129 801572 712060 705891 779332 786435 769128 762781 794568 784251 764067 819315 794147 824287 750928 764727 796616 749262 726791 845101 786999 761117 791973 755390 762356 742285 748577 796875 782640 762068 714362 799407 778324 786088 689958 787732 783661 756152 793884 800742 812943 752031 761681 821609 785378 759177 723625 750388 793866 793104 772457 700358 767306 807671 789521 774416 789489 785244 844227 733714 751859 760944 727515 757343 787174 794867 776809 829608 763800 806614 781976 740846 834147 796396 840399 836276 828080 843689 792006 725481 766499 761798 803871 814781 733148 830353 801407 739789 764959 795818 771751 790074 732936 814562 839527 816437 774586 734287 813776 761218 765761 774758 789006 770822 718731 798026 804262 761094 743997 811126 737010 778561 797804 796983 757825 773111 834487 698397 729356 753082 775382 781854 788998 799363 835717 769627 754507 786118 792720 784745 825128 804217 764982 817659 786243 782519 776951 796959 789081 799273 747776 772044 807160 767385 779751 751569 746579 794056 793068 814439 814015 796511 732372 768299 768220 758816 796584 791220 768872 822114 760968 788032 794739 772775 815616 838390 751553 826688 769027 862626 773121 730731 808069 702651 738818 766908 808056 769124 814784 752241 789506 721829 820906 840920 763667 739366 799659 764286 722029 731239 746139 789519 787304 800812 733656 708795 778132 725838 787654 737287 790469 788356 762784 799095 780204 792449 821520 737324 794139 855572 758724 771086 757612 795675 827327 747264 785410 827618 781165 737713 786157 736324 766544 739198 744041 784514 757266 776350 746324 802932 792638 837005 770404 771009 
749980 809199 764431 766564 774720 749077 803784 747603 808807 719257 739938 737278 814529 727571 741782 727964 761586 777752 770275 741286 733985 775510 769859 764275 752300 744579 791121 743086 759878 736951 775862 727294 726309 784599 770806 789666 748557 776994 746760 779487 720649 792987 772915 695404 761075 751837 814276 726423 734738 774533 786088 719802 750258 770956 789347 737235 794051 715445 835111 748757 722264 792852 803983 777970 774883 800945 754008 765548 728566 692038 749138 785268 753814 752274 761404 735002 710320 784355 780392 810196 734911 716449 779175 703550 727399 803066 783717 744422 798466 767544 774323 744465 736192 774555 745568 761784 723515 760213 765865 769126 693700 769443 792695 730712 769436 750945 791980 726395 770641 804927 739665 732743 739877 756110 785884 766179 756349 732047 787689 814013 741918 761202 757052 790572 788486 693345 733477 735991 727019 750708 774982 775609 794803 802364 781772 785000 732414 717826 816555 772281 821393 802037 817671 842445 771864 706129 776952 711969 769872 764951 718407 783658 778450 698593 768384 766403 720678 780121 691557 771269 795717 772023 740753 765903 795998 731815 741556 774355 775403 753070 734371 773697 767090 736940 734305 785073 746568 739091 773556 751516 758862 814051 828023 693575 737500 719201 758197 766194 734147 769820 791940 741957 739744 753165 750875 769744 834309 770975 741125 819812 728061 751239 783680 793068 748481 763571 761465 755990 746650 744109 771373 748084 752662 771374 768896 792551 808543 828168 729264 756743 734795 739397 781714 743571 747156 801126 752839 755702 767699 766601 789024 827367 765813 785671 783164 852961 782710 719980 808694 710748 741463 734048 741719 765718 775920 731057 768176 704148 794131 793409 748828 720408 767676 761582 740399 728122 748719 754945 780386 810095 744434 713573 782877 751625 751689 777011 837435 778159 738414 771610 745725 745034 816512 721110 761983 795504 758544 734053 730541 756583 808491 699432 738672 810843 767015 723255 770802 720216 777390 712621 721138 762229 754875 728784 754171 793306 742758 830672 732233 758522 
738884 811200 778652 779569 753916 756433 854012 764453 803301 743707 736596 722649 822624 778111 704515 746824 778338 740011 762275 753204 739634 776593 793206 796268 744147 753558 756613 757947 758976 733224 775271 771721 747180 792134 756182 771289 759148 798860 805676 771991 728480 767982 809856 739642 776363 756347 788458 746346 764585 775998 758071 728432 797051 787099 767115 712030 787391 727083 866624 777731 740183 817224 827982 762755 778932 803943 746727 798095 744268 725464 789080 786586 704981 786956 756474 784397 741040 779181 783162 842148 748842 760704 788405 740095 712831 828956 761096 769958 770287 750302 789404 741862 736768 768721 777446 756170 722362 786411 747166 775438 716127 770321 774177 717836 755518 768534 830116 713372 769186 788620 758336 753239 713441 755416 809169 783841 776335 740979 771513 803775 804381 777504 783799 785027 800797 708641 749389 737136 739413 769889 802473 809621 769018 828342 737676 788377 795832 752682 819268 777916 822072 808089 806869 869965 813843 729260 752295 715915 814772 754616 742065 803079 804333 692815 769383 777181 738837 774433 759077 776456 813818 810154 772798 755352 804539 750429 784705 770322 773517 777440 703995 792778 771766 750408 755426 787807 758131 722352 769582 732276 747941 807502 835120 677984 737409 753573 775197 766139 764730 792537 802218 751712 779933 748969 754364 760907 823622 772273 771467 846267 745143 740158 758378 812351 716100 796281 767858 748723 786233 754809 780962 740304 702948 782107 797818 795985 811071 793370 747018 767430 786332 757103 798995 747572 765364 826532 742376 757384 770827 769906 782468 848125 746417 789974 789779 839088 761670 721748 787415 711290 743027 761009 762784 760014 805699 766538 737885 697993 824126 836369 752443 735229 779727 768297 703017 697099 740105 776331 768854 818737 740868 733495 772724 717152 763704 782888 783615 775489 716975 763822 778351 781494 818926 739581 803073 777709 737662 752892 710693 785530 808849 715293 738213 801328 769828 749578 776814 736346 784512 729400 737277 775080 769924 741830 746315 787923 752813 816334 739505 801136 
716391 758721 754426 758485 715527 720407 804712 726877 739775 707886 706370 716111 797674 708944 697075 710842 752451 762301 768159 699881 698353 715867 775647 775975 743827 712880 771451 720301 743784 716250 719620 730867 714535 768541 740332 744564 746591 753578 719363 748670 696485 759111 762732 704653 748479 713585 757609 750194 720008 713462 746470 733636 729337 739767 705469 679995 749132 691868 806357 740216 724585 776756 802283 741462 760463 803296 717606 751392 707397 679905 732793 763135 709394 788003 733076 733886 701553 743297 767555 781542 695735 710843 754469 702811 697251 797991 741529 739574 769442 723434 753961 701225 688483 721086 686834 749160 686590 753139 732719 738900 664527 734124 781488 702549 750462 736833 782960 680672 736177 769345 727515 748127 693273 705506 764601 743813 720280 681715 740797 774894 744992 732254 754109 754694 809954 669108 729978 722494 719444 714976 733111 754405 751669 776761 730199 748902 732980 708915 803573 790371 796292 799332 752751 840557 730337 680760 739647 697266 752279 753148 706622 767661 758850 715878 754033 743294 721205 753299 666803 786151 776219 756547 748234 703054 764505 688118 729091 733596 729556 732090 712343 772727 742801 715928 743318 773275 696778 717495 755698 713885 705390 774977 786800 672159 723514 713456 758996 732054 705184 766287 752880 727246 717051 748016 725081 759564 796709 751338 725342 788098 704712 728217 733744 778267 720394 749988 719644 763235 761307 725422 739351 719984 679262 766641 741226 785127 796310 764361 743612 726478 746008 735868 764107 736377 733513 779177 748787 757002 738730 747154 762767 800785 715748 763817 737279 789130 724329 703688 777265 699372 707485 716422 758981 732650 765795 703657 739070 671969 779489 811047 730707 695733 766619 733204 697961 706302 708864 722671 749647 776929 687394 693237 768389 673615 737009 729232 763333 768229 713458 741509 776620 739418 770914 721014 718928 770360 728018 718277 710944 728152 790345 696070 731783 753191 740022 674651 746705 730345 741629 704388 685254 733117 739104 709845 710555 781697 724683 795088 725777 735591 
741630 793250 767888 765548 752083 730871 805474 728769 754273 733400 731325 730026 815101 702598 727335 720443 722548 730875 760757 730146 710628 758675 755022 762100 736135 713719 773172 736791 713516 732199 727464 743774 707410 784032 759284 765560 743292 799196 758093 740568 700032 751312 775220 710788 771516 746863 749041 748085 737228 731566 752365 698786 738559 761660 749531 680373 774205 698307 830538 758333 729504 786508 791282 741968 761828 798307 722191 764361 721374 694393 731238 775481 716954 744700 771814 732653 711969 734349 760188 782901 774929 738881 810208 717338 701534 812469 752873 729331 794935 747290 752274 724837 690184 752067 737986 722597 702710 786047 748945 782155 677923 748825 774593 737438 758344 736203 784038 704532 773015 799848 764253 718735 702667 726193 793694 789790 768503 710198 771719 761544 748209 778797 774475 751839 798403 721532 735062 726858 716737 723139 755581 792206 773157 807140 715307 775082 761418 730177 804255 761077 800206 779932 795354 835785 754332 713566 721150 695404 769395 755903 732070 771119 794100 708099 734347 749232 709081 775835 715352 785059 807348 801962 773306 747002 775585 736836 770036 765636 712322 739560 705903 756978 732572 721911 710431 755872 719393 707488 751691 729144 725849 786902 830741 652535 722313 711637 743006 764208 756059 763983 802843 700497 761418 765651 747042 732970 814195 781427 736554 798904 739286 753616 773303 776553 761860 758049 734031 762235 778753 744088 749082 740535 725771 777295 773814 787792 749648 785639 726392 750927 738958 769650 773230 745423 720229 763871 769619 740460 723187 755084 779414 812697 752386 786189 754295 825277 739697 729067 782903 708508 716488 727660 763080 728283 787822 716948 731841 688152 776297 781273 722235 756787 751341 754720 692454 694805 734860 742956 748878 773198 727423 680667 762763 717877 737964 724371 769776 729507 715578 769534 755951 762669 812317 720924 743752 782767 729477 726004 719857 774584 818125 666535 745644 806949 760691 725181 731622 697964 745508 731068 716326 750062 746722 711257 720023 763580 738787 791614 730025 757788 
738825 816351 809563 791973 794110 777227 848347 766011 810237 778548 785815 799345 814539 778334 758947 789767 790502 808567 799128 771545 762435 796366 787404 820655 793485 781654 792261 783952 818288 778094 790005 774415 774187 821752 783234 825661 792175 772554 818282 790170 752750 832949 858386 747922 811723 780567 781376 766202 782230 797077 826217 754256 785140 810481 796963 765416 813408 731798 880048 797064 792404 833079 858311 795591 813630 838795 774102 781227 766374 742831 791514 797976 767843 771528 846017 802142 775486 805723 802416 829966 785707 792355 818614 784036 754157 873762 805970 805392 804813 766077 787822 772551 748858 795074 754791 794062 764973 805424 806759 793979 723290 781115 810974 761076 838325 774260 844239 753732 814503 843535 789407 795580 762847 770524 813936 800268 797048 730568 818522 862527 796377 813766 794843 821171 866728 757084 794404 745834 748568 772426 806086 824393 846302 831967 763931 810943 807216 755388 817844 806226 850167 838623 834581 866705 789198 764887 791641 753022 802916 823655 730365 807041 820416 747732 814068 804907 785816 822618 759869 810239 860022 815280 796418 775994 822117 754726 770882 800226 808537 772104 755943 809021 782899 755178 740604 806763 751549 767777 819635 762200 757513 830591 880747 702958 749711 740490 797348 792634 774957 815766 830472 759221 771114 832068 804820 828648 841322 849031 772289 841589 779089 794472 820116 832477 764331 802358 790841 803382 812419 778432 810470 775477 737899 808316 800897 843590 815383 809213 751306 743490 790481 755509 847112 791417 773246 827864 829038 765365 802585 772988 828611 866060 797377 831118 786843 872652 770559 756612 811136 716235 753816 745070 818562 801688 835809 780191 770292 750768 858490 852465 767732 773190 810654 784861 739786 783242 751463 801084 794726 815900 758935 727592 794082 733194 801702 763346 833523 788217 788510 810506 779402 815801 859187 802838 824013 842045 785285 775622 782573 817540 835138 753049 781791 844375 809191 744165 797559 764661 802474 761917 752390 824619 803278 777578 778844 838115 766043 853665 783390 797960 
723836 812961 772402 758413 748327 754800 808685 747359 786075 766645 761476 752407 813227 727914 746806 761681 753812 774393 816365 733695 708868 751746 787485 785978 768335 714752 783995 750996 789220 734661 768644 780845 739305 774244 767418 775686 756181 800680 767351 783853 734258 795968 801951 743080 773499 757243 780953 758664 747198 755993 754476 713312 762581 801716 756888 719923 810524 719627 842006 792004 737227 816431 817567 760435 800314 825687 757626 800199 740354 722196 759834 784777 750010 767011 787711 761690 751393 779750 785427 777462 749884 767269 809391 728800 741230 818719 749029 760153 822668 741207 781303 741576 763325 792507 735141 744799 707026 794411 763311 786435 718514 767286 797707 745674 800159 754880 790901 715798 811818 780225 737276 752490 735129 758035 801279 818420 762758 699873 766420 806674 801840 783416 782583 771422 861540 724254 776551 751279 735497 741870 775839 813939 783590 800775 770046 793923 771630 717074 794827 784057 800915 813819 799496 847106 755156 729486 758880 754101 775990 776634 731442 779257 803612 707771 768958 790143 729019 798413 692650 793517 820204 810211 805088 760467 798873 697616 789949 782408 760091 762776 717306 818476 766811 722834 732615 787277 726226 737945 775826 734885 749573 791360 832463 710431 738004 769352 746554 758271 755323 803324 797253 770857 758234 775636 768135 780515 845644 824388 770491 828359 753381 771902 781723 780136 764022 788560 769466 777902 812371 794838 773850 749209 744819 784708 820042 787772 798071 804100 750074 786083 765268 782104 816697 744452 755088 815502 791405 781161 768111 750932 801956 833992 778719 792165 777046 818984 750044 736793 795391 706178 754137 734252 776812 805918 819486 734949 750647 704907 825252 796949 784295 752585 780046 743601 722610 737149 760672 757250 794593 796078 727508 727760 765912 734878 807809 767239 811231 777680 736839 785436 792732 800854 808191 754594 772219 806208 763869 727447 741257 783002 844819 687395 777795 811933 761373 724414 779910 726856 776403 723850 733043 774144 760592 727631 736665 796737 746996 822554 723079 792643 
673372 762286 713323 755058 723710 725404 804574 707827 742164 707260 691460 706555 768374 666572 683767 712636 734953 715893 743158 705993 701557 720218 729252 773651 713924 698302 745846 713402 713800 713389 706826 724744 675259 756806 737376 739614 706364 726551 734985 713843 704605 760862 768972 674279 741650 701280 751933 700424 718199 710754 741848 697093 754766 723834 750514 684257 761240 700589 776822 733934 715627 786076 782625 728462 722209 773148 719378 725100 698635 657766 730923 713962 692194 729233 735470 715700 678697 752299 716736 761504 702814 738981 745712 713335 672346 783161 728656 727076 762807 725837 701604 703973 669943 748258 703594 702871 661125 737878 744747 722316 656913 722742 753862 692873 724148 735350 750954 719431 737932 763347 703506 754461 687054 715525 768533 731540 753156 673644 719807 774541 754588 721101 729450 732448 768106 677774 710235 682072 722160 715671 727513 757842 740779 772996 719056 743011 737184 727094 765512 717968 783034 782902 776644 827694 731560 736838 736057 659126 749081 742660 670207 773737 737565 686273 729233 743578 709128 767629 686325 760684 788987 776522 721566 714706 756452 705465 725847 721825 740112 729683 700488 754883 742905 677639 709090 758950 720112 708509 738148 696534 723343 757041 785714 658952 687331 673711 747683 711557 720234 713645 743563 692581 720509 721177 747873 746340 788065 756733 730930 796554 727370 715701 749012 754355 715532 718831 733547 746294 736789 724199 738236 688495 683040 741706 763409 770323 758223 758340 714219 752087 728637 721255 769639 728075 705678 771562 714720 736053 725920 716542 749340 794476 696002 794613 728642 774113 710720 676283 756911 697443 691752 723485 736214 731249 751372 726929 718856 689107 762536 794232 707936 713043 731870 719132 695771 674886 743770 723348 749510 726209 714398 682354 720523 719428 735524 714179 762761 717541 706795 753446 731246 727885 789151 725147 719174 767837 708359 696594 690277 735674 750838 666594 717266 749149 719535 687374 714105 728028 716727 705431 674140 732302 736645 692746 715323 784637 699823 769304 690860 725975 
722857 802994 786513 761226 759202 749573 840073 758725 783534 729768 743287 771226 794969 735491 707214 727115 748917 780052 774247 756989 728900 751146 782847 781458 749287 744870 775049 757173 762110 711148 749468 750322 697428 795083 756341 786484 731136 773619 799306 746901 710701 778181 803227 739579 755514 759444 790175 727997 730349 758103 767600 721876 765940 777398 745587 702369 796421 707484 827708 777737 729797 784697 805320 771990 763921 796578 754167 768296 720289 707295 769948 791361 732607 764990 795426 759837 739383 803432 777686 799166 727661 739325 791304 733087 708596 850537 763193 742306 779877 734811 770988 728785 701124 773550 722446 753599 737341 764196 778161 772438 676528 773575 808249 715691 793580 752472 806180 704241 752554 785977 753530 756510 711193 731427 776398 787668 789656 718649 750765 804198 784940 778612 768593 771418 778121 707634 737907 736198 732983 749795 785985 797758 777772 817980 746129 793530 763213 751392 818016 772075 814558 817174 822512 870057 771604 749649 755943 712231 790635 760682 740426 759052 815978 730592 781190 783453 764525 799068 721323 797235 816963 781556 763972 742146 794913 749612 754153 778542 765798 762556 736623 773450 766739 751630 763143 774171 745842 747089 759437 726643 747463 790540 810632 688775 720709 725513 736980 753008 735636 788308 800516 744738 770217 751840 750113 781960 823776 802267 788891 817676 738953 777269 771937 779601 764107 787583 765305 757304 780599 743259 763066 731851 724154 773853 776112 789204 808472 769740 754187 772222 766328 745126 786504 764869 740882 812998 761471 771551 771937 749515 796233 833809 732955 804086 794743 836145 736055 727631 789272 716443 745636 742424 776609 769477 788165 746373 758338 690934 783949 809397 754074 733804 776171 750491 730106 712459 746462 761920 764329 794373 719259 691791 788014 731728 765741 738163 791748 792230 744113 778932 763629 782008 808773 723799 762873 802219 737134 739411 750172 786241 832127 722879 769044 788346 768325 727827 765061 725609 756106 753135 720444 738976 778786 741522 735880 793252 744887 837558 761064 748819 
705298 771688 703647 731438 695402 723610 815532 708472 728050 718725 714541 725362 773230 710173 717577 754240 742945 740005 775118 737760 703305 703775 751873 722219 708681 748293 766667 715974 731063 708266 721683 742294 721385 748401 730260 765678 714609 733375 751970 766969 712915 790840 744239 680928 783971 737685 740843 730124 729838 736835 764945 694306 781108 713084 743247 694173 759914 686807 786982 749231 737569 772738 814108 737397 742378 791160 716766 748484 693522 690866 737170 758811 726007 753630 733047 749470 695870 764560 717710 772734 712387 750004 787930 727741 665921 795894 750909 760674 760106 717104 767046 702249 678798 748895 724985 707423 673465 772212 776782 763826 663125 756015 765212 723361 733999 725838 784126 668709 729322 744898 725706 730192 703755 710621 768442 741538 749630 687719 744671 753425 742815 744743 751603 755270 786472 710290 718455 712936 684097 709110 729720 750096 782137 778870 747211 765078 745350 707842 750657 731529 807237 780979 756217 808792 742287 698083 757120 704087 763057 732219 663732 815521 777209 700044 707119 796512 710830 767608 722271 788138 793492 762253 773069 691422 760825 690415 729327 728471 718606 739196 729112 752376 773593 722864 708820 779054 730871 729167 748694 716423 697412 759751 773826 690072 694341 671469 752227 729293 721072 779376 783868 704898 741478 733307 739511 768529 790079 782265 698267 786186 698493 749368 749616 780146 729284 757238 737658 758874 748024 737191 735887 732613 716244 739076 753551 757479 767549 762614 717623 733159 720284 714697 764954 757488 752642 787146 735601 778335 715946 739826 773396 760791 724461 773864 740624 815226 747756 696236 790254 715573 683662 749099 729992 759795 753989 684634 746070 690576 749374 788192 717795 695515 742021 742225 742954 717237 717431 720999 790413 807748 728907 683874 743531 710441 741083 686146 774237 734089 709923 746571 747140 720596 787975 727021 722883 758382 741278 692737 706792 755785 752667 683792 726950 814698 768547 714392 738455 717202 762050 710681 689907 744945 750223 718016 753296 763920 718470 809422 739443 732016 
728442 791313 778623 786613 731086 733041 819188 754219 760438 786471 745240 747634 798511 740713 737935 746301 770887 743941 803479 756837 728423 757771 756812 806716 760715 789594 790203 722360 769083 729807 762502 760969 734523 779278 775894 799378 751957 763920 783120 763830 718052 799621 806667 729112 769408 792893 783325 765155 766324 755952 814295 722994 784981 788715 788291 735813 795152 749574 831645 782697 750445 801527 837934 797259 785054 785935 761038 769299 728740 696805 776892 808528 747011 773700 772556 782960 726379 788563 768803 807082 736404 759280 792104 748266 718016 820368 776257 759107 789957 750521 756508 757378 735548 790295 740529 758381 712450 789039 773967 789679 697799 749355 791809 745521 791617 761195 778634 707154 786543 803751 791727 764605 762689 755826 799725 781544 793800 744378 779341 823706 806066 783396 787770 771910 818304 728265 765476 717782 725417 740677 793596 815894 783882 832387 758095 776893 802052 763594 802915 776576 851427 786887 821611 853585 775241 706085 750982 770347 793443 794838 724838 811583 789458 714087 758683 809822 775870 802531 724875 782456 807945 812300 794964 766406 786540 724953 748263 776288 761275 756838 709419 796244 790169 736477 758301 792085 723836 738189 796104 748472 731613 783729 836410 699043 739238 746745 791969 766398 752752 805342 806515 740248 746892 777217 784790 797537 815505 812057 771855 823425 729370 762792 766937 795053 741250 780997 774807 769931 771028 772943 791593 738144 732237 764547 827685 801780 813826 819065 754394 744871 769356 749639 785050 783170 783448 842036 767845 770745 742083 768796 802909 850224 774575 801421 786910 850011 770398 727246 781203 708928 715587 744918 784594 790344 817565 746592 774354 732519 815903 829585 748048 759077 777150 803782 739065 750182 752797 750565 808599 820902 737143 719923 801933 757218 754603 742436 793938 757553 746602 790046 776906 782424 820401 752180 786836 804947 777766 726663 709761 807372 801594 748011 740394 806720 779298 729075 786624 738437 771715 744844 723333 768496 781058 760748 732189 800755 768458 824670 787986 773244 
688499 771380 735423 767728 756612 749320 809788 716063 740090 724331 722055 718638 770992 708352 688263 713831 734692 739104 781245 724752 698612 739359 772273 750299 741174 703574 753384 701986 742683 724853 740551 718227 697273 767121 731448 766950 700680 760843 770784 756349 707819 780224 800796 699933 749688 754398 748531 727607 716731 770797 798028 687527 765133 767059 776697 705835 773964 729191 789324 754958 740447 786159 820956 770661 738821 796564 717915 749679 691258 680539 734341 775748 739124 742158 766201 741125 682796 764314 782145 771149 730815 766967 799708 713433 705077 758236 747888 750999 772785 732225 714587 731602 691599 745269 727020 731797 697604 773992 754011 773084 674301 738971 781522 734060 747421 769858 792077 724284 753437 791625 755889 739812 715472 728462 771921 750299 747112 691554 762484 777713 775872 756527 758957 763958 806020 721655 724849 721732 724822 728946 757320 788219 735812 796579 713852 775679 746428 718151 785919 750025 781260 805275 789145 824039 784621 683498 737711 710512 787153 752839 685672 761770 754821 682031 744013 767213 714392 778342 679675 781191 817635 807235 743844 728337 757284 712167 743145 742215 765146 754439 709667 748783 782436 682348 742271 775112 702234 700410 726436 726469 735524 764409 796941 678183 703295 734114 735133 750641 724885 775767 790030 712125 724806 766197 771887 776996 790933 818427 750601 810927 716637 750000 773568 773583 723981 771522 737619 748329 747880 749533 744822 688298 702136 754560 774762 771562 788878 745301 732990 746213 741407 718896 769707 741565 728787 795379 746271 740727 741288 743683 771855 807951 732198 785201 744742 824343 749573 699552 807263 692319 708403 698488 764798 763867 787131 722140 733560 693232 811455 793642 706652 734138 749801 747623 708045 703897 728355 749670 757698 780491 690050 693362 746163 733497 734903 700867 791185 747795 721497 764005 749233 751391 800947 752424 742122 810857 742063 715352 713625 749163 800510 671825 750931 779027 730783 696856 737632 711697 749579 717868 721973 745339 763916 707717 760843 791218 728154 798803 745402 768797 
687856 789831 725969 728293 708498 709266 800075 699983 723836 661948 712131 702450 765959 677339 689691 692445 729620 715257 753587 722582 692101 718784 767201 753641 690848 707642 737686 706618 724416 687119 715522 717667 714067 767140 735206 721415 713526 767934 743661 740622 678323 729074 764659 702154 694950 704261 743106 707411 714210 716034 742136 702993 732646 731920 722804 666856 745947 682158 772356 753782 690647 738307 775759 695884 710304 772102 706669 733728 691405 650383 710973 773780 693044 744463 745786 715639 680794 745921 735268 775512 717950 707141 752552 668460 661067 783403 708998 772352 739606 684884 737666 697976 674505 727710 677987 715310 654357 754844 745080 763671 652658 712305 766794 679342 731313 722064 770382 686793 728764 772448 720431 724001 678630 735538 743177 712100 711621 673551 716313 738604 717640 695844 730498 749730 744252 681518 711916 680833 686662 702241 762770 751937 751760 792499 731559 734981 739394 709973 761862 709771 776769 771643 755244 782203 701201 700618 727305 682351 770883 718589 681186 747269 771042 698908 704929 730501 694602 776694 666184 766383 788785 752889 740113 708701 729365 687092 709113 711866 697013 724547 685197 754028 750547 713686 712060 749850 698928 689928 740925 718035 696029 744733 756501 684712 727260 703933 681381 749611 708426 746920 754179 739575 689705 702332 717554 720251 792705 755954 717393 775210 688464 705643 729690 759046 700281 743373 731215 717148 742282 716358 726515 695347 696125 750432 742758 752856 775215 732270 705990 708442 726456 707971 752684 722961 735713 787349 720935 723286 703065 727950 736852 766115 732425 743210 759783 785575 718294 699545 769933 689487 685653 723191 712385 756589 720960 690297 743859 693729 766286 785190 724497 693661 744451 735765 726428 694559 689788 740276 748609 763549 686340 666613 713512 694447 724326 706390 772300 738307 716557 730426 728842 735645 784719 746088 736616 762699 715581 680802 694886 703407 756364 670763 727707 745513 735970 681689 711491 656687 704079 696000 678092 729269 729763 697701 721272 765262 703552 784904 701083 739630 
671681 770177 731535 703184 728852 710168 775309 730310 721944 719695 689897 736098 755506 701837 686665 704459 698107 716678 738860 686867 701039 747253 715447 757144 717575 720302 779055 727014 749910 668749 699129 736901 696601 733359 738685 726460 712786 750849 760893 754290 700733 768780 747522 713835 749297 743037 727655 718244 720823 717922 738441 686050 729091 735184 740374 694890 697658 702737 774079 726329 703368 747425 792195 719110 730116 762301 707035 737846 658668 710411 698614 736795 670364 742237 747125 705703 704877 736266 769966 770250 699646 722655 745195 741210 678688 803947 720120 718021 749103 697753 740295 720991 675325 750604 661748 707262 686996 745861 745886 745530 670121 732200 759930 705677 720623 730209 755725 672820 738769 760197 745878 746424 665350 704723 760890 733663 728273 678297 704521 761290 764957 764878 747441 739236 757054 701885 715822 717914 692735 728066 743887 750989 739874 781925 706265 723364 725719 698831 739341 750538 779193 767147 747286 809558 759702 705573 745395 667957 741264 722140 697868 757322 766209 681664 726576 742081 716323 762906 697496 780715 771564 748768 734508 695028 758177 683869 720972 748742 700324 733122 671985 753180 728537 676083 681792 763271 702937 684330 709852 710994 697123 761944 785481 653033 686763 688037 714524 709906 745748 752759 768960 690670 741547 740575 702846 737070 772178 733667 754804 785677 709388 713353 750100 768849 721521 725345 736013 746632 741290 730442 735999 673902 713988 754192 756444 759566 754439 741831 723949 719188 711013 728111 761181 733361 729386 775840 769300 760441 704033 715387 738406 757661 698755 783549 752338 773788 719906 689419 756057 661966 711825 693822 732608 732708 756200 702239 722975 681443 802009 780985 700232 696127 751214 725754 688598 693409 701942 713460 709529 740120 714004 673867 746837 687816 737722 699667 766241 744959 693346 756576 726424 758829 783052 733128 743224 746132 720987 701726 696896 765416 767732 690890 699338 762868 748075 681690 715023 682635 739215 715134 717971 737774 731964 722841 727508 764212 709525 784552 701888 731275 
746314 821295 763238 795114 740959 743109 837077 748519 787935 761320 769919 725391 808182 719726 730548 734823 776216 760988 786150 790104 718247 769792 803989 782334 755009 727019 763321 744384 774490 724029 751470 761745 735357 805299 757480 776868 754077 775121 783199 770284 710659 803411 805742 724531 777509 760704 787252 719536 730128 750751 788599 689724 771850 779014 781616 702105 785611 749368 837320 760365 736271 806272 855881 807740 762416 828020 760938 765487 721095 709349 768746 797207 745676 764492 776579 787729 732792 796695 780151 814190 727294 773944 800808 722749 737775 835533 753756 804964 790809 776197 785691 742932 708516 791543 751191 743728 731496 816237 773230 786382 721077 745830 793283 738523 767457 770211 805682 751501 791318 811913 746249 768867 707685 759334 806783 816905 785230 723481 761030 810649 774336 776863 778354 809268 826261 724025 749136 748767 718893 748518 785181 798485 757160 809515 760462 780249 761041 741060 817052 764912 811804 815603 823001 856801 761886 695722 763370 702945 796625 760434 736874 791689 799137 748634 773686 786490 719186 815843 726897 779891 823959 792736 747664 745463 805549 726288 730561 759166 771404 737887 729868 780724 764035 756425 758056 776722 753782 765437 771913 747742 733486 769431 829270 704241 720323 755310 780797 783139 743932 781830 797711 711924 729169 757721 781997 791643 835781 804271 740372 796832 736486 744398 767426 814661 754957 794795 750276 785989 757984 755649 751271 757937 743653 782705 788275 804645 819003 797742 759043 761414 777599 761760 776638 760265 749091 778203 763926 729057 750041 748422 798683 839259 751789 815745 781119 818022 748307 746918 826631 717167 742029 755562 750668 775658 754608 752456 770659 715435 800685 844689 746170 746940 769400 772758 703829 751066 738742 792320 757641 798927 737752 728837 787601 704872 766966 758810 796048 817221 764888 786073 756669 758247 810555 742502 777137 816900 753830 757175 734054 781140 812643 722799 782776 781691 762653 748892 787553 709935 762012 743940 712565 758801 757216 711449 763450 801033 751555 803674 759508 748627 
741336 773632 752050 739573 701008 708659 815154 736517 763656 698851 719591 714618 751736 706909 682991 706480 745795 731958 762783 718545 705084 740773 762410 784382 715054 722670 741397 702290 721500 701162 705792 698949 689229 762668 747889 732971 703175 736855 737375 727108 676299 732718 778894 671394 751713 730747 743205 716064 722318 701256 749878 680516 749763 737800 737762 708737 753852 688060 791465 737660 733643 757710 771735 745089 754384 782819 721019 743403 722239 691290 725793 748672 728101 734663 754345 709626 673769 731131 742099 758646 723619 728100 759754 675661 668832 803035 744703 720858 767800 714942 744427 702140 687080 741783 701205 730570 686448 752234 742941 735609 682664 721126 759830 708373 734923 719631 771234 705811 735894 778093 749317 713513 683064 722870 744835 722950 722474 691049 735957 770798 740973 736488 725270 728351 809141 718842 729140 725582 722678 737646 757809 762876 729801 778311 685759 742525 737568 719625 769556 735435 781396 795923 749690 806263 764585 679205 729195 685062 758624 752168 688455 755288 759942 694511 729623 740250 718359 751930 674108 751860 777800 764393 732861 731195 775690 687109 709265 737739 747460 728004 687906 745488 773107 725869 728154 749576 718901 728020 747970 707987 740355 754848 776925 665250 703584 696847 728948 740418 723152 756452 749200 708716 737100 730142 730382 741657 789872 777930 757150 804605 710135 720500 757294 762140 732093 742839 749535 707588 731704 729008 733781 700772 695339 760690 777610 768100 775023 744037 714884 710132 699751 709773 776489 741603 713238 767801 735678 732825 705984 717428 753192 831234 743029 776137 743284 807666 735055 701688 758100 691271 706512 693994 739432 737799 766945 704650 734103 677703 778356 778723 703172 712336 755867 722931 701410 684030 746185 725478 733231 762978 693838 699064 738645 712835 725100 672825 744898 733435 722025 737782 751190 742044 766313 713268 742536 771226 719378 700523 710578 732055 814136 662111 742248 750818 733033 685199 718557 670463 749625 712323 688158 709510 716618 721827 727686 765926 727173 781675 728779 727059 
695935 776832 754890 750623 717534 722518 799830 709176 751971 697240 715102 759000 772839 685784 687394 697453 707411 759602 774232 708301 711836 729485 769158 776282 726205 716014 741080 705118 732435 712074 720822 744367 705478 762055 743346 725086 699827 733882 725825 708204 701603 749589 767580 695295 728585 727301 761269 736086 731608 724503 732859 688309 718600 723098 725079 687256 749719 692457 799034 739750 703951 733997 783832 725574 745730 774849 722512 750618 702929 679144 733433 756297 706977 775631 737810 722462 695533 748634 737596 773275 727545 722836 750637 707811 686221 793482 729276 753948 764005 727090 735703 704943 674123 732791 739650 708208 691954 754615 736108 749692 651539 749059 758393 690646 760348 732253 781900 692416 735819 773235 721687 716820 661909 722385 752458 739896 737984 672815 763833 780267 755469 726251 763811 738816 763459 703295 738323 709438 679533 702243 742327 742344 754260 780743 721416 747063 741856 713486 768540 747691 785067 751024 784060 827374 743166 708262 732658 692934 761095 725901 678864 761095 777006 702864 709246 728864 707090 771274 681605 763307 762397 771833 716275 724079 755864 711461 725420 739663 736279 737492 703683 765495 722409 719322 733281 751608 718472 727787 715151 710816 701420 731069 781747 678942 700002 729123 721393 740420 718083 766839 750649 757723 711970 764021 749026 759439 775220 746067 731920 779889 697619 752340 756286 731012 706748 734976 724929 735887 754727 718886 715932 730815 707844 747187 731843 793470 768233 747977 709922 737622 760333 719021 777917 711221 729929 790912 744020 743025 730893 738417 768159 783753 739186 769312 749080 789690 762756 722967 798237 675732 699061 702365 722775 750915 735112 708621 720630 684015 783994 801656 738375 722209 758739 728058 713681 702785 702742 733927 754097 748845 693641 663429 736062 681220 754679 748233 759692 752009 705248 734965 763787 736014 789546 691953 741331 764894 728997 721682 730609 745756 773780 701075 744362 742861 703678 684899 722917 707447 716232 694873 710008 761745 711507 715348 711185 752323 704236 784101 719551 734154 
698316 745740 720399 689027 685176 691843 776721 695517 730686 695419 680069 697001 756004 700581 655376 701693 743745 723777 723431 693069 673780 717362 714223 759461 695107 726136 739102 712450 736323 684863 682895 707192 674712 758620 716526 759106 677690 717169 715646 733664 674963 721798 765583 672283 757620 710201 745068 692748 706673 701636 742084 689736 715639 725947 740665 659154 745898 676951 786985 737990 702733 734866 793712 746365 754844 756956 698035 746954 667086 678577 726273 752279 686836 718807 713018 693264 702845 721292 721749 735568 698708 741826 735347 679400 698489 794166 726788 708518 727662 679521 730511 691921 668906 719907 699624 692709 697520 746572 714880 722532 670161 722443 774518 688168 723041 703549 766190 666793 746331 766658 720033 698320 657609 706809 741126 735137 732375 652591 716167 740773 719771 715116 745553 713588 768215 684143 683882 684270 707671 709619 759034 743115 732078 771068 710906 760402 739038 705385 737464 727567 775155 766006 757922 791261 733955 678448 724898 678385 742158 714551 655240 737108 776393 662979 713896 740772 681654 757049 649114 728706 740051 765661 724709 684934 760244 665682 707048 734498 712658 713805 664588 728370 731838 728717 696459 729651 682927 713150 738368 702126 688680 731314 766823 649878 693589 716346 693950 711183 720732 739533 738815 658549 717461 709702 703247 734210 752480 767344 728592 762953 736127 706264 734609 742380 707996 726003 755548 692389 731272 676695 747717 700284 694273 741934 759673 763303 715028 737442 695602 689925 696099 716835 733159 711848 710807 787398 746207 724854 691827 714913 722083 775052 743719 777783 735931 780411 716645 682265 738823 654108 699422 719128 748036 724753 747112 700309 715877 672616 752071 764346 709307 704041 734523 735039 692853 679867 669187 713980 726973 750430 683720 648196 725296 681581 720630 671158 744465 726237 686973 760476 740127 737015 753827 704862 726881 755066 691141 682624 725760 737113 786411 678945 695892 768406 695665 704545 744006 648622 732797 668896 650945 726182 683012 716937 727639 735684 742981 787732 688716 711113 
678061 795916 718292 731298 732395 696398 774863 696916 729023 709869 708654 703308 753863 679232 676934 699676 720288 723057 722051 697102 685402 728921 712147 730159 696980 688367 762869 694409 721746 685890 705074 692979 693727 756211 696438 745597 701971 733138 729742 724622 697615 736061 743233 689252 720344 717936 762142 688195 699850 721720 722720 677590 722111 718856 721428 670311 733607 674419 787816 711521 716133 752154 767980 722154 716418 783409 700953 730207 681247 669959 701483 736913 700967 729346 738997 714766 681022 762501 734103 753208 715627 743419 744959 705943 627776 783711 708866 741240 746984 694736 731357 687153 695274 734888 702431 710718 684032 738191 722158 726513 659298 725975 750872 663337 754790 728100 787949 649370 731422 737266 729123 722106 655326 698598 731985 728981 719411 673684 725768 769486 748632 739618 696360 747521 762545 693396 695779 708393 674444 704285 737639 792248 721585 767779 732221 737830 693528 705286 761080 730368 778760 776923 744144 802637 692433 697945 712375 672316 746443 726069 685823 744517 748290 692948 743586 739502 711908 750301 677913 754556 765676 741937 700025 670224 753866 690144 696846 709175 704867 734879 661982 725778 702625 687367 716951 740743 691422 685051 713439 706207 699772 735507 764583 667516 680032 712336 704727 708440 685556 722292 760384 686290 730040 713748 701771 721840 766221 743147 702577 787219 686556 726112 723328 744482 714149 733354 747734 711368 724740 706871 746777 705672 694194 749503 766005 730020 749905 737118 690448 728004 750543 711796 717749 739422 722020 787934 725382 742491 713808 723636 742129 790447 741639 740537 773841 794693 739537 671474 747582 639512 677966 690607 728813 707990 740352 701860 707044 694913 773972 776644 720776 696206 722655 702301 700051 672158 673481 734939 732896 755213 678320 648143 706672 704279 700043 722835 737497 753440 697526 733676 733782 715803 760816 718984 738016 764169 695361 690789 662907 733486 792290 697505 695558 749845 722682 672832 725646 670914 727494 725069 667668 720551 699622 689013 715345 744838 707821 782703 721620 717674 
670159 753254 742010 742028 698519 714323 783826 688353 771707 697141 727116 719342 728772 683243 686755 669484 693880 725399 740026 741157 708019 727413 726671 737443 698649 686521 727308 694785 737982 682108 724727 702245 692528 759667 724732 722637 710464 751344 719578 736322 649499 738238 760654 688376 739931 716306 728774 733584 705777 705023 742295 703032 731835 746226 714516 679450 750699 669146 792386 729405 692506 743275 747025 710001 717558 780169 703869 708252 708511 696419 723144 753409 695103 714082 744161 710385 687222 728549 770339 752038 686834 713946 740674 713590 687791 770599 690873 745315 725334 715958 712177 711647 684303 725981 675244 697959 654799 755036 727028 744276 635617 690896 768327 705578 738076 717825 747517 687636 742409 757036 705478 734164 681990 679842 730873 698366 718767 664540 708282 774154 717855 758409 717573 751071 771562 690601 742359 694153 677618 702961 750765 747454 725197 754440 701770 715084 755372 673007 754435 725437 757637 743502 742023 803757 700798 718986 702062 683153 746081 730377 705041 758167 723214 645581 742530 729294 667569 775207 652182 748129 754421 733505 707436 677887 752011 648911 731165 725737 722371 717729 671010 741340 708616 693841 689693 742259 685681 676623 737445 698476 708977 715316 756447 636027 687594 703361 703238 736913 714968 752823 715265 705099 718067 718572 722184 770705 797642 766179 721680 754337 701243 708955 718044 746722 696156 763657 757192 720723 727358 712963 705383 701502 695016 729440 775510 754614 751399 731033 706757 706236 731112 719213 736352 703211 692894 761974 721249 732671 696937 704826 779132 783734 707272 766714 760191 785607 705151 707784 752449 682917 713633 709354 732893 737401 739561 719305 702121 679593 748873 769880 705544 682920 737206 703925 686039 668968 669298 730450 736138 739760 688975 676909 723413 689030 724473 707057 751589 737970 703942 741684 727727 737745 772952 707172 729381 772055 713086 708829 706713 728666 760866 637300 730208 742225 712675 690208 715527 691556 704846 706574 670977 745680 688136 679996 707998 736443 720473 780933 689784 718578 
718636 793545 791452 774295 743165 750875 832753 744066 774938 744369 747540 750583 790893 736425 729422 723417 732719 750660 779287 754476 736367 771653 787259 804737 755589 730077 767345 779828 784876 718923 749902 758466 723361 787202 749542 784840 752073 778492 772807 758791 736821 761879 788589 697916 770317 763958 775028 742796 768846 750345 748965 717555 762241 786664 740516 722513 791305 710134 829914 795095 746453 798099 810440 778889 761578 790384 738303 739733 725958 720293 768301 793710 750898 756148 774062 739954 752902 782815 771959 812389 726760 753842 782482 722425 722167 827217 756737 769385 784133 752060 776298 719730 709768 790013 731633 765575 717742 802987 769758 776966 695987 750757 785871 740992 777839 751237 786273 730905 798780 795535 735701 763618 721073 716520 810508 780228 757087 729372 755721 812365 749434 775616 778448 747017 792668 708439 737901 724283 732885 754845 765794 786186 786440 836694 751417 776258 780429 751491 810206 779427 817020 815869 811278 823925 746569 715295 754597 730409 751194 783763 712554 764306 789950 739963 789608 751041 741757 798545 693546 770854 802025 793864 775765 734424 783898 744349 744826 813211 781824 750287 702016 791283 756947 741472 718266 778131 731665 746556 772074 717236 750945 786135 818028 700556 729248 723125 733029 767598 739744 792488 780280 714060 769565 773641 762112 778861 825529 794847 751442 838848 719080 738392 776277 778366 727628 755557 774403 783414 792771 743317 756851 751174 720015 783265 795321 791215 813400 782450 765801 750559 731317 742302 788382 759797 743363 820005 792103 785146 758668 765721 781026 831567 765961 789155 789197 802852 760345 725467 793885 705371 735922 732773 779643 755291 792543 737439 751984 707580 815742 814522 753684 726823 788472 763854 710880 722650 734944 758862 778009 761916 752014 681059 780436 736455 755361 768605 796144 786180 753266 785167 787809 789180 816133 741601 793254 797620 767601 765433 743012 763678 811733 707248 754765 791649 761848 717659 789194 738352 750423 730742 729404 798688 743130 733724 762990 815604 722617 787057 729912 752683 
737930 783988 768367 792309 761071 736741 818480 762017 780164 736286 740177 721976 782782 733419 736347 728760 746870 747176 795650 753214 715168 765604 784448 754745 729247 726542 764407 727018 753106 721099 756145 771903 753979 772076 793667 778892 726713 778121 759555 740902 719769 775356 779158 705078 747498 763867 776622 751312 707835 740989 769284 696433 763702 785646 753319 703981 790676 727625 803624 756862 740415 782379 766522 767009 765022 800970 759123 782506 727366 699987 728071 769757 771727 736099 784273 754066 721476 761085 797635 816212 745898 742940 813993 698513 732979 803879 745931 721166 805011 745231 759331 744980 712720 797378 754222 725866 694662 787634 797324 784147 684908 762974 799135 732521 786811 737791 770765 703557 779950 777468 773864 719608 726061 735745 783863 751582 734747 705635 758169 808568 757037 757918 750925 776788 820275 719300 750142 730301 742718 749245 802576 806829 782037 805663 753379 783296 770715 724655 810246 779348 799361 798985 798524 837133 770992 729788 750199 688616 762415 766982 717208 763562 771090 686617 764663 773942 716605 795139 703846 789113 826543 790811 785729 740667 796520 746262 739398 791937 756418 753083 725363 761414 762662 712039 726491 788072 732224 745679 774628 746620 718823 778120 827347 693381 730601 750920 753347 742371 750476 806791 779763 776357 755903 765295 739412 774716 830830 801876 756848 827339 734278 746737 778010 789973 775410 779634 766894 746988 790215 769971 776088 722036 748833 776308 820141 801383 804000 791445 740719 773080 764922 776242 793491 755225 744646 816257 779793 776220 753849 751812 803428 851492 762703 797202 776269 861931 766935 732687 786038 701875 744272 714984 752398 747394 779701 740392 780432 707393 794436 794253 732968 740699 763392 741452 739910 718877 743219 756257 758651 783391 716590 706096 771030 734341 774480 725872 773353 765369 748209 776728 778754 755878 815483 734559 760826 800273 754305 739983 737727 768061 794370 700622 741920 810749 748662 713243 746293 735281 739209 743331 728339 762112 753146 734565 697885 794577 759469 834975 738306 762471 
735840 785083 776053 761386 754228 722435 847894 737965 774518 742878 706450 758629 802970 734737 734868 724170 749570 760558 781624 744890 713962 750621 796456 798937 761676 744907 782802 751636 755171 729084 736740 739306 728051 815581 753476 777802 722299 767676 759629 761762 722191 778479 811509 716467 763046 736491 783026 741338 758849 779726 758836 725645 769421 767825 734266 696899 752271 710371 818308 775409 727074 791065 797007 762109 756075 796847 763588 749259 705192 698721 732080 768890 719395 751495 757155 752262 752627 717440 754119 801296 743089 753854 767355 709647 690079 825520 767972 733452 777120 737641 751286 715966 707256 760696 721542 732016 718076 780614 752560 788268 653945 761746 807777 724193 752331 743399 771155 697577 772505 779984 775557 739068 712631 757377 827891 751324 745359 710431 735166 793736 756164 781955 764746 758824 799729 707705 744696 737448 732029 732583 762986 787772 749183 798372 763418 785840 773527 725304 814688 766618 791135 798933 798713 850974 760811 721120 750705 709544 756869 760062 706500 751815 778574 726810 762203 750003 727584 768199 700267 810438 833448 764829 755901 750123 792398 731358 756233 784963 741150 741173 713930 782649 777722 734135 731300 780711 739613 719203 762177 724448 716959 769989 811546 695971 720026 738708 751864 772724 752171 778984 794541 746385 771176 765003 755505 779500 805396 791401 737642 827936 760055 741514 775275 819099 761879 746305 733377 741984 790128 754476 754013 748628 740849 776783 752052 797908 803833 791156 759336 775639 749096 738531 745767 770697 719024 783547 790276 787004 755889 759612 776820 812734 741236 789207 769340 824259 760534 710388 796031 697709 692932 744466 771690 741707 786504 729251 757137 693255 802035 794175 716756 704051 788942 764576 727819 694234 721271 741768 749766 767393 758564 668398 767369 726859 740417 730729 783883 752676 717265 776252 772565 741423 806708 740056 742786 827280 772157 720421 723233 750287 791797 687526 748518 768250 765338 725401 753819 723796 749056 744043 712460 749159 740495 722015 746043 772112 742885 790169 705689 753321 
747741 818615 821826 784499 757812 766577 860717 767867 774455 762337 777007 771907 813207 755477 725401 751162 761463 800321 792465 749560 744345 779228 787297 781217 767298 731077 786767 763682 765180 736093 778839 779010 752825 809208 783072 807398 763078 792102 805282 789806 708157 830102 803837 754131 790344 758590 789631 769791 730441 764184 789838 719210 773589 830940 779046 741435 806944 736014 835582 784158 761554 809573 819515 804447 808759 831989 762732 809346 755249 720684 744489 792004 791450 782684 810827 781565 760322 809739 805072 846708 739339 773205 785530 736294 743823 836475 763837 779665 791663 726035 793175 765590 742886 798408 737292 779202 745449 825420 783198 815960 693779 779330 828725 760234 790426 745928 800400 726450 794191 814711 766439 803982 715773 768878 813154 763057 789849 741218 778913 824830 764110 781293 797462 814311 825449 739305 781923 755049 788180 784435 792226 817959 781970 827590 772552 824014 796630 766437 840897 790736 850523 828374 850978 887262 790789 753229 785470 714864 808713 774919 754325 803885 800585 752055 809268 796666 790406 820802 737890 805191 840259 804981 789443 737889 809401 751169 780260 806255 783703 793671 724188 798681 791505 768223 736296 819063 740365 744143 782018 752828 756824 808236 854215 715808 765893 756857 759964 761157 773685 801313 797224 733921 784523 772582 779981 809393 824085 821454 798215 821054 750415 762957 819332 832148 789101 800574 782043 791854 816555 753254 783208 743725 766612 793488 810836 813839 794777 800799 747372 777217 776304 756642 799310 773655 771592 844082 781278 781111 794878 774035 819956 853733 770406 811525 808221 857675 738604 735472 808139 719023 768239 755942 777518 766285 804258 769166 773290 723557 809014 828345 768647 749642 802332 743472 768959 772974 766613 803499 789826 827806 748278 725814 791402 738732 779125 757304 818268 800165 760834 789029 791197 806958 834231 765024 795795 776501 756183 752953 749568 782329 829985 758752 748887 826285 796265 752079 788502 753349 771512 745149 724728 766806 775252 725952 767931 831556 783564 854993 744141 766561 
668803 803633 751965 744395 705620 717452 793345 709491 742208 720269 729706 727448 755123 687534 695223 712454 707514 749984 710652 714474 714299 736997 734632 727859 716120 729272 730031 704314 742282 702618 737983 751184 704559 763452 734970 748019 693566 736734 749723 707001 689264 770527 750280 694624 770382 717915 748458 728062 685750 706787 730277 688246 718746 737804 737067 670684 743631 667244 797519 726658 726238 740940 816658 742750 734021 767185 698499 740037 701488 669631 721312 755727 736147 712512 731352 738838 694145 745670 749109 759531 705969 722930 763225 707022 669984 771701 730309 718138 754003 708265 737254 695505 678964 735524 701560 724357 694290 772728 731640 730888 660040 720810 772675 708678 746270 739002 764741 688980 717880 772654 738102 763001 705098 701615 735233 721174 718332 670400 721371 776675 745944 754965 709735 774312 785895 682506 713265 704682 687194 707019 777264 781056 762648 793688 735984 767730 714045 715731 746117 731277 790217 753451 768287 813718 709601 713448 729570 665905 762895 717371 671655 752635 738006 686607 720641 753433 716307 719418 675932 773595 746438 760824 736981 706001 771695 701789 741392 699922 711573 727238 689073 724735 723817 709782 713271 779117 687158 699806 737081 720563 705725 739774 767269 660615 678177 694823 724543 751557 724178 749477 762508 700668 722894 723588 716596 741149 781317 730614 738171 778672 711618 751495 744326 770842 757954 740770 726448 723465 764378 722172 738158 721350 719508 744695 749488 780055 775133 768612 703026 718278 727739 712367 776621 721591 710101 764742 730120 696514 706956 727040 739270 808455 720553 741612 760811 804144 714212 708729 766998 679734 688938 697524 735057 721328 770382 719029 725929 681292 777913 759323 709735 708013 722301 702173 695112 702551 730384 715176 743491 771457 657263 660594 723323 708581 707326 716612 746583 748525 696714 713127 737036 746327 780595 717146 730684 750702 687934 699999 722624 764812 774845 705562 690584 782970 745185 695555 723490 701376 757950 678076 690416 685287 709982 715195 706941 755382 725684 769988 692831 720151 
709116 784839 781616 753363 743456 750684 841438 738372 763628 737394 744824 749720 797086 737769 725645 741653 739826 760007 762511 777541 721049 751989 769143 784913 729252 757256 767457 728607 766928 707128 776990 764465 731849 782439 772415 790378 752227 749405 773276 756922 733899 792699 774653 706661 774019 760260 766764 752476 742310 736620 777995 705901 770861 777266 741982 717232 759023 714708 807349 755383 746632 785993 778782 763280 735897 810146 748456 750640 717251 704088 733262 789183 757553 759025 775015 741463 708066 774394 799485 797936 740565 742133 799043 726821 711117 822713 755511 763198 765074 738629 744686 713309 727711 779773 705098 740720 701549 812180 793919 763494 683186 780421 776811 723676 761867 721366 784321 716944 789417 797309 760847 762499 706903 743115 774012 728696 771979 721505 750030 807473 720106 767223 792525 760913 772972 728387 720714 765197 732660 730283 766875 795374 777985 789097 752180 778082 759093 713134 793496 768504 792406 812201 794423 839136 783559 729044 761948 705995 779520 730879 712726 768816 788435 725540 740447 787165 733145 820179 691079 792880 815691 792423 757021 731556 797383 701187 709525 737916 741339 764357 716552 768391 778744 734903 755442 788468 720189 740007 788493 752589 745027 768662 763840 696011 711277 711805 736747 734546 767231 770522 803762 719297 741115 752355 766600 771255 825985 796705 757723 814017 736507 775144 782326 808303 742394 770492 773274 792756 781658 763592 765609 719673 724688 771003 789111 786184 790290 778890 745218 746126 741646 752517 777398 752113 768845 815048 762361 775606 739963 751432 767702 804373 749595 792196 760431 812499 756237 720110 777595 711005 704699 740440 753207 792234 773369 764742 773868 704682 779369 809387 760125 734317 778624 738950 740858 722874 749523 777228 775641 802424 715383 708988 763755 717154 748942 741251 794147 767789 720698 778392 761478 773638 784880 768920 785561 764766 754978 732892 720545 785725 793159 708888 726770 789012 769501 707086 756470 710750 757626 733317 714506 742224 780070 716227 724835 822449 751407 823525 727660 738011 
700155 753194 739844 737280 705375 738401 795307 742904 746153 720115 720476 747290 768166 704256 694554 733518 733802 742883 753319 719525 707012 747343 736903 755419 721769 722566 769407 685251 745351 688506 760788 741526 710124 779970 744992 755212 705151 728278 770479 758286 696713 758255 759120 706510 751115 750799 748848 736357 733543 720730 724941 688450 773485 735270 724199 696084 743351 709033 797455 737874 746856 765169 785736 735051 725371 755057 731779 762012 687465 689005 705098 766846 711573 770467 762941 711856 675054 769382 744621 788698 713019 721641 760235 707057 695018 773307 741961 754057 747928 716332 745998 730535 702481 779259 706815 713799 712246 751701 740324 759376 645406 734430 783747 700425 761423 737570 760890 698835 737807 759124 754781 733630 709227 728414 754746 741207 757050 649866 760789 756726 742442 749982 734911 753519 793037 667220 747305 711462 692034 699763 740597 750488 759910 770575 731782 757973 750477 713106 784990 729872 782873 771353 807298 827871 742927 678750 744989 721390 767657 745573 702198 768787 756748 691904 748076 761778 736270 751051 705285 759544 795447 740278 753958 711652 764468 715594 710529 758869 721186 742327 673572 733250 730312 724224 750321 765746 701550 693868 744971 698655 706656 746014 770256 675592 710055 703391 743285 716138 717509 769882 761072 730094 707812 733314 732667 740258 791410 760513 721811 789463 706610 744920 741794 783717 714043 748726 724595 735674 767192 720051 742397 708764 697854 739426 732085 760491 767797 772147 705982 713485 745436 746910 752200 723610 721645 787413 728408 747527 720619 713808 752450 805518 722214 750053 773963 815658 728343 715639 745196 684665 685477 716032 724155 743109 767629 705142 744505 672266 770284 771202 731060 717607 746049 726843 732856 722534 742480 759313 742460 764663 672276 679529 722488 723331 740008 691332 762892 756341 707381 748827 767628 729981 791457 721903 750482 778344 736256 719357 705828 760627 790914 680222 739055 775533 746189 693534 745116 685786 733926 731161 698647 734527 721842 730253 722137 748345 741832 768176 738626 732115 
689854 760410 730367 731263 718846 712786 788816 725969 732546 710812 686737 713212 762117 667467 687953 714690 730507 729405 770222 694619 687786 748290 727529 752991 695201 711853 751655 736699 729896 695000 715624 691372 672474 760690 712152 730816 714108 737429 752169 749135 692358 775246 763137 699609 731035 727380 795989 701556 714268 734690 728794 681413 731773 745657 709256 698157 767940 682399 814159 740322 689407 753023 755514 735508 734246 755095 706252 732420 691618 691265 691222 731522 699047 734588 730177 715638 714531 749367 732357 784448 711178 730035 761787 699398 681121 788143 758044 737868 748878 715311 704118 719432 708258 729939 697072 702823 664860 741917 716090 749539 663761 718644 767570 684423 729241 734367 765925 694516 779626 767000 697802 726191 691346 725737 760434 732468 759609 657287 754816 755728 742345 742974 740294 732308 763702 693338 725757 697941 696743 704196 732972 768694 732359 803620 714819 784497 746503 685323 751896 717951 791975 761116 756719 802105 742403 704377 728122 706585 757183 731913 689181 752527 767379 696860 738013 735455 708478 768620 686684 768181 781269 783494 732610 707549 766821 691278 726330 728758 744433 724355 683109 753420 727147 716090 704938 742615 692989 698830 725763 697464 707527 738647 792072 655390 696423 711357 715261 715287 717884 736778 748081 708648 730153 732339 744002 739946 764583 760193 723756 789126 725971 722849 759345 766001 694442 736796 746422 743128 755676 696993 724825 698095 689058 749067 753657 769745 775407 742879 724108 749541 695886 704156 740610 724012 714428 810496 730748 716530 722155 722229 755271 797145 733739 758989 757794 778388 704376 697683 745769 641024 699438 710371 748301 736392 756043 701883 728791 643571 753926 774207 699351 734682 755008 738325 686868 707240 691174 726679 720325 758961 706723 670807 723756 696155 736162 736348 762220 725236 728398 785419 744975 740678 786513 701215 734012 763390 707611 706082 712794 748712 769760 690224 739977 752543 722298 701022 724926 686815 737361 697295 688941 720459 726024 713191 712112 769486 702998 770268 735339 722558 
715525 763087 734799 749394 722626 736662 787393 721098 756414 718176 730304 726037 769691 729865 710834 699727 753300 756262 742213 726150 693127 748192 781725 787368 717714 749691 747800 718091 731636 697901 722542 711982 718415 766763 739638 778869 722203 741370 751155 757974 713514 758809 772740 691044 743855 744396 755987 725665 719661 747291 726581 701691 755372 769243 693164 703659 756373 669087 810069 756367 721289 760132 784891 767472 739199 802451 738366 725754 693859 674457 742104 757841 739792 720090 732159 726618 683593 740210 758170 796340 728186 768174 768284 691979 699666 783300 766702 753813 775409 705323 736657 722215 694972 724033 677922 727945 676808 741999 725508 756548 679784 728210 767694 712764 750569 718227 760050 707628 735413 782349 738492 731276 709671 719331 762735 734279 725103 699304 704391 766898 744710 741094 738446 761011 804216 696987 701013 708381 713721 731919 764634 760808 774080 779251 724657 775582 750346 737213 781774 744159 796090 786493 766537 825554 735959 699112 747438 702082 765309 749791 701577 747928 801523 693441 758025 756365 702918 779100 680239 740603 780070 749194 759893 722593 749001 676075 725915 750357 733507 728177 699747 780124 743498 734267 741280 733885 697321 688608 751616 713085 688893 765918 777567 690391 694180 716065 703953 713880 727338 752752 784238 716726 716203 726061 736526 774223 794125 772598 703890 794450 713302 707170 724314 780730 719351 740165 746616 756344 767290 727011 747577 712963 713382 745649 772125 746293 781922 775676 726493 746242 712805 726933 755527 753236 728084 778043 740048 735035 701102 728842 743388 806093 743059 762079 744994 804325 719274 725833 756200 690748 685347 724005 764327 733192 786855 736282 736122 670843 778422 796561 737738 713198 751322 745454 721497 704198 691390 754811 735768 806418 718010 690692 739547 713371 752721 733833 782135 720725 701136 750332 749854 751424 766348 735324 726160 783670 724564 715961 697900 756622 766777 682200 728026 761547 754182 704428 743433 686854 739726 700510 687840 748072 735493 742559 699287 772213 714857 774630 706974 752589 
725370 794309 772612 802448 713808 733314 832101 717859 782311 720986 724170 714886 778573 700898 712512 764633 739876 752058 788877 746868 718678 769807 777936 777298 719635 736684 774727 722793 793744 736243 738866 746779 740372 801285 736514 781809 751421 775280 790388 788151 724389 772197 822028 703780 760915 750791 776240 757707 733687 783675 801124 704262 755688 768371 767952 710494 778432 741991 838183 753492 736737 789673 837243 746242 750903 812027 733963 781159 737260 712590 741968 805461 745063 763006 781655 727648 733810 742695 784114 798827 724195 737450 822030 742795 727925 830939 730024 784884 772436 737675 776745 749244 671483 765574 720813 738445 705566 794873 778663 805550 713500 756250 819020 747060 740693 763765 786939 703224 783783 774120 747210 756695 720939 743655 789578 754571 756465 722515 794936 791141 759759 784888 787574 788076 797566 715635 732424 725308 741969 724470 784758 792708 774154 810371 745380 786911 788063 731547 801514 766078 796775 792069 776493 817731 772682 701808 748352 701576 796374 752851 714279 803381 773785 717361 768831 798349 725222 817530 705383 796068 833899 802141 774207 747363 778143 731995 739448 765968 746523 753921 718564 764036 756589 742947 754668 771063 733792 694091 773594 731066 758898 801737 788127 703227 736960 776996 727694 739142 759477 786786 781185 753768 772148 782390 748848 790344 803160 782328 739202 813482 722731 747206 791653 814519 771403 789517 773381 776398 766945 747360 750524 725919 739282 794750 792397 790859 787607 788747 772093 751928 759879 750658 794316 729381 757119 808331 765249 792400 739355 782871 778277 820291 753717 791394 793420 852058 734301 749480 794166 676960 706110 719960 767637 761563 796566 744333 741576 692658 788369 804971 734567 761960 739281 763445 701587 705234 740542 774979 757957 806393 709294 673626 777241 716575 768327 753981 778281 778380 747774 780627 776841 783101 802938 780588 789178 804244 750763 729841 735381 791252 797920 705746 725206 792839 747154 744425 751178 720489 772818 713291 705343 769838 750029 728986 758592 802644 726658 813800 758017 765209 
727619 780516 777688 765381 769952 738630 824153 734566 761149 737788 765735 746307 759084 725571 722274 748671 766333 767665 783299 754651 709525 770054 774730 772484 744886 753137 789804 708849 783042 720180 718846 763138 719067 776511 772739 792434 725644 768629 804958 792976 709180 780711 808181 727247 749757 768739 765662 746346 758742 764604 799768 716039 744701 771749 739481 743928 754935 702287 841673 770909 754748 784040 818228 762761 766773 781725 707759 773829 753972 729649 765788 796114 717987 740691 766393 772182 717387 774324 768776 790878 736858 781747 794969 702919 689531 822983 751497 755145 806704 756540 757105 749735 708065 759679 720664 746652 695570 794690 761291 777047 686762 751129 783302 715840 764842 742445 790723 718233 765784 810822 761759 767088 721830 761465 777268 756038 770112 715408 751705 805200 753991 757288 776380 777056 808185 708763 758392 717291 746650 722727 797066 787127 769745 802524 748414 772441 755117 713972 800085 774310 810060 804697 792424 848908 765018 722833 745386 723490 820808 780620 719087 783274 793045 721513 771574 806075 737198 800692 717513 788731 822063 791677 764401 750174 766469 747843 728131 794421 727716 762125 716390 776675 788535 737676 761205 779451 714533 714331 764991 756176 731528 774927 800300 687426 733892 734376 757011 742632 767620 803114 801765 762560 719200 788420 752934 787337 838913 805804 775802 814508 724711 741009 787267 801600 758991 785873 765992 752987 789496 775725 764368 726796 731945 772380 786204 806366 814594 790393 751683 742625 773257 745605 786519 781619 747245 786992 769793 749106 743894 767341 806679 837075 747835 803818 752114 858771 729088 735775 800836 700088 757397 739266 777587 784983 797370 755924 758499 695468 820008 827813 748753 735603 760551 765125 725469 725126 743512 748005 750889 811385 739765 705307 792042 732071 779341 731649 765683 774185 743134 785957 753698 764461 808371 760125 756670 810959 770898 748511 739255 786684 811148 714019 770009 800528 756530 734225 761313 711681 752061 724720 716204 763606 761061 744517 744013 806007 765113 818274 741577 763056 
739380 809229 782771 759800 735996 768926 840953 745995 778787 737944 739525 744461 799507 755936 729998 741358 764579 755561 773705 770182 706681 775444 793150 813961 736968 765256 774932 778295 747022 749435 748448 758023 732020 797998 770723 754751 743370 770007 800984 766514 723333 789084 791645 706252 785892 744545 801411 785470 742571 726483 747635 720075 768836 783135 769932 717248 777937 700163 809978 777464 763548 795491 800420 784034 763809 778473 756479 772522 734650 697025 775887 783266 751113 763436 775016 734362 689175 764680 765509 835343 752275 810556 813681 741874 723824 819719 757592 768105 797073 738933 779686 737269 718152 809909 746396 767950 744505 800343 758853 760463 725404 782239 807430 734302 793378 721719 803354 694621 776628 808859 756327 783108 729731 741871 791045 772109 750263 703086 774807 791123 754247 760669 760311 806174 841207 721165 741902 733209 738815 756585 793085 773687 785631 828955 740912 792873 797805 741718 810763 774491 821977 815828 806457 852779 750415 761781 756818 713986 816226 787927 723792 784913 792513 726226 775056 801273 727449 820812 698983 801377 806958 801963 774646 733669 816631 748998 755817 788378 784962 773800 718287 765455 786631 765477 763249 798518 753470 762048 783994 760233 756620 773175 840726 660172 752567 722408 771413 761650 780560 774989 804385 728857 759105 809628 751338 784174 839634 789387 765290 843208 761629 772868 760221 812650 742481 789373 780602 769052 793751 728945 749014 737968 749015 800600 774404 777299 789212 788157 740381 758247 740324 753195 808817 752820 738503 821111 771272 768287 733080 783676 831931 872586 755190 796905 789169 828848 774627 749922 795093 708613 739459 769009 776904 758600 775619 742925 799024 721918 794735 819949 759795 734509 766579 759551 735453 727900 730126 783808 786345 799920 749905 705279 790599 732769 764208 730366 795037 775156 735478 762245 790407 769935 839348 790396 770347 782650 720177 738724 746479 800052 807666 705949 786487 808493 792358 748762 763415 726189 794327 749996 726102 747900 790782 751671 755483 807618 770337 858306 729314 762456 
720015 818808 761232 795453 738394 746968 853008 743741 792997 760141 764267 739540 822752 744995 736358 759868 783526 774769 788271 752888 740606 769119 789772 771217 733409 757397 780249 729976 783915 735748 780253 757473 739256 813779 770156 771164 762779 783654 760425 791226 712485 814243 777047 718163 766613 744631 809622 731095 751971 770406 801190 752451 745262 802013 765023 716900 786514 738275 853052 769736 738311 810326 847214 815782 751549 808259 738006 788657 730291 714508 780494 821105 757479 769498 786454 752999 741273 812881 787337 808521 774656 748310 781216 755251 729407 821705 766228 779084 768515 772230 774679 740984 709527 792290 735264 772221 722675 796962 789596 784001 715197 781234 807786 742798 798574 761103 825396 754642 787923 829638 771892 784486 710535 741566 799069 795288 810088 766792 766660 797113 777572 760543 795333 824863 822296 713147 782964 742550 717878 750781 772931 800863 780968 839852 777723 804392 764692 742138 806981 770484 847784 811106 815344 873737 766771 716040 811165 716426 781065 764682 741113 782125 813460 731755 790665 786895 746135 803794 725902 773104 838605 777494 775483 736518 807842 753206 756486 777234 759026 771704 715822 772611 784275 749993 772171 812979 745212 756602 794489 740174 752527 791401 797771 708402 717409 768187 783590 769789 731865 810227 802683 740872 760218 765912 767489 821478 835768 796218 756670 838182 749846 784787 781323 809788 758975 795646 783412 794681 759214 757041 751239 754244 754582 765806 794846 801411 800030 788180 759284 770418 783456 740439 796387 781094 758171 796179 746767 802436 756713 760080 802692 850616 761194 798709 802815 828500 758743 749162 815059 740071 759464 759279 784841 794181 798603 748669 757158 737989 823559 836685 772753 761195 781006 773764 730773 747533 761538 773729 790386 810666 684665 725221 786550 725785 773150 772170 794403 794586 746209 772511 778183 771633 824490 758026 774479 803176 769137 746740 748553 795339 816407 709158 765704 810411 779034 761663 756235 729836 777984 726458 715851 775950 736200 728580 768113 789449 742611 809762 767582 771737 
740761 800877 777297 786687 735299 743758 816553 740047 759990 731168 777637 721295 786456 707357 711016 727931 752519 786064 787481 749579 712404 761866 766793 779888 745583 715935 794809 742991 763545 727326 716998 765844 723650 781831 749594 774154 737073 776139 760539 780064 724943 781939 814053 703982 776592 743309 767060 741551 773778 741322 767446 730595 762183 783899 758438 739085 792715 723191 805279 777500 725918 786774 844222 761209 763541 815613 758545 788937 741695 710370 768297 790829 774210 743904 769166 725627 725137 755816 754410 789567 739577 753615 791703 728855 718600 815414 760299 766561 768076 739655 751536 722085 720147 747135 725198 748478 694309 795300 778972 786210 717663 763263 779569 731503 784924 735086 811382 666252 763905 797836 716009 770353 700389 757067 807737 768840 726869 725266 772634 799008 758157 744117 775805 796077 803338 717023 754296 716333 753443 770460 782829 809933 783330 812620 751598 783026 759880 729596 806604 787465 804525 809515 819225 843593 754327 709386 757933 737520 795225 782998 737888 784064 778434 715652 766845 785924 731198 772353 719845 778080 811900 794592 754171 723265 769128 717109 749549 747256 722184 761543 738092 800486 738226 720288 744077 781318 723248 745044 771849 744117 743295 779162 817537 716499 722794 740230 745252 762564 751797 804934 786016 727659 751658 761966 803345 787149 821390 826016 716108 819654 741564 740812 776551 776278 758241 783964 779966 754138 797713 726362 777052 768433 710146 778418 801936 805625 794135 765528 741471 742424 743921 736207 783982 759466 787599 797784 758652 768948 747193 746961 779629 813768 759461 791711 765829 824165 765299 709483 793054 722132 708187 752138 766559 793186 801859 748292 772826 691696 804425 797999 742901 728374 778515 748893 749815 738976 741063 772588 773306 815855 729631 705780 761403 721059 769916 712804 793034 779511 748644 755820 790173 771539 806716 764021 754601 798162 712043 713421 723184 759567 808441 702523 742899 798384 772509 705591 740367 745725 794152 741538 703256 734746 741813 715050 768342 786963 749935 830976 755089 770252 
663632 741056 710105 706321 696978 678642 745156 664533 721490 670642 673701 681712 724940 667005 668404 685486 709361 688617 715582 672546 668679 697858 724162 710719 671366 689010 717230 680176 700133 677736 702003 681737 645293 738437 695107 723077 687060 730506 715307 694026 657592 718446 743100 646251 699222 717917 726244 675446 687984 687377 706860 664593 718408 711845 699272 632128 724638 648920 763811 695989 685615 730919 757668 702770 699595 735828 667654 710612 662721 632390 698267 721941 677634 677883 702169 716842 658197 702678 729666 726077 672215 691696 724216 675655 659895 762626 703582 713154 729364 652686 711600 688796 674645 700644 669472 680303 658621 710299 698909 699814 633119 717531 755444 679192 684474 707581 742699 656589 699000 743693 702260 703915 661560 691368 736571 728712 709537 652723 702463 750632 695470 719598 694278 720327 758821 651740 683711 670018 690316 704677 717073 738868 717781 723351 699614 715178 736706 669164 742308 705119 758813 741336 727871 800456 691701 644325 707832 642189 712132 701846 674487 739701 715160 649662 731530 724335 688062 726699 626172 739909 761715 732309 716230 669034 725934 670128 674234 707432 688451 704332 672913 706145 691315 669879 670328 725220 661927 673628 701059 677121 678573 721830 748861 635831 668673 691028 710848 675628 681622 689372 739010 688163 702061 689021 705250 728725 742872 722676 652746 750239 689636 714191 741176 741561 702394 704978 679918 728387 693664 684453 741290 673092 663935 725513 696553 725386 720797 736179 654079 692825 699736 685395 721346 709439 678889 718541 719122 700813 680878 703304 730147 744096 702788 754057 715941 751504 665052 666204 732188 629809 658911 692259 697872 649566 744872 671450 671214 659668 751853 757560 696386 658715 699085 691233 659647 673887 676960 703696 682879 726070 663423 671102 706495 676294 705168 703712 729520 700648 663705 706862 721985 694140 732535 680746 702566 732352 685013 679333 694114 697996 732453 675730 698909 737105 700801 675594 708866 671132 673519 672006 666137 702346 691793 675188 673055 719818 682103 744621 671878 693871 
675710 699256 714127 720523 680523 680019 756732 712858 727546 699080 699010 668796 731169 676850 659733 686156 709969 724719 742804 721201 650918 719296 715305 738484 703395 677504 731318 680227 706301 692795 693138 710879 685998 751662 727970 734513 681909 721396 734316 707292 672901 727663 731792 636379 713709 698866 719515 685425 693273 690814 736182 687254 741780 731062 732712 654095 718586 675374 754847 697558 700833 757286 791120 699377 701826 735858 687356 714846 641645 706378 702938 709786 683108 716263 744391 715932 633714 729614 701135 747770 680144 708171 742340 658472 689159 782121 713412 729225 739352 723495 718545 668722 694747 689400 702965 689159 674567 731077 693096 740144 663761 698320 714416 703488 698049 686206 723176 638438 748639 737267 688810 693134 683490 691754 719290 724156 706172 648286 718932 740329 711121 690366 724092 759673 777763 672341 701794 687690 672837 684305 696943 715020 738474 754375 677420 714730 706670 671273 770804 715313 737502 725702 730013 797980 731230 664214 701887 650488 722794 738850 683957 724513 730151 662093 711311 719136 671450 757456 674517 725385 742132 735458 722127 695780 727778 659526 692365 747857 724772 699963 707992 745058 728517 682563 688956 721978 678765 672394 702595 698621 683988 722368 770630 644980 716511 676648 693239 706096 713353 740549 699057 690867 672443 718928 689350 708951 768683 743566 693375 778144 670829 712302 740881 735498 696988 715551 706582 701949 744256 696398 703230 675583 665232 687688 725621 748809 755954 743476 716849 698391 674209 715537 746726 715815 736954 748150 694405 727283 696911 676494 759484 777727 686027 734926 699221 783022 695373 697662 707694 666519 681056 692092 698296 690827 706283 692275 739292 660433 729627 781679 681539 674671 706154 693482 695477 670537 686762 729042 685926 712043 702878 671294 707737 684608 741376 671582 711937 717136 697468 715412 727348 713067 750802 711056 708515 742951 697494 683413 672630 749300 757767 669386 729618 760451 719017 666843 717449 689725 726630 665479 680170 724185 697388 692196 694106 762882 672765 754467 740758 671196 
740582 824527 783543 776855 738061 769015 871303 771504 804486 753824 756736 743384 814611 755233 735083 766662 762841 793186 789564 770839 727762 771049 796540 787220 750213 740711 767361 755315 769629 720768 812250 791130 734102 809247 801024 785784 763339 773929 795755 769504 740164 821835 814299 744448 784083 764708 785859 752316 752641 771091 775650 719289 770801 794451 788112 726426 812970 716197 836852 799149 749350 783512 854621 796755 777303 816021 777700 773017 755644 719301 752255 813600 781717 785236 810623 786518 735544 801064 758544 812717 757135 790789 811249 729339 742433 831177 790774 773532 782360 745113 781185 757915 730338 781667 728539 757561 743532 802257 782372 788320 725020 781733 821870 758944 790171 767677 816546 736883 804319 807527 767076 773509 725008 748299 794819 781572 780152 713709 766276 770180 790867 791696 772347 816838 824083 741065 747218 742852 730302 742688 797325 805587 800494 822683 752789 810372 762510 749715 816679 764705 831609 822338 828488 861510 789862 730988 775754 741320 802480 796115 722867 816318 804773 735373 771600 815840 758820 834812 707543 811386 831211 797413 814897 758511 818350 741584 755241 790713 752665 799612 724652 795400 791880 760205 771342 809689 769527 750910 825982 749987 767698 795682 837395 739789 757847 759778 765349 771540 792295 818876 793603 746315 788873 762672 781116 810102 843111 838097 777381 823480 760096 763092 813737 806642 773555 797721 782954 788696 784143 762634 787109 736655 749658 822075 791051 812293 813055 816059 766547 783947 746795 756718 810425 757418 754817 822592 762073 776543 761953 776589 818850 846577 769911 788196 816429 832480 759981 753828 796994 738362 740517 753940 778210 767676 801593 768241 770540 704053 813798 818086 802641 762241 788152 796913 771896 734767 760993 806471 808796 826172 727318 688949 790737 753567 793087 768966 822848 789525 741742 783472 778802 779895 826430 784705 804001 795440 774205 757679 730001 805799 795712 737518 751193 817243 813166 757893 771028 736069 785586 753283 721066 780582 803375 736674 776606 854401 780156 835015 759621 780315 
814408 848200 835023 792740 782720 783679 867855 776288 823729 778208 789401 798919 824254 788731 740207 732101 806428 793804 819086 793522 753742 792546 822372 825595 790995 791210 803767 757113 819823 756831 799322 785101 777554 843857 813061 806684 773514 834550 803169 818364 772089 811308 828052 745715 799582 780181 815878 773898 789939 787655 816284 738726 802118 828176 828605 751306 809895 762346 886099 837797 793344 842404 834112 796013 820508 816057 764764 817126 750362 737786 781863 803234 768272 808129 795764 778488 742556 834656 813732 833337 762267 763780 796849 770421 750258 829968 797788 788583 795178 757432 799051 758641 746600 827127 776508 781993 750654 811345 803186 802894 760541 813968 829814 758920 810783 786497 829972 758921 807361 873401 817475 779217 734682 786041 860807 789311 814895 748720 803996 852822 801313 772874 814906 833959 868958 756090 792225 773848 751893 796979 809237 820925 812662 865462 801846 807580 821454 785238 848685 799212 867917 836244 823487 866016 796154 762782 794757 752747 823142 831317 745965 802388 836786 759244 824726 807282 776108 830003 728471 841865 853278 800666 803168 763925 852097 758734 808593 804895 783280 769571 745349 827432 818770 770245 773645 829076 780205 779224 772423 789406 749913 845831 875424 742582 760547 775179 800489 836912 775757 813584 824772 759371 776369 800065 800316 798655 863447 826655 817035 831470 770501 790819 833226 822347 783264 806294 819990 805281 812415 770094 787717 767320 767477 793624 799119 852485 862867 817171 793796 779384 847348 788505 818063 801569 787860 868898 793989 783288 817650 762253 807841 869499 795411 834434 834204 898371 787940 762991 816009 764170 738657 772183 791992 766806 808922 780040 803603 723389 848193 863732 783494 752323 811689 806792 733444 737589 772279 830123 809672 823209 752161 739652 800929 747880 806129 758981 824532 834283 807393 847058 819031 804477 836861 767150 811007 833638 802782 769683 769528 807328 845865 775285 774122 826468 793091 757872 808382 740974 793159 743703 772840 816045 783380 763306 745954 809762 803338 867623 792541 776656 
773640 838679 784766 800773 804137 776737 838520 753855 806958 748654 780303 770737 800645 786644 756289 743109 777013 798830 824952 796444 764717 775964 827095 812200 790594 768258 810297 774909 781555 766397 779935 778838 754048 827151 802479 810232 774306 812005 803772 794707 761968 799106 825023 763988 788699 782311 794959 783456 786427 808123 827099 748317 796686 823634 791533 727637 832144 754168 849531 802257 779446 832710 853603 811678 845258 833747 789818 826112 744759 739516 810843 800682 783963 803191 830306 798249 742185 788108 802451 815967 787831 782445 797890 761012 754641 855637 802174 793564 815630 750890 803081 737018 746557 793666 762171 779827 755593 817637 787799 823487 735137 827672 821033 756627 804449 776689 812072 742738 803122 868504 805828 794171 743218 774101 847640 797210 798779 730807 783813 830843 819356 761474 805387 812828 849957 738009 779491 771309 778484 774482 822011 815121 798931 824498 783679 833099 799567 758594 849750 805875 836491 814694 831241 889198 795148 772875 796135 749525 827621 802235 750218 826084 828143 738195 774857 809500 750684 842450 725570 809471 859470 807514 821616 768487 822017 776365 795527 794753 805993 769775 755300 807530 808719 808705 766041 839119 752810 749339 783248 787878 777639 820448 836798 708424 765806 801606 775957 784977 794204 821799 839234 747064 783462 801646 808519 804685 835268 812535 778817 827064 780450 810256 809872 812509 809001 820311 777441 796764 780620 763781 811447 785941 761904 798092 812118 810597 816431 810662 742278 799383 807141 741056 816349 795516 780285 853793 790679 801559 777225 782940 842202 854331 788559 833793 822708 876657 788890 737866 839514 736749 754162 763113 785924 791492 845328 786000 773183 739364 814607 832639 783563 762356 781497 783533 751056 738316 733236 839761 796571 847233 733982 721709 795630 763892 798531 776231 799565 805404 760162 799295 794703 816686 855205 774320 802100 832271 781065 781760 788347 841432 846313 730424 787723 817295 797061 759212 800744 773047 790596 747685 741270 791435 785546 773785 783162 802478 804759 860274 764444 810942 
737482 803122 805867 812621 760095 762952 819024 741657 800015 727419 776043 730759 783434 734889 736485 762693 747368 784800 799090 746153 756639 769185 806872 782719 758217 772952 787390 764037 776449 734977 750494 755252 741188 779430 770553 783959 746498 769101 776094 790940 739413 797373 793635 738366 800143 768753 800090 754718 739872 755220 792832 731598 775558 796171 782377 738136 811535 708447 844203 792569 735165 787608 833374 750628 785635 810993 770436 807138 723112 695506 777964 795946 744758 742594 788078 763080 752486 794869 809000 803315 762317 746886 794853 754597 726452 834232 761357 783303 783626 769584 793052 763897 735008 765413 759015 786239 732885 800116 788551 795368 732900 784268 798915 754674 775277 743432 811987 732549 793920 808946 762013 757335 750743 801713 809660 787069 773157 726484 775570 821356 777989 743448 783517 783196 810970 728052 763233 730352 741009 768964 764665 792889 782641 809768 775177 811533 764200 742138 805480 785989 806664 816586 811141 848049 786796 745834 772470 732353 813616 770705 750700 769561 807944 717262 795202 763783 738809 797252 745568 805557 821757 807466 773300 763527 794161 731929 768074 782944 745559 778342 734894 803652 768686 753298 736186 816913 745182 741280 802926 758219 739982 803035 818739 711232 746878 749203 761215 765681 753295 765396 790368 750674 748679 761905 780573 785130 842185 782161 764858 812300 750726 784405 788651 785108 765022 787118 786128 787972 788469 752245 775374 722450 740794 778591 798395 824892 801162 787276 746333 785369 789222 733532 767622 771743 765417 830359 774666 744724 773463 765498 813603 856040 760640 825986 775396 819370 761850 732241 816059 706439 725709 751649 760161 791246 799200 748185 778907 712636 793637 821500 766968 735328 796067 769549 705755 719440 745527 781273 789447 796310 722588 722017 775741 743979 788161 750900 802741 787448 743648 801848 798914 772875 817192 759586 789396 807040 774634 732896 775677 760842 807246 716653 748360 805129 771038 727107 763429 725585 762683 747278 731396 779144 735438 763626 734637 793121 769835 834115 745370 778477 
714369 756455 759786 752195 704831 704321 802147 693886 737060 696638 696936 707802 753506 681032 705288 725421 725868 730386 784095 706983 695737 711304 754002 734468 726251 707920 749655 712180 733327 735882 707326 716455 717753 783951 736010 751980 742927 755992 744050 770373 672786 786074 759527 670988 752156 728460 752188 730793 719163 727177 743567 704516 736144 760558 723833 683454 753672 687410 810445 738524 704712 764671 820255 738925 755204 800780 723954 751941 692819 690994 720252 748533 728101 724600 753458 734440 701064 747386 764724 776607 725425 739924 755962 711919 686250 815434 698930 742004 750969 701754 748856 699635 675685 739678 716120 729537 716543 787367 725583 736348 670523 730670 764872 708319 742231 725194 765820 681990 763179 760296 749833 742618 702938 718171 740813 737247 760711 679980 725385 774121 738230 735893 763984 765506 784835 712191 740121 727873 707889 732586 753398 759133 770418 782552 742904 766753 738843 682892 743393 770225 770459 774685 781761 847672 746014 686890 711708 680406 742805 734823 687785 762627 756460 698201 734392 746837 699454 760393 677719 776471 781547 780585 746206 707564 778090 709143 735443 723987 726944 743709 669992 771693 757765 722519 706774 757233 695580 720040 736344 730918 716899 752109 752771 658978 709592 714023 736295 735852 734216 760540 768413 712648 722042 743157 724379 760865 807168 770907 737131 794540 727829 746375 776855 767365 736264 760401 715292 744140 722045 743557 754313 720968 691717 753263 760747 789119 760894 760295 728689 704673 738611 715323 758460 744412 714531 769496 769854 736284 707120 738933 759172 806430 731692 769179 728224 796928 743675 700793 776327 665556 693464 704752 742291 733682 753048 733238 744487 682539 776787 802931 709050 691071 738891 726079 701361 688871 698942 739243 744160 749912 675358 692391 753481 698004 723138 724140 720127 740562 714323 734713 746638 713447 759222 732213 744194 748894 734153 719434 713447 738801 773514 690646 728319 780271 726552 714295 732128 710132 740317 709020 702558 722824 746658 709894 733958 752270 721456 803340 738796 738246 
712828 771276 753345 776518 722721 734103 796944 744528 762970 747252 722343 733754 799032 695112 714710 721876 745040 757548 767952 709359 700531 755309 757850 740509 746005 710016 741845 719189 763933 726711 730123 752160 695042 773135 760231 756189 725068 758500 757206 716140 707346 743545 783181 700534 734886 741813 781014 732657 715918 739658 773149 701339 727444 758161 757823 707932 750189 691506 815768 731083 743134 781801 793125 713172 789189 775595 710704 766106 747419 722332 728746 755045 718694 742653 770420 752822 683602 786755 758207 769389 723172 765921 771124 707082 665746 798276 751175 750923 777114 765371 723400 735735 709341 756579 718475 731856 698016 785322 751478 769661 685073 742656 770810 693967 756568 755904 821582 701219 766610 772619 758834 732022 703828 714685 759594 716808 731132 678129 745196 785018 760006 731082 737571 770635 804966 702917 740555 737118 707431 736673 778836 789496 736303 792029 756442 789863 783235 688152 782672 742998 800605 778260 761850 838150 733372 715339 757347 686097 786928 763956 697972 758052 783958 705344 753553 768292 705357 770840 691583 779828 795311 795688 768865 726961 796921 742957 732282 763566 713543 749357 693064 771816 743418 719114 744692 761610 723969 725517 763343 726295 706313 777513 777073 669631 743413 725511 738531 765726 736227 792278 762734 749245 738798 772241 756902 764428 811458 789350 770112 806929 728631 717652 766294 776005 738503 767732 751799 720244 757406 730273 766397 722018 718354 761405 774041 771287 774921 778936 723739 752344 757054 692466 771711 741083 732647 790516 727899 733666 746003 749484 791973 812051 732665 765312 752382 820086 732230 712591 767591 690654 739520 705349 775483 762379 782215 722285 726529 684630 775158 787944 725607 722548 754850 757641 689768 689225 731382 771154 765730 785480 672162 712518 793589 722272 749805 703598 749387 752979 745154 734081 738882 746836 791125 749030 757464 768388 744081 712549 702558 766196 804210 689181 759894 766759 755702 734788 719416 723999 757717 726001 707119 734271 748570 719435 746166 774917 765357 794728 735154 766007 
738790 799565 773238 757976 766947 725083 807518 720423 761985 699476 750024 711124 786143 692849 707475 743439 726738 741544 759299 715086 730985 756849 755555 776468 737103 703280 758249 736175 750606 752451 748043 743687 697933 790601 734597 788542 718304 774739 784610 780169 670672 769194 792853 694257 768863 745580 777341 731183 735820 728403 748797 723657 741647 768762 753716 715480 776428 698467 812571 765589 722707 792174 793751 753206 761329 801805 715883 765874 711141 714597 743477 795850 718960 758431 793222 754613 714958 781304 761311 792396 738306 751574 788707 718606 720127 833722 744195 753207 764989 763737 765679 750625 712900 741587 727330 753647 711020 778761 737705 764942 721194 751191 765452 728235 748384 731782 808687 714412 758588 773952 729454 749736 723874 733010 807181 764263 764193 688798 717623 815378 769676 747985 767774 773348 806530 706965 736972 724706 728951 732856 768481 786720 749086 812715 773796 797920 752817 715283 798188 790556 811690 799469 770501 825942 755815 744135 761124 701877 782681 746859 732977 765112 761148 695351 785202 760397 723883 786209 709495 783728 802572 814287 753704 713355 783442 702851 742213 747597 744565 730938 723353 775339 750009 721589 747414 775083 717214 738469 779330 757553 733022 776498 802796 699615 716132 752027 741413 756532 761121 774696 781847 718877 752498 747395 765815 742789 824325 806077 746509 813474 749250 742609 776801 756244 723759 756978 775903 747581 785052 730013 775382 717793 710942 766973 777106 807130 793612 786460 735692 750342 767914 737696 756987 764275 751640 797223 779929 734741 749615 740759 768229 806888 733611 779108 752174 819418 747210 727547 780800 695143 699054 697921 757571 774134 786771 729412 755439 689851 821071 799474 734000 731336 766699 752377 689834 699089 723396 769069 762449 775207 732306 698039 761069 714952 772764 731326 788661 754276 738954 771880 767061 784613 810410 753570 743793 785815 730578 715505 732113 767715 795002 676488 732694 803010 731319 720812 751733 732756 760222 707491 706634 758504 747509 713643 755769 776785 718861 785891 732740 746847 
699082 771183 752588 731457 722682 697228 783716 731978 736923 684769 700495 706428 764649 694681 679857 698199 707933 756505 740532 717266 679117 697795 752441 738346 691649 711158 760723 693178 753739 703109 698339 700756 692720 759617 745185 735872 702855 742995 709059 735978 670887 745331 726099 671448 726534 684430 754035 756706 707969 712911 739282 696678 706387 725502 694327 696451 741044 691579 775488 725253 703169 758516 798443 704861 759339 788667 723454 771552 691565 667287 743290 759696 683218 709593 743161 703550 700458 738444 736838 777683 722252 707341 768802 680462 683955 788180 718767 717330 770482 709853 724294 683067 674075 729349 698409 717736 693880 747726 749217 733976 653492 739039 761485 711226 748499 712854 767255 653304 744812 752173 723422 726193 685900 709285 746211 730419 741300 680063 723904 766786 747630 744114 741214 731567 762462 687445 713941 720101 700670 740142 736814 739982 743669 779547 713937 733060 766806 699041 766530 738253 789106 773264 780611 815310 743003 669398 724030 690922 751195 727440 696240 758702 749691 706414 717464 744823 711893 752593 704301 743326 781889 762845 735178 714409 756860 706269 733068 703282 715508 732808 679774 743180 736595 722677 732981 755513 718678 693311 747400 714125 715786 751043 777471 661104 704921 685955 726474 733858 730992 760254 740241 707920 732015 726504 738279 732131 774959 749508 721030 774651 717559 749059 742141 764313 713424 734169 711014 739215 748824 717388 732123 685269 701991 734800 742326 764231 772574 747782 720169 712392 751468 705907 750830 753773 721704 780477 724823 744001 717932 761554 766852 783650 697662 740576 764868 787722 707311 699774 772770 681292 693196 721764 733087 715510 747576 701515 723425 683332 752178 780364 725371 697766 738352 733659 686294 683351 697676 744572 732696 773811 685593 682592 763678 670073 716995 719669 753740 714644 696350 732575 733941 741450 766533 725859 732553 759511 709466 683254 701455 731845 772565 675715 698481 729839 743761 663326 746224 678641 713303 716632 688715 706979 699683 685865 727447 753230 718066 787743 695655 727079 
750857 822163 794941 769509 763671 760142 812367 786633 798813 773023 772396 775094 814109 724432 732213 716248 783759 795256 787210 761904 718451 796831 779574 815936 741548 768452 797054 760512 791231 769843 767585 788457 764664 804597 783868 806048 737229 776752 783738 789633 720373 789817 822897 731935 776280 786494 798969 778706 762371 776554 798790 730269 794501 785046 795631 752928 801437 727047 847542 778727 764672 823978 842829 792730 780537 822199 782896 781625 729987 725138 791693 785921 761113 755393 802798 751620 739573 785095 792898 821098 782016 753112 813522 733416 739578 830323 783800 770514 801875 756106 777534 771709 743686 801703 756916 755802 748514 798906 757731 785817 719549 797173 820405 750444 770374 748455 815314 733139 801944 814939 768790 764754 763260 776946 786821 791201 764714 727700 792179 832512 791287 773402 790080 794106 816908 739657 756657 747332 725023 790288 799854 808714 805447 844944 791347 792950 774058 739151 816690 776362 828894 814863 797002 868879 793196 743538 772839 733887 825794 764421 736153 786741 819955 704367 793375 791655 740097 803795 723109 803686 808233 808672 796346 761002 831895 759274 765549 787121 753528 758944 721818 795269 771310 762486 768685 768257 732082 740327 785039 762235 734636 818664 835205 676612 745091 761354 768732 778407 759798 810437 814578 758435 772857 777117 782753 797215 853060 799708 780595 818195 765906 747293 800997 810556 764939 798507 753656 759991 789781 751031 782410 761037 727677 803913 802592 807998 841238 808542 747610 763555 771978 775864 784609 784671 763466 840745 788271 771595 774290 758788 805891 848601 796782 784180 803620 863980 752192 733974 798630 709908 740917 742606 768118 746196 791806 753503 769942 721739 821073 855412 753863 738523 767971 782262 740599 745663 746823 770241 762193 824667 740728 731732 791932 767980 805691 775346 779829 778060 767727 782824 793504 759715 809122 767093 780703 823713 763223 720956 757528 811975 822802 729074 762630 816559 769612 731135 793024 722347 772136 750670 730847 774542 775794 754136 743603 805807 767616 835701 748830 787398 
745696 789775 795091 775160 761965 771354 824751 754742 805659 735524 749933 783468 809840 773987 730101 744325 761374 775862 805092 773705 714053 759746 798851 802058 741420 747746 794547 786047 772617 759424 766502 795588 735223 812678 788927 775248 743257 784697 779259 748220 748610 775007 838614 732614 770507 769259 807032 775986 777173 778248 797752 734441 777032 789122 787567 717718 793612 712288 853106 788452 754935 799239 816019 756686 799175 828603 776820 774793 724678 745011 753136 795878 755058 777722 779710 770707 756829 787422 787744 809066 759095 755006 788725 708954 749226 823886 774395 768576 804964 722724 773236 762631 722160 800780 758079 775439 746664 799109 779375 768464 715334 749308 808188 759035 780076 742740 811692 734128 770106 815040 773074 749000 720240 744709 821822 780286 796019 706413 774097 816068 778795 801170 771683 783783 856001 742292 791677 777570 718865 757667 802233 799486 789711 825848 731727 798790 807053 738945 824742 785205 834126 806517 829215 854487 766368 732951 780597 738740 820769 790170 770813 790322 807572 730803 777462 777515 736764 797308 709811 788079 823697 811181 771051 750179 812912 719637 762981 757134 784122 764638 749540 796127 751109 776751 751689 803271 743890 753381 778450 771715 770944 797485 829268 696083 709208 751564 754946 766378 763421 824977 801450 720553 773068 773731 769263 781712 832198 800774 779780 853516 751157 768467 782920 788559 781099 801516 765748 799935 801051 762736 790913 727952 742164 796495 810448 814044 827888 805947 744641 748977 789731 742752 810226 773053 766659 820058 781435 774546 747632 781121 817746 838393 742962 800514 808109 838646 773313 767901 790442 722386 725155 747262 770712 788497 778277 761666 768578 715773 795976 815596 768768 765475 762283 791527 736986 742364 749434 795250 783117 807693 741586 687630 773525 750101 755468 729086 826048 771396 741327 801085 763772 770402 813592 744296 772637 807993 779115 747397 736023 804171 837828 725649 762169 811262 782947 741530 771261 730787 764945 764191 715355 744788 774483 743229 772085 811246 753014 822470 756858 798543 
682643 792187 744756 733985 717226 708999 780299 715988 749166 701973 714121 712811 773442 700122 712395 740356 727407 757935 777448 720502 696099 729990 752976 729395 693345 714552 761299 737274 751702 713651 717719 732580 711855 784466 728325 753273 691357 749760 736931 725090 700676 750344 792970 708666 751024 719571 757215 715333 746451 722574 730092 704504 743499 761941 731305 676242 752126 685650 804039 735190 714507 772404 776898 726704 731286 774752 734706 737988 670604 706843 705342 774427 717931 733627 737725 732044 703933 734565 742871 767467 719347 734407 779082 677940 700329 778809 730189 717261 756614 692747 740351 677579 672630 759612 704991 710612 654456 771623 752871 733016 678373 717080 778013 709777 734143 726163 747446 675085 751328 770478 727671 727061 685758 729166 789296 734684 730318 668897 746020 803982 750143 761367 734759 744406 792476 694684 742066 705384 699039 714912 759888 793552 729975 775140 739463 756490 777706 695365 786401 710025 785158 776911 760475 790224 700720 689365 713057 699446 752344 754234 693989 714989 756931 693827 768873 765847 683801 768615 664316 755976 770070 773709 733372 698605 760965 711462 731865 726558 723296 724492 698891 757801 741245 710667 723248 750592 720768 693970 734355 719674 692856 748788 797181 667199 696490 718527 704908 733764 713730 752965 758885 700320 711755 717285 720385 741540 827009 770207 726512 799599 702647 745558 762014 755940 723978 729566 711749 720420 777334 734087 708236 705843 688999 758184 770099 754441 783916 776326 699829 733051 723177 721456 747897 732001 694685 791136 764235 759327 711561 744827 776420 781899 719441 774506 751138 793598 719426 705750 768920 696176 707521 710231 722199 723288 765186 711246 739861 652469 768475 771583 704719 700108 749767 748757 688567 723124 713193 738576 740944 758603 708928 644200 716065 731731 748003 702572 767278 737176 691997 763775 778965 745669 764395 718856 744119 770990 730028 688831 706457 756202 777953 691553 718010 757939 738943 684998 746669 695092 729277 695628 691651 747397 714606 691272 715893 780168 708122 768849 708253 738660 
663574 765571 738415 727471 701277 704765 769576 710184 719528 696695 719381 685639 751427 672614 666042 706721 706869 718694 742853 684304 685977 716259 741903 741663 708100 719580 748621 709222 735900 671339 710641 709853 678604 714469 714347 701247 698250 715148 731691 734924 688802 731006 731227 680002 724420 714243 741082 706724 718702 693832 745459 672945 708698 747195 710106 686914 743466 665259 777519 724219 688507 739095 764855 719255 745128 741228 714562 740836 696438 668896 722687 739731 711005 725753 692397 713444 693659 728323 721739 774860 691635 701676 755673 672604 669673 769922 695391 752967 747390 709947 710712 697966 688006 720596 696997 707460 667068 726793 749095 751235 670319 708440 763265 696770 735842 729822 767133 682094 740352 751721 705494 702984 689514 700316 756019 727140 706363 687207 742057 766494 720736 729490 743119 729517 759474 666717 706400 678648 694754 704247 719443 735054 738060 760578 703991 716056 718165 690316 762425 725209 773234 758174 764999 793515 718003 666003 723134 673348 768853 746695 675275 753064 758832 674895 698491 736990 689001 758870 664040 742357 787650 756771 698550 713092 741385 679713 681907 728087 717607 728709 672164 735124 731078 723155 707474 739828 700753 685160 729432 685581 671063 744584 770754 677943 695789 691188 717800 695771 726600 748478 741605 683257 719985 700667 746018 754245 775610 728922 704911 758182 711970 706531 722694 762025 695825 733231 725163 734076 715299 701338 723134 666614 686541 743895 745019 757424 749288 736243 697150 718243 717787 716252 730939 706235 735038 772092 716364 735129 701326 719846 715039 790569 721772 765059 727901 774861 711407 705098 763275 649649 694082 711503 709965 747312 747566 673526 699908 663924 769519 792436 698155 705408 738612 710629 685077 689460 694123 694077 739717 771202 718055 663907 715227 673800 717111 713946 772747 733687 703427 735996 746596 762457 771365 696517 706716 762805 705069 704206 697118 735820 743957 688333 696212 718684 700479 693587 716538 682869 740088 669995 691040 726274 712941 687190 702515 753489 719384 775233 684652 704489 
681314 804263 778249 762365 731272 738532 818672 739111 741315 727118 766291 712999 784480 705728 704998 709959 737349 742085 771379 733650 719619 728334 768400 760748 719286 713390 770302 730253 745540 724323 756381 725186 722524 781256 739135 764173 739382 778708 769547 749294 690986 765453 779852 704818 777097 739029 758888 743239 728447 720602 757757 715876 752387 747153 745888 678106 748565 701678 822554 747299 724232 787407 813030 742513 780347 787578 711559 796695 712202 695694 745719 770599 740460 743684 787934 745139 712158 761986 787130 784082 719079 732994 792800 688793 707676 805732 785837 750536 780130 738434 744531 713317 702232 757917 720011 743489 708338 808201 749301 742150 681560 754639 785264 710812 767595 725159 788514 670703 757059 774246 738248 724799 701312 753225 768142 743143 739734 694546 743566 758636 736577 752272 769352 781544 824028 703671 712266 733420 720433 713460 792571 749309 769029 783542 758625 770734 771981 694471 779917 743497 788587 793603 771914 818528 739482 722836 743877 675584 768560 772126 721474 775692 773195 707617 750963 761762 698983 786660 703404 794685 800170 771804 745514 692224 777670 702472 724785 749446 754716 749985 735146 757214 757545 712250 732818 777023 702797 729011 787842 703921 709072 787417 812540 685981 736558 733483 734475 723072 732533 769910 772296 740926 745407 758099 749189 759509 804523 760319 745782 800374 739432 762795 771144 787962 740097 777791 752105 771784 736490 759346 774614 707715 719992 759112 753803 776590 762241 818400 718387 735461 751997 754823 774217 749713 749797 771764 784683 731243 716595 729513 787245 817610 744298 782086 777471 824119 725394 715720 782116 687877 718874 730740 737319 774863 770403 700177 743153 680482 789681 775019 724954 724209 750516 726771 708886 700664 721339 755065 763976 774458 722231 693862 778314 726497 739640 728368 792051 760749 722537 749294 766835 754207 787128 759025 740584 783552 724114 716199 724857 782312 789171 696174 708512 774507 780994 712288 780564 720508 757656 712197 724976 734462 734243 726773 754227 818841 762007 803189 724559 730856 
658943 766254 726005 705651 685700 681468 766338 681895 732035 676834 668708 674056 722394 697461 657679 696285 688083 700980 713322 673873 656843 705201 719906 688808 657716 728980 698497 699469 714061 653737 708131 689893 676038 732526 705476 726833 673678 732016 716492 725582 661357 729285 741484 669471 682070 695806 710876 689853 682560 687339 690874 634154 730525 721101 720363 645427 693552 620297 757699 704485 681574 720796 756205 694832 732208 744086 712723 684012 647214 654001 704149 702129 685680 708278 734009 686111 676871 692064 734352 787954 689838 703742 734592 682900 651360 774481 680912 708177 717311 672790 707521 673719 667440 731506 676634 661531 648527 752643 713534 741165 628856 715133 743001 692523 705189 689970 735328 645145 710137 738874 707148 681548 666513 670140 746451 712992 692538 659876 685329 723347 704076 741592 703756 732367 754703 674476 685263 672413 687217 704522 703526 754005 690720 750981 668996 728722 730216 680150 732002 724406 715583 751579 725338 797597 710757 642387 714850 624688 739064 706112 666148 747118 730590 651308 695802 734790 688790 735665 638441 727134 771371 726963 694877 660752 693898 663895 689888 678399 693965 714029 678355 702059 701521 691421 699634 713279 690001 673658 697952 666983 663466 714086 764428 639621 655090 684826 701367 688608 696238 704605 727788 673953 709204 682685 694489 744781 766747 726306 694807 784060 697719 724072 718994 761030 704686 725161 707713 692212 729218 684340 683333 651385 668296 739453 732816 717578 718531 729002 695495 700377 706033 674335 747138 710321 714717 706162 689754 717998 676916 690847 743570 760047 668091 750213 720142 758836 709356 710895 712309 650871 689815 666314 696976 708192 709899 683372 707373 654155 718265 762642 660228 671832 710732 698534 665974 650992 668378 709330 723247 727764 667657 605909 698773 651748 676987 679011 736111 716402 658942 702735 700545 719591 725753 686420 683067 732743 698260 693102 654540 698917 752688 634165 692174 722849 714430 706451 697100 650041 701120 694702 686037 687531 716013 673047 682417 717065 673260 764348 685286 685514 
685605 799538 765456 755434 782887 720130 855820 745262 772791 732116 746872 746158 806937 738585 715765 766300 736872 781029 777996 731386 724696 736059 801348 788105 743095 757931 780187 758097 782926 714197 745065 761416 728943 774425 783186 784954 740308 760491 774802 770963 715006 806827 807043 725467 779630 749608 770875 737425 734105 727309 776175 716970 766046 767897 776519 703481 752627 727007 827134 810722 746916 798242 821474 766088 759359 807042 755489 759567 739588 704142 756203 774710 737939 762110 781023 758722 715623 802000 760952 800138 756048 756121 810960 730626 736125 842640 741286 752454 752221 744495 752197 739065 709192 765527 750401 733836 718781 788466 752807 759990 702013 761859 801018 732850 758556 758358 800044 702848 786999 775827 726884 744587 728166 739461 788248 776187 769144 727930 761990 795222 781450 790608 772733 771242 794752 724839 746995 739525 725067 728948 787439 807010 777133 814485 769367 791011 755095 723359 818182 784861 803606 803945 801699 855314 775049 715376 778232 750102 773205 753659 718384 786425 811028 720161 755081 770384 746693 787118 691474 792135 809687 795142 744914 727457 785416 708131 757123 750777 772608 771437 734764 766810 740114 749259 729362 794642 742816 729979 752983 737481 704179 775912 806532 712057 733557 754754 783526 749081 753765 797845 784766 736341 774515 756765 772187 799708 817711 799834 757618 850238 740905 747360 772260 799840 749339 764476 744597 790179 765134 768692 743284 735449 729291 784019 784537 805560 809058 780526 753919 760750 760568 751017 772731 811793 735291 812482 765900 779684 745394 770128 791927 838750 772301 764265 776871 826520 743856 754941 804519 723975 716113 749203 780739 795694 751163 728430 749715 707396 805631 824144 746538 749974 773885 747581 751996 713134 752133 739996 783324 792182 742889 695457 743681 729047 781638 755622 816052 754477 729055 763302 774951 754075 832277 730861 760910 784640 740339 731407 736219 763647 814664 716608 748448 772014 751621 715842 774694 753411 743006 731477 696802 751907 755905 713906 758239 786095 781735 808270 725119 744527 
676533 743484 729579 746093 711366 686560 796128 686001 744867 640512 707717 704760 731618 680517 688224 705883 690775 739090 748808 721360 681757 706719 727999 708215 666836 712780 726578 696640 727809 716166 705690 713586 688109 772342 733090 728019 708772 723991 717083 736057 677458 766943 756897 712013 708578 707996 703839 693336 711016 712159 732912 658475 720086 718500 721449 664918 739961 666563 795593 721462 707082 728592 741559 698412 751437 749183 715152 700569 689152 698828 707384 742803 703789 729660 768674 722026 700899 731210 744242 772334 716472 690095 752766 689897 687820 791925 709228 711840 726454 678284 749175 702970 661128 728849 690765 702911 677434 719841 722965 732304 639546 736060 779364 693026 745599 712996 740251 688108 727550 748656 718153 707109 659698 704565 785157 733293 727289 656741 732051 761512 745428 716579 732111 735561 789501 676133 691909 679646 710353 699621 736546 719954 767855 775261 686807 735057 726925 661427 771974 739871 749011 768868 753077 790734 693384 695121 720802 685800 745366 711174 700180 737047 747973 684101 739768 724759 683248 748403 632483 774302 751700 735710 706295 662848 709619 673730 720003 739750 709283 697290 661959 716402 744782 703045 680173 715245 692648 698854 704253 699872 706012 750747 760638 675671 681277 695843 723904 713614 702445 764696 740282 702318 697933 720279 720905 764684 794972 749482 705193 766664 708094 703123 743590 754389 707150 731903 704550 707596 725496 714067 715025 724605 698143 749824 754745 726533 725659 741673 695475 705273 715103 725480 752889 711036 712244 771823 725185 735641 721351 699139 782217 799639 706974 745167 708477 786421 702149 695213 746634 671536 678610 683833 728756 730715 772914 727390 710382 652815 752115 764014 705637 680124 739743 733190 675005 679615 711592 713079 722699 764333 659996 682405 728615 653559 747182 704204 755845 732369 705734 717880 702779 727114 769291 677027 727067 762848 710406 707062 696870 700577 732835 679136 716036 750886 703051 664893 721822 664885 677372 702019 675999 722835 720169 686671 711241 741516 691589 775400 724445 703711 
704964 772117 776326 774301 725103 727780 800883 733631 771806 728924 744097 754934 779460 730918 711492 747210 740847 758950 776175 730487 702721 766581 781579 746684 719467 750216 747592 752557 754679 733343 742917 761171 724548 796833 775552 776471 729953 773923 762517 769809 708453 776154 787024 715138 786230 743115 758436 736465 745273 741907 761667 694190 754684 766009 742883 689283 775502 693031 825616 776571 723884 775684 822347 761723 741237 782658 718582 786940 727150 680732 765659 751106 722043 751524 755163 730540 713327 791133 776613 795167 743481 717094 773401 725385 698151 809057 749084 742789 757011 733839 761382 730517 708738 733039 753233 724895 686902 774679 738617 772119 694458 772487 801928 732843 749183 763179 811140 695629 756408 789167 736485 738642 713108 720684 765712 756881 763171 702598 741876 751509 763026 761783 761558 785039 789902 713012 749870 719705 710416 760337 771722 784673 774418 789791 726743 777030 735601 733826 787760 743515 816303 800450 791441 829148 749147 707550 758685 712498 787181 762984 734852 775343 781103 693260 759141 742146 725901 779237 731373 787193 789400 790002 746152 725045 801410 734702 768203 761684 743777 728734 694445 748174 745096 743717 734621 781678 713389 717309 764339 746274 719923 760728 806757 703873 735404 728855 761448 776188 757518 780133 781232 736650 770109 739293 769660 777428 820888 802956 763453 782762 744044 754259 773963 794760 738541 782966 758652 724571 783155 761581 758075 710764 735292 767050 783896 787160 812660 760638 735343 735837 767630 771383 789135 770446 766552 799523 741962 729828 729573 741231 752640 793771 765101 778756 749039 830750 736901 724464 773958 694611 715158 721613 766414 753552 771691 733203 742909 686682 785406 833184 729285 708928 766624 758429 726965 737035 745099 753980 749978 779844 671207 715996 730826 698516 776765 737415 777345 777360 732913 776458 777863 757528 808116 734793 739122 782030 739417 740728 734404 765015 810475 688444 752218 795084 748014 718312 761200 740227 769950 740396 713946 732230 737708 735839 723407 769950 743479 828467 743216 737645 
726262 767242 762045 771928 732866 748011 800326 725645 788825 724194 739456 744542 782217 730942 710424 731330 734634 795880 816820 749966 701490 721909 770808 757565 713363 752464 754807 737112 767346 692154 742059 748978 709329 775569 764890 763605 738639 766343 760459 739649 696255 764394 772528 735698 748925 741006 757108 721591 725255 747159 736690 698518 720063 759758 741322 688674 772038 718991 812522 762815 734139 791624 812722 754058 746847 776164 721603 759370 725358 728930 750005 780165 732962 767841 764075 774699 730972 780974 743454 761898 729963 726594 788556 706834 700722 781755 766456 722524 776457 708244 729632 703439 691392 763579 719504 730915 703050 776707 760985 764109 685846 760622 756258 737789 742166 750222 791904 672914 761036 761502 722206 736023 690360 719226 759734 748004 757469 690371 769764 775056 769498 742209 770835 757047 817038 700379 748715 734084 704810 733383 754887 787762 763349 808313 726594 787118 748353 708753 787906 746285 815034 782332 814061 844963 745433 734565 749796 710190 791712 765545 717191 791203 795190 702838 765338 766361 703600 783633 711644 792619 753365 795667 724333 717331 755126 700528 743649 755693 739315 757552 689352 782322 728605 710369 731888 789639 715984 713488 772901 756575 725682 775664 810506 688150 725402 714412 741433 735574 751006 767895 772315 704582 764510 730394 764395 764628 791344 767797 764690 808228 740426 736001 762712 783832 729959 792479 724438 744022 760029 771941 754315 713800 696178 781655 744045 773807 781170 773152 744297 746330 760422 740465 791811 746490 735683 789647 715885 778935 726167 730035 796535 803740 726857 787456 752771 809357 747028 738335 758151 701473 721665 725054 754832 739863 785236 729123 743141 675340 765320 798501 745697 733631 753851 738451 720878 694276 720894 760300 775734 775086 698335 681687 770527 719497 767067 741442 746943 749811 736416 754257 764148 761320 784826 744025 770770 762413 750952 722827 721265 783209 820859 722772 729691 783576 747033 723766 744286 735089 750874 704099 685551 752493 748334 695121 730450 779387 713452 791166 714713 739677 
782126 836977 823070 837674 786638 794882 868904 781539 815089 787365 772725 777023 829037 735232 799277 777139 802676 795104 823887 785020 761868 804023 835151 815387 780315 774830 829463 777644 802001 772337 775405 795881 762186 819651 814193 823925 766038 836211 815491 799094 787067 856266 851183 750927 812741 816210 838176 786280 788983 796443 810730 750823 805322 834476 805329 729865 817430 770228 891400 804992 780726 846658 835767 825753 791633 830765 757137 818835 783957 723740 777681 852550 810602 813551 814695 802044 769985 820301 830259 842513 792055 796244 859925 771374 780078 848236 818086 798987 817515 777284 804777 781715 759646 817254 774635 791096 746061 858970 802816 809249 746488 815432 865882 792725 814546 775056 821559 718520 837578 864371 808432 792414 761985 808101 818356 781749 820262 756950 799030 828871 790560 819815 853524 846201 876745 772401 786908 776805 773430 770807 808064 836415 825234 844494 808870 834546 812327 784771 841256 834371 850600 848820 852621 885910 822008 750084 817720 796562 840765 817796 792244 819772 854495 747934 804752 813823 771631 839334 740722 853301 855759 870993 786991 791711 832958 796029 761894 833609 834986 815330 765987 798047 847058 783041 782329 824311 753569 772229 808461 796830 797963 826230 854960 733666 797270 772208 811870 801581 809964 857299 847577 769623 787241 814165 799641 805995 856503 834964 795856 849815 764528 818959 824599 858724 796679 837522 784535 819125 825252 804373 817806 777960 819137 832726 805478 854770 831756 852127 777490 824692 791455 805556 819501 814159 801698 849910 815068 816422 796797 818014 842854 875662 807733 832316 842061 901598 804835 778056 835528 734516 796958 764268 807480 806485 863697 760490 812401 781537 820465 843071 783889 794449 804956 779540 793882 762122 757270 800588 802115 846088 801519 720330 830768 761897 792494 804128 834909 819469 773427 815554 834581 816482 856424 788200 815136 840846 783731 776250 789228 832056 873720 746078 786289 841932 807899 734953 824880 779981 801213 768419 753342 800891 783468 768104 797703 823381 809051 879872 747356 805914 
762362 815860 750975 777963 739451 785931 856311 762938 798711 746913 759609 770886 812861 757695 719698 760849 750233 774672 776745 750366 747170 755611 813906 793696 764356 751826 791430 771261 767786 714605 730584 801231 732358 791333 754124 769858 723829 781136 780220 788079 743918 777891 792254 699574 752688 758699 786548 761766 762401 776474 775361 704234 736843 787622 768629 725307 768604 721631 814422 766295 768218 801769 832006 762810 785754 839314 750656 769950 738612 702359 782990 826056 763091 788713 758688 790756 732329 812369 778325 796419 739458 782418 786998 744880 726206 839851 782114 791652 801667 742925 769041 757300 726597 767232 738839 750126 749895 796178 764957 799737 718057 760567 784497 725262 815288 752767 796305 739552 795969 808942 759373 751400 736101 759340 823691 781873 780393 719011 753540 821402 771494 761967 794346 787108 826123 725433 739181 755205 737611 771442 800674 804519 786798 803037 740355 810283 763909 728762 790495 791778 815682 814660 821841 868074 792445 745487 768465 707079 802504 791708 701742 783091 812518 725440 768621 791958 730650 809468 716534 775414 814955 817745 783231 740487 817867 740705 740975 779800 748413 764639 739022 803002 760158 739060 765829 770006 750251 773846 764373 771565 733972 810284 814187 703564 751481 770518 783071 787345 748972 800930 798900 736316 760344 765994 783130 793041 839355 780683 776351 833456 746565 761979 770152 802292 759001 761623 760893 783604 804398 756579 776034 735875 757030 806011 805466 812150 809143 789071 755303 794761 775955 733485 790405 764005 786194 821612 789208 806963 773147 780006 802842 844176 776672 813971 808533 824268 783694 739359 812634 732217 713037 754130 787907 781435 801851 765951 735994 723613 827748 823909 747240 743510 794459 753399 731613 734638 759828 794368 782546 813595 782532 699123 780280 723233 782346 753777 796274 802715 729916 773903 790414 789650 831626 773351 771384 819029 781307 743975 734863 774740 794111 753251 779328 798516 786870 736649 773238 731930 784369 741469 734448 781401 766747 734102 747923 793601 740763 827427 743384 774884 
680591 775843 743280 754822 726567 714623 800867 700238 757187 714128 687176 727120 768634 697388 683164 695554 698210 719559 732379 730651 690265 711632 754575 725743 687533 727805 739732 699460 727004 702353 710940 728948 681813 722547 705238 740507 694111 723751 728825 737574 710028 729030 752515 678599 711846 734709 730038 700228 669418 702813 736512 699480 753821 721466 749802 691860 764148 683695 778344 723174 711993 738636 776583 695872 749983 726362 710856 733364 693332 709326 731996 739601 684886 718933 725129 721894 646432 759510 713337 777180 699776 728501 744345 691370 686887 756724 706859 718224 755093 738641 743408 702563 664837 717039 700307 698973 671775 737867 728988 733725 652856 746933 764552 673300 715218 728823 774239 685348 727374 753343 699400 715883 669299 715729 755553 732645 743446 696471 711627 758213 729116 709493 735749 710545 776976 711641 705903 706496 701195 717819 737929 765276 707349 758219 714123 721558 733256 703576 778951 744485 778912 734672 765266 801470 723616 679819 728085 687595 753285 740254 677800 749011 758851 660085 721144 754393 655785 752184 684763 750102 787201 755782 728550 671426 726500 689371 708518 732272 711854 734852 671308 723516 702173 696042 699625 744563 710480 688076 702055 695585 672506 752733 761853 681331 671796 681238 744758 710312 709621 731402 775742 704308 710221 733807 715157 726381 771113 758369 692907 792160 694546 691187 728452 754003 708106 702521 720204 707579 723297 687567 724929 691295 688209 726619 764976 769090 748579 748982 701223 718833 762356 721303 750083 728404 704763 772864 739011 744088 718015 705822 763526 789272 717473 753871 738505 795140 707345 680128 725515 672007 686098 715295 723482 724267 759990 700877 709047 641787 752796 763469 707558 704002 745568 709314 689693 684486 707454 725501 732919 754485 672865 664478 732406 671289 729891 707476 721084 725376 692511 736988 754233 741010 763891 672629 734678 759610 698171 675924 689882 732393 755124 696191 721552 769131 692719 696604 720175 674766 704923 678294 685616 746789 695911 696145 708202 749114 722533 754447 705588 721277 
760928 817330 781436 743496 746306 715072 792347 718431 782151 726145 734050 740940 771108 734409 708162 708752 755150 741683 764098 729361 695013 738925 782099 754051 730525 728099 740930 749206 769214 708406 720606 730917 713814 795782 771198 739283 732158 789172 740008 756170 697799 761795 786407 700550 730812 725521 780616 711736 729862 747590 756225 683400 743707 744528 747258 728839 767254 707806 814075 759829 719328 786298 816493 734175 772557 802824 743023 779691 754951 694913 752250 748897 731133 735892 753608 728964 742235 753183 773898 784842 772058 744940 760038 727696 699371 786985 748048 739284 769903 715361 740310 735679 690091 768262 710471 721315 709684 765140 762104 779808 689240 759241 785071 724660 773370 743422 756668 683053 753303 769932 730892 752897 718863 742136 801287 762974 740965 702500 748249 813704 769411 763884 752114 765064 810257 699429 751945 725938 738819 748355 755402 801242 756026 812769 771301 786149 753199 731419 773386 778083 803316 801584 777297 853286 783124 724757 750069 708788 779838 767413 686009 774562 774085 727851 778326 742157 719780 755570 708565 765000 805744 781017 767004 727061 765366 701333 743025 750266 750767 732807 722300 764243 754576 751686 719630 785072 722132 712223 743657 712459 735948 770617 788839 685186 702804 730609 745057 742982 704561 750749 772067 720309 774227 742353 750064 772859 804494 771549 738141 807684 744677 724735 764698 783002 733996 776284 749061 770372 770372 720009 742242 745025 713216 764877 778873 797394 783198 762096 730176 749060 769121 730513 758438 769238 727313 807006 763476 752659 734665 745034 784368 832923 759582 770571 754978 807855 764997 719984 788256 706663 703403 712483 742582 764017 792124 738642 732358 675111 766680 793540 731760 710117 749915 736785 699984 670569 730949 761835 762527 809911 709614 686631 749711 711338 722041 704824 781314 776024 696161 755308 769467 741200 782870 725928 762281 768327 724584 729271 708739 768308 809533 690691 746562 769388 743629 715253 769367 724542 779692 722320 679940 720545 698444 698370 744845 775763 748861 804228 717948 745955 
743211 775062 799609 780316 765751 749102 803702 754460 790423 730926 744558 742660 811303 736315 746023 743025 767825 769049 786696 747730 725378 758847 808049 754573 754916 723549 769540 722820 784902 761766 765143 772900 730826 789581 770997 768682 749156 812050 763027 745740 762807 782642 822897 736641 775792 757332 767931 740345 756301 737698 771798 739026 788744 776216 802828 718958 775196 701135 828367 809443 744319 805753 839004 772705 787261 830878 756264 809109 720209 715528 757573 780681 743313 759269 774965 755739 722252 783146 773268 828178 742006 738293 807271 713755 730517 790758 733430 744541 789459 744493 773462 745196 710144 775938 752966 769582 714732 787188 759397 782932 723662 725785 819692 754158 766361 765141 786740 731072 796839 831746 785542 772487 726778 768498 813934 782731 785801 695625 763569 800884 777131 777817 781522 809765 837240 737766 789804 744055 721731 744888 779860 802524 763935 795256 737969 780560 796065 724190 814864 749272 830163 812003 815085 840118 769438 737380 761712 716862 783871 776887 716135 789324 790518 725796 775571 807087 705084 795121 698719 803141 827350 817187 769983 753277 803238 731969 762153 749809 749100 749738 690110 794495 752722 746395 735275 784927 746155 727809 762889 756288 731224 806306 820488 717238 751105 753066 773506 775700 788537 792904 811987 739455 760664 759013 747562 767336 825334 768510 768410 806228 741826 757979 770575 819209 774806 792104 757108 783670 768566 746687 757470 735368 728464 789151 768599 806646 817096 810611 716357 743675 803221 756344 777787 757992 714683 795122 789411 780765 774529 775718 808211 820898 750914 791806 799515 844896 769666 754874 807434 719829 713937 744634 762931 761499 816446 752050 774836 728736 793497 809322 765652 741800 793902 754244 733033 702004 746832 787553 788448 807419 725409 696523 778998 739001 778047 764900 794469 770715 730296 766206 793127 793291 816471 756287 784834 796456 746501 750292 744876 778774 807612 709154 744727 791405 764373 737613 752241 709338 732643 711590 720435 752956 772419 717943 746934 798995 769171 779318 750022 759440 
700102 791481 767106 784264 734673 747443 805197 756540 790840 752592 742773 740125 803293 713794 713334 730369 775311 793579 804591 750562 717366 774935 796659 770576 746911 754501 779243 765107 770894 767256 759031 760507 719422 811019 765880 773781 761872 771117 772083 768608 697277 820199 789454 719868 790066 743612 781519 762018 755538 766202 788281 726264 762544 803959 773195 701631 768338 709189 824657 790440 734237 792909 838731 779172 776169 797090 769933 783683 715154 720253 772525 772936 767416 732032 782657 738109 748278 778409 761108 803989 759061 735052 781675 761139 709209 796370 771867 784772 789413 793151 751829 733812 755149 777580 711900 764427 691516 806515 766911 791418 681072 774321 828647 718003 770764 771140 792946 729384 771361 801255 769102 782121 727409 726753 793504 771609 757367 693717 767048 755396 808095 740791 797560 812327 826732 714989 753542 772433 715209 733150 751645 803953 781670 806153 761972 776488 776598 710378 805049 751300 821679 814600 799877 849097 770336 731703 751518 705607 805318 785107 715811 785255 789166 705928 757431 774121 729172 782835 714368 796366 797974 809360 742024 729004 795543 731859 763850 783194 770653 769620 712146 748518 765178 752145 754478 787041 715387 714985 764867 706677 737555 797573 805336 731879 715534 749890 773155 756121 766405 794207 792869 730934 760265 762875 750507 777201 806929 780549 751095 830765 767419 776864 772730 813262 738886 792814 731622 765086 767959 754162 764716 755398 702005 779888 800792 765745 787913 809627 703821 761059 762741 750405 820276 763954 766497 790487 760881 806186 774422 754431 824104 811174 766729 767215 779496 849223 752786 746570 776909 687067 740641 721766 762452 774955 799669 762808 786157 693979 782648 807198 728868 739131 765253 743519 697391 718169 729574 766614 760237 776186 719572 714900 752543 727241 780425 754925 765213 769874 733393 757441 788824 756026 829210 750846 786162 799335 755781 739584 757819 768825 821813 708436 770936 794473 763342 733080 761673 719350 776838 741350 719069 751239 749190 715437 744844 807976 755815 820288 754273 765049 
735472 785083 800958 784650 726261 758654 819956 747045 783281 759991 762040 751685 795280 724693 735326 742531 754538 779254 800873 770507 737013 768558 773283 792721 753344 749498 776007 741272 756917 715559 760309 776728 714590 811257 764133 785250 729649 770393 767464 786761 697816 773578 791443 748076 777994 769348 788678 759658 751290 742170 762756 735899 782315 791793 771043 703259 775386 706440 863145 778952 753217 798042 814812 770305 791091 805980 724111 778199 734580 740387 771027 774286 721008 766757 795967 767677 731986 762008 790228 804189 740384 760307 808512 738666 705236 837715 758218 745913 802394 759872 753713 715759 720982 786495 712397 763599 716335 782845 771538 782750 672576 759807 790770 722057 761176 749044 812795 709636 766480 786248 758909 754952 712371 753343 766997 777030 782448 708292 780004 808263 768759 784580 783754 793208 820379 715536 770969 758309 723879 755636 787421 794224 795088 786294 757140 801951 796019 730089 821060 772349 822067 808893 761149 857181 759384 736028 769454 726824 772986 767750 724416 779461 800409 734043 795935 782095 724153 801890 714595 821886 779052 817876 759579 712175 818299 722574 735286 764457 755885 758962 710096 787663 766303 751671 737457 772898 713662 716539 781882 738719 727621 773298 813976 703563 726759 741847 779738 750575 752349 824514 795554 745375 754751 777948 755172 754886 818209 781872 776352 840181 732014 770475 771936 815587 722550 755468 770116 731882 790300 766645 765195 764311 731138 778733 791025 800216 798995 837037 739494 770488 764279 758215 764860 753989 741536 832804 780557 774057 728237 767806 787229 830890 777897 798982 774550 836658 748363 737980 785776 698466 746482 739852 784070 773765 775590 737249 764892 699154 782152 813177 735810 731789 780583 807212 724256 718305 735533 797201 759594 796180 737076 718091 784237 722182 791130 736619 799396 750676 751406 749313 765601 774811 817941 739726 777528 781859 774734 744910 753107 787837 810012 721045 763282 798517 783538 731242 776986 711441 739759 750009 713871 772487 765948 702534 741618 793605 735549 824055 744970 779862 
757363 790831 755077 790640 752062 749268 815391 728182 789471 741643 753035 763857 796445 748079 732980 719163 743560 785040 781459 748017 730928 754022 797636 781453 768775 726648 769086 748617 772199 745347 756078 752482 748901 809371 767115 783358 756799 823863 780400 780853 712830 800160 782003 722717 776621 772509 766087 749985 744178 764679 770694 728419 779883 776056 771365 717823 780330 753750 837605 766683 769060 787791 850803 749055 792460 823924 739132 781394 717785 750646 784638 812172 729356 771138 780387 736996 691727 773926 793435 796057 736796 753470 789061 754459 733185 829224 750839 780250 806163 775931 775846 778269 704618 801131 742614 767064 729687 791535 764287 769520 726505 789368 780938 745791 766860 748601 819154 722712 781796 805775 754417 790265 720087 755394 793445 784137 751655 715646 768770 837323 799807 781880 787410 795623 814804 736893 763282 763290 746818 743810 790422 790570 793785 817519 784747 796702 777996 753933 822937 778960 829512 797626 810539 849327 768162 725656 748909 698097 786353 777759 727500 804368 768857 725139 796592 770838 727107 799460 723767 779637 809625 807957 776824 768026 795068 750512 780747 778626 766473 760971 719369 793881 754240 749007 755691 813206 736215 753935 794878 751176 760663 802483 832929 725723 732517 749093 763310 770040 734857 786169 789493 714332 763269 748718 748457 800695 836185 786024 767996 809692 758968 761453 792857 809082 764839 777532 763690 797536 781787 754748 751436 744612 728543 761800 803807 799345 820643 779593 743908 767548 791061 744743 795590 756789 738756 814486 772767 754043 740149 765486 829238 829234 718821 832543 784566 808783 765481 735029 806110 747775 745746 759466 756500 759410 792803 756642 776005 722967 815538 821146 771260 721954 778259 782549 724741 732129 758456 771784 786989 786216 709473 734646 799294 743380 787318 758897 782585 764306 734000 776400 765742 767939 829200 770502 773346 802165 727709 737717 751121 791852 806936 731877 769738 814860 766885 731072 784235 742283 761072 718377 735417 790816 769042 751521 745286 807291 737078 804619 744938 768715 
742220 807709 770469 770065 766215 759801 832036 766001 785241 753528 790308 791841 835925 756368 751267 774540 808388 768564 784722 749986 739095 786556 816394 809296 754499 748699 794182 741647 773249 743998 763198 777159 742584 783657 770807 820233 766956 812542 781496 787077 746922 790556 801448 730138 794111 772442 807356 779599 725818 782746 798791 724143 813476 813182 771645 735930 786786 722917 832623 770391 758988 806193 825894 792956 801787 826499 769354 807364 733611 707538 781348 812619 726890 800138 799515 757521 719954 792509 788106 826451 742013 799018 809723 751743 743485 866533 773118 757619 798312 742770 774134 749709 752919 779320 747950 775840 734163 795065 777688 801597 706537 781816 801635 751035 796158 764057 832533 753128 776291 802337 795293 780871 722892 770823 810540 786898 776723 731905 747480 846155 792140 753827 809519 780515 842329 721502 754472 763106 767005 783177 799558 820290 774075 817269 790678 825760 799629 761494 832488 780725 832873 832798 792679 885275 804368 719684 781593 729539 821186 774905 729257 777843 801832 750850 776272 818734 769135 806600 710570 777354 808538 793323 806683 769222 833001 754015 750868 787893 773256 766233 716525 789808 779188 760583 777436 808900 728954 769755 784143 780516 743752 790344 810615 695752 743230 777105 773149 773010 790683 787180 820340 739358 769226 794261 769570 811013 842883 797638 780544 825062 767330 761338 767270 805699 781229 783551 777979 781342 807088 810827 767782 741142 736304 778285 816988 800935 834707 802419 748180 781463 791336 752714 794785 790647 780788 812976 791930 782034 790723 775581 814652 852607 759121 820048 793601 850738 770085 715133 802896 748082 759545 743085 784460 785765 813999 739118 737887 711429 833823 831107 779929 757250 779860 759736 743634 754285 758009 784178 777919 841901 765798 749053 788491 755006 798261 756658 797444 779480 748687 778955 803133 791118 817628 787878 779750 810883 763485 739823 749725 818516 815489 733913 760001 790563 771937 740622 771435 729993 778168 747206 732679 797689 774313 766409 772563 799219 790499 849501 738483 792235 
732977 789410 767140 746264 748607 736605 828422 720839 778800 734421 752292 713843 823328 718797 704689 744264 703510 760655 760054 731107 702683 734716 756481 760682 719341 731289 789945 729593 742174 705999 740931 748278 722432 800847 745655 777789 724917 735507 746662 753105 700597 777530 740512 686484 735675 733980 774787 740743 745299 746836 749283 714788 750930 750486 767892 751630 743441 704982 814484 748211 741997 772094 810425 745625 755970 798370 761781 767064 717749 699973 748311 766054 722429 737855 770303 760557 719180 785537 776411 802827 722354 734375 797864 721164 700265 818044 744143 740970 774902 740792 765398 750018 708053 767870 712804 736079 711676 761112 758773 742194 699986 763737 758967 693290 779896 717469 772788 719589 763459 763275 724706 725988 730192 740948 770919 745598 762759 693464 761421 785164 753907 764083 764467 760901 794491 720351 739564 728461 717549 765168 769497 791243 750935 801144 737981 791770 760582 706591 799431 748028 767787 810702 746276 833983 766519 680526 758116 695340 791714 756606 726709 771061 793872 718382 756434 782980 721575 792641 707335 779218 788013 760470 793859 699563 762120 713785 736595 737654 726750 749581 702168 773013 755813 729407 704201 751959 734635 723221 748964 720777 708357 788965 786136 663659 725364 716870 724826 752722 738109 769372 792185 731361 726421 757453 746651 763232 798052 756456 747307 795723 722902 740802 793788 762597 737589 750377 764360 762474 773571 715448 752760 729000 728470 762895 765664 788487 786516 801112 738954 764414 722772 726304 771823 755807 743129 783204 748559 763154 708242 734699 789301 790461 712714 778559 760949 771472 741166 730351 774473 689662 698747 732792 773025 763678 771622 729584 729316 706844 778651 807987 745050 732994 756756 741632 692783 709764 745175 756790 789624 779523 716517 695105 758530 735341 765623 720022 768754 755409 717448 750939 754191 729181 771487 748132 763261 761970 754477 733001 718617 765395 821281 683473 746900 812328 759849 728625 742882 708816 785415 729606 704886 732613 742912 714416 759953 807777 732166 788285 702273 733895 
763148 857838 843656 817092 790692 785883 856213 807544 858400 768547 802348 774063 858941 750939 743581 785019 786001 809580 805710 761923 762809 813737 846063 833674 754194 801779 811812 785267 804068 774686 787172 792919 770307 857049 789556 829942 800973 809815 822795 804171 760149 799283 848631 747230 808453 816579 836217 775387 780362 784692 822123 757650 793496 847464 814425 762314 823441 772093 859230 798027 776536 850179 858699 823454 812261 826130 796779 819042 778035 710025 788242 824208 795111 827727 833200 793852 755801 806115 800235 850592 816935 773969 838566 767145 764988 863322 805009 800053 830382 787232 844525 791315 781529 820110 795861 777855 765490 828959 811028 815308 758485 803937 848026 784293 812707 794786 837668 736916 797925 862318 783917 777527 768225 793231 834813 813385 816807 742943 796727 835623 811573 807155 829264 830446 877863 750563 767233 795061 773890 811997 821436 849764 811794 854066 795747 832244 784493 758361 855434 821753 857867 834195 849825 898304 815169 769430 812412 749209 846551 822956 747969 815925 857901 733713 792263 787907 777849 840867 722543 834123 851177 833243 789036 752647 830074 752364 790955 819220 784988 793276 740070 809166 800814 797988 779333 807108 752470 774381 811625 805048 747508 849364 856602 731182 760253 794154 795803 811556 804890 802171 850174 780438 818076 808619 798030 823753 855251 818511 793006 833021 805992 796858 812830 834300 837251 813949 785197 815368 820549 802669 809107 785010 774167 833573 830083 852747 851031 846149 777059 796958 817316 820515 832837 820546 766528 822323 809326 818507 787280 772181 837168 885020 792101 831010 825318 865231 802875 775929 793521 755704 733416 769646 809641 800279 849068 791592 784189 722640 859006 845119 803196 783754 801862 796629 767626 773916 793452 792287 812454 831671 752937 729314 802000 784755 800454 782527 834535 825673 787318 794652 844921 795918 846148 795120 801199 840107 765686 762565 790065 822148 870049 732130 801967 845533 814724 758305 779685 756771 798798 781714 755217 776379 786394 794011 828244 857449 781733 862900 765917 797227 
693845 752265 745501 718733 712253 747043 779478 700500 757834 721475 725389 709751 755153 695421 696396 690750 700739 693353 747664 709009 692495 710147 742329 752932 730460 713574 742432 722723 754163 682078 715896 720905 691719 759486 708456 751988 730221 741218 750025 703983 703880 739991 761096 665316 736048 702601 724794 717660 720801 705626 715778 691596 719165 724803 751032 669865 756771 688307 786256 727959 718587 743026 798594 736529 720099 775849 694862 729747 704119 654402 734311 736196 706601 728875 733158 722351 701927 751906 732703 755078 716198 714673 772610 696269 688686 826244 711318 736520 712371 719666 730804 712535 684365 734285 706341 693444 688651 724295 747020 734292 672239 726077 768184 692992 712654 703944 754587 673392 765974 732638 708939 725272 676932 701318 763598 732882 722569 684714 716616 762178 748558 733905 752902 746025 774903 663538 703203 677370 674761 698149 732848 756567 734373 747772 738201 747367 738441 709401 758541 735431 768020 769270 758579 807330 705345 694248 721305 676386 734897 735636 684529 754502 745522 660372 748272 718632 690542 785233 679940 731761 761751 772946 720517 710813 775321 701130 715782 748367 726144 711169 698913 737711 710368 680776 696501 752867 694056 694478 743207 714855 701639 753961 777653 643327 722719 737990 725440 686990 707024 759577 766646 711082 715351 729662 711790 765432 782880 754117 703073 780767 694520 708167 737216 752925 722995 752136 737678 737834 733462 704522 735424 733072 672601 725589 768065 747096 764130 737726 706310 714507 724868 723149 732088 703245 710573 757169 727580 744345 706395 728574 776621 768882 721344 733094 748088 796735 729010 704846 743996 675635 688136 717973 747313 720144 746934 718688 716348 670780 763452 758568 720395 684460 746882 700150 696136 680334 696128 739782 728277 758123 707099 657967 724836 689772 740431 730905 756806 759175 699543 753441 752510 726760 770199 716913 747069 765810 714757 692548 726093 752313 757932 707625 713511 764426 747006 692960 743183 696367 734373 687809 693805 707552 711610 691528 696267 754431 721614 764502 680697 723558 
698422 767342 752707 755477 722635 722988 797890 729345 774223 721076 762253 754953 777060 714021 709334 710161 736841 730559 748213 723883 712163 730345 764311 748342 708209 718960 751913 719489 733944 723358 721279 769285 740962 758359 755661 750439 736566 757161 743232 740801 718646 762103 756432 716158 741044 745701 705393 729135 723219 728183 761604 708765 746165 761598 760576 676161 737299 702858 804763 740043 754261 748018 783958 735477 760182 788400 713689 724684 697937 685735 734808 761027 740385 748054 743956 756202 715126 756716 751270 802722 717057 738118 783975 703684 706549 799145 730154 729570 773429 729923 754536 737980 702389 754685 721827 742632 709188 749662 749791 765192 696462 737938 759223 696467 763469 728611 767992 701578 760833 766072 742328 776299 708413 720178 786522 761453 731607 671779 716760 765184 772820 757607 748377 763065 803996 706224 709383 710054 707117 744073 775458 771462 772340 789330 735840 750377 758887 699270 786974 747256 768602 778726 786513 824968 712762 723023 745695 714137 772792 733025 671890 749074 761723 695019 742037 747148 701607 782333 699030 785974 790327 793107 765742 687552 789203 711509 728913 752108 741598 725436 705717 777552 725591 711180 690956 752682 720675 709922 743004 712486 719944 748594 790402 679800 733518 693318 735890 764376 722461 774073 764183 704735 723263 750024 760700 758553 779096 772309 728060 797663 742373 754041 786134 744649 738873 767641 716986 748697 753657 733452 715021 717178 721750 763914 761258 785956 800389 781687 726602 741639 749945 727436 762182 737689 755899 790143 747810 739444 738202 738176 776620 826142 746583 783743 749889 807685 718916 718904 761955 681271 706858 726168 748521 710171 755071 732508 731710 666995 774197 800052 731833 703823 752171 727058 689169 713949 698483 752834 750180 760648 703887 688087 763492 708880 762685 736526 763750 743192 749998 762973 768540 767249 784132 729233 749297 768833 710945 700422 701488 747288 769295 705608 725266 788565 743336 684935 739270 718764 730844 725479 709751 774474 733866 703701 718563 763683 743550 794775 721470 744571 
697147 792498 767078 782454 765424 755265 808172 721936 767244 756736 753869 746380 806556 743333 735158 735161 748281 794985 780244 768342 691594 781930 768747 794401 721042 754765 769830 760882 760132 726266 771147 762655 715244 804582 747071 776402 727704 790970 785867 749501 722148 774212 797775 730369 765221 757220 757897 737563 736743 729383 775030 689881 759000 768691 774006 716773 757146 705099 848777 784372 752877 780832 800786 768305 754307 795736 738685 744424 727444 716976 725180 774322 732817 742745 765105 745142 731769 783521 777616 813104 736933 737981 784569 747890 696325 810570 760702 747300 787696 738893 746821 750873 713396 755449 720610 710543 703133 769956 744715 757724 661706 778504 809013 743497 757253 752176 780342 695857 796202 802307 735237 744057 701407 753241 814853 751342 756911 729441 742046 792693 771345 784596 773389 772157 808747 728506 764273 734436 715442 752059 767707 775945 781666 797131 756257 794377 772505 735596 822303 744869 805097 810449 801271 872980 749611 710333 781789 676289 786195 761756 712634 772060 789441 732057 797754 774970 747230 793910 709412 765939 811352 811887 762477 722750 791195 715930 770186 773386 766082 738582 725492 791990 760319 720035 747870 769406 721599 698314 776555 735786 740660 779097 825965 707333 716626 715553 750141 733696 750374 786631 798251 744426 736201 784755 781761 797800 799150 794750 782946 842944 745831 725837 778393 787352 746971 734156 778615 776321 788034 738687 741923 726493 765204 779569 785646 794050 813610 788825 733145 743588 771280 762400 773555 780537 727312 790645 769885 780166 740486 742131 794090 818571 771752 766577 778199 828072 745206 754634 782866 717860 715948 755195 778809 758717 773590 750357 752732 700805 802534 805637 731784 743797 753191 748487 725090 710347 731128 729199 763692 802005 738755 676958 781487 741043 754039 756202 778244 752035 708362 799801 768551 775285 821463 740425 761111 813315 756262 755686 731059 787275 829216 668159 742319 801612 755265 722254 777988 710606 748225 733074 719024 762039 763294 697911 744347 820808 759341 790577 716258 728948 
732379 787815 772531 749224 753413 752593 855845 739273 783289 716562 731746 693567 782235 729878 756776 758324 730594 754722 784670 725886 707413 759535 793952 775968 761626 775691 772301 738928 770475 746222 748400 756295 735853 809622 754409 798356 750811 740672 780474 762750 727914 795234 802396 734259 784807 725775 772207 767077 737105 762086 771994 720462 762710 770516 774668 694196 760824 706461 821238 787993 755092 792488 832595 774829 774091 819678 750927 791866 721353 709168 780918 802804 712089 764392 782814 768859 744173 785082 778576 824078 751908 743510 809681 716724 730818 860663 754931 770415 773758 756582 780642 739220 724903 776363 758462 756568 736108 792100 763964 768397 691450 784455 816171 728208 762458 736268 795884 717533 810166 786034 781229 737380 733512 750970 802956 799098 785232 709117 736949 780698 763581 765527 793521 795666 809717 710991 779527 705739 733380 765863 775071 775208 772262 824632 759170 782950 799139 719931 820451 769720 792848 835483 807867 852064 766360 710003 748173 698065 771708 782710 683972 761302 802015 719069 786136 796659 721883 787053 727731 792967 830779 800235 761152 724291 803485 788034 757976 758295 756627 723660 688485 778055 773771 763967 737565 805567 740256 740951 792724 755122 730153 806021 838082 688478 739255 769171 770315 751059 753213 785300 790537 743313 746780 754520 749455 783516 801588 778223 758256 788477 745676 761467 791468 792791 763505 769119 750721 783778 769509 746182 773690 772020 728129 779343 789888 813320 771870 813885 741620 764778 785097 745922 774862 763384 749669 788060 753640 784526 749067 758643 808974 806185 717467 807348 773183 812617 732961 736315 805394 694739 698724 747345 778080 775870 762635 742589 784969 706243 801897 820036 744096 751582 759800 760731 705304 699701 719042 756048 761565 816762 732863 701953 796300 701489 787660 716973 764414 787242 756476 788798 771407 772841 810025 731416 787210 784344 766713 759035 760085 771306 790217 723851 750805 792320 776240 740149 774367 713416 766572 744097 719266 727979 752136 725681 744132 789488 756908 821262 725756 751612 
701892 806794 751285 754268 750682 737801 836388 741950 755890 724078 752458 736181 782411 704253 698849 744523 728992 767897 781744 738951 723884 757012 747646 783652 733680 710948 780958 747360 751157 732984 739705 759005 710290 763455 718310 784650 724105 767262 780247 767280 720987 772743 785931 734876 778394 757022 787401 735868 744166 772797 800475 726010 756255 776883 746309 708331 772440 729205 832587 758337 731409 779104 818666 753978 747710 827508 726680 788324 708507 725658 771548 772704 746214 770898 772334 733042 731051 767191 734126 759121 757814 745528 771162 711719 710887 811346 767090 754299 794770 725178 778064 725684 735921 761076 746844 760648 728637 782102 738065 776397 686812 749266 766699 728933 766544 772071 808528 715402 782713 808552 747900 731568 699252 747641 790531 764118 767467 697154 765534 780180 792035 738338 773447 770075 786541 716650 745984 747001 743015 720269 759928 763341 777549 798957 735860 771833 731696 718212 804445 787602 804188 795591 798233 866772 761498 708609 737326 714357 804985 764558 724492 774174 772535 703547 751499 782584 724228 781110 692351 768031 795399 771664 762339 732797 789755 722377 741016 755082 774860 754181 727396 762555 760021 766243 735623 791307 712370 738535 772540 726793 768526 772214 793298 697175 722239 771245 758506 743721 738236 780343 768772 729473 745371 761629 764942 774990 808104 780092 754671 809147 754963 792459 770468 781810 751464 759463 763842 779186 784227 742789 747148 732894 742922 778553 769926 800170 774883 785729 730322 779470 736313 741032 793732 744650 766072 814127 757517 773384 760693 742666 788125 805079 756926 787007 762532 830956 756184 730354 795425 697269 724747 731047 721626 777379 804915 742739 761496 694325 791684 806070 754976 737284 758410 736324 695090 701873 726579 779691 780932 791285 738932 704045 760235 722384 772691 741989 789272 758878 728594 753518 760030 773811 809443 736614 742968 809772 739911 734279 740880 779844 783451 700681 733577 802891 765491 710089 734020 730194 753694 720878 703630 750926 717284 719072 767566 782634 750280 820652 754664 774462 
696306 731846 696953 741582 699415 669979 750636 672806 730500 652277 681019 679825 705642 682618 654236 670793 710846 697566 729152 702197 668130 695013 719016 719633 696299 660195 718533 687732 691462 677717 687270 703860 701293 733623 720317 725541 660382 720515 729777 738073 636673 728972 726601 666298 693356 696439 718695 683302 707543 689718 727041 677973 704276 722695 717140 666180 745932 682671 769384 702214 681775 732730 748724 713250 703488 751284 687219 702955 681524 656423 716696 745360 691795 688067 724347 722130 696322 734424 695745 755864 679215 704524 723365 666674 661974 765151 736586 707162 736046 699236 717145 687993 646651 717358 671706 681688 683319 724898 693763 721038 650143 704000 757051 691859 705623 675425 728715 643879 707037 739686 707200 702025 669230 706921 724035 710777 724446 652297 704747 744155 718924 709859 742439 713729 738179 660518 712857 678945 644680 680416 705611 723030 731310 751820 688984 725169 689722 673868 742779 710636 753475 721051 737804 799086 717035 690302 722098 679316 744868 716691 678918 736429 755035 655960 702137 725757 680089 731419 647393 745117 740998 724734 700999 693015 739146 671391 679016 697855 696737 691167 649168 735419 716218 724033 678861 721385 663691 681745 708157 706220 677179 709541 752250 648095 689743 678906 693101 731554 697916 719241 724811 662014 700473 693052 683941 700567 754473 722991 701063 718333 681579 702131 700105 726544 658646 746981 698084 725216 727196 702436 722512 690599 668633 737942 732760 722034 736865 733583 670929 711908 704694 715735 706569 706631 704842 765934 707307 699707 669733 691061 708044 767787 732954 721386 728406 775252 698345 683603 752569 634159 649291 685985 705502 717174 745749 671588 705964 659590 731112 747894 667550 674985 720156 699097 689980 676857 653273 725387 713004 752421 677757 636745 702794 660191 680926 668107 716337 740560 687560 700715 704886 709089 751885 686453 698983 709689 683215 699142 672079 699556 753711 677172 683581 742471 692830 667957 733495 676727 697223 668758 632589 711668 703314 693981 685072 736478 692425 768519 655237 679017 
665898 757651 738621 746802 695844 710094 781517 716181 741868 698285 715297 709672 738741 691610 644911 676948 717487 729992 747482 713111 684018 701457 722181 728671 671857 695799 740014 708953 720793 694182 685822 702389 714615 726066 722190 736549 683131 738707 712713 716932 689176 738378 738801 662341 714701 709897 724440 713513 695519 687968 715113 699604 716414 748846 728882 672534 753697 691726 785943 719697 709087 748574 768623 711697 767892 766850 705652 727443 702542 671113 733117 718326 711192 718524 735065 705726 672472 700140 752660 760737 693780 719550 739026 692835 662058 775388 732392 713849 751998 708534 727151 698239 675374 735412 712907 707833 658894 747374 717274 724577 655817 736060 769674 706903 722056 698546 749956 654185 730592 753263 703295 715054 667793 696865 745130 705146 728590 670717 711661 759191 723983 719057 734332 749143 789338 691526 680903 684696 721899 705355 754344 763098 728904 745129 710232 728396 698560 715441 752520 751138 767042 768591 746206 797250 722950 667995 717962 680321 750381 723584 667666 732312 762118 690332 743499 719948 668458 753428 703243 741106 746437 749685 711520 681394 725929 687889 722067 740171 719371 736364 696801 730474 712366 691568 707467 748624 688254 685544 716215 671008 691178 760980 767708 653942 691056 694031 714557 709513 708795 732895 716843 693621 717949 747422 695192 763882 761087 734669 714816 776511 701278 733828 731561 729419 702454 744868 715350 742718 702787 729187 728790 696247 674559 721075 749304 717586 745721 747243 704166 706900 726273 720358 759585 728329 690829 785245 719968 711653 678757 712926 745079 782512 721864 748469 733519 797029 731081 663062 724778 666593 707492 698579 722469 738610 744032 705983 725281 641190 753426 771533 705515 690129 764939 715961 665000 683277 696102 714608 730666 753979 675948 684151 725698 663728 719322 714679 766480 735213 675663 729898 728102 715878 764013 673349 711267 751105 696754 668495 688814 713992 734577 660002 687868 739432 732556 699692 753988 705349 699933 701741 672951 707096 704109 692717 719431 759375 693133 748273 680068 736875 
734509 782042 746346 755726 720591 723655 809415 698563 742206 707437 727103 716670 747721 722853 700090 722089 727636 759682 743045 727745 700099 758815 759167 749841 735765 690932 730868 712502 727311 716851 725559 728585 697657 750653 717186 746433 727392 758358 733851 755291 721028 753634 752490 682402 766975 736435 743735 731631 714085 741754 758566 652528 725143 745315 712379 687528 751964 687007 795859 761883 719300 736766 782316 735834 737262 753309 701310 750825 695917 686165 747872 760649 727885 740290 738476 732669 709216 767831 757071 803276 729945 761909 766963 722281 670361 791883 709103 741310 752436 737779 759669 715516 690716 750934 741548 714241 722116 774897 769122 737844 655690 727496 773699 715673 739403 726272 795308 698235 755046 787800 745567 753865 691392 723246 775728 759214 756029 699660 741553 769852 735467 757105 748788 754161 767248 699317 710026 706836 735367 747759 752510 774813 765029 793716 747658 769188 754137 732416 788063 765630 803743 777132 806512 810265 734164 689537 718084 681605 766925 747638 703903 740924 765545 703113 750586 722285 726920 757658 698563 744841 790666 784744 731604 722853 796136 689653 741762 768631 742190 734403 673211 752478 743053 742649 724381 783091 696851 721051 744044 738956 725995 766707 799096 670119 686817 714034 725566 742047 744228 752657 787738 678894 743787 719993 756635 749831 802117 805949 721296 800254 714346 726251 750368 799646 708447 732416 750091 736645 735646 727555 724234 696127 705923 766164 794457 778063 756564 757827 700518 728180 726632 716924 764149 728525 696140 766740 728485 747933 723647 754441 767412 797766 728477 765092 760475 780695 751702 699547 808812 709416 699256 725068 747583 731854 782202 706872 730842 677862 797744 796900 746863 725170 733156 754012 694441 721594 739297 764468 743568 761911 707593 662983 741127 687767 730778 715399 775946 760161 725199 774344 731269 751898 797107 735127 752721 773588 735718 736709 707785 731335 780743 678902 713654 779386 761076 703446 758171 674172 732627 719669 704114 730227 753007 719043 735874 747547 743546 813358 707165 775975 
656912 770283 749770 745696 718205 707634 815395 755779 740181 719273 707803 704377 756378 686122 709368 707996 702131 728858 750167 707935 688667 734744 759663 727876 684563 694925 774953 695451 714454 685195 707437 739167 699253 723102 709738 771012 699604 738549 747253 727353 687199 744735 745848 704286 733303 747831 738904 718936 696265 732559 729629 683763 762717 717051 719790 676995 724692 663813 796603 746502 711351 751559 778087 733507 729291 753147 685557 746685 687625 706514 729218 747055 705256 713775 716262 719755 704908 749342 757488 789191 682938 726746 763379 697375 645714 799202 725864 771525 753912 730443 742275 690816 701693 715005 701689 722037 691926 783452 712920 744574 649830 720176 752386 691568 723822 737154 785055 667756 744055 748876 727822 703735 684297 721117 736341 749557 749774 704769 721461 758810 756115 721138 757594 732731 781760 689983 712452 714705 697461 673001 754582 725673 717685 764805 701482 743621 721035 713892 799236 754331 785724 764816 781088 815419 730160 655884 721565 703148 783330 723611 689859 746230 764501 689323 706536 760870 691220 754815 698238 772471 767131 749876 758916 700494 763997 718185 717702 761951 708899 733825 695280 735339 701429 735175 704800 731629 711789 696322 715979 718596 683576 737208 778408 668206 711888 685481 732430 747777 724631 754696 744745 711493 702498 734249 719501 729646 797648 741570 746642 765431 702801 737365 746954 745889 738963 737683 727050 735536 744701 728824 715246 675501 712481 735937 741278 758177 780302 783660 725269 726813 726159 715147 768173 745008 717647 756677 726931 744465 711405 716592 745223 795869 714679 753452 748327 811269 704388 725869 748736 683649 712474 677404 708938 745276 756448 689361 727972 662720 778041 765824 702087 696138 732542 758659 708150 717671 704243 714859 745528 777817 714208 680413 736850 692370 741503 723107 761444 720145 715608 732501 734314 730832 787391 702867 729055 745942 757065 704658 708136 754678 807086 708360 732499 771788 734758 703527 743467 676170 731109 723342 671254 744416 696345 707098 715850 733171 720642 775850 727484 697787 
701965 800698 766555 738862 744859 759943 806196 740902 774958 705696 733822 739819 776757 701339 704663 716578 739386 757815 775880 728923 691148 736226 736746 771157 729603 738181 743017 711904 750991 735405 734917 744731 713229 786160 739025 779529 740594 755697 762421 734235 699820 787889 800123 706581 733764 732936 771863 739472 730976 733206 757185 693792 763599 785223 750138 714006 761528 716731 823399 726975 708359 798846 823856 762830 743684 791239 745366 756109 729898 688838 730707 770848 709969 751958 765737 741908 720527 777277 747172 760778 738705 740435 762928 717247 690843 811419 743737 736197 762253 708379 732559 735644 710659 728771 686929 716393 715369 760784 738050 761892 663197 758656 757751 711603 768960 722935 790536 677887 754518 775343 744660 734212 701786 720390 760368 746812 761586 699096 761825 791004 751041 727571 754812 768614 796924 684824 724735 737801 736434 687489 745261 784039 772408 791158 751536 763368 744296 720482 776654 752994 807916 779633 784460 836518 767077 708278 771711 720325 775147 746632 696105 762656 778055 696637 745839 773445 707372 799771 706548 777368 784976 780341 755855 715190 774886 704521 716716 746579 737835 730632 703807 765901 765391 768469 735568 777817 707257 712666 738921 768265 712658 759507 786577 689975 729677 738677 745644 742647 748472 741799 799403 725034 751441 760332 730210 733320 795410 770224 718750 801754 741755 764423 776780 785830 726142 776305 734155 772354 778677 752019 728466 721368 712139 749159 750609 769427 774938 786152 720860 761471 739659 748385 785967 753535 718610 786211 774293 748632 706560 706974 805557 804451 720942 790804 752186 819839 723641 715403 770311 669197 702128 710633 723124 792397 747276 713729 737694 696418 768540 795869 730793 707812 741859 733834 716283 707846 701971 751817 748453 769264 702522 702133 763697 698242 750386 725552 778080 745255 728580 750760 761959 719401 788823 731698 730599 760531 753051 732186 710757 783475 791874 692375 755624 776167 758527 714422 751257 701251 765790 705312 702695 705720 750813 691245 696026 787279 714525 774652 723028 720923 
736445 809175 780491 779251 744837 736406 846703 779399 777467 761602 774148 767073 820823 741271 725429 743336 782557 771864 817786 748880 740117 761754 817127 777471 769717 750059 800476 772475 780167 730671 767213 780605 750441 797389 780318 775311 750777 798356 812453 797514 711627 815597 820737 715055 792247 762342 785080 777557 751762 733235 811446 745684 775512 796965 766230 756684 800533 734647 841153 801432 762228 799439 833391 789696 780872 819124 763277 797457 743156 716727 804060 805362 757945 772038 804768 779812 740838 808198 783246 811737 745765 795563 837623 779257 743717 829304 762224 775723 806895 743089 781270 737965 755372 789274 731035 778989 722178 820333 783555 800583 698590 780516 824027 752715 793494 770491 814524 756822 792657 815488 747712 789220 781429 748424 788928 772901 797659 719286 763962 810242 813260 765042 792970 797577 841849 744120 782403 765726 732318 751153 789891 788202 786505 820535 760264 806894 812394 726687 830462 784764 820516 827232 834163 870423 778984 748998 772536 728334 825583 797746 751788 820238 806153 729298 768681 779269 767963 786460 698852 794290 845348 811055 804605 736396 830058 755106 764168 768254 795948 811477 728568 810929 781330 760839 755329 797685 752759 754230 792541 746056 742744 814007 815687 689713 728999 751270 781259 784063 794022 818637 821815 757996 755253 762054 788956 804611 833093 800631 790611 846508 744937 773927 798095 780395 765743 784841 776265 789024 803925 766927 767950 739038 751713 824682 826210 803685 807621 800747 729969 801331 758266 762962 812692 770310 771207 825758 778564 791909 780955 776791 824688 855518 768216 801276 754119 829537 758134 772691 778740 739918 762649 753223 779061 793738 813615 741719 777533 711095 818167 829303 751870 747315 784006 773852 731512 740637 782098 802828 780324 783851 734313 733315 801275 733023 788461 746235 822611 774613 749053 761498 783791 792637 846744 758643 762844 798216 748347 732014 730804 803505 827693 733318 806004 812310 767004 743682 773208 752257 799478 733767 743744 758656 795237 742831 777768 834463 793748 841303 758154 795123 
701521 782167 790974 754805 748962 741161 804382 761280 816245 745207 729765 754879 821534 727924 734526 743955 751098 756177 795471 765618 705792 762148 798571 787785 722061 740801 811331 739499 743603 731654 740976 768616 721814 813609 754633 781996 729355 780147 792715 776818 716941 788043 813393 724072 777874 768943 779150 756645 752693 763981 737992 716439 739001 779359 749291 712645 770916 707100 836437 789941 740411 805752 809637 774679 790673 817783 737555 773921 712684 715419 756160 791048 728207 758379 752539 746159 718428 779444 759966 815652 756830 744231 796694 722956 714115 846491 749063 771637 785676 750006 763245 733327 728843 783503 747601 777494 701427 782529 752545 774003 713787 781829 790801 722381 790357 730264 789635 720772 798895 788111 739307 733348 731775 739813 790931 778578 772001 704803 757232 824110 789607 774949 773515 795051 795674 714145 727020 749000 731189 759424 781957 761069 783783 806236 760470 797623 753644 700530 797910 790477 818373 793540 807340 848349 783208 744788 780623 717360 780418 768651 719949 760648 806924 736678 766526 791231 727509 809436 701627 800925 787952 825132 775321 755843 810013 710762 769989 773153 722836 759769 735143 781447 758253 737984 752912 785102 735922 726286 799272 746613 759175 800593 813100 699808 720701 729200 753576 748595 779879 776998 780477 737789 740499 779530 767923 762878 837054 791399 774374 805540 763607 758551 757902 799820 747672 798538 756629 760801 784798 741729 774072 726401 748233 780582 800179 782694 799784 792504 755299 745660 776394 753362 771910 749626 763576 826254 787576 776412 776062 751617 776668 834420 756784 790504 803824 841220 769683 729256 778094 726755 705875 723323 792541 786199 802998 742155 749415 710021 819006 823401 751368 732562 778236 773922 715840 720884 754898 761276 770350 805512 740261 699273 799477 728503 770463 748921 778080 751862 709749 819702 788278 776531 797499 784749 785503 790716 769382 719510 728090 779658 806216 707190 740797 807686 776848 731091 780682 728167 766542 714497 747464 790998 784690 739896 738077 773378 739081 827057 751020 777492 
688279 785258 723343 759208 704924 695772 795158 733409 746429 726299 722071 717046 759540 697115 689486 704019 742489 728527 768294 754719 670536 734924 753775 762720 723671 722170 746347 703455 742817 671170 716100 696458 690137 764838 724962 751899 726500 728745 739590 729656 720809 740369 783241 698889 742957 737070 743223 690457 717239 745228 745707 694862 756221 762115 727079 671012 744492 662753 794989 751367 719959 761533 783793 723612 735815 766050 722165 731124 722534 684779 753266 748965 708644 703993 740574 743913 708866 754038 752546 768282 726003 727637 803476 696781 695229 769475 741944 750357 732288 716773 748255 702201 678242 758450 702194 721733 670052 751605 780418 733508 663971 753146 781298 713516 725039 742167 806543 669962 755817 758202 723689 725884 715694 704130 741448 765135 739182 683704 743786 733981 741563 763458 766770 750045 789960 679713 715281 708216 683327 710233 741920 787872 741412 770028 731839 721923 749078 708744 791839 746326 799436 789588 792655 828925 709871 717645 711823 685710 760052 763459 688610 750208 738543 697836 735255 756681 683398 780115 675869 766485 770633 753359 715325 702559 768914 725203 707942 739955 728779 709414 688268 718310 726323 696973 720269 741320 727868 698433 738792 700687 737821 755160 783986 669027 697047 714031 754182 728046 727640 750341 768034 717203 702353 751936 727231 756050 765203 767119 737732 778343 719638 704465 734573 780313 702101 736647 723423 735386 722483 724146 751508 711288 733802 764353 774836 748287 791844 734553 717051 709071 751706 726032 752996 739917 702173 786515 724270 730662 728478 742117 743428 789902 719615 769563 782459 811183 704112 681710 777423 681443 705638 739773 774121 713298 768776 717874 745466 663357 771145 795334 687131 689813 743084 739653 695032 683783 706145 736364 736528 787853 705227 676076 742717 684640 732482 739968 762455 753642 724084 763529 735301 738412 787874 691456 741156 760622 694761 694605 718317 739139 763406 691570 740577 749903 723598 694749 746670 661524 746132 719254 684200 737447 718091 689807 736025 758732 709762 780204 716846 726283 
718296 780243 768193 766774 745391 758990 825125 751317 763945 738598 751170 754287 769091 714564 739481 777869 747639 759790 761313 758767 728004 750641 792019 771067 739807 744830 774663 736015 767285 732930 729805 739280 709442 792743 748050 796309 713402 759191 767654 788509 725241 779617 769430 729495 768148 725735 786124 764004 759242 775168 775565 694189 745642 793062 760635 700468 811585 705305 827770 779607 739891 774797 804120 758168 768631 759745 727973 785377 692161 693878 749499 785098 739924 751391 762052 745062 718594 771324 752679 791437 735206 757988 791090 704451 709858 809709 742957 761286 778434 768326 730641 727405 706439 748416 731354 758877 724042 770095 779082 746277 690350 748122 800795 723829 810169 751188 821811 705711 758681 813031 782068 760791 703514 730761 750537 739969 746984 697603 785403 789023 757716 777905 772867 796547 815728 691202 752338 759820 724087 757235 772017 766976 761589 830029 744155 782243 764512 720290 795382 753579 820987 769511 809143 833878 766393 710535 771140 731930 796189 781977 713851 767490 785674 729495 769988 782324 724012 787075 693456 758640 797221 787714 756438 712708 783134 723616 736007 780212 761121 765064 704029 767762 761427 752923 757977 791034 713978 761035 768725 733109 743601 746082 820856 695633 728589 734344 754054 743080 761222 773187 772316 712140 737751 776996 769051 769182 824654 804176 748452 805639 740113 788537 764236 810879 744389 766510 767401 799163 760513 744283 743094 729194 733975 751125 769639 817167 789744 795746 744410 754441 749875 728972 748596 742875 774185 792188 756282 749537 729899 775711 807959 816463 767183 779026 776559 803222 763169 728059 788629 697155 712902 736769 767975 772022 796347 730316 762435 711838 797628 798355 760722 738831 756708 751496 715510 745578 718415 774467 774868 806340 711523 707883 783584 716809 764933 715925 784807 774780 735529 795969 775475 747393 812732 746987 768945 781793 754667 731126 725569 816288 791555 688526 754997 791127 775243 714488 787882 716352 756278 742622 714970 735567 742106 719701 752241 797688 785857 832665 758088 751251 
720008 750683 770046 761297 715927 718917 799623 687413 746721 732989 708802 703171 775132 708673 699406 697697 745424 759593 751765 713675 690495 720321 792569 762890 752470 678707 748440 712870 749427 727765 717955 731707 693208 802593 737640 764398 709778 751214 769930 749469 690785 739855 791143 692900 730479 727820 761568 732436 719420 737422 774748 681221 732122 743895 732500 685302 773537 712301 783667 739796 738755 769489 791000 747719 771153 785384 729431 765885 700426 680582 737691 752406 722026 741723 761046 747924 689769 764440 738446 776445 720536 729302 768909 674980 688235 808421 739314 732782 759312 740979 747461 718614 703410 762014 709927 725118 683009 753877 733941 760806 686815 727396 784695 711820 755238 726575 750213 700005 750036 756398 737094 726185 693780 754345 744698 755635 751323 647759 718109 775686 740326 713286 756510 745307 798512 701665 726532 712220 740166 713265 755962 785818 744555 766922 765034 770196 728477 718975 796731 770728 762251 784760 771985 827273 742594 703708 742392 716790 766172 750826 692345 729208 765484 718380 751546 763753 702422 764402 672027 776233 785802 780273 743243 739743 759246 694975 735202 744916 746491 728480 705390 765634 743274 725077 724780 755561 693219 730925 733504 718401 724810 779216 775929 678536 700892 710397 720715 756415 746811 750433 780021 728271 753065 725645 729759 750583 788032 781882 708732 799627 705116 720990 751114 782663 729193 778769 764497 721542 760238 719861 746782 739512 699361 735718 767168 779687 791027 749357 735842 725159 767411 714192 745696 721485 746566 781156 734129 744222 749010 735476 756323 814867 715984 759380 761880 832816 718266 704917 770995 674187 698807 706848 763710 756063 786633 712907 740662 657016 777454 784864 738459 726271 766856 725453 705044 689702 715914 737412 746480 787633 696688 704768 739378 702741 756110 714461 752358 763865 705723 724381 756605 741397 771620 730402 760540 788705 695830 715237 709681 741872 781961 688682 740422 774581 725730 703726 746308 722769 724028 694662 696704 716069 726580 724316 762451 792350 728250 796287 725884 739166 
670490 761346 758174 724913 713757 725632 797175 728816 740734 698768 744445 702393 769444 698437 684133 701967 726582 730190 768079 713138 699934 726479 764386 746581 702055 699959 759294 697762 746767 713972 720825 742660 713520 782945 730632 749760 714904 736634 742245 715729 692459 740720 762410 679311 724174 721636 754445 723318 720421 728047 745377 696215 711917 742843 728563 680649 743747 693852 803569 726237 693151 760542 789128 736118 734140 729222 705396 745222 704537 663460 713868 746234 712182 729717 742838 722365 690064 743518 724431 811437 705903 712962 774925 667113 690610 769045 723561 726634 741030 722412 739147 710905 699720 730215 724951 708261 662490 754454 769103 761433 659776 738279 762056 675308 726680 749381 765512 683159 729545 777670 708359 706923 691614 719485 759021 759687 768707 670725 753136 733235 750382 713416 741876 778499 770007 684202 726955 688881 678292 713091 731381 729803 748019 783305 715039 761535 742181 672179 768663 733397 769687 795907 771755 818788 730581 683418 727001 700870 753829 747737 693840 744705 769989 695570 708500 757326 702615 785757 664656 780174 779549 758431 735838 715426 751452 686858 717136 756226 734066 719660 686208 759176 739297 705841 701826 746301 706648 689043 741293 708606 710234 760248 791264 654810 695140 703965 713241 743542 733412 769369 766933 744651 720991 737881 745226 756225 802688 762196 753004 788138 705906 761378 721059 758450 722439 742642 719099 738698 741510 717404 751688 704446 708429 719828 746794 759044 787201 775926 747309 713731 716372 760759 769985 728646 724379 774204 750229 734128 701859 729728 775949 797740 712922 767241 768058 789036 725560 704184 745485 676878 694753 687899 749107 736738 752159 698768 729021 674944 767015 783799 727052 736074 744437 730457 717766 702508 701619 725270 728048 796996 682447 685152 735049 712496 762047 702186 779888 725345 713908 740977 761356 736993 763625 753554 747801 773754 715154 700015 707613 754371 758815 675123 754624 770237 755575 713595 745428 687234 734082 714841 707336 732521 733399 722405 709108 786919 703069 793806 730239 748077 
728467 790830 778137 771385 753610 748218 814765 747579 780599 730948 744197 749379 785614 700467 733089 737685 780049 744654 761564 737413 697162 750839 768718 746643 741025 742831 774321 714122 750237 728100 738777 740831 709128 790285 760656 784329 723447 745920 753254 715300 729764 785834 781535 719034 761037 746843 763657 727801 727013 743840 729149 730727 763954 794892 737803 719502 774605 685403 845161 763782 732993 788509 796455 752438 755442 770959 720358 768786 736287 703280 742499 769304 722163 764244 758016 749588 726351 792352 756907 802266 756361 741250 797433 693245 714490 814140 755693 733139 764734 725654 744345 714322 719731 718024 750934 768601 703961 757170 739313 746321 676205 729325 761277 695029 796488 712261 802052 701681 776893 784487 759779 753598 694824 729181 772818 765746 759341 715090 747693 805044 749668 781587 756810 798978 803776 705240 752712 689169 718048 719486 768432 802153 745797 823107 749298 783082 724871 707669 799774 775111 823488 781751 779271 842223 748315 681505 756364 701518 760111 750774 716976 779588 781780 688384 737905 777323 703884 778366 710815 800360 799957 804007 753104 717379 758832 708131 712268 753957 748366 754178 687646 737845 735689 742113 703495 777586 723960 707744 760913 761792 714476 770786 805491 688656 732493 742388 756338 748939 758260 764404 774094 709584 750434 754791 726566 780138 779699 784373 751869 833276 704890 755427 771080 767384 754735 762455 741129 748104 778901 759522 739947 744514 694085 756317 776121 789763 787096 791819 718699 755460 731112 736737 751730 762880 724393 772796 756740 776124 734167 741906 766394 815480 757398 791656 763504 836086 730753 712377 768605 701311 713768 709506 751061 760760 798774 736549 758949 701921 772038 791890 758164 754265 764587 734773 723067 715070 743925 743366 760271 796382 721919 689021 768904 737395 763970 738990 747099 759949 725055 758775 772085 775974 812647 730676 750629 748945 731926 720235 710357 752947 823975 700278 755156 813798 736703 740520 747968 718030 758150 709518 697184 742833 733978 727840 723997 783944 751204 795986 736466 749032 
718967 806704 798065 796690 757987 763571 843408 744075 797019 775785 767206 754190 816557 747202 777620 776625 800438 797811 823751 766148 751106 781040 799777 818996 754069 767611 793283 761420 792414 758219 791660 780418 788863 830433 743389 774881 782943 776870 783963 805874 762438 801496 811413 757727 783706 759514 798898 756089 772790 785524 799824 739542 765095 799559 783795 727506 777694 735704 859428 778677 750549 835881 846502 789965 815955 849890 774581 789682 723715 707011 775595 796332 739968 787858 795270 763258 753099 810660 843607 830816 781251 762756 816569 758476 736694 839747 757022 794515 783677 755253 786033 773578 766049 821749 759419 770412 789536 808102 791800 800656 716896 776139 837237 791131 810762 782911 818964 726139 798309 815845 774445 783899 740467 773124 843672 811148 793609 726448 766912 803079 784306 787911 815126 795870 842828 716827 807132 767033 737782 774071 806028 801021 817411 822738 788506 794164 805513 741246 825140 780012 836339 849366 851742 887410 772332 730437 803623 741384 825491 795974 766965 796507 809817 712677 783219 803343 751811 798504 768269 799487 846270 808897 783233 738809 806316 759037 762427 780183 814663 783409 751488 785317 794135 767279 780598 814567 726003 753652 807995 777098 760351 829688 852467 720443 747181 770615 780066 762637 763316 814854 803743 772401 768044 796578 796403 820157 839428 819592 799812 841226 774518 776573 783110 824682 817753 808488 768639 815639 782140 759169 781560 748168 753442 802946 802503 810934 808587 798825 762008 775704 787737 763525 813873 774367 784841 826332 765550 784435 788268 788961 838373 819692 769038 809969 793463 841347 782505 758192 808412 706397 754913 766187 786694 775963 781160 742900 775860 713668 807694 861495 770788 764603 741251 773396 752941 749326 764692 767563 809887 830725 733142 740776 774098 747521 785720 757083 782298 821170 768926 783903 789825 800512 840477 777207 779200 826030 779438 759571 794342 791113 830590 714376 786799 818997 775688 752020 804933 759154 804813 775839 746165 784085 791109 735655 778824 814810 786902 856879 783349 768006 
754212 809387 803177 774307 758612 781724 839109 758722 812326 767993 786233 779509 824797 757377 757301 755405 775563 802539 804657 780557 743482 801094 783468 816274 761070 777641 786296 771550 807094 722235 758870 778089 745977 818305 764183 807226 765910 799830 778486 779197 756174 803332 836688 746614 766536 772423 782581 771191 792899 782913 813824 726909 818939 821252 781685 746659 796530 733180 835473 801468 765708 796107 850326 797187 772241 802959 763731 782339 734547 707412 779698 795791 761043 783390 794375 776432 754664 823106 782132 810200 759506 772106 797387 754545 735908 837880 775451 774807 787864 776754 782951 773580 723960 784042 753338 763460 733380 777401 801076 769117 705396 815994 822619 752792 805953 786865 832909 753143 780826 842914 786293 788180 723875 767388 832956 808461 793255 751403 778667 811318 779966 793572 808541 795115 842465 727107 766187 762877 756470 772110 794805 793081 789772 823000 763863 798698 806191 770701 825096 769092 823305 817981 831938 869221 777055 753531 781931 755199 806223 794301 735520 797653 835565 725659 778859 805071 756238 812225 729905 812938 842853 789570 794184 729375 814495 756217 775216 783904 781904 774272 737350 808286 779913 769751 775606 796026 742449 745335 764746 760840 758432 802465 861502 735335 752830 758372 768579 790361 779441 815965 824354 750139 736127 802200 814857 814714 827239 822925 791544 832136 784467 781768 808714 807137 801406 775621 782499 810438 815237 741683 785030 764386 763065 801334 813776 806444 814491 803800 762319 792677 784594 779436 788902 760958 781899 815882 778885 779794 759385 801405 812942 839414 771489 800412 812614 857873 743331 763717 790279 739684 760633 775650 790603 770265 812674 754118 785075 710461 798916 821784 764028 775875 756771 758395 742411 758420 755092 778627 786665 824285 749998 729422 779557 750780 789214 750705 821184 775672 762185 809585 804871 798983 856293 760984 800823 846292 778182 765949 798652 798586 810828 722549 767260 841807 749695 741426 788917 712402 778191 722608 752887 782568 766776 726080 755798 840528 790856 819107 767413 769271 
721174 782520 763521 756726 744980 719582 812157 724107 776026 719762 737174 736304 788282 733551 709473 757380 727921 767920 739694 733419 704578 739489 766632 775039 740888 726956 771060 759932 774379 733768 741950 733507 740732 793702 760575 783865 749279 759632 778015 785313 710100 789281 767458 710825 768931 726822 752739 750456 745724 744641 757709 734721 740012 770634 732764 693322 782754 690311 828060 769574 749248 763208 820264 744757 756578 809158 744039 751588 705395 702625 756669 790111 729689 747841 739679 774239 725449 781864 768274 809261 723416 750235 789110 719409 719377 825116 742766 777551 770714 756413 779633 726464 735376 775290 744055 738630 703592 790955 761390 761720 699318 748069 781333 711659 768691 726483 784747 726344 752913 782269 726635 753475 738406 704721 776215 759867 752237 666248 756466 812591 772583 766356 777509 773304 804549 695948 718137 694825 717771 745109 786520 769055 796912 802604 734664 784028 787648 696236 797087 764675 802376 813207 800785 819045 762721 724349 734908 708805 821326 750208 733783 779132 796656 706376 764736 779994 717189 812749 714134 778177 800375 794974 773962 710838 781910 723501 767756 772490 745874 735021 712073 776504 763902 741998 735463 766990 729432 709124 757793 748441 763254 787948 813660 648621 720885 721078 738860 740821 750490 795073 785970 736123 744031 762887 765101 777558 824956 787223 737580 795244 755726 742701 770060 800125 735881 782003 750630 754490 779205 719576 734651 736093 720616 783552 762776 776603 805447 777155 738752 751703 765972 718260 767782 765824 750301 803085 754272 765092 740257 747994 775994 788358 750862 782204 761135 833660 731525 722110 810430 693085 715190 735510 778179 772756 786932 731990 753009 675556 788699 812969 736205 696083 773469 772415 714228 720213 731900 775042 754785 777794 723579 703293 744998 715093 793997 740539 805792 762341 710883 779429 757456 783039 805433 749259 771947 794709 763653 737854 712803 767188 782753 708070 774040 768790 748354 722580 740350 734700 777502 718608 700892 762176 766270 725216 723057 779207 736593 822127 728447 771226 
762063 868607 811944 811130 785594 803564 871790 800579 828792 774944 760871 780244 851325 781575 770344 762877 787878 787906 822658 770751 748776 805226 826672 815605 783149 826949 838448 787977 790537 770708 766400 780081 768592 840282 811431 811008 763615 810324 820791 802849 767400 839485 825590 772091 801413 791418 817003 791773 801310 799659 814101 770773 813799 804737 801201 765351 821999 744132 868352 802153 796319 815871 887276 799138 823513 848265 822350 817723 782992 735227 829246 811438 768180 788989 857986 786755 757390 813400 806557 840605 781848 796532 836961 768415 740560 854683 783578 805123 830880 806921 790111 804950 728415 799456 766639 787561 767041 784179 799484 864681 753660 836234 845630 769497 818192 794649 846851 746621 817767 838482 794392 767229 762943 795336 831018 803620 818091 767871 807605 829999 830774 800946 826565 804750 865289 770103 782700 744255 750879 772842 823092 814654 821810 838901 802681 812145 817242 770452 836449 818549 846844 847337 837565 870667 804240 766630 821634 760177 861773 820768 763883 830884 844378 744847 816683 827206 734912 851367 751431 833591 873668 806912 812930 767473 809153 791849 788977 802227 790758 813411 770251 794247 815068 815138 794873 808507 785273 760500 781878 809465 756974 834127 876236 726126 754780 793827 807853 772739 795814 837776 843986 763008 795965 822894 789748 828616 862303 842510 781027 830034 774557 783450 799818 826982 778555 800388 796618 785144 821274 795042 812042 778602 762080 821405 837268 841653 829282 823386 793422 792081 819154 807645 832645 800813 777061 856745 800530 808910 769645 787751 865710 868910 788462 837175 817804 881409 804712 766209 840403 745648 757799 797091 814264 818965 820935 755942 794196 745366 818740 873663 776513 782804 837783 797155 790865 762598 789114 796942 824910 826706 733632 748492 811332 765145 806062 766897 820888 829678 776704 813011 829399 828053 863150 787331 785769 846776 774855 770120 770807 820189 871419 736016 801196 832653 807950 791736 818070 760125 811198 758851 749235 786675 783129 750166 799323 809350 787909 843689 785382 778874 
748173 846354 798436 791139 766984 776228 844197 748700 793590 744349 757418 754334 825576 738988 731117 754968 775761 762292 772567 746170 757982 780931 789973 821464 751604 790945 788434 772842 774080 738682 747589 775151 749572 811104 779935 801172 743539 814604 815091 773160 730030 826596 813439 737156 797558 758058 808902 741954 763213 782893 782502 722558 803423 795417 768289 721466 795225 746977 842839 788232 762417 793220 837794 775475 796048 806038 732469 786296 752122 731876 790967 801101 768114 805111 804842 760335 756567 787144 775952 782571 758401 763081 783118 744693 715227 827864 793529 790258 798655 761801 779698 748772 749204 786578 738011 790482 724971 809770 764934 804035 720379 776636 806865 734952 772992 769405 806097 721474 769681 849041 757608 768746 702217 784270 835076 793151 772892 737714 754707 834038 821254 775241 798861 793289 832250 738815 758612 746697 742128 767423 794590 802423 788542 827548 783955 799576 800356 740396 808655 781856 855903 832308 814254 866570 786602 734613 791402 713236 796987 782018 714755 813563 816494 730035 789059 792734 750865 818252 711926 809656 837351 791879 780439 748410 787839 749685 753214 801432 787703 754854 748674 803503 792689 764795 753802 815794 742671 772259 769204 752668 732663 806250 839200 727654 760748 758070 785084 749518 715470 791808 799390 754402 762724 779964 758568 795036 849890 801461 785531 830530 725749 766002 766687 806574 762709 804914 750883 790218 796629 793566 777831 749554 729872 770931 812209 822883 791487 826551 742852 801507 788193 767533 795205 776325 762616 813947 815032 802954 770363 762742 818195 857307 767929 818821 792301 835804 766812 752928 796913 727815 764345 761506 722744 773559 828437 767706 797298 730518 812657 822275 753761 755214 788275 754475 736043 738886 758671 767353 785654 820033 766468 709444 794508 734094 783197 744482 791383 800056 737555 787444 819194 793884 830311 767199 784437 799105 763860 732727 757933 794710 862336 720111 786623 829643 772912 751703 803607 760322 795449 735297 709485 768686 755454 755809 757116 817604 752378 827190 757186 767184 
716408 796055 736492 752182 726364 745196 783943 700537 758610 714885 739866 718194 766096 717680 683302 730964 722350 738339 735578 718322 702035 758966 744141 766676 719114 703782 743107 731550 753553 689149 758314 731887 722162 758866 739540 722082 738414 756530 725418 734975 716616 732237 762244 739302 711968 730350 742351 730293 721090 695690 740648 693352 741598 758436 753809 677921 756122 685922 785179 747975 746526 763275 781660 756852 754165 773350 717002 733078 678724 667105 723226 774353 719898 745766 747981 725850 693877 734562 777140 790833 731786 703805 765060 713541 702267 790717 746510 742139 732291 695874 752306 719208 685465 756522 692840 710753 704430 752974 759869 737608 687897 751976 786564 720285 766557 720487 759944 693139 740185 785845 728417 740738 678884 736272 744820 730970 704122 681901 737401 775027 739017 740533 758596 751260 801954 670750 731858 696356 709311 725520 783475 736721 761550 802490 726918 743305 757157 689672 781531 724549 787643 810937 799289 811168 748569 710414 750158 691217 765867 761537 699340 775916 775626 691498 760309 746621 698345 769475 677673 731020 799584 755926 734441 700009 792329 695053 731318 741102 724899 717500 688361 763345 734069 687073 730812 740553 709273 720389 733715 685155 708848 764832 792425 665860 726081 711044 719212 708942 735814 755679 754541 724467 720198 757847 734205 787250 797312 760816 732000 764916 691691 720877 755202 741338 731444 740638 734771 736988 738984 711414 736269 730174 727595 764474 759909 739681 729718 755124 728704 701528 730077 705350 782855 712223 718457 749531 730296 755039 728330 736661 748946 773873 719717 765891 737846 784661 719252 720115 746468 707980 679886 740222 736226 765039 768598 724693 711704 666012 773830 785764 717154 709217 765122 751276 695292 680968 718043 751172 750476 814056 687928 656845 746757 696644 741416 701993 775739 753643 727274 734105 731191 759133 783705 715293 759948 757859 713653 711980 743404 765157 777842 670935 750901 761109 742663 715516 721861 723268 735507 724119 706383 746776 728253 736776 727276 795988 744397 809524 734686 739303 
708658 743109 729154 731745 724130 718290 782230 715072 719495 709883 700373 727915 758083 728952 672400 701544 725369 728200 758131 711498 680042 716765 736190 749204 724443 716793 755941 727968 737178 711178 717595 720767 678902 776673 744129 725786 695757 733404 727658 737903 679837 756258 743023 666957 722359 710967 749773 728797 710830 714157 754652 705710 727163 741761 697062 691314 766662 700375 801072 729387 698233 743500 786287 712813 758877 772884 697301 745035 697256 674865 737755 749541 718756 741859 723531 712413 710766 733024 738372 788761 691718 713192 756333 671761 691591 765802 731565 720523 745994 713443 728532 676063 691878 739904 692621 719849 708263 732960 745706 750980 678743 733656 768743 697367 739540 721322 740909 671602 732699 771011 712037 699267 678265 728976 759077 730946 730949 690967 719449 758006 736804 733556 730896 747669 775290 676725 720838 707370 696949 711977 725897 741514 735195 784648 720313 750585 737260 682860 788929 703720 778563 763446 762176 826148 758491 682666 719857 670254 779332 751654 694501 744378 738133 672013 714257 739247 672548 767647 651033 763899 774216 760425 719419 702398 762001 688341 726791 734572 732053 710333 692972 726861 753966 705647 707521 733325 687744 689741 730399 703042 739951 751996 767986 648233 717783 702109 702269 698431 704440 746139 775911 691108 716840 724257 743702 741116 776121 764392 731263 771132 697763 731376 750721 734207 704328 728311 718591 739743 772250 696732 735577 692055 682927 727402 704710 778438 780673 725421 709099 745507 741612 716560 720273 715363 730741 798408 745023 752211 719466 705990 763565 767418 715992 768583 720183 815812 713154 711583 735109 654542 699032 715078 723833 722380 765363 697320 728990 633511 740238 758353 701988 714232 764640 728540 692887 669190 694181 737603 729872 766238 708363 664133 721089 683459 743561 696907 744257 758185 670928 747061 718111 727128 770616 713052 732482 758491 688717 707867 723067 734654 785381 689163 744956 750346 711123 718819 734654 714416 727863 696880 677578 727650 738515 706395 695673 760729 740628 793719 710571 716575 
728629 796922 743764 768981 749034 723787 827916 738576 741526 707079 741208 740053 793743 695692 726216 713561 795836 756274 780557 751758 715406 724435 772210 775767 747511 722146 771060 696308 726004 741159 721795 746964 728912 795038 781063 767368 752112 776256 742662 771791 700224 784815 784169 689199 760689 738379 763898 752649 724480 745831 747281 720053 768623 757042 729014 693369 778081 694380 820625 775454 729238 808088 814672 769467 740346 794026 737305 759652 696936 659847 726017 782861 742388 745419 762172 738579 730973 732068 795401 803631 751583 740107 789476 712617 706786 813368 763529 744601 780328 727488 742470 729185 712021 741543 707270 753119 739847 794483 732679 737507 700155 729842 780219 729993 770588 744820 781413 731935 771458 813300 742804 735839 706051 738312 803513 777158 750202 706746 720272 801062 769813 761774 796297 782593 802226 687235 720600 731688 728738 729991 744671 768163 771574 827922 770797 757964 758848 708074 802653 769822 798929 793135 792493 818836 766087 718922 745263 720988 750047 770881 709121 780899 774187 697325 739787 786389 741136 781982 687881 784745 815048 794699 768137 722676 794367 726759 755861 780501 748213 758656 703898 762316 790562 742646 732971 783945 717071 729925 749908 748989 736364 766922 818270 698024 724242 732470 758517 770227 733418 754945 780888 719293 726022 775143 773781 764501 820433 771892 735944 805488 701358 750667 767314 762290 736549 784061 726575 788583 742258 760414 758007 736509 714961 779944 765006 777551 808824 798148 739756 768485 740374 758014 764392 773333 713284 749020 763534 769322 745164 726568 777932 845535 736875 783556 729948 850558 714261 737995 794621 716777 722632 743880 745659 765557 757057 720472 761183 690114 770467 815892 749539 721944 764778 744661 727533 709918 739154 757015 747797 764723 735998 712184 776956 731522 745105 772511 770356 761699 718304 767225 762531 754986 777623 732026 743810 778371 731600 717440 725995 749937 805523 683651 757018 786274 767114 706652 764164 725294 715276 712078 716855 742758 748723 713715 736388 798309 727230 829257 743064 733967 
702298 794507 755654 761920 724386 705580 819488 701893 739384 708454 724246 728668 765792 719068 673639 706978 738040 726650 750456 740315 714410 731847 739494 696245 691049 730894 732052 679901 744503 697564 712339 732671 710961 799297 738786 750564 699094 753127 767862 722326 678634 753219 791812 681760 726060 744174 762704 733950 719248 739885 750094 670412 742677 738421 715112 695578 748483 679695 823523 763609 721446 765362 767601 716048 744986 763177 712659 748443 698125 676741 712241 757859 715784 731823 731501 711910 707714 784937 780940 788130 719976 708042 766799 691756 670575 780219 748209 719916 734009 747674 712740 712145 661104 720726 729394 734340 688853 788301 745954 732535 639762 727828 761687 683023 760515 749645 769932 715481 742925 781497 737351 720257 708025 696854 760787 734410 761380 677098 731049 789732 752026 728319 745959 779444 786800 681368 735895 686120 699676 716731 765620 754585 737134 793082 729750 761879 740072 685647 769980 736671 816609 765287 773181 805647 722094 699853 745093 714858 754728 734927 713335 768576 772540 698888 721793 757504 690291 751778 662810 776750 772108 781599 728627 710650 770696 704285 711361 739476 722406 723276 675158 744001 754968 717786 729270 769912 710885 686800 751242 737561 699623 751808 772420 662509 677375 678242 743982 750143 710375 738459 735103 721570 727459 738786 746293 740265 779076 750323 728440 801499 724400 738166 745599 793134 718547 765349 741829 712143 736419 702534 746591 704226 702927 762423 753651 756637 749084 766905 692914 713444 742104 725648 754303 765596 698055 812132 719942 734518 721556 741935 768123 787957 735948 747485 764068 801688 732244 688598 777960 682369 669376 702493 748737 759688 790979 715411 721592 695995 804437 776822 748217 725793 779848 748007 677795 710162 730704 738626 754426 783350 693574 671650 757858 708383 721670 715910 773205 731363 701879 770835 769380 704835 778812 721053 768925 777783 732225 727607 681455 754893 794156 685971 720182 759582 728343 684832 739849 690133 738583 690974 673079 725981 730845 674009 690668 783409 747603 785478 744354 734298 
718233 798426 766783 727918 714128 710735 787228 729466 767310 715530 712813 754781 798392 699357 716508 690747 736798 715588 779088 740910 680084 716325 764301 764276 712936 766356 767053 725194 749139 668946 714954 772303 700357 778537 756632 766589 702428 770985 762643 759474 711939 759882 769734 699422 742681 740558 743403 709292 710780 738485 717835 693240 756173 764896 742875 711131 772273 702476 784414 748436 736346 742012 792103 722742 764716 762624 730010 779456 704376 678948 752622 760685 713609 754138 763701 744989 698277 747475 766399 781322 700801 756517 769265 677064 695316 811912 733693 732915 747981 718104 713225 687131 704143 760980 704280 730913 720261 758687 762938 772149 675291 737009 768521 688673 735166 734604 783817 687349 754361 780908 719524 722662 698826 716053 764215 745670 747153 685876 726354 765069 739660 731571 758510 763999 793703 699943 727261 733719 686325 715316 758472 778271 722933 787720 711796 768459 764857 710153 767430 723247 790152 789236 784310 805145 748642 690169 740788 729739 784591 747395 715863 756353 777960 705359 745179 760799 710419 787790 690892 748318 761112 779667 731870 723855 758725 705484 718272 757272 755913 726190 711634 746421 793548 723585 744352 755118 719371 697978 754744 740967 684693 744049 797832 689353 728806 735999 706526 725339 750114 742414 792187 705693 733295 747180 725270 758908 801036 774646 746022 793837 701815 718263 748307 766365 705806 731043 711483 712467 752792 746696 755393 684701 697898 750443 764870 776780 795756 773366 718037 744615 737061 741898 744782 725715 746310 830078 749468 717180 735124 743152 756481 776243 722584 790837 759985 798454 761559 698539 755129 690860 698416 705384 748528 747431 781222 713127 751505 654179 771931 781464 708935 703946 760029 738308 706588 700120 698347 757843 761876 776322 742846 665230 749512 698745 734787 701571 775300 751297 684729 748716 767881 757831 771809 729819 740034 736844 708801 692829 682030 746588 777962 704624 735343 748061 752224 693470 756399 690501 743403 697550 704645 746585 741306 696012 730865 773033 750257 803515 712197 760368 
694334 795877 755362 737902 729698 724392 797331 733348 763237 723582 722114 736975 791324 692421 717624 690449 735042 718781 757400 746503 721504 715349 749081 753924 725650 739646 759787 710257 741277 744189 735954 734931 707056 783224 739740 761199 741381 757276 724825 731588 725334 781032 767434 696844 729162 726063 746092 737854 738671 748414 775299 697518 746052 793410 756311 701983 723849 699441 781067 741032 726072 765477 793731 727650 737449 771305 715054 710102 709243 678833 719329 753072 715373 750374 755610 726033 700713 768407 743264 784830 730815 745968 784116 706157 692048 806214 734658 742618 735646 692885 738029 740489 711681 742615 704965 729076 701686 757595 745431 748436 665007 740259 775608 713453 774650 715288 747005 684781 746125 792089 740220 759760 679878 730207 794205 746650 768557 694494 716104 767907 778898 750526 754105 768453 792837 688412 727459 708922 716475 743870 738375 753444 741320 794961 749379 742853 755683 712956 778192 729729 775721 784625 745883 803872 725293 715234 746648 696679 748381 746326 684422 768159 775515 696985 749224 751131 719898 791091 660575 765274 795304 780216 767970 689147 783224 702676 715948 742683 738952 751237 685776 748365 765686 712143 712176 774878 739474 698298 739822 716253 701602 789895 783208 696231 701162 735320 727042 734622 732115 751046 779307 716640 723162 743966 718989 748881 775416 764569 746436 781545 711787 735986 743002 749275 725816 730484 712274 752696 756000 732832 697266 733244 712490 758138 754282 772849 774909 768144 705633 744417 722747 719713 751961 735609 709008 799536 746618 760549 713286 738007 788549 792279 709404 790032 749329 787408 718433 686307 774851 699014 681809 743657 761869 726386 743378 686253 709416 694703 785189 787200 718521 689536 726825 746905 694687 703189 713978 740125 749344 763647 693351 692000 733157 697651 747411 699291 764539 747000 741086 746995 761805 744674 772001 736518 749320 765777 734228 703389 722258 744695 768975 711888 751198 764153 730019 703353 738737 676897 725886 697027 708879 754175 740314 700084 730483 795276 727568 762450 721713 768724 
721237 781142 754490 781330 740528 741141 845389 766748 788413 741910 743433 720996 791383 722340 716912 716719 746625 733920 803471 759341 703676 757011 776843 799838 734209 738223 767933 740813 760100 695581 738771 764911 726960 774435 752308 791057 742030 779502 782253 769146 741305 753195 801218 698626 754316 766855 758312 731320 738661 738582 771374 724353 775905 774010 763624 707894 760902 714323 822975 773679 726209 803224 789655 768687 779215 790554 752207 766087 721380 697135 754968 765215 714797 768957 793824 735373 727548 756894 769002 810663 752193 743246 811512 720086 721321 832733 747356 747795 774516 742212 758549 727965 723382 775351 746530 725849 732217 765402 759315 792252 684787 763530 785272 733433 745867 725470 795441 700989 763310 794498 732031 728463 715738 736591 791637 753496 775584 712598 747099 754334 753107 762553 776241 769623 823177 714500 739439 718800 726963 748251 763439 813943 781123 786583 735300 801267 746829 726068 779427 753123 768761 793946 774171 833824 756333 717731 751858 723768 781108 746185 736670 780748 792174 692845 761647 752213 721333 788793 709586 788058 814175 811230 736686 710295 791954 712080 721518 751478 780173 749333 708677 756050 748290 743708 717355 769526 731003 719083 775893 711884 733685 782887 815474 693279 715172 734909 766036 740891 744314 756106 800989 732684 742068 783231 760487 773366 772387 774412 762470 791759 752882 750203 772722 761307 786705 791462 749640 757003 771914 776483 771011 749384 730779 777531 786844 796204 800657 791406 741695 746196 735167 752785 796496 774171 721991 789513 774069 759316 750238 729896 767274 832466 766589 771620 792113 824697 744422 736045 779038 706170 704375 720669 775939 766965 771237 709486 740451 704288 790146 806222 751207 747102 766071 745873 758416 702015 720485 744419 758662 793052 722652 722377 748671 719207 755492 772896 779278 751295 740274 775068 799942 762312 795305 737491 788902 785437 743198 745257 746329 760277 795443 698685 747408 795844 755743 716044 768066 693245 742429 725223 712745 764464 749898 700890 735537 810179 752836 784258 742296 761752 
753878 833389 803434 790855 760394 772863 862273 769333 804250 766946 742311 733475 817377 753677 756593 751336 773270 787610 811321 766790 719747 772872 809761 790422 779704 781648 793531 754617 758475 757356 774674 765577 747175 782160 759231 772609 764377 750308 801256 771034 721747 815150 816442 725000 790868 779878 765984 753623 787916 771094 784760 725542 755621 789507 759097 717004 815905 711151 811188 793836 754136 803511 838064 780451 794976 832737 775172 763597 741957 744848 794123 792626 762686 784683 813772 793257 732410 797101 772123 797501 780909 776799 804716 729244 728006 843583 785014 777710 798786 788817 772744 738408 747777 773799 750076 771299 745285 795330 795324 789572 701319 787274 788545 750692 784244 772968 830291 706918 776097 814611 774271 761499 730862 750932 758091 776769 771664 747349 761360 820640 776631 745894 780251 781133 790012 734321 746324 754361 736622 741286 761647 814170 776462 835017 775824 787328 780079 755445 827079 786080 821439 797515 808063 868496 787706 748810 776257 738540 813921 787402 722244 792205 819966 729200 744266 799582 747134 792319 722269 818112 799100 790191 773241 748223 782249 762637 747461 764030 773746 800658 723305 772213 775575 767030 738956 784675 744362 751337 781940 750028 741096 791267 825232 750220 732473 757392 786634 786405 760052 788022 799953 747431 775355 752627 766029 798185 827419 837073 749333 819086 737607 785785 784753 815274 739618 767678 758072 785510 794351 753894 779317 756753 740480 786046 784072 840220 795190 798802 753692 791864 758656 786425 816306 742972 767621 819069 779106 774647 771037 772680 813901 849783 781793 793773 793669 827095 771041 748366 812183 719502 721006 742756 756562 775643 795890 759770 789107 712144 822008 841028 749345 763002 763433 766644 736696 709927 768108 770785 793003 806391 724067 702879 782134 743936 773691 748217 785895 780332 778478 754799 760188 760969 851268 780223 790367 804833 779574 735816 755560 761765 807632 726456 768189 826747 762712 740842 771848 720605 747657 736432 728808 772919 797643 752024 755081 810706 762094 822607 769411 757081 
737203 855318 795463 817023 793558 786711 891672 782911 813111 785688 805969 785621 840070 778769 740187 794403 781456 808634 836698 773143 773258 810997 809859 818430 765625 786536 837614 766210 805973 779185 815042 802409 772021 852500 807262 818398 779170 800974 849278 802668 752895 853844 833976 758300 804464 831593 831970 781223 794430 812731 810692 769069 818906 826318 787579 751009 835438 742449 882192 818815 781955 821857 839172 816720 819997 846053 783449 800690 765859 751827 805684 835423 794876 803620 819969 789069 771952 829587 842571 844753 751648 802668 836933 753433 761442 880200 816931 812110 844872 801104 794052 791451 762567 798757 769506 817241 761924 831847 816846 831928 723112 794288 823532 760081 843844 805773 823946 781986 809556 845526 802065 798589 764135 791465 835777 811094 825283 720773 840394 838592 824013 787090 824936 846030 843999 769561 795738 764005 762819 770826 814191 831828 824011 861737 810039 824845 833558 764838 869455 804233 869351 846508 845484 907376 810116 790929 805586 743888 856393 814268 754995 821357 835222 769866 806852 848912 796987 848170 754170 852165 838903 843744 836058 780227 844092 774941 781529 798823 804180 795293 757574 817855 804779 768934 794380 814805 775635 763928 817834 775487 791532 840297 828227 749055 757950 770261 805835 802246 779223 823732 809115 801441 772924 810408 820971 844426 877473 842600 791942 842522 796331 830985 827736 822625 779278 819162 783603 808033 802781 778760 789222 762099 760799 823891 830481 834647 835529 859785 791256 814347 795968 799742 869395 809034 802256 874313 779732 798324 780187 810433 833403 869174 806403 859168 850743 888531 773029 779314 854865 757659 791003 751352 802330 835120 840415 783576 794705 717931 853071 875044 784351 796582 809136 809266 775738 770368 812185 794572 812569 832673 768400 762729 827728 774627 822848 802248 836662 791873 793001 812558 817563 822208 847470 795831 805913 835863 798583 773184 779981 808517 836933 757800 800614 836352 777292 763771 800534 776867 817790 767989 768603 813649 806169 754031 770670 850942 788028 877309 793207 825784 
732575 801673 775633 762308 718609 748427 814243 740957 781355 737415 747619 739550 784130 717356 694310 727655 769572 741738 746572 737495 719040 767007 776371 764025 734123 734431 754376 755734 759516 711438 717473 761786 758141 783530 746965 771772 746760 772948 772655 749803 718381 772335 782053 709518 775128 732575 758050 746574 735559 745726 750140 722569 771398 759334 775328 717491 783050 688387 803937 742261 702640 769657 832330 747643 763065 822117 737717 769735 720960 696801 752822 782430 730569 722657 755970 736437 712962 771078 755559 784239 747449 743208 755349 711080 685846 814545 780922 743143 793844 734945 771423 754160 743100 741871 724247 709623 710871 783045 724609 749577 698263 764206 779560 726980 771355 749922 794236 711872 768591 814318 769266 726951 705483 730433 793061 758202 766748 712077 751986 783641 744817 779842 774751 785642 829697 720328 722392 761387 746599 768427 763345 798196 769629 811007 742249 779890 760811 721461 813969 770542 805747 802880 810777 837779 793637 711019 741486 703914 785561 774358 714764 776981 784115 698503 763498 764453 748096 769436 693162 769709 797506 776028 747989 721372 796652 721404 740333 779768 732149 749060 706287 778076 768150 737336 704423 793583 734530 755330 751959 719453 747760 785031 780485 686908 720573 713384 768072 758444 730703 758877 783527 754503 743985 749645 742470 752448 822273 757889 741156 806689 756300 733741 737792 774766 752186 752256 734561 764692 762940 730470 760937 729100 743932 755409 778185 778627 760068 814050 710981 729631 747370 745852 810729 764809 741922 774747 753541 769501 733825 732602 793276 831313 746386 784460 801074 810375 757266 722419 774186 724455 723281 726203 756027 759538 800181 752489 723354 711422 795130 797659 739939 704862 769204 764315 702994 727799 731082 753034 758324 792206 735075 716461 767086 717069 765624 729175 783829 754182 713796 778470 760534 751455 814016 736766 762657 790775 729528 740285 725112 756673 785369 714677 755908 795826 789092 708073 765296 724360 792438 710096 716611 750042 731796 730748 749006 782395 747138 805802 714977 730219 
686317 765383 768315 752466 705100 711274 794903 723833 773379 699530 717083 718616 764010 707233 692656 694991 744863 742089 770704 724916 702065 734682 767528 745501 713561 733864 751073 711621 731070 710956 751667 716768 724865 776635 726659 734654 710957 742285 728126 757005 676514 741115 778147 693561 727193 728679 754311 712890 695454 709879 747208 677558 724557 773074 730383 643643 759122 680292 788538 773688 703195 752993 794416 775519 754283 787496 697200 741120 679190 679047 696000 762074 715882 738124 760193 765340 696630 744549 767376 767078 729759 725045 758186 712569 697811 774344 720279 750513 757510 706995 736862 696534 704582 726626 696638 727483 687649 782368 711065 750609 674027 724243 800579 723590 727606 730465 746101 695554 749464 781170 731780 749211 705094 713849 772518 740645 727795 662855 747750 743353 720807 729742 760150 736236 793556 688353 716603 695498 714377 719128 770782 762218 752400 777178 729010 774703 726379 696591 747842 720163 787649 757957 754838 836815 742550 697877 722978 690500 764860 721205 701199 755344 767249 675387 752348 734004 710267 778208 675781 751608 754329 760545 753338 696443 751438 677908 741047 756103 744688 721357 672484 759341 738010 751085 717119 739738 688311 688266 723015 736268 689286 762963 784804 664862 723465 713576 735786 769114 740226 766195 750966 715025 737210 747365 736052 725507 777489 748431 737384 786387 720319 749133 763386 774959 701100 737586 728132 722585 719187 728471 731157 701160 707060 762981 760272 773383 780916 773888 722072 719400 738979 718915 757858 782195 731506 787878 761083 752879 707527 738682 770388 794502 761404 743290 757505 804726 716106 708415 757843 659273 697625 705515 745665 734233 769262 715147 737364 671445 770277 783874 712488 717921 740773 710391 706396 694074 693910 755067 731335 747858 691167 709002 760585 702618 751271 744741 765474 737050 714031 736666 747348 729399 793243 710739 747907 770354 732295 699468 722633 746445 783121 681809 736049 739616 731460 701739 760216 688164 721742 723530 690818 726836 723484 693716 708736 766038 712195 801894 706466 742656 
696535 772034 753510 746041 721059 739296 795322 697822 745450 729810 717162 719118 763999 707551 685309 710101 723579 732991 779985 753048 718707 727255 756803 737768 683100 717659 748459 702630 741020 707329 726881 741165 710489 781431 746387 741456 717285 749733 728737 738205 688806 757856 752892 689066 736236 743094 769688 721284 741488 728368 759797 692747 724833 750754 737125 686988 759895 713113 806215 752388 721497 767779 819595 727000 753087 751271 717297 756680 695864 684023 731036 741258 706052 743652 750364 723189 693961 753352 760255 773011 711405 726222 746111 704402 692098 789172 744702 730610 758952 719246 737655 704395 688725 716950 717846 705312 708137 767619 737244 740502 671577 722784 753139 715741 773177 738424 742611 682603 775088 777534 773377 738996 702371 732033 772969 755235 739475 690879 727374 757627 758175 735429 736936 728758 773877 724522 742272 712624 703331 717297 757923 778543 741943 807170 722508 753431 734446 724032 756113 726363 784619 784534 794338 836988 738428 668170 746052 713342 738651 732408 691803 760071 765334 720683 750443 745726 680984 756126 707467 768993 774031 783871 738579 709406 748087 687355 738437 743004 734730 721735 689453 773087 744310 698490 714493 756598 709640 678183 757412 726938 717093 779428 768839 659400 725068 686354 755392 757845 720336 785730 767835 711238 740372 730578 722115 752972 789881 782060 752168 795257 718606 744584 733700 756015 719530 751333 768347 716449 764263 735866 751001 718931 706197 742558 781449 778229 784275 767762 708500 719058 739133 722065 778660 740266 719145 806196 744943 764688 725486 730150 770208 797016 726110 764656 749981 780159 743202 693126 760140 667218 680726 704198 744864 725978 774395 712006 739528 682928 790473 790084 718229 702723 759605 745305 695292 674916 711363 726303 782175 770778 697700 691404 761992 710972 725303 728931 737265 735795 681492 734994 770655 739414 786551 728486 755724 778166 723295 715134 698438 769686 805007 678892 729181 777110 733806 708584 743642 697052 739240 708874 709000 730530 704413 689640 714759 759410 728000 775540 742859 737172 
682818 759947 728969 743946 730707 685367 796735 722597 740844 717647 708101 704803 781656 718921 689401 695950 753546 722992 734196 715422 682971 718704 772363 755732 716090 741897 747046 691280 750088 673149 699534 717172 710317 762927 718343 744477 720539 732275 711066 751150 704570 759800 756957 683948 750604 702139 748050 711595 698375 718813 750873 682667 719999 736264 722115 703697 747234 695162 774986 744957 718661 772263 775162 750354 744949 767227 726287 719456 669228 664676 746159 764428 701547 754595 758132 736057 675333 730892 737697 745591 695393 736206 752018 713309 673170 765478 720188 759884 740666 726069 731289 685432 695332 756212 701903 751567 711039 756580 756620 745744 656721 727546 747662 683123 713993 714874 767291 684211 734695 768498 729032 733843 721358 714615 731682 727996 735075 701335 745642 760257 723923 726843 745404 758940 788746 706725 710441 727982 731370 706311 741092 764042 734412 785408 713116 746692 780081 686397 765545 763077 761154 771901 774584 815547 736936 671426 735961 680943 742127 723882 679937 757169 763012 727459 742188 736057 705920 776512 679223 743279 789003 766701 735781 718286 734573 693519 717566 736160 752133 743135 711831 756583 744956 700952 735044 734909 709658 704778 707698 729144 675586 776354 799515 646303 693829 741796 707013 734347 735755 766268 789047 698671 734033 758291 719576 782056 782031 769238 682187 796529 701634 719794 747241 750740 707766 728890 701316 733599 758821 721902 745086 703620 717290 729998 752297 774260 777175 768727 735690 747019 735412 709388 730167 739937 711997 772220 747556 744102 720090 758037 745924 786685 708154 765695 761993 795823 723781 708360 754231 679088 687081 716286 747196 726417 759786 693260 752491 686832 744103 791346 713595 728159 739801 726872 714516 694132 699572 737755 741903 782128 688860 697997 744544 702572 708601 711943 766325 739598 712339 744083 741572 749042 759110 725451 739884 751123 717207 705151 689617 750527 759056 661780 720353 747617 736296 715408 740360 688573 720685 699796 698896 737475 720289 726551 729166 736344 735724 765594 700807 737652 
740085 802234 800362 821488 767356 771936 856947 765403 806607 748174 758178 767399 814572 771261 722364 761457 777456 765686 807493 759413 749957 816014 793229 798162 790562 756080 793533 761454 799100 758365 776040 781378 733575 823658 765489 802988 751009 798044 812483 785791 723252 811662 803328 750075 780913 781982 800499 762013 760582 784920 785615 712343 762613 788682 794355 732946 799456 719261 821865 781567 787254 823782 803066 792845 789142 813719 758726 783659 756316 722178 760149 809744 763298 783499 803774 784541 714012 798416 803205 809853 767043 793819 770780 782890 749843 831401 800919 779590 816185 760659 809920 781017 762605 811292 762048 768472 739235 820033 768416 807206 705855 780848 810603 748692 807862 755681 830536 745550 799727 831338 761092 772773 745263 745102 806620 783036 778739 708889 798512 841942 793829 775038 809257 827591 822700 755530 806942 777594 754348 795474 817719 830886 793439 824826 778358 806656 791367 750661 833180 805170 854577 802831 833645 896889 763100 748875 789768 739985 799688 784700 753408 809887 814663 747010 805058 805491 748335 792807 727700 798936 831739 818673 783804 775250 825850 745685 770419 818076 765782 787378 730309 805815 786951 772894 782097 805029 761979 764371 763801 759417 767052 791575 850414 723448 723218 767920 788026 786133 777765 831646 766939 733153 763369 809860 762810 786981 853112 795457 799604 831576 739951 753862 787949 808555 782236 817947 778242 784952 803652 782573 796476 745316 760765 787613 813198 787983 792725 807177 728910 773388 792987 776754 842412 787386 773734 827208 788526 806397 739809 750809 835798 874062 765402 820198 778509 865453 778700 742024 790612 751133 763796 754586 790590 786416 797485 758913 753843 719195 821417 854001 784462 764112 805442 768610 737455 747308 764910 772636 786454 788020 726134 744616 789624 731654 795690 772109 823321 818137 762646 794140 780056 797103 814353 768309 775982 824784 770685 745609 738938 819870 844514 730727 780581 838580 795390 750997 789426 748143 799663 769369 756790 797453 787500 744355 760262 831411 764916 821641 744273 755579 
739298 813767 765112 811163 731316 754550 826833 750597 810228 801288 764764 754123 782476 768044 709221 736697 779643 770096 786164 819574 709918 791771 794114 796618 750819 764689 794441 757233 801728 708146 760001 768474 737611 804712 769650 784817 739268 759254 772504 800916 755970 812253 792015 720444 790634 756856 790873 748707 738833 774542 777090 741248 778031 812209 770915 744251 784277 716065 855629 782378 742547 801527 855636 761185 775692 808762 780962 783240 737152 724384 771565 799872 742918 769421 783696 770057 717681 795075 778069 803223 757601 764003 809425 752407 712560 832031 753653 770746 784137 737112 790938 728368 736898 761256 719695 737291 721186 805430 761241 788915 728896 765256 806053 754765 811957 765138 791776 689682 789382 837258 742616 774202 721636 766053 826911 784781 791165 720429 762290 825026 759499 792378 789754 790487 807112 725552 748350 745963 737259 756596 812726 810022 794149 834777 748646 750315 746335 735157 807085 771566 818432 777557 838672 858167 751492 712076 776578 716679 833232 761115 756282 788432 793849 718552 793349 765875 718142 818807 738046 800294 813062 797445 792774 724955 795714 733628 763662 780682 739575 766787 765951 796583 775005 731880 752281 790861 741773 728940 787569 766504 773423 780242 818171 706778 761001 709626 760489 769657 800122 789827 795207 711656 729013 802809 745196 784732 822083 820289 783456 813505 745268 766880 766170 790662 775161 791969 764129 760233 798840 767200 803127 731510 748053 785845 799832 791631 826253 792266 745124 754881 773371 770958 791263 763028 770664 812250 733962 762797 747037 767858 801440 846545 760914 825194 799323 843574 763147 717043 787495 702167 736722 771351 772505 729750 799082 776180 791109 705328 807975 831510 774923 735125 804325 770404 733531 711362 722174 764459 771026 809453 748095 734740 800984 709618 763186 772770 793433 812310 724835 809085 781352 813693 831076 736384 786060 822337 749484 741537 754754 790413 803531 732650 783178 841207 773131 754047 763674 732706 784201 756338 747533 785074 760359 720387 749179 802461 721095 807458 750063 768921 
760036 839945 811066 807859 798743 794688 899643 791305 815538 800418 807647 811499 847574 761410 774298 782989 819900 817569 841176 798956 777963 762426 857987 815224 790636 794006 841231 744673 819901 765394 801416 841918 766492 847160 792496 817266 766336 796912 805726 825243 742535 827090 817568 791797 785713 780625 819156 777069 784584 802453 838295 762673 800778 816815 814888 768946 837584 745340 851147 836767 789890 824051 869579 802303 814861 836891 777751 826038 781169 747999 796834 812552 728963 804321 795140 782837 778351 821856 847793 855596 761062 812940 832490 760865 769996 856940 796245 816727 848499 782103 796936 790289 771280 803514 756993 788960 752042 842751 800520 841106 729574 808176 823627 752331 831265 819389 851094 778677 815517 839026 790164 796439 771334 782944 804851 821805 818165 742642 803805 829336 821649 806243 849518 807735 849333 771022 779752 794500 776139 791970 832039 806955 803172 856198 799366 820737 796738 769138 852280 810701 841777 874697 852748 887446 853885 751549 809695 763886 852363 811748 759445 813349 835485 765770 775382 825593 774935 846064 768874 871435 875380 837897 796022 797016 846624 779025 788125 827410 796482 819275 748789 828312 802218 800031 786330 830672 781610 800671 821865 793979 766528 812902 854507 764568 778758 799395 796681 809334 803118 864825 815888 797475 798313 817776 811514 847155 881622 852741 827285 877217 774314 811054 804998 852208 803736 825834 798643 806016 798920 799626 820390 779032 787598 827068 810485 855705 819705 831789 809825 826082 797649 776988 834801 825001 808678 860582 798294 823774 804187 826272 853164 864655 812683 845690 801590 884968 812683 783355 844279 747961 780682 745151 819792 852772 801494 776568 786723 747218 857105 895107 802216 775718 795981 823598 786901 778329 791625 797889 846959 841051 772311 759681 816758 777795 834337 782177 855596 828583 796198 821032 817903 838531 859901 798672 800477 837889 801313 777659 781159 836474 855216 759422 842202 824719 793459 767146 821944 761332 804266 783898 767675 828558 807965 787416 797911 829037 823281 896228 802871 794031 
727778 780858 774329 773817 752717 737381 830146 723730 762133 711457 729263 741808 804496 729472 745485 730699 729502 737171 794839 744839 722082 775090 773933 781932 716225 723842 785443 717186 761081 734594 730521 767611 750575 831418 775746 779660 737429 801543 762963 755889 695912 766140 827563 728066 764777 738497 772185 722906 769200 765833 754790 732665 737838 791568 737687 700042 750123 710504 828995 756601 741618 804114 787946 777862 759963 786677 731710 768965 738060 663755 756383 789762 724984 786273 766537 739717 738021 764935 789322 812206 758726 766968 789773 710494 711873 837420 740115 774320 770043 719492 767288 729971 694029 754688 726971 764899 712474 796013 780853 792651 697405 766301 789639 727367 788705 711367 778369 705627 794247 798254 753313 761803 728606 710562 788306 786047 793030 720442 758627 808621 761683 754740 801704 807164 802185 689014 763105 690055 712471 749212 766436 767941 791848 809626 754373 779541 771516 747105 794561 767780 791714 801650 796099 840342 719515 740763 770044 693778 780968 766174 705842 779391 778270 709704 729861 783405 715766 821421 706712 779780 811495 808154 777291 735642 798336 744515 736985 732695 729820 742909 709127 778703 754332 738489 747693 773788 727906 702482 758436 751815 741093 795456 802469 673112 711253 721561 775420 773627 746278 774820 787443 704990 742705 750184 737427 774859 805611 765365 743386 823273 734838 768298 762515 804364 782481 758096 741875 778700 763057 778300 748859 744700 713113 768632 763907 766580 778907 786138 735341 777372 763329 770231 771325 774265 722797 803523 788398 780594 720120 755204 794367 811429 734209 794987 758279 847941 729908 743898 786816 717875 693344 740572 762989 761644 764385 738998 779533 701609 808095 803526 728769 748527 779112 748976 731302 708580 740902 769181 730972 784631 726723 678955 757796 714081 782749 756873 832698 773480 717829 780677 796079 755283 837560 758351 756163 790060 760697 721349 723043 811372 801691 679203 744971 780111 752335 738548 773807 708732 767982 737974 702508 731063 762940 698120 727985 830912 742394 814803 720965 761468 
706134 779491 776945 745717 746130 740818 804189 739239 791200 723704 749660 705727 780130 712199 702709 721807 741924 735186 784268 756356 711681 751378 767233 791556 714131 717630 764135 742533 733224 702205 749009 738922 728957 788262 735838 758961 740786 750653 738856 736297 729796 735107 768206 734283 758687 749829 738495 713768 756581 759227 757046 687588 754177 754208 776173 714227 778360 699048 829233 740994 704623 778584 798552 724901 750345 786623 732720 746222 701043 684391 729732 773244 727345 716182 762864 760133 727226 757105 780600 800010 756195 712030 798501 705903 712569 799057 730104 750291 792678 723788 733700 758642 716926 741843 752226 748166 725089 748659 765583 756641 690258 753529 780360 722082 762348 744170 798067 708229 781462 786456 754982 715372 697945 741732 784444 764667 746241 693808 757803 781840 746061 742517 754617 766727 806276 714129 710530 717387 734463 736895 737027 781663 736139 783781 723240 775836 748497 668184 800435 741983 783651 808959 805724 840739 756045 706021 744070 684172 751634 749937 699049 767293 783110 693182 769941 760972 714274 793552 686570 800581 810710 796613 744958 709715 786327 711508 729510 769272 767516 742944 698996 755264 764002 717638 736429 753617 730793 693674 782554 735809 703041 786538 811021 684302 719970 725833 754267 734166 748805 759158 801943 745650 743560 754231 778965 766688 807386 796351 766927 819694 741419 742614 773877 793545 717403 760035 741754 777065 766214 748435 755934 695920 708012 770011 780651 789351 782022 790216 728254 727643 762240 779491 770593 745501 719693 781233 767942 740571 734380 737103 795307 804294 770987 798889 763113 830511 766716 701568 776175 681476 691154 721969 741003 737437 766482 725475 722328 695398 802670 815692 746496 722841 752923 751418 731112 712807 723485 750273 748582 801039 727699 689536 749739 752061 780569 749189 777557 767160 738580 776003 788932 757028 806367 743798 748486 801466 759495 714483 723500 750079 812697 706477 715406 778586 746942 720283 767869 691598 758145 723074 714001 752013 745132 728203 747101 775694 741346 799317 730845 741256 
749351 811578 797999 747719 750457 729265 819791 743589 779188 721266 767582 757689 786664 725930 722106 732045 734390 786055 777740 771365 714239 740118 779103 787463 708562 732404 759127 746718 740088 742427 750605 766406 726840 811256 771230 800196 738504 775594 778381 772512 697535 792542 799912 714585 771914 722588 804680 744458 747816 740682 761310 706252 752933 792733 766681 706159 768102 706747 836410 790008 733056 812308 864932 749742 759294 807331 758218 768154 713866 690608 755026 769942 739115 734148 790738 746646 750522 767257 775437 796621 735557 754242 796483 715643 717450 853140 755371 756614 778862 734038 764702 721993 729713 741001 715225 753587 715212 812790 742047 785808 694248 778338 792691 758497 781349 759463 811784 713135 758781 806524 742989 779704 713826 742295 805454 756875 777710 708985 762360 805806 765757 754257 812181 790792 815960 712685 745604 729062 729928 741303 768780 794031 769285 841756 763033 787752 785815 745236 797566 770699 830351 789302 817642 877917 757147 725740 774085 710554 789338 764362 725272 779922 799645 724855 749770 792229 741135 766039 735104 804502 776945 791902 753943 727165 760773 717347 767091 749281 736431 759765 714202 771382 772199 743257 737129 794897 739281 735392 763636 785889 737923 787926 798937 694969 739661 758220 766911 763006 764496 779452 799040 718523 743201 781647 754931 777136 813154 812768 752559 808974 750295 777244 788423 808302 764396 764420 750263 781977 803626 733808 777398 751513 730021 783414 763626 789109 776177 789320 721174 741823 779138 733898 797516 770982 772876 791509 759748 766135 756687 743388 784498 811586 740743 785102 765768 812617 747893 730009 802718 687467 690850 730986 771607 748748 791460 755423 763667 721912 799636 805678 731495 712512 773208 760855 732855 715667 734450 774943 771966 777485 704249 703048 782089 705409 748024 721294 772149 768887 745060 758581 767880 762409 828521 747454 782720 795541 739227 732711 727519 778130 819536 730452 766298 808522 773367 738083 791140 736221 787778 736270 715160 745633 761745 704792 731412 767282 721569 824688 747660 741638 
668714 744009 730106 703815 693098 687536 751357 656880 734985 671271 677088 706660 739425 663447 655895 680076 704313 700633 723551 693967 663378 709951 742593 732203 681017 684115 711527 704826 702268 673528 687872 698093 661571 718264 709868 710260 704363 724435 705314 713717 658661 734160 739746 675956 690111 714556 739384 711938 693033 695044 710862 664876 703728 717041 683534 682379 724380 668059 744842 697671 693907 716405 741457 690376 717408 745079 689463 720491 684888 638038 693137 720302 676738 716644 735838 701772 670036 705339 695975 719242 704549 699057 705746 652705 676806 776943 715111 724815 733938 681547 693968 715417 674348 738085 652688 714475 674828 708542 691317 734719 639446 711186 732052 684000 702518 693788 727542 650193 736360 754963 720033 711390 662339 692965 720023 723255 686897 645396 727606 744732 727092 712749 741715 702539 774411 654274 694253 686587 683545 664021 718323 757720 689520 752473 699059 716530 734666 654101 744994 727663 739230 747095 718753 786912 689404 670439 698081 681935 754326 708516 668016 736008 729310 672935 734642 760472 691992 721146 647330 735497 729029 741068 698026 692423 702446 667560 706095 706657 716595 682463 656066 714920 741117 700840 675373 710050 700382 694506 678169 687658 668849 730984 761531 644745 682936 698932 692251 705195 688545 755427 716159 708917 703554 733878 684161 716513 788062 733063 688181 749939 648574 673271 684993 721099 679082 726617 714230 682898 739869 687992 682404 692530 672403 745162 735478 722051 768042 731097 688763 682743 724316 687890 760940 673038 691911 755349 710924 729971 691786 703290 747268 788765 698388 717591 698033 772494 700778 702037 744113 636978 672550 681980 702842 717615 723694 699804 690526 647726 736725 759700 692873 676402 728673 707335 685246 654455 671321 722476 744741 722838 645371 654246 701642 668368 711056 683079 729776 706385 675775 709434 686181 746758 737929 706615 692230 711708 687037 685405 682906 701169 743781 663878 708451 722309 704179 687495 699259 680630 717370 670421 661731 700437 672325 660575 699495 718612 698746 766127 675016 713502 
696337 737609 737972 717057 691114 701451 773313 679692 717337 696355 702153 702220 733805 681020 686941 696441 723203 712253 724212 666341 683781 721783 739492 752396 707755 690510 728106 681558 723447 657165 695731 709625 691173 730813 690301 773356 704403 749344 725402 719793 667695 708658 787956 669752 734976 706558 748726 679443 708723 695449 725337 701099 746113 739452 754991 653382 755007 674333 777933 731723 700027 775063 768471 724435 733835 755330 691234 727825 673152 639665 698032 761625 692183 717887 710433 740703 689787 738665 712858 762724 693844 701613 787151 668422 678065 776359 727018 699088 727083 691594 745694 690986 661925 721081 687533 709588 654551 718939 722086 718128 656770 724857 741807 712287 726247 696991 751441 663471 743019 732391 718472 683976 695391 699636 725029 715153 728740 676645 719403 756988 699306 705230 730199 721741 774847 675738 710633 677165 689635 695357 716866 755920 747825 770994 700262 760819 745237 687133 767927 721058 761726 749051 736583 777877 725578 689003 727748 672311 760255 733957 682873 715628 760775 668315 710476 731463 669759 728109 671286 718989 739307 759599 724726 699090 738571 699394 704930 731064 735049 708855 678739 723773 731361 714376 693370 726754 679852 708301 725581 703804 677499 742580 742317 651647 700402 686264 748469 734538 702435 738427 736370 686718 707608 696391 704628 709250 764660 730867 688072 768636 705382 701800 697903 737893 707477 722249 727112 740457 734419 717514 692228 725831 691641 704606 725315 735475 757162 739174 712558 716326 689522 685955 725203 715485 730607 731888 736792 688440 695516 724432 733921 773116 715819 739934 718502 765137 700493 698923 759364 675356 696202 696095 757105 715157 730796 681274 712385 651065 729010 752268 675410 703537 693715 739727 659271 691033 667779 697961 721870 757844 682925 671125 739877 688116 698525 673717 752480 716910 695294 719622 738088 673799 735613 691376 704844 763705 722947 666625 688999 741062 761528 687460 695733 756861 723449 697894 715460 695160 719575 714043 658327 688303 715455 672401 678991 759243 664270 767853 675987 696388 
685717 775023 767832 750580 726804 761626 801482 762986 768388 716231 771759 742106 774685 734572 695217 722142 731248 740102 777598 767848 710209 739421 778872 786033 731547 739728 756998 727275 752420 705030 749515 741813 702446 756952 749650 742207 733276 750957 755150 764072 703098 751196 781780 708467 775404 751963 766488 724640 749664 706240 754987 695018 742787 768541 729638 727504 749626 711273 828364 764476 741481 768395 788634 762249 748160 790889 718508 715467 736005 689280 765555 757919 725483 754713 771709 734467 711807 759729 775819 788790 722922 730720 767132 727951 730919 793144 757805 746161 735979 703276 728927 722547 724847 750148 728079 746486 709859 773635 748081 733184 682077 707035 768916 719436 776485 720727 780833 683698 776302 822410 733789 767593 696255 738883 725313 732274 744109 700839 749366 777968 741211 736573 753734 792051 807222 701800 748711 739183 717968 729004 787629 770719 762308 789225 725766 772176 737804 744710 778187 776558 804380 777326 802886 835127 742362 736229 766117 702268 776750 765826 701710 759608 763696 717094 758021 735289 714923 770907 701316 754820 781708 780859 730126 720172 781509 713357 729040 778187 733746 745316 711908 759177 764577 700625 706948 781400 733682 718926 776144 734526 735580 743710 777596 674769 733576 722616 729275 725106 741636 738988 771099 735139 716953 759466 763669 765791 819357 794750 769295 794731 701354 741994 733633 774442 723145 768631 771566 769651 748116 715102 756778 692126 715763 770704 777606 775908 798129 776505 726591 719874 740755 737200 768458 757130 715758 822437 732255 746223 727878 738104 759445 824349 726662 775847 777842 808199 743863 693971 763477 710959 686139 712093 765054 750650 765218 749898 728760 697693 824113 800321 758059 715041 762420 756731 734162 695359 706580 753404 758764 803196 717889 696353 736479 705658 739242 726862 784439 771487 715948 751969 746441 764727 792683 723492 759000 764526 727429 722419 720419 777638 772431 691913 735042 780237 777840 705295 755170 713357 761709 724890 695442 750506 752923 717954 760927 792079 718928 799492 701087 764049 
712246 775207 762564 730389 723635 744380 782998 707873 759519 713245 761338 733144 750251 697670 712869 696366 711673 744304 772542 728496 684399 732062 797893 770099 723263 750692 724398 728041 746659 705411 728904 756886 705540 765599 733893 733480 725563 775263 755355 734370 700881 773163 752681 703454 750676 729805 738366 723841 749019 738743 768840 720260 744702 789435 733302 689232 762891 713061 802174 764769 715286 761848 797545 757401 747605 784070 751615 734833 694474 698505 758529 778875 732534 738411 774373 741025 691981 765516 765467 787282 742863 738399 801932 694034 696407 803210 726003 729622 762141 698682 714762 736171 688689 757963 706152 742210 739763 764761 742184 771262 688703 724077 771596 705375 764033 730372 787204 702428 762947 796896 747616 763252 720857 747731 774531 752172 756725 695282 731218 783503 765072 752524 784731 742041 808482 707371 734363 712709 704225 726297 749715 770231 754111 802551 735005 791562 770165 726013 793495 748140 765011 795774 766377 793325 765830 746820 747207 685932 783286 758222 685678 758752 791640 689194 762428 753291 728035 781164 685341 751849 794348 800309 751106 718552 780958 694109 731899 751151 735863 732015 694688 762510 744185 748234 716165 770323 711638 708232 741466 711957 722904 752192 778780 702463 698187 713618 741175 746482 731740 755652 773421 689219 747065 765548 745687 761365 821884 781153 759705 790555 749170 747169 767016 784888 739536 756406 760584 747376 761918 724278 718440 715000 709719 782888 790961 792162 782560 748034 725852 753695 735516 747719 747216 725949 735991 776072 744715 724783 718918 717281 790451 828006 744099 783582 751429 794707 731228 727825 773465 692375 734055 692028 721713 731226 759722 735928 749462 704306 766041 769179 728637 702759 727155 733614 709291 684991 736138 768448 758764 750731 710895 693984 764414 720313 745844 717690 752605 729259 715955 735467 751885 763448 769108 735051 759830 740620 742547 719019 725585 751730 797705 668939 740698 778433 718404 718921 730414 696707 750995 691461 698023 758109 722457 680952 731243 764076 725760 805206 722602 739028 
730773 777840 763857 785128 741814 740340 826563 747946 789802 739955 775764 761786 779341 721384 717386 714534 756618 781105 773205 772058 703518 754150 781162 801860 714238 726748 779212 744534 746551 745345 760018 753480 733884 780854 758687 770981 725205 772092 768585 766440 741264 774457 802078 714869 770759 764008 782194 757534 748152 741164 757815 704927 794540 784070 740711 712122 760330 714876 822188 773192 724092 783094 814510 783655 782242 788422 751249 756524 736263 711526 747953 774217 759440 734863 746969 754506 735982 756835 762017 812980 741007 771703 797781 715925 703454 818420 761330 770633 805700 741223 757846 710880 740215 754709 749402 731672 702945 797734 770766 768972 678500 776806 796438 727497 756821 744086 798488 705657 783264 790944 761091 743227 704220 756960 783948 769326 767438 712473 767655 811116 758387 761014 774349 777368 828321 732105 731248 700621 748746 744357 789318 795575 788748 813197 755185 753376 760695 725353 797660 777900 792741 790863 816962 867766 747935 714019 763451 709072 782443 776905 704777 770009 785661 728686 761948 794922 701088 789114 715621 804040 801668 781965 761430 730409 779982 725219 738432 782144 746605 735588 724591 790191 785467 733771 727437 778416 727551 729341 732344 714104 724430 800306 803592 714661 735519 725200 748079 761555 749213 801595 800597 735116 717471 782166 758935 789878 818683 799443 728583 797309 734318 761529 798238 804643 763344 759055 748679 753091 758203 763167 759884 736147 730006 773694 784958 807638 789682 792922 757672 720062 753068 759208 786241 744441 741338 770487 773391 773319 730550 738928 787065 831016 745072 799605 780951 830987 751926 708689 768161 708620 715786 745752 785730 766001 805649 758172 762975 675973 815952 803892 751257 759848 780060 762612 724120 733242 718122 740029 763121 792330 725240 712166 795114 710081 758486 757640 785292 762782 737295 768490 757347 775363 791964 725816 760587 805704 748182 725631 733502 740178 783967 721111 766853 812422 766529 713385 771032 746805 763984 719595 708138 741462 765163 708190 775167 775987 764245 823383 734190 760356 
758624 804164 793937 792639 773804 769986 820588 757911 797194 757038 771635 780922 818885 716542 750560 749145 787464 807400 825241 776988 743930 779376 816571 797604 781923 737330 809328 740236 771951 756421 770172 782609 777407 850573 794648 840589 775502 816514 787578 814343 742296 828375 812603 732711 801741 786102 782882 778115 763112 770425 807034 749365 809504 821186 779741 746963 827918 732225 853997 799060 770266 813595 856429 802158 805419 836634 771565 787382 761871 716584 763946 820025 771554 783102 813201 758584 745241 779222 798815 819253 775246 804642 801973 740241 753413 857944 784900 782586 817495 767874 803098 778902 734796 741937 779587 807992 767756 824067 764308 796678 727075 766377 826024 772853 796114 758730 813254 748271 811356 826081 755456 787309 758642 774705 817129 788358 782186 744024 806009 812834 803164 788538 800959 821252 857964 740179 794655 751111 774591 766525 807919 828229 821119 863255 773383 818539 771206 758972 822429 805225 824771 844711 843945 888611 825757 720482 791195 740536 827174 801861 757456 822499 822672 761035 788496 801536 752224 817292 733449 797494 826650 838824 812577 790035 811710 728856 797981 801575 781054 783209 747909 796869 812254 766488 775315 806495 753247 758476 801084 782147 768778 821629 823749 706727 761149 787263 782388 776487 802338 819609 827089 751111 766326 813212 752037 840097 841674 817565 756816 819973 745076 763332 812153 800781 787564 807570 786736 806955 819514 774625 789097 777901 741500 808395 808160 821020 833214 828366 759419 786936 783746 779766 824557 815327 755780 820494 797619 792089 755550 775558 831681 840238 766561 801969 802641 845895 743229 754502 852903 753204 722626 754521 792220 793916 836887 755626 775248 715199 796703 841940 761669 762008 785782 765730 781883 771021 771459 774013 800967 816186 750425 744601 799176 745078 769673 746295 826972 795478 735525 791146 794824 819694 825203 780509 770422 820252 759991 763183 738910 814137 870089 743455 783873 864825 793205 752194 809831 763107 787875 759834 715214 793804 778220 750572 799065 822259 767700 842474 766641 763694 
723891 797229 781949 779851 749471 742012 821650 733363 780953 726844 767569 745089 792306 713292 715793 732304 754330 785495 776620 743523 738340 756110 768735 791002 699914 726589 778048 721911 746028 717976 722656 764050 745257 817688 755322 752764 771115 764956 763080 756788 725175 797762 816456 735876 799843 742040 761595 738278 738475 737942 749624 713140 760931 762594 724499 705107 766486 697183 829193 767264 757447 803724 826624 748379 783234 847114 734504 778178 728440 701831 765876 766709 728706 767140 779673 747480 727814 793383 766083 799647 755276 770435 776835 728375 691897 820910 753879 757660 762327 724147 767637 724264 701099 759686 736787 776095 724384 778762 740068 752462 686208 743005 790505 734814 766476 750728 825485 708519 770707 792774 774211 780590 708888 732651 781503 782972 777613 682801 770451 770553 782388 757560 768235 803818 803808 707461 752271 733309 756366 738694 775753 773653 772633 806872 734274 757603 753942 714742 797236 775302 816975 834711 777614 861653 739264 726340 761607 729483 799436 768385 731611 768032 781196 727094 770374 774509 716185 790786 718911 778460 795224 812778 755160 725064 780273 690787 763151 756911 717499 753854 711239 783653 746961 717490 713932 807218 708732 741065 758750 741503 709499 822460 778187 698862 730600 708315 779700 756743 731809 792851 770780 737162 780839 758523 756969 788204 797338 786565 760233 816452 736560 778281 780308 797168 765790 767155 773112 764967 767093 771373 729500 721675 723322 761387 790805 808373 811334 785132 755982 761822 758220 767969 782946 778947 732817 769049 760941 760990 746303 750377 791791 799172 743108 793000 769973 812116 728723 713740 794289 723315 724559 739620 755281 796173 770820 744582 740930 703729 790510 842954 775632 728691 782727 740872 725558 703008 738211 755094 760708 825912 714805 715195 781504 703633 756589 744012 810342 796801 720453 774026 781360 755008 814278 741483 783458 787500 764805 740903 749057 775672 787733 707633 726404 799406 748228 722197 735774 721967 785327 751296 733681 743972 743367 732425 772404 814037 749502 811863 741145 754984 
671780 747999 730222 728213 716769 693190 760441 734331 740948 690725 685867 725575 767610 704155 683127 702973 701740 733382 742509 716315 660655 717042 717431 715457 724354 702420 729547 709456 688496 698372 735158 707858 687179 766665 747906 718531 718892 736501 730432 734283 667251 755309 761340 682479 727883 710845 707628 671215 716539 707458 722651 673968 707139 746120 713954 657694 743523 651286 782080 747810 695478 733787 759280 731651 747258 772369 695129 719627 677757 656510 715293 730253 687554 732390 748310 711808 676997 734731 721400 753668 726498 696338 758982 702076 688630 760885 718660 711252 726598 693773 708598 697984 659200 712594 694760 701201 722831 729922 700974 737211 650387 751760 757442 679779 717009 739687 759873 676325 729231 759538 693770 702419 682227 697270 742799 727617 735849 652698 721947 742208 730899 714387 720017 756356 755222 672673 711971 681151 689176 706216 750317 752142 754792 771833 712454 754181 696061 672750 748382 736272 758007 752125 737770 803501 716687 695415 713055 682944 746337 721297 691177 744873 742979 675568 723414 692747 676512 720560 688782 736871 753943 775227 706465 708560 741298 682855 720883 692893 718206 719210 684278 700298 744989 692179 676995 720870 688919 685171 730856 697776 695456 742204 774138 657854 701001 683489 730663 716029 715634 720337 768551 680700 724624 701516 719428 755199 740584 753941 696589 754915 693535 700782 713047 752152 682747 732864 707641 726712 743761 715204 707687 686242 681877 722907 732140 766524 748129 741745 693348 736096 730853 715952 761528 683270 708733 760331 752046 720512 681256 676425 725580 762552 697775 762842 701785 806593 723333 676444 737284 686167 676526 690398 720590 734392 717789 691104 716089 641151 732604 776998 710331 687879 719359 710640 680426 678455 709136 704063 731902 741260 658982 663099 709602 676938 739212 687473 734702 718651 703599 720993 745042 722622 767241 698896 692412 749068 687804 694588 699012 737373 767691 654610 697185 777334 736827 706116 707872 684076 720182 673679 684228 723675 749831 688767 689673 728635 673765 746411 693710 720683 
720860 764624 731431 745280 743010 709095 819384 707726 775476 727396 728605 703765 773059 704939 712379 718166 700345 728209 742006 725892 693392 742037 745746 760606 716570 706826 747972 727971 719403 710257 711339 724175 710554 773004 732935 729209 710781 753621 763705 728980 705361 743502 777638 674432 709724 754133 749392 725977 690230 747168 757204 692665 754109 765254 743474 682097 736715 692329 804090 733796 707195 784680 799547 755854 712577 773580 722937 729320 722166 670136 743521 776943 713530 733005 739858 713793 682712 778761 733014 771089 712300 736305 753223 706211 679960 821374 750201 742288 764662 743589 748809 741058 694491 739224 723938 707359 705082 761153 730863 760596 680990 730964 767411 713108 737315 730119 776511 712226 728083 756005 714094 726410 729693 692705 743959 771101 740727 673640 725767 785760 765831 738012 755607 764103 793106 695987 714462 692239 704272 738217 772598 760163 768703 791254 724302 733324 761832 716395 774239 746189 789190 803022 784958 841190 760224 693721 717830 676304 783745 743329 691976 768058 751956 687733 742004 747531 723964 765880 669226 744978 780007 788146 761653 712123 789707 696102 732294 732698 732122 709077 686604 766788 721150 708969 723516 734157 710706 722559 726952 720914 702111 781766 781869 676516 690852 699646 726198 726341 704366 735569 761245 711617 765712 757572 724065 762212 795035 751963 720016 817944 727369 751021 762437 762556 736925 764469 738557 709640 765105 716166 708744 703323 711709 752088 791813 780602 750525 770961 737637 741771 732016 709265 774881 765446 726645 787088 754312 750877 680886 732902 778977 800161 731932 792553 750012 817500 711845 718899 758185 687036 676802 699999 719429 760010 754136 736538 736166 665326 773618 795367 723805 719755 733510 753981 682489 688254 721858 735723 727937 767638 702697 682533 757049 692334 768806 679039 778311 732770 723480 765604 739261 736488 780375 717505 748131 751220 744736 704652 709187 758674 768511 684880 732490 771128 700498 716964 713612 713163 749412 711667 664656 727434 724115 720755 712341 779687 740567 790317 733207 741330 
738643 798434 780353 799600 743346 775863 828047 768472 789254 769731 745139 744359 809767 738106 732897 755076 762771 813469 809678 780172 689964 790853 761920 768998 740595 727802 793107 757747 745083 727658 770572 745182 743708 822947 784337 779543 756479 796367 785609 793225 715618 778631 797996 732469 768162 798398 810513 761953 761755 772247 774929 706354 781970 795952 774085 730263 812975 700389 826606 777531 771670 805187 835173 781763 769713 822732 750859 777403 707490 738574 757039 796806 745535 775063 784228 791956 725522 777715 827796 831735 757112 766633 816103 738959 724307 831781 784786 787786 783856 763886 761847 765451 732561 741912 755249 754693 750428 805097 764754 778175 734170 762374 804842 734848 794039 766104 823792 715584 790437 816056 787327 747237 733337 755078 768892 780378 778417 728246 792043 797801 747883 790121 792117 835164 824152 730321 772627 745293 738659 768038 817173 793754 809947 825802 741481 792994 769816 768021 824441 791624 820914 798401 848754 869636 791300 696567 755763 726667 800614 793714 713987 810397 836642 750401 798689 808452 767497 818726 752938 779318 817159 775179 806291 745199 811364 748136 757979 792154 787161 775312 754454 808543 787530 747895 767674 787608 721621 738682 794452 742602 732004 757720 863609 702717 759030 754503 752390 786507 745862 799575 770188 764760 747897 785882 785567 797953 808895 810987 768324 819932 758102 771023 792889 789348 765958 778071 765300 771243 779144 753439 792394 728475 769744 795574 809503 812821 824142 805041 736905 759092 759325 767410 779150 757316 770927 803402 771244 763974 737728 773582 794814 836187 769593 811932 814275 842318 767315 766034 790876 724621 721571 742491 772466 768170 789423 749115 799512 700981 804811 787176 754623 737985 773756 783183 737344 746656 732985 761749 780963 787021 734897 686952 797708 741331 756285 731947 803141 771633 728007 805319 788651 784577 822236 754969 776671 829037 768976 739148 750221 795152 828027 691961 766367 813516 794561 747241 758837 727813 786988 760623 725565 779196 774076 751400 764477 819233 773160 839143 782417 765103 
762840 821088 787588 817070 772218 770241 846767 773225 800053 745374 789744 773866 821130 721877 754846 750370 785721 786781 802093 767353 731304 766310 830865 789940 753992 744807 807439 743063 784059 764394 769202 766673 720957 828004 786020 771649 755993 820340 797902 764369 756298 774880 818432 742993 771343 745177 784283 760903 763505 769746 774386 734215 774771 802175 803530 735151 788584 707230 851282 794943 739000 826314 836356 762380 786976 828910 763967 794338 739710 724961 756731 812572 766478 802603 778994 763072 734753 802462 799459 837208 764614 755600 837001 743897 737956 813596 781357 767026 786245 737246 784255 743214 704542 791076 750580 775183 731000 818922 783885 751430 737725 771035 814673 734904 795644 759723 826603 748037 764319 802980 802316 754609 756076 770668 815502 783911 779684 730282 777568 832412 791389 788117 809273 790822 843660 717423 792141 748260 740627 786069 799520 816980 783257 860724 761267 806489 788537 771669 830765 785854 835533 840293 797557 855775 789748 736305 786090 713281 818806 800336 751178 774465 790683 710380 792500 795174 741966 798752 716600 802950 853762 824583 771363 757514 810047 774385 774812 775938 768246 771946 720270 799386 761828 786018 760559 792084 775257 763953 773545 757929 759888 799278 819199 723005 738052 752546 785182 799566 766176 798041 796927 796490 764217 804617 766839 776410 852500 757836 797718 870493 757551 782777 787086 804365 773387 779042 776490 785908 803205 770038 756041 740659 769600 800357 802750 802362 798453 795623 755948 764875 785197 755003 776195 789210 765695 789541 804831 797450 766573 777909 805076 851732 778034 827229 784782 843678 769040 762954 820789 720186 741509 756451 785249 788880 805472 760051 757660 712766 813546 840366 750480 721319 787990 758456 742108 720210 733656 802998 766809 834029 727865 713870 780492 757232 756051 750421 825362 815647 736482 775046 777492 792672 814245 738949 775464 810372 782355 764589 731036 800856 836865 721068 815683 790501 776701 757615 778426 747457 795410 768922 752951 763388 761164 755998 770342 783312 763577 815329 764369 780139 
748260 794360 774538 776279 731392 733605 842420 724852 767143 734914 747154 734987 798278 709081 710989 707320 791321 745457 788439 722655 723121 738989 799038 768897 741685 735067 765965 718422 759040 719791 746821 753063 732431 839309 774077 765810 767947 777866 735675 764130 710598 775804 778344 698619 764693 721347 768828 734906 768051 758729 778303 722655 728364 768849 763923 706046 780655 710965 843318 767032 725682 795705 805519 755886 771290 812481 737528 776754 728489 669560 750994 752642 740459 782296 775657 758239 740667 781362 774122 822801 737130 756745 780628 741284 677848 821067 766567 765518 777508 731003 754453 726507 686708 756335 742365 756389 708711 773061 767052 769266 692622 784740 799027 715344 807285 752515 788897 715346 767225 804644 743236 748559 721581 723597 785240 764403 767203 691095 772550 757134 761895 736062 755108 799947 821748 711326 752172 750348 697451 710509 754841 791467 760536 818619 739774 795041 739202 721498 801236 736995 825734 790336 796620 831982 729360 745068 739866 722294 777772 763378 727854 761418 792182 748099 737653 748041 712939 794378 700078 779965 803748 785473 754423 715518 784500 735281 741647 753848 726023 751696 710276 772783 759189 725252 765862 770966 744355 732688 777905 719487 730812 779451 784861 714598 742959 708617 749688 753810 737486 774239 805733 716520 751910 767364 778369 787874 790368 791117 742685 803420 740391 757360 780371 788049 736036 756970 747413 789033 749338 724947 753619 742954 708050 778092 738519 811481 814996 764624 747968 755145 748258 756710 780326 736584 761701 812999 749249 734326 742378 748240 778760 801850 735966 823091 753318 826599 751492 697126 771682 697370 679517 748535 789378 749371 779728 736516 752260 714219 769046 802057 751759 733648 802079 744215 720298 714572 712757 786128 785856 805067 739473 678846 769040 705316 787751 756929 797393 786031 749390 793978 761364 740108 806252 744574 757690 798121 714146 709371 719761 789804 787566 723049 740687 775331 749907 719202 763363 722081 750132 722679 716255 771485 763597 740862 737348 788424 742900 801990 736614 743744 
771273 806459 806700 788431 754657 758418 870359 778043 786112 765836 770703 750220 808534 708309 738761 734755 777765 790548 793712 764744 757148 771061 833267 805670 751292 757455 773513 745996 750009 749909 766951 786600 749533 816781 768590 804010 779202 791189 780284 790126 767254 804063 833397 726340 794168 755382 766484 772240 743612 769904 766795 738640 757692 794732 751019 715914 801646 712423 833487 797645 747517 787753 862171 795801 787085 825372 751254 790830 770731 745825 777128 816514 772539 762879 794350 760569 727962 784399 788264 807457 767018 803615 803689 730041 725589 855565 774857 780689 788808 727753 780975 745320 719323 782287 744092 788089 735139 813828 778452 779878 702887 755872 811692 776670 781176 751693 811997 730227 776944 815685 771548 790511 738706 745468 810218 782928 776094 720216 760640 804188 778590 783734 807023 791484 849922 724751 778835 748739 756496 763532 791676 812579 755022 849833 752337 798644 786689 737925 823655 799635 854841 836282 823036 858733 761755 756377 795813 737827 795904 774008 723055 807442 823682 715919 786943 816337 750065 814168 729702 810586 801858 807299 803653 746461 793953 733540 773713 789138 760713 757292 707106 794045 786374 761922 757361 813253 758568 764721 778380 745651 749620 816573 810524 726829 748608 764636 772248 776804 749032 812556 807460 737509 776217 766264 760300 807778 813896 794885 801224 832111 720061 780982 784568 809987 781365 787200 775086 796045 802240 750263 762829 767059 753997 814079 817683 808671 813715 793311 761683 763312 781866 762806 799823 766608 737789 822925 746943 785450 750049 756977 799925 840743 769739 810781 787969 824653 760404 756791 797622 729765 737829 760711 785260 765590 826975 747663 775744 732215 795654 814429 770202 750905 773868 754828 753695 726924 751061 775010 799955 810724 740858 709953 788637 747180 779671 740583 778569 765702 757500 764766 792518 787454 803892 757275 756330 803950 752602 765836 748111 778607 826444 740147 773116 836337 776872 737037 769363 734300 774099 734032 709319 764622 783986 752430 730180 792869 774546 824226 773484 792149 
707988 756688 749402 749419 688055 707218 792276 702032 765010 717320 728818 729008 775339 719853 705926 705093 741273 724947 763171 753459 729160 735855 767445 733111 706130 736384 753982 700197 770132 709116 741423 723439 732153 763821 736405 741056 706578 742672 754610 741517 695246 774169 767920 695429 738587 720511 755641 702365 748476 748416 747254 704572 744300 764960 746255 697817 770096 676264 823873 745505 728859 772519 785265 713514 747270 766314 734003 751098 722074 686651 751177 767221 724267 748432 753051 742174 694385 739862 760571 766537 715779 754211 773805 690022 729226 771269 735863 722881 776948 710349 719124 709361 684968 752213 721014 730022 677813 745012 747237 751963 691235 751813 766921 728782 766371 731697 753595 670812 744533 785241 728468 754045 715475 709481 785282 720660 741338 670934 772309 792466 755060 748223 764774 768240 808486 709118 741846 697838 698984 730324 788955 758027 759167 796996 721510 751940 752895 725628 777650 763102 790601 755766 778086 788403 718393 722018 735728 687700 776359 729741 710929 785659 752731 689495 757693 747377 688680 764418 698355 759451 791515 769331 750291 722497 757264 719750 711043 738854 750334 736815 684909 745586 770356 722202 724640 743118 710056 716924 757181 724854 724932 731286 801082 680418 695215 705331 767078 742608 726812 801031 759281 705536 719152 767395 743249 765723 795786 763273 738292 785245 720825 721337 779653 786996 730848 733267 718872 726005 750244 747097 737513 709926 700651 748548 774039 781589 762043 771482 741629 746652 712398 761028 760115 738911 731284 800815 739848 726315 713955 774883 773265 799804 749000 763925 732978 813506 734869 710165 780128 698546 720454 716089 751122 693645 729815 697857 737740 708558 755956 792559 726558 708704 733269 715597 721424 691195 725230 752205 746770 773618 710819 678338 774543 716140 741446 731071 759822 733661 709557 756222 759178 769097 775956 722061 716075 787986 714830 701014 694464 776102 775388 684199 741835 764864 739070 683126 735948 704601 760947 697021 688410 760143 760605 709543 721167 779110 692758 814709 706668 716656 
728091 772179 784025 735716 743798 713642 810189 707385 764965 720538 755111 725093 783171 701166 691805 718537 731515 770001 748777 710789 723703 765644 788433 786353 743256 729747 776679 731863 760071 706132 751896 739762 715389 799383 768186 788621 753035 764009 777682 783539 703533 789815 784339 709811 776552 786854 768248 740862 743113 764121 752476 718301 752737 785857 729914 698828 781409 699616 802502 791079 743493 784242 805171 760456 749713 781939 733121 780545 718170 686870 749649 782466 717632 752411 763492 751828 733528 760282 771493 800712 745767 761131 788636 717869 716462 818427 752328 743783 769524 738658 760076 729970 732142 739209 718005 718739 710123 783019 752705 752153 702960 767286 771448 721873 744710 765904 784182 714686 773826 799289 741865 748653 728783 726297 756482 762647 731835 705198 747019 794340 769065 762896 787968 758891 811018 693686 728995 732769 738977 763715 766410 755053 780546 850111 750485 761330 740019 719016 801954 754052 810724 793880 814401 852627 765555 699505 763500 694773 805387 754164 712582 792134 781805 706112 751619 743099 739855 794397 695137 778844 786133 793178 776992 724821 773900 726265 779771 759688 737271 726539 726517 778311 788077 730226 747701 782330 719391 745945 781726 742755 730105 797198 787165 684108 713296 730442 746198 748563 767706 753728 788588 714931 720263 707964 744993 767598 811689 761325 743882 795300 738707 766873 765618 786660 774514 763097 744042 749280 759139 738824 761853 719942 744681 753622 781557 783002 810526 793561 757747 747844 730083 751571 796680 762918 747631 784671 743284 760422 726469 744537 774543 802242 711919 792494 756580 800665 714879 764752 792526 708574 720807 722620 757821 756386 780582 717286 761103 678893 818791 810634 743567 715031 738796 738893 703760 752188 717937 726693 764386 788616 701426 718172 782435 735884 731643 740467 791829 752238 735770 767315 770256 758750 774033 743376 742504 779487 756660 735996 744835 766974 802901 696181 761590 784032 745015 709118 750146 729372 751903 720871 724979 751390 750775 702940 749087 815025 741197 838396 715239 738835 
670112 725182 713769 717907 684216 670773 734643 686308 710791 650231 669300 691164 721206 678232 644441 662323 707973 706704 718843 663422 640573 691888 694323 706964 653107 685323 717178 696257 711094 664005 667684 682771 670587 732530 730974 737913 702107 721246 685713 701855 657018 711475 712415 651916 704740 683603 715928 662699 697372 678903 703660 667700 727266 718654 695820 684253 733805 660173 743662 703883 694119 740764 734781 688469 724286 759374 686502 687552 665660 642792 695839 698831 680503 695860 719437 692711 652837 694732 693431 735729 701610 698001 717551 642495 674262 711601 711674 707735 721833 665185 713467 670557 649580 685220 667567 721294 685947 697277 676373 728540 636653 672590 724823 653801 723024 696570 716629 651846 716201 735798 674597 679193 661127 655568 712061 699203 688233 644634 712621 707288 700302 694761 700055 744450 761128 684593 691119 680665 655422 658883 697016 723234 704532 719816 670522 738259 684761 675588 726210 698241 743664 717971 732554 784979 693409 644343 704881 658754 724987 703566 660940 739850 699539 676019 702942 697836 648444 719588 644194 701275 731465 743800 706585 671309 713459 663089 687937 679749 700532 705754 658418 689328 720350 672297 692500 710276 699166 660483 703145 651697 672498 717357 738279 634874 655352 672511 700698 703940 673888 699662 726939 663355 673077 715842 704195 721725 747472 733769 686022 712069 653844 674603 700588 710519 684647 711351 682607 712717 705641 691176 704084 677409 678735 706217 715357 726284 762378 717919 704353 700799 716017 701724 712525 683788 695498 732351 707766 682101 671892 670560 718122 747045 680726 719382 691054 777237 665684 659152 690005 626124 676240 661646 695099 713712 706740 685770 672871 645912 678720 716072 681921 660635 726120 681741 679054 662835 677624 688191 709462 728288 655120 651218 699351 659696 686390 692297 744184 724893 678235 707192 699507 675481 708973 690839 682898 714649 682048 662760 633791 707550 745773 658275 686977 729998 714034 666286 710359 697544 710393 667510 635155 706785 677576 642179 690545 733813 662501 738194 651713 668595 
727576 783448 732824 763671 731517 730141 805520 753140 764674 738297 725567 727562 790910 699598 724458 712087 734649 748598 784632 760552 710901 741762 757394 764852 740411 718860 784252 717436 772813 727182 711744 753577 698669 788605 746592 753236 728274 753100 755375 775038 693205 756838 789882 707855 722394 749461 768746 737714 755793 739021 761872 680843 730008 782260 751029 698102 762530 718008 803733 767353 726330 778899 820994 745935 775023 786679 751044 758868 717463 713428 756671 759331 725623 734764 776483 745418 703556 746496 763376 777628 713779 752640 774857 719440 724506 820964 732531 737765 780404 730448 755913 733040 702265 753043 742092 702940 720554 781106 749108 768537 694510 754817 785527 717403 789348 734473 789429 701775 775685 787943 735360 727713 699669 740153 763757 762989 756869 679637 729185 770840 790644 757379 772307 764401 792286 715017 740687 747409 698171 725000 771554 767416 750187 802072 742171 747651 751321 700134 752356 731294 777322 772414 779889 825438 729395 713519 770611 713603 774279 770823 740510 777035 774281 708810 715420 759167 687108 763200 674304 796298 779473 786745 747652 734944 769641 699248 752667 736669 741527 731802 700692 773678 753941 718218 709453 759704 725158 717634 745120 716593 723606 766970 805592 677143 714056 724191 744749 772717 753637 775833 795194 720961 735257 761047 754563 760086 787461 766178 784178 810743 742017 752262 762323 774783 733303 785769 752391 749084 745007 736176 770271 727781 731272 762017 763294 796648 786050 771395 732779 742641 736389 736435 756616 735066 722565 801199 752332 757329 723437 719372 772483 789723 745368 756916 765464 804531 739587 680906 771169 689630 694276 707648 738025 733629 793830 725109 710049 705234 803262 781871 741893 700198 765136 747943 711576 694168 717246 747180 755340 782599 723852 713372 763473 712140 775116 726929 755208 763329 718332 768325 762818 748562 767057 718191 764089 768349 718836 709011 730357 754129 798619 701090 736150 766955 730650 707155 757061 726079 737024 715368 699035 760328 743197 719144 752337 765422 764606 793599 742499 784046 
732599 775827 752561 767800 734135 747667 801799 702692 760500 731525 709584 738837 771078 722430 694077 754833 762513 769893 774462 735569 682731 750945 757753 745436 723076 718170 760245 724091 741034 730082 744138 730862 745503 790214 749760 781547 719926 766630 746766 741851 717424 766797 776819 715516 757758 730899 756353 748205 728388 726417 737501 699028 753877 778136 759319 697148 780450 714332 813553 764410 744628 810984 831354 759923 753195 802084 715374 759318 706424 699126 728209 766908 723765 749384 761370 731986 699078 759020 756668 794405 758603 741593 791431 713595 692719 803589 761375 757787 767540 729209 773180 733362 706118 726312 729124 708300 712594 774847 747929 752043 681008 770184 789777 718419 751226 759019 771180 713499 757359 780210 721670 725397 717301 756411 772133 779902 786941 716891 760927 770917 749121 736335 764087 774212 810858 708411 725395 748827 719735 732727 757104 776146 749618 783777 726072 768194 740720 743318 797464 769821 793065 791970 778590 846119 760836 703329 740170 713396 774212 745867 705191 791845 795222 702031 766458 774248 721326 783376 732095 776758 809237 783401 763119 716869 769305 742907 738271 772672 729304 749597 702940 772706 746463 704259 750228 763201 703736 712374 764988 746138 735128 780163 790635 662460 723790 733163 779064 747100 745197 766223 797668 716757 739265 752442 771006 760374 773656 762827 763122 809155 762271 741713 776482 764548 737404 756918 741295 769392 761905 742119 744667 738146 728745 760565 749734 770342 797091 763605 741594 769437 752914 759092 762073 749036 735107 782072 768285 749176 753276 734127 754835 782768 725069 807564 744668 820258 717041 699533 773508 685811 684141 731000 744355 759256 781653 744049 733426 661159 759654 808608 750585 716197 752640 734018 705156 711878 742743 754758 741263 797145 714011 698784 749090 722072 793504 761462 791441 747069 720007 768087 785934 764064 814442 755412 760578 790844 751110 713756 728749 786680 802996 706723 738573 795607 732310 718259 750883 721105 762212 728720 714722 738802 750502 733386 696787 807383 707463 791180 739511 723365 
