500 500
66 46 32 84 49 26 76 90 28 56 63 25 0 10 0 90 58 86 22 65 25 64 90 40 31 54 81 2 87 23 33 75 30 80 87 38 90 85 2 4 71 20 88 48 93 61 78 90 38 20 82 85 94 10 54 94 91 99 50 88 89 25 28 83 54 72 82 81 41 25 27 4 9 39 29 85 74 16 4 70 33 34 79 79 4 54 84 32 16 45 1 56 52 21 62 100 100 83 71 5 39 15 75 56 34 54 71 35 5 12 93 51 9 91 13 22 2 10 5 68 26 43 66 17 96 76 40 3 88 73 77 27 11 7 93 26 1 29 1 97 48 31 83 22 14 25 32 92 24 68 57 67 81 95 37 30 98 100 92 42 20 69 58 20 77 10 35 9 23 16 43 18 41 5 69 54 53 9 89 30 3 34 45 72 29 6 31 66 9 12 87 55 28 59 38 4 12 46 33 62 84 47 53 32 68 41 86 83 67 43 42 58 87 81 70 4 9 71 98 0 2 42 87 12 31 90 33 51 24 20 19 12 63 5 74 98 89 71 42 87 61 25 100 15 71 99 62 66 72 55 9 21 70 47 56 28 73 5 92 33 71 29 27 29 83 21 95 21 26 89 15 43 31 79 20 52 2 89 44 32 20 40 7 83 58 44 92 82 44 3 16 24 64 44 3 49 93 58 47 84 68 10 4 46 86 89 68 30 40 98 56 7 96 83 5 77 22 35 69 62 43 10 68 7 70 82 44 1 22 58 89 11 35 56 38 25 59 80 68 73 83 62 99 47 99 38 1 71 86 30 17 84 70 70 16 88 50 91 51 22 75 86 41 91 92 93 46 22 28 38 25 55 97 14 51 41 80 84 24 76 54 2 94 76 64 70 67 48 3 44 87 45 39 41 79 47 0 41 50 80 62 15 66 15 67 14 75 76 69 28 53 34 19 83 20 14 42 17 35 19 78 95 0 2 90 4 12 70 25 20 2 56 75 90 89 95 27 85 28 40 95 71 91 22 14 20 16 38 52 38 12 97 71 71 63 51 20 1 67 61 11 22 45 68 28 70 33 79 27 24 3 21 1 71 7 15 73 65 76 61 81 34 51 56 98 44 40 97 70 55 89 71 50 40 47 5 61 95 83 11 
60 45 12 34 26 32 84 7 30 88 49 0 22 17 5 50 41 14 2 22 53 62 90 7 32 35 43 71 82 33 12 29 41 8 55 56 43 99 84 49 51 17 26 5 85 33 51 3 96 38 100 77 11 15 77 49 33 8 37 45 60 84 39 14 64 21 46 65 61 59 64 30 31 13 43 93 69 41 93 56 64 14 17 68 100 65 34 73 80 36 95 40 70 35 39 46 22 89 79 24 70 36 71 28 0 31 43 96 27 55 56 84 85 13 85 81 65 42 64 13 86 40 80 77 93 26 25 59 28 61 14 28 89 43 62 36 85 38 89 61 17 17 88 18 100 63 54 46 63 73 16 46 27 12 91 70 23 31 88 48 57 11 9 39 40 53 54 28 16 83 19 73 81 80 90 53 95 17 7 22 39 55 81 35 36 8 33 42 58 52 30 21 66 42 21 37 53 93 84 12 25 84 16 78 35 10 91 5 98 95 55 25 26 52 1 77 67 3 18 79 32 84 79 19 32 41 71 43 96 35 55 99 9 12 81 61 80 51 43 65 61 79 25 52 51 15 66 91 82 2 48 56 29 94 31 57 99 80 73 11 52 40 72 19 46 52 29 20 71 4 91 72 91 13 67 86 85 10 91 27 7 42 51 13 10 85 44 74 91 52 22 47 55 0 41 26 58 74 24 47 71 15 63 3 57 77 19 1 69 59 68 78 60 53 71 31 85 97 12 97 92 78 18 92 34 29 70 8 19 81 68 33 29 89 20 87 93 94 78 22 38 91 92 53 5 53 49 64 80 1 49 21 39 25 5 85 31 3 42 97 95 100 40 63 91 66 68 13 46 62 40 98 45 59 97 90 32 33 63 30 70 76 18 55 71 11 52 30 90 30 28 78 87 88 45 8 9 26 82 62 14 98 86 32 73 76 11 8 27 39 9 59 52 61 89 11 88 94 91 95 58 41 15 58 13 14 5 25 62 15 92 39 66 31 36 27 73 85 4 96 84 71 30 42 33 26 67 86 80 69 34 32 20 44 27 32 16 78 100 93 5 27 85 43 98 86 78 28 11 95 6 62 62 22 97 69 34 67 68 33 64 34 33 10 29 16 16 91 93 45 51 77 96 60 9 18 72 33 12 46 
64 70 37 11 62 48 86 16 68 30 34 34 6 19 33 37 76 8 22 25 36 24 83 22 35 9 94 57 2 42 43 9 19 96 68 53 40 93 96 69 86 88 29 55 30 18 11 28 75 38 45 87 15 33 53 98 72 65 67 64 96 70 40 85 30 74 74 19 54 45 35 28 7 88 39 20 83 75 71 32 2 28 44 61 99 13 90 87 15 17 78 33 44 67 8 32 56 63 97 26 69 63 43 21 46 48 9 24 63 45 21 60 79 2 57 41 56 26 71 59 97 14 41 17 45 79 66 56 81 50 95 56 31 66 79 37 72 59 52 48 67 4 1 87 37 22 80 65 66 49 26 50 99 76 61 92 31 83 19 56 48 64 65 67 12 16 30 66 90 67 71 59 67 21 53 64 30 58 15 96 99 5 25 67 69 33 33 86 87 81 60 95 29 88 57 52 66 34 30 7 92 32 16 24 20 89 38 88 52 9 33 49 89 33 13 0 44 45 43 53 69 77 46 16 98 76 97 22 88 46 21 29 51 90 63 26 8 89 48 4 43 23 6 12 69 69 91 12 63 24 15 38 9 73 17 25 24 54 88 62 88 93 65 49 38 30 82 49 91 50 28 15 69 16 36 50 3 46 47 40 18 34 93 33 96 59 67 60 39 8 39 1 62 92 62 0 30 42 83 7 100 87 11 69 65 24 62 76 63 27 59 14 67 95 25 16 54 77 60 70 81 51 5 69 90 27 21 15 38 63 50 79 100 28 4 48 55 37 78 87 37 75 62 48 57 16 19 81 33 81 48 3 19 81 17 54 85 54 68 83 46 74 11 95 75 93 1 6 1 29 80 39 7 23 9 52 2 14 40 14 10 88 76 43 89 92 28 13 86 9 29 93 32 0 38 33 37 82 61 2 79 78 22 95 31 39 44 21 8 57 80 78 0 36 54 57 9 91 99 16 81 80 36 35 35 39 95 64 66 5 90 75 56 44 5 95 97 80 0 15 32 43 10 98 69 3 94 84 82 93 51 31 17 28 56 42 47 30 35 72 13 33 56 79 41 79 75 88 32 78 19 67 7 70 90 77 95 50 62 0 79 64 38 97 27 0 62 73 69 71 82 59 25 33 17 25 38 85 56 7 
0 42 56 72 12 15 42 16 53 32 56 77 1 71 67 57 62 96 46 56 72 11 3 58 65 64 67 62 95 41 65 99 18 67 0 84 80 24 27 36 59 50 87 50 68 28 79 34 7 17 15 33 10 56 46 3 31 43 40 8 25 77 52 37 2 26 7 62 66 84 47 97 67 29 81 55 81 2 60 85 86 55 67 85 62 88 92 66 86 61 38 1 35 20 1 16 67 41 72 56 63 2 84 6 56 3 84 17 18 16 4 36 60 30 47 37 45 48 100 17 91 61 33 29 80 53 23 53 96 91 28 74 11 2 15 90 83 13 4 29 31 29 52 69 8 65 44 63 83 41 44 91 61 85 84 80 36 9 16 12 89 49 73 65 70 6 20 52 89 16 30 95 86 30 12 65 2 11 16 2 3 79 96 79 82 26 42 90 47 35 14 7 39 65 48 99 62 53 56 54 80 72 33 49 19 49 94 3 70 29 14 86 93 8 39 76 57 39 5 57 21 90 32 77 50 62 37 31 43 70 64 75 17 46 68 47 44 41 64 18 22 2 38 12 11 59 5 55 81 33 26 89 27 11 46 42 10 78 49 41 77 33 79 79 87 82 86 58 18 77 97 56 70 95 25 29 98 15 27 16 89 67 99 26 70 76 23 50 12 7 73 21 68 14 38 66 58 70 33 29 31 2 46 33 58 82 45 90 68 18 58 21 30 77 56 22 23 18 43 80 20 54 16 97 31 47 89 45 35 51 27 61 100 10 55 43 55 29 100 59 100 49 93 86 91 76 20 41 52 51 35 0 80 0 30 3 65 38 51 97 65 75 30 4 55 62 94 6 19 42 47 29 58 69 99 69 40 7 19 89 10 61 47 55 70 39 48 76 49 26 99 82 85 34 98 81 14 59 73 99 62 49 61 15 50 20 8 91 1 78 1 13 66 28 55 12 88 71 81 56 13 81 50 34 29 28 74 58 100 60 4 40 37 58 31 13 77 7 65 15 73 3 8 1 49 56 54 3 60 57 14 14 41 48 32 87 34 93 55 23 5 70 63 99 97 44 30 23 94 51 75 42 70 96 84 18 86 44 29 46 0 80 20 25 5 12 53 7 36 3 25 52 11 20 1 28 1 5 86 13 
23 60 39 28 47 45 17 55 88 74 98 67 26 33 30 50 37 76 84 77 40 3 54 61 64 95 59 45 19 32 47 1 29 5 90 83 87 89 21 76 15 88 100 31 67 87 37 55 77 84 46 68 42 20 62 45 9 82 10 13 100 56 7 54 54 98 5 24 92 43 29 35 52 35 33 81 96 90 75 72 94 59 53 16 2 82 95 81 18 46 19 92 94 44 11 38 12 20 28 92 95 1 57 27 6 80 70 13 89 55 9 97 5 86 81 73 94 3 46 100 59 7 44 48 54 82 22 73 49 30 15 81 54 15 35 14 21 46 42 16 41 20 98 97 65 20 60 88 20 23 9 91 92 31 59 47 84 16 77 69 46 96 85 53 46 95 12 97 50 2 24 77 33 88 19 21 55 2 46 49 85 15 37 43 7 31 85 29 23 18 16 66 63 63 94 89 87 90 28 50 53 71 41 75 28 81 69 71 90 85 68 2 21 63 30 8 8 71 82 80 61 45 29 94 72 15 0 14 13 54 70 99 3 23 5 34 38 53 23 1 46 27 18 56 26 65 52 48 36 31 82 93 86 19 31 29 95 76 53 58 47 12 6 13 56 11 99 31 24 69 14 62 34 13 71 47 71 79 30 34 52 35 52 92 62 36 76 82 56 58 58 32 43 76 12 61 61 55 99 11 9 86 28 61 2 31 52 11 99 71 76 48 93 29 28 53 49 74 22 25 16 55 52 86 79 37 75 32 99 8 7 19 16 46 71 31 42 45 89 0 10 22 72 31 3 92 93 64 77 23 78 66 16 46 51 61 95 9 65 49 41 76 45 45 83 82 71 31 83 37 98 6 45 41 18 2 31 29 20 51 39 4 72 67 62 82 1 28 76 59 71 93 83 30 98 11 93 47 63 61 82 50 28 9 92 21 76 92 7 58 24 66 15 19 23 60 55 74 68 28 92 4 88 2 4 25 9 28 37 99 15 26 5 6 69 53 96 41 30 63 0 88 96 21 39 59 42 15 80 37 26 6 9 69 99 52 32 9 1 5 3 80 90 16 67 12 49 11 87 53 32 52 65 91 71 38 9 21 67 47 4 94 7 63 56 63 93 30 36 35 67 40 41 72 14 77 12 84 4 5 
83 87 25 78 78 64 84 69 51 20 99 55 84 94 70 34 1 93 44 21 54 75 69 100 61 20 42 20 19 44 83 96 35 60 4 56 78 98 43 56 62 92 32 82 78 93 30 95 38 61 7 77 21 50 78 16 18 43 29 72 90 86 47 75 74 15 59 1 67 1 91 0 49 7 82 36 76 97 50 63 11 97 16 65 91 78 24 56 58 87 80 24 60 85 28 50 86 0 93 38 91 52 58 52 13 97 67 5 45 49 73 38 2 63 0 51 58 96 45 51 24 59 82 2 30 60 72 10 29 91 88 12 58 10 64 100 0 68 78 14 75 91 17 26 70 0 35 77 10 77 68 16 80 21 46 96 62 22 62 26 74 12 32 63 57 85 30 100 89 59 0 33 0 63 38 85 39 67 54 89 100 37 36 95 20 74 93 58 0 81 98 25 66 27 94 65 64 36 54 79 71 83 98 9 55 45 27 91 45 90 37 94 46 55 41 68 18 100 84 100 29 36 67 15 74 99 47 55 86 72 98 82 75 15 47 72 63 27 39 73 27 13 46 19 57 28 56 16 91 57 91 78 62 25 21 15 82 4 85 73 47 98 67 50 86 20 56 76 27 38 27 89 23 42 84 61 50 46 26 81 4 52 10 84 8 73 97 18 60 54 5 33 26 95 8 3 62 65 35 32 70 38 30 100 87 93 46 35 46 54 90 0 7 27 89 4 50 11 66 23 75 73 74 54 92 33 64 86 73 23 78 87 17 22 49 78 16 30 68 61 92 36 99 5 65 61 7 37 80 72 76 28 73 38 61 40 53 99 51 50 84 82 65 52 100 51 69 29 30 79 58 84 57 47 60 53 63 41 64 60 100 42 99 14 21 73 96 39 47 17 16 50 73 76 44 72 23 18 48 46 11 96 17 37 91 17 80 90 74 13 3 82 12 89 0 8 30 34 57 77 32 71 76 47 89 7 2 22 31 50 25 19 29 89 42 45 96 15 78 2 98 29 38 86 97 55 53 65 55 47 12 59 46 88 88 4 16 83 52 51 74 23 51 31 36 11 10 84 3 57 76 73 58 12 72 56 16 95 8 23 93 5 44 95 83 89 10 23 35 100 36 37 7 24 80 12 41 63 74 12 
39 0 93 22 61 23 84 85 34 36 26 80 66 52 75 45 4 77 79 72 15 37 74 21 27 99 11 20 71 80 48 69 91 17 60 43 49 41 36 2 47 78 11 40 76 2 70 54 13 11 56 65 33 80 22 45 22 19 62 44 34 60 7 18 26 48 49 5 43 74 75 30 7 31 87 64 11 38 93 33 19 15 11 17 33 76 62 33 59 66 40 76 48 82 32 3 92 85 38 74 85 89 85 13 64 45 65 40 14 72 9 0 17 40 12 86 23 9 8 80 88 97 20 69 97 70 60 36 5 32 66 83 60 56 33 20 44 1 66 32 30 33 51 14 33 88 68 32 98 100 8 85 56 23 89 44 80 78 59 29 82 77 24 89 83 45 21 81 44 32 23 97 27 40 31 11 25 19 76 27 59 54 86 56 37 63 43 81 76 25 70 24 1 67 14 80 29 4 63 91 2 12 55 83 84 60 36 99 6 79 16 52 50 21 38 97 40 18 33 68 37 21 3 52 48 23 60 1 83 91 71 40 26 23 22 75 63 48 16 61 51 74 99 95 32 14 51 94 41 62 40 44 12 56 85 86 4 1 9 100 10 60 94 71 53 18 87 79 49 24 30 62 35 100 69 17 10 62 63 97 53 6 48 55 75 9 36 90 78 68 43 84 37 55 98 75 37 59 41 28 62 1 21 6 30 81 30 41 42 78 58 87 79 68 59 38 80 28 88 11 31 66 48 63 91 52 64 19 10 50 54 80 24 55 85 78 84 61 91 57 29 21 49 1 42 42 8 99 13 27 36 13 81 37 43 78 99 72 90 48 12 56 77 72 88 68 56 96 76 21 68 88 35 76 81 30 47 26 15 64 92 80 99 92 45 20 10 67 27 57 85 77 7 33 9 4 34 91 93 21 41 79 62 90 60 25 69 99 30 17 85 36 31 40 27 94 63 83 53 2 13 57 78 97 58 22 39 10 38 88 3 25 30 77 29 74 84 32 14 31 28 37 99 26 45 71 46 40 26 37 36 40 14 77 10 70 71 55 22 71 39 68 100 1 28 48 56 3 59 67 49 59 51 59 64 13 11 30 26 31 25 21 27 38 88 2 32 9 53 45 66 30 16 4 82 0 35 49 47 71 
49 73 52 57 2 55 96 33 38 31 18 23 72 39 21 74 60 43 1 95 62 71 73 24 92 39 66 98 20 6 45 94 98 95 47 2 0 70 40 22 10 14 33 22 89 59 51 49 75 74 47 100 63 0 9 97 80 23 18 51 25 43 70 95 75 41 76 99 30 67 72 53 12 40 10 21 56 62 36 96 89 91 75 44 55 75 50 89 63 39 65 33 24 5 14 63 42 63 54 97 78 54 95 93 57 1 62 6 46 75 68 23 15 66 33 34 20 92 99 5 52 26 89 28 67 74 79 23 4 11 13 51 16 41 38 72 49 65 97 18 52 85 14 51 94 13 75 26 72 23 49 76 100 40 61 96 72 73 80 4 61 27 99 1 32 5 52 94 82 77 22 60 71 50 41 97 69 18 86 73 22 18 89 65 83 29 90 42 63 3 24 38 2 10 7 60 38 14 98 21 22 15 38 12 30 93 77 68 52 3 80 64 50 63 12 13 98 16 63 69 88 18 57 98 78 62 67 54 20 0 55 89 89 46 39 59 97 26 6 89 37 95 63 1 37 7 95 65 76 37 71 61 51 42 14 55 71 13 90 89 70 91 73 31 96 90 22 23 87 3 84 81 41 85 67 12 97 60 37 40 72 14 42 95 34 80 18 35 54 87 71 35 85 1 89 10 79 72 15 12 33 36 44 2 69 77 29 71 65 67 23 95 52 49 85 40 78 21 89 67 4 70 11 46 53 51 74 90 22 43 98 9 94 1 84 61 73 89 18 45 81 86 39 12 6 44 37 71 84 81 56 3 6 47 47 17 11 77 16 86 35 53 32 94 42 98 22 47 4 24 71 3 71 24 91 90 87 59 25 34 53 7 34 83 6 19 41 36 9 49 98 3 68 56 54 37 96 78 57 62 11 71 37 93 26 46 48 45 81 45 37 77 28 28 51 59 20 52 52 92 29 1 51 63 37 1 43 83 56 63 1 83 66 66 55 39 6 83 1 9 90 62 69 47 44 83 64 42 77 31 44 14 30 81 38 47 77 8 30 75 66 74 24 27 61 1 52 11 87 23 39 78 30 36 71 96 77 78 9 47 84 36 71 58 12 76 64 97 34 3 70 100 84 62 65 45 68 85 65 0 
36 81 13 1 17 57 30 4 11 90 75 60 77 78 74 33 17 63 15 36 40 92 75 6 44 64 28 55 66 8 43 88 23 63 57 52 37 59 50 66 100 39 76 68 93 12 49 81 70 21 19 40 34 80 91 34 95 68 29 75 41 87 81 88 60 52 46 23 40 52 69 10 77 24 39 36 40 85 43 99 8 62 49 65 49 94 31 98 68 81 14 56 87 94 24 14 49 31 11 19 81 69 27 12 49 54 1 3 44 27 99 6 30 86 61 60 16 46 51 79 73 71 96 29 4 38 39 38 4 94 90 39 1 100 23 70 38 92 28 59 67 50 23 94 18 68 26 80 72 8 44 39 24 35 29 25 33 85 1 80 78 14 72 82 42 98 69 40 21 8 77 93 60 83 85 12 65 75 73 56 48 7 24 87 35 20 96 94 91 18 80 97 30 81 40 70 61 6 65 82 97 80 77 67 20 67 8 69 23 73 22 3 40 45 84 55 97 72 85 72 43 18 90 96 45 32 73 32 84 67 90 43 40 57 23 99 23 5 99 7 95 82 19 97 77 71 43 96 8 28 9 4 44 91 38 18 54 7 35 68 9 73 84 46 23 50 79 14 92 1 76 77 37 60 92 33 74 100 37 24 83 34 16 48 38 88 5 95 16 56 18 51 48 98 66 10 38 0 76 6 61 80 91 16 81 20 46 15 60 15 88 32 88 46 15 44 100 74 88 70 41 72 36 52 7 73 1 42 59 27 93 94 86 86 16 97 12 54 66 57 69 22 89 87 49 98 45 84 13 53 70 73 91 5 43 13 6 83 24 69 69 62 30 58 17 38 98 82 75 91 99 49 84 68 29 78 27 92 55 44 62 67 53 65 47 77 20 20 36 78 35 64 39 53 44 89 66 89 59 47 54 53 4 34 87 56 75 62 85 72 39 30 79 18 72 71 7 6 96 66 19 34 23 50 43 99 66 4 33 87 76 53 14 85 67 65 38 82 85 64 84 91 55 29 83 93 5 67 11 14 6 9 46 20 75 20 61 90 61 39 78 69 67 36 82 68 83 60 0 83 77 9 37 69 10 3 25 52 87 29 81 59 87 20 27 5 88 93 59 58 46 87 81 95 18 54 99 19 75 83 
52 80 53 67 38 35 19 65 57 68 23 53 41 10 29 45 97 24 71 28 60 53 5 7 18 26 36 68 21 30 45 46 71 61 40 94 85 92 81 84 43 27 76 40 18 65 39 4 32 24 15 32 32 19 59 17 53 78 64 5 20 81 17 11 16 59 50 76 2 75 28 70 28 0 21 38 68 22 38 89 10 61 63 83 17 13 32 64 16 38 77 33 57 32 42 93 61 57 74 36 79 24 48 88 18 12 94 19 75 59 35 60 20 25 19 65 10 13 35 77 51 73 75 13 35 96 58 0 56 23 78 48 38 92 39 78 82 75 10 69 80 85 65 48 49 80 90 99 32 61 29 15 13 20 35 100 95 19 46 7 7 31 54 24 15 3 55 70 79 90 30 49 41 11 4 87 49 9 18 66 10 51 13 93 5 72 32 60 20 90 77 82 83 68 45 44 12 26 19 23 79 47 46 29 66 20 85 80 80 56 95 27 12 95 18 76 19 15 14 51 90 19 93 92 29 9 29 32 16 31 97 32 28 6 52 62 67 73 1 33 67 9 37 81 88 46 41 59 70 4 54 5 32 58 65 11 67 16 1 72 72 63 60 73 25 74 100 58 39 72 46 28 64 81 24 65 94 65 22 77 69 77 24 21 95 12 36 51 59 15 71 78 13 57 23 44 88 57 35 77 85 65 7 84 32 88 27 71 81 0 91 21 37 69 3 35 36 31 12 70 100 95 57 61 1 53 100 24 69 76 24 99 62 60 30 38 81 62 12 61 42 25 4 67 57 11 94 67 58 40 26 5 42 35 96 46 13 21 68 51 94 1 7 64 79 19 80 20 89 57 7 45 51 95 76 66 27 85 35 12 55 96 71 11 57 94 43 69 75 34 24 77 79 67 23 32 12 45 28 5 22 12 2 75 59 0 8 60 79 87 13 51 5 10 29 78 81 71 8 98 71 70 44 95 82 36 21 25 67 55 97 67 79 48 56 21 55 39 56 9 97 15 54 96 72 66 15 82 96 85 82 84 24 51 4 3 17 85 55 35 0 59 17 99 88 67 68 68 27 97 76 49 24 10 75 33 98 67 59 56 20 15 58 31 63 91 91 7 63 27 16 96 70 33 48 76 59 77 65 57 
98 26 23 66 54 80 93 29 88 72 53 36 13 83 73 3 19 13 82 42 75 61 66 43 88 45 8 19 13 3 87 71 29 7 79 9 60 34 21 96 16 44 48 50 86 15 21 90 33 69 81 43 92 24 59 80 15 35 32 45 91 95 76 25 68 40 43 64 44 14 10 85 46 57 29 51 30 18 14 37 60 63 44 2 61 71 17 66 38 26 84 24 45 5 38 99 29 66 58 77 32 46 83 74 77 77 33 52 52 15 1 11 77 72 12 65 21 94 41 68 7 82 26 11 50 85 96 84 29 92 40 76 33 42 60 2 13 77 59 4 89 21 94 76 68 85 96 6 73 53 31 64 83 96 68 57 78 17 16 28 76 3 41 77 25 87 75 62 41 57 75 86 43 79 32 36 3 6 14 54 83 13 71 88 13 32 62 90 43 94 31 20 20 7 2 20 49 25 57 88 15 83 42 70 33 28 5 43 3 24 3 92 48 70 49 100 77 4 38 49 1 55 38 93 78 45 9 8 71 87 91 46 29 67 48 45 49 67 66 21 73 3 77 17 17 34 52 99 62 51 20 76 91 1 18 97 54 34 82 0 38 10 97 67 7 71 13 58 62 13 28 25 56 47 82 8 34 30 15 26 46 92 11 85 69 82 27 40 96 99 96 94 60 84 89 94 55 89 38 31 9 1 86 98 78 31 47 31 38 21 29 88 41 59 92 63 48 12 37 54 83 20 7 10 3 56 73 61 51 63 53 92 11 12 75 7 59 80 1 55 39 38 95 84 12 53 45 71 39 34 44 34 29 88 84 8 89 81 2 75 60 68 88 2 97 2 3 26 76 73 26 35 48 94 90 73 90 57 25 37 38 96 61 10 79 41 35 69 0 100 73 36 19 16 10 69 95 56 56 11 70 27 86 12 68 11 60 65 22 69 25 44 12 12 30 62 67 39 86 54 7 100 36 48 49 47 4 0 35 86 15 68 69 86 16 45 82 41 13 85 60 82 52 81 81 51 86 77 5 81 88 72 93 49 27 83 7 5 65 39 31 19 55 62 5 42 30 18 61 75 87 97 27 87 45 40 74 74 3 5 14 82 20 47 35 51 55 60 49 85 53 54 44 8 25 47 38 49 100 91 
79 25 38 44 96 60 23 68 64 41 61 64 35 56 73 58 30 6 73 61 98 40 55 71 28 70 44 36 4 79 46 54 93 3 0 50 42 18 11 80 32 72 20 69 7 81 13 54 22 70 97 59 89 65 54 36 42 29 81 1 7 80 65 48 22 49 9 71 29 63 0 74 40 44 93 22 17 0 31 95 20 61 92 4 71 59 10 16 87 95 8 65 52 97 58 1 27 85 44 62 16 90 97 22 75 63 8 96 4 65 12 19 33 73 94 79 76 16 43 70 76 28 74 71 63 24 96 91 49 55 87 72 29 39 52 70 84 9 27 85 34 56 7 93 67 79 78 51 6 85 72 54 47 81 49 80 59 11 25 99 69 6 75 10 88 56 69 60 36 46 76 79 31 20 13 89 9 83 51 83 5 13 39 79 96 60 68 44 76 73 13 73 36 31 6 26 100 72 77 94 65 62 60 59 22 31 40 5 57 62 36 76 78 22 47 33 56 1 20 14 93 71 7 13 99 30 50 9 60 62 40 76 57 20 13 53 8 56 59 20 39 73 2 79 20 44 23 87 92 90 80 55 84 47 32 27 93 38 31 46 2 9 86 94 98 83 48 10 73 76 79 15 43 44 60 39 88 88 6 48 49 28 65 17 24 85 100 21 96 83 28 5 53 29 50 3 23 52 77 94 37 46 77 32 66 46 79 22 59 91 6 15 82 1 8 24 76 95 43 99 82 47 46 8 51 61 36 62 8 38 10 29 27 35 2 0 56 22 94 100 44 38 54 30 53 37 13 81 86 29 12 0 17 51 90 54 47 22 35 53 49 7 55 65 61 64 34 7 32 11 36 64 13 68 47 75 21 90 49 80 90 0 89 26 27 48 27 91 6 89 10 38 43 70 48 19 0 67 60 70 14 96 89 57 64 86 94 24 69 50 71 11 79 60 65 35 47 2 66 53 9 50 62 89 86 29 26 23 84 55 12 20 89 5 51 78 13 12 88 45 63 28 93 50 5 48 55 22 61 62 44 43 14 98 22 81 25 65 31 75 12 20 34 20 94 99 99 88 66 51 73 34 24 87 100 25 88 26 24 79 7 89 21 96 45 22 8 20 52 22 76 38 8 46 71 98 79 19 42 65 
89 75 20 57 8 57 72 57 91 73 44 60 84 75 87 70 71 39 22 36 77 21 39 47 84 23 13 22 58 52 64 41 69 83 94 90 3 11 95 68 65 17 32 9 2 12 20 66 70 49 86 46 6 57 5 81 80 2 41 73 52 2 71 47 88 71 33 39 86 96 80 24 43 58 1 2 75 10 35 48 89 22 6 44 54 86 73 8 74 39 33 52 34 77 25 56 68 91 66 44 7 55 85 65 45 44 21 89 100 23 64 84 89 80 44 98 9 99 78 97 7 59 21 84 46 82 94 9 39 12 42 78 19 21 26 70 12 86 14 12 40 4 63 36 33 87 100 42 81 37 98 73 0 98 59 47 93 20 69 18 5 43 97 60 67 38 4 96 12 75 77 17 69 0 80 79 15 17 66 2 3 59 93 49 40 64 43 48 11 6 47 30 72 42 61 73 18 47 52 67 72 0 52 19 92 23 84 51 85 30 100 96 59 3 46 70 27 12 39 40 69 1 3 46 39 82 91 21 81 53 80 97 90 53 65 5 22 42 54 85 53 91 63 72 52 64 58 99 100 53 74 66 25 17 73 60 45 54 84 5 55 21 99 74 54 30 86 15 6 48 76 16 75 26 21 93 90 47 54 67 21 10 73 69 76 99 80 15 13 22 7 14 59 27 76 8 65 91 41 99 57 93 66 82 74 23 14 29 92 13 57 17 77 68 4 37 68 6 20 94 20 22 25 97 23 25 94 75 85 55 77 62 6 86 60 41 99 4 9 33 8 86 100 80 39 17 11 71 24 16 44 12 31 0 86 19 34 29 5 84 66 46 64 69 59 91 1 42 20 91 99 50 88 30 43 44 52 41 58 62 0 62 8 57 83 52 8 31 70 51 94 94 11 13 13 20 46 41 10 92 17 70 50 12 54 90 87 9 71 55 14 76 86 30 0 39 11 55 56 2 18 33 25 50 70 40 25 78 38 62 77 12 2 77 19 33 60 58 49 83 68 82 17 21 29 68 56 47 45 86 5 45 84 98 74 34 93 15 69 54 26 53 14 92 8 63 5 98 78 99 75 98 66 97 47 6 92 4 64 99 56 75 0 23 72 43 20 60 8 23 37 90 73 92 60 49 57 25 70 47 
43 40 43 62 45 55 49 71 28 23 49 70 54 1 0 77 31 29 3 52 25 38 40 1 59 63 80 26 69 25 12 81 25 49 20 34 79 38 74 20 67 39 10 71 8 73 59 12 1 59 37 60 51 5 43 29 75 36 88 27 90 63 10 100 45 35 20 40 33 68 53 29 38 90 3 95 51 50 99 75 38 28 11 47 50 43 12 39 19 64 36 36 24 87 81 45 46 64 96 52 44 78 24 58 80 58 11 0 8 88 20 27 0 74 87 75 89 84 4 47 85 100 52 81 96 90 11 11 23 93 26 72 33 0 75 8 23 74 4 87 1 29 36 19 32 84 76 49 37 93 94 11 12 1 63 89 82 76 73 33 98 82 95 68 61 46 18 72 56 7 38 72 38 96 51 23 76 75 66 96 98 50 99 49 53 34 94 52 22 13 15 31 36 47 22 98 35 24 45 6 69 27 3 4 97 15 45 34 66 27 14 27 66 24 70 47 98 42 97 61 48 23 95 24 88 72 59 39 9 86 28 3 73 31 18 6 81 96 23 88 100 56 66 52 69 86 26 31 60 20 5 73 50 76 19 20 58 95 49 40 5 39 45 93 65 18 44 21 99 11 62 17 68 59 54 90 53 74 92 10 60 100 71 38 99 12 24 8 4 64 38 28 58 53 91 13 22 31 100 66 31 46 24 48 89 77 73 11 17 5 21 72 55 71 66 67 78 51 45 87 85 57 88 69 97 74 47 64 61 46 60 32 23 15 2 72 90 55 9 90 52 1 70 43 23 83 36 30 0 38 57 92 0 9 23 29 14 2 98 93 33 67 39 4 48 39 69 70 50 54 98 50 49 42 6 42 52 13 6 48 85 92 75 8 50 79 75 40 28 14 16 72 88 33 43 58 93 20 54 67 58 86 85 55 62 32 70 64 39 57 50 29 10 34 70 68 21 99 44 9 59 79 47 2 93 89 15 6 16 94 17 70 32 34 99 44 10 23 17 76 2 64 42 52 71 11 48 78 29 63 34 45 60 17 57 15 89 60 28 83 62 29 3 35 47 72 35 4 37 84 10 81 77 16 89 16 67 50 6 70 9 1 17 98 60 75 44 10 45 87 26 36 34 16 80 91 60 99 50 31 
83 64 29 36 46 21 79 72 8 100 7 89 95 65 41 56 52 75 58 15 70 38 58 78 70 33 70 33 0 66 4 2 45 6 35 95 24 78 36 45 46 26 54 33 18 51 31 85 51 0 70 52 55 84 8 7 79 85 0 9 59 27 32 29 17 77 86 44 50 67 19 52 85 85 61 77 24 80 75 94 72 50 42 58 4 63 80 65 79 94 15 92 67 70 96 85 39 96 63 71 37 93 46 30 7 85 54 40 12 0 71 47 31 26 47 50 93 93 40 14 28 46 90 35 5 6 51 18 59 1 43 12 63 85 54 33 29 71 37 11 20 50 61 85 9 39 38 32 99 92 36 83 97 89 15 62 1 30 72 55 71 30 91 51 12 67 38 80 21 97 73 26 19 30 39 59 48 16 56 11 28 7 59 71 57 57 21 19 33 70 41 68 14 69 59 26 96 71 99 43 78 23 74 100 54 58 83 24 84 87 95 57 70 43 54 70 6 56 47 7 53 51 15 17 21 91 99 0 93 78 42 12 41 73 20 42 84 10 40 1 45 22 81 11 61 7 73 4 62 61 0 20 82 63 78 57 69 53 39 24 36 79 20 34 23 49 26 85 76 69 55 39 93 37 83 3 49 58 25 69 54 35 87 34 55 23 4 94 69 56 86 39 17 7 40 37 15 75 20 12 27 15 77 66 44 71 63 32 89 68 17 55 20 80 10 32 72 35 87 81 20 5 16 64 59 18 43 2 11 65 56 73 14 67 56 98 16 100 19 69 70 9 91 8 52 75 59 9 1 8 35 21 92 28 58 90 45 36 41 97 0 10 73 72 29 46 57 90 14 9 34 95 21 27 74 33 57 14 22 11 40 28 70 98 24 54 83 65 88 61 26 59 58 36 72 48 6 65 26 94 77 9 9 61 33 50 20 70 16 59 17 14 21 26 44 11 54 41 41 86 59 72 55 59 54 51 66 97 1 18 24 42 80 43 68 63 94 75 70 32 10 74 71 16 64 26 42 3 91 53 71 55 39 28 51 0 33 48 25 96 25 92 87 22 7 3 65 37 85 63 20 82 94 68 64 17 72 89 71 72 99 51 2 77 56 97 0 64 22 9 48 75 64 30 42 33 9 42 76 73 
43 70 9 52 61 12 75 15 31 40 94 85 42 99 6 15 3 10 38 32 91 99 23 78 57 67 70 24 27 34 78 45 49 22 91 22 9 73 99 11 87 79 97 83 47 5 79 84 7 76 81 67 5 0 89 48 29 95 85 26 23 42 44 63 87 59 76 79 40 79 9 31 88 92 46 21 20 49 7 73 89 54 94 87 100 10 77 50 54 94 34 99 19 99 48 95 26 31 20 14 17 23 54 1 37 67 5 24 78 84 42 71 59 32 59 80 58 38 29 52 49 79 62 17 90 98 43 56 92 3 75 21 72 34 23 59 2 83 30 10 30 83 90 42 95 95 95 93 1 10 63 33 31 50 38 31 69 17 46 44 28 14 9 59 43 59 24 96 98 44 30 46 31 87 25 60 46 36 78 71 28 50 51 5 52 31 86 40 61 0 76 3 69 46 2 33 89 54 53 26 76 41 42 1 24 73 49 65 5 27 71 5 41 50 14 100 50 72 73 46 75 18 46 73 18 61 75 68 93 40 54 94 14 30 29 83 87 75 59 14 49 96 19 63 4 13 74 53 36 81 90 50 25 53 8 88 25 49 85 35 95 2 56 92 47 99 46 25 62 66 46 18 28 59 84 1 97 79 23 14 41 37 23 10 79 25 40 92 65 65 1 71 54 88 46 13 76 31 59 53 81 10 99 52 29 50 6 55 8 14 9 40 36 58 21 36 31 57 23 44 99 44 0 47 89 46 29 78 33 26 88 18 1 99 29 33 90 90 9 31 34 85 9 17 12 43 98 68 1 49 3 67 7 75 100 72 7 65 99 90 71 14 76 47 38 20 64 95 49 69 59 87 24 29 98 2 90 53 78 43 89 87 55 5 72 87 16 52 50 5 40 70 7 67 45 33 62 52 24 0 92 70 89 17 15 40 24 20 63 65 54 77 31 56 13 61 69 45 53 23 80 96 48 29 97 86 96 77 77 36 4 17 22 1 23 10 74 88 92 71 40 77 92 49 11 100 94 61 60 79 63 13 78 25 30 43 11 51 100 6 64 41 12 6 30 38 51 11 96 1 60 55 8 15 57 14 52 6 52 65 48 67 78 34 30 63 60 26 7 49 56 97 73 20 24 82 31 93 7 79 
34 91 86 34 22 31 64 89 27 97 88 75 32 3 0 68 17 43 80 14 8 38 15 6 25 51 58 89 90 98 99 36 83 34 68 48 86 57 27 9 46 63 58 3 0 21 40 73 46 28 81 24 74 55 15 0 13 17 12 20 27 53 97 44 18 9 17 83 72 91 34 39 5 0 65 60 75 93 85 18 70 34 54 78 59 30 0 12 88 85 82 85 46 7 30 32 18 47 25 54 8 85 63 65 55 55 23 51 83 34 14 100 89 31 94 56 73 67 14 44 50 56 96 88 94 30 41 62 34 97 38 52 65 89 93 23 20 77 72 26 24 10 21 97 2 43 32 44 13 93 53 81 7 58 28 75 84 93 1 50 68 69 76 0 69 3 32 6 57 29 28 52 73 21 90 83 28 61 26 46 27 69 3 44 4 92 3 57 27 88 95 53 16 58 38 2 38 68 100 78 46 0 18 10 50 18 39 84 14 13 99 53 79 75 39 83 34 53 50 61 58 36 74 1 66 40 22 65 84 0 42 37 86 1 17 55 30 49 9 14 66 64 40 55 6 44 25 61 50 26 75 29 16 36 38 22 17 7 18 71 53 35 66 24 30 87 8 48 100 10 49 33 10 73 0 92 23 48 33 39 60 3 14 15 21 4 81 11 63 8 63 58 49 70 44 29 65 40 33 49 60 50 38 73 63 45 35 13 85 34 20 51 19 13 18 61 39 16 5 46 8 100 90 35 58 14 21 76 52 40 14 95 83 81 64 28 12 74 46 2 95 57 34 90 22 84 69 26 99 76 3 13 80 47 73 97 85 35 93 1 47 96 96 65 8 19 28 35 22 92 33 58 5 96 50 93 50 98 60 99 52 86 48 5 19 96 0 97 17 98 48 27 76 72 26 41 76 80 36 23 17 73 74 47 59 53 93 82 17 63 75 21 67 80 86 31 50 33 36 72 21 43 62 83 32 71 90 73 95 40 52 36 84 13 74 91 21 66 15 8 2 32 16 50 7 75 49 60 44 54 24 28 46 10 89 4 83 83 17 28 52 27 63 61 57 60 20 44 85 89 20 24 84 47 51 13 28 82 1 18 84 73 25 89 83 100 68 0 84 82 44 1 56 32 8 52 66 26 86 54 
4 9 43 34 18 32 17 42 31 60 2 87 18 40 6 9 51 56 48 0 69 49 96 23 96 19 4 79 2 3 59 29 59 82 71 16 87 52 76 53 25 63 53 72 91 31 88 22 67 52 6 75 85 21 17 69 58 95 71 94 93 5 64 23 46 91 5 29 58 39 90 91 28 91 43 96 69 43 65 2 59 80 68 99 29 72 17 29 43 12 8 72 22 40 79 59 4 77 23 35 33 25 15 92 58 47 3 16 25 70 10 64 30 73 69 81 90 38 20 46 70 41 21 60 37 60 12 32 5 46 38 34 82 4 7 58 66 59 71 12 57 90 37 25 44 22 48 0 88 84 48 36 63 23 35 86 53 34 24 62 1 35 6 44 24 38 54 57 88 98 73 96 49 52 50 35 83 8 25 99 18 98 0 42 33 19 95 10 40 20 8 90 80 52 28 18 81 46 70 22 43 14 54 93 4 58 62 96 27 17 100 65 80 87 49 77 4 13 59 49 100 3 2 47 19 36 94 77 18 90 85 62 35 66 49 10 64 52 3 95 89 8 66 72 12 93 84 1 40 57 20 55 41 89 2 55 83 73 76 48 18 88 39 52 9 32 60 94 88 38 98 61 79 92 38 45 87 43 36 68 100 80 48 50 25 50 89 0 1 42 3 30 92 42 69 79 44 31 42 60 0 60 72 29 99 12 32 68 39 4 30 28 55 24 77 26 71 76 44 77 67 28 90 75 70 18 94 78 81 45 21 55 67 18 63 57 56 65 52 52 19 24 18 48 90 26 48 39 56 71 75 63 75 26 29 54 92 92 32 50 27 94 44 0 19 2 81 78 64 41 71 96 64 89 16 61 5 2 85 44 24 27 86 44 29 36 49 22 75 40 34 66 54 97 76 74 17 59 66 98 39 61 87 68 46 1 32 56 68 35 33 6 80 15 49 50 90 96 4 30 31 20 71 44 94 69 25 13 72 68 15 10 92 42 97 93 96 80 42 30 9 23 57 27 75 47 58 29 29 40 63 31 57 60 27 92 23 2 68 44 35 100 50 85 55 42 23 22 34 86 74 50 71 15 28 32 62 45 15 39 19 6 22 52 34 100 49 95 76 45 23 14 99 76 38 6 83 49 0 11 
0 100 71 97 37 4 61 15 44 4 54 94 59 98 45 46 88 67 28 99 61 72 75 10 24 52 2 42 83 59 81 16 53 14 66 34 88 62 14 70 97 13 75 95 83 94 73 39 25 94 3 27 23 45 92 28 64 48 44 9 91 59 17 9 68 49 77 82 61 70 70 25 51 43 35 81 68 58 39 95 16 95 72 87 72 57 86 79 46 79 6 62 7 61 18 18 92 79 7 65 32 37 37 40 6 5 19 22 18 26 36 18 89 35 40 40 53 53 46 96 89 82 48 95 59 20 86 51 54 37 37 62 2 36 20 35 87 4 100 56 78 21 80 22 89 7 45 91 72 64 31 32 86 14 80 85 65 10 26 33 83 73 20 43 24 46 66 64 0 74 9 0 43 85 44 31 19 98 76 59 17 8 94 41 1 83 84 16 34 88 32 77 89 54 92 7 8 70 7 48 85 27 59 28 42 40 25 27 10 41 0 26 21 44 56 70 62 84 95 91 8 61 81 15 78 79 32 0 93 2 59 50 99 31 99 33 72 69 18 36 64 74 76 21 60 74 92 71 17 97 39 95 54 39 6 56 10 18 95 46 44 9 1 97 16 79 21 56 4 55 21 17 46 17 27 48 38 14 61 51 56 16 98 65 53 36 43 52 3 98 24 57 13 66 21 77 76 75 61 13 84 12 62 50 46 19 12 6 62 18 12 78 9 79 13 0 0 28 55 10 86 84 69 51 36 13 30 98 73 56 35 56 89 51 14 28 39 83 94 70 19 55 28 41 54 39 88 36 11 19 77 37 42 5 91 68 23 94 84 20 73 26 18 54 57 19 57 69 66 90 78 41 71 36 90 64 43 0 99 60 95 58 44 11 46 18 49 98 99 94 98 14 59 64 93 75 4 35 48 91 73 90 36 67 15 26 79 79 58 9 40 38 54 6 88 50 36 9 62 49 85 25 22 36 39 16 6 49 35 91 9 43 96 40 7 7 65 45 68 77 47 53 63 38 50 49 90 24 62 63 73 91 13 3 23 60 79 50 98 4 81 61 25 32 40 37 16 70 2 74 92 63 52 34 91 71 23 33 43 49 29 29 10 55 50 9 14 49 78 48 91 92 87 10 48 69 31 33 64 64 
42 68 54 59 71 95 39 18 44 100 98 55 63 99 2 8 71 100 49 29 48 73 40 17 79 92 88 9 46 41 98 14 50 99 95 91 67 42 55 62 3 46 24 52 53 30 24 13 54 79 61 97 11 7 79 30 18 33 94 6 84 18 20 53 64 51 92 65 12 41 43 65 18 21 70 38 32 49 0 75 88 18 58 57 54 59 37 18 60 16 32 75 81 46 74 18 5 0 35 18 19 5 4 40 14 8 82 43 86 27 61 24 45 57 85 55 78 41 73 55 39 89 17 66 55 89 99 2 71 48 61 0 8 78 26 71 3 83 71 4 46 90 56 99 72 10 74 99 99 22 29 89 43 88 72 13 63 55 89 6 9 43 53 97 44 12 90 64 3 54 61 71 28 89 5 37 2 56 11 24 0 20 11 74 27 15 66 89 80 23 41 24 85 48 26 81 27 87 99 25 54 48 42 3 33 66 51 91 66 77 94 86 51 81 76 55 37 51 85 65 89 51 39 58 56 24 16 98 60 15 7 80 63 43 4 39 86 15 35 70 47 32 52 7 7 18 87 96 88 10 92 39 65 35 34 62 21 74 97 98 93 34 96 17 84 35 85 85 18 16 45 98 60 75 8 66 4 14 63 51 19 66 19 26 88 78 31 44 75 79 47 95 62 17 69 63 75 86 60 19 59 11 53 63 71 47 50 5 56 18 6 3 32 9 33 6 21 86 91 45 99 11 84 46 79 90 64 99 74 99 8 81 31 20 29 83 82 88 35 55 86 77 97 95 59 26 77 57 72 36 0 47 60 32 64 82 53 59 64 85 53 35 94 70 90 79 67 93 84 72 69 97 13 99 99 0 9 39 81 10 21 1 44 91 55 46 68 71 39 57 27 35 94 57 51 3 24 65 10 55 37 89 44 67 82 33 19 59 54 62 55 3 100 99 57 92 79 41 40 65 16 19 64 13 40 47 56 94 87 84 0 27 81 15 62 33 48 7 42 5 58 14 71 5 70 12 23 57 17 13 64 1 6 5 22 38 39 99 43 10 90 55 100 37 99 14 47 24 40 45 18 13 85 26 17 1 92 60 90 81 81 85 39 65 23 40 70 68 60 58 36 98 67 81 25 95 2 19 76 5 
71 23 88 57 54 34 27 80 8 27 76 18 92 64 94 53 88 69 65 34 31 25 65 65 56 48 41 42 50 17 37 19 61 85 80 98 18 31 11 90 46 61 100 87 29 51 23 54 32 20 10 78 24 15 45 64 41 38 53 85 85 0 41 86 21 64 81 94 75 76 60 47 19 65 73 63 38 25 27 55 96 72 68 24 70 96 63 10 5 95 28 48 63 30 49 43 26 29 33 73 11 82 52 65 73 10 51 20 87 99 37 40 29 45 22 60 21 25 98 37 43 14 84 4 87 33 57 65 20 87 30 27 98 16 46 46 20 14 21 9 20 91 66 49 42 90 75 96 39 14 79 41 24 54 8 71 99 92 94 34 28 40 56 4 16 20 81 82 97 14 84 82 50 32 75 14 82 32 95 22 64 78 98 36 2 34 22 95 36 11 25 68 49 33 42 13 45 19 7 21 33 20 93 35 90 95 3 94 80 17 71 38 45 8 32 75 43 18 87 7 90 83 66 91 62 21 0 46 1 97 54 17 26 11 88 12 53 87 36 82 42 52 9 22 38 3 95 66 56 27 80 70 56 91 61 23 44 79 23 0 59 9 4 53 69 71 63 82 15 19 46 50 80 46 36 19 28 53 84 24 14 83 21 34 35 68 88 21 2 31 19 77 61 70 71 18 63 79 75 58 83 5 11 55 13 22 46 20 87 18 25 89 56 0 59 5 89 17 16 8 80 77 60 9 3 15 66 78 73 4 36 88 24 81 34 73 54 75 26 94 80 49 70 82 33 95 87 71 89 17 86 80 56 79 72 89 98 5 80 62 38 97 98 4 37 1 70 13 3 17 64 10 15 87 60 13 29 59 29 100 75 22 57 93 23 14 27 73 82 97 37 73 30 74 68 22 60 33 89 28 51 60 41 48 6 35 82 43 15 100 7 91 94 68 75 72 12 78 40 68 100 47 4 58 91 31 11 36 26 48 19 39 81 16 59 28 20 73 45 28 62 95 2 68 56 55 15 90 99 92 100 54 71 21 79 71 5 3 0 11 65 11 98 89 69 62 66 28 1 97 96 50 84 63 79 64 90 90 98 84 66 2 92 87 41 95 59 91 27 43 58 96 2 64 59 42 62 96 5 93 
71 83 44 52 1 50 47 30 81 6 3 96 79 56 99 94 85 73 86 89 26 39 99 30 24 17 95 1 14 44 23 58 17 18 36 0 50 71 34 64 30 67 76 61 17 21 12 95 38 37 14 38 50 82 24 52 65 56 88 22 43 41 61 75 56 94 43 31 3 4 33 26 19 7 28 44 37 84 21 69 75 85 59 45 38 28 40 10 68 19 10 17 42 6 9 35 19 70 47 47 64 5 89 16 86 39 96 69 78 51 78 82 85 51 11 42 40 97 7 60 76 22 94 35 28 86 14 39 45 68 95 30 57 92 61 81 62 43 16 74 87 78 8 91 4 11 78 49 96 6 84 54 45 23 52 54 63 0 95 39 74 90 46 38 9 45 17 63 50 76 34 71 16 92 8 31 31 53 46 25 97 62 29 70 62 6 61 96 36 88 70 65 69 34 58 88 62 73 48 49 52 48 64 79 90 71 96 49 8 87 12 39 0 21 9 70 84 89 75 64 7 100 100 4 25 11 74 38 38 33 99 33 56 55 28 32 51 47 86 86 76 0 76 55 67 58 99 79 97 65 82 80 50 24 65 91 65 41 87 76 91 69 1 1 98 87 50 63 20 52 47 21 16 41 62 39 73 36 9 79 56 20 63 48 20 27 65 82 23 58 52 29 65 32 38 88 76 65 51 42 50 3 99 58 48 97 53 97 99 90 7 24 72 80 65 33 52 7 33 73 18 27 65 70 22 100 91 22 91 34 89 68 32 25 17 9 75 21 100 50 28 95 97 78 70 48 68 89 33 30 56 50 3 19 8 47 34 47 96 27 30 14 93 63 36 43 90 47 58 18 53 87 83 63 68 66 67 10 37 1 91 71 50 85 62 25 95 26 2 67 52 83 96 87 46 88 35 39 23 27 90 11 73 10 77 94 45 96 17 1 10 80 62 32 80 30 43 63 52 73 36 1 63 41 14 93 14 41 86 73 61 92 77 82 97 10 34 99 91 53 80 5 49 50 37 73 91 49 58 85 81 46 26 46 65 18 31 39 23 65 75 37 57 90 52 46 78 76 63 21 21 74 71 93 62 58 39 16 60 74 55 32 56 60 60 39 59 52 97 13 9 61 23 80 86 27 13 79 82 64 
47 56 95 86 14 21 69 60 33 16 74 45 5 92 43 63 90 40 100 100 42 12 20 13 62 98 28 70 8 71 32 65 54 63 93 73 53 41 82 37 85 60 54 11 7 94 93 42 68 58 40 59 15 87 48 46 44 6 91 100 44 99 71 65 57 29 38 82 34 48 21 69 80 91 83 56 77 39 87 48 91 59 17 63 61 96 51 8 94 96 39 99 0 32 75 7 87 66 89 83 37 1 71 13 77 37 3 84 59 64 61 1 97 75 73 49 25 22 23 8 63 48 5 84 84 15 59 80 34 61 1 66 37 51 14 99 90 91 28 44 3 57 86 40 79 35 89 79 28 36 71 6 70 66 100 82 66 24 12 32 21 87 25 92 86 55 92 34 39 23 90 38 43 96 60 46 24 90 86 74 28 1 89 81 99 71 14 98 51 79 29 82 70 25 51 50 69 67 68 17 53 38 30 77 84 89 19 100 97 29 33 89 0 76 15 15 92 16 5 95 75 100 0 9 59 82 25 67 50 18 76 44 36 77 59 70 28 87 94 58 21 40 51 100 67 79 83 15 27 91 73 81 84 20 5 1 9 80 67 71 70 94 38 86 29 95 30 89 74 83 15 27 93 53 98 8 32 76 22 80 0 47 7 72 53 10 59 72 45 14 32 88 31 42 91 35 29 35 0 41 86 36 76 68 65 40 86 43 8 37 39 21 36 0 60 70 89 44 53 81 47 76 41 5 41 97 10 20 4 80 72 14 56 1 66 55 33 80 16 74 44 40 68 37 8 39 91 6 52 50 2 43 54 14 41 19 23 35 84 14 92 91 73 73 59 97 6 3 77 92 94 75 53 80 4 2 96 21 71 41 3 47 29 96 0 61 14 10 56 66 7 75 79 0 14 57 59 20 7 28 82 16 75 72 45 8 50 7 90 21 2 9 31 16 74 86 40 0 46 83 84 16 98 50 21 74 6 96 43 66 49 49 48 62 16 66 16 70 58 85 67 51 49 24 94 14 43 65 69 10 77 61 24 14 95 32 89 49 36 95 87 63 56 64 37 89 16 7 66 53 57 17 52 41 88 87 41 21 54 74 98 30 70 94 23 17 94 100 30 10 13 9 19 72 74 56 17 95 14 56 
100 6 26 43 93 26 91 90 11 92 81 66 70 85 72 39 35 68 0 82 35 64 20 10 88 74 56 18 36 27 68 67 79 100 89 70 80 18 58 24 16 97 38 39 97 31 89 6 8 26 74 85 52 39 43 1 2 4 40 73 78 63 5 35 55 55 30 92 78 85 23 80 1 57 82 68 85 79 37 10 30 43 29 9 2 39 87 22 62 59 41 82 43 16 23 28 54 50 92 61 49 9 58 75 1 81 99 95 32 69 15 12 78 40 62 36 75 76 78 32 59 48 22 59 59 25 85 65 6 14 10 6 25 54 85 12 81 30 74 21 45 98 72 31 11 50 31 57 84 64 7 57 15 0 0 62 59 76 44 68 76 85 7 23 76 24 53 44 8 44 14 0 98 60 66 58 18 20 36 55 22 5 99 48 21 5 100 4 77 64 36 9 72 61 82 38 60 39 36 39 11 22 75 1 5 32 88 23 4 30 89 69 37 30 37 15 76 6 87 2 4 71 74 19 11 4 56 79 81 16 93 84 20 47 23 93 54 79 13 77 82 77 54 57 79 25 84 50 39 78 27 91 12 18 15 98 24 97 62 32 41 63 17 76 62 53 42 61 79 68 5 18 95 56 29 33 44 25 68 98 36 68 87 41 24 9 47 48 43 45 65 30 35 3 29 58 10 44 98 31 99 91 100 12 53 52 13 92 9 0 89 81 43 78 62 12 47 75 8 32 93 85 36 75 53 81 32 61 22 10 44 76 23 4 58 60 10 15 72 99 21 77 14 81 16 67 86 85 77 34 31 12 15 55 49 47 36 50 26 94 8 97 71 11 90 71 52 80 26 12 78 45 97 91 48 60 92 7 46 68 2 48 39 8 43 95 11 95 78 59 88 58 74 43 88 99 35 11 43 96 1 54 24 66 68 50 68 69 47 76 55 13 31 6 92 16 38 10 34 56 49 3 73 3 57 14 96 100 90 78 54 92 79 65 59 65 69 73 9 54 99 51 36 58 14 88 87 44 6 64 91 30 93 13 77 86 4 45 42 96 70 38 84 2 90 36 28 35 80 48 44 33 13 80 88 12 28 41 77 27 20 71 86 74 86 76 12 99 40 63 27 16 6 9 40 78 70 18 86 64 
97 28 54 44 38 4 85 17 37 1 37 58 61 65 37 19 86 30 91 58 42 40 21 54 98 5 15 16 55 19 35 36 59 93 63 78 27 3 0 6 15 66 89 52 83 86 41 45 51 25 6 20 10 75 60 5 85 85 89 34 38 52 80 18 99 33 46 2 70 84 31 86 23 70 52 41 2 19 87 28 32 25 93 36 54 81 37 79 36 1 99 64 65 29 43 49 35 73 40 30 24 73 23 25 6 56 28 94 34 72 89 85 29 71 30 63 26 83 5 92 85 27 21 13 25 50 53 62 31 40 42 42 93 86 28 47 39 92 18 47 58 77 26 7 29 52 65 85 89 80 90 58 92 91 38 50 28 72 23 48 42 19 24 80 81 29 43 79 66 45 38 46 99 44 83 63 97 58 93 8 55 94 79 19 38 25 47 60 80 29 89 44 45 73 3 45 19 19 43 2 57 33 92 1 81 1 95 2 6 67 1 93 15 37 74 46 47 99 24 8 68 75 17 72 4 75 70 4 95 99 70 91 57 49 49 83 56 89 26 49 100 14 37 23 15 36 57 58 100 29 77 34 12 10 12 5 13 77 63 9 25 16 74 64 78 89 57 61 14 2 69 90 90 20 1 93 62 34 21 39 18 70 59 43 4 96 14 61 34 92 13 9 86 40 53 9 71 20 56 13 40 20 44 43 69 75 41 60 28 35 12 60 89 52 80 0 17 54 33 34 48 18 54 20 76 82 90 85 3 37 14 72 43 33 36 31 78 60 26 95 17 44 20 2 65 34 72 84 95 16 98 99 37 55 89 82 97 64 61 56 92 68 14 12 64 85 2 98 12 100 73 23 59 21 54 74 32 67 9 23 22 10 100 9 54 97 88 52 83 17 74 4 77 88 55 71 50 73 57 10 57 81 26 81 100 86 85 21 9 54 29 23 7 19 13 67 96 86 28 56 66 58 38 92 55 72 46 100 26 81 33 59 84 72 77 42 11 31 37 45 36 44 38 2 49 43 28 5 35 85 73 94 59 60 84 64 53 66 100 44 1 69 37 26 23 22 84 78 50 37 34 53 93 22 89 74 63 83 58 7 5 57 79 9 10 62 5 53 84 93 35 67 56 66 64 1 83 39 43 12 
20 95 83 13 69 41 0 37 54 50 74 53 81 32 96 20 34 68 43 62 35 52 10 35 90 31 77 58 85 73 78 45 9 26 10 1 89 13 51 68 90 97 27 99 13 73 40 81 88 93 11 50 83 8 77 95 19 21 18 88 77 85 31 65 73 52 49 21 70 59 94 7 41 48 84 0 37 45 42 38 3 49 19 39 43 24 86 54 95 22 33 76 48 80 22 4 33 25 68 64 52 81 15 62 29 43 69 78 79 73 65 54 65 42 49 24 72 4 56 43 91 86 34 36 92 95 84 43 7 9 9 66 49 85 22 8 28 66 53 14 75 1 15 41 10 47 97 54 8 92 78 22 36 9 55 24 27 29 78 98 81 48 75 22 37 52 67 40 39 47 29 66 81 36 56 26 93 25 99 32 99 13 23 9 90 79 26 38 72 65 1 17 34 43 70 36 45 35 3 59 30 85 47 36 7 9 60 27 58 19 80 41 68 65 96 20 50 25 63 24 43 38 32 82 33 67 1 28 17 46 65 46 12 92 9 44 53 41 41 74 66 98 7 61 0 52 12 28 28 76 60 99 38 88 87 22 51 64 78 80 78 53 90 98 33 8 25 71 84 50 70 71 1 19 8 28 51 74 94 70 74 26 1 26 41 34 36 70 53 68 27 51 67 30 23 24 44 37 46 41 73 60 39 13 14 64 40 97 26 72 90 0 50 72 24 43 82 16 25 91 87 15 90 65 92 68 85 61 21 24 7 80 14 47 95 76 18 62 30 64 62 7 94 34 47 2 65 99 82 63 42 23 35 59 38 25 77 13 13 8 7 41 65 9 60 49 42 46 89 8 77 9 88 29 37 75 61 50 29 49 88 40 88 43 83 88 53 51 9 79 36 41 75 70 16 1 41 3 44 14 42 43 3 63 39 92 52 15 56 95 97 75 88 6 2 75 61 93 18 18 71 89 71 61 54 0 23 99 7 87 39 15 28 79 77 52 77 27 50 3 33 35 17 29 19 11 62 87 80 4 24 39 52 23 17 80 53 100 92 37 56 86 52 23 77 11 40 0 38 5 50 59 22 10 41 81 42 61 32 23 54 31 93 57 69 13 5 11 71 48 98 82 83 45 68 66 44 5 91 19 
17 80 99 45 51 21 20 20 79 75 93 93 45 70 94 71 14 60 26 4 91 48 33 67 55 67 77 17 31 67 83 100 14 29 91 26 24 76 66 27 59 21 62 64 62 3 51 97 36 9 34 28 4 74 51 95 32 64 70 67 90 73 82 63 42 41 27 56 11 71 26 44 41 74 77 39 7 79 39 17 64 22 1 46 67 64 5 84 40 11 37 25 67 22 3 46 95 90 16 5 79 39 55 34 13 53 1 82 48 28 62 20 88 40 40 50 78 49 0 60 49 11 44 28 56 84 72 58 18 85 81 46 3 16 78 63 67 69 84 38 30 41 86 41 53 19 10 53 75 42 82 13 45 100 7 23 1 66 21 26 69 100 45 74 42 60 15 98 53 19 28 28 3 49 92 81 84 76 36 89 29 86 97 29 19 21 8 36 77 92 73 46 71 95 58 99 97 48 43 40 39 18 26 68 19 62 96 39 24 40 36 59 80 83 62 56 53 24 45 39 90 37 15 9 56 81 71 52 71 91 55 24 20 41 68 21 18 82 85 73 95 75 97 63 21 94 63 16 72 100 24 34 27 33 63 39 90 48 40 48 30 64 36 82 52 73 42 72 33 56 99 32 40 6 20 35 69 60 54 62 7 3 77 78 62 11 13 50 8 52 65 37 48 5 24 45 21 13 29 0 18 13 69 19 1 53 15 96 19 6 97 52 23 24 54 87 52 88 84 4 41 88 42 96 97 14 46 1 97 95 39 27 53 36 31 90 53 19 68 76 25 97 47 79 27 86 53 26 49 80 1 11 91 82 43 89 98 87 99 83 9 73 15 9 36 88 67 74 29 68 62 28 0 99 53 23 32 23 47 97 91 41 66 89 95 2 22 35 45 24 78 37 35 44 42 8 68 6 25 58 93 47 82 17 10 86 37 31 93 78 44 2 22 10 45 15 43 33 62 77 30 11 44 22 70 9 1 11 49 4 6 18 24 97 75 68 54 35 33 18 22 47 10 82 36 23 46 39 30 77 25 85 80 33 73 59 98 24 81 35 95 57 43 22 7 31 32 3 93 56 19 100 57 18 78 57 63 25 53 61 95 33 59 15 36 82 64 71 98 30 77 34 41 47 43 1 21 58 42 46 
58 91 25 92 46 86 70 38 36 82 54 7 59 38 88 89 44 58 97 23 62 75 25 18 26 1 63 50 96 59 49 74 92 10 50 16 59 67 48 82 18 0 42 54 57 12 21 23 57 32 16 24 31 43 95 57 76 91 97 31 74 32 28 11 41 12 54 81 84 72 56 65 85 72 90 34 41 52 79 23 87 49 52 17 79 81 6 43 36 3 60 18 54 22 52 31 30 73 50 89 51 24 0 40 84 76 24 10 0 80 50 32 78 42 69 29 52 5 69 52 4 73 48 35 71 37 44 81 5 43 3 16 62 97 19 43 91 42 84 81 19 74 29 35 65 69 66 66 97 62 58 27 2 44 88 13 70 25 13 45 43 18 41 4 34 79 7 87 52 74 42 70 71 1 95 74 43 100 16 47 96 57 84 31 36 87 36 83 79 8 63 74 49 67 30 79 81 79 84 8 8 44 97 44 28 82 41 50 73 33 9 78 100 75 47 73 36 92 52 15 33 43 84 70 65 71 48 97 11 89 65 9 2 95 61 51 5 89 71 95 58 35 11 60 47 48 58 24 74 99 24 28 6 62 72 72 58 98 4 14 16 56 12 79 50 29 39 26 98 48 17 2 90 31 12 5 23 67 6 83 63 49 92 94 15 88 30 29 92 68 5 46 32 12 69 33 53 5 27 34 96 94 12 9 46 70 10 10 98 39 14 24 37 60 53 11 17 93 25 38 15 20 8 14 43 48 58 67 44 91 93 23 36 91 8 78 4 26 23 70 79 44 69 65 18 47 49 39 67 50 67 9 69 23 19 13 85 21 67 66 99 83 3 23 80 54 25 52 9 8 69 65 57 56 57 41 51 13 10 68 71 21 3 83 72 45 65 98 27 82 89 20 61 94 69 27 0 99 72 51 89 13 55 28 77 96 60 54 8 86 36 9 34 92 70 79 58 78 17 84 59 39 50 95 37 54 24 72 1 34 48 31 92 81 86 16 21 19 63 98 99 50 15 97 11 60 8 10 7 89 0 51 41 46 40 23 11 78 46 60 24 2 41 77 5 55 88 16 70 37 21 86 44 79 12 59 55 45 4 98 52 40 99 7 89 63 93 59 69 38 43 90 70 33 53 21 67 78 77 42 
100 68 37 48 37 69 67 8 36 77 95 35 53 21 89 96 39 71 48 59 39 33 100 73 71 55 22 85 33 24 23 99 22 21 20 59 61 53 95 52 93 27 64 28 30 99 97 16 22 93 14 35 69 68 45 2 74 26 96 41 86 60 62 87 65 76 8 77 59 90 26 39 27 12 25 68 21 76 66 92 52 35 79 0 64 63 8 87 84 62 43 20 24 20 63 78 6 86 41 30 52 63 46 47 51 93 33 57 4 68 71 80 29 46 23 52 23 64 27 28 88 24 72 87 39 34 6 16 78 30 60 94 87 82 78 77 6 26 27 98 69 50 68 28 38 61 100 10 8 20 81 58 64 67 93 5 13 100 78 25 76 94 91 10 39 4 53 69 54 83 28 48 74 57 8 92 56 37 48 71 73 8 92 95 56 62 22 51 59 65 72 60 19 92 33 23 18 63 41 30 71 27 74 24 24 56 41 76 29 69 64 51 99 89 20 97 84 60 14 18 38 26 70 69 58 74 85 4 25 29 65 20 52 3 78 77 68 68 50 49 55 58 44 28 5 58 95 17 10 76 55 87 38 70 15 57 68 64 6 10 71 49 58 42 12 91 57 16 39 92 74 54 72 0 21 59 84 43 68 78 66 94 98 27 12 27 99 83 2 29 3 69 63 66 39 49 34 97 44 10 61 49 75 54 86 58 30 93 53 3 56 58 62 96 44 12 82 72 89 67 30 12 45 47 43 73 33 72 34 71 46 13 12 82 51 59 31 73 41 56 29 79 12 83 59 5 92 13 67 6 92 31 59 37 83 38 1 1 35 60 68 54 64 56 30 53 45 57 12 100 78 9 58 86 3 94 1 48 44 66 71 42 26 20 50 41 88 59 2 49 36 83 17 34 5 29 60 54 0 6 24 54 27 32 43 54 25 44 89 55 77 3 28 46 89 3 74 74 33 2 33 89 21 94 76 48 13 89 48 73 93 19 75 73 50 49 76 64 92 15 84 79 77 100 28 94 94 82 23 88 5 33 35 12 51 34 51 29 34 63 16 70 61 45 100 17 36 40 91 6 86 68 2 56 3 47 44 86 57 24 4 98 5 68 44 94 97 59 29 43 34 34 11 69 9 25 10 40 1 13 
1 76 22 23 60 72 33 94 50 58 10 83 10 16 71 5 56 79 93 40 36 39 72 73 18 2 85 98 53 87 80 61 44 47 43 34 97 20 95 62 53 67 31 70 71 56 98 88 59 62 6 99 88 11 52 65 19 89 87 51 64 13 36 1 45 84 46 74 37 46 12 9 100 97 46 100 79 68 86 16 38 27 42 96 86 98 56 97 36 55 72 62 96 77 97 13 100 45 31 22 22 39 26 72 2 25 88 88 92 53 53 25 49 37 42 59 87 19 38 49 36 96 39 5 51 28 8 84 41 77 86 85 21 21 55 87 69 81 35 94 69 30 0 96 17 42 13 1 0 28 3 93 77 42 94 32 13 80 68 43 35 61 26 32 97 17 23 18 99 42 17 37 8 35 59 83 18 49 23 73 85 27 86 95 44 92 58 21 92 74 20 70 7 57 15 87 40 26 43 51 23 50 47 90 40 47 98 1 85 35 77 48 92 97 51 96 35 14 33 95 2 19 96 64 16 25 79 6 91 88 31 78 5 38 42 93 34 58 20 54 76 31 91 5 99 18 95 63 18 6 75 74 33 88 86 53 64 73 45 88 11 6 95 78 67 56 54 66 42 3 46 95 63 32 89 4 93 49 9 78 67 73 46 36 55 97 70 56 57 34 90 21 69 81 27 11 13 35 53 42 24 27 61 46 26 40 73 38 64 28 29 74 37 39 1 32 11 11 7 84 0 26 45 65 19 77 33 50 62 40 41 64 65 57 81 82 66 47 72 54 90 52 3 17 93 17 11 12 74 16 75 98 33 32 23 75 55 8 92 91 36 46 74 47 26 15 83 63 100 20 41 28 54 74 72 75 66 100 6 53 20 75 60 35 19 48 18 42 77 37 82 27 0 48 46 23 43 39 56 18 4 60 12 2 35 44 25 66 48 80 49 9 72 18 80 78 75 41 36 92 48 57 58 2 73 76 93 89 6 100 97 21 92 3 11 81 59 22 99 89 69 7 86 47 47 89 60 53 78 71 55 67 95 81 70 40 14 22 79 38 80 65 90 65 30 17 96 28 6 11 30 28 57 14 7 85 85 26 31 86 43 47 52 83 88 83 48 39 42 26 50 73 39 6 6 25 10 65 73 29 
79 49 88 86 85 84 71 5 10 88 76 20 6 25 20 38 61 93 26 46 5 16 84 38 25 19 58 2 95 45 52 74 84 1 84 56 17 8 29 96 18 99 88 99 54 13 57 9 97 19 22 4 49 34 29 18 31 69 0 60 6 96 32 76 87 94 19 23 56 66 22 23 100 27 38 14 25 56 57 23 16 43 25 28 88 83 22 58 96 71 70 84 44 83 13 30 89 17 64 7 13 31 46 54 100 28 23 30 73 67 13 2 28 36 33 12 93 65 41 73 36 78 7 45 41 68 91 12 37 14 85 82 15 30 3 96 88 37 87 21 9 70 3 18 53 10 77 4 80 33 39 22 3 82 37 14 18 79 72 94 4 68 47 53 15 79 68 54 71 27 0 10 88 97 24 88 2 34 40 29 38 26 18 71 77 14 18 86 87 64 78 53 19 50 33 21 41 28 38 37 44 40 19 55 2 87 8 58 45 14 64 10 52 44 77 15 93 80 86 7 92 9 68 64 53 4 68 4 29 68 76 74 83 83 65 55 94 93 7 69 61 60 22 98 28 46 7 44 61 61 95 78 93 91 7 33 35 18 8 75 49 0 64 87 86 2 12 73 84 90 15 24 25 28 20 44 28 4 66 11 94 11 53 68 86 98 54 75 2 57 39 21 76 57 21 41 42 72 85 43 7 49 35 96 59 43 60 8 54 71 75 83 65 16 76 71 19 52 5 88 47 82 87 26 84 21 55 29 3 56 36 21 36 28 36 60 75 9 15 19 76 0 23 96 19 70 98 73 7 25 32 10 22 51 52 59 63 100 51 32 3 87 79 66 8 70 89 40 20 80 37 81 88 82 55 66 3 84 70 81 58 26 18 56 30 14 51 17 43 99 37 10 59 11 12 88 11 49 47 3 25 69 81 17 27 98 99 13 86 22 60 8 87 69 36 56 18 84 69 86 78 64 5 90 12 6 89 6 12 11 24 23 77 68 32 73 38 55 60 60 94 6 73 96 42 36 48 98 21 54 70 40 46 61 54 9 32 34 21 100 83 93 42 61 23 78 66 97 77 67 55 28 44 66 93 100 16 50 85 0 2 73 0 68 49 71 68 16 51 71 34 8 84 38 24 6 30 50 50 84 
20 97 29 60 87 65 15 22 74 69 21 40 72 29 27 56 15 22 53 67 38 28 0 18 63 84 93 87 57 7 64 27 87 86 57 22 34 76 95 46 14 32 42 45 48 7 75 8 53 63 35 11 93 82 45 42 79 62 93 70 43 59 55 32 37 77 94 27 13 87 5 95 29 35 92 92 52 25 9 21 93 58 30 34 79 1 66 27 28 12 79 32 30 96 58 22 93 58 28 58 4 90 94 93 59 19 7 53 56 72 97 46 62 24 8 23 41 11 87 87 26 6 31 28 89 100 70 96 94 24 35 80 57 83 73 54 70 45 64 53 37 38 27 40 30 12 26 88 41 29 82 38 47 100 23 42 68 48 33 6 79 91 8 42 46 86 59 96 9 38 15 81 83 74 62 47 66 5 75 9 53 10 68 94 66 9 56 86 79 16 100 14 63 54 25 88 21 62 97 62 54 83 9 12 53 98 46 1 25 70 76 32 67 25 67 28 31 47 21 49 90 98 70 91 31 81 56 43 0 24 98 1 73 4 77 49 50 89 41 22 21 66 64 5 62 76 43 27 25 23 58 22 50 49 13 47 54 75 95 43 61 48 64 6 89 35 81 68 11 73 28 23 42 21 54 43 83 13 52 87 0 100 43 18 8 42 85 10 59 96 88 72 97 56 40 55 96 32 95 49 71 84 84 90 10 1 3 74 43 76 73 57 56 10 80 74 71 20 86 65 83 7 87 16 63 33 58 51 10 34 78 83 26 64 29 11 6 12 82 49 72 54 66 0 24 29 74 22 17 52 77 15 72 53 69 59 85 86 35 78 85 99 53 98 57 18 64 0 55 68 24 37 6 98 72 39 51 88 38 38 84 9 60 86 100 60 46 88 58 10 70 43 57 38 53 58 64 21 67 93 49 52 69 1 9 78 46 56 50 49 27 36 69 68 14 53 81 18 36 47 98 32 41 32 45 87 59 97 88 18 78 60 27 79 65 10 0 47 87 81 90 63 39 22 88 64 70 2 97 60 68 27 65 21 41 96 39 75 10 40 94 14 77 34 84 88 58 80 75 63 49 66 56 2 8 17 66 16 40 8 87 20 43 86 15 66 81 1 9 49 84 14 54 79 65 56 66 24 82 47 
94 68 91 69 30 63 58 96 87 5 34 46 92 24 77 1 38 29 80 99 7 87 59 35 40 37 64 42 80 97 42 13 89 68 58 47 71 24 77 82 86 38 69 54 95 50 59 53 72 16 97 50 0 91 95 82 73 55 46 46 97 15 59 80 44 99 70 94 7 80 37 37 77 23 86 50 81 3 84 92 46 63 23 71 22 82 47 90 1 98 48 87 6 47 42 97 81 48 71 57 29 3 49 75 93 78 29 68 21 80 48 75 49 38 19 26 90 55 16 58 62 13 53 62 76 28 31 51 79 31 89 88 56 29 78 39 39 86 9 1 51 82 9 24 70 37 94 93 61 94 4 66 91 96 12 45 85 16 88 46 24 26 33 98 29 43 91 74 2 100 47 5 82 22 95 5 15 63 5 20 71 79 6 17 21 87 92 38 48 59 95 52 83 47 67 95 13 63 42 34 72 9 57 39 84 5 41 88 7 73 94 90 48 72 4 4 90 0 18 89 15 76 50 91 100 3 71 54 2 57 66 48 38 48 71 21 58 74 67 86 56 3 93 32 34 98 15 38 85 28 58 55 55 90 92 26 74 50 4 16 10 86 74 86 18 1 77 79 65 25 97 16 1 40 3 4 31 7 1 86 87 60 15 72 31 51 79 56 25 64 56 2 7 36 14 17 100 8 18 98 86 82 65 31 69 66 23 76 10 79 28 25 34 46 54 98 11 77 81 84 98 62 49 86 91 40 47 7 87 99 100 49 1 14 100 9 5 12 24 55 34 67 49 70 82 59 22 48 64 83 95 6 17 14 5 54 15 29 15 18 99 22 64 52 68 98 72 27 52 86 22 18 63 13 23 87 94 75 64 59 24 2 14 51 15 60 27 82 42 44 67 27 41 35 23 47 50 13 96 20 42 59 29 2 90 4 5 51 17 77 38 84 76 80 85 17 33 21 73 32 70 81 71 4 22 54 90 11 15 15 35 67 78 40 2 74 98 13 51 43 10 100 71 75 97 75 17 12 87 86 4 35 73 99 22 0 17 43 20 49 1 19 100 8 6 64 46 3 71 67 30 13 29 45 60 14 7 58 64 48 51 93 84 1 74 62 22 90 54 90 97 63 77 41 53 16 22 15 63 13 
42 95 63 75 74 40 99 25 75 87 66 67 45 54 55 74 79 22 81 38 26 63 88 43 1 98 68 83 43 94 84 35 38 20 19 23 34 38 73 36 54 83 57 67 28 76 32 24 41 44 48 7 100 1 51 78 85 91 79 94 60 5 84 38 87 30 10 26 22 42 18 70 90 11 74 38 57 47 58 40 84 79 97 33 68 29 6 56 8 46 62 78 76 90 49 68 17 68 71 63 59 61 59 80 75 27 90 21 57 64 86 71 83 11 91 0 51 58 98 10 7 86 96 49 94 36 91 89 12 63 64 47 93 94 29 21 67 76 25 82 70 73 79 34 36 55 35 52 52 68 33 95 47 32 44 84 86 20 20 64 92 36 34 21 41 3 46 3 54 55 60 22 67 87 28 44 47 78 80 16 71 51 97 83 87 16 46 81 25 37 19 24 60 40 24 67 91 70 64 77 97 16 17 51 80 93 17 26 96 28 92 64 29 10 98 28 84 30 56 80 88 70 25 41 49 71 55 10 97 26 67 36 55 21 29 71 62 11 60 11 81 82 14 72 94 91 41 15 46 49 99 100 72 13 38 30 80 53 51 33 61 88 96 76 78 70 54 88 66 17 37 65 57 73 18 6 39 50 11 90 34 34 94 85 89 61 57 19 45 0 82 80 25 96 55 41 26 86 54 3 10 65 39 18 65 1 13 27 82 60 45 33 69 64 58 70 99 63 66 66 97 63 98 82 66 5 33 86 22 59 55 43 68 83 36 81 73 60 5 59 66 55 89 10 84 76 17 13 20 14 30 17 67 29 88 17 91 36 71 86 76 94 26 76 39 58 98 95 98 32 79 15 42 42 6 43 60 6 73 63 82 92 78 87 28 92 78 14 26 35 12 42 63 4 85 36 81 82 63 46 5 68 98 1 36 61 58 19 27 0 68 83 15 4 52 16 49 86 12 78 16 4 54 34 25 38 32 44 26 46 99 88 62 21 7 57 64 33 71 33 12 87 55 55 88 54 95 31 49 13 59 96 5 0 78 83 86 23 42 53 86 9 95 22 84 65 74 20 30 94 73 93 27 43 49 64 51 67 74 64 5 86 69 0 90 0 6 82 50 98 30 36 95 26 70 4 96 27 33 15 
11 12 82 71 64 69 59 28 10 10 10 79 8 28 82 24 97 24 73 21 35 49 26 33 48 16 15 70 50 58 4 48 74 91 12 38 91 65 58 99 12 42 42 60 69 97 80 20 84 52 11 34 92 1 38 2 82 1 34 77 33 13 2 4 44 44 80 56 51 22 1 6 25 66 51 68 38 33 81 43 49 34 39 73 87 63 86 100 74 20 36 1 86 32 38 46 17 13 4 88 34 55 78 18 38 86 72 94 0 79 55 96 91 53 79 55 79 27 69 35 78 53 56 83 41 93 33 44 86 63 74 88 4 52 99 99 26 74 36 94 96 72 60 2 90 52 24 43 16 19 93 6 52 19 60 91 8 71 81 76 6 52 32 18 46 58 96 81 48 2 28 98 89 15 79 1 76 23 63 56 36 25 36 84 60 98 85 0 34 59 28 23 68 31 10 32 99 92 24 97 25 55 90 27 20 52 53 80 79 1 6 19 99 42 39 21 37 51 23 23 34 57 65 79 30 79 42 23 25 99 80 27 67 22 60 25 2 11 57 11 50 19 48 57 34 75 43 91 5 61 84 0 10 50 5 64 68 13 65 9 98 3 74 66 19 96 19 21 37 33 19 92 28 75 18 97 19 66 97 19 49 23 4 7 42 20 93 66 17 36 21 55 36 56 30 65 27 61 81 71 58 11 65 38 55 44 72 97 93 27 29 49 29 84 57 57 79 60 14 91 30 9 27 100 30 42 16 61 1 37 86 64 3 75 100 44 40 75 37 73 78 70 80 16 91 50 66 9 22 21 8 98 31 80 3 31 85 91 62 100 10 42 67 9 63 40 86 11 54 0 43 83 35 97 50 31 99 33 86 55 54 48 58 41 32 80 88 87 27 42 61 55 10 22 0 84 66 52 3 21 12 13 97 42 37 94 2 10 83 48 91 51 75 58 18 59 43 3 12 6 4 44 57 44 64 16 11 27 51 89 0 23 39 70 61 1 79 22 27 73 31 38 40 13 9 10 7 5 14 54 45 96 24 95 53 92 6 74 16 85 33 12 16 26 51 7 62 80 10 92 58 11 2 23 10 48 91 95 19 27 38 43 16 93 71 6 27 28 28 75 71 11 69 83 72 80 56 56 71 94 
44 9 98 57 99 13 36 27 39 62 40 51 62 59 92 43 61 85 62 30 49 8 82 24 68 37 38 84 44 88 59 39 62 89 31 18 4 85 76 15 58 72 57 67 30 96 85 58 30 81 76 45 28 84 50 7 62 25 6 14 96 100 82 26 23 95 28 39 65 39 61 79 14 87 46 64 99 7 34 59 80 4 28 13 43 99 62 77 76 84 25 50 47 9 2 29 91 7 27 27 64 68 42 67 50 79 52 86 0 26 63 1 85 11 89 26 1 42 75 12 89 33 60 99 43 88 80 13 64 49 98 89 56 29 48 83 82 91 65 17 91 52 86 74 94 36 92 26 41 90 39 48 67 16 22 94 57 69 20 96 30 0 25 73 59 16 9 48 11 26 12 39 46 86 20 65 12 86 13 37 79 83 66 79 53 62 97 23 89 35 77 71 32 81 32 84 7 28 3 67 25 42 95 95 98 42 70 94 74 32 82 90 14 73 10 59 17 83 45 77 28 87 84 80 68 10 72 66 42 57 50 32 45 25 62 95 83 92 95 79 77 95 76 70 29 49 24 18 15 33 0 23 64 38 57 38 1 69 40 60 91 27 44 71 36 82 68 47 23 17 68 41 52 81 86 74 76 86 89 5 29 82 18 64 59 69 36 50 82 8 96 97 12 49 24 49 10 38 95 65 7 28 39 64 97 87 100 30 23 33 61 76 95 82 38 76 26 84 38 14 29 84 46 90 70 62 82 32 91 93 80 65 57 19 18 33 8 86 64 24 12 41 93 49 55 6 46 82 39 53 55 10 18 51 34 34 63 90 44 17 37 76 93 24 92 27 64 22 98 27 75 5 16 79 83 31 38 28 95 49 5 30 18 57 32 96 13 83 27 97 45 5 21 53 27 8 0 96 59 22 15 53 36 12 68 28 95 29 52 25 54 9 23 32 30 62 36 31 34 84 6 4 92 69 72 39 66 84 48 53 21 6 65 53 81 86 5 63 28 77 29 45 61 46 0 74 71 77 38 40 43 77 41 47 61 88 47 80 90 64 38 18 6 79 14 33 7 27 12 22 41 40 36 98 62 81 9 48 13 35 63 26 13 45 30 10 95 8 60 76 28 43 5 91 35 81 45 50 39 49 
13 13 68 96 51 48 40 18 36 74 76 14 69 61 42 62 33 31 64 93 27 93 81 30 73 64 27 29 6 32 9 58 10 38 89 86 55 61 83 10 95 8 88 60 1 77 67 9 6 88 70 34 10 2 83 3 79 37 25 60 26 52 38 23 70 36 36 54 45 67 93 49 92 9 34 17 11 0 67 29 53 69 24 51 99 16 72 90 47 54 22 66 33 75 53 50 32 81 65 0 58 67 70 2 50 45 8 23 80 74 16 11 80 47 87 24 41 39 51 84 38 86 65 12 82 64 6 45 31 41 83 71 57 82 44 32 11 67 49 58 83 96 5 70 84 53 1 87 75 4 90 2 78 68 60 42 42 16 91 85 66 6 79 93 92 95 14 57 66 69 34 13 66 47 22 65 40 19 44 46 79 100 70 60 10 79 52 57 18 69 94 21 94 5 64 82 88 44 47 20 48 78 61 21 45 82 9 7 78 30 33 78 4 81 48 41 41 97 71 73 14 86 94 87 4 71 29 96 25 56 42 72 100 38 55 25 5 90 88 85 26 27 19 82 64 29 20 93 76 36 84 16 65 56 26 98 16 21 38 18 37 29 2 10 82 8 16 74 3 15 57 36 87 88 12 51 82 62 34 13 6 9 91 82 60 69 79 16 74 94 23 73 74 63 63 36 62 70 19 5 86 66 55 12 90 10 54 77 43 3 98 83 17 36 43 88 34 88 32 96 82 11 5 17 38 43 52 42 29 43 46 87 69 22 78 19 59 23 66 2 82 58 5 45 65 97 28 82 4 60 53 10 22 95 46 0 47 78 31 28 63 41 78 53 44 95 68 64 63 31 79 53 35 55 83 48 16 3 96 9 29 39 51 20 56 92 27 19 20 27 74 39 68 49 61 98 12 90 33 7 63 73 88 71 77 40 89 98 66 5 3 55 47 1 0 66 10 31 83 57 33 30 92 37 5 36 28 99 67 77 45 27 49 13 6 64 21 32 26 71 49 52 37 87 59 33 36 55 41 63 9 30 51 0 7 45 48 89 98 65 49 98 23 98 61 94 43 63 25 64 1 70 100 80 16 83 91 73 78 85 19 75 95 14 95 57 4 30 40 81 67 40 3 9 35 83 1 92 31 98 
11 34 60 85 78 61 49 67 58 5 86 52 19 41 27 35 95 50 97 92 66 39 60 66 34 81 26 78 26 17 56 49 1 10 15 54 72 67 28 77 56 45 25 85 10 47 68 64 97 71 79 14 63 20 71 49 78 37 21 35 24 69 95 11 52 32 59 38 36 29 1 86 10 77 99 69 49 42 71 28 51 98 82 3 3 0 44 45 14 33 61 76 44 6 53 84 95 82 50 51 86 45 58 1 63 89 31 65 39 50 72 84 83 46 91 30 84 89 72 9 17 36 62 72 100 27 59 20 24 71 88 5 15 30 10 62 60 21 40 61 82 1 47 87 63 11 25 41 62 70 38 36 88 72 5 44 70 46 58 74 37 25 43 46 76 46 98 100 99 33 82 81 84 70 17 15 33 43 19 42 93 52 26 48 24 61 11 40 95 25 11 29 55 85 28 81 80 23 19 0 28 100 40 43 21 1 77 75 20 84 89 98 82 86 69 32 53 19 49 63 47 8 52 33 59 79 47 45 9 74 42 34 6 3 83 90 71 6 77 33 95 75 50 76 10 10 51 9 18 0 85 97 42 71 96 2 100 29 70 93 35 91 31 66 85 21 5 12 6 100 95 51 23 80 28 13 72 74 97 38 91 54 69 40 90 37 49 62 85 52 12 33 27 8 98 27 22 96 13 85 93 33 32 66 68 2 17 81 30 7 56 16 10 12 50 32 49 0 84 30 33 68 17 67 52 35 47 49 98 76 7 25 31 32 93 59 61 38 26 74 75 49 59 52 88 24 55 4 46 46 97 42 90 64 100 58 94 20 93 46 27 28 10 10 51 11 49 81 14 72 91 85 32 18 17 21 67 15 99 79 7 12 24 54 88 62 25 3 10 16 47 23 100 40 83 87 50 81 66 41 7 22 9 60 92 95 58 78 85 54 76 46 14 22 27 67 32 60 9 88 74 52 65 38 25 18 11 52 15 20 84 28 65 54 38 86 23 40 3 5 19 37 90 3 27 25 0 10 4 22 100 76 4 79 48 96 8 75 36 68 78 95 15 98 70 61 58 74 47 16 23 28 43 9 7 41 49 15 65 69 83 24 35 49 81 23 20 33 95 69 30 51 52 90 95 20 19 8 67 43 
30 95 25 65 90 100 21 53 92 92 63 64 67 76 40 17 67 49 29 80 10 53 94 3 34 51 85 28 65 99 92 95 97 30 44 15 89 38 43 97 23 24 53 15 30 44 63 10 66 29 65 97 89 37 15 56 21 2 90 58 38 23 72 68 61 16 79 78 58 3 56 68 77 42 34 31 44 60 38 7 88 52 84 55 47 39 36 90 16 19 91 77 73 33 50 5 73 36 29 83 40 22 91 82 33 31 22 86 43 91 59 19 7 76 36 70 81 21 18 33 66 55 84 27 85 82 29 45 97 6 64 99 89 0 82 75 52 2 1 61 82 5 52 57 17 56 61 9 39 74 44 27 82 1 54 8 89 14 1 95 97 47 35 35 42 3 10 31 1 73 20 98 66 61 9 94 23 21 61 43 61 17 52 13 55 56 85 4 60 29 18 29 78 51 51 1 93 87 97 77 82 40 18 83 44 11 41 13 85 7 57 73 55 77 53 19 66 49 43 34 97 9 78 23 10 36 88 85 45 20 35 90 26 85 6 10 18 31 88 48 31 33 98 81 52 10 53 70 70 85 41 64 58 16 36 66 10 53 70 38 98 42 74 36 11 46 3 64 27 49 3 64 74 100 46 3 80 88 4 40 40 61 80 71 4 53 50 47 11 67 57 5 52 0 87 46 86 7 60 7 57 7 23 84 79 93 1 17 75 31 65 81 79 2 16 33 57 75 60 36 63 53 74 13 78 38 31 10 59 91 57 41 10 20 37 86 11 12 22 44 60 15 66 2 75 60 50 83 95 3 8 87 25 93 19 25 49 29 52 91 76 9 14 46 13 42 23 67 27 13 13 66 69 93 87 37 96 61 97 40 56 47 30 71 79 11 6 10 97 37 68 3 13 75 99 17 58 54 3 6 88 46 64 57 54 52 37 49 2 89 9 56 63 30 66 48 80 76 29 67 36 49 7 84 20 10 7 53 85 45 58 51 21 71 3 38 54 59 32 73 65 74 4 99 9 8 40 76 93 77 93 0 23 46 9 8 24 22 70 15 76 19 42 47 37 63 34 84 7 36 73 29 62 17 49 89 35 51 75 6 31 17 0 88 69 58 25 29 100 70 33 60 56 64 89 61 5 47 99 45 
22 11 96 58 77 75 2 69 16 20 1 15 70 49 91 37 16 44 33 2 25 60 22 16 10 88 98 32 79 77 91 85 31 18 51 95 26 37 75 42 4 40 92 36 79 31 33 71 58 26 26 83 14 47 17 43 49 81 3 63 11 57 9 95 39 47 77 59 72 93 39 60 72 30 3 49 1 15 5 88 37 96 90 54 69 95 26 40 15 22 79 14 98 72 64 70 73 82 9 65 85 1 42 50 83 79 50 40 72 0 11 6 43 51 28 30 63 17 37 19 48 46 30 63 58 64 39 15 51 67 91 43 66 26 92 65 83 74 85 37 66 65 11 15 4 91 7 96 54 49 3 66 49 30 95 47 26 18 23 42 42 84 23 55 18 42 17 2 85 69 61 93 80 38 83 59 55 79 94 86 52 43 78 17 18 46 56 8 10 47 67 58 70 7 86 76 13 65 41 60 64 24 53 34 55 51 1 73 71 11 21 12 58 20 46 66 15 29 38 58 50 40 18 16 36 83 61 17 13 19 55 66 51 12 75 88 42 35 66 71 100 34 10 68 42 64 60 39 96 68 17 42 41 66 98 50 12 5 85 82 90 5 86 30 8 8 57 36 92 20 0 2 81 23 86 80 23 3 56 50 63 66 62 37 51 60 13 90 17 81 35 19 57 46 95 85 56 41 52 37 75 94 99 40 48 24 49 49 48 91 50 43 19 24 85 45 7 74 73 6 18 24 37 54 85 92 4 85 93 5 2 53 10 58 43 72 94 80 64 37 4 78 7 53 39 15 83 25 61 86 21 39 55 96 70 4 43 42 22 9 56 73 43 23 12 73 15 35 32 11 68 98 100 60 3 80 73 51 5 73 64 2 24 40 74 76 20 32 42 81 31 86 14 53 92 22 94 79 78 70 37 92 12 19 39 24 64 7 48 55 46 84 39 6 76 52 82 23 44 69 62 94 36 40 32 90 56 21 4 84 25 28 84 18 21 71 53 17 7 100 74 45 66 21 25 52 81 91 17 80 20 32 77 64 6 58 49 38 84 62 88 52 39 18 51 83 58 1 83 97 38 32 100 2 97 84 31 81 29 58 86 61 56 40 88 7 47 7 17 69 100 61 0 19 6 2 82 52 52 54 
92 62 20 34 94 36 8 71 5 22 37 36 33 36 85 3 14 10 39 96 69 29 37 39 52 7 71 56 61 83 20 54 29 60 43 65 43 92 20 60 84 16 11 81 51 83 64 95 26 69 29 92 30 98 31 28 7 52 21 90 23 66 24 36 77 87 16 4 97 14 95 77 54 99 44 5 8 61 10 17 72 56 71 3 98 75 28 33 100 46 11 80 53 9 68 99 58 92 34 63 96 32 71 0 9 41 70 73 18 81 72 29 61 7 15 62 75 100 89 14 1 12 90 70 24 66 58 22 26 50 78 99 48 33 36 60 94 96 41 27 86 68 47 17 72 70 94 32 21 17 7 77 56 57 70 38 30 12 70 60 9 94 1 95 58 0 18 5 27 42 35 85 21 72 13 25 50 72 29 74 73 23 40 69 26 38 38 92 88 37 2 37 3 64 84 18 96 15 50 37 61 64 12 38 23 87 87 42 52 11 44 57 46 9 1 28 80 34 46 47 6 54 2 36 70 91 67 59 62 30 65 19 11 77 29 24 51 76 33 45 17 25 83 36 95 50 17 58 6 15 51 83 24 62 59 39 46 65 67 50 69 33 8 70 30 95 1 0 90 68 74 52 91 67 23 97 93 92 54 94 30 2 86 100 34 38 100 62 70 83 39 44 65 24 7 29 71 22 54 6 85 23 64 32 69 61 68 18 78 88 21 0 61 95 3 19 89 24 79 11 77 73 60 23 98 60 64 4 56 67 96 88 74 99 80 77 28 7 72 47 16 91 47 29 16 97 48 49 51 88 93 6 1 49 82 13 35 73 45 7 87 55 35 88 91 18 85 67 58 9 78 72 17 43 87 45 67 52 75 28 98 42 63 96 12 94 15 98 21 38 40 2 90 69 55 26 58 54 26 51 40 80 94 18 23 27 67 26 99 77 57 22 41 41 34 12 53 5 1 20 40 67 50 3 51 83 24 82 65 54 30 42 49 15 0 14 85 38 93 48 13 49 57 46 15 55 86 12 69 11 2 50 85 29 76 79 98 61 1 31 14 35 28 88 57 51 51 51 86 87 89 90 53 32 41 31 70 2 56 76 67 29 29 56 53 28 75 46 34 52 37 23 58 42 93 24 63 2 14 85 
32 92 29 47 74 23 22 28 78 37 11 28 12 60 70 19 0 41 38 23 17 77 63 92 33 74 24 88 47 42 85 47 45 57 22 30 8 93 50 36 89 7 85 11 97 84 5 16 30 48 80 69 87 29 96 43 27 82 44 25 58 90 33 95 50 37 9 89 62 14 98 18 0 62 2 84 68 1 75 52 41 14 71 78 58 95 85 54 73 25 19 0 61 58 36 79 96 43 96 36 12 79 69 17 100 46 91 56 48 69 72 46 35 3 46 15 94 97 10 51 75 6 56 71 94 11 80 1 62 79 85 27 62 13 62 80 63 65 63 3 79 43 21 100 5 28 39 14 8 74 72 1 16 35 2 62 97 95 53 48 60 60 47 63 52 100 6 64 10 83 43 79 99 33 45 9 17 24 64 32 30 40 70 58 68 51 26 48 77 93 40 19 71 32 75 50 34 51 85 84 86 25 24 84 88 90 94 2 23 49 6 85 60 1 2 57 7 56 5 8 12 67 44 58 21 56 68 15 90 8 72 90 31 25 25 63 0 95 22 88 31 98 93 66 2 5 67 35 79 61 53 74 85 81 43 69 76 45 51 99 17 3 40 76 24 33 56 59 10 41 79 63 84 77 18 43 57 8 63 65 86 57 59 96 31 11 31 40 50 82 94 20 46 72 42 53 62 18 61 18 31 56 31 59 73 38 34 31 64 27 38 51 92 1 17 91 72 6 54 68 15 24 27 12 92 2 87 95 48 82 20 93 35 31 58 83 71 50 16 86 59 2 9 90 32 37 26 77 47 33 46 64 30 97 75 38 56 99 89 68 39 28 7 51 70 98 63 33 56 62 35 89 78 2 46 36 32 5 61 99 47 39 95 25 91 83 27 80 67 52 74 57 59 44 97 22 82 83 20 46 55 77 68 51 35 2 41 2 32 19 98 62 55 7 23 97 8 96 3 39 69 92 74 84 3 18 36 55 83 11 28 56 78 4 30 46 81 11 31 76 71 91 56 70 74 89 5 66 29 92 31 0 87 64 59 60 58 59 29 87 49 68 57 9 37 8 14 72 39 89 22 100 35 76 40 79 23 38 75 82 47 74 59 65 16 30 11 87 60 30 94 79 61 11 71 38 71 77 50 64 
61 48 70 81 19 92 23 33 94 39 97 88 97 65 99 78 57 5 2 83 61 49 36 75 72 87 10 91 98 91 13 74 97 65 12 58 64 37 27 55 28 65 11 88 11 28 84 56 60 27 88 42 81 75 56 83 70 11 29 20 10 82 53 19 68 81 36 88 69 74 86 4 94 24 83 4 41 13 90 94 47 78 87 71 36 38 32 19 66 36 97 96 24 1 80 15 29 62 37 53 59 20 67 56 63 38 73 18 90 5 5 64 53 38 8 36 39 99 31 1 9 42 65 13 46 13 38 16 46 100 63 66 9 15 65 6 50 21 1 21 3 5 70 76 98 22 71 83 8 35 95 88 22 95 5 35 84 59 27 22 85 31 37 95 99 24 61 58 65 90 61 46 78 83 33 76 81 83 9 41 61 55 76 60 21 87 41 51 95 63 66 90 66 87 79 10 26 2 92 68 87 33 89 85 99 87 87 87 46 43 96 85 24 47 66 10 23 88 79 38 21 44 18 2 91 32 16 86 20 38 74 47 92 71 21 5 61 8 69 14 89 75 38 93 60 90 83 64 60 50 82 93 95 33 80 29 6 30 60 33 80 62 50 64 90 21 54 83 37 60 7 40 0 75 22 68 29 54 41 25 82 40 69 52 50 67 46 26 18 75 57 36 58 72 58 81 5 62 5 50 24 19 86 68 10 62 42 67 27 87 0 83 19 38 40 98 18 47 23 23 48 63 14 92 27 69 25 23 53 88 71 75 28 58 0 68 2 91 60 84 42 87 24 85 16 20 74 47 11 63 23 54 24 3 28 61 99 77 94 99 94 26 79 12 59 16 59 67 42 71 65 8 33 92 90 92 95 35 10 52 71 98 5 89 8 96 7 80 30 50 10 22 19 11 97 85 66 86 10 26 35 50 56 0 43 93 67 31 45 45 67 13 75 39 1 35 66 20 14 87 81 9 42 1 53 19 68 32 75 88 97 47 60 73 45 70 82 42 84 76 75 84 72 81 68 77 49 31 25 0 86 43 98 80 17 78 21 78 5 32 19 63 4 30 33 48 93 15 73 85 63 6 76 79 92 50 71 47 16 78 30 80 89 65 88 76 59 82 26 94 15 77 100 29 77 77 17 50 43 5 
91 26 27 42 35 59 8 64 68 15 0 99 13 27 29 99 55 86 38 92 53 70 3 55 32 77 34 64 40 76 48 51 44 37 61 19 12 12 96 55 51 31 86 70 15 1 27 71 38 95 72 99 14 90 75 0 55 97 43 80 59 69 53 42 66 79 72 76 33 48 70 70 4 7 98 70 38 70 93 64 25 57 30 54 89 46 91 3 89 55 87 0 71 96 16 93 29 41 87 78 3 37 66 59 23 10 65 86 39 23 63 74 91 41 79 37 99 13 97 68 9 12 94 49 4 12 96 26 25 8 95 93 55 36 51 40 27 7 32 74 25 45 95 90 31 42 23 7 11 36 90 12 13 55 68 8 28 21 82 60 92 0 94 71 33 63 36 53 83 21 8 5 85 73 13 3 4 91 62 13 86 21 81 77 33 82 1 82 11 79 45 66 91 85 52 29 48 65 52 78 99 64 51 37 19 15 54 37 48 8 61 10 89 35 2 53 61 64 80 44 32 18 83 23 23 30 39 84 18 82 41 50 91 98 34 81 35 73 50 37 45 49 12 86 38 39 46 22 32 14 22 35 30 76 8 37 75 89 28 76 81 7 18 64 12 54 10 32 4 97 98 71 96 51 10 93 47 35 45 72 44 82 82 54 21 98 34 85 7 48 10 80 39 17 63 29 67 36 29 67 46 32 70 50 61 64 34 75 76 33 100 62 94 32 15 23 57 82 19 11 52 60 18 54 27 41 30 92 14 37 82 56 2 2 62 23 48 25 61 49 32 88 41 66 92 59 19 81 12 32 23 12 40 56 62 19 91 48 27 90 30 7 81 73 96 77 10 78 44 0 69 71 11 10 12 30 4 42 91 15 71 68 33 31 40 98 49 22 57 75 62 91 30 85 76 98 65 91 92 3 57 4 25 5 100 41 24 33 15 29 10 77 24 61 26 91 30 56 82 19 31 82 65 29 49 33 76 100 49 91 75 22 32 19 34 11 57 10 65 58 64 41 94 50 36 41 76 33 67 29 12 13 52 79 91 34 68 84 1 29 68 37 16 67 88 67 74 30 94 70 90 38 63 44 83 91 52 72 52 45 58 55 83 64 54 52 31 68 42 24 99 62 28 35 44 68 8 9 37 81 
96 97 59 52 77 31 89 72 42 57 5 88 87 70 49 32 74 60 31 22 8 23 8 81 61 85 29 83 97 13 49 93 61 98 99 21 7 83 77 58 95 21 8 21 38 89 16 61 43 60 58 2 74 53 48 40 92 19 16 11 57 76 59 5 98 23 21 37 26 70 53 55 2 73 32 31 90 68 30 38 4 67 62 99 69 65 65 79 63 70 72 87 1 31 13 59 81 1 40 75 40 25 94 84 64 0 24 21 3 43 43 30 53 6 47 72 61 0 35 65 52 46 88 58 29 49 90 50 99 81 7 76 54 91 3 49 78 99 46 88 92 71 7 56 27 48 28 62 91 54 17 58 34 92 89 95 10 58 63 81 39 60 86 76 35 60 0 69 45 27 22 15 42 33 0 76 75 19 81 36 23 52 9 68 4 7 89 85 12 46 48 65 76 14 59 71 97 96 34 25 99 54 32 4 25 95 44 14 65 7 60 100 54 42 58 15 70 6 53 99 68 2 40 25 87 17 37 89 22 11 14 55 16 13 52 46 82 79 34 45 21 77 70 69 67 26 62 5 69 70 13 66 90 66 24 4 5 88 11 38 93 79 67 72 88 47 65 17 84 75 98 19 3 17 25 64 51 94 94 96 47 18 2 97 46 3 29 29 63 27 65 61 24 99 59 21 12 91 25 30 73 55 47 100 82 71 1 71 28 27 95 39 6 66 28 32 66 91 53 41 29 8 58 44 21 50 56 27 63 72 23 25 75 14 31 28 21 68 29 69 64 26 34 47 18 39 31 54 27 89 50 25 52 80 80 72 17 13 85 7 2 38 86 36 18 40 61 8 46 58 22 2 18 46 45 61 72 66 88 32 45 56 76 78 74 27 32 70 11 77 81 63 82 88 67 27 27 96 53 79 3 12 34 95 69 1 12 88 49 99 83 11 92 1 43 93 62 74 83 3 66 7 93 76 66 44 16 10 40 33 37 86 97 97 56 12 31 16 32 45 36 94 55 58 75 86 59 1 33 42 44 53 1 75 64 47 79 13 44 71 31 27 71 23 82 61 50 61 26 16 78 55 59 45 21 13 98 46 6 17 84 59 30 22 39 71 37 100 33 59 20 46 86 64 25 62 88 48 95 66 
9 4 86 94 43 81 10 30 63 93 74 50 18 85 68 22 90 40 0 59 78 72 86 17 41 74 75 72 5 95 34 38 77 35 68 19 78 6 6 54 42 85 17 57 43 75 12 38 59 13 6 16 33 12 44 84 70 25 67 74 48 24 60 35 59 58 11 50 53 10 90 83 100 54 12 36 94 86 91 46 64 94 39 100 19 37 22 67 37 25 44 83 64 32 26 34 22 29 48 89 54 40 63 50 80 59 5 88 91 3 56 87 85 20 7 76 82 56 2 22 41 53 92 77 46 9 88 95 66 41 24 33 97 75 96 17 12 77 21 20 13 34 7 61 99 29 60 70 73 56 57 55 32 85 59 94 68 98 50 43 54 80 5 78 40 20 88 99 4 3 24 33 79 48 30 59 83 45 10 82 60 41 82 80 40 21 17 5 26 52 94 41 6 48 0 66 32 23 66 94 52 1 71 85 45 25 15 16 82 24 33 60 10 65 51 88 2 99 97 93 20 45 29 31 49 16 18 94 20 55 62 64 51 86 50 58 14 96 9 96 82 72 28 55 30 4 7 18 43 63 8 41 58 38 86 81 17 64 46 12 2 63 40 97 7 77 3 84 9 99 14 13 42 84 41 34 40 73 66 0 98 57 14 67 82 45 43 23 79 7 59 20 74 43 61 81 4 24 30 66 44 7 3 7 77 23 56 57 27 73 46 3 8 32 49 98 8 66 87 45 30 26 34 62 8 14 8 83 0 23 7 23 96 75 45 82 52 51 63 91 65 61 76 12 49 52 69 71 46 16 49 73 63 54 4 2 95 78 20 44 82 52 81 42 92 78 77 40 69 51 8 17 65 61 77 5 44 97 77 6 46 39 64 5 7 29 95 39 14 45 51 19 30 82 88 66 98 29 46 85 37 28 32 98 21 44 27 76 42 79 100 19 5 94 48 60 73 59 71 70 71 24 44 48 11 91 74 3 90 45 36 40 78 76 37 25 92 82 12 43 88 58 91 8 44 91 32 45 86 40 47 39 3 87 19 14 50 73 84 77 79 94 60 89 12 27 7 0 41 50 66 29 32 38 7 47 63 35 29 46 16 86 68 8 23 23 60 19 24 94 35 65 4 46 13 5 49 96 66 52 
21 95 11 97 91 10 94 11 43 17 39 75 34 68 29 58 76 43 91 38 98 29 68 30 27 34 79 7 23 58 82 50 41 51 76 2 37 86 83 44 40 41 11 1 81 9 76 24 58 92 74 1 49 58 53 65 82 81 62 54 61 41 68 93 0 71 70 95 83 72 91 79 84 90 48 13 25 24 20 17 27 10 78 10 27 15 78 60 60 53 33 54 10 66 92 50 2 99 75 39 72 10 6 93 56 24 74 86 49 21 65 37 89 53 16 78 70 92 65 24 34 68 31 93 89 72 85 16 15 0 52 15 14 23 43 21 82 89 39 1 37 34 58 1 8 70 82 53 14 71 41 67 52 70 62 19 36 12 75 63 39 73 26 96 8 84 44 71 15 86 52 78 14 68 57 63 71 53 23 97 58 80 85 64 22 27 100 41 47 59 17 83 6 45 48 26 69 47 22 20 63 86 14 84 13 47 91 15 35 29 29 4 55 54 4 72 23 14 57 69 27 93 60 52 51 24 82 46 71 85 15 0 98 18 2 85 18 29 17 25 88 69 76 0 61 66 41 15 81 72 93 9 18 39 58 23 36 44 22 48 96 31 74 90 15 93 72 45 75 12 4 34 78 8 62 88 42 43 58 1 54 51 51 3 71 85 62 16 22 23 82 48 19 19 21 67 57 30 77 72 88 91 93 70 27 66 4 31 24 77 10 40 19 63 50 77 86 60 80 17 20 12 95 20 17 86 96 65 49 89 30 55 19 97 78 42 41 5 70 4 93 78 97 19 52 58 21 62 16 17 59 63 25 56 95 82 86 43 88 64 49 8 1 69 89 36 1 15 61 77 20 16 20 19 52 34 66 98 49 82 40 39 100 25 75 66 20 86 59 9 57 76 3 81 15 63 48 36 21 26 95 15 83 7 92 57 83 95 72 11 75 50 69 82 61 24 46 16 37 64 26 63 75 73 49 26 81 13 3 25 51 24 37 95 64 91 37 18 79 9 97 65 17 79 48 98 7 88 42 49 67 49 92 94 100 46 54 42 32 84 57 5 10 25 74 29 13 72 53 58 18 63 11 16 99 65 20 40 2 81 42 79 15 16 14 75 46 50 98 21 34 43 44 10 39 18 64 13 79 19 
70 46 38 100 73 42 13 85 45 24 57 10 75 93 50 49 47 50 3 75 52 43 90 93 72 79 85 94 53 44 8 15 8 63 47 12 29 84 8 41 83 57 51 14 95 94 4 86 76 99 72 65 83 15 46 35 90 51 14 36 60 45 2 2 8 53 33 13 73 64 57 21 21 69 33 67 77 79 56 31 54 79 71 41 32 85 62 22 52 55 25 76 18 79 24 10 5 25 18 90 64 55 54 23 54 3 77 75 16 30 32 49 58 91 64 8 83 91 81 55 33 74 43 20 54 7 63 16 98 58 68 7 35 97 36 39 75 78 93 76 62 69 24 55 93 47 91 42 25 6 14 78 23 4 68 11 43 32 84 86 78 80 88 60 84 54 2 4 14 84 0 43 51 21 22 86 31 85 55 49 64 57 64 10 20 36 47 59 30 56 41 71 74 37 38 18 64 95 58 73 19 89 100 24 87 35 40 62 15 1 81 3 32 88 39 10 24 89 60 46 9 80 85 83 22 12 71 87 59 56 72 5 0 95 63 77 50 40 35 0 30 69 44 96 67 20 61 85 70 57 73 48 54 76 63 83 99 53 91 83 42 73 7 78 96 18 25 10 42 33 92 78 2 74 0 60 82 66 29 11 36 14 49 23 50 24 100 100 21 55 76 10 6 8 78 83 19 87 2 47 14 45 72 82 70 8 55 29 97 80 47 22 36 6 79 97 12 48 71 81 89 10 96 24 20 91 43 21 87 19 29 29 64 15 33 92 15 2 0 18 41 13 47 51 63 63 37 62 41 63 43 88 18 74 99 98 16 6 15 65 69 63 85 16 66 16 75 51 35 55 33 15 30 94 95 46 85 44 49 14 90 10 84 12 39 4 28 54 33 99 14 33 74 66 47 19 45 67 79 2 36 52 2 1 33 24 62 90 53 34 3 74 73 50 31 21 33 17 10 19 74 99 35 65 44 89 89 83 5 97 93 30 47 64 26 63 23 8 41 54 8 55 2 32 33 93 47 49 1 23 35 17 46 95 90 78 6 42 12 76 21 3 94 28 50 51 12 90 9 18 31 85 58 55 9 39 37 26 60 86 88 48 100 51 5 62 21 45 29 25 55 42 1 38 43 100 10 8 57 5 
8 11 70 11 79 63 51 62 93 80 16 18 39 5 76 20 36 78 43 79 47 12 5 88 38 25 81 58 57 57 82 86 6 26 24 31 14 15 77 18 32 1 10 97 65 65 15 72 21 2 4 20 24 80 47 65 29 6 73 96 50 82 14 5 39 36 5 83 51 91 48 31 64 56 39 14 67 87 11 94 19 19 2 0 32 75 11 61 66 45 87 13 7 72 37 43 59 47 66 26 37 83 55 51 93 95 1 95 64 89 0 46 34 34 72 44 69 81 22 56 68 27 18 49 44 29 23 80 45 41 96 35 89 85 28 95 38 40 88 82 13 62 24 53 43 57 7 99 21 77 13 5 55 10 8 45 2 71 97 93 89 30 75 11 37 81 17 57 59 33 63 25 65 74 36 15 45 25 18 0 74 10 89 79 25 65 40 95 51 6 15 58 43 84 34 42 97 16 98 63 30 63 2 58 73 100 35 42 7 82 32 12 70 91 79 97 14 0 98 94 27 18 89 76 71 35 61 12 84 96 14 28 71 42 7 57 38 54 45 93 42 74 13 55 1 19 72 92 16 5 85 87 89 51 67 40 11 21 6 33 66 18 74 62 14 50 83 5 75 36 22 50 27 42 93 8 85 9 4 93 78 53 30 79 74 43 28 86 80 100 41 90 11 73 81 2 81 15 92 56 29 17 95 59 41 93 37 25 92 48 28 38 4 7 11 43 0 66 34 62 92 35 71 41 42 88 90 17 25 5 21 36 28 85 19 69 30 39 48 76 89 0 80 90 16 8 85 6 2 57 82 92 88 55 43 95 88 45 81 98 29 44 45 23 81 94 21 14 3 43 83 6 65 88 14 83 50 77 100 83 89 94 68 49 9 60 46 8 31 77 85 93 85 27 10 98 67 71 31 93 88 47 40 89 50 33 67 84 47 22 17 33 33 30 33 90 97 6 0 95 66 49 51 52 87 52 61 72 78 29 20 75 71 18 56 25 98 31 16 38 15 70 31 80 8 69 29 94 78 40 20 38 17 21 18 5 71 68 23 6 56 19 42 31 90 73 19 73 6 90 72 60 30 10 89 48 99 31 83 57 72 78 38 75 66 71 36 25 91 80 100 40 43 88 81 51 72 56 6 47 
91 77 69 91 78 54 25 52 33 1 68 14 91 35 51 44 13 76 1 43 64 41 99 54 23 53 89 53 21 24 76 84 50 82 15 47 41 31 19 90 98 62 26 77 53 46 56 13 72 37 4 20 50 36 91 96 13 42 7 66 37 43 1 76 61 88 54 98 61 46 69 51 26 21 70 98 88 65 37 20 50 7 39 14 70 21 21 86 43 87 45 47 3 12 27 76 98 28 32 94 30 73 45 100 38 89 100 1 49 59 72 15 21 83 91 17 41 58 57 15 53 2 42 67 24 55 45 16 62 22 70 34 95 98 77 97 93 13 15 89 4 60 2 21 94 76 36 48 10 7 17 91 84 64 66 53 58 22 82 30 30 57 54 44 74 49 56 61 87 23 38 90 12 51 69 12 28 7 52 11 73 85 94 22 42 42 42 47 92 25 98 88 76 19 41 88 28 8 91 8 44 39 95 67 35 35 18 39 61 61 99 25 11 48 50 32 34 15 52 45 66 68 28 41 37 52 18 52 13 99 20 71 43 89 19 16 10 65 21 11 50 48 20 54 44 56 64 65 47 0 38 86 16 52 95 8 11 76 55 31 12 51 71 75 62 61 20 68 8 42 15 56 81 32 32 39 49 19 53 81 92 29 63 95 32 36 36 89 56 52 80 48 57 16 25 24 77 10 81 7 22 27 59 63 54 70 8 68 40 21 28 13 63 53 85 1 71 5 22 16 11 23 14 44 39 45 18 20 82 20 3 71 41 3 30 36 28 20 85 57 9 64 69 45 25 97 73 74 2 5 80 77 67 2 61 2 89 30 54 15 47 30 33 56 19 45 48 38 7 31 75 81 42 87 58 45 95 81 16 6 94 73 19 65 58 61 38 73 56 98 95 10 39 99 15 95 50 43 53 97 73 59 35 19 87 15 41 95 86 33 52 22 20 75 23 66 70 70 56 46 67 49 37 83 84 99 54 6 83 87 70 48 51 46 100 95 32 15 33 7 38 48 64 7 19 29 77 89 28 82 90 0 23 41 35 58 7 55 29 6 12 21 22 56 64 23 47 72 35 16 12 8 81 58 54 8 63 72 20 69 64 25 58 51 68 8 46 69 5 51 53 47 32 97 87 71 77 41 31 97 
96 60 42 33 82 31 80 22 81 13 12 80 70 37 31 78 52 35 39 74 61 76 24 41 27 81 13 20 75 48 69 7 42 10 39 30 15 83 45 32 66 35 37 29 67 8 70 65 85 86 66 85 43 91 57 51 49 94 67 57 65 33 59 50 51 98 11 85 94 50 49 0 4 78 50 80 7 19 70 59 45 18 83 52 8 89 42 43 74 21 59 31 31 85 64 78 7 16 37 34 95 21 2 81 55 20 15 27 14 46 68 51 38 89 12 7 86 31 5 80 25 54 86 31 8 44 97 31 72 10 84 22 70 5 76 19 87 61 3 4 51 35 85 17 98 37 39 97 48 7 99 35 35 2 70 45 57 28 45 49 48 67 34 35 83 87 98 96 81 61 88 12 42 5 23 78 75 56 0 66 39 48 11 48 35 10 75 39 21 6 57 16 47 59 28 53 50 47 46 53 64 2 2 81 85 78 1 48 25 90 20 71 24 46 86 15 36 97 34 6 77 27 20 43 82 2 95 98 83 18 95 60 43 22 6 22 88 5 46 67 46 83 65 15 50 78 68 57 46 47 58 92 92 68 98 39 31 9 60 11 94 94 53 0 76 13 33 25 35 5 78 57 58 21 46 19 64 29 87 74 26 45 11 94 95 28 97 42 71 9 65 0 44 92 9 24 70 56 81 48 94 70 62 18 91 86 91 66 84 54 80 2 55 65 92 43 68 42 84 44 37 18 73 49 30 17 47 1 68 12 91 78 77 62 87 70 85 68 20 24 39 3 32 34 46 31 76 24 92 89 3 57 1 100 76 98 39 83 80 94 49 73 49 52 63 72 12 19 20 51 97 97 28 71 27 97 9 76 68 37 97 33 47 81 26 61 96 50 53 37 56 18 53 11 0 18 62 26 48 58 5 57 34 33 91 27 41 12 83 34 34 68 35 20 45 9 1 44 9 92 64 58 18 56 68 73 91 70 64 95 68 8 84 7 54 77 92 85 21 61 32 85 51 12 76 70 53 22 100 44 60 99 95 35 35 86 14 76 85 91 75 8 38 49 26 1 5 67 71 2 62 31 7 18 99 51 81 80 80 32 85 58 51 50 84 29 22 45 15 72 87 96 78 21 77 46 28 94 37 43 
20 17 26 5 1 88 27 36 61 28 31 29 71 89 88 21 45 67 26 39 81 96 65 74 10 1 13 24 52 92 52 96 30 28 76 48 20 88 56 74 2 7 3 37 38 54 83 81 36 5 16 24 96 90 56 88 64 3 58 72 67 20 35 25 22 68 42 88 0 93 91 33 49 78 86 26 48 45 91 74 16 19 65 68 19 63 62 70 87 82 41 77 59 50 73 86 60 7 60 41 40 68 50 9 28 55 73 95 26 32 47 20 13 11 98 78 89 55 87 5 73 50 55 37 99 58 58 24 50 14 2 29 9 41 88 42 96 100 34 4 81 11 94 45 84 17 30 78 37 48 53 33 46 92 11 29 88 39 86 88 31 2 57 81 40 96 69 52 81 35 76 58 52 78 2 96 75 95 32 94 58 5 64 38 45 72 21 80 58 83 74 48 100 56 89 23 100 59 27 6 82 76 61 34 71 91 48 91 56 28 1 32 44 76 18 100 18 22 30 85 12 9 60 4 3 94 12 71 77 49 31 49 86 27 44 35 78 21 47 80 13 92 73 23 90 5 48 76 97 64 72 26 0 22 12 24 15 79 46 20 86 66 58 84 17 6 0 64 75 41 36 72 57 51 10 82 48 79 16 0 10 72 72 13 44 11 39 99 55 9 8 66 31 20 31 37 21 94 50 55 22 54 13 77 52 63 73 94 55 91 81 63 49 52 96 23 15 70 12 11 0 98 62 3 40 69 20 46 20 42 95 37 77 21 56 58 63 8 18 74 65 81 15 22 13 78 11 14 52 36 58 76 32 98 59 31 29 9 58 30 35 97 30 7 87 50 72 58 77 24 22 27 99 96 16 6 15 87 34 57 99 16 1 84 43 16 74 24 95 39 66 74 58 1 14 44 12 57 6 82 55 72 61 29 32 65 33 88 60 28 46 83 10 32 30 56 91 19 52 52 38 82 4 92 49 39 93 7 0 79 67 17 25 93 100 88 36 55 18 0 32 10 47 11 18 80 38 47 48 77 50 4 67 62 19 92 25 19 78 53 30 52 70 11 48 28 51 75 44 36 51 90 72 51 99 20 52 63 56 17 76 69 50 89 28 1 84 51 32 16 2 27 76 62 69 81 22 29 9 23 
39 65 41 48 79 23 83 32 12 47 10 40 13 38 1 32 40 46 95 92 71 39 68 38 65 45 31 51 29 44 11 1 56 87 55 54 5 15 85 29 62 73 19 31 44 75 25 96 75 62 3 18 44 38 51 62 15 67 85 8 93 6 43 66 36 70 96 11 59 61 88 49 21 41 56 43 4 87 24 19 95 78 80 11 62 46 83 0 81 0 43 80 86 32 0 53 72 14 48 78 63 40 16 50 38 18 87 32 99 21 44 39 87 90 35 3 79 73 39 45 43 33 82 53 27 28 99 3 78 97 8 63 82 85 4 100 91 29 15 52 61 70 3 58 86 18 42 24 61 66 11 76 41 61 14 29 44 2 31 18 88 9 67 86 27 31 72 29 34 40 24 27 87 20 3 75 11 74 94 0 27 32 41 72 67 32 63 66 22 9 86 74 66 4 2 51 65 92 90 71 82 57 84 81 10 44 18 30 33 51 29 62 19 71 21 3 61 42 30 68 28 74 23 9 15 39 53 35 94 74 5 64 63 86 31 27 49 44 15 54 12 35 58 82 2 39 16 3 79 82 56 28 0 70 75 35 96 94 30 88 59 13 62 19 6 90 73 87 37 67 98 94 98 59 5 26 5 43 91 75 61 46 36 62 47 25 29 51 49 22 42 39 26 71 12 79 58 59 90 47 52 23 99 63 4 51 10 46 58 7 33 99 17 15 44 66 61 13 57 34 91 5 78 33 35 29 94 91 77 16 28 20 100 10 63 7 59 44 72 91 95 39 99 69 94 80 11 81 57 37 48 27 25 40 92 36 17 70 27 45 60 48 24 51 16 93 47 92 10 34 93 4 64 54 15 100 96 55 58 69 33 57 70 34 35 64 28 86 28 19 43 40 94 83 61 3 88 71 27 79 58 45 33 6 17 25 94 23 61 78 20 94 65 6 88 63 52 28 23 52 38 77 56 87 26 18 74 20 72 34 86 86 23 14 26 81 67 38 89 88 100 23 21 75 60 18 56 20 56 96 82 61 12 91 3 52 52 89 76 48 9 8 47 32 78 27 62 76 56 84 98 29 36 70 69 69 79 41 71 24 1 60 95 68 10 82 93 77 34 70 58 36 35 42 92 39 5 13 2 22 
50 38 52 87 86 52 11 78 46 16 30 32 23 68 80 15 58 77 30 60 33 60 77 72 12 16 45 45 58 33 14 82 53 40 67 2 27 92 81 91 58 30 94 84 52 36 9 14 65 82 52 38 56 38 77 82 13 19 54 80 74 59 48 51 51 77 100 65 94 14 31 65 70 37 24 96 49 49 89 90 83 43 9 93 94 67 37 68 79 49 60 10 36 51 15 27 21 28 27 92 99 43 0 53 23 36 1 14 38 39 15 94 8 40 70 46 75 40 54 56 80 43 41 21 60 7 60 93 44 17 52 12 28 50 50 53 42 40 48 22 84 94 47 42 5 91 85 75 77 87 54 36 98 19 42 94 91 8 98 60 87 66 16 91 28 19 50 64 67 40 31 6 57 31 22 31 83 91 26 15 17 67 53 55 86 75 13 41 79 74 63 14 91 62 79 19 51 24 100 69 4 12 92 85 98 64 90 87 14 98 38 42 28 13 19 91 36 33 15 25 23 17 68 11 57 23 44 3 21 8 78 6 94 31 61 72 46 17 65 19 65 11 7 23 100 22 2 76 5 60 7 80 52 89 36 90 52 31 16 75 68 56 2 59 24 74 70 63 62 55 31 94 60 53 8 88 88 60 5 93 54 44 48 71 17 39 31 15 66 97 40 66 91 45 76 26 74 92 76 79 4 32 90 55 73 23 15 50 26 84 33 52 48 81 23 37 83 30 29 7 60 60 85 75 74 94 28 36 37 41 16 65 40 69 41 34 73 41 10 84 84 63 34 100 21 45 21 57 100 16 29 74 34 7 62 76 98 66 97 39 53 49 62 32 4 12 90 5 2 0 64 57 4 3 97 47 100 25 11 39 92 8 84 7 82 72 77 69 4 17 67 10 83 35 24 2 13 9 89 40 36 66 80 49 78 84 58 64 20 85 32 33 10 56 49 39 99 100 39 76 80 15 9 69 68 49 25 32 27 70 23 8 66 77 95 49 92 29 31 76 49 38 99 29 9 42 59 45 20 78 63 68 46 55 49 84 83 39 31 26 3 57 81 41 99 100 18 77 2 78 77 0 58 15 31 30 75 34 52 11 95 12 13 53 6 58 85 46 74 95 65 4 40 41 45 61 47 41 49 72 
71 10 60 44 67 17 75 26 16 21 10 7 29 39 99 96 77 0 22 73 9 93 72 32 95 51 39 37 11 17 98 46 33 10 84 14 69 49 4 69 19 64 60 76 79 21 61 0 58 28 43 63 28 69 20 61 57 81 52 31 24 51 91 1 86 52 43 74 59 100 70 46 100 39 61 51 90 30 38 97 55 25 20 57 41 24 81 51 36 17 78 42 57 19 95 84 0 22 48 42 68 45 28 44 12 100 70 74 17 1 28 82 2 82 73 52 40 81 28 99 58 49 96 25 57 21 91 68 83 25 23 25 77 96 51 79 25 60 88 51 73 26 62 91 13 6 2 98 86 87 53 0 56 66 66 8 23 66 73 76 84 58 51 80 8 64 69 53 18 45 57 0 20 44 19 55 15 12 23 71 70 10 38 22 41 30 51 49 55 58 63 29 57 36 75 31 50 34 95 42 76 49 8 43 91 26 83 95 76 77 99 48 87 13 28 24 91 77 52 97 92 56 41 54 45 43 29 25 38 99 58 63 67 79 74 7 0 43 92 59 22 64 80 67 91 78 54 4 51 38 3 56 85 45 14 93 93 24 55 31 26 60 17 28 59 12 23 42 35 83 74 19 1 18 12 95 72 39 50 18 63 60 11 66 58 63 1 100 84 81 48 42 98 73 2 75 11 11 46 98 78 4 23 37 87 2 66 32 43 100 63 53 30 33 20 86 12 78 64 81 34 91 6 25 17 83 50 67 73 71 34 12 67 55 50 80 43 21 68 38 97 75 36 15 73 6 95 26 12 11 0 11 38 67 94 94 34 97 82 78 5 100 86 28 86 13 21 10 26 81 77 83 8 95 64 69 88 47 86 96 70 93 96 8 87 51 56 45 34 19 43 8 94 86 76 38 100 24 29 42 69 81 87 53 97 99 69 66 77 31 9 96 21 99 67 31 56 82 85 23 10 60 43 35 2 34 30 74 64 57 14 74 88 6 95 68 88 7 61 84 97 64 92 71 0 15 21 21 36 47 3 23 72 80 40 53 76 68 88 63 91 83 46 52 49 67 24 92 40 17 64 27 5 99 77 37 49 51 82 32 33 90 49 72 21 35 12 65 99 60 59 16 15 100 69 53 81 98 86 30 
38 1 48 16 37 90 55 1 38 99 83 79 85 29 8 3 43 50 27 2 35 92 53 67 90 9 87 42 67 70 11 18 82 3 88 72 13 44 59 51 35 59 19 86 100 22 34 9 9 35 90 21 7 19 66 92 14 97 20 37 73 49 60 71 49 84 89 70 47 50 13 94 5 88 38 99 32 80 54 85 47 25 61 83 22 94 44 61 77 3 81 49 79 91 25 68 14 31 13 3 88 38 28 84 93 2 72 51 92 89 33 41 23 28 42 77 16 85 47 82 30 68 12 98 59 71 88 87 17 35 91 65 45 35 71 25 30 12 35 86 42 80 19 51 0 81 42 70 82 28 98 36 59 16 2 75 18 37 80 4 56 18 47 33 87 33 20 32 68 96 68 27 51 43 59 33 20 28 65 43 85 35 43 37 18 30 58 31 66 17 68 6 56 21 82 40 98 4 30 71 80 75 10 20 45 88 49 55 28 20 2 19 11 78 51 59 73 22 7 87 100 3 58 98 60 18 36 20 3 58 23 23 24 10 38 40 57 95 96 93 34 46 32 57 13 14 11 16 25 85 85 0 98 76 63 94 70 57 50 15 82 22 34 51 3 33 8 71 2 73 41 33 58 85 3 4 19 98 76 21 45 72 25 18 93 75 58 25 30 20 56 60 74 72 68 76 46 80 77 21 22 88 91 10 90 42 44 38 52 42 34 3 92 91 12 43 6 28 72 18 87 29 90 21 37 25 5 87 39 91 46 15 31 15 4 67 4 0 56 92 13 5 14 98 94 67 61 67 46 14 98 11 62 16 67 0 64 20 70 78 89 31 2 66 29 65 49 68 10 64 72 28 51 81 5 77 95 86 35 28 25 7 19 34 26 27 92 43 27 71 63 36 23 26 8 16 44 37 14 71 79 21 94 50 54 49 48 85 33 50 2 48 26 92 56 64 75 21 40 8 77 6 25 62 89 61 92 88 59 30 4 86 70 14 42 59 29 13 87 96 61 60 43 36 50 44 39 71 50 28 89 53 51 86 51 94 13 57 81 97 46 96 24 76 96 13 86 81 8 46 63 96 7 76 89 70 10 10 53 48 24 51 81 60 20 39 74 19 81 88 97 72 57 81 16 14 35 23 49 24 
71 14 30 1 18 2 81 86 28 32 41 45 71 69 90 2 38 2 50 4 32 12 62 87 72 37 99 19 26 13 75 89 82 90 80 36 75 94 60 84 77 12 50 94 13 80 77 41 57 57 88 30 80 9 29 63 10 34 25 63 17 68 68 77 59 64 7 43 52 64 25 35 35 37 84 87 44 94 37 31 96 83 41 96 14 49 10 21 50 95 80 12 100 97 81 70 62 43 0 17 46 94 6 88 26 6 75 60 3 35 9 26 90 72 80 47 65 61 44 31 61 75 56 41 94 19 16 30 96 40 95 84 10 1 59 16 92 89 72 62 25 39 99 29 93 15 88 37 21 97 68 11 91 23 99 54 51 70 86 40 72 86 87 63 18 41 57 8 0 41 99 95 50 4 76 43 48 85 16 10 28 82 100 70 65 2 20 23 21 11 51 84 41 33 10 66 82 3 39 17 60 55 24 93 9 22 96 65 44 37 75 85 3 59 31 47 80 78 22 61 27 27 70 60 28 80 5 77 25 66 83 72 64 62 35 80 78 73 59 0 66 53 56 32 58 39 8 68 73 33 59 98 95 91 6 18 2 95 22 0 14 7 47 19 14 52 78 94 85 95 54 11 52 1 80 83 79 46 73 38 12 81 69 50 53 38 89 75 32 33 48 59 97 16 20 19 73 60 76 75 7 38 51 10 46 49 72 66 4 33 83 62 23 47 64 56 44 10 42 12 93 30 29 69 71 72 90 55 17 90 42 32 7 98 35 87 47 90 22 43 20 28 38 13 81 46 8 55 3 8 7 86 73 54 62 93 12 26 39 80 8 98 98 65 10 98 91 64 77 12 45 68 47 62 47 25 3 26 21 56 37 100 4 27 7 85 55 80 13 37 16 27 28 39 33 45 20 70 39 44 64 9 35 32 33 89 42 16 84 53 70 42 2 4 73 19 37 3 72 57 51 97 6 98 30 77 95 10 5 4 3 46 31 78 63 60 96 30 85 93 6 30 51 14 20 23 16 40 10 4 54 20 61 38 15 32 45 84 49 9 74 96 40 38 64 7 5 79 39 70 60 71 66 9 36 12 42 66 96 65 84 55 20 63 8 69 44 24 32 33 44 2 92 67 22 54 67 53 58 41 
85 64 67 58 24 6 32 4 29 52 13 4 30 51 39 50 53 82 61 36 53 15 57 100 24 50 24 23 47 70 6 13 68 34 31 15 45 6 62 87 61 29 50 59 60 30 86 77 11 42 25 17 12 36 95 4 40 35 45 18 86 2 48 68 1 87 83 34 25 67 60 16 45 40 96 84 71 98 45 56 21 70 62 59 72 23 61 42 84 13 39 7 64 21 0 68 24 83 81 87 97 20 64 49 2 36 99 94 79 47 53 70 83 45 66 48 45 65 47 40 76 81 72 55 17 87 28 60 12 58 49 26 25 13 17 66 14 15 14 55 68 49 97 100 10 77 17 74 56 22 99 79 34 30 3 67 45 67 60 92 10 11 76 53 47 51 37 33 63 91 59 46 34 89 69 45 99 37 67 65 52 43 6 22 47 11 36 35 6 12 59 18 92 96 82 73 10 42 46 21 51 40 53 20 56 11 100 69 69 27 49 95 14 87 8 90 57 77 21 45 40 21 93 71 98 57 41 17 48 88 7 76 90 48 24 51 1 24 25 64 75 2 26 39 5 35 60 81 0 98 96 10 5 35 81 83 72 78 76 39 33 7 62 84 93 19 33 71 23 66 63 51 86 8 90 90 42 3 41 77 54 10 30 19 55 87 2 97 3 42 9 85 45 91 46 45 34 4 25 3 42 40 67 57 31 39 93 76 86 76 78 72 6 20 68 44 35 19 27 53 60 50 8 63 82 81 67 18 82 42 49 82 83 30 21 4 2 17 49 87 41 44 33 91 28 65 40 29 26 55 61 47 88 50 1 61 9 38 100 59 7 6 20 50 92 72 53 63 25 11 80 27 63 11 1 70 34 88 73 10 94 86 62 53 70 25 30 5 52 76 88 65 100 100 64 51 98 41 24 67 42 15 99 89 3 66 51 36 83 62 41 5 69 26 77 24 69 98 38 3 12 18 38 63 15 14 29 10 94 44 52 94 50 14 7 27 2 46 8 45 49 14 87 49 33 49 82 75 94 55 95 80 45 11 98 94 36 100 50 40 64 96 45 42 11 1 29 38 100 94 28 82 65 73 100 1 75 84 50 77 9 30 45 3 91 61 87 9 79 37 27 40 90 40 27 65 97 19 43 85 
43 90 86 57 66 62 70 34 56 81 89 31 71 28 45 26 17 28 23 19 0 43 81 21 75 68 98 48 88 17 23 65 16 78 31 17 5 5 18 50 65 71 19 22 94 6 77 83 33 17 44 31 74 42 56 74 4 13 50 95 59 51 70 85 71 15 95 17 1 0 81 1 71 17 98 70 100 90 35 61 7 41 32 1 73 9 68 91 58 49 53 26 92 9 83 70 72 68 45 88 51 60 34 18 44 19 34 77 24 34 56 82 68 95 40 20 1 0 66 22 86 60 64 37 52 0 32 5 28 61 94 35 51 22 80 28 31 91 3 100 40 93 59 52 58 37 14 77 66 72 76 95 87 39 68 50 30 13 51 27 69 89 47 57 35 78 74 54 30 41 36 44 49 13 93 81 68 62 81 66 44 74 82 34 91 85 24 87 90 12 51 42 94 54 14 75 36 57 88 70 67 54 91 31 31 16 25 64 94 72 47 95 15 1 13 5 45 34 91 87 99 72 28 55 7 2 53 96 58 87 73 5 95 47 83 45 70 43 89 29 90 62 100 87 67 61 66 92 94 53 84 59 60 84 93 68 0 50 85 59 15 50 71 11 99 42 65 63 100 88 97 80 54 40 48 70 84 41 38 15 88 50 55 19 54 85 37 42 55 1 27 52 69 65 73 5 15 88 44 49 94 86 58 24 63 11 12 38 10 88 12 41 14 77 55 37 88 90 99 31 30 54 27 66 29 34 11 25 82 13 73 75 30 16 65 80 19 40 95 30 73 38 44 85 40 99 59 55 89 10 88 68 44 1 70 39 43 85 73 64 51 9 66 71 96 78 98 60 40 47 2 9 26 7 82 49 54 95 72 35 70 17 33 76 56 13 99 86 11 46 94 87 1 41 39 46 78 0 88 16 22 87 13 81 80 52 78 16 89 21 69 78 15 73 36 89 6 28 3 43 2 77 0 32 78 49 41 79 6 83 76 72 41 70 79 67 30 39 22 79 43 10 61 90 9 5 3 78 74 42 16 17 40 17 64 82 45 77 9 0 93 93 75 61 96 59 48 77 50 68 5 46 87 1 49 35 1 100 67 4 89 38 54 74 31 7 88 50 78 37 19 52 7 15 30 28 95 68 93 15 
90 2 19 7 97 3 48 39 76 94 89 4 83 79 81 98 25 65 9 6 6 4 68 42 24 52 22 93 50 37 9 11 6 37 71 45 27 68 82 24 11 83 33 38 64 34 81 42 50 9 82 77 10 92 83 14 70 25 27 99 75 50 77 43 91 71 81 60 28 98 8 40 8 13 50 11 16 61 20 45 34 69 79 49 33 64 91 91 44 23 26 14 8 69 27 89 34 16 59 0 39 17 52 42 32 83 11 30 74 23 16 73 60 11 71 35 100 17 96 70 70 22 62 75 18 63 73 46 57 7 66 22 44 35 9 13 88 25 89 18 48 100 94 67 64 74 96 15 74 93 78 38 37 8 93 35 0 72 61 27 91 12 12 25 45 42 18 54 84 13 94 3 32 63 30 42 40 52 18 71 49 20 21 37 87 18 48 66 6 93 64 93 80 40 90 39 45 24 58 100 24 33 93 28 41 72 26 66 28 71 75 69 80 92 13 58 61 67 57 56 51 96 26 6 30 83 57 75 69 3 56 82 67 52 77 60 11 38 5 43 4 42 8 40 34 14 11 81 92 6 27 32 25 84 29 13 24 1 3 60 26 90 74 64 91 61 31 13 13 97 100 65 37 22 86 2 5 68 23 26 68 75 91 61 55 43 99 0 24 39 74 88 89 89 60 79 94 55 84 98 6 24 60 4 18 61 2 83 98 14 55 84 15 83 48 93 9 56 58 77 39 73 70 50 69 60 18 27 79 90 41 10 86 7 81 69 85 43 6 4 39 66 86 18 100 49 40 2 10 33 83 18 76 65 22 35 82 6 91 16 88 37 70 94 13 0 41 63 69 51 55 51 36 10 39 91 84 82 9 39 58 72 23 12 90 15 64 47 82 27 38 8 48 67 12 46 37 33 34 70 38 64 92 50 73 38 93 9 60 72 87 2 91 84 73 26 35 36 17 17 87 72 29 45 68 16 28 36 77 20 82 57 98 99 56 53 93 79 65 57 53 68 55 48 44 14 45 15 14 70 94 96 44 5 4 26 27 8 69 32 20 89 91 1 77 40 52 54 13 50 36 55 3 60 50 49 62 13 49 3 53 49 64 40 19 29 33 64 66 86 100 15 57 66 84 92 88 13 100 52 
41 81 55 36 68 39 25 92 49 18 20 14 49 50 88 41 22 60 21 6 7 91 55 55 97 6 57 3 71 29 45 75 81 85 91 49 50 81 17 99 37 73 15 39 79 46 18 66 65 28 40 27 46 16 54 32 77 24 10 59 64 73 31 46 66 54 97 81 78 58 86 38 82 91 37 47 5 90 42 96 68 26 92 52 21 98 83 22 79 44 1 58 80 37 32 3 97 73 2 41 79 30 30 13 79 12 3 11 43 4 39 46 50 53 53 24 79 87 49 97 42 10 46 95 36 73 94 53 3 91 50 82 91 15 24 28 56 76 81 54 81 50 50 0 15 52 84 66 14 80 58 39 38 18 97 68 73 72 29 50 9 95 31 15 26 74 35 8 0 17 64 60 12 38 49 71 92 82 42 61 62 75 43 11 46 38 83 6 50 34 46 12 32 28 80 59 62 43 79 54 85 49 7 76 6 93 85 84 22 84 76 32 53 37 84 93 72 18 60 54 100 8 14 68 50 53 3 73 82 39 12 57 58 37 86 96 14 61 39 28 81 29 84 33 32 29 33 66 55 20 90 0 55 61 25 6 71 22 33 6 85 16 9 22 79 48 24 95 43 15 66 5 97 81 93 15 33 70 71 63 75 43 60 41 32 92 46 83 49 94 85 98 18 47 34 81 55 39 29 42 6 66 15 81 39 10 37 98 73 8 46 39 28 67 16 9 29 65 3 9 67 26 39 75 70 91 27 92 36 52 95 39 60 22 82 5 55 61 98 13 93 85 17 78 66 51 0 30 83 89 35 12 78 67 17 35 37 52 80 24 96 37 58 94 40 73 21 45 88 54 99 4 59 31 43 18 75 50 95 40 16 40 47 62 9 76 32 71 67 48 11 11 83 43 29 88 12 83 79 7 80 73 38 91 78 90 27 93 1 47 100 10 43 25 98 75 3 92 26 74 57 88 22 87 15 76 64 49 3 7 65 28 68 86 41 14 20 61 76 47 19 7 70 79 78 70 8 35 17 43 95 6 57 79 17 62 81 14 20 54 27 35 34 34 40 19 82 4 96 30 14 78 23 36 96 61 5 75 77 63 54 77 10 66 28 7 21 24 89 70 93 16 63 18 69 54 98 41 64 8 
41 90 100 44 69 38 58 80 83 43 74 58 68 46 58 73 27 47 64 11 93 19 96 65 0 70 78 67 18 92 32 88 12 8 37 26 87 73 17 30 34 75 82 8 32 89 100 70 56 47 64 87 29 10 20 44 45 50 45 7 23 31 31 18 93 54 59 39 64 26 89 55 68 85 77 100 21 30 54 23 61 76 92 82 98 21 85 71 11 11 44 15 83 64 30 29 11 93 7 38 58 25 18 73 75 9 3 38 24 16 87 30 93 71 37 50 0 85 36 1 68 53 43 48 33 24 54 7 13 59 7 37 75 63 18 88 100 31 67 1 11 86 15 82 95 100 86 42 8 97 13 91 67 49 80 36 91 29 52 27 33 3 62 18 34 45 91 54 41 47 75 10 78 23 88 58 22 79 79 2 54 78 81 4 34 63 62 12 76 84 40 39 62 75 17 72 79 38 15 82 84 61 33 85 22 83 71 8 39 17 34 76 48 11 21 11 83 52 39 46 65 79 34 1 96 92 1 64 48 38 43 93 50 97 5 71 47 85 90 96 18 53 89 83 15 54 22 67 52 64 25 47 85 3 56 5 40 6 19 13 13 51 37 61 85 50 11 48 84 82 87 87 24 2 90 18 8 2 46 30 40 91 42 24 41 0 58 82 32 92 27 71 24 11 99 13 29 20 14 90 80 54 14 46 74 55 80 98 38 13 47 31 22 1 40 89 17 65 13 47 71 50 24 74 52 70 26 55 38 67 67 34 83 15 96 77 9 65 48 61 1 89 21 90 44 33 28 73 14 92 82 34 85 96 29 27 58 61 26 95 57 32 76 54 100 42 57 28 66 29 77 73 42 65 83 9 85 84 75 82 91 69 25 65 6 70 23 14 64 86 72 85 62 55 35 71 48 76 62 40 29 11 98 5 1 26 4 63 31 32 29 92 19 57 71 30 35 99 81 61 95 92 23 38 28 78 39 85 53 75 27 18 29 10 35 68 49 58 47 64 63 3 56 35 67 65 34 59 10 0 76 82 64 8 26 82 75 43 22 62 91 66 77 53 55 2 33 3 8 74 51 14 58 57 93 84 40 89 2 90 29 60 91 26 48 23 48 26 97 1 26 22 72 86 99 77 81 44 79 30 
96 67 22 89 75 28 74 2 76 93 78 29 0 21 82 14 8 49 21 69 53 22 23 13 43 95 0 65 47 64 41 71 81 14 58 8 72 44 68 84 86 79 100 50 22 8 88 79 39 63 49 67 100 49 25 19 46 4 15 27 52 52 88 17 17 7 95 14 13 26 7 61 25 47 1 92 55 20 93 3 69 8 67 22 39 47 50 82 31 45 63 76 37 90 61 80 38 97 55 2 55 82 12 100 34 70 68 15 98 97 45 57 45 15 77 24 61 80 41 56 8 98 97 82 63 73 21 42 18 62 0 71 14 98 69 56 81 74 77 87 91 34 29 27 48 8 9 31 34 12 15 17 19 94 100 95 16 80 100 87 0 66 87 66 10 73 13 79 91 94 23 24 28 84 27 15 40 47 72 53 92 3 92 56 24 8 95 50 52 24 39 79 17 29 51 72 33 37 7 31 4 38 53 52 81 41 24 31 8 87 21 3 16 46 67 2 31 82 58 71 12 54 46 11 28 38 75 94 79 35 86 88 67 88 25 78 54 91 6 61 1 81 87 52 1 91 54 58 99 94 10 55 11 7 81 70 81 67 6 99 27 70 70 30 39 39 30 11 47 32 82 81 45 38 64 76 24 16 87 39 59 13 14 97 36 16 17 17 55 36 3 86 33 34 62 54 57 58 39 52 15 90 45 68 97 54 0 0 83 3 85 34 86 75 10 56 75 26 9 39 23 66 64 70 16 29 93 30 1 96 90 53 31 74 27 24 54 73 31 32 30 57 10 50 2 4 28 53 94 10 81 58 26 42 35 99 10 43 12 89 29 46 76 99 100 71 85 96 22 28 44 22 55 99 38 93 28 96 89 52 54 88 19 71 92 53 42 99 98 82 66 24 82 20 16 14 67 79 16 7 34 99 57 100 35 4 68 10 98 59 48 35 33 94 44 94 65 54 86 70 78 34 88 6 22 28 66 15 19 31 74 89 52 20 0 100 19 92 20 19 75 59 47 53 85 94 60 65 1 52 48 17 79 65 91 66 34 73 53 1 87 82 12 54 47 18 7 48 65 74 3 11 33 38 28 18 5 35 7 87 27 55 76 66 31 53 81 29 63 86 84 53 11 61 98 17 21 37 60 92 
73 74 64 3 49 19 63 8 49 54 84 13 5 97 2 40 55 76 59 26 39 61 79 73 14 5 75 22 24 60 36 69 31 40 61 10 86 55 27 51 8 80 39 33 46 11 11 22 33 60 3 7 53 95 87 81 80 41 16 97 25 42 5 97 33 47 6 27 97 84 4 76 43 23 89 77 40 63 30 97 70 38 54 65 12 57 19 23 14 3 5 52 29 42 69 81 17 95 4 31 59 57 58 85 16 13 22 28 54 43 65 87 34 16 33 99 82 75 37 98 76 53 11 26 97 87 30 40 15 9 68 69 28 47 78 4 55 45 25 85 36 87 67 4 7 5 85 51 0 48 52 100 67 70 1 76 33 56 67 11 89 38 12 100 3 94 51 23 19 67 52 85 69 2 34 63 47 96 20 3 16 44 76 20 85 11 84 68 65 47 31 68 26 62 16 67 99 26 53 8 99 66 97 73 66 25 5 12 22 8 10 6 54 58 51 35 46 38 38 43 24 50 13 36 5 6 50 51 78 81 7 22 11 41 44 89 9 61 92 16 32 13 45 55 46 0 11 85 3 73 68 89 79 59 71 52 40 14 19 27 32 69 66 69 33 94 16 59 82 77 45 3 4 46 86 19 6 63 62 94 65 84 75 61 5 92 91 45 9 27 46 99 62 40 1 63 28 93 11 19 43 90 45 28 60 2 34 29 24 16 45 10 67 59 8 71 57 27 43 92 31 81 62 0 0 73 23 87 53 54 44 87 89 22 25 79 46 85 11 93 92 69 78 90 33 61 97 42 18 73 36 6 31 23 25 67 55 83 99 20 75 12 64 87 39 26 67 66 46 40 50 28 83 40 51 58 95 95 5 77 6 86 15 69 84 13 38 32 13 28 24 34 56 88 30 83 36 82 93 92 22 2 93 34 33 68 99 9 64 74 6 16 85 33 91 61 36 21 0 69 5 64 60 26 30 75 70 66 64 58 58 64 30 42 11 20 34 20 2 78 55 36 84 27 58 94 100 59 71 78 63 7 28 85 50 21 81 40 17 43 12 62 21 53 75 34 2 18 54 57 70 51 55 22 29 83 77 49 35 14 91 69 6 33 40 75 29 3 10 53 99 8 9 53 22 12 49 61 36 97 
96 91 63 24 69 57 89 8 12 38 68 19 62 8 0 31 31 48 66 49 79 86 74 54 82 49 84 8 79 52 39 20 89 98 31 78 74 1 48 43 52 39 41 81 81 20 87 3 3 24 13 75 67 82 95 85 67 15 52 88 78 96 19 62 96 29 98 52 43 57 83 74 89 78 77 38 80 27 73 5 80 18 99 25 44 22 5 67 97 99 100 54 95 33 96 96 78 33 32 75 33 63 63 54 56 78 65 29 14 92 82 42 94 86 79 87 5 96 75 10 83 54 84 8 38 48 15 9 34 27 84 19 63 97 62 38 32 57 56 9 85 1 97 58 79 73 52 70 51 50 33 16 83 77 76 79 6 15 55 37 10 79 35 35 36 78 100 39 60 7 30 4 80 75 30 19 66 26 55 86 32 9 42 91 47 29 19 52 66 25 16 98 85 83 54 9 58 70 2 100 21 5 46 37 69 35 38 36 32 15 8 47 86 21 6 9 6 59 79 8 49 48 4 20 88 43 67 89 57 53 15 86 75 10 88 73 83 10 23 47 56 63 6 51 23 39 53 41 96 28 7 6 8 26 67 6 7 25 92 30 83 10 42 86 94 2 63 53 52 85 54 90 53 26 66 48 13 10 54 75 100 70 55 45 96 12 7 37 29 98 78 8 77 9 17 47 46 10 18 16 77 34 36 40 58 20 54 88 96 66 65 83 8 76 11 82 60 37 63 43 41 25 33 46 97 22 62 37 43 50 67 39 28 98 0 32 70 35 93 99 83 49 44 83 42 59 26 93 0 94 33 85 93 81 78 18 36 10 15 44 74 80 5 10 26 1 52 9 47 88 96 29 72 10 51 92 76 0 98 86 22 100 22 91 27 68 5 76 46 59 88 61 55 25 79 29 9 92 4 70 86 75 89 2 89 47 93 74 0 88 60 89 59 83 88 59 36 2 7 86 33 90 86 95 54 15 3 46 72 11 28 45 94 91 84 5 92 47 73 22 22 43 69 36 40 85 55 30 6 56 81 61 87 23 39 19 100 32 48 51 25 48 93 28 15 35 56 57 26 81 62 76 56 81 56 29 55 18 20 35 21 67 23 93 24 27 91 9 9 85 5 10 69 50 82 28 25 22 11 82 
66 5 15 49 24 45 6 71 100 76 10 52 85 84 88 25 5 67 58 43 64 50 41 30 36 33 12 90 67 4 34 73 4 72 1 14 6 19 93 54 27 57 50 57 15 55 98 60 60 16 86 0 30 82 80 77 60 96 10 17 44 29 87 76 68 87 44 24 29 38 76 31 74 30 4 16 3 19 10 39 55 88 21 41 84 59 45 6 50 15 93 81 15 27 36 40 98 39 37 93 24 85 28 1 15 32 58 36 71 29 75 14 8 94 47 15 54 31 7 15 74 96 41 4 11 50 97 59 63 89 56 7 76 95 40 31 71 5 31 69 7 22 21 55 33 18 27 6 95 84 98 57 82 58 20 48 47 61 47 74 31 70 60 73 69 17 76 50 7 96 39 47 41 99 45 70 26 21 3 25 26 51 48 60 62 36 15 79 41 8 28 32 93 10 54 0 32 26 38 67 44 58 91 49 13 32 83 13 98 60 75 28 67 81 56 35 8 37 68 35 48 67 82 79 40 82 94 22 87 29 96 40 3 14 70 73 19 92 3 63 33 54 95 69 0 90 53 48 81 67 70 53 85 23 67 71 41 73 53 75 54 27 14 81 99 26 72 0 35 7 21 4 27 87 11 1 41 4 32 75 22 66 92 95 53 22 56 15 36 80 52 15 75 42 66 66 23 68 90 98 56 59 6 2 31 5 50 70 51 96 65 32 93 73 67 21 83 35 88 40 22 50 85 20 53 17 24 52 40 7 5 53 89 3 78 18 52 66 72 15 24 71 9 10 100 58 87 11 83 95 32 75 60 7 37 36 89 77 48 91 62 8 23 25 91 29 23 62 59 66 38 81 4 46 88 18 37 20 50 47 69 64 35 97 82 78 43 3 60 90 27 46 1 99 40 93 62 65 1 47 65 9 9 46 29 62 19 1 75 9 98 46 44 95 39 17 51 82 13 59 98 42 89 33 77 51 68 14 17 1 71 58 27 54 90 73 71 38 89 76 30 26 10 81 75 1 34 60 54 43 44 82 7 85 6 85 45 70 52 44 78 5 71 56 78 59 9 33 26 86 23 73 33 40 52 66 38 74 64 57 92 74 73 82 15 16 29 90 90 72 11 17 87 30 36 4 32 62 74 35 
58 40 37 98 74 85 21 61 59 65 23 77 43 62 88 44 46 80 62 10 32 65 70 89 84 64 46 100 84 85 14 76 40 10 91 89 41 78 9 47 51 47 66 63 2 22 46 24 73 1 20 26 35 5 77 37 87 0 28 49 81 19 35 75 95 93 5 64 43 70 49 98 99 72 80 36 65 75 80 10 34 37 29 14 58 17 51 94 48 11 93 78 96 96 68 34 48 23 5 57 35 50 53 41 84 100 100 47 50 38 11 84 95 67 13 98 34 36 49 33 50 27 30 76 54 59 34 22 8 0 46 86 3 11 91 4 37 88 36 56 73 23 2 48 29 94 100 50 52 54 69 31 5 37 88 35 43 71 38 81 65 84 22 22 7 91 79 1 5 25 44 93 22 26 38 86 7 37 65 34 87 97 42 77 75 55 22 73 22 25 71 76 70 28 51 99 5 27 20 80 84 18 100 92 24 91 17 31 75 2 55 61 49 76 46 94 16 14 79 98 5 39 67 14 7 96 56 43 91 43 4 96 67 64 97 24 33 44 89 69 27 24 73 27 24 2 88 99 2 92 1 88 84 21 20 79 89 1 73 51 96 44 0 38 14 9 41 69 93 74 21 79 62 94 95 13 57 51 58 92 42 83 62 30 88 70 9 29 20 66 85 14 46 52 62 59 16 23 17 78 15 2 20 52 51 83 100 95 13 73 24 74 42 10 55 42 71 34 35 83 94 11 10 55 49 49 63 58 25 9 55 87 71 50 20 76 37 47 13 42 38 4 88 87 97 7 19 15 38 99 70 27 78 54 86 85 55 98 0 2 65 41 0 9 100 35 18 23 41 97 72 48 29 42 28 45 48 40 5 19 52 68 8 50 78 59 52 10 57 69 32 84 42 18 54 99 9 16 27 13 59 77 40 57 17 100 14 87 96 77 97 21 85 55 6 99 18 24 99 42 24 49 81 17 26 35 6 0 33 1 10 16 84 52 41 6 55 99 80 44 75 96 17 14 77 22 22 4 39 83 17 10 26 93 16 63 27 39 57 40 27 11 97 38 8 19 88 83 90 19 66 77 60 58 31 39 62 19 68 42 93 86 80 29 4 40 81 92 50 93 63 1 43 27 52 76 59 63 79 18 
89 20 5 66 81 17 35 88 49 29 41 42 89 59 8 26 80 85 76 21 41 58 29 76 89 52 84 18 1 9 43 46 30 73 41 44 66 66 76 20 0 7 47 41 93 94 59 93 4 44 47 44 90 22 22 93 4 49 62 65 69 67 56 82 21 26 24 60 17 100 93 76 22 43 62 90 79 38 30 24 80 1 2 5 92 10 79 40 86 67 5 34 9 27 19 66 65 80 78 59 90 69 32 19 79 59 13 79 35 24 83 91 35 84 9 63 67 94 22 60 56 87 45 10 100 54 14 9 42 39 77 98 89 26 36 20 48 40 75 13 46 10 13 82 25 22 72 18 14 51 99 48 7 46 71 73 52 57 97 66 36 80 30 23 1 62 22 98 33 44 63 23 38 90 36 33 23 55 0 29 31 24 70 81 12 48 71 80 94 99 90 23 37 79 33 91 77 17 99 47 34 15 10 78 99 63 85 30 33 44 69 7 51 13 96 81 9 58 7 60 29 10 81 24 12 72 68 95 52 65 7 72 7 49 11 29 75 22 46 64 48 87 30 65 46 1 6 70 4 45 7 76 15 57 45 8 7 13 24 75 76 54 73 93 68 99 42 65 68 26 70 52 76 37 5 19 32 7 54 20 45 4 31 45 21 28 35 45 79 94 41 23 68 94 43 14 18 41 12 72 86 0 88 81 26 60 46 17 10 38 67 10 7 85 7 67 97 31 45 80 67 40 43 85 11 69 81 57 53 14 67 60 8 1 54 40 46 87 15 20 62 65 100 62 81 27 52 37 10 36 61 97 44 73 85 26 86 53 3 26 23 82 29 51 31 93 78 88 90 58 80 47 3 30 80 98 12 88 55 40 7 39 31 42 33 77 72 18 61 16 67 66 39 91 96 98 41 89 30 0 91 62 10 68 20 9 44 54 5 94 77 35 71 39 49 83 33 56 80 57 34 42 10 60 71 37 3 62 35 56 27 7 48 10 35 66 40 24 66 60 2 55 28 64 91 29 50 73 65 25 95 88 84 24 94 14 71 51 17 63 98 44 82 32 5 19 58 27 58 34 76 97 16 96 73 65 48 24 86 75 67 72 74 4 76 90 46 8 65 92 82 43 17 75 27 8 11 18 99 13 
84 80 81 100 16 94 41 98 37 9 81 23 33 100 53 7 79 34 22 96 79 62 1 77 92 38 63 99 54 80 66 81 6 60 52 69 31 31 34 32 8 12 27 97 26 60 76 54 20 73 17 60 12 75 52 58 82 67 0 49 89 1 89 30 96 9 44 38 74 92 28 51 7 87 28 79 4 14 36 72 6 37 44 35 82 35 31 89 17 76 52 57 39 5 92 55 38 82 90 2 8 70 22 3 76 10 69 51 51 38 68 47 80 17 77 7 72 52 81 45 80 4 12 25 75 75 42 66 77 67 74 37 16 2 87 3 71 66 2 68 63 61 76 10 45 10 65 19 13 86 0 0 66 6 22 15 39 42 28 8 26 35 30 13 36 2 11 3 61 83 66 20 37 28 46 18 38 62 62 29 10 39 80 10 68 100 61 74 87 94 95 15 29 79 54 89 97 24 40 72 72 46 39 21 63 46 80 46 20 80 75 89 65 67 56 48 38 58 43 29 88 62 39 50 19 77 29 22 42 87 97 4 60 3 94 52 70 35 81 32 7 41 30 18 14 25 93 86 26 95 33 32 20 38 27 32 74 43 96 20 85 71 52 68 57 93 79 26 54 56 2 100 27 74 59 65 30 27 66 34 96 33 20 19 47 79 95 32 28 63 80 30 93 37 69 84 83 86 12 61 7 90 55 91 79 93 23 69 20 90 25 72 57 47 18 1 98 61 81 36 85 56 16 22 47 87 59 72 28 31 91 60 62 46 34 41 64 61 21 23 79 18 86 17 91 91 43 61 39 90 49 93 11 76 54 48 86 76 59 69 60 6 13 22 28 24 0 47 19 50 85 89 13 90 66 1 97 95 86 44 20 72 85 96 39 26 25 34 98 36 53 39 53 100 30 83 24 21 18 16 59 33 78 68 83 64 75 10 11 84 52 74 87 52 40 97 72 3 100 16 32 91 54 33 75 56 71 86 33 45 93 26 2 95 8 31 19 22 59 72 96 79 11 99 51 27 78 86 59 61 45 31 4 3 0 80 20 11 23 9 95 42 6 74 0 28 59 67 39 32 32 86 19 33 82 100 14 55 40 97 58 17 6 41 63 8 98 17 41 21 57 32 49 33 86 23 8 24 5 59 
17 84 2 88 25 57 70 89 53 67 81 45 15 86 60 65 77 80 2 73 51 12 39 19 41 62 20 53 73 24 11 15 21 39 52 81 21 41 54 80 51 85 42 56 91 90 92 49 11 93 88 95 28 52 69 0 20 38 10 88 49 3 32 34 69 4 85 81 89 11 87 59 18 98 29 38 6 8 8 76 49 45 65 100 72 72 36 53 36 33 18 37 2 40 84 1 94 11 75 37 49 36 78 26 71 94 6 62 67 66 45 44 51 16 31 14 13 85 9 35 4 86 94 8 56 39 46 42 19 7 9 34 99 38 42 1 81 41 10 16 38 83 2 31 36 21 57 1 67 15 78 39 72 13 22 73 35 78 54 42 80 57 95 71 40 91 55 89 73 66 2 3 1 20 42 55 70 45 80 27 87 15 39 63 74 52 93 37 48 33 22 45 77 92 59 44 85 71 67 68 97 50 92 44 51 77 70 86 77 31 52 44 49 78 67 10 51 63 1 76 15 56 8 38 2 8 92 54 93 60 19 22 54 48 86 63 27 80 70 43 68 18 21 35 55 29 76 8 97 60 2 46 12 65 5 90 11 60 74 38 61 21 64 2 28 100 81 88 81 90 56 76 16 97 35 10 56 73 54 23 67 95 100 72 30 80 93 36 57 68 38 38 83 61 14 34 20 100 58 99 95 42 27 98 24 48 69 49 37 23 12 70 79 51 81 16 98 62 75 54 27 36 17 47 25 52 82 10 35 10 75 35 6 95 91 96 82 100 78 71 46 0 16 96 1 5 7 94 64 28 33 13 42 68 71 17 51 89 35 89 44 45 15 32 0 51 76 40 16 17 47 44 26 47 33 74 98 39 10 54 32 61 95 34 97 67 8 85 37 42 22 13 69 65 3 18 18 54 63 74 54 63 19 78 85 24 15 65 80 58 53 61 67 35 66 16 21 18 78 68 99 93 47 10 76 58 32 11 100 26 92 70 42 56 99 99 40 92 64 79 76 16 16 92 50 72 7 11 16 44 3 48 2 48 63 61 7 22 34 68 19 5 71 6 88 94 49 69 88 100 9 49 88 19 50 92 29 57 7 26 34 100 4 4 66 59 64 88 14 58 61 81 71 22 94 91 83 80 92 19 
59 23 10 12 58 58 100 22 55 28 94 72 86 9 56 79 67 29 41 5 81 53 59 24 47 80 83 64 8 97 74 80 70 48 84 37 17 50 17 80 39 86 5 75 18 21 12 0 100 61 42 3 48 26 79 36 73 81 32 8 54 85 63 24 0 76 9 57 29 90 40 74 47 100 46 75 23 39 39 83 86 25 79 73 72 33 9 41 54 42 48 86 28 58 25 15 53 67 13 15 98 36 50 8 21 89 0 7 18 29 54 34 10 86 41 26 64 82 86 53 39 52 88 55 24 10 83 14 45 69 6 25 10 66 36 23 23 36 86 19 84 2 92 100 54 15 69 50 72 93 44 21 69 9 72 69 41 94 34 73 20 15 36 55 30 97 91 53 67 91 22 23 86 28 7 60 13 49 89 79 55 86 43 35 50 10 24 54 90 18 49 63 87 89 61 70 13 94 14 78 21 83 7 52 31 38 34 49 87 86 87 39 70 90 35 73 53 9 72 54 53 30 71 47 12 62 40 11 90 74 68 43 100 90 32 37 63 93 1 51 94 26 50 61 19 30 39 30 68 13 15 43 32 18 32 4 37 92 3 67 49 10 77 44 76 36 1 26 80 2 63 39 74 33 36 4 11 54 4 22 43 49 67 11 52 2 85 6 64 97 12 51 71 40 9 73 54 37 76 5 70 22 5 39 35 75 57 13 57 4 94 26 5 86 13 10 97 80 18 72 70 66 89 35 47 31 92 51 88 70 47 37 92 80 35 71 22 53 8 89 40 67 42 55 87 90 50 53 96 2 48 83 80 72 24 39 95 38 98 47 93 40 28 89 17 57 88 95 62 48 22 11 70 38 48 47 86 49 54 95 87 1 88 82 11 74 71 76 54 71 83 93 85 2 54 57 45 94 14 7 39 36 55 43 79 65 52 27 100 70 10 93 34 18 35 20 51 56 8 53 21 44 95 91 60 23 78 80 50 100 99 100 21 80 18 41 14 28 52 28 24 17 76 90 42 64 67 100 74 45 80 85 2 37 87 37 7 3 94 75 64 98 92 46 10 73 68 15 48 29 74 60 23 100 37 96 49 26 19 89 92 77 97 51 0 93 69 12 100 69 16 48 29 45 93 15 18 17 36 21 
53 60 73 88 50 17 80 31 64 51 47 8 32 35 30 5 79 65 63 7 4 99 20 7 10 26 76 85 15 71 36 91 90 57 53 19 56 29 47 64 96 50 83 89 81 11 61 92 43 58 44 46 66 12 83 60 93 9 76 31 11 15 55 49 88 21 11 62 62 83 58 48 87 91 81 70 10 46 66 25 94 76 13 17 13 28 89 28 26 52 63 33 34 68 11 88 45 16 92 63 42 38 1 62 12 60 20 93 56 6 36 49 62 64 10 5 74 16 81 66 78 99 54 27 56 62 7 77 73 79 27 9 28 22 16 86 90 3 55 93 49 18 13 16 38 69 90 89 29 12 75 83 11 45 12 41 18 17 49 78 12 38 65 34 77 78 98 68 2 48 61 44 78 98 58 97 98 27 17 62 98 34 40 61 80 19 63 72 32 62 26 71 59 11 8 92 55 62 17 54 42 73 4 66 19 59 48 59 40 60 46 12 11 35 80 80 72 7 50 1 30 30 21 16 90 51 1 60 59 6 88 50 1 31 64 99 81 50 2 25 31 36 75 17 32 68 94 38 35 68 6 65 43 93 5 29 60 45 80 75 20 70 11 63 77 46 16 12 100 36 57 68 73 0 15 99 24 83 17 61 14 32 84 43 97 87 58 59 39 37 45 28 13 76 2 87 93 6 30 2 0 81 71 25 98 70 72 3 61 20 55 13 16 23 89 29 87 15 56 13 17 36 64 93 50 67 89 81 35 98 48 43 62 4 26 79 2 96 38 15 77 30 87 84 23 76 66 82 46 97 49 80 27 71 18 19 26 89 40 74 12 43 39 38 6 42 86 93 0 40 10 2 45 61 42 22 0 2 7 41 97 55 98 13 15 6 48 36 80 70 29 34 26 2 73 99 70 27 6 11 14 24 89 97 65 1 36 75 65 83 72 22 73 18 82 3 63 77 56 48 18 3 45 39 90 62 95 38 62 87 72 74 74 2 73 85 33 65 91 4 57 99 40 42 67 100 13 68 72 75 2 44 75 45 84 27 56 35 68 22 72 29 29 18 53 100 32 88 63 73 8 34 66 41 67 25 4 68 52 59 19 40 84 53 85 36 46 5 22 34 72 67 70 29 61 93 2 97 25 89 
18 79 85 90 19 88 41 83 32 2 76 4 62 86 100 13 26 2 28 51 97 29 56 22 65 7 57 51 44 47 14 6 8 45 14 16 77 76 69 19 40 43 1 99 24 52 32 45 66 73 83 50 89 12 67 78 53 38 57 34 37 67 53 42 41 88 15 23 9 10 74 81 71 25 51 15 45 44 90 44 66 97 1 79 58 90 24 91 33 23 48 93 60 69 28 12 34 25 60 19 92 90 81 91 31 65 75 86 14 57 6 85 87 92 37 6 71 68 78 56 99 47 95 91 65 2 95 56 77 74 33 60 77 85 20 17 50 23 98 54 42 8 47 100 40 56 61 38 17 47 24 40 95 92 59 84 34 79 86 29 49 78 24 20 3 92 68 63 69 39 50 38 16 49 20 72 83 27 34 52 51 38 39 39 11 66 72 18 28 28 85 3 87 2 41 81 87 100 99 1 71 38 20 93 70 53 42 95 54 52 88 31 70 80 27 87 98 51 26 8 87 3 100 87 27 40 28 13 37 44 40 14 50 75 1 90 76 31 17 82 81 16 91 87 87 67 58 71 22 56 54 52 73 5 26 92 42 32 73 95 36 94 38 63 36 23 63 90 34 69 64 23 0 91 57 48 32 24 27 37 40 62 58 92 47 58 87 51 49 11 47 4 76 24 47 79 74 26 61 58 42 97 54 28 81 75 37 79 40 3 31 53 46 49 57 28 22 97 55 37 28 1 91 62 67 24 85 7 15 25 62 16 12 23 5 44 14 67 54 100 90 100 38 86 34 99 44 21 39 29 36 67 40 15 10 54 82 96 100 73 9 99 20 85 59 39 73 1 93 40 12 98 16 67 4 16 25 22 3 58 97 30 91 54 45 92 62 32 35 44 23 39 43 33 76 78 89 73 72 99 15 16 24 4 82 65 51 58 28 45 33 55 4 90 6 36 69 74 13 87 79 28 74 40 79 99 78 12 77 59 86 99 97 95 39 85 69 5 92 70 22 24 54 99 67 91 66 80 14 83 15 16 12 57 4 71 69 8 83 98 37 78 99 66 6 1 39 32 58 43 87 85 69 18 25 97 7 63 58 8 100 88 44 64 39 16 77 62 61 97 40 64 79 23 7 86 50 95 29 14 
27 26 50 8 87 78 100 80 33 3 22 36 25 73 45 2 44 56 0 38 70 97 73 33 95 24 44 59 40 34 61 98 84 27 41 14 16 8 80 61 41 3 75 27 55 88 98 69 18 3 97 4 0 63 46 36 45 19 5 5 28 41 96 21 18 26 92 47 57 4 24 15 0 56 12 61 65 7 99 74 84 42 53 74 82 85 72 20 87 58 9 23 39 54 27 40 92 61 2 72 66 20 34 72 3 87 56 69 30 30 56 70 88 15 2 95 53 92 7 35 71 68 5 0 83 64 66 67 20 10 36 35 19 88 32 25 69 7 30 17 88 0 84 68 55 76 22 84 25 16 95 43 85 78 14 33 48 4 58 14 24 46 73 84 78 72 39 43 35 3 63 62 83 66 50 16 17 75 88 89 84 4 49 36 91 3 3 4 66 73 79 13 45 72 44 94 32 71 1 79 53 8 85 100 69 53 13 45 93 52 83 17 33 52 13 39 63 3 29 68 84 85 97 31 15 19 30 29 26 0 38 73 31 66 41 47 61 44 32 7 99 43 24 89 79 89 71 67 37 100 81 35 40 16 67 62 19 6 67 81 95 52 5 99 55 63 33 26 57 15 52 67 68 67 8 63 9 71 31 72 72 37 4 37 59 18 92 77 26 21 22 30 43 2 73 72 6 26 44 79 94 5 6 37 20 67 78 89 49 41 55 93 54 46 94 85 2 60 3 14 13 51 91 98 2 51 29 69 39 17 32 67 38 91 54 48 43 68 41 47 90 39 11 39 14 70 7 55 21 68 83 86 31 60 29 49 2 79 79 0 56 17 22 46 39 11 30 13 45 49 6 44 83 25 45 47 4 85 29 19 24 62 67 12 100 99 45 78 67 59 65 17 39 92 24 32 70 63 13 73 60 71 41 36 91 49 80 17 87 12 76 80 83 1 38 1 76 60 77 91 12 84 96 79 35 94 14 70 73 52 0 13 51 83 69 47 45 28 72 80 91 21 4 68 15 52 99 75 36 37 73 89 11 30 51 20 7 57 10 32 66 36 83 86 74 50 48 56 52 90 30 37 77 70 31 26 29 75 18 7 3 26 97 100 30 89 2 71 53 4 35 28 74 71 29 43 50 9 29 39 
59 52 5 33 53 97 2 75 73 49 86 48 38 50 99 22 84 66 31 28 63 90 47 82 87 38 53 16 41 8 15 82 17 42 87 81 67 9 74 96 24 79 5 24 83 64 57 69 68 99 8 49 98 16 62 89 89 59 37 20 100 66 31 66 99 4 95 79 93 48 92 1 2 91 65 62 94 31 17 2 63 68 70 49 16 96 90 24 52 42 47 21 23 77 82 17 45 57 99 26 28 90 22 88 70 94 16 78 52 81 52 17 22 39 73 8 76 47 1 99 26 87 44 8 34 66 6 93 38 13 2 51 7 26 73 99 7 6 48 89 59 36 97 17 3 3 86 56 53 41 100 6 65 96 75 66 98 68 52 82 81 5 73 10 64 16 28 90 63 97 32 14 63 56 90 16 5 92 36 95 57 0 59 88 74 0 61 58 45 28 23 50 62 34 99 74 87 72 81 61 84 87 69 34 85 68 67 68 49 29 11 31 59 22 4 88 33 83 98 56 26 17 71 27 8 88 15 7 78 32 25 93 32 31 81 86 26 39 21 92 49 70 53 96 77 58 64 12 84 4 91 74 65 17 78 4 40 34 36 8 28 62 8 89 3 7 48 49 53 62 0 97 38 82 2 16 67 86 22 12 46 22 25 27 12 9 85 25 94 4 47 86 38 21 15 50 73 54 42 28 23 46 6 56 4 97 20 82 47 94 20 22 55 9 73 20 14 14 52 47 54 45 68 66 62 32 8 55 9 9 14 38 49 65 86 97 90 64 43 18 23 76 71 90 96 39 30 22 64 1 45 62 89 29 87 94 98 97 19 2 76 80 66 51 84 13 11 8 19 79 33 32 1 93 98 90 69 85 91 92 22 39 92 100 64 5 97 26 28 56 10 92 83 87 88 16 7 93 80 23 0 91 73 7 87 11 22 69 16 18 33 32 46 74 50 91 19 35 91 14 34 51 49 84 27 17 36 39 38 31 52 89 97 78 88 91 83 8 14 87 12 91 64 2 99 71 15 11 61 13 19 86 88 23 40 42 16 46 78 56 2 56 26 20 48 15 3 53 3 15 62 75 95 44 54 41 46 75 25 51 37 53 14 58 49 50 32 29 1 86 92 10 31 47 46 99 37 92 75 41 
67 25 4 99 13 22 39 81 74 45 62 54 99 43 52 27 7 55 31 100 52 7 46 89 4 88 70 19 54 70 17 33 75 18 19 12 33 26 61 70 54 76 24 40 36 72 52 84 57 44 79 34 63 42 45 96 12 80 52 65 83 14 64 97 18 0 22 89 3 79 74 75 11 17 87 57 1 46 40 65 46 67 57 68 7 39 87 53 86 0 85 97 17 89 41 25 30 10 52 62 55 13 74 17 14 79 35 100 33 41 83 85 19 100 100 90 38 60 22 67 41 97 90 3 82 17 100 12 4 59 20 19 8 35 25 14 4 57 31 41 83 76 93 22 46 43 52 7 80 99 100 36 55 97 99 59 21 80 78 22 62 10 28 88 74 73 18 75 38 26 82 43 88 10 97 7 85 79 89 65 90 52 25 91 65 52 56 57 44 61 2 17 58 65 58 27 72 22 55 40 2 25 84 74 46 72 80 89 62 6 53 34 17 82 10 47 51 92 71 88 11 94 73 89 38 32 44 97 14 83 46 96 90 40 89 88 64 53 73 85 88 5 94 67 35 95 53 96 70 32 61 2 19 87 82 73 2 23 92 71 37 100 65 1 17 28 13 55 44 95 84 94 1 91 57 49 92 83 44 14 6 90 91 68 77 11 34 59 47 42 43 16 65 3 24 47 39 8 18 96 50 83 55 52 23 22 26 100 5 77 9 66 51 100 21 5 23 88 59 53 35 82 46 14 34 93 78 63 51 51 44 26 58 96 7 46 62 83 48 95 33 43 6 94 22 15 92 53 53 95 2 39 32 8 26 34 34 91 22 74 88 50 63 76 64 2 61 28 20 61 91 70 67 62 73 18 97 98 0 80 32 71 75 37 27 13 97 77 10 58 89 59 80 4 64 74 70 84 22 97 5 40 41 65 17 52 54 10 51 73 20 30 100 26 52 0 19 17 67 71 80 26 37 6 70 50 53 61 40 73 3 70 74 73 76 25 93 71 78 73 73 18 41 38 92 85 28 14 58 67 61 99 55 63 99 36 0 60 65 75 48 1 47 48 64 12 10 38 98 80 10 68 95 38 83 90 85 6 8 88 24 60 89 34 41 39 39 15 95 73 24 50 55 12 48 66 8 13 27 6 
42 15 37 54 4 36 23 65 73 10 71 81 1 8 68 79 79 10 92 12 20 81 71 81 95 29 5 49 2 84 20 59 54 40 21 64 14 37 67 41 87 7 86 8 97 1 80 77 82 96 79 99 57 89 12 74 79 21 11 94 94 75 25 67 12 15 67 73 28 96 19 44 15 2 79 89 86 93 41 84 83 81 0 72 86 40 67 3 99 67 5 92 42 52 79 26 6 2 58 24 69 29 30 46 18 86 76 38 59 17 18 28 34 17 64 99 71 39 39 36 51 12 97 13 39 75 77 6 15 93 12 20 19 61 45 19 74 97 32 10 35 25 81 41 100 31 33 73 54 0 76 17 76 5 0 58 70 20 68 48 15 93 13 25 79 76 33 20 85 31 51 9 5 77 13 81 82 34 70 72 6 87 76 44 36 7 31 44 91 86 61 17 79 89 78 37 61 59 57 36 10 61 1 44 23 41 6 13 30 91 1 68 3 48 41 24 88 8 100 69 62 60 62 72 1 27 40 43 48 26 85 13 76 71 47 41 76 18 13 79 90 17 47 26 63 49 21 17 16 45 38 32 75 79 90 55 97 4 70 58 24 25 100 89 70 58 16 74 98 16 68 38 74 14 29 83 67 88 47 14 33 95 76 56 23 60 82 17 96 75 99 47 80 50 69 38 94 2 53 83 38 48 80 4 31 8 5 3 32 4 68 77 2 30 75 59 10 21 65 27 49 76 68 48 38 81 61 84 10 15 35 88 64 78 41 80 5 67 89 83 37 74 91 0 47 4 23 86 87 87 1 96 1 5 52 13 2 64 44 34 54 2 22 4 29 53 80 57 94 15 28 72 99 17 11 90 67 44 60 39 76 52 79 88 99 50 70 83 78 22 56 56 25 31 42 47 85 31 73 61 39 73 99 35 24 80 36 24 18 76 2 81 97 89 58 28 7 72 54 72 41 58 24 55 12 89 19 5 72 57 33 78 36 22 1 59 5 21 1 92 44 47 60 46 1 91 5 37 26 64 39 36 29 41 89 4 95 18 49 31 57 84 41 61 40 11 74 74 90 48 10 50 92 96 90 0 70 38 63 27 14 38 92 70 55 37 97 8 12 45 23 17 86 72 62 89 94 35 58 65 
28 74 37 69 39 0 100 46 94 41 43 14 67 95 91 90 46 43 40 100 73 5 74 29 75 80 89 69 91 76 58 34 98 15 17 53 3 9 61 51 9 4 51 54 98 81 96 44 80 76 90 52 18 22 3 48 66 66 76 46 89 9 10 82 93 8 68 67 81 65 6 48 2 47 25 74 62 71 17 44 46 19 49 78 37 18 83 69 17 43 32 21 77 35 86 19 14 82 0 88 87 90 11 50 21 59 63 73 3 60 85 68 99 14 91 32 65 66 38 3 0 98 79 14 6 18 9 33 43 24 16 51 9 21 50 15 11 2 75 82 53 95 98 43 83 56 6 73 36 56 73 80 36 35 83 34 46 28 85 4 13 24 72 87 61 2 85 97 83 35 51 93 9 69 1 100 58 18 94 97 7 1 72 3 22 26 94 78 17 0 12 26 57 0 14 87 58 20 70 98 6 96 27 69 67 92 30 90 29 71 49 40 98 42 11 16 5 27 21 20 86 31 35 71 64 17 36 62 5 79 28 36 70 40 78 65 98 97 77 20 1 5 70 54 35 15 65 49 51 18 46 36 5 3 73 2 96 92 0 64 37 10 92 82 13 9 64 55 51 3 11 5 81 18 49 22 57 2 55 15 9 71 94 23 24 32 72 25 67 0 69 33 13 27 68 59 65 9 35 89 45 47 50 71 0 92 93 90 45 31 7 80 90 74 30 30 56 88 33 14 61 19 72 2 80 71 24 15 98 28 25 34 69 35 89 50 14 45 76 6 26 47 26 31 18 28 24 9 53 17 19 60 65 34 16 74 92 43 85 64 68 38 28 42 41 35 22 37 36 46 5 90 40 66 39 36 6 81 78 34 32 62 90 9 19 92 8 9 98 14 33 100 82 44 23 51 16 39 81 84 0 35 70 22 28 11 92 80 22 37 36 80 96 26 54 51 58 92 21 64 4 12 51 60 82 0 54 56 10 90 34 41 8 91 11 83 81 62 52 40 69 28 21 25 75 72 50 81 19 18 67 6 54 96 34 99 34 37 64 39 12 19 42 20 92 23 58 45 4 29 33 69 72 28 89 59 31 2 0 19 43 74 14 16 25 47 71 11 18 80 47 100 81 50 17 36 1 40 7 52 
44 78 47 62 96 35 83 34 10 60 19 99 96 79 63 18 89 94 63 0 50 98 2 79 52 8 95 89 96 58 65 69 71 50 68 31 73 27 23 72 63 31 63 42 8 19 58 89 52 25 40 80 3 12 80 13 11 30 36 39 2 86 96 8 21 52 62 4 58 34 52 72 3 3 58 2 47 70 97 71 56 7 63 13 91 44 82 38 64 53 82 3 50 68 2 58 36 99 92 36 30 25 38 26 21 16 1 78 100 37 51 15 100 54 88 26 25 36 3 55 43 65 88 53 87 28 11 46 62 56 13 13 39 60 25 80 79 79 57 0 94 78 83 41 41 88 55 82 17 55 23 57 39 68 63 70 39 58 52 67 55 65 98 33 31 61 43 52 79 47 52 78 42 8 19 3 30 54 93 17 20 70 25 58 13 41 11 54 73 25 15 68 1 18 76 72 20 2 29 29 52 92 24 69 52 34 13 13 40 1 79 91 52 61 20 18 12 96 66 21 45 32 73 74 46 48 81 39 85 10 86 65 84 41 18 21 48 23 66 71 71 2 58 55 66 73 26 66 52 6 54 96 80 56 81 14 67 79 22 42 71 70 77 32 92 11 71 48 40 99 7 63 98 24 69 37 34 80 68 46 46 6 5 69 3 33 79 3 69 75 42 58 45 6 79 69 21 80 95 17 0 11 74 83 98 29 50 67 43 46 34 2 24 46 48 19 22 15 51 94 6 33 77 54 17 21 15 80 65 34 27 78 6 89 44 95 76 31 4 66 39 17 19 95 80 14 34 55 66 98 97 54 25 40 58 78 88 9 88 37 99 62 55 36 19 69 13 62 49 85 51 28 9 95 51 88 20 13 72 75 55 24 100 10 14 88 92 40 78 49 15 83 50 6 35 29 47 41 50 51 70 14 45 97 97 69 59 33 64 59 85 93 55 58 71 57 26 84 82 76 99 24 70 13 98 74 84 41 55 27 78 63 34 97 92 88 49 17 41 81 87 51 24 24 86 40 28 100 40 62 5 95 17 87 50 3 63 98 96 31 47 57 51 48 99 66 77 36 65 29 33 49 62 4 57 13 25 56 51 36 12 76 35 65 75 40 29 9 44 25 96 40 69 29 1 28 98 31 44 22 
41 64 47 47 93 55 57 39 35 4 86 24 86 66 72 30 51 29 8 28 76 16 18 63 51 46 64 9 78 65 50 20 92 59 72 75 51 19 17 94 90 97 61 71 60 29 33 98 49 10 84 69 14 77 60 58 45 68 50 44 75 86 9 29 3 30 99 94 89 29 39 24 45 54 77 10 10 45 57 44 64 49 58 76 70 87 13 66 98 81 75 31 81 99 81 73 60 92 50 20 75 34 83 90 40 65 54 54 100 45 19 52 41 14 6 52 75 91 59 4 75 17 46 29 77 96 24 100 64 83 82 99 7 70 64 11 10 40 18 61 82 83 82 19 72 64 56 36 70 28 1 47 53 17 64 26 83 94 79 6 76 23 88 27 27 16 26 76 69 17 55 38 92 77 6 8 95 87 81 22 2 71 39 7 34 47 40 96 100 50 2 96 94 28 63 49 29 35 48 50 95 13 97 12 21 34 47 57 11 74 96 9 20 47 45 18 85 27 23 88 67 96 94 84 90 77 52 98 4 9 66 83 39 53 39 35 18 28 68 69 100 6 100 100 51 80 87 63 76 20 20 3 14 59 46 12 44 56 45 25 56 70 98 78 60 96 46 89 49 96 26 41 72 39 68 46 91 19 27 12 54 75 19 89 5 0 83 15 69 100 26 43 31 72 27 82 9 99 72 2 9 41 100 85 13 76 97 36 62 3 71 96 38 98 13 23 90 9 8 33 99 15 78 13 11 50 27 91 27 83 50 28 80 20 68 55 72 13 34 7 5 65 65 59 64 1 72 9 59 9 39 70 57 41 98 38 75 61 81 15 66 92 64 65 40 41 88 16 13 85 93 72 97 35 1 34 35 12 87 87 36 100 14 15 80 85 52 65 27 49 0 30 86 26 50 82 65 38 75 25 72 84 66 51 87 60 67 73 75 3 49 37 4 93 20 37 83 34 71 26 57 87 75 6 10 18 92 95 86 37 2 34 89 24 43 76 31 24 55 16 51 64 78 74 15 20 86 9 48 1 14 77 15 18 65 37 63 63 37 20 51 86 57 65 13 1 38 68 52 31 88 20 66 44 92 36 15 63 50 92 90 15 21 39 7 53 30 85 6 74 49 99 40 27 78 89 79 3 42 58 
86 60 2 43 15 63 55 0 90 94 18 86 68 85 91 75 90 68 66 4 6 51 79 23 29 92 32 88 81 1 5 7 56 38 74 93 86 2 52 97 36 94 52 100 28 15 81 62 53 24 38 30 86 83 38 90 22 58 44 84 12 30 76 91 55 93 31 54 47 59 86 4 19 26 55 42 18 76 57 38 87 4 0 93 14 9 92 64 3 100 91 74 71 3 83 45 35 73 77 16 23 82 87 64 66 55 81 81 25 22 22 89 48 99 38 12 19 57 59 74 42 75 6 73 50 0 90 96 69 41 93 39 65 18 77 38 29 95 92 38 44 75 58 36 66 11 12 14 16 86 28 53 37 18 4 62 57 45 48 58 22 37 60 81 72 30 29 55 2 85 81 37 43 72 65 27 37 12 25 85 47 35 91 28 37 31 72 8 2 4 36 57 20 48 49 19 61 29 28 73 25 23 12 91 56 8 5 80 6 41 55 25 79 51 53 93 34 78 91 70 18 7 46 72 5 22 48 52 85 61 98 82 26 91 0 81 66 40 6 70 87 50 80 78 22 14 95 70 40 44 72 54 36 75 49 45 0 91 58 64 26 71 18 63 25 81 19 49 0 30 24 69 39 23 70 46 80 50 100 42 60 23 68 100 44 59 29 98 37 43 28 70 83 36 53 80 33 52 8 19 35 76 76 16 7 80 4 28 32 40 89 53 52 90 72 84 94 39 11 87 21 68 22 26 92 19 67 46 27 73 62 62 34 43 37 46 89 61 67 58 27 35 57 19 50 58 10 43 83 7 61 56 76 41 15 41 93 22 78 8 87 46 96 22 4 58 62 65 5 67 26 36 52 36 22 81 10 53 71 2 64 82 29 48 12 98 85 2 61 9 13 37 32 55 45 66 22 44 61 39 67 17 70 95 56 8 35 57 6 63 89 4 24 50 10 10 15 83 96 36 74 10 87 20 11 58 65 75 69 7 70 5 10 62 74 51 68 5 86 98 18 72 69 92 50 10 23 50 66 35 85 77 56 26 75 22 32 62 30 73 4 16 10 59 37 38 68 85 59 6 96 40 45 5 62 67 54 5 55 76 38 24 100 52 40 32 88 39 61 63 86 84 42 25 90 6 44 5 13 90 
16 80 76 93 86 2 91 42 1 19 63 26 69 13 38 77 64 3 90 5 21 30 61 66 76 24 15 50 5 45 23 44 42 22 61 59 72 55 47 39 61 6 18 89 96 21 53 3 50 16 78 10 65 77 38 65 39 37 39 76 2 87 18 80 75 83 22 83 29 61 75 23 33 45 70 46 78 28 74 62 88 24 77 66 82 69 46 65 35 83 26 20 59 49 44 37 8 53 34 94 19 6 84 90 44 52 43 45 17 94 91 98 15 72 22 70 73 16 46 4 63 61 58 44 53 83 63 18 47 70 88 24 72 78 53 92 23 98 5 89 73 68 18 48 54 54 59 13 65 30 41 49 71 76 15 64 88 69 81 26 36 12 80 60 93 30 12 35 38 91 49 86 23 49 98 19 75 25 77 62 12 87 20 64 89 1 5 41 46 60 45 3 85 59 6 86 62 5 22 72 65 3 5 94 6 39 99 91 88 36 30 37 34 48 42 99 77 81 17 59 100 88 90 81 73 100 89 12 36 1 99 54 84 45 48 53 27 60 15 42 44 8 41 41 2 59 73 58 80 100 17 92 20 39 60 19 20 48 30 55 86 34 24 27 62 15 69 59 58 59 86 3 71 22 2 99 43 5 57 44 60 70 8 56 98 44 71 60 71 42 63 93 56 70 92 69 63 94 43 24 47 18 49 84 7 99 65 39 42 32 40 74 81 26 98 42 9 4 15 6 88 35 32 22 12 15 56 95 44 92 88 6 63 58 69 10 3 11 96 87 61 52 89 66 12 50 16 28 42 83 33 24 90 18 96 46 6 52 90 60 82 20 78 57 35 82 65 35 86 3 54 21 7 78 10 92 64 4 49 22 51 58 56 42 25 39 85 58 14 52 3 88 81 11 22 28 22 88 99 63 88 56 94 75 28 50 74 9 47 62 57 57 22 18 45 47 94 77 16 60 5 70 73 19 22 41 87 23 76 65 42 100 66 47 23 35 53 51 79 86 2 47 99 51 93 9 92 8 90 96 76 30 19 45 4 63 98 58 52 48 88 76 44 25 78 9 57 100 9 13 18 29 82 9 21 61 17 99 62 2 48 8 69 43 84 24 69 68 1 96 73 62 94 95 100 16 24 38 20 1 
98 38 2 62 23 76 56 3 28 16 96 33 72 54 59 13 99 84 47 83 58 17 52 13 100 44 27 94 44 88 15 77 64 9 52 69 19 9 36 75 70 93 74 36 98 80 94 81 81 61 49 66 0 57 72 37 92 25 28 3 55 79 32 88 25 61 58 78 43 92 88 35 18 65 71 15 4 98 10 48 27 74 89 72 56 96 13 19 37 20 37 26 55 91 78 75 28 40 50 75 46 99 15 0 85 49 86 58 35 48 49 51 66 83 55 63 90 22 25 35 48 31 29 58 81 0 31 61 21 11 72 61 68 50 27 21 0 82 38 69 79 28 74 1 4 85 50 32 57 53 79 70 9 40 59 37 35 42 65 58 44 80 67 59 7 44 1 80 42 26 41 19 47 23 88 50 37 3 100 92 94 84 70 27 11 30 59 2 42 4 82 33 9 56 66 65 1 91 21 3 38 57 15 72 80 88 76 90 30 16 66 43 47 72 32 76 97 96 78 93 90 68 75 33 0 16 0 96 1 92 68 14 36 0 39 18 51 63 17 57 18 97 91 0 47 93 86 67 52 75 31 76 66 54 47 72 43 47 79 19 50 53 82 29 100 40 28 38 69 34 20 95 88 89 77 29 100 78 43 86 12 70 77 93 98 86 70 70 12 34 69 86 25 96 62 79 80 5 19 4 2 99 1 91 27 20 94 45 48 80 21 86 94 67 1 94 2 74 28 56 9 21 8 88 10 63 9 20 28 100 100 57 58 19 76 86 44 34 92 49 40 31 14 29 68 72 10 99 19 20 62 61 75 67 56 67 32 2 85 84 92 61 1 70 27 27 24 6 22 39 2 94 24 29 87 2 82 71 28 35 99 72 82 41 50 61 41 34 81 59 18 88 95 41 56 81 37 97 77 18 88 28 72 84 93 21 5 92 40 19 90 3 97 28 18 2 39 99 89 66 97 100 14 29 68 67 73 61 78 32 99 2 42 93 31 71 99 42 8 78 82 2 4 11 86 29 4 93 13 39 27 1 43 80 0 22 1 60 28 43 36 6 64 13 33 27 77 5 29 52 31 26 70 63 3 82 84 47 61 19 87 54 51 11 72 58 63 89 12 56 21 35 15 9 86 98 35 45 68 91 
100 74 79 80 63 70 85 1 2 53 11 92 15 13 14 33 82 40 6 26 57 39 49 72 83 64 4 27 86 87 37 86 9 0 46 71 57 62 80 22 75 84 6 56 56 31 68 58 39 52 46 24 94 71 82 49 34 81 51 16 67 87 32 74 59 14 88 58 3 69 9 28 22 3 56 81 45 46 16 73 18 64 27 59 68 35 76 75 69 92 50 79 57 26 73 61 92 72 87 16 18 30 17 1 51 70 21 92 94 95 71 51 52 26 58 1 63 68 97 81 82 36 40 58 42 51 77 79 24 31 6 0 75 73 81 78 69 33 70 69 17 23 2 31 13 7 19 58 21 47 74 16 32 23 59 24 93 47 93 10 69 8 58 55 92 100 69 9 21 55 53 72 43 78 44 20 73 49 5 74 90 37 96 24 36 53 24 63 28 26 86 61 48 94 70 45 20 32 34 66 75 10 3 94 12 45 89 90 16 72 53 42 48 79 50 26 38 49 15 43 77 47 92 36 50 3 4 51 66 70 70 4 29 59 92 0 23 88 62 49 91 100 25 88 0 31 67 100 87 47 82 71 60 22 2 55 85 9 51 51 39 64 84 60 41 2 99 46 67 84 58 43 21 14 73 93 32 41 84 70 43 76 38 28 50 47 72 67 67 69 74 20 14 70 19 23 64 20 39 25 45 36 19 47 67 26 49 23 57 74 75 88 97 63 62 69 82 58 35 100 10 80 17 59 66 28 90 49 93 24 87 49 81 21 16 17 88 99 81 25 98 70 16 43 90 38 94 14 16 88 54 43 55 75 45 54 48 6 75 97 33 63 10 84 59 15 15 86 67 32 96 2 43 64 55 26 95 51 17 95 70 46 34 93 46 50 94 26 83 67 5 1 0 70 4 59 23 22 40 14 63 53 39 66 10 98 29 10 0 41 72 47 67 62 42 27 30 20 62 77 78 81 11 50 22 81 38 27 85 47 42 5 28 58 94 24 63 72 17 59 15 23 29 63 57 85 75 34 95 94 48 63 23 49 50 15 92 100 8 41 76 49 23 99 66 79 54 76 85 29 19 16 34 17 21 99 38 16 17 45 55 30 86 89 34 60 94 67 47 20 21 29 47 83 24 69 80 96 28 29 
85 98 94 5 69 13 85 36 71 7 91 82 21 70 50 82 64 91 4 68 22 36 20 3 14 89 61 57 91 60 90 96 16 47 66 47 49 54 20 87 55 33 76 56 45 47 9 27 16 80 41 30 18 26 82 64 22 95 29 24 62 42 94 24 65 68 63 95 22 31 82 47 81 47 88 100 35 22 15 76 4 4 86 58 90 79 23 43 35 48 74 45 16 16 48 65 85 81 44 29 39 45 57 83 33 33 8 84 9 20 43 81 57 77 28 93 85 49 92 24 49 65 31 78 34 21 3 45 6 18 80 1 20 38 99 40 20 30 72 92 74 49 22 60 82 90 8 74 23 76 93 32 60 25 64 63 94 27 78 9 13 28 26 63 44 62 94 44 58 30 95 16 47 33 89 51 0 46 24 81 3 59 16 27 41 74 93 72 11 32 12 51 70 52 37 69 9 99 71 12 28 18 20 1 44 85 68 29 64 8 43 7 9 11 20 73 84 36 50 12 89 1 12 100 94 3 45 77 15 33 75 82 62 38 100 7 86 29 25 52 14 56 71 53 37 30 42 67 40 91 38 86 92 63 42 45 17 34 90 83 15 71 26 85 75 28 98 94 41 74 33 42 73 19 1 65 4 42 19 75 36 37 15 59 19 77 3 44 59 80 60 92 59 82 16 73 67 64 24 13 82 33 61 68 50 92 46 25 79 95 23 37 89 6 64 43 92 69 100 4 67 64 95 35 5 17 28 38 90 5 57 45 27 67 15 33 82 48 21 62 18 45 25 85 32 33 29 81 19 30 2 1 85 6 55 68 4 75 63 32 25 78 6 8 38 2 24 58 96 61 31 4 95 82 42 95 33 87 100 62 100 56 38 86 15 13 31 26 73 89 43 95 80 53 51 45 46 94 12 67 37 67 72 73 90 74 68 46 57 83 85 32 47 28 77 33 3 32 36 88 81 35 27 87 37 90 23 63 21 76 20 37 75 90 0 97 35 14 13 21 84 27 41 9 66 69 71 91 28 73 25 31 48 46 64 74 86 77 68 34 57 4 59 9 22 39 82 52 2 81 29 83 63 58 46 79 11 81 95 85 100 76 8 100 21 98 16 1 70 9 81 85 38 93 92 31 72 50 21 53 
74 75 14 68 65 88 33 40 97 81 94 56 58 99 21 83 72 5 51 59 17 5 72 83 92 97 56 56 48 86 91 81 2 97 82 18 40 94 31 35 70 94 46 59 100 51 34 63 54 27 57 49 10 66 59 86 33 53 68 74 91 47 41 44 53 44 94 71 29 55 50 55 43 9 69 12 96 9 8 41 29 58 8 11 81 93 34 13 69 97 63 23 21 54 74 100 57 90 38 96 51 42 30 92 75 2 26 81 17 0 44 79 57 0 97 72 84 71 94 81 46 80 32 29 39 4 55 93 8 64 15 62 6 22 73 35 33 12 87 1 30 65 6 4 50 57 35 60 68 93 69 66 76 52 98 95 30 10 89 47 63 35 7 22 38 15 9 4 38 76 52 50 51 19 86 70 46 84 32 2 57 81 81 6 14 73 67 14 82 11 19 14 52 94 11 99 89 11 98 73 51 3 18 76 64 41 71 34 77 34 43 17 5 8 28 58 27 95 39 21 76 86 63 85 8 47 31 59 66 11 3 7 11 13 73 31 79 20 70 79 58 31 27 27 22 64 83 98 64 30 54 13 41 53 75 69 64 18 24 45 99 51 9 41 72 46 18 7 48 39 64 98 58 63 27 16 72 91 62 97 38 54 60 29 52 42 12 0 24 57 5 25 85 37 16 74 62 83 36 66 90 100 62 23 70 75 9 67 64 25 64 3 28 14 44 13 69 64 18 98 87 55 30 51 20 55 49 48 97 93 66 71 9 37 65 73 57 30 71 16 75 31 34 9 21 4 83 93 99 80 63 8 40 88 35 59 13 29 82 81 65 18 40 51 39 24 78 54 59 54 81 51 3 47 2 92 30 26 80 27 52 34 78 73 43 9 10 88 85 73 99 100 0 44 85 10 78 97 60 13 61 38 31 50 35 40 48 70 24 100 98 28 39 82 76 33 4 95 9 19 65 59 86 42 51 72 94 87 5 11 78 76 54 65 26 53 20 37 79 12 80 81 93 93 85 55 62 44 51 76 76 0 66 11 44 31 67 64 96 15 28 90 82 53 11 66 91 36 19 43 96 28 64 19 64 46 31 33 32 27 99 84 36 4 62 25 1 27 86 43 42 49 41 95 79 81 9 12 75 49 
5 93 84 81 54 1 69 24 54 92 31 20 42 22 21 33 75 96 60 72 72 64 82 92 58 3 28 3 84 17 7 20 4 70 13 35 70 11 51 97 9 76 58 57 40 59 66 93 36 71 27 89 95 54 33 29 95 84 97 14 100 79 85 21 34 63 38 11 34 17 11 30 7 63 18 39 2 37 96 82 73 100 77 76 73 6 88 19 86 5 93 63 20 30 84 31 2 63 17 67 35 72 79 64 61 76 67 63 57 95 29 18 43 17 21 37 28 55 54 79 42 62 52 28 94 100 28 40 60 62 77 53 70 100 56 54 29 39 83 42 9 64 24 18 27 89 89 32 10 17 35 33 58 16 36 33 83 97 18 51 94 73 47 12 57 2 43 95 35 85 93 48 94 99 46 29 12 3 63 61 84 75 27 45 24 85 19 29 94 14 52 92 98 34 74 61 48 20 1 43 65 48 42 56 10 29 8 38 46 92 16 59 97 0 41 72 4 28 100 80 48 87 87 0 39 72 69 45 5 3 69 31 99 89 94 39 94 22 96 22 82 70 24 34 76 65 50 100 12 25 45 50 39 100 81 46 8 68 93 2 38 40 75 56 92 14 76 93 58 45 97 70 84 8 6 82 86 77 92 45 6 18 44 63 67 45 85 61 64 55 26 62 85 37 0 49 27 37 82 58 1 28 40 82 25 30 1 59 38 77 39 60 66 100 23 70 41 69 57 71 54 89 56 89 60 13 7 66 24 4 85 44 79 74 26 37 28 10 80 21 29 56 97 57 61 57 69 68 95 92 0 91 18 53 77 5 94 12 59 44 40 69 52 82 4 100 10 28 45 88 82 81 42 84 99 83 54 21 74 86 49 51 35 62 94 1 21 24 67 63 58 74 54 7 94 1 60 90 33 82 15 20 23 14 6 41 40 46 37 29 86 18 44 35 86 28 26 73 22 2 68 6 29 5 62 94 48 84 100 57 56 100 3 16 6 77 30 12 23 18 25 28 43 55 11 80 78 12 3 3 8 19 5 13 4 0 45 57 41 9 44 41 53 23 54 67 54 13 65 27 87 6 59 84 40 72 6 69 73 37 69 27 41 24 35 17 24 43 81 14 59 1 72 19 12 73 54 100 0 55 
81 90 87 61 23 41 79 10 57 69 33 67 71 20 11 93 44 7 35 33 89 95 49 59 32 56 43 23 87 73 74 83 76 45 92 42 44 49 80 76 62 86 7 45 90 60 67 1 58 18 97 65 25 49 85 30 37 100 19 99 84 73 77 48 89 38 94 28 40 13 16 57 4 2 5 28 96 62 40 20 7 88 57 98 75 65 87 35 31 8 71 100 100 67 96 98 99 28 79 0 21 14 68 39 46 3 37 10 11 16 62 86 29 78 9 43 53 15 39 45 26 70 6 79 38 54 70 58 49 51 24 38 58 20 49 100 23 82 15 33 27 86 87 66 67 19 76 24 34 86 24 63 75 14 84 70 51 41 54 92 59 90 74 52 36 25 16 46 29 16 38 49 9 89 45 49 92 12 6 41 51 50 7 66 90 31 87 62 29 12 46 23 20 3 37 83 91 59 61 83 69 74 35 56 81 6 91 1 95 74 65 3 60 26 7 9 52 7 84 35 29 47 26 59 42 48 82 64 57 34 72 58 44 74 92 31 65 76 15 91 97 92 26 66 64 78 16 8 73 25 63 96 49 35 15 66 30 44 50 1 34 12 39 51 12 30 50 46 97 98 81 26 26 87 44 1 59 39 4 60 10 34 59 29 24 35 29 19 58 65 65 87 9 32 84 53 81 18 79 43 55 0 83 96 4 98 64 13 62 29 94 75 60 24 54 70 9 95 94 93 20 21 76 43 46 42 49 70 77 29 78 54 5 28 0 22 58 51 40 33 75 71 64 51 10 78 3 35 51 60 39 81 33 46 75 17 39 7 15 76 47 12 30 61 52 56 92 40 72 5 16 52 76 75 1 29 0 4 44 78 76 85 32 74 35 94 85 70 22 54 9 49 11 53 77 77 1 52 97 11 58 75 46 18 84 99 57 59 39 76 77 14 14 16 91 37 59 99 61 37 42 81 55 64 8 28 14 76 26 49 44 91 4 32 60 71 41 27 99 26 53 46 91 9 65 74 98 54 54 22 81 63 54 64 66 84 17 28 72 28 15 26 29 10 89 53 78 54 38 43 97 16 34 22 88 45 99 98 28 54 53 17 7 3 81 47 13 96 78 27 93 65 79 60 34 50 39 14 78 90 
70 35 93 69 44 30 60 6 9 29 43 43 88 95 30 10 13 81 24 58 50 24 51 29 76 60 74 58 39 51 31 21 56 92 61 69 84 5 34 62 84 31 33 39 84 24 38 93 9 58 83 64 28 51 86 52 92 75 78 80 95 48 88 27 60 100 53 28 6 0 63 51 54 11 86 60 75 24 53 96 10 35 12 35 15 48 12 28 62 1 6 92 23 62 17 87 96 26 10 18 92 21 0 71 61 6 78 86 12 43 97 14 11 5 23 22 55 88 12 58 51 25 92 32 23 7 52 74 10 49 67 27 61 32 28 21 9 47 94 86 97 12 81 2 90 13 27 35 72 22 36 60 67 1 95 61 13 45 50 93 40 79 67 68 87 11 32 28 59 81 87 4 26 13 84 69 97 44 90 11 57 69 0 64 32 78 29 60 100 55 56 69 3 22 84 46 73 83 99 17 28 1 72 59 72 86 26 41 60 95 95 84 19 43 84 5 76 4 35 9 72 79 54 10 40 91 1 0 65 20 19 55 49 4 99 52 98 79 12 73 71 37 3 5 55 77 80 91 61 3 26 2 50 69 40 48 91 85 27 2 62 47 33 53 9 25 82 22 54 79 1 79 64 77 78 77 21 58 39 47 74 14 96 78 68 14 6 61 97 57 18 78 83 93 85 39 94 78 2 55 65 15 15 55 63 58 3 51 77 70 64 42 61 53 16 16 88 19 98 25 46 3 48 2 17 23 78 73 0 76 31 69 3 2 36 17 65 81 17 75 22 97 98 55 56 69 39 19 75 96 85 38 77 71 34 88 94 30 63 31 25 42 57 53 56 100 46 70 20 22 5 48 27 15 96 26 55 37 85 9 93 26 93 22 26 79 50 73 27 68 65 10 86 91 85 53 50 41 61 83 23 45 26 33 87 19 3 8 77 20 71 72 11 62 76 4 31 20 84 91 55 64 19 68 86 19 46 100 73 27 13 95 12 98 21 66 26 98 70 5 64 61 96 88 13 58 90 84 77 95 62 14 7 93 13 68 54 37 39 35 58 9 84 42 47 40 71 29 71 62 83 61 11 88 37 20 77 74 36 77 0 25 47 79 33 100 96 7 20 93 75 46 33 0 3 47 70 17 48 6 
70 69 89 87 21 39 0 15 84 38 53 94 93 27 33 59 90 11 55 19 32 75 4 8 82 67 29 3 20 84 96 51 49 52 40 6 60 81 77 16 64 58 100 0 43 73 59 36 43 98 1 49 36 79 66 34 70 30 33 65 75 17 91 89 98 10 35 96 0 53 0 3 2 36 11 31 66 3 75 77 31 5 38 82 76 17 90 14 63 98 33 84 47 12 54 71 14 17 81 72 86 40 52 78 59 28 55 64 39 46 15 5 39 40 36 99 42 43 75 21 87 84 9 7 71 66 74 87 48 31 51 62 11 52 0 58 87 86 80 58 73 91 69 53 95 5 84 50 59 21 43 23 43 22 64 72 68 43 95 35 86 55 60 36 96 20 44 87 86 2 14 36 78 11 64 52 84 88 97 25 86 23 20 16 32 12 12 67 48 69 61 30 87 40 65 1 40 74 89 55 73 9 92 10 63 61 5 92 76 1 69 0 12 37 15 71 96 35 73 74 6 96 16 66 13 19 97 26 26 89 5 49 68 57 26 69 21 31 28 64 58 13 44 18 84 34 80 93 6 8 65 4 67 13 57 50 60 17 0 78 40 41 43 82 0 96 68 66 24 64 94 75 33 62 23 39 48 83 35 43 63 20 12 72 70 43 19 42 33 28 70 49 50 43 1 66 90 98 20 52 38 62 47 93 45 64 93 60 26 76 93 83 74 86 19 50 2 96 37 65 18 55 75 81 55 93 5 52 44 39 4 35 98 34 34 94 64 60 40 11 29 44 50 80 39 100 29 65 48 14 94 15 75 37 69 1 83 8 48 97 99 2 94 87 90 84 7 77 52 4 9 3 38 60 2 83 51 100 81 65 25 78 85 53 71 4 56 2 54 5 78 10 95 68 72 9 68 95 68 32 77 93 80 35 68 14 74 55 11 31 78 73 90 48 10 45 42 17 73 8 11 5 48 68 76 77 1 42 60 17 12 19 78 37 26 0 57 7 98 94 51 57 30 97 19 45 52 74 13 13 35 60 75 87 54 31 49 22 92 15 23 48 64 69 20 24 61 50 54 35 72 35 11 65 84 26 14 88 15 37 5 37 0 11 16 6 67 35 87 27 61 23 16 65 30 63 66 4 13 30 
20 15 89 49 70 87 16 33 23 98 32 5 11 63 96 0 28 14 22 20 36 60 93 3 6 12 57 99 93 93 74 76 77 55 95 77 15 53 7 52 32 74 70 89 73 56 97 30 49 41 97 22 90 67 12 57 61 79 24 84 56 84 47 24 46 100 22 6 1 64 1 51 47 47 99 70 91 77 45 100 12 93 62 38 3 77 31 42 99 35 2 69 53 66 4 37 29 48 24 9 61 16 43 46 55 72 0 21 30 49 53 58 78 66 85 27 32 51 80 7 81 67 68 78 29 6 26 62 4 23 24 93 7 14 63 82 36 63 58 8 85 52 54 36 48 78 53 67 43 97 48 100 66 90 83 75 17 24 37 60 95 86 43 63 38 76 95 65 82 52 82 79 83 66 77 90 55 55 77 10 68 96 2 82 63 53 45 47 9 45 9 58 18 95 28 58 68 33 77 1 6 45 54 71 51 68 0 9 52 21 28 8 65 93 43 87 66 13 30 85 91 23 84 12 71 44 71 89 36 32 53 45 71 58 16 89 27 99 81 1 31 66 44 16 52 78 12 4 43 90 50 82 62 70 55 17 52 52 17 28 12 19 35 17 66 94 87 24 76 4 32 80 95 61 61 89 29 72 0 58 65 37 21 34 91 19 52 23 89 36 32 9 62 98 65 7 54 15 92 91 91 47 44 45 5 68 89 22 78 89 66 35 30 88 79 34 9 12 100 18 57 54 66 75 46 71 71 35 6 68 52 66 82 82 15 39 91 36 55 67 64 59 63 16 4 88 89 63 16 0 6 37 36 72 91 78 56 59 25 85 8 51 98 67 74 20 33 86 26 6 68 94 48 80 55 0 77 52 46 70 61 52 94 70 55 22 13 81 4 14 40 9 73 37 14 35 90 34 17 40 20 92 0 6 6 90 23 69 36 63 59 22 88 74 73 53 26 53 88 70 5 72 46 31 71 75 90 96 73 38 75 73 23 68 1 84 56 10 18 100 65 5 95 32 7 85 16 55 60 43 17 99 68 96 97 80 28 8 83 60 34 6 3 11 50 58 28 28 98 28 0 35 52 16 12 8 61 19 30 48 2 78 55 39 29 61 31 20 71 3 0 50 31 72 44 63 55 6 26 60 
81 8 34 66 18 13 42 6 70 27 17 96 100 16 48 4 23 21 4 86 87 33 43 60 45 46 55 59 53 25 91 59 71 56 13 45 49 36 77 68 7 47 78 35 71 100 37 79 30 53 21 77 3 84 18 64 57 98 7 80 52 89 13 46 2 10 91 91 11 60 36 47 43 35 92 57 11 26 60 34 88 32 59 18 31 19 22 80 34 40 87 96 2 34 98 12 62 86 73 58 97 33 67 75 78 56 20 90 70 47 24 79 54 49 11 41 10 83 46 13 86 23 96 45 84 87 56 13 30 66 21 50 40 49 0 64 0 97 16 99 72 6 26 21 83 20 55 16 52 47 59 97 45 73 87 61 78 44 14 37 100 75 36 53 30 64 4 75 79 92 20 70 31 19 100 25 67 30 91 56 80 41 65 87 17 63 61 19 84 100 82 65 57 92 79 28 35 99 20 15 91 64 27 5 53 14 48 16 99 34 72 66 33 99 13 0 34 55 39 5 35 48 13 87 81 57 53 45 10 7 68 72 57 30 94 59 75 69 38 34 56 0 9 79 78 74 36 20 81 26 41 92 1 27 73 54 74 20 84 71 56 0 42 76 62 35 68 13 21 34 77 15 53 23 30 98 45 30 9 53 42 55 61 91 87 72 80 18 52 60 5 48 65 19 89 43 30 42 57 11 33 60 92 65 21 86 85 13 75 20 56 12 0 75 71 76 19 32 89 98 67 8 41 42 91 37 21 81 51 21 27 0 91 16 87 48 88 48 52 93 50 88 48 7 17 45 58 67 94 26 88 56 14 91 55 25 96 40 64 28 69 36 92 59 20 99 5 84 100 30 20 66 29 63 63 71 100 99 9 33 22 66 26 12 46 62 88 25 43 6 31 36 85 6 3 10 84 9 46 13 96 74 99 34 98 61 18 2 43 81 62 13 34 38 96 99 25 65 54 92 25 40 81 95 77 8 96 28 26 33 16 33 31 84 47 64 42 98 100 69 77 3 46 69 11 46 19 31 59 6 22 30 72 62 12 98 46 47 40 49 0 50 29 16 77 52 53 70 0 68 9 69 41 7 80 34 39 71 74 42 19 26 21 0 69 81 70 43 14 44 0 14 26 41 89 22 75 38 51 59 
23 74 25 88 35 98 44 20 10 96 53 41 49 99 38 20 65 96 22 65 34 44 69 2 3 38 71 16 86 89 33 95 88 95 88 11 33 32 59 59 13 64 47 84 19 85 47 75 63 52 67 32 50 13 45 51 78 86 84 65 84 42 44 82 72 26 89 2 65 48 73 58 11 36 15 35 30 21 44 75 49 62 80 74 41 96 80 65 100 22 41 93 42 8 22 58 52 2 8 53 2 85 63 23 79 72 99 52 42 87 74 23 45 46 53 79 99 79 5 22 64 1 69 12 51 50 96 1 6 67 56 2 89 45 95 86 13 98 60 2 32 7 83 62 97 26 25 26 40 55 45 34 95 59 41 41 5 9 61 31 83 46 96 12 66 47 3 5 66 6 92 20 73 33 2 20 56 85 75 16 39 47 0 37 35 63 41 2 56 28 98 47 22 48 39 70 40 78 47 5 31 9 95 23 1 4 80 89 69 9 78 76 94 78 69 44 59 53 79 70 63 57 47 3 56 14 3 53 55 99 15 79 85 75 69 77 38 84 23 4 59 77 59 31 44 4 81 91 60 33 31 89 54 48 74 11 42 59 47 90 52 43 65 46 2 73 75 2 60 70 32 34 76 43 7 3 49 42 72 4 69 75 23 96 39 70 21 60 88 33 35 88 60 32 50 73 30 22 25 72 60 47 84 26 20 59 34 47 78 12 19 22 97 22 53 57 64 22 78 47 95 22 93 20 99 2 69 87 78 21 41 87 34 7 61 36 0 1 89 54 59 91 42 78 32 97 39 60 26 13 73 93 100 95 95 89 11 80 28 77 36 96 43 12 27 56 11 87 80 93 75 57 58 16 87 5 97 10 12 23 79 84 44 73 81 49 30 70 14 36 18 46 100 66 47 94 11 54 66 64 3 20 72 34 69 83 57 5 35 87 90 100 56 76 25 26 68 4 64 28 50 52 40 36 91 4 16 63 61 17 60 23 38 71 96 40 21 31 70 81 17 73 63 80 95 28 76 12 96 2 18 99 7 45 97 91 11 73 44 18 30 42 46 12 11 80 70 64 78 63 64 21 23 7 0 8 42 90 18 21 60 53 54 92 55 92 98 57 26 40 88 59 0 64 90 78 96 25 38 9 
35 9 72 72 52 15 44 51 14 60 24 92 24 13 56 97 63 47 85 50 31 37 5 23 85 84 53 7 67 95 96 24 28 96 54 58 37 32 21 65 52 23 42 43 63 67 63 44 87 27 13 8 54 80 53 51 61 55 50 32 51 95 24 84 91 53 6 55 93 23 20 0 66 30 43 86 18 31 78 45 81 73 13 46 17 26 54 42 74 27 18 64 41 65 84 28 27 51 61 27 81 11 57 75 37 99 89 12 22 89 4 87 52 58 51 96 97 6 6 100 56 45 94 48 76 67 93 81 97 72 99 46 67 79 74 66 73 64 32 69 92 61 21 54 36 75 51 32 75 90 98 43 60 24 43 20 3 78 20 89 12 62 65 33 77 73 62 30 46 95 68 61 44 76 4 10 81 80 97 75 11 100 48 78 12 73 81 57 82 64 90 75 9 31 9 13 79 84 62 78 98 98 13 54 34 90 52 5 58 90 60 71 43 22 95 32 80 82 45 27 42 85 64 67 90 60 10 90 3 23 25 99 41 13 3 4 96 78 60 82 68 21 91 48 73 4 40 20 56 53 47 85 35 89 81 32 3 21 5 74 33 68 13 94 88 36 20 28 39 17 65 30 71 91 40 57 27 58 63 30 93 55 7 39 18 66 18 2 32 77 1 74 78 21 21 36 15 57 99 86 8 10 4 67 48 78 73 85 38 45 40 96 16 62 7 35 5 0 40 1 54 97 3 10 0 88 72 83 38 64 72 72 90 72 1 56 82 39 6 16 76 59 56 98 44 7 87 66 69 62 29 79 7 60 66 32 1 74 80 91 95 32 76 30 65 58 78 68 9 71 14 90 19 67 99 62 2 89 82 79 92 72 86 90 7 94 42 12 4 16 95 63 15 59 23 51 27 88 80 35 65 41 1 54 93 18 64 84 78 55 81 61 35 39 78 11 1 2 19 54 84 69 7 50 84 23 50 99 80 53 54 77 2 48 15 94 63 34 72 57 83 16 77 40 21 71 74 82 40 84 12 65 18 50 98 35 74 21 38 93 72 31 87 53 39 73 43 88 53 61 17 19 97 43 25 0 37 46 10 59 23 26 95 55 2 21 94 38 11 70 37 5 64 51 62 75 45 35 60 85 
47 44 38 97 53 31 82 11 62 58 70 31 72 9 6 48 73 0 78 52 2 3 32 14 38 33 45 84 77 28 88 31 85 80 59 46 91 43 7 23 17 86 38 51 88 10 84 52 3 95 39 70 8 93 72 21 75 56 85 77 71 22 70 82 71 30 32 34 43 71 31 81 62 98 10 30 0 13 91 35 100 1 57 10 36 62 43 14 48 48 50 36 57 39 45 24 47 90 41 87 82 90 7 25 37 22 45 57 13 83 42 3 74 39 37 47 93 96 79 84 89 19 29 30 89 43 7 68 48 75 71 9 4 87 3 88 6 39 63 11 64 74 9 41 69 63 17 31 69 43 73 42 23 70 2 0 87 91 71 97 24 29 87 4 72 35 32 4 73 3 9 38 72 3 38 43 34 88 29 37 95 58 83 14 97 11 79 9 45 86 68 68 67 100 17 52 4 85 55 78 9 40 73 53 48 56 41 89 97 19 55 70 31 94 54 34 79 81 51 52 4 12 51 53 19 40 89 53 7 26 25 35 51 34 42 2 63 48 39 26 6 58 41 65 8 59 79 25 86 17 18 8 80 33 35 91 46 64 10 26 12 94 37 85 78 8 34 90 2 95 72 96 35 85 21 51 44 35 93 58 27 8 0 38 81 17 77 35 64 32 48 64 38 58 79 48 56 7 15 8 59 38 20 29 38 55 81 56 90 92 71 63 87 73 67 88 86 57 19 1 53 40 54 52 87 82 35 54 61 99 38 99 12 51 92 23 31 67 13 64 85 27 83 38 31 96 1 92 49 18 34 89 43 78 42 43 34 9 72 56 52 67 16 70 67 99 36 11 27 89 58 36 89 19 31 77 31 1 88 91 47 63 34 6 14 55 44 13 21 69 34 41 85 27 97 24 66 90 20 48 65 43 57 53 72 64 87 51 52 14 90 61 53 54 75 30 12 28 32 83 88 68 87 61 28 29 11 47 57 32 52 34 20 21 81 97 7 39 73 80 27 89 57 36 86 47 1 26 18 47 6 16 77 88 97 18 8 30 8 55 51 24 9 14 28 38 86 74 2 98 9 98 12 54 31 23 18 35 38 49 90 63 74 73 37 16 51 65 73 28 26 77 77 24 93 88 20 54 4 63 
78 57 29 90 76 87 11 40 73 31 58 71 44 7 66 38 78 2 70 88 12 32 51 60 76 44 4 65 46 34 1 53 74 81 40 16 13 69 31 21 84 99 92 85 63 12 34 74 66 17 18 27 45 43 24 26 99 99 46 77 51 57 98 96 85 100 20 84 59 36 98 2 99 20 66 65 92 70 63 61 63 42 78 84 29 56 52 59 83 12 31 0 51 36 12 40 69 98 18 93 70 24 81 37 45 75 0 95 50 86 32 24 38 87 57 53 10 97 85 44 35 57 82 47 5 86 19 2 87 56 92 61 75 91 62 72 2 10 10 59 55 93 2 91 73 35 52 72 63 95 49 67 81 46 78 34 73 30 90 14 35 9 97 38 96 62 63 36 72 76 12 84 6 97 32 15 34 94 35 38 9 99 95 96 93 35 80 5 3 0 69 81 72 56 46 25 16 61 10 48 18 80 74 80 45 1 77 79 77 90 57 1 38 100 50 50 47 54 23 63 46 95 4 0 4 63 47 38 49 49 51 15 25 21 47 80 58 24 70 51 45 98 89 41 92 60 20 82 100 25 36 71 45 17 14 49 33 36 48 7 6 92 87 60 36 90 92 78 61 13 91 9 10 96 23 42 9 38 87 18 27 88 81 73 71 9 66 91 61 53 67 87 79 52 10 35 56 56 8 7 27 80 32 75 44 9 71 43 85 53 72 72 30 16 52 72 62 93 45 96 69 59 33 95 2 84 11 41 2 7 56 63 29 16 2 1 32 52 25 15 22 90 29 68 42 76 0 64 48 19 10 70 95 50 94 22 95 9 75 10 40 78 56 38 7 68 99 54 24 15 35 46 14 43 20 82 34 48 43 56 37 3 11 10 77 18 1 33 56 8 95 97 96 18 37 8 43 82 50 54 52 24 21 81 18 36 32 0 82 99 60 57 74 93 67 37 31 0 92 45 33 67 83 53 31 49 60 94 86 87 42 0 28 39 13 85 43 34 25 77 90 19 13 54 96 59 53 36 88 77 86 83 10 70 15 88 70 7 44 38 100 76 7 67 0 14 1 79 89 87 96 75 21 46 31 49 64 33 23 45 12 3 90 27 39 71 39 20 25 73 63 49 35 34 35 28 61 67 5 85 
46 45 25 58 80 17 100 41 85 0 97 17 27 41 96 54 63 48 1 33 78 71 21 54 94 99 63 57 60 43 9 52 34 98 60 57 23 68 14 31 60 54 66 7 59 65 87 25 76 83 60 55 42 45 0 79 57 10 5 16 46 43 47 71 42 40 96 49 91 74 36 66 4 91 93 18 95 2 56 0 52 93 5 53 92 17 17 36 73 42 41 79 38 85 35 80 58 56 60 7 67 30 53 4 34 16 50 12 48 91 87 90 74 0 13 71 84 87 15 28 24 44 7 81 25 29 44 16 78 82 77 81 26 1 16 41 74 49 29 83 29 16 13 0 73 75 31 44 62 75 83 40 92 11 63 71 39 12 12 30 18 56 94 22 89 10 29 89 38 25 99 8 69 91 53 95 98 12 91 45 94 73 99 34 0 14 83 11 97 90 12 60 54 72 69 81 62 82 68 22 23 98 34 9 45 80 38 97 92 33 7 40 81 96 51 94 28 29 81 1 73 28 59 48 93 94 81 34 79 47 47 4 45 6 26 55 95 0 57 94 63 47 36 45 29 20 23 45 45 61 30 53 57 95 63 63 26 47 84 8 48 78 83 72 26 29 77 37 91 55 44 76 90 45 62 66 100 16 6 22 9 3 40 48 43 24 73 91 83 53 98 41 8 43 91 78 0 72 19 23 32 9 38 70 21 48 57 6 90 68 69 19 96 44 77 47 55 27 10 10 33 29 33 4 43 77 98 27 14 66 18 46 52 46 25 85 47 38 28 95 65 31 30 16 66 34 26 64 4 21 3 1 55 75 65 57 27 62 54 51 35 48 52 56 100 50 91 89 19 18 12 17 11 40 72 41 85 60 21 94 74 19 82 95 50 7 93 12 17 75 53 14 58 33 11 46 58 31 9 16 20 0 8 36 81 25 40 24 76 8 87 97 89 63 34 30 95 17 80 19 89 90 20 9 68 6 33 77 72 91 5 58 47 91 84 27 60 65 86 87 16 99 34 98 66 88 72 4 85 23 36 12 63 24 3 48 92 36 29 29 74 62 47 11 24 39 53 3 10 64 15 0 40 40 59 69 31 17 94 60 68 67 7 9 19 49 66 70 29 26 22 54 99 3 87 71 45 56 42 62 
84 88 73 20 65 18 28 1 90 95 45 97 91 73 13 34 75 33 46 47 78 13 13 83 32 36 17 95 54 78 85 84 7 15 37 52 69 67 88 63 53 66 63 38 87 62 10 43 53 87 69 3 15 73 94 64 94 80 44 3 42 37 21 35 86 38 88 69 75 100 29 93 9 23 70 52 84 80 26 87 91 0 5 39 94 80 92 22 75 37 76 47 36 38 13 79 5 32 48 52 92 69 6 9 4 73 55 99 34 77 13 14 22 81 86 49 59 38 69 0 32 73 33 59 32 59 52 77 26 90 54 14 77 78 87 93 39 6 30 80 59 57 37 49 7 78 61 53 1 37 60 84 7 29 17 99 26 48 2 1 98 59 40 85 29 27 26 100 27 59 51 2 95 0 27 53 1 53 54 49 60 10 19 95 84 72 8 42 51 60 41 22 98 9 60 91 58 43 12 91 66 67 80 61 25 7 24 14 59 3 34 31 79 41 70 21 54 61 79 1 16 57 86 99 85 46 35 77 50 44 80 35 59 98 81 28 75 48 91 90 32 96 24 95 21 71 60 44 56 82 43 71 88 38 12 52 38 5 62 98 55 64 66 2 92 58 28 32 64 69 17 47 79 74 8 49 56 6 82 39 65 9 75 6 82 46 4 79 94 14 98 12 8 2 98 68 49 37 47 67 58 50 41 32 87 51 83 55 15 67 65 100 48 43 11 17 15 53 67 17 21 63 91 85 79 28 72 14 58 40 97 12 68 92 53 8 9 59 51 63 42 0 38 64 94 100 56 84 15 10 22 22 39 13 58 3 52 49 43 86 64 69 10 30 26 47 63 10 27 3 16 84 21 38 14 35 91 31 10 46 14 76 90 9 32 1 50 19 12 87 65 62 11 77 29 16 5 100 9 89 47 85 2 6 4 43 6 16 71 99 35 79 100 7 13 75 70 31 27 14 46 74 74 72 90 62 61 40 36 60 5 88 73 27 67 63 49 94 18 48 94 32 50 52 38 30 17 40 63 82 98 0 1 85 22 47 50 41 46 55 20 33 56 41 5 42 90 67 63 88 9 41 39 61 83 57 55 33 89 58 98 53 30 15 13 78 84 80 99 30 100 49 22 34 25 33 18 86 96 80 
94 28 96 6 59 13 1 68 98 25 17 38 73 19 46 40 7 86 60 91 48 14 34 86 97 91 63 34 84 73 26 50 91 19 78 61 28 91 57 93 59 25 63 1 94 65 28 54 44 80 33 55 86 18 68 86 53 54 85 6 61 39 82 55 54 90 25 38 65 61 72 99 54 32 69 35 6 83 39 82 37 6 39 77 80 94 100 91 47 63 98 89 60 34 61 83 33 60 20 25 96 3 25 72 86 42 23 95 6 60 92 58 28 95 66 81 18 32 58 46 2 98 92 21 59 51 17 46 55 27 24 84 91 98 91 81 18 85 1 39 95 88 96 87 36 100 87 79 94 80 4 1 82 65 52 63 42 3 94 93 78 62 74 3 85 96 78 23 12 75 69 62 79 94 48 83 31 23 72 60 7 51 18 63 7 49 13 57 14 52 50 29 88 36 20 5 19 17 91 47 17 95 25 10 54 56 54 61 50 30 97 83 81 65 57 49 4 99 11 46 81 36 90 92 92 92 18 52 41 21 69 6 11 51 27 60 1 25 86 18 44 54 70 87 57 46 78 38 0 39 50 85 0 31 88 87 86 73 71 29 50 92 100 76 11 49 35 31 2 41 2 70 19 69 26 24 3 20 29 81 22 41 62 58 33 20 43 29 4 85 7 88 21 57 63 98 69 33 71 45 22 13 57 27 97 37 78 72 94 27 64 83 85 16 95 44 33 59 16 16 80 39 40 81 43 38 24 31 36 33 0 93 28 96 16 86 84 56 84 8 37 57 100 78 96 11 91 38 89 37 48 72 56 88 54 52 22 41 95 17 31 8 94 21 0 79 69 20 10 62 66 81 43 54 16 48 9 54 57 46 7 2 94 80 73 92 83 24 22 94 2 52 47 12 92 29 47 98 82 53 29 64 31 92 83 6 37 100 47 21 30 13 47 0 5 23 48 76 86 73 6 5 39 25 89 28 40 93 27 54 65 30 26 61 88 38 41 19 40 78 42 56 92 41 59 80 13 37 79 91 54 72 51 50 29 59 13 96 87 72 43 28 62 14 43 30 45 19 66 60 29 61 31 75 43 52 94 12 73 51 23 19 66 39 77 91 85 32 85 26 69 95 39 75 56 84 69 93 54 85 
54 72 37 19 9 65 47 2 67 68 80 1 96 21 64 5 99 41 74 83 67 33 66 95 97 19 62 98 39 87 26 70 14 99 99 87 50 5 3 52 66 66 34 13 26 74 70 16 63 91 84 26 56 89 86 55 71 84 48 8 88 93 19 3 4 67 82 97 32 39 30 50 87 68 100 4 32 23 60 14 42 42 70 70 56 70 81 59 57 89 27 38 90 72 59 23 3 42 89 9 41 64 36 58 5 47 96 100 81 8 51 54 19 35 67 44 80 15 52 94 38 72 88 76 42 68 20 16 56 3 10 19 68 14 82 72 81 51 88 97 31 35 40 67 28 5 17 61 99 26 12 57 56 25 16 56 24 42 90 97 98 46 53 48 47 98 84 17 66 36 42 58 0 14 64 22 21 95 93 63 65 44 68 36 4 88 51 24 87 67 62 97 48 21 8 89 68 62 50 29 48 98 100 45 98 25 56 21 9 90 96 70 52 73 99 75 22 10 56 48 38 96 7 45 10 48 10 2 88 84 13 23 56 67 14 5 12 56 70 88 15 55 91 23 60 37 64 98 62 6 68 88 72 58 4 0 96 5 63 69 18 62 58 88 39 66 43 87 19 61 80 16 12 48 95 72 61 41 45 88 64 21 87 43 74 71 38 4 13 21 58 47 15 54 14 34 12 69 44 24 31 90 95 83 56 27 20 79 17 65 75 91 66 46 33 75 89 64 79 52 22 40 17 28 33 49 90 80 28 94 84 65 27 62 73 81 81 98 69 56 86 32 79 6 98 30 3 95 12 16 11 15 93 59 65 81 21 50 76 96 60 73 67 1 52 4 77 47 13 0 82 1 86 93 69 59 29 93 43 100 21 61 72 30 69 21 86 89 42 42 11 20 11 43 28 7 15 73 66 30 53 52 62 39 8 73 32 58 80 61 42 19 49 7 55 28 57 80 53 62 59 8 55 40 11 12 45 91 41 59 15 3 61 100 11 98 13 8 71 59 7 40 66 27 69 86 75 21 16 55 2 80 99 6 68 0 53 58 16 66 52 52 61 32 50 19 100 32 59 84 96 73 36 33 87 16 91 7 3 93 12 2 94 54 40 92 24 9 46 93 51 68 45 55 22 63 3 30 49 66 
71 87 49 41 5 45 79 99 72 87 5 97 63 12 10 86 31 26 12 46 5 9 51 86 55 29 33 22 25 95 2 16 63 90 94 66 0 38 41 100 51 91 48 52 74 99 38 41 79 99 59 76 57 20 15 52 95 5 49 66 53 36 48 25 18 21 0 21 65 75 24 86 64 51 69 86 48 59 29 53 62 59 38 55 32 1 44 90 13 68 55 100 89 67 3 62 81 2 97 29 83 16 45 97 68 39 2 94 10 38 68 42 75 60 42 2 45 76 40 22 20 68 19 40 4 5 90 32 40 3 78 94 46 65 31 55 52 72 64 59 22 19 8 71 8 49 89 52 94 78 80 26 97 25 8 67 100 31 56 21 83 62 0 64 57 57 50 53 38 37 50 5 89 82 85 23 84 14 11 68 83 77 90 23 84 73 55 17 68 67 97 50 45 58 27 18 80 56 36 78 77 38 61 50 76 21 96 52 80 45 97 11 16 17 35 96 81 13 48 44 66 34 22 69 38 82 37 85 86 81 98 52 17 36 35 74 8 89 7 14 96 16 10 61 62 97 83 91 37 22 56 6 82 58 68 91 23 16 34 45 26 49 84 69 18 15 81 75 32 72 49 82 1 92 29 38 77 68 86 40 99 21 0 83 38 33 97 17 51 77 68 81 31 77 40 46 56 92 28 89 40 29 42 4 23 91 97 64 34 55 71 79 73 17 3 9 18 96 42 19 38 77 42 57 41 60 17 64 100 43 92 27 30 69 61 37 14 44 32 74 58 85 10 72 77 91 1 29 36 32 34 6 27 2 14 41 3 96 54 70 21 22 7 10 39 52 99 95 74 66 38 30 11 59 41 67 22 84 98 43 94 48 95 56 24 26 12 47 68 81 55 45 86 62 63 26 44 45 33 69 90 68 64 78 90 58 23 95 90 87 49 48 82 0 65 62 61 13 57 55 32 68 17 35 22 17 97 57 21 3 81 93 76 98 42 70 43 49 57 30 63 47 39 65 20 0 84 39 23 60 99 81 77 77 77 48 26 10 78 76 82 26 92 71 11 25 86 84 33 29 53 59 29 43 53 8 49 80 58 91 95 44 31 70 91 40 76 27 99 32 37 68 55 4 23 72 22 57 34 66 
48 71 90 23 98 24 11 49 16 2 13 99 20 58 12 48 33 50 22 50 100 90 6 13 81 34 27 57 53 23 100 66 63 27 78 16 40 87 63 68 14 96 91 52 80 56 54 75 99 50 48 20 40 22 13 66 30 97 8 89 32 33 2 81 20 50 94 78 89 1 82 82 75 46 51 56 97 37 4 59 91 84 53 14 23 6 25 88 30 67 54 85 98 13 10 99 53 69 75 41 18 51 41 36 1 94 12 71 64 26 84 4 68 0 11 73 9 1 13 60 45 37 74 50 0 88 66 44 85 73 94 43 37 85 71 37 3 67 42 13 87 53 26 88 66 49 29 84 5 26 32 15 8 2 29 79 57 31 42 35 61 0 45 80 45 45 68 98 59 18 74 19 78 43 96 52 40 92 69 34 90 94 32 61 2 78 99 72 32 19 52 55 82 97 78 10 86 32 12 2 26 68 20 86 88 40 77 67 0 80 91 94 91 0 22 76 47 47 68 40 14 26 51 18 63 92 27 40 90 61 63 94 10 80 33 30 33 97 7 34 71 85 26 82 82 64 15 5 23 54 32 91 73 87 66 18 82 73 10 68 41 64 8 4 87 5 63 53 87 56 35 74 65 60 26 7 65 35 74 14 92 59 77 81 60 79 36 56 51 35 12 26 26 54 49 43 85 48 79 39 14 74 63 48 6 48 73 14 31 47 16 71 9 5 3 42 95 24 16 83 91 90 3 80 24 67 90 59 49 85 45 30 44 92 4 37 95 81 54 94 92 72 66 65 10 95 34 84 30 66 98 66 11 93 57 96 55 8 15 33 65 56 77 73 31 23 79 94 63 70 73 28 43 26 89 77 36 96 13 33 17 69 54 25 6 75 22 3 15 33 89 53 50 92 46 95 11 20 54 41 90 15 66 11 13 7 42 1 1 97 97 70 65 57 42 14 51 48 23 93 76 15 23 98 23 11 7 64 88 16 94 88 84 6 21 58 66 43 70 43 89 65 38 21 17 40 37 8 52 50 82 4 83 18 89 98 4 43 10 22 28 17 56 55 67 15 91 40 83 34 43 2 95 37 32 24 92 6 58 78 93 92 50 46 73 8 35 92 62 56 50 77 63 60 65 51 11 6 67 1 
34 70 63 23 68 91 46 10 13 29 59 91 94 81 80 27 46 21 84 64 63 21 93 88 99 40 2 21 12 34 17 70 56 58 89 82 51 61 51 13 94 78 65 96 76 5 61 48 96 92 48 98 0 85 50 32 84 53 97 33 77 34 42 74 32 35 44 51 18 33 20 6 18 98 28 69 100 85 52 57 15 14 55 79 35 50 99 25 63 95 62 98 43 55 97 33 1 38 72 78 56 77 27 75 77 93 63 27 37 19 98 14 75 17 23 21 57 13 62 50 22 48 75 0 91 45 18 72 69 49 9 79 94 65 72 12 7 99 20 54 72 20 45 26 14 63 51 58 71 25 21 43 65 33 81 38 65 29 86 82 77 72 40 44 48 99 88 26 3 74 74 65 72 92 86 9 74 25 43 9 20 59 58 59 64 39 19 98 71 34 94 94 4 29 69 15 24 85 83 91 1 59 89 12 48 8 65 25 75 89 95 42 61 87 65 90 17 27 2 80 69 81 79 33 47 4 41 37 23 3 22 53 76 12 21 26 24 13 92 98 98 99 56 70 60 29 65 6 76 96 80 89 47 18 28 31 21 16 4 48 35 20 30 2 86 41 64 30 4 29 47 12 9 41 26 62 99 34 83 97 78 48 2 64 6 72 17 80 50 27 21 77 0 34 93 81 91 95 18 2 71 74 42 73 94 12 1 42 68 61 60 85 96 62 46 62 26 35 24 91 39 66 34 95 58 45 28 17 52 9 67 9 76 60 82 62 81 78 23 47 30 43 44 31 12 90 9 9 3 16 53 28 74 10 95 91 73 45 7 81 0 11 61 26 5 75 89 12 51 26 58 100 6 38 74 32 24 51 90 25 66 56 81 85 47 79 20 11 100 22 98 89 42 43 69 92 28 8 100 40 41 9 40 58 2 90 37 85 56 45 14 32 85 48 30 0 71 98 28 90 24 62 8 14 22 81 65 80 82 32 63 16 10 45 49 16 52 4 33 66 83 44 28 17 11 95 46 40 21 80 30 22 64 53 35 63 84 57 11 97 19 53 61 35 75 81 56 47 96 1 93 79 6 100 84 16 42 95 98 55 51 28 31 79 74 86 68 86 93 8 99 98 95 42 58 80 89 56 6 47 
50 69 50 85 81 45 99 53 11 44 0 22 28 61 86 62 41 78 45 78 61 5 100 97 93 100 66 55 25 76 43 35 38 18 67 67 67 62 52 55 23 86 62 81 76 16 57 63 19 99 36 75 29 78 97 65 45 52 9 2 35 83 66 41 43 52 71 20 45 54 26 86 41 62 38 84 21 37 76 60 52 92 66 66 7 89 17 7 35 17 76 83 70 89 29 50 22 59 48 30 33 87 43 99 64 2 63 100 28 59 38 89 85 74 69 16 16 30 13 67 41 79 76 54 64 65 31 23 16 43 0 16 57 86 78 76 65 97 42 19 38 12 25 85 14 31 63 43 18 100 36 77 53 46 84 1 100 18 83 38 79 51 83 92 71 87 28 16 28 59 52 74 41 26 88 12 17 3 91 27 82 64 65 50 37 98 55 89 81 51 36 87 74 25 1 96 21 88 67 43 61 73 95 1 16 24 98 92 4 31 82 32 86 80 71 82 71 56 9 68 80 44 57 47 76 33 7 94 12 38 14 83 32 96 6 67 71 8 82 95 26 96 33 62 42 82 33 10 10 42 81 12 4 49 14 65 91 22 32 34 36 81 9 73 46 45 39 25 62 29 4 51 79 64 48 34 57 95 45 19 74 60 96 10 35 23 49 60 15 61 100 90 34 46 95 97 36 41 56 86 37 29 100 77 37 1 27 47 75 3 23 40 63 70 43 37 51 96 6 40 42 11 0 39 63 46 31 12 27 89 95 37 35 79 73 35 9 64 40 96 1 48 86 55 53 46 55 81 73 100 57 97 98 82 11 83 49 93 25 51 95 99 64 22 51 62 74 35 73 0 82 5 87 84 84 100 47 13 27 7 81 8 55 84 49 59 98 76 59 95 66 82 99 57 26 64 57 38 94 97 25 32 40 84 87 74 6 79 39 25 21 99 6 92 39 29 72 63 97 19 58 64 67 59 32 7 83 31 84 25 16 19 79 57 23 41 5 61 33 26 52 99 46 52 38 11 64 100 46 39 42 81 99 4 97 13 61 10 91 28 2 79 72 17 72 21 26 71 25 61 62 95 61 27 14 9 59 49 52 17 57 38 63 47 89 99 15 34 29 91 44 44 32 87 46 99 32 6 11 7 
49 74 42 90 26 14 60 75 3 49 30 17 34 28 80 86 31 14 7 77 67 48 20 87 77 100 75 62 10 15 54 73 60 29 25 51 73 73 11 17 88 56 85 61 15 82 56 13 61 9 0 19 71 17 71 70 43 73 38 4 84 82 18 91 96 43 88 20 14 51 56 48 29 20 6 96 1 95 12 82 100 27 22 67 0 20 31 38 16 69 27 31 98 78 63 21 45 59 4 71 50 93 20 27 77 81 79 88 58 60 34 27 67 98 28 43 31 80 87 60 56 89 5 97 30 89 76 30 25 91 79 97 87 77 68 8 48 68 39 51 0 100 16 68 35 83 61 62 77 24 45 94 46 27 18 44 7 92 93 38 15 58 15 17 48 28 35 60 74 60 44 98 87 12 50 14 72 89 5 78 27 81 96 89 55 45 78 33 79 35 59 59 48 18 75 45 82 94 79 88 88 8 54 22 65 81 43 43 27 77 100 14 41 1 47 65 22 25 16 62 88 73 29 60 42 18 74 38 83 4 43 5 74 63 100 77 79 99 99 10 0 84 59 18 51 0 75 45 22 83 46 2 5 63 99 4 12 24 23 63 29 33 61 45 68 20 81 83 12 100 58 34 83 44 3 35 41 14 19 84 63 47 87 95 59 95 95 32 68 30 69 57 11 21 40 94 87 5 97 21 28 41 0 76 63 16 96 64 73 81 54 11 96 61 1 15 17 9 24 55 81 25 52 25 2 59 55 6 88 57 24 87 100 14 66 20 62 18 57 29 4 71 20 48 44 54 74 92 64 53 3 45 69 30 96 67 50 3 98 66 93 61 78 72 67 35 53 86 89 18 84 20 39 94 57 83 92 55 65 56 21 18 67 17 37 76 60 75 87 94 64 18 25 23 72 31 14 30 31 46 96 75 9 11 64 14 25 67 96 97 37 23 33 49 45 100 53 46 66 67 88 36 59 70 2 30 1 2 96 28 40 28 46 85 15 95 35 42 84 4 36 55 48 89 17 85 75 73 73 45 67 80 16 10 96 80 89 56 86 65 39 2 53 6 25 9 14 60 94 69 28 76 72 37 68 97 17 46 46 23 45 28 95 7 75 23 94 73 56 18 61 84 70 71 39 3 79 53 9 26 
35 58 56 8 27 48 57 27 65 6 84 74 17 70 98 13 62 22 91 5 73 29 85 4 95 60 42 35 43 38 60 83 33 41 22 26 30 3 2 47 67 12 77 13 61 80 93 53 46 15 54 50 73 90 16 18 51 34 60 65 9 41 64 7 91 83 15 19 63 53 17 55 63 30 87 47 28 12 26 19 63 38 93 79 96 4 81 52 57 79 43 43 48 80 89 76 85 33 73 39 86 93 14 15 76 45 100 7 79 66 8 14 1 12 73 94 52 15 80 71 29 61 68 72 91 42 75 94 40 18 19 28 22 67 25 2 98 60 65 48 95 30 37 77 9 13 16 78 73 25 27 22 48 33 17 63 100 94 13 80 83 61 53 94 48 56 98 10 50 84 47 55 28 40 42 12 85 26 53 29 86 14 95 37 62 61 16 97 71 20 68 91 42 4 39 8 68 46 47 52 99 27 92 17 35 93 83 44 6 77 30 11 50 14 37 2 18 43 34 6 16 68 84 85 46 67 55 48 68 22 4 61 38 37 17 70 7 97 14 43 79 48 28 27 34 97 43 12 0 14 91 4 30 23 77 73 58 38 5 6 71 64 19 9 63 24 91 86 41 54 26 99 15 78 7 60 31 38 34 53 89 43 89 72 15 52 34 31 75 97 14 53 49 9 44 28 46 93 76 9 9 12 52 55 23 84 32 3 27 66 13 41 11 68 64 59 56 87 45 66 71 13 60 71 78 64 12 39 5 67 87 25 15 76 42 99 45 49 79 28 79 50 41 65 79 53 40 96 62 16 5 100 49 45 80 60 0 43 8 0 75 45 27 100 77 81 42 51 19 15 13 84 50 15 98 68 71 37 71 63 75 99 60 77 16 82 46 74 40 75 28 45 77 89 31 69 71 33 11 93 74 95 33 74 67 66 86 67 100 51 8 14 43 32 43 23 24 97 36 40 94 4 17 63 4 55 91 65 21 25 58 53 79 56 59 40 86 58 20 30 50 59 83 26 26 54 21 7 12 81 20 26 77 99 69 49 97 43 51 8 93 27 48 8 21 39 20 51 85 46 28 47 73 18 12 1 96 79 83 60 46 84 32 64 52 47 5 7 45 12 52 70 97 84 96 100 44 13 24 52 
10 38 75 96 53 68 40 79 63 75 14 15 82 2 43 56 86 23 65 53 86 21 63 17 2 41 8 96 9 45 31 75 54 40 57 3 37 41 47 87 80 5 19 30 42 90 6 89 3 88 37 44 87 61 33 64 64 9 43 87 26 29 1 53 52 83 23 11 28 57 21 13 60 69 52 28 84 38 87 13 30 88 12 65 81 5 9 35 1 68 9 97 84 71 30 68 39 76 28 32 71 100 90 47 42 62 85 57 55 17 43 44 4 40 0 81 98 60 44 9 91 99 87 69 89 82 33 67 52 6 78 58 46 95 94 20 58 19 48 87 11 97 32 60 6 26 87 48 87 9 25 31 5 96 75 57 23 77 14 27 57 70 92 99 95 79 75 97 94 46 28 2 59 2 22 94 44 63 26 100 37 46 42 5 16 8 96 91 89 45 0 14 64 18 14 59 14 57 14 20 32 8 58 93 87 5 88 60 16 94 38 33 68 2 39 62 61 73 13 53 75 24 90 27 55 35 78 74 52 55 76 76 1 50 57 89 7 89 91 84 35 32 99 86 84 83 65 50 90 56 69 88 21 43 49 3 17 82 91 18 100 79 62 49 85 31 29 44 93 52 18 47 91 65 95 96 28 63 0 81 60 64 76 14 13 72 41 81 77 17 21 8 46 11 83 25 77 18 50 16 7 15 54 7 6 29 44 30 48 40 49 54 5 41 77 17 98 60 75 87 54 96 44 82 1 96 100 60 4 67 36 1 45 63 27 24 83 76 8 60 30 90 37 64 30 24 25 53 10 33 37 33 55 43 73 70 77 13 88 37 38 53 11 86 68 37 100 51 99 88 60 99 33 40 2 65 20 10 27 55 56 52 95 15 26 14 25 40 45 11 68 4 14 51 17 32 33 92 74 47 88 95 49 77 17 67 18 40 31 51 23 100 75 47 94 86 47 10 32 40 95 96 16 64 28 39 49 49 86 71 11 46 1 39 65 65 31 38 79 18 16 69 43 25 28 22 60 73 57 7 71 80 4 98 3 14 62 17 28 75 27 80 28 61 37 20 59 67 64 76 98 59 51 97 86 58 3 39 93 78 84 30 63 22 34 6 72 82 49 57 1 5 59 73 40 12 69 84 23 31 
12 6 67 92 69 45 76 92 88 40 25 36 18 15 25 60 58 54 1 10 82 26 77 26 17 55 5 45 84 99 52 92 84 10 55 81 13 80 89 67 68 29 0 14 77 66 85 28 14 27 13 98 4 96 48 80 64 85 49 26 81 61 9 100 20 35 75 2 92 57 65 71 16 98 53 98 36 18 86 49 8 5 36 82 10 60 63 93 45 47 38 34 88 73 29 87 49 84 89 66 42 64 1 6 39 70 28 52 66 15 66 40 23 30 44 2 72 44 75 44 7 60 9 78 27 19 79 18 73 95 50 67 90 93 39 82 77 17 38 84 29 84 25 78 73 89 31 61 42 56 60 31 95 51 12 80 56 100 17 78 54 24 83 38 84 84 85 97 42 100 66 65 77 3 17 4 20 75 84 10 0 75 87 6 57 25 62 42 90 61 1 20 5 9 7 55 2 85 43 99 84 98 21 94 79 76 37 64 41 34 16 16 13 49 9 39 73 43 37 13 35 74 22 5 75 29 85 7 2 90 66 76 78 0 67 47 77 27 49 74 59 36 29 77 10 44 14 96 36 83 3 43 46 67 60 39 27 25 81 2 34 100 85 51 99 40 33 36 90 26 56 37 98 63 66 0 20 89 55 21 37 47 17 90 24 71 3 98 65 58 61 57 74 37 71 21 55 82 11 9 40 31 58 16 34 16 70 97 33 28 91 62 21 44 49 73 4 69 38 72 16 71 36 23 3 40 97 90 25 26 87 16 48 88 25 3 10 40 78 33 99 98 22 9 78 56 50 8 10 55 41 60 85 32 24 25 55 12 49 25 48 33 52 26 40 76 44 32 73 83 66 11 65 52 67 61 71 8 37 64 89 97 65 79 10 43 82 15 77 35 22 32 54 23 7 0 20 84 57 90 43 85 63 55 75 88 96 93 32 100 22 39 70 40 5 66 94 33 48 77 58 31 24 50 6 34 28 44 68 85 73 19 18 6 60 83 13 90 64 85 59 9 35 61 4 49 65 33 98 42 28 19 56 50 94 100 45 79 98 41 92 19 41 63 32 17 40 59 64 35 23 20 96 15 47 48 41 76 53 6 16 28 46 32 52 29 26 87 23 11 37 71 39 65 28 28 41 52 79 47 
17 31 31 65 93 53 74 22 8 28 35 37 87 7 43 68 2 86 38 99 37 29 1 78 4 63 74 52 9 78 76 77 55 71 46 55 54 43 4 67 100 74 65 28 26 63 8 49 87 75 78 53 82 68 73 17 13 27 66 5 39 41 86 52 82 43 12 74 17 47 22 71 34 36 36 42 7 68 50 94 41 88 11 41 43 3 55 59 31 51 39 23 53 3 68 72 55 83 89 96 67 42 31 14 32 1 75 77 87 8 94 5 95 50 14 5 20 98 59 3 92 82 82 73 43 98 44 57 100 55 40 23 97 55 57 49 81 25 18 83 2 25 6 10 58 86 10 22 53 24 9 47 78 17 86 34 71 68 42 3 90 53 62 72 87 51 18 19 31 100 10 89 51 6 7 55 4 68 90 44 46 14 3 30 61 41 7 0 99 64 30 99 39 68 91 26 36 88 85 78 13 2 88 92 72 58 50 1 38 81 7 100 23 83 79 51 48 23 78 31 15 73 69 45 43 22 1 63 31 77 6 92 64 87 2 83 31 55 6 1 14 7 9 66 46 16 53 87 35 20 94 51 40 66 62 25 72 88 22 63 86 60 87 30 58 82 68 53 65 83 24 66 6 31 24 42 70 29 37 1 97 79 100 18 64 78 34 91 18 21 22 57 68 29 4 84 6 82 62 41 77 62 29 63 26 96 51 53 16 26 32 49 14 48 81 86 74 3 93 38 17 35 3 3 54 100 27 78 39 36 49 70 86 30 38 78 100 7 23 87 55 73 74 44 86 48 8 23 67 75 61 26 1 65 61 100 70 39 91 33 77 11 36 51 54 44 5 23 54 60 44 8 76 69 24 8 7 24 82 93 44 82 7 95 58 61 44 37 39 9 70 85 27 70 67 59 47 19 51 3 54 36 74 86 57 60 72 32 7 55 59 62 50 41 76 34 88 58 48 59 27 0 4 3 28 8 1 50 86 5 5 95 83 33 94 64 77 32 29 14 13 41 1 71 9 18 6 48 82 86 98 54 47 24 84 85 15 27 22 45 76 97 66 56 37 36 3 83 99 34 21 93 37 46 70 100 85 53 15 26 23 53 46 95 14 39 51 18 26 39 65 59 18 76 8 39 61 79 44 43 
96 30 65 79 0 44 77 52 12 27 5 58 57 58 72 95 47 93 96 33 58 73 30 61 95 22 70 74 85 39 12 84 6 79 30 99 87 44 59 89 73 82 6 13 30 80 79 16 46 66 5 68 59 100 96 9 10 25 36 46 44 93 18 42 49 45 50 37 78 49 99 78 98 20 50 32 26 26 0 56 85 14 24 55 1 6 86 42 71 8 45 44 14 6 55 1 13 83 51 26 93 94 7 30 0 11 44 97 38 93 42 56 90 24 55 18 77 64 46 38 84 69 41 30 87 83 1 1 24 22 55 35 2 7 37 63 91 11 37 6 7 92 89 54 27 15 100 62 5 40 45 68 8 35 6 88 49 9 98 36 99 45 77 62 95 74 6 86 39 26 58 36 18 38 19 98 87 81 84 36 84 58 10 5 91 33 43 36 17 29 39 4 59 97 26 82 46 77 20 62 6 79 74 41 80 22 1 54 22 36 64 48 60 90 84 78 85 26 59 48 62 30 94 71 25 28 8 40 73 39 29 62 92 65 42 97 67 94 97 65 68 82 8 55 24 70 96 14 88 87 2 22 85 59 30 93 98 5 79 100 25 2 35 36 30 80 20 95 51 57 38 37 26 7 94 57 16 14 11 97 85 7 0 58 40 63 29 43 82 13 14 41 59 47 10 20 7 46 50 37 26 67 97 14 79 36 32 21 87 34 56 100 15 58 27 74 81 93 80 79 75 4 61 21 22 55 9 44 49 32 68 66 67 90 82 83 7 6 59 28 1 73 73 63 0 73 36 55 57 94 30 23 38 47 46 78 7 33 61 96 23 46 100 55 41 89 68 17 41 45 86 53 97 40 58 48 41 40 10 6 85 82 57 25 81 38 83 0 64 7 17 44 18 0 18 51 14 72 63 63 98 20 31 3 6 21 59 54 48 37 28 15 67 3 64 26 55 61 38 31 4 5 87 61 30 95 99 41 51 52 15 25 39 71 42 82 25 57 61 20 79 17 9 57 18 50 28 40 91 83 49 67 5 47 2 18 48 26 29 33 72 24 19 41 87 98 59 16 76 24 78 10 58 40 13 73 32 23 20 19 24 55 46 19 68 8 93 58 65 9 41 65 85 12 27 34 74 68 54 23 
71 48 28 96 48 71 34 13 56 19 14 15 86 35 27 11 88 43 100 88 60 91 2 71 3 17 87 92 65 60 4 28 11 53 87 24 6 60 33 6 86 8 36 57 31 33 13 62 4 20 36 79 94 50 8 25 77 12 50 19 20 69 64 76 41 40 81 47 5 53 50 75 52 20 22 8 63 2 0 9 7 1 65 45 71 52 87 59 74 84 84 4 45 50 67 32 83 48 78 47 62 96 43 74 25 57 74 99 13 86 87 58 48 58 92 53 43 9 63 97 6 87 76 58 66 28 13 21 15 11 44 71 7 12 97 60 3 52 81 50 41 47 40 74 99 98 46 43 99 37 43 14 9 96 68 38 26 33 82 25 39 18 23 57 37 55 6 10 24 52 85 10 51 51 99 60 50 73 54 100 33 59 70 16 42 35 57 68 25 6 4 19 1 79 51 20 5 47 89 31 53 11 71 57 97 53 6 91 92 88 82 72 41 58 52 97 74 31 70 84 38 50 3 96 23 6 53 36 64 81 3 25 58 0 41 33 2 83 34 49 90 12 21 58 91 34 53 5 83 41 36 28 34 35 73 73 61 28 97 98 46 29 41 2 4 51 83 20 0 39 33 30 88 21 77 96 13 89 55 47 37 13 76 98 55 65 32 8 46 69 59 91 52 97 51 64 21 4 13 36 55 28 95 18 72 17 20 17 41 8 47 33 9 43 48 71 35 0 22 68 22 100 9 84 60 96 0 33 99 75 100 80 24 17 59 38 50 46 34 31 50 57 11 52 76 46 51 50 16 52 25 16 9 97 13 1 21 33 1 82 4 36 65 81 70 61 51 67 45 96 45 57 14 96 98 58 83 78 21 33 37 23 47 50 2 55 40 37 45 63 2 31 1 69 59 93 3 45 47 98 70 28 42 56 65 4 44 11 39 55 66 98 49 46 96 46 39 7 18 14 2 94 70 87 58 66 89 1 80 58 30 70 50 56 42 92 87 56 78 82 80 44 53 54 49 18 10 91 79 43 38 82 87 100 10 63 94 37 96 76 28 61 42 33 77 89 88 99 7 80 96 92 71 44 19 93 33 66 14 1 83 31 91 26 23 73 32 23 6 56 12 80 72 61 57 3 36 46 84 74 
83 84 0 79 13 95 93 22 93 81 41 16 12 48 88 64 100 19 23 81 22 100 3 8 98 63 64 78 41 98 100 0 14 21 18 61 77 49 87 0 73 88 1 80 99 37 35 59 67 37 74 2 4 54 85 33 92 64 24 68 31 27 16 46 0 61 26 14 15 84 86 23 17 40 36 5 61 86 23 66 25 43 54 100 91 1 41 46 75 88 25 28 11 7 8 96 51 95 25 86 34 99 61 79 2 76 69 8 1 61 50 64 14 46 70 65 98 40 99 100 56 9 59 96 68 12 12 3 5 69 23 16 35 38 47 79 55 13 91 56 21 85 21 4 9 12 24 88 84 21 24 87 7 16 12 78 70 100 9 55 32 56 23 0 50 75 79 32 22 42 31 92 59 46 70 100 93 20 31 25 97 77 58 80 52 64 55 69 14 21 65 17 82 15 67 61 21 15 40 74 15 37 28 100 79 51 79 27 60 59 16 6 15 76 51 74 32 2 70 73 99 79 93 27 97 56 53 65 65 24 7 63 84 22 24 30 68 82 80 67 14 82 35 94 92 68 46 7 21 39 79 20 54 36 36 30 36 1 71 59 33 57 79 49 91 20 13 73 53 84 65 66 31 52 72 41 92 97 20 88 50 24 73 90 64 74 48 24 41 61 11 81 84 12 12 47 81 84 57 80 82 41 16 41 41 90 11 21 38 1 47 55 0 40 2 11 0 52 41 49 40 82 37 80 15 93 20 68 16 91 15 16 40 66 9 38 63 77 42 78 71 71 96 36 32 44 16 38 1 69 38 47 68 57 95 12 51 97 81 2 80 11 44 26 39 37 19 63 43 32 18 43 45 83 88 69 69 93 100 100 88 60 39 35 9 26 9 85 68 17 63 91 28 40 19 0 27 73 68 35 57 15 71 82 47 49 47 44 52 45 88 54 84 3 43 82 29 20 58 69 95 100 34 33 78 95 1 17 90 100 42 27 33 8 73 77 53 71 28 63 13 49 18 13 81 86 26 5 23 62 87 58 8 50 10 25 46 41 48 22 83 64 73 77 50 49 41 45 100 5 33 49 94 90 13 38 59 99 55 33 5 21 66 94 25 9 0 6 58 83 40 42 92 70 33 11 83 29 7 52 
68 8 57 54 16 18 75 32 95 98 27 66 57 63 92 59 34 20 39 55 6 56 23 13 42 56 0 72 51 18 48 52 5 60 43 64 5 35 20 97 10 6 61 54 30 88 54 46 60 26 63 85 2 48 67 66 24 43 85 95 35 69 14 98 88 3 1 21 72 85 28 50 46 22 53 83 17 77 50 30 56 48 94 35 39 81 52 16 72 54 50 10 17 9 13 8 90 49 84 42 83 47 34 66 64 63 34 81 2 35 58 99 46 52 81 30 2 32 24 65 59 44 28 6 67 62 12 41 90 90 45 45 72 52 88 54 95 22 40 45 91 21 35 10 73 29 0 88 76 9 44 18 62 93 90 21 7 99 54 59 56 53 21 27 29 11 96 83 93 52 93 31 95 28 0 96 28 53 93 79 81 76 28 87 19 61 49 57 71 71 4 99 40 40 59 0 69 10 13 65 5 89 27 1 58 8 71 56 54 18 80 62 40 61 32 63 99 55 26 60 18 45 51 18 54 7 89 53 24 67 42 63 40 89 29 34 81 31 6 0 57 80 84 74 31 7 44 8 96 59 11 69 76 9 36 57 56 38 39 48 88 86 53 40 92 17 4 22 44 22 30 13 30 41 18 72 11 91 73 41 78 48 66 93 36 95 81 68 24 71 91 88 84 0 6 37 18 68 15 99 15 46 27 13 5 93 62 15 78 44 74 82 24 79 17 100 52 34 73 14 96 55 56 58 64 90 37 73 23 5 1 76 11 58 100 91 58 91 57 9 90 1 0 2 35 33 57 83 8 17 19 98 5 13 35 30 58 48 88 15 57 98 23 84 91 9 46 70 78 79 77 52 30 64 6 28 16 58 78 72 80 25 64 53 23 98 92 94 36 99 22 73 28 38 91 19 18 22 32 87 20 12 20 21 1 70 45 56 57 72 83 29 82 15 63 33 55 83 95 42 90 64 37 95 13 84 48 3 52 22 63 16 48 87 48 71 48 24 75 38 25 54 73 6 61 58 9 26 21 31 56 1 2 95 30 39 42 80 90 11 61 31 71 41 42 99 74 77 94 65 43 1 20 35 9 7 69 3 25 51 93 73 38 52 41 70 43 25 77 63 93 84 39 62 85 6 76 37 70 65 
52 37 7 63 49 31 79 87 74 71 22 58 9 67 92 15 96 83 61 39 72 22 88 67 25 70 43 6 71 84 22 59 6 6 18 2 17 39 2 2 24 32 12 17 45 98 43 22 18 9 80 38 53 72 23 79 89 13 88 70 28 78 75 40 68 33 36 29 20 39 45 88 18 32 53 95 25 7 10 12 32 87 67 80 99 14 34 66 26 56 12 38 8 69 59 30 64 44 67 3 12 14 49 78 38 36 92 78 42 19 27 17 11 64 5 97 47 9 87 12 52 21 6 89 63 25 91 43 1 58 56 83 51 90 33 75 58 8 73 10 70 95 79 38 63 98 6 9 26 23 24 41 39 11 2 9 69 95 3 7 19 77 30 64 94 79 74 47 65 88 76 15 42 45 60 7 61 46 100 71 49 79 65 83 92 38 22 78 63 39 32 80 42 92 36 73 48 8 17 87 71 27 52 20 77 86 57 92 16 66 65 75 73 52 90 92 12 64 83 50 23 91 60 8 73 63 90 98 68 36 25 14 27 48 71 40 52 20 93 10 95 49 75 14 17 30 59 39 71 30 41 30 57 16 84 27 75 37 66 81 27 93 58 30 72 32 11 28 51 93 57 14 4 49 1 67 30 43 65 79 28 13 16 23 33 92 1 33 75 63 15 35 16 28 43 90 31 94 2 96 61 87 32 25 94 55 76 36 95 90 45 10 38 52 52 54 68 87 8 93 100 62 93 37 12 1 54 90 11 34 55 31 63 15 63 69 33 62 93 24 85 58 31 89 91 17 80 91 23 71 91 86 59 53 81 70 23 8 21 40 62 8 37 8 10 59 0 21 52 48 15 52 39 94 84 46 57 67 35 81 65 38 22 71 91 30 44 70 78 43 71 3 94 1 64 15 91 94 80 87 4 1 0 65 8 64 10 34 46 86 3 97 75 79 37 75 2 5 49 52 39 66 34 72 92 9 2 18 60 70 70 4 77 23 83 56 12 97 29 40 69 8 88 43 81 16 46 35 98 93 88 85 90 13 12 11 37 62 18 70 94 56 61 92 94 10 52 81 51 63 61 48 76 30 81 5 23 34 61 42 76 86 63 42 37 60 94 80 63 3 75 33 38 79 1 95 84 61 88 44 
70 75 3 45 26 62 98 56 51 57 5 5 92 66 23 50 7 0 99 90 86 24 25 35 3 32 26 44 25 57 37 21 85 6 70 86 1 3 97 87 66 2 99 96 80 88 35 42 48 0 71 23 55 18 77 37 67 47 90 94 10 95 7 29 7 75 30 98 48 55 65 99 33 30 74 37 97 86 58 14 63 56 23 14 95 83 72 21 92 19 22 67 4 82 96 82 63 43 40 80 23 78 89 64 70 2 96 85 66 47 90 9 20 59 31 11 33 90 55 88 99 57 32 26 63 20 38 12 29 51 81 93 72 19 92 41 21 47 64 41 11 80 99 33 47 73 91 76 91 1 90 49 75 42 95 53 12 76 96 67 58 7 71 79 22 8 88 92 99 71 77 14 52 3 84 99 8 95 87 50 39 23 97 57 0 66 46 63 37 52 10 43 28 19 56 10 8 84 58 72 74 82 40 55 32 55 32 54 89 93 34 24 40 38 16 83 99 20 65 68 92 35 18 89 28 0 82 25 54 55 67 26 16 53 45 37 66 21 83 90 51 29 14 39 36 60 30 20 11 26 68 15 99 63 21 27 89 56 17 54 11 41 65 2 18 73 41 28 8 4 97 71 1 19 9 46 1 66 17 38 46 88 55 55 51 41 37 25 2 64 61 61 44 16 88 83 71 58 55 79 86 86 59 46 27 48 63 72 24 38 69 53 67 56 11 57 39 59 15 50 6 87 100 87 9 96 14 60 70 52 8 41 3 44 86 43 6 8 45 87 68 67 8 35 68 53 91 100 40 2 10 37 30 47 76 93 3 51 74 80 82 66 58 30 3 66 90 24 34 10 63 37 48 50 69 74 12 60 86 13 80 89 56 11 100 20 81 27 79 43 48 21 11 94 52 83 39 86 18 19 6 35 87 13 33 41 39 79 89 32 44 55 40 79 91 4 89 91 12 47 27 28 98 41 70 2 15 58 17 28 31 86 15 22 61 20 79 78 24 72 53 80 33 68 17 5 64 61 35 7 73 24 20 90 6 19 37 55 16 82 69 49 51 89 63 16 45 24 60 78 96 53 43 47 37 66 83 43 43 84 65 84 95 94 82 54 7 7 29 32 96 93 74 70 15 34 57 22 68 34 
11 27 34 64 98 49 11 49 5 89 15 22 88 22 65 39 84 22 4 76 10 98 36 59 74 97 20 97 49 41 17 0 88 35 92 26 3 68 43 78 89 76 0 73 28 13 45 92 97 65 21 42 50 6 18 56 2 50 22 48 4 45 27 24 46 61 2 7 85 0 36 46 77 48 85 57 89 9 63 14 4 43 75 79 75 64 1 49 76 85 43 8 38 76 39 61 81 7 26 60 4 25 33 84 34 24 91 27 48 79 57 57 95 37 10 24 48 4 57 71 62 61 87 18 83 88 56 52 30 23 27 33 81 87 52 81 63 66 49 64 60 2 51 42 31 11 31 3 9 95 61 63 98 66 82 46 3 59 37 4 80 16 17 2 10 24 44 87 78 73 41 24 87 94 92 25 67 37 48 78 0 52 88 41 15 58 6 5 5 61 97 82 25 8 7 84 15 61 10 83 9 95 10 95 8 42 64 18 98 76 45 26 98 93 78 41 0 18 5 8 3 32 95 88 32 83 92 99 3 40 85 88 41 5 1 18 34 47 61 20 83 83 60 49 43 43 26 79 23 15 57 32 36 57 77 34 49 81 77 41 45 38 22 18 44 95 17 87 97 70 67 33 19 89 30 98 87 78 33 37 47 42 2 97 99 20 5 11 49 14 64 78 93 74 82 55 59 41 56 26 6 41 71 84 91 37 52 36 84 99 68 13 48 47 99 25 5 73 52 72 69 36 59 17 35 26 90 33 46 94 64 80 97 76 89 7 42 31 51 50 32 66 43 100 62 75 65 21 10 67 32 69 85 24 62 66 12 52 18 65 61 86 40 37 36 25 67 30 49 94 34 89 28 45 0 2 85 98 59 49 1 3 23 94 74 81 65 100 97 45 2 68 0 43 1 17 70 21 93 70 22 46 20 38 88 39 13 59 25 74 60 73 72 29 96 67 78 40 15 35 51 85 49 83 35 73 96 32 10 57 16 9 44 83 71 35 1 78 70 33 46 50 20 17 31 18 86 55 41 0 53 97 94 56 20 10 97 83 55 63 76 75 37 32 50 37 17 89 21 10 50 59 5 92 55 86 45 41 56 84 90 57 3 37 81 28 25 98 50 62 5 91 23 74 68 60 4 27 64 30 
18 67 69 95 52 13 25 12 57 39 55 82 46 79 31 61 75 95 56 86 94 79 48 28 0 33 88 55 68 15 28 92 4 29 98 29 97 33 57 77 82 81 98 54 8 76 4 57 73 32 34 45 0 30 67 67 62 12 66 4 25 77 8 52 59 91 69 40 94 66 79 16 8 58 37 84 63 18 99 18 45 10 19 81 28 2 52 83 8 93 73 29 63 70 66 51 37 28 65 10 52 97 86 36 71 93 60 70 79 10 60 9 42 19 1 56 65 15 97 96 89 17 13 26 75 72 54 65 11 52 38 97 77 15 81 85 2 35 25 49 25 75 50 47 36 44 73 23 51 84 28 94 68 14 48 5 15 88 94 80 30 60 76 43 62 44 58 50 37 83 19 83 30 12 89 98 37 66 75 49 62 64 96 27 72 10 85 57 10 100 46 70 95 92 7 33 47 0 86 57 51 9 66 99 30 0 15 34 19 18 79 35 39 62 15 54 23 85 19 54 48 59 87 64 32 68 77 96 67 49 27 31 32 28 56 62 13 100 2 80 56 68 2 48 1 85 13 33 15 49 46 26 17 31 55 18 17 81 36 1 41 97 76 15 61 73 50 67 22 16 36 60 31 81 86 91 10 79 35 42 78 36 61 94 16 91 0 8 89 58 33 4 37 87 79 34 17 4 59 70 81 78 16 7 58 23 13 16 8 25 68 72 37 96 47 39 92 59 22 45 28 93 19 75 94 84 87 65 54 80 65 38 58 39 64 11 27 57 16 74 77 22 39 24 8 7 78 78 95 91 9 91 70 7 83 20 78 5 54 96 76 90 48 36 83 3 95 13 33 15 50 47 87 91 10 19 53 54 59 95 3 75 89 23 14 98 51 68 41 79 99 1 84 10 62 23 67 73 52 65 100 93 16 4 23 79 37 23 58 60 95 58 64 6 13 58 25 74 98 14 54 64 39 13 79 62 49 88 67 33 31 33 99 42 27 93 12 64 47 57 93 28 23 58 59 87 17 51 34 93 63 23 29 86 38 81 73 56 40 48 26 74 71 30 88 52 78 78 33 68 75 63 2 55 81 79 49 78 43 72 46 77 34 3 45 13 51 63 69 92 4 20 76 78 82 62 59 14 19 52 
52 35 1 94 82 6 9 97 9 23 12 28 26 18 47 89 78 50 49 15 62 40 82 53 3 51 2 37 66 28 71 51 85 75 35 54 66 4 97 33 18 46 93 57 3 70 17 91 58 73 9 14 87 31 78 97 2 100 5 81 86 29 5 63 50 97 29 9 76 46 83 7 60 6 91 79 77 32 21 85 89 87 14 52 70 79 6 55 9 32 55 96 42 10 79 17 53 56 25 26 53 17 92 41 62 78 51 52 98 100 33 94 20 69 71 37 14 44 30 54 81 20 13 77 32 51 86 76 46 52 74 16 10 17 36 4 63 38 73 7 96 44 1 15 18 53 26 67 3 26 77 65 30 50 50 14 11 11 91 72 49 30 80 30 74 48 61 65 16 10 51 55 52 63 62 38 43 94 99 18 52 68 58 35 31 49 3 33 40 90 89 60 54 27 5 33 10 39 18 72 84 65 97 41 94 10 84 94 56 25 42 87 57 92 39 8 58 8 35 6 59 31 78 2 20 49 13 69 6 52 13 58 81 5 53 55 80 51 98 14 89 90 88 49 22 87 8 92 43 93 8 0 49 79 17 39 21 99 24 31 32 68 66 93 8 74 6 97 0 67 82 51 31 41 7 0 60 0 86 47 30 24 73 56 45 24 68 7 57 97 27 54 47 5 79 89 11 1 30 22 45 7 11 54 21 52 35 50 38 8 100 56 13 60 65 81 98 16 14 66 94 35 48 56 69 36 73 89 37 26 84 24 77 67 85 75 35 77 38 25 82 40 93 89 45 75 98 36 29 76 20 74 49 61 81 39 29 82 79 52 37 68 72 35 71 63 87 5 50 8 23 66 62 66 17 54 24 25 99 0 21 38 42 26 40 76 73 85 68 54 64 100 54 23 52 34 85 46 80 25 46 23 5 96 13 5 23 81 34 38 8 64 29 60 73 44 98 11 72 56 16 78 38 84 32 80 73 59 25 60 34 40 28 74 55 15 71 28 74 15 48 41 92 15 9 100 91 11 51 68 41 14 49 17 62 82 84 27 55 43 74 51 65 5 68 86 91 38 78 93 5 59 49 64 80 8 79 68 33 45 15 66 79 100 51 69 21 36 87 9 67 31 5 100 67 97 88 93 26 2 
96 71 55 36 43 65 76 62 29 5 77 74 78 79 23 33 15 96 65 68 54 40 91 99 2 78 52 80 49 33 99 13 49 70 74 75 52 69 66 99 80 83 26 53 83 70 46 61 95 69 15 100 43 74 84 16 49 5 65 21 72 90 68 57 38 27 75 23 47 58 77 82 89 41 60 70 50 33 62 65 92 1 68 57 80 87 42 85 6 36 13 73 23 75 52 79 3 18 88 68 45 22 75 74 7 78 2 60 78 83 94 95 97 43 35 59 61 2 8 2 56 8 87 84 70 91 74 58 30 16 45 38 41 61 59 59 58 82 24 4 89 69 75 13 70 64 19 56 53 18 32 70 28 56 92 41 59 21 88 99 90 87 25 77 5 80 17 66 4 39 29 26 38 7 10 99 27 84 72 70 97 8 14 12 26 69 41 18 63 67 0 1 24 6 57 57 44 98 15 91 64 37 52 20 19 64 40 25 44 24 26 70 91 98 3 90 88 89 36 26 46 66 8 18 32 37 1 27 35 97 30 78 56 80 18 35 20 93 45 13 43 58 73 25 32 26 60 54 82 21 34 16 10 91 98 36 18 58 12 80 92 9 49 33 16 60 26 67 54 67 22 4 77 72 79 65 14 34 40 32 94 10 43 43 43 72 67 88 57 80 33 11 16 6 34 9 53 18 33 72 61 58 73 21 47 47 58 77 52 27 20 42 41 56 57 53 50 41 92 37 57 19 49 5 10 98 93 15 70 96 51 62 1 49 31 62 20 5 70 22 37 79 4 38 15 17 45 98 79 37 41 26 65 68 4 73 55 77 84 65 70 16 68 67 0 97 89 2 15 71 94 24 53 27 29 80 86 53 14 84 30 7 13 84 22 44 15 73 20 81 30 25 35 16 62 29 69 67 97 74 1 67 89 9 91 68 95 20 38 100 60 14 93 84 52 72 24 66 47 81 48 72 82 49 53 5 0 91 18 93 47 6 65 23 50 3 41 56 36 10 11 93 79 27 43 39 0 77 48 53 36 87 51 42 17 73 99 56 34 90 49 12 99 19 77 70 81 99 39 61 77 47 73 60 39 59 48 27 17 89 3 3 87 11 99 99 11 29 27 92 42 93 82 26 81 10 72 6 22 57 
91 39 25 59 2 65 94 41 23 88 96 96 91 42 56 91 90 96 0 2 87 28 54 31 14 10 44 55 66 52 50 100 75 14 64 52 70 30 38 95 61 28 6 98 22 26 82 43 9 50 47 46 81 13 40 22 21 96 89 38 54 28 63 3 86 96 66 56 25 24 54 34 22 17 94 29 43 55 8 39 19 76 35 41 35 98 57 22 40 30 8 30 7 89 57 76 36 8 52 28 77 10 94 55 39 21 73 86 86 94 21 27 56 20 41 37 26 100 49 91 91 73 89 65 36 15 43 15 45 14 74 100 42 82 68 50 30 53 17 61 98 71 93 9 40 33 25 53 68 13 66 3 39 71 98 71 88 30 80 71 27 27 83 25 47 91 80 14 26 83 18 79 42 97 82 14 36 46 34 62 99 61 57 89 42 69 94 6 74 20 58 79 42 61 93 24 56 63 94 50 46 52 29 62 4 97 65 79 100 31 95 23 11 0 63 70 57 68 16 52 8 87 65 51 43 1 32 49 49 84 3 28 8 15 2 98 85 42 10 45 30 45 28 36 75 9 62 6 7 0 80 41 5 14 63 82 100 61 25 18 76 27 56 37 17 67 16 37 86 20 40 94 9 30 77 41 55 28 72 37 22 64 32 73 44 53 75 30 23 86 75 83 29 77 61 87 53 88 33 73 48 13 16 32 17 96 26 46 23 75 86 69 28 1 6 54 19 53 66 56 27 73 51 83 42 7 89 36 22 58 78 51 66 25 63 100 44 16 77 15 45 86 98 43 84 100 5 76 78 31 33 28 33 72 54 53 46 41 48 65 56 70 47 40 25 45 54 66 91 35 79 19 44 29 98 95 21 71 40 2 89 33 79 20 37 19 87 38 69 27 16 79 86 12 89 35 65 7 51 71 12 4 87 91 11 94 14 18 44 32 19 62 38 27 96 55 62 62 73 36 82 88 27 21 68 73 90 15 3 50 8 63 2 77 62 10 80 85 58 32 27 26 32 70 14 32 45 96 95 11 54 11 57 33 85 16 15 69 74 13 97 50 20 35 32 93 70 10 23 70 14 61 81 36 98 61 67 74 6 46 5 48 66 42 17 93 1 80 96 71 28 16 67 10 99 68 46 97 57 24 
19 29 20 78 3 42 94 1 23 3 42 59 17 12 63 13 77 10 95 63 89 61 81 86 100 11 44 32 95 7 23 92 50 76 39 92 80 53 88 62 12 34 58 89 56 53 80 23 94 96 29 4 46 55 85 67 84 44 81 96 2 15 100 83 40 7 95 15 80 27 64 66 90 45 23 9 98 86 84 87 64 3 36 89 75 35 3 36 38 2 65 9 1 46 64 36 23 40 43 48 22 47 63 58 50 65 3 55 58 92 55 36 97 81 16 15 59 81 28 8 23 69 11 26 83 21 90 13 18 35 0 41 50 62 4 65 12 28 34 76 36 9 58 99 0 100 82 75 94 22 75 53 8 72 84 100 74 24 11 33 61 20 99 6 88 0 83 50 58 63 78 75 41 83 95 84 62 65 94 55 25 53 92 90 24 49 41 8 57 86 16 54 3 92 93 28 44 53 56 35 24 88 93 39 22 69 9 28 87 36 18 11 90 56 84 91 13 36 2 83 51 66 21 23 77 96 82 99 32 1 59 23 27 88 90 26 99 86 84 9 41 31 80 29 94 42 35 23 69 34 21 22 12 54 14 71 67 97 1 40 40 47 21 51 45 52 81 55 96 49 63 69 24 35 58 62 82 86 18 92 52 24 34 33 51 37 2 64 27 24 46 15 59 63 10 12 28 97 65 3 42 50 54 100 87 54 60 44 60 43 11 68 89 59 80 95 67 41 20 88 6 58 9 17 93 36 28 43 75 83 1 24 73 31 46 89 94 86 97 34 1 12 91 60 67 52 98 85 37 69 49 24 79 94 17 21 32 54 45 75 17 44 7 56 22 32 44 3 92 74 32 8 30 10 59 89 57 62 72 22 16 81 50 62 24 32 80 48 56 20 53 66 5 43 47 24 90 73 71 53 11 65 7 2 99 26 80 81 54 49 12 94 97 84 88 89 70 97 88 52 76 40 96 22 34 11 85 97 99 47 62 10 64 79 48 53 87 21 71 26 31 37 82 33 63 15 68 17 55 50 2 9 78 95 39 46 71 99 8 64 34 17 82 95 46 26 16 33 24 66 84 71 74 73 52 69 77 33 9 81 23 7 43 31 93 85 44 47 29 50 69 87 66 83 7 9 38 13 6 89 
1 72 90 21 41 33 93 20 6 95 96 32 53 60 59 42 12 18 11 8 60 5 69 76 51 8 13 28 70 85 78 95 3 53 24 50 48 53 50 49 95 26 7 16 77 35 5 68 23 51 50 74 49 1 2 15 78 29 94 53 4 97 29 99 69 36 34 68 50 85 57 93 76 77 45 21 74 43 6 16 34 71 87 44 98 76 81 77 73 35 23 7 15 88 91 23 60 38 80 74 92 77 95 94 86 93 57 23 5 2 16 26 37 35 21 89 21 16 39 38 91 73 98 29 37 100 52 20 66 12 2 82 56 57 76 70 87 62 65 63 83 33 26 52 17 29 59 95 18 34 32 79 12 55 100 46 31 12 24 83 35 77 28 72 18 89 40 27 88 73 93 63 2 90 34 2 7 90 95 92 54 60 58 34 87 11 96 98 64 2 70 20 88 87 63 97 52 71 82 75 11 87 58 66 47 17 61 81 2 46 45 12 77 37 61 80 10 42 56 99 21 42 65 46 89 11 96 5 28 71 98 87 6 9 68 57 40 14 76 14 62 87 74 65 43 13 5 26 92 75 80 14 33 93 71 38 26 6 53 36 38 80 3 23 1 37 85 79 58 54 55 13 77 61 79 99 27 61 26 60 76 43 69 11 3 59 83 22 15 54 60 99 16 67 19 10 8 95 38 56 68 43 95 96 26 32 39 95 14 51 6 97 43 25 33 26 11 86 52 17 36 57 87 15 29 38 83 77 14 100 92 14 23 39 87 44 62 82 81 41 40 34 60 39 93 33 32 24 62 10 26 25 62 6 10 23 69 5 53 4 55 66 79 31 81 88 91 4 46 83 59 67 98 4 48 78 3 96 90 16 89 73 31 31 10 37 78 32 30 61 62 19 51 96 17 62 95 24 58 83 89 98 86 69 36 49 41 53 7 47 91 76 31 39 87 3 3 92 97 48 53 59 43 52 36 79 88 54 16 1 54 15 97 65 22 66 28 50 39 95 8 29 65 6 15 89 89 90 34 35 66 86 100 66 4 22 38 89 64 88 75 6 62 95 85 48 54 53 34 73 26 41 20 69 30 40 40 84 51 76 64 39 74 56 77 100 45 53 85 30 79 96 94 8 72 36 96 64 41 98 
94 80 85 46 37 5 26 68 95 35 26 71 54 30 57 35 30 73 96 80 61 97 20 5 70 87 98 7 71 5 89 19 60 41 22 0 58 86 30 10 47 32 91 7 32 6 96 34 78 94 43 85 85 0 82 76 63 83 0 52 39 83 1 5 34 67 45 35 37 85 43 70 62 21 87 40 62 89 90 89 85 32 19 65 53 0 37 71 77 8 100 99 5 85 3 13 55 52 50 96 73 3 48 34 77 73 36 62 78 11 96 2 46 92 37 53 55 97 23 76 35 30 14 86 72 51 37 12 25 91 37 79 1 18 17 64 55 85 60 46 69 33 84 27 68 55 34 92 68 44 73 94 62 58 42 65 48 45 56 87 55 31 59 26 39 50 75 75 11 18 85 67 32 64 70 39 73 28 18 52 68 37 5 51 72 75 7 38 98 24 50 31 89 27 10 84 77 82 76 77 62 12 39 74 27 76 23 32 16 51 51 84 6 80 60 50 38 58 72 71 1 91 99 74 73 60 13 77 11 12 0 99 0 38 22 53 61 39 79 70 85 49 46 93 0 48 77 7 36 9 47 22 75 22 21 1 61 72 44 54 37 92 37 90 50 56 77 47 63 26 45 27 7 46 34 25 22 23 79 27 85 36 69 28 83 72 68 69 58 55 7 55 22 64 3 86 30 42 17 93 13 86 17 86 100 66 93 60 43 27 32 95 92 1 65 24 61 34 19 1 9 72 9 81 78 96 90 52 9 29 19 63 58 9 47 96 14 23 7 13 100 39 64 2 18 26 57 95 70 19 71 6 3 94 80 52 97 13 43 15 48 74 66 75 66 90 10 62 8 31 87 29 50 51 3 97 7 22 0 37 16 13 89 68 0 25 94 34 72 87 65 83 77 47 13 20 78 51 67 60 3 73 86 59 46 7 6 79 8 59 77 98 95 26 86 91 32 46 65 86 46 66 87 88 11 50 36 41 84 71 12 36 43 81 75 10 12 78 55 37 16 44 36 71 14 74 56 56 36 0 22 45 81 81 53 43 68 21 12 13 56 6 74 51 64 33 93 61 74 90 85 1 39 47 4 60 28 37 50 6 29 91 96 67 58 17 12 89 10 35 51 36 12 95 32 83 49 76 91 75 
55 8 9 3 78 97 25 72 96 19 17 76 44 92 49 24 100 24 64 39 0 62 71 39 84 75 41 16 70 34 70 23 87 48 55 19 47 69 3 34 26 18 90 28 69 32 35 100 100 37 37 41 31 47 4 67 6 7 18 42 27 57 66 32 89 83 23 57 85 85 65 3 30 59 96 100 1 5 3 73 66 50 43 76 46 7 4 14 82 62 29 84 15 39 45 74 10 22 85 65 17 36 65 24 14 14 29 88 35 30 69 33 64 51 97 0 44 17 35 7 65 10 17 25 73 22 75 26 38 16 86 48 16 57 66 38 15 15 73 27 33 44 63 14 74 62 32 60 58 80 74 49 73 73 35 80 78 56 61 67 74 3 65 70 45 65 98 89 77 20 87 3 68 96 51 67 46 85 45 86 23 66 18 82 19 25 35 98 3 57 49 33 36 47 59 97 75 16 91 39 75 90 21 37 1 12 88 1 37 19 12 79 13 37 86 42 81 2 72 93 3 43 11 39 89 93 18 9 80 67 2 28 53 18 81 18 22 16 58 30 91 16 36 43 87 69 44 5 81 36 7 21 36 56 59 57 75 34 51 83 48 37 54 8 78 39 32 23 9 5 15 35 8 14 86 16 9 60 25 35 68 4 68 70 93 89 74 21 65 91 41 73 65 83 75 66 77 30 48 51 2 22 34 12 74 61 81 36 31 51 24 67 98 93 28 41 11 100 40 33 64 10 94 14 54 80 63 91 70 49 18 34 68 32 99 53 70 73 95 29 11 7 38 78 27 3 98 5 1 90 34 53 33 63 94 6 84 29 26 13 97 37 55 6 60 80 61 3 15 24 34 4 49 22 35 83 26 8 47 47 67 62 35 86 65 81 20 60 56 72 68 61 6 86 56 40 13 62 81 4 37 100 31 77 44 68 77 94 92 48 2 45 75 45 15 60 35 37 16 94 29 4 97 80 48 40 2 8 75 95 28 4 16 30 67 16 42 81 23 47 66 84 87 91 27 5 83 83 35 70 21 90 12 2 7 42 34 78 31 34 85 99 87 19 65 16 28 90 66 50 49 43 55 81 73 51 100 63 77 54 16 85 62 1 98 37 24 36 8 20 23 1 79 85 10 25 36 73 96 86 
42 49 21 32 56 78 34 22 100 50 47 1 36 34 66 38 88 33 6 81 12 31 32 75 82 27 15 60 68 57 49 59 85 61 68 40 62 78 95 21 85 27 86 53 20 88 33 96 56 80 98 39 67 94 33 74 54 13 14 100 35 31 55 30 75 76 64 51 86 85 38 35 10 97 97 5 18 78 58 74 20 42 25 45 63 92 48 93 41 87 62 0 15 13 63 73 43 31 86 90 77 14 35 88 31 53 63 94 54 38 41 87 94 28 72 18 57 83 65 66 45 34 57 82 90 99 16 2 41 4 89 14 68 76 55 42 90 89 74 11 22 65 30 89 23 7 65 70 39 83 67 10 72 44 6 63 93 42 16 27 20 63 53 96 47 76 3 69 8 82 53 95 40 38 65 69 43 9 49 35 95 54 60 12 52 37 73 91 44 38 23 14 73 25 58 54 92 97 34 1 69 16 23 31 7 16 35 28 38 43 4 60 80 16 90 1 21 98 22 19 10 30 33 19 4 40 29 0 47 71 82 39 65 47 15 83 2 70 6 68 49 51 4 76 68 76 49 71 17 93 30 17 72 83 49 45 40 66 42 56 66 64 27 44 51 8 25 91 3 12 37 76 98 89 46 71 78 46 31 39 59 55 49 0 46 58 10 63 91 49 90 78 84 64 15 86 59 64 46 16 75 99 69 61 16 14 33 47 23 86 8 36 28 20 94 39 100 28 38 25 94 5 80 14 30 89 52 82 67 62 67 50 67 70 97 57 0 30 64 46 5 4 83 34 13 94 1 86 38 6 95 11 14 25 75 46 51 71 41 46 83 8 8 82 55 52 77 61 85 57 81 75 60 32 40 46 54 19 37 22 84 55 78 47 32 68 97 1 53 66 48 53 62 75 0 2 70 5 62 52 25 53 45 15 2 23 54 25 88 69 35 82 17 54 1 3 57 24 14 38 71 17 12 4 44 10 66 53 52 68 49 13 38 8 54 75 16 12 70 95 61 19 34 87 42 88 29 30 42 27 92 76 53 15 51 54 18 59 84 70 56 52 100 82 99 95 23 97 46 2 95 40 6 28 21 39 69 9 44 71 39 86 22 65 46 60 1 77 9 86 93 47 37 42 38 44 37 36 14 96 
59 57 41 6 2 44 90 75 33 54 12 29 21 14 65 70 8 64 74 15 18 77 42 41 58 45 84 59 18 63 1 27 15 94 2 67 52 61 49 86 86 2 9 77 57 100 88 63 87 75 78 90 20 50 89 31 92 49 87 39 22 17 22 54 58 69 37 47 50 97 10 62 68 67 55 47 66 34 41 15 30 27 80 71 47 77 44 79 30 42 46 48 85 98 22 99 83 1 100 47 48 31 4 74 33 28 65 62 77 35 47 100 40 74 91 25 15 48 88 76 51 79 3 3 6 64 5 41 28 46 59 47 71 31 23 57 8 100 15 62 99 59 5 6 40 100 62 65 83 13 19 84 12 50 41 14 10 27 81 69 64 27 16 31 11 100 94 86 6 23 75 76 30 62 80 81 64 1 61 0 62 29 13 36 32 16 73 22 3 93 47 27 40 100 82 50 55 62 37 31 64 44 87 44 87 86 3 62 96 36 69 98 20 69 34 39 8 80 2 71 68 66 9 44 71 7 11 11 19 20 58 55 100 73 52 31 10 80 53 7 55 64 55 59 3 22 71 80 0 81 27 31 61 66 98 58 38 10 12 57 52 77 30 26 57 49 78 45 6 96 70 21 63 40 17 16 6 33 66 13 83 4 53 29 5 26 65 76 5 33 35 49 66 15 96 93 74 73 68 100 7 98 50 27 73 2 68 34 36 74 7 29 10 6 42 94 30 50 78 35 25 91 0 80 50 43 95 17 23 53 34 2 30 26 39 95 69 45 67 36 26 77 55 93 98 96 71 35 22 3 96 23 55 35 96 21 44 74 78 77 9 12 4 14 88 76 39 11 0 19 89 80 8 6 68 29 26 95 68 75 16 0 55 36 13 29 34 15 49 31 92 66 83 72 25 20 67 3 65 29 42 43 26 35 48 94 44 36 7 4 95 99 0 69 58 14 99 6 19 99 97 49 87 39 11 25 59 18 93 37 60 13 34 70 66 46 41 5 21 68 73 53 52 20 14 63 94 93 28 28 23 0 2 38 81 60 31 5 37 14 88 87 40 52 54 17 20 65 53 53 50 92 2 53 25 14 7 5 57 97 56 27 44 40 26 29 80 14 84 9 21 28 1 94 3 33 89 43 94 55 
36 86 79 93 77 35 89 64 21 70 1 86 11 62 25 86 53 100 72 38 52 26 65 64 70 68 30 78 39 36 6 87 91 91 68 38 17 88 80 70 63 27 34 42 66 2 18 20 97 29 25 55 85 35 53 43 84 19 96 5 6 16 51 40 10 48 39 70 81 52 30 51 56 50 49 56 76 84 31 92 74 2 48 8 61 23 14 25 30 84 68 10 60 89 85 73 46 97 51 24 99 28 60 63 15 45 0 43 77 45 12 69 99 20 36 98 49 10 44 49 23 36 80 53 83 85 61 27 87 6 24 86 82 65 59 37 69 19 37 41 38 2 52 53 92 62 45 93 21 63 91 57 35 0 27 74 30 56 4 100 51 1 55 2 4 19 53 42 37 61 26 86 75 12 22 89 70 43 70 14 98 37 43 54 95 90 25 62 24 61 55 16 25 11 3 49 48 9 24 36 52 97 84 25 66 67 25 50 6 100 92 77 24 5 72 43 57 30 93 23 54 35 72 98 82 2 60 60 76 45 58 6 11 12 16 49 50 19 6 83 52 92 4 50 33 54 41 20 37 4 43 94 88 42 89 59 0 33 84 92 84 16 50 29 47 22 61 99 91 41 12 56 17 18 65 79 96 41 92 46 77 11 51 89 43 84 96 68 83 32 76 84 80 86 74 24 52 48 20 40 59 18 94 82 89 26 10 28 84 36 4 100 72 88 59 60 15 57 76 55 72 78 13 100 51 40 70 46 89 66 93 95 87 41 46 2 91 91 26 91 17 79 88 77 11 42 92 95 37 12 79 10 15 3 3 35 23 64 68 35 56 2 71 99 74 74 1 31 46 67 76 37 95 51 72 50 26 0 76 95 17 90 63 55 93 72 22 5 93 19 66 52 27 16 63 94 8 86 37 34 24 12 37 96 9 88 5 14 96 9 94 9 37 59 83 73 8 93 56 82 22 68 17 38 9 49 69 51 16 63 89 33 41 30 56 56 12 40 81 51 41 31 31 88 89 11 76 93 44 66 30 24 37 93 74 0 22 35 41 10 28 81 19 4 29 87 89 3 45 53 35 82 79 23 98 93 44 39 31 98 26 50 84 70 69 27 79 45 9 92 13 1 96 87 52 97 79 43 73 71 
76 37 46 36 34 44 37 32 81 37 4 11 84 13 24 14 2 72 26 1 61 40 23 100 56 33 2 29 96 76 89 41 79 68 63 17 77 85 99 42 97 51 97 50 79 4 42 71 90 15 90 35 99 88 42 10 9 71 99 92 16 23 92 59 59 44 28 11 41 11 27 74 78 82 60 95 87 78 13 5 41 68 46 92 57 21 49 57 76 66 27 92 4 81 35 12 3 76 55 6 2 59 69 66 89 23 28 2 27 40 44 17 15 31 16 54 51 33 63 67 98 41 42 40 81 51 1 58 21 29 37 50 66 1 62 2 93 66 65 23 12 71 23 81 95 3 71 13 75 21 9 0 46 60 21 88 32 31 92 35 78 81 70 68 68 16 66 57 55 38 41 51 62 18 16 96 28 28 81 6 42 67 76 40 80 35 85 53 11 4 39 24 30 55 39 97 13 22 90 19 49 94 95 40 15 67 12 4 40 5 26 19 58 33 39 22 14 34 9 3 89 49 58 67 92 71 91 95 96 0 95 63 42 52 46 56 39 63 43 45 4 83 38 75 15 62 92 23 100 43 6 14 84 71 68 48 48 95 65 83 92 92 7 76 61 42 33 85 6 28 9 77 13 91 41 3 86 51 77 41 66 22 65 92 91 63 19 94 99 98 88 10 71 50 53 10 17 17 36 52 42 87 100 87 100 51 37 59 9 16 26 37 20 63 16 14 77 50 37 66 91 7 82 100 25 52 38 72 59 78 5 72 82 68 53 47 63 57 48 46 84 72 10 84 48 19 32 52 79 52 72 38 91 29 75 81 89 81 91 51 69 30 70 35 20 76 67 42 84 69 47 77 41 97 24 37 31 88 25 40 45 45 49 85 63 22 85 87 84 31 93 67 78 78 45 86 66 51 91 20 48 17 24 64 86 96 9 26 23 92 69 80 11 65 35 88 43 98 17 1 38 76 87 79 83 91 15 74 77 57 85 64 42 61 44 60 66 53 65 34 80 24 69 100 18 17 84 75 56 27 49 67 82 95 3 63 22 65 85 87 5 44 51 6 40 45 12 42 85 26 44 86 62 80 12 28 23 47 91 18 38 92 51 77 30 35 0 72 54 15 90 18 91 6 27 1 10 97 71 91 
63 66 97 3 0 0 20 69 52 59 59 100 0 25 49 79 49 15 90 35 7 31 18 7 80 89 1 51 0 96 82 22 30 72 91 77 72 7 90 60 86 52 36 43 99 64 100 16 97 56 19 47 50 87 19 14 6 35 49 46 34 87 3 81 7 28 28 89 98 70 81 32 81 9 3 75 23 37 44 94 57 62 3 15 73 30 2 44 56 16 29 51 13 48 86 99 23 55 71 38 35 62 72 94 66 26 58 50 15 59 29 75 59 43 78 2 46 21 23 90 90 69 29 29 64 9 16 99 44 72 78 0 40 20 20 32 49 82 88 90 42 32 43 22 83 27 66 79 13 61 75 59 65 63 76 70 71 50 70 22 71 76 31 33 34 50 75 99 63 20 86 81 36 85 81 58 32 66 51 88 9 46 31 83 52 33 56 53 19 58 62 75 100 46 42 77 41 40 3 43 60 40 0 42 3 78 44 47 72 55 80 94 73 32 63 28 26 92 73 26 23 21 48 46 6 30 28 73 87 97 37 2 66 19 40 37 47 49 43 93 15 44 32 76 9 84 67 52 4 81 45 33 51 45 47 79 69 56 96 82 87 74 60 49 81 90 42 64 52 57 39 67 37 71 46 68 69 10 73 85 72 33 76 72 24 40 76 70 91 72 22 20 93 28 13 12 42 75 43 92 66 27 33 29 18 7 30 68 46 0 64 64 61 44 45 51 75 29 19 9 23 0 37 20 29 8 18 61 63 80 94 82 76 1 61 8 49 49 65 79 54 44 95 71 29 44 40 77 54 98 6 80 28 39 49 1 28 42 45 80 35 70 43 59 99 92 17 30 0 30 32 31 77 23 83 83 87 0 77 46 47 67 5 64 94 79 57 78 72 47 67 46 25 22 29 65 87 84 79 18 88 9 30 23 45 73 59 0 98 84 37 70 81 62 61 45 91 52 48 2 51 44 99 94 34 6 64 89 64 6 88 37 99 90 26 28 26 90 49 85 20 58 80 22 36 60 46 80 32 41 14 45 6 55 52 81 16 77 69 93 100 5 60 59 16 96 15 41 98 63 95 80 89 61 78 56 4 71 54 84 56 29 11 59 7 14 73 58 48 17 27 54 66 17 58 62 3 26 45 49 
14 0 51 41 83 63 60 11 47 86 91 60 87 70 20 75 95 71 94 56 84 93 19 41 54 61 18 35 70 4 51 17 60 88 34 50 45 13 60 32 82 90 41 14 81 1 14 90 11 5 90 51 47 91 2 77 5 17 64 25 14 86 99 95 52 39 33 21 92 35 65 35 35 18 1 96 14 83 71 25 27 86 19 78 28 36 89 31 94 19 23 99 84 55 79 11 42 43 38 96 62 59 52 94 77 23 46 54 10 44 22 90 3 45 22 96 10 15 5 19 0 91 26 72 62 98 94 45 25 6 90 90 11 96 43 62 26 23 80 10 22 65 64 61 7 93 82 65 28 16 9 50 20 71 3 100 76 12 54 85 31 63 8 83 71 41 10 50 44 69 58 42 78 95 77 78 18 87 71 20 97 42 31 70 71 34 5 69 79 33 54 15 59 36 41 95 20 45 28 68 98 39 72 57 48 92 40 28 45 57 26 26 36 34 85 53 2 10 45 93 14 13 78 12 84 28 74 5 65 9 76 17 59 12 12 86 52 82 18 82 52 32 11 6 1 41 80 19 87 91 44 91 34 94 38 85 59 59 56 89 30 50 67 63 17 93 56 98 68 11 85 63 20 77 68 59 6 38 44 24 4 46 1 100 54 62 79 18 61 65 12 16 59 65 61 31 90 78 23 26 35 82 76 45 98 15 6 18 35 36 76 3 15 76 99 60 7 81 4 0 59 10 34 5 37 77 11 78 56 16 83 75 49 60 51 66 49 27 15 72 56 83 73 6 58 43 87 20 77 57 34 43 63 54 84 14 11 74 21 70 72 78 51 35 85 3 26 96 64 69 80 36 19 58 53 83 78 96 93 18 27 23 74 21 75 70 21 82 24 89 77 92 94 53 16 20 8 38 17 14 43 37 33 22 67 27 56 50 64 83 13 51 49 70 71 47 79 82 3 82 47 83 89 100 24 11 19 79 42 8 100 43 17 11 51 59 67 78 33 11 63 42 85 85 69 85 77 97 6 69 86 60 88 61 49 54 87 46 58 2 51 35 10 38 79 48 24 25 44 57 47 17 44 69 59 10 30 63 67 85 22 36 53 51 62 77 60 84 70 5 51 25 90 53 83 78 78 98 34 3 
18 91 49 17 96 93 73 34 20 9 59 96 93 99 0 14 34 5 3 89 68 89 60 37 86 17 56 65 69 37 88 71 78 59 49 79 22 26 22 68 55 2 80 70 29 7 69 81 12 63 17 75 93 8 52 21 59 18 22 50 61 0 23 63 62 33 56 80 70 48 78 32 96 14 56 32 14 27 75 0 77 40 14 34 43 32 56 95 35 93 11 32 6 36 42 28 78 23 4 65 98 12 80 66 81 60 44 88 96 77 71 31 8 70 85 13 98 16 27 81 22 14 33 55 62 3 57 89 86 85 65 7 54 50 26 34 71 7 58 63 79 9 22 3 49 72 10 59 99 40 55 28 99 83 62 46 94 60 11 43 51 6 26 63 74 3 16 57 93 56 63 74 72 86 36 67 67 95 31 31 96 91 78 46 5 81 24 89 23 56 44 86 99 65 92 46 96 64 7 38 24 72 46 59 45 91 22 1 30 22 99 96 85 13 19 48 40 36 16 83 17 35 14 71 66 63 58 49 56 27 19 54 16 36 55 95 66 8 62 18 85 3 3 41 74 97 5 53 36 62 2 99 99 2 27 30 89 30 18 54 13 9 42 15 77 0 2 71 8 89 95 19 43 29 70 37 79 16 77 85 91 57 65 84 28 28 24 62 45 95 59 14 14 55 31 11 45 42 49 81 24 70 55 56 63 78 19 36 60 83 89 98 67 81 81 88 50 47 17 18 93 12 18 32 69 72 23 3 64 7 72 30 52 90 74 98 93 30 8 26 82 28 26 50 69 65 14 57 12 35 17 70 90 17 5 33 64 55 100 33 44 39 54 79 99 18 68 48 22 98 41 5 11 53 0 4 72 74 75 13 1 90 8 34 18 20 33 5 75 19 50 48 88 4 44 54 56 31 35 100 33 68 49 98 73 86 37 80 72 72 65 95 41 94 47 70 61 80 24 66 80 48 99 94 4 78 30 52 35 91 78 32 73 13 60 81 61 75 89 38 9 26 59 7 37 93 34 50 29 45 85 24 44 75 32 53 56 87 88 58 25 95 48 39 13 87 97 14 44 54 83 85 84 56 48 6 70 36 74 8 15 3 49 51 74 28 0 27 86 72 70 21 83 14 95 91 37 76 58 95 
6 71 65 88 39 25 17 39 40 45 83 19 34 5 58 87 89 45 28 79 16 37 25 50 44 12 17 26 43 3 2 47 23 35 83 7 71 86 80 36 70 53 88 86 2 73 34 42 95 2 72 20 40 62 56 17 12 9 81 67 46 96 70 72 92 44 78 16 53 21 63 2 43 86 52 97 97 23 90 10 44 39 24 58 75 21 42 20 83 66 100 53 6 7 3 91 69 32 87 78 14 93 85 16 15 53 88 36 66 87 72 14 9 10 81 56 22 7 91 81 47 24 34 2 43 60 56 91 12 28 40 89 67 57 2 4 36 3 4 32 32 84 80 97 78 96 14 42 37 84 74 56 21 64 22 31 21 82 90 16 22 58 93 63 89 77 15 0 94 95 60 9 6 68 75 12 33 22 65 60 83 56 28 13 38 36 29 100 11 88 43 63 9 34 52 80 39 88 37 14 60 66 52 55 92 93 89 27 86 59 48 60 25 10 37 6 20 29 17 12 72 34 44 95 28 36 31 26 24 53 7 98 67 60 34 98 46 50 17 62 95 67 59 59 40 11 31 87 89 76 100 97 64 88 56 73 94 65 24 91 62 89 87 71 32 11 67 28 82 3 95 26 63 53 34 98 70 57 91 53 42 46 33 43 31 42 78 0 81 86 45 89 82 66 11 21 71 93 77 14 25 90 6 12 3 68 10 77 8 86 74 100 95 75 84 53 37 4 5 31 98 41 34 20 82 75 92 52 20 77 68 93 74 56 8 5 95 99 60 38 8 17 83 75 46 53 90 95 52 25 28 20 37 93 4 76 8 53 97 52 37 4 24 96 95 67 9 86 90 32 89 82 82 76 12 24 17 39 0 87 16 66 52 54 24 70 60 6 92 7 91 59 65 99 49 3 24 21 6 1 16 41 37 48 28 1 39 0 36 68 27 34 56 5 43 42 44 27 62 34 44 71 42 4 79 35 78 61 45 54 94 67 82 40 84 59 80 46 69 94 91 53 93 77 67 1 84 56 20 35 88 81 83 16 19 26 98 10 42 28 74 37 12 67 32 61 49 94 67 46 27 17 40 77 0 75 20 45 0 6 74 91 45 65 96 22 18 75 64 10 92 6 74 50 46 79 6 30 56 58 
59 9 21 1 58 5 48 37 69 62 88 39 38 68 3 41 11 91 56 39 14 6 77 24 77 56 46 82 30 58 37 30 57 50 16 65 69 75 1 83 70 39 50 40 61 95 24 21 55 70 27 18 5 51 75 88 21 47 20 84 73 23 78 85 93 64 40 39 71 19 97 93 46 18 76 28 16 72 21 65 53 87 44 88 54 74 36 96 56 88 87 60 64 72 54 55 35 65 73 37 14 43 54 44 46 78 77 4 78 95 82 46 41 64 91 90 22 34 1 84 73 87 88 28 72 49 58 85 95 35 35 68 13 49 16 65 93 10 97 43 96 18 51 62 36 23 30 50 31 22 34 75 36 82 91 45 18 91 35 99 15 4 40 91 52 42 97 30 1 48 20 36 84 87 23 43 11 21 43 35 46 94 0 96 39 52 83 44 55 40 20 31 49 22 15 14 18 87 85 23 77 21 9 31 32 9 24 84 57 90 2 23 6 47 85 3 34 79 26 97 7 80 55 55 94 65 76 59 14 36 19 54 92 50 97 34 41 60 26 50 52 52 75 91 37 70 48 65 53 48 23 8 72 23 7 84 59 19 34 65 9 93 24 7 34 86 35 8 42 13 91 23 60 5 74 76 36 82 90 59 40 21 84 82 68 55 62 70 39 3 5 67 10 84 70 24 26 0 44 55 38 17 92 71 14 100 69 16 69 58 89 42 85 61 17 65 88 83 17 24 39 80 64 54 21 64 29 8 60 0 84 94 83 51 81 54 95 16 72 67 27 80 30 17 10 25 95 42 77 97 54 85 79 39 62 2 18 91 80 27 49 79 26 2 58 16 85 86 91 35 84 13 81 87 70 28 89 84 6 41 65 1 89 92 32 19 23 62 5 42 60 48 48 82 81 43 48 100 37 58 50 2 44 13 4 27 62 46 4 41 93 89 91 96 63 59 94 58 40 50 54 24 86 21 22 7 39 19 7 37 58 30 19 65 61 52 41 22 59 75 88 95 83 63 0 18 72 28 54 67 74 56 70 24 21 30 2 18 0 99 70 20 42 77 4 12 54 29 88 22 91 11 2 86 41 97 3 20 32 94 62 5 93 64 31 9 76 56 26 20 47 56 27 42 38 51 14 38 42 96 
72 6 35 50 87 62 67 84 77 51 26 44 23 15 85 11 17 25 30 13 71 14 99 42 77 51 45 84 17 84 78 2 81 84 12 0 36 59 31 22 29 57 49 35 20 1 30 99 10 7 22 62 18 68 79 61 13 83 90 17 23 22 63 96 4 69 85 100 78 98 30 43 76 12 82 49 45 51 14 66 15 39 16 60 73 64 85 39 77 35 12 49 29 28 55 62 30 36 89 75 55 15 26 39 39 67 52 100 99 48 93 21 9 75 72 42 47 98 37 74 98 77 15 92 15 15 74 62 65 15 25 19 77 21 5 48 38 85 37 66 86 14 90 75 19 3 48 80 50 74 38 10 22 35 16 58 92 92 65 59 18 22 28 20 39 95 90 65 40 30 44 78 72 8 76 70 30 73 34 37 90 37 40 61 5 85 63 15 68 65 95 7 11 23 8 5 14 59 18 47 28 92 33 61 87 96 92 14 18 43 54 50 90 73 70 20 52 40 91 4 90 9 7 83 22 45 62 9 87 31 0 50 61 50 27 24 94 86 52 95 43 74 83 87 63 20 36 0 22 20 49 17 40 10 42 90 49 1 73 50 46 0 80 79 44 7 33 45 65 51 32 21 4 93 48 80 56 100 99 35 47 97 75 22 61 73 33 78 69 60 16 18 25 25 81 80 93 9 5 88 83 36 76 10 81 35 72 0 68 46 96 2 41 40 32 29 35 85 75 63 79 36 98 23 78 92 3 90 49 94 76 99 28 58 55 47 94 75 83 79 70 37 38 72 99 70 74 46 90 50 33 32 88 91 86 82 14 14 22 87 20 3 59 75 10 67 73 84 48 36 23 75 30 10 26 96 13 28 28 52 7 45 90 83 25 32 99 75 27 87 71 38 61 75 73 74 46 94 52 38 52 53 17 72 77 15 77 7 67 87 59 56 29 84 21 15 5 56 37 89 10 70 97 10 60 83 95 4 21 73 33 64 90 68 62 14 38 11 35 71 73 26 76 43 20 95 24 31 29 19 90 78 79 71 3 18 7 56 37 19 80 96 59 56 3 47 76 78 18 3 53 48 62 68 61 79 45 9 81 26 0 82 17 19 13 5 45 8 25 87 39 80 17 22 63 51 73 14 92 61 
2 42 53 34 54 49 78 24 33 27 88 0 39 70 18 1 66 23 33 97 44 48 64 83 30 61 48 30 29 95 64 88 74 32 63 33 73 79 54 54 34 51 68 11 92 84 1 84 30 41 74 2 81 53 61 41 91 26 77 33 87 57 36 77 12 18 74 0 2 62 89 35 22 55 33 12 25 76 100 40 50 66 44 35 90 50 87 63 47 32 94 31 80 27 42 77 40 44 74 20 51 45 27 48 24 92 69 69 32 84 77 17 5 94 20 51 66 12 47 7 28 34 12 21 63 69 91 36 74 99 28 93 21 7 38 67 21 40 90 100 68 31 1 72 76 57 89 19 42 50 35 72 30 85 20 46 55 69 49 23 64 35 28 64 18 83 20 28 26 86 78 97 45 81 68 13 40 60 7 52 39 93 97 6 96 88 17 65 44 29 31 39 64 8 49 33 23 63 99 31 5 22 11 82 6 68 98 2 7 87 80 61 47 87 52 92 41 92 44 99 9 51 44 70 93 65 61 8 89 70 47 28 19 48 15 19 45 93 32 44 86 63 7 83 99 6 68 68 10 36 17 94 49 90 61 89 77 50 100 94 62 72 83 85 30 7 2 31 35 51 20 100 75 84 86 51 77 16 24 41 86 97 1 86 3 22 19 53 60 51 81 44 10 70 20 34 62 46 99 45 95 85 94 42 95 44 22 72 27 21 35 24 61 3 31 62 2 11 100 94 51 75 54 58 77 92 49 91 42 31 76 9 22 93 94 23 32 67 19 100 82 84 49 97 92 69 4 7 76 32 11 33 7 57 89 67 70 39 28 32 46 79 49 58 31 14 11 47 69 46 71 76 40 21 36 40 97 80 61 77 95 98 39 29 42 42 71 99 79 86 80 77 99 18 32 55 40 39 55 79 39 49 85 55 2 54 66 18 19 4 78 96 86 48 76 29 53 78 28 50 49 90 68 30 5 14 99 46 13 86 48 92 28 59 37 42 68 51 97 79 2 15 35 43 50 39 18 24 44 71 76 24 23 4 17 93 96 80 30 16 43 6 86 71 19 49 71 8 98 81 11 36 3 19 44 40 61 94 10 83 0 90 84 45 20 88 14 9 6 13 14 52 82 91 23 27 65 68 31 48 
53 43 4 74 7 18 62 33 74 40 35 65 82 4 31 73 59 21 70 47 31 25 44 70 70 17 47 14 20 97 89 93 95 29 17 52 59 58 65 68 64 87 50 9 88 74 22 22 50 99 55 61 0 63 77 99 65 33 12 57 58 95 7 63 18 19 54 90 28 99 38 19 21 95 85 26 28 83 54 28 84 21 2 77 80 43 87 6 85 27 41 64 44 59 96 68 79 21 19 53 26 46 97 78 20 46 20 84 20 28 42 57 61 88 9 82 2 39 37 96 25 44 51 54 74 7 78 27 55 72 100 77 57 37 53 33 74 38 84 9 8 30 29 45 31 99 45 11 6 50 39 77 73 37 83 1 37 55 86 56 93 43 28 80 81 60 97 49 92 16 3 0 79 51 80 10 52 82 15 72 48 59 50 99 77 27 64 24 51 27 88 40 80 60 11 9 1 41 92 71 47 81 21 15 59 24 24 59 15 38 1 16 100 17 72 39 13 89 29 24 44 90 89 72 74 63 91 76 11 64 43 95 53 46 94 62 13 28 39 74 85 67 7 89 1 100 30 27 70 21 24 19 63 38 64 81 75 25 86 7 50 8 24 84 59 22 30 94 55 25 56 27 71 49 2 65 28 58 13 55 68 38 63 64 65 26 53 20 2 15 18 32 36 3 10 96 81 20 48 20 55 6 2 80 97 42 45 25 65 86 83 45 86 40 29 79 72 17 17 24 17 77 77 30 47 60 90 66 58 29 9 67 75 22 89 73 45 96 28 96 2 67 40 56 45 63 6 9 75 2 40 16 72 46 0 77 42 33 100 82 41 91 1 82 14 37 93 10 0 83 60 24 89 9 97 69 30 96 61 10 23 42 33 5 19 41 68 15 18 69 12 36 39 75 3 1 99 11 88 21 71 82 34 96 14 82 49 84 13 11 95 4 46 61 76 35 57 62 19 91 68 73 42 77 53 88 73 35 9 51 59 48 100 89 91 66 13 1 29 46 97 34 58 2 83 62 84 51 30 81 15 51 24 11 14 47 47 10 67 77 25 42 79 49 70 95 20 56 36 86 70 94 45 17 7 40 92 27 81 64 35 89 72 96 79 77 62 14 86 80 87 76 89 76 3 68 95 85 28 33 
58 71 90 55 22 60 30 10 96 26 5 81 51 5 33 12 14 2 100 80 64 14 96 66 41 21 69 69 31 79 7 9 29 16 95 45 1 69 66 66 78 53 67 96 29 61 29 79 35 34 58 69 37 92 2 8 48 16 100 72 56 81 19 72 99 25 37 51 45 96 95 58 73 66 72 56 50 78 80 70 46 44 82 97 40 27 65 45 84 75 64 40 1 33 94 86 75 82 58 47 2 81 46 30 32 10 42 14 43 84 56 86 10 83 17 1 49 44 81 55 6 0 78 32 85 1 46 91 34 18 79 62 14 86 94 56 80 52 67 41 31 60 52 74 19 66 87 91 91 54 22 8 47 84 36 96 42 64 30 97 89 62 41 86 41 35 90 28 67 80 54 0 12 21 18 34 34 29 89 6 83 42 19 35 36 12 1 53 35 85 69 98 18 25 80 88 52 63 68 13 3 5 84 98 18 97 98 58 84 65 26 30 82 73 15 28 85 83 78 43 4 44 17 38 15 2 58 86 1 80 26 33 27 46 67 56 96 100 0 18 19 87 12 20 0 43 88 78 94 65 42 83 97 33 76 37 70 58 82 86 13 46 62 53 58 4 2 76 18 43 23 16 42 73 0 0 2 16 10 98 99 85 18 36 27 96 81 65 64 0 42 80 25 10 17 95 73 7 26 74 25 95 48 100 69 60 99 31 26 16 60 94 43 45 9 63 34 66 6 57 89 67 4 6 25 40 68 29 92 37 88 80 29 13 94 12 83 99 94 2 17 93 21 5 21 38 94 93 49 10 75 29 8 33 39 89 89 70 91 45 29 94 66 24 40 91 84 15 22 78 0 27 2 67 76 70 67 93 19 28 100 8 40 43 77 91 94 82 45 78 55 65 79 45 21 29 27 4 34 17 56 55 47 6 51 47 100 16 5 72 25 28 71 63 81 47 86 40 75 66 70 23 27 48 45 100 20 74 38 43 8 29 50 23 65 20 5 74 89 41 74 2 22 94 90 53 24 55 41 22 66 42 16 93 72 33 6 70 33 8 72 74 46 83 72 35 77 99 66 36 39 95 29 14 60 82 43 32 54 56 24 47 55 77 25 2 60 97 24 27 80 94 33 97 44 81 69 57 99 7 
40 33 7 67 68 28 39 100 37 26 61 60 59 40 43 6 14 31 40 5 85 92 76 26 55 51 5 71 49 86 52 16 19 78 98 21 93 21 91 87 31 4 0 38 100 88 68 0 61 33 80 92 98 85 17 86 73 72 62 89 26 68 37 14 54 8 58 87 25 24 10 55 29 24 79 18 65 67 76 8 91 12 78 54 57 75 41 39 87 24 97 39 90 71 56 23 6 83 61 89 83 35 26 64 68 64 79 33 6 33 20 44 58 86 55 66 94 1 44 8 26 90 33 69 13 13 80 65 92 75 94 59 94 6 1 54 17 16 7 34 4 35 74 56 86 55 8 87 91 85 55 84 54 97 15 58 56 98 3 83 2 18 26 58 44 22 17 37 82 42 76 53 87 63 11 66 68 24 6 54 95 59 1 19 88 34 3 82 92 50 52 96 71 19 51 0 99 95 38 60 42 22 92 54 30 44 95 35 40 47 88 83 45 28 74 45 82 29 97 38 34 80 86 8 64 54 57 3 78 36 74 71 10 94 31 73 23 62 96 70 82 74 93 4 97 7 54 53 79 24 93 8 81 6 47 19 75 17 98 52 98 17 55 11 43 54 70 66 57 16 85 0 40 94 27 46 40 54 2 68 82 86 16 95 30 8 62 31 38 89 64 48 54 88 62 74 43 18 62 88 31 52 4 93 64 35 93 52 1 41 90 20 22 58 8 96 48 29 16 87 28 52 29 36 72 76 36 47 91 15 30 78 15 44 13 40 54 79 56 100 59 68 43 59 6 39 2 43 77 58 42 73 90 62 93 55 8 31 49 96 45 8 61 64 91 22 30 44 24 75 68 25 22 56 4 15 98 39 89 77 12 70 7 44 54 73 25 90 35 87 16 19 69 79 50 60 78 94 56 21 62 92 11 75 60 15 37 65 2 88 0 27 71 8 44 33 36 34 35 71 97 34 86 16 93 7 67 56 40 87 75 46 96 57 40 97 47 59 46 19 66 89 14 30 79 39 25 87 21 16 52 83 66 14 7 32 38 87 99 69 54 28 93 43 17 43 87 28 50 36 36 61 69 67 54 72 38 35 0 19 55 12 62 23 0 94 3 16 62 85 30 13 9 55 22 69 43 10 44 5 
96 10 79 44 92 27 71 82 24 0 32 46 78 26 93 36 72 99 81 24 40 78 78 9 99 64 59 17 25 64 72 19 61 42 7 33 50 46 94 44 76 38 55 18 61 25 6 78 54 70 53 91 16 57 61 41 46 85 40 65 27 18 3 61 24 85 84 64 39 9 16 49 10 8 3 43 17 41 20 70 14 47 16 79 56 42 92 69 5 94 89 81 66 19 22 100 74 8 55 6 31 8 20 75 72 10 4 26 22 48 24 68 5 19 73 94 96 10 85 74 17 35 26 77 27 73 45 37 47 32 38 49 46 22 20 17 6 98 21 65 46 57 53 13 100 33 13 57 40 54 18 13 39 76 0 45 34 82 72 52 8 47 83 36 39 74 43 41 0 40 18 31 37 25 25 55 89 23 11 0 38 55 17 64 10 13 50 11 51 31 27 71 67 44 35 62 21 51 96 27 28 100 83 72 35 67 97 4 30 83 13 62 11 88 98 49 27 38 51 90 55 26 9 78 76 81 85 12 63 14 20 46 82 97 55 6 66 61 58 41 74 45 79 60 49 88 64 90 95 31 71 17 59 13 100 3 85 32 4 38 8 10 93 13 68 21 59 32 94 5 84 55 25 34 39 79 75 91 81 47 99 45 8 72 9 29 67 54 56 87 45 43 39 45 19 36 50 58 77 15 65 40 83 84 98 70 8 42 38 76 50 25 30 1 65 70 59 8 83 77 65 99 60 39 15 63 43 13 88 4 68 75 51 12 35 99 57 89 63 42 18 52 91 7 19 3 75 47 100 19 39 28 13 10 81 2 70 64 96 21 7 62 30 72 89 12 57 27 85 51 67 68 63 51 85 13 100 18 21 72 65 35 30 37 25 41 5 28 59 73 62 66 51 18 88 75 96 52 22 61 94 91 80 89 74 91 47 59 25 51 53 73 86 80 1 54 2 48 15 8 0 54 61 74 17 57 65 77 68 82 12 24 88 93 95 39 58 89 13 64 66 31 64 91 100 7 83 40 1 55 56 31 25 73 54 7 66 26 8 39 69 12 39 41 3 82 9 48 74 17 78 10 17 84 82 5 42 65 95 96 50 73 45 15 95 67 22 82 50 11 56 47 12 50 46 91 92 26 16 17 
7 68 15 8 37 51 14 1 37 20 74 49 89 51 57 71 13 18 8 54 36 54 89 59 89 0 53 51 14 11 61 19 6 92 39 100 8 68 63 6 15 38 49 3 99 0 77 39 68 28 34 32 1 73 78 69 62 56 23 77 73 27 88 33 19 34 39 32 56 6 3 17 9 45 62 57 61 35 58 80 91 2 85 22 18 23 73 26 63 93 75 16 100 68 49 44 4 99 68 57 28 10 13 63 44 85 38 45 21 45 99 70 11 91 58 28 22 68 20 89 37 14 80 95 18 92 27 39 35 71 78 84 94 26 99 91 70 64 22 22 82 83 69 63 22 6 74 94 49 28 68 1 50 94 68 56 3 14 87 36 41 44 100 38 11 67 41 19 33 79 42 87 54 82 74 70 33 92 97 73 82 76 70 18 56 49 76 88 83 38 3 17 67 42 19 11 99 89 63 5 95 8 21 89 60 97 48 47 35 81 66 42 70 22 77 15 72 46 66 98 66 85 79 85 40 44 89 19 69 1 28 29 92 42 12 99 6 65 91 60 56 63 4 10 88 76 48 5 36 65 98 84 91 99 91 26 14 2 90 5 93 79 4 62 98 55 27 51 3 97 78 86 33 33 34 17 76 13 64 7 93 83 82 53 93 62 45 88 25 10 89 14 12 22 57 42 93 33 34 93 65 34 58 32 54 15 91 60 15 23 27 7 14 80 48 25 63 32 40 89 100 75 57 68 21 100 96 18 38 81 25 100 42 71 74 69 84 59 55 57 66 2 87 89 17 84 35 10 69 89 60 65 63 99 72 30 96 57 22 68 8 50 22 100 7 11 29 83 79 58 42 64 25 47 34 79 54 50 48 78 57 94 15 57 64 93 16 29 28 60 63 76 80 21 55 22 89 70 19 69 34 65 5 34 22 56 97 79 77 44 30 25 42 89 99 97 38 73 90 86 47 43 75 48 37 45 19 33 49 84 26 63 66 33 60 68 41 88 85 87 35 5 79 40 47 75 67 75 70 81 56 36 39 24 14 100 35 15 9 71 27 69 53 43 38 25 38 20 60 47 46 1 66 70 83 66 84 17 80 7 2 50 94 77 86 9 2 93 25 39 95 67 36 23 96 26 6 67 13 28 
2 25 74 51 90 33 89 60 36 26 63 68 16 45 73 76 83 2 24 74 0 65 92 100 51 21 51 36 19 82 63 65 47 38 0 54 92 53 24 85 31 84 58 28 20 90 74 2 5 10 48 92 78 65 100 79 11 79 22 97 61 15 20 44 65 34 23 3 34 17 13 69 21 64 96 12 95 95 10 31 36 55 93 88 5 100 18 87 92 69 61 51 7 41 9 98 73 2 69 52 26 81 44 56 74 66 10 3 19 72 64 29 78 100 54 19 42 46 98 52 78 0 3 38 50 3 94 65 50 70 75 44 76 22 89 56 75 79 29 65 49 8 58 43 87 75 88 62 85 86 43 3 16 69 53 18 1 21 49 57 3 0 31 44 51 90 26 52 1 94 12 15 16 40 53 17 85 98 22 13 54 29 62 16 16 59 2 50 4 20 94 38 14 25 75 11 46 89 77 74 23 23 34 3 62 9 75 90 66 67 25 41 84 83 47 21 43 52 15 30 73 13 67 57 21 8 8 43 83 20 61 95 77 5 65 77 64 30 14 62 86 70 50 82 93 3 25 2 44 84 19 5 97 73 33 23 93 83 74 3 42 7 14 22 37 23 45 71 49 24 84 17 45 7 47 42 1 24 35 88 62 43 98 54 22 92 8 45 2 66 77 2 51 67 1 46 20 92 79 68 85 90 19 48 18 79 95 47 28 14 46 69 5 26 5 1 68 88 23 92 80 65 27 5 16 40 23 25 86 84 75 39 65 34 53 65 83 8 61 100 12 15 44 11 57 27 95 15 86 66 46 38 90 72 58 46 58 30 5 13 77 88 94 43 67 45 50 13 76 35 47 92 58 8 65 91 56 45 83 92 8 87 27 15 77 42 72 13 24 27 51 39 27 91 64 37 63 44 69 29 13 37 33 68 96 8 97 35 69 63 70 45 7 85 13 10 61 99 86 79 50 85 69 63 27 30 75 59 92 64 26 12 82 65 27 3 38 24 29 50 74 0 39 38 93 33 86 59 79 2 86 36 94 99 10 84 26 5 55 50 73 26 4 82 74 76 48 49 23 44 46 42 11 59 79 85 49 52 91 21 14 75 71 13 22 81 78 46 11 50 69 15 58 89 56 68 7 2 28 49 
89 14 90 75 14 42 98 27 82 58 78 12 71 31 60 31 80 50 87 25 21 59 18 44 89 59 43 66 12 75 67 59 83 49 36 6 16 85 17 19 92 70 37 65 45 32 45 53 19 10 6 20 80 46 2 57 57 57 16 34 15 29 33 17 26 10 51 79 64 83 25 36 50 30 22 41 7 98 75 90 45 2 61 50 80 11 28 80 28 53 37 17 9 21 70 32 4 38 31 48 43 75 48 47 47 75 20 82 20 49 33 97 99 60 43 18 98 76 92 45 15 64 79 33 39 95 87 65 58 5 4 47 41 41 55 93 92 64 65 36 56 95 85 55 3 6 54 82 84 36 46 35 92 95 52 37 48 18 3 53 54 88 16 60 39 64 18 37 95 5 96 75 78 54 38 68 4 24 68 15 49 65 61 70 8 32 29 95 15 27 30 27 97 11 21 45 47 40 51 74 88 33 20 13 0 43 25 12 1 55 23 32 89 25 73 95 71 100 94 62 97 81 12 86 49 76 84 34 80 90 94 41 12 36 37 59 65 48 48 91 7 40 62 20 20 52 38 70 17 98 54 9 53 71 89 41 80 7 64 5 54 46 2 16 22 51 0 70 33 83 57 27 69 41 6 14 11 2 78 63 68 77 98 86 9 5 95 50 64 43 69 66 13 5 97 85 82 66 16 80 59 24 72 78 27 73 55 97 32 26 75 56 42 15 73 3 75 57 9 41 72 100 64 80 93 85 87 14 22 3 94 44 36 66 19 8 93 1 76 76 0 57 20 98 37 11 8 86 99 32 4 95 86 99 70 40 29 25 80 48 80 70 32 51 51 82 38 70 69 1 45 59 92 27 42 7 39 52 17 86 49 78 6 47 54 88 93 20 95 62 8 80 34 76 95 69 89 70 20 1 83 57 51 36 15 28 50 100 49 89 44 40 45 32 24 32 70 16 59 42 40 92 83 76 33 26 17 9 39 9 45 13 80 45 31 74 78 60 32 50 21 35 90 72 41 35 97 63 89 95 87 98 72 67 81 43 90 90 46 28 42 47 19 74 41 17 4 31 96 40 14 45 0 35 45 46 16 13 67 8 83 50 20 60 75 49 94 74 41 88 42 60 71 97 25 100 28 54 30 47 
21 28 44 22 21 70 82 80 100 16 7 77 71 8 54 38 33 24 10 47 17 24 92 86 74 69 28 0 85 47 17 33 42 40 100 2 79 11 25 57 67 86 79 67 3 76 40 63 73 78 58 68 47 9 90 0 63 18 38 3 58 2 81 78 23 27 77 4 38 31 86 24 93 41 36 53 31 90 23 71 42 49 88 100 5 8 34 36 48 33 78 37 79 91 47 41 23 51 80 84 88 40 18 96 22 1 59 12 46 76 23 8 7 55 6 10 93 75 41 72 25 32 5 82 12 21 44 18 7 54 17 4 16 6 58 97 77 65 99 21 59 50 41 52 31 67 21 49 55 25 17 94 45 76 95 88 47 41 74 71 17 64 68 48 18 57 78 52 20 30 97 83 48 43 52 68 93 12 23 35 83 54 33 46 91 77 93 89 89 31 96 74 76 50 67 39 19 21 94 34 46 84 34 62 24 70 61 73 51 50 26 82 74 29 92 52 15 70 59 43 65 73 19 79 74 30 9 12 78 82 4 9 10 25 27 33 86 90 63 53 11 84 93 95 83 52 88 74 78 94 9 71 65 18 64 48 81 93 12 46 54 5 27 56 56 59 91 14 89 2 24 3 28 85 46 77 4 99 45 90 30 89 9 23 89 37 1 76 40 90 92 1 10 61 7 44 13 92 95 17 74 13 12 72 22 10 52 40 10 36 6 80 24 37 16 92 23 25 56 37 91 29 22 27 42 1 3 99 16 62 46 50 40 22 31 51 88 58 78 89 93 0 25 41 84 76 39 54 93 75 15 82 93 74 14 5 66 85 16 57 89 53 85 11 100 7 34 75 48 67 33 0 80 100 86 20 22 80 43 47 77 33 73 81 63 39 87 49 16 93 14 1 50 40 23 13 16 42 90 1 55 72 75 89 21 66 35 63 90 7 61 92 25 62 51 49 86 39 91 84 76 77 55 17 7 13 81 86 27 95 31 78 36 62 6 29 50 9 83 30 38 43 29 7 87 27 37 48 99 11 62 90 59 7 61 16 4 49 39 8 32 100 59 63 80 40 72 28 6 90 30 65 75 69 60 48 2 69 64 54 49 36 2 21 21 2 27 86 72 97 96 75 95 15 34 93 20 61 88 35 
22 26 7 47 81 71 14 31 2 38 69 34 61 12 38 82 13 26 93 76 15 77 17 13 94 48 13 33 98 28 43 69 55 8 97 89 74 33 94 11 75 88 55 27 24 64 100 88 57 78 19 37 1 44 85 64 82 92 94 44 10 26 15 28 53 19 15 96 11 53 29 77 100 91 95 21 61 84 59 35 84 59 61 13 31 25 18 9 73 92 56 32 77 2 2 3 59 43 20 6 89 2 30 56 46 68 26 15 26 9 88 39 76 34 83 24 43 21 31 62 99 37 86 3 58 48 95 1 56 84 93 68 62 8 100 84 18 87 93 98 95 90 30 29 30 74 29 17 54 41 64 28 91 32 20 96 45 11 76 82 22 71 3 77 32 54 66 80 57 67 52 70 64 48 85 79 11 12 45 84 61 91 92 76 14 69 56 46 47 12 57 21 12 79 2 80 24 53 62 55 95 71 100 3 48 32 11 93 90 61 99 81 56 49 82 56 64 39 79 84 75 60 93 74 34 31 48 45 84 8 67 65 35 96 90 26 40 77 61 64 30 30 56 39 67 0 65 67 53 0 56 74 47 21 24 62 19 9 34 54 1 1 50 83 66 70 38 31 62 34 39 33 18 93 11 27 100 95 20 14 67 43 63 43 86 77 79 56 21 7 1 0 89 16 80 7 84 9 76 67 3 4 29 3 40 60 47 58 73 15 22 10 96 34 2 19 95 46 71 83 29 14 81 53 90 57 36 62 81 14 29 83 95 92 100 44 40 37 78 86 27 47 100 33 3 85 70 26 48 79 5 39 39 95 72 0 84 84 80 3 35 85 89 54 44 48 15 12 75 85 54 62 24 92 42 21 0 34 21 75 13 25 29 90 69 53 46 97 67 99 58 77 41 45 88 58 79 19 95 75 83 62 43 87 76 23 34 65 64 85 33 16 32 80 81 30 50 35 46 80 78 13 84 35 1 7 36 25 70 70 20 61 16 36 14 5 7 11 21 93 100 4 78 87 48 39 98 60 13 83 54 40 72 21 85 35 73 52 67 60 13 53 26 11 16 6 33 39 8 62 40 20 16 32 78 23 75 7 5 52 86 43 41 11 28 80 25 75 59 3 24 3 79 8 30 28 77 69 80 25 
37 83 56 99 80 51 72 70 32 87 39 58 26 38 100 29 15 94 44 17 71 71 43 45 64 86 68 68 88 78 79 86 59 24 52 41 64 8 15 87 5 36 13 95 27 21 70 91 81 33 64 73 100 39 96 7 44 14 60 100 72 8 52 78 18 65 85 30 37 36 88 33 82 14 5 49 16 94 53 80 66 84 94 32 0 48 54 3 20 0 14 91 8 26 48 64 60 52 14 73 22 28 49 94 83 73 11 6 95 61 24 31 9 69 26 65 36 52 91 72 29 3 68 97 96 73 24 78 61 61 13 12 54 36 30 61 40 40 88 23 33 29 3 90 82 43 4 27 43 15 33 70 15 37 78 26 23 20 25 8 21 73 53 13 90 20 88 61 29 54 92 75 7 35 83 45 78 72 90 33 90 18 56 78 90 72 16 16 30 78 35 30 14 4 32 14 60 66 54 49 30 30 99 19 25 27 30 79 11 2 80 76 47 93 63 70 12 80 5 19 76 34 59 62 1 95 63 9 25 21 73 72 38 33 59 37 38 44 69 46 52 2 25 33 66 100 99 4 50 36 94 75 12 56 78 36 70 45 80 79 79 90 5 66 68 35 73 50 26 56 18 96 99 44 7 96 67 93 4 17 46 1 97 30 46 35 98 68 92 18 99 52 76 5 87 75 21 97 81 58 65 39 51 2 99 68 9 34 23 74 46 99 7 8 11 0 52 63 98 2 23 65 30 84 14 7 93 84 53 14 89 72 33 17 39 59 25 27 79 63 67 71 99 64 5 26 96 81 14 78 92 92 89 73 27 0 65 38 53 72 6 7 11 60 29 62 83 14 1 34 51 93 14 11 11 71 60 59 67 22 64 23 31 19 89 29 17 95 75 53 73 51 14 13 26 38 85 91 71 9 6 16 4 15 82 79 83 16 2 40 98 85 28 84 64 99 2 10 7 5 58 16 48 14 14 64 72 57 7 49 20 14 42 16 65 9 11 49 1 0 51 17 96 94 23 51 56 7 28 45 5 67 68 55 32 17 28 12 74 98 76 38 97 50 47 35 15 10 14 55 1 58 66 36 24 100 7 9 25 14 43 80 86 65 26 16 54 34 59 14 12 16 28 9 15 51 74 42 73 31 
58 65 21 80 9 100 62 31 99 37 95 25 62 95 0 100 57 22 25 87 47 94 4 73 43 3 21 70 95 15 34 100 94 67 2 57 70 49 23 98 48 92 21 51 5 25 69 55 95 97 39 50 67 42 75 24 100 57 28 44 79 34 25 28 28 17 14 98 69 44 61 100 16 72 63 89 10 47 46 97 27 97 97 37 67 56 96 28 1 16 14 68 67 57 69 75 96 74 85 57 41 55 27 77 88 91 59 67 58 64 27 57 2 43 38 17 43 81 46 7 100 52 91 47 41 91 82 85 63 19 44 10 85 79 59 60 41 8 32 66 47 21 16 90 62 51 30 2 42 90 47 14 63 31 96 51 81 47 17 32 87 7 37 95 85 47 50 8 94 100 18 23 76 18 95 100 82 2 15 5 88 79 11 95 18 100 13 99 88 14 4 8 52 93 71 48 74 22 24 16 52 35 12 53 25 31 28 31 34 90 30 85 10 66 23 2 48 93 47 21 13 66 94 82 40 43 69 0 76 53 11 74 93 66 75 33 94 10 60 55 30 67 92 59 7 52 31 85 100 6 57 33 69 91 95 74 72 27 39 88 100 29 42 84 52 6 96 69 32 83 67 52 42 58 27 7 14 0 48 30 71 4 19 58 42 54 76 43 67 40 53 50 83 27 65 97 62 100 50 80 40 64 45 74 100 93 27 20 95 12 64 46 35 96 25 29 14 28 87 90 2 97 58 28 98 62 72 9 21 16 98 71 29 32 28 20 33 92 25 58 9 57 53 70 77 41 7 37 94 71 99 82 15 32 23 75 71 4 70 18 63 16 42 68 5 65 19 14 39 100 64 7 29 61 12 13 69 51 39 69 20 84 30 65 80 31 13 87 4 99 17 68 91 29 51 36 78 0 10 45 92 0 28 73 6 14 99 96 42 20 8 41 67 0 5 72 4 44 53 41 93 7 5 37 89 75 96 24 0 44 55 28 40 89 92 61 68 75 86 59 28 0 75 67 78 11 17 69 80 86 21 73 15 60 78 61 11 54 71 5 11 73 44 77 55 94 18 95 72 66 44 10 14 84 6 66 41 100 91 76 3 35 60 83 89 72 6 64 41 59 41 88 64 14 35 27 55 51 67 87 
50 3 31 99 100 90 29 20 15 11 78 22 32 55 58 18 8 70 8 76 90 51 0 33 61 73 20 28 58 9 33 25 48 30 25 56 31 15 32 53 67 65 69 84 26 15 39 60 84 44 11 86 86 31 95 45 76 24 27 76 74 58 61 35 35 6 52 6 50 34 12 17 39 93 56 42 49 61 41 41 23 3 16 35 98 66 62 72 64 43 90 84 4 62 59 53 96 94 46 0 3 30 12 89 87 29 24 62 51 63 88 7 13 15 52 86 61 97 58 53 35 5 20 74 20 42 13 6 93 4 96 3 11 5 98 6 69 7 2 49 45 68 99 27 50 68 70 61 52 56 83 76 67 67 16 36 1 65 93 93 18 79 75 96 13 88 73 13 12 52 98 75 60 82 90 73 69 4 8 55 74 87 83 92 32 9 14 15 70 20 1 70 16 20 88 77 44 46 73 25 86 90 65 79 90 23 66 64 56 25 99 67 17 54 26 96 93 66 76 9 74 89 98 90 74 20 91 97 50 39 49 28 47 25 63 13 38 7 19 85 36 47 2 20 7 95 50 29 30 26 9 46 16 72 98 56 69 42 75 89 82 83 76 51 35 16 70 51 9 53 80 49 6 37 100 22 9 57 5 60 40 83 24 72 97 78 24 0 46 74 82 42 14 74 58 95 81 55 70 20 54 6 41 80 36 57 85 12 80 76 16 78 51 100 26 1 77 3 30 98 32 15 46 62 28 7 52 92 28 66 90 99 69 54 17 37 53 81 3 11 85 55 25 48 75 52 6 8 4 21 21 6 89 15 30 8 12 37 47 13 3 18 31 6 4 79 81 52 4 36 0 35 13 48 57 24 4 24 90 39 68 92 83 84 53 1 76 77 42 2 84 25 95 1 57 65 35 86 62 38 95 34 12 66 4 14 14 39 72 92 24 17 13 54 61 19 97 93 85 70 23 72 42 72 84 48 75 27 98 33 6 53 50 20 25 62 76 63 42 45 32 55 93 87 77 70 72 55 69 36 70 59 19 66 50 88 8 16 44 35 72 70 93 100 28 40 10 20 42 2 60 49 33 80 97 7 62 21 54 70 27 89 72 85 25 59 76 8 95 3 92 95 63 13 3 76 20 13 55 95 
64 1 8 32 25 80 58 80 78 11 58 46 49 95 33 15 38 32 38 80 58 59 39 25 40 35 68 10 62 11 99 6 81 80 87 91 62 28 79 86 90 27 100 26 20 9 12 40 29 90 19 79 2 24 65 13 84 39 85 41 82 74 54 48 6 81 47 66 9 68 18 74 55 0 54 96 50 3 77 21 41 98 69 12 31 58 59 64 37 4 21 82 46 12 40 11 79 6 35 10 53 35 23 35 84 74 31 32 100 75 61 34 43 69 26 64 95 55 21 0 1 71 59 96 77 52 83 57 19 74 14 20 82 89 86 86 84 38 62 43 23 82 20 16 98 93 23 98 88 67 37 43 39 61 17 49 69 74 23 32 52 2 100 95 10 94 28 66 50 28 37 81 7 29 20 17 93 84 73 81 23 88 84 52 10 81 54 3 15 14 11 39 53 23 78 33 25 18 45 27 28 6 45 42 32 80 40 83 56 46 62 67 41 29 50 25 50 29 25 28 32 24 11 61 92 95 38 100 27 52 55 76 36 26 15 12 17 22 86 34 68 38 69 75 60 96 61 19 91 28 68 15 5 91 92 51 19 16 2 76 35 92 39 63 28 72 33 70 61 78 23 24 31 74 69 74 25 9 66 4 42 31 5 60 96 77 10 96 78 93 0 49 35 17 27 1 32 2 39 50 32 51 58 27 78 25 43 50 96 24 71 22 15 58 89 1 51 86 78 37 86 47 21 54 19 83 79 6 66 9 22 68 7 74 100 16 69 60 51 1 95 73 83 23 58 43 40 73 43 51 42 29 17 46 30 31 3 60 69 15 97 41 65 62 79 35 7 82 95 95 87 30 21 89 17 98 12 99 61 32 35 65 98 18 45 56 92 43 46 59 60 85 82 39 64 6 0 83 42 16 89 69 31 67 69 8 92 8 19 1 61 97 16 49 12 67 16 32 97 23 84 83 33 94 87 30 55 38 71 19 2 41 29 80 18 14 72 98 15 61 59 5 77 65 66 67 68 100 25 72 64 17 67 100 50 90 58 47 37 38 6 22 2 6 84 66 74 94 23 27 44 13 4 5 56 22 47 11 40 84 57 22 10 76 88 40 46 45 46 29 44 7 95 80 95 39 17 80 52 83 
1 37 21 26 77 50 52 73 29 74 13 83 64 44 66 19 80 16 65 38 30 22 100 47 98 72 10 19 47 88 5 25 23 23 99 44 59 79 58 8 62 97 55 26 0 92 36 83 20 73 54 83 79 53 73 80 57 7 79 84 68 41 95 41 67 43 56 77 11 45 76 68 39 52 60 58 49 68 46 23 100 74 90 100 78 26 30 67 46 13 36 57 61 44 77 58 13 46 26 88 20 67 8 22 48 28 69 40 7 24 37 24 26 50 85 75 14 6 59 35 38 27 82 5 42 22 18 54 34 75 4 32 74 51 17 68 1 74 61 16 98 50 46 17 72 91 61 15 26 20 14 79 76 32 6 60 83 91 43 31 71 66 45 41 3 51 81 10 26 86 27 34 21 70 61 24 56 74 37 84 51 78 11 29 26 38 46 31 55 80 48 39 60 64 97 70 25 13 18 20 63 55 59 53 38 39 8 56 97 1 1 25 32 74 43 58 46 46 89 95 33 1 25 83 85 99 98 96 32 92 3 99 79 29 68 63 70 77 20 8 3 85 100 69 74 84 10 96 54 76 57 100 16 92 55 92 97 55 96 53 32 73 88 5 24 42 62 44 91 98 7 48 74 100 34 50 24 31 93 26 81 63 58 73 30 84 40 39 60 77 1 1 82 39 51 58 11 10 54 45 20 53 38 53 36 71 0 95 11 71 38 39 95 98 30 95 54 52 92 35 20 28 57 84 37 64 11 13 59 27 89 79 61 18 58 50 41 90 96 15 56 16 86 28 51 43 64 21 63 18 32 61 12 56 32 22 10 42 78 59 76 53 20 48 64 5 70 56 10 17 71 60 61 5 90 45 81 17 27 95 76 97 76 22 62 6 2 72 97 45 4 1 96 10 0 5 69 96 48 31 33 62 35 58 33 89 62 7 75 46 34 22 11 5 7 42 55 17 36 48 69 70 23 71 26 18 51 1 20 51 5 26 49 58 14 50 84 55 66 22 69 47 80 51 6 53 58 68 59 42 75 7 42 66 24 31 49 24 30 76 51 28 75 97 100 21 1 38 70 24 55 77 24 35 99 28 5 46 43 62 72 23 69 75 2 75 3 88 26 6 31 44 38 81 88 82 61 64 70 21 
1 18 17 15 75 87 39 24 72 77 80 73 37 20 15 80 82 43 54 17 26 55 32 69 2 26 57 74 2 1 22 79 43 29 16 12 7 73 73 28 41 66 33 20 87 87 13 34 87 42 7 12 71 89 42 61 12 92 4 90 86 56 14 72 13 54 54 79 21 11 66 74 67 57 59 73 66 15 77 87 63 70 28 66 45 67 19 98 46 31 41 14 40 93 81 6 34 8 91 32 80 5 58 36 0 4 55 39 77 5 80 18 99 31 70 25 90 90 95 56 38 0 94 41 96 23 78 99 94 69 24 72 31 97 35 100 77 4 0 60 92 60 56 77 37 34 16 89 89 31 60 2 72 84 4 60 3 58 91 30 94 33 33 1 70 2 97 52 29 35 49 42 17 5 68 35 6 74 56 13 54 98 42 40 5 61 63 37 25 73 17 40 38 92 65 18 44 84 44 11 12 68 63 80 4 6 81 72 19 74 12 38 60 35 26 8 53 64 11 30 40 91 99 60 15 83 98 74 31 22 12 38 89 56 28 93 24 93 62 67 31 86 87 96 96 47 6 91 51 74 94 87 55 25 34 7 90 18 77 32 40 40 54 57 34 78 9 27 44 64 28 20 26 41 89 16 26 4 33 59 87 34 47 84 91 1 25 26 77 80 42 61 72 27 94 43 60 4 5 71 91 17 30 31 10 0 100 40 32 20 67 83 18 23 60 15 53 53 89 99 17 77 70 73 61 83 0 24 46 15 11 50 47 36 36 95 1 31 100 42 95 7 74 20 71 0 42 100 58 2 13 84 20 72 69 23 33 98 15 60 96 100 76 69 85 74 9 93 2 62 39 7 79 14 38 62 9 37 64 59 38 91 69 50 90 72 20 60 94 45 56 62 4 52 70 68 87 84 94 59 32 90 41 74 45 48 83 7 7 94 39 78 16 73 52 12 33 48 4 71 61 23 98 99 95 69 44 17 100 49 30 53 62 40 29 70 96 14 58 73 98 5 34 51 18 61 83 70 9 46 92 48 28 20 12 57 76 47 99 5 11 65 46 13 31 94 31 69 33 51 35 43 60 72 60 70 73 64 5 0 7 29 84 51 92 41 75 11 62 15 90 53 29 89 37 50 87 37 29 87 
51 51 63 6 83 33 97 89 58 78 41 58 77 20 88 42 68 55 33 37 90 0 49 38 93 64 56 38 59 28 77 13 13 2 98 91 78 89 53 13 46 67 47 17 79 78 70 32 19 74 1 81 77 47 35 66 47 39 98 80 60 15 78 57 10 89 34 13 24 18 70 94 81 52 60 38 42 75 41 78 85 42 61 70 92 48 63 20 61 49 27 18 38 24 97 62 60 95 15 33 18 49 1 82 57 81 46 33 98 32 44 89 34 68 64 15 69 5 49 46 9 66 53 65 52 95 32 77 38 31 4 39 73 87 87 78 85 7 49 11 35 60 85 64 71 94 91 90 0 68 86 76 78 27 33 66 67 7 89 17 71 13 50 39 89 17 0 61 79 9 47 28 74 96 81 42 9 71 63 74 67 68 58 43 20 52 96 8 90 79 87 2 2 61 50 26 75 62 54 89 53 15 60 70 76 25 16 76 67 70 9 0 50 46 23 51 65 92 100 0 95 40 50 98 9 71 88 8 34 91 69 96 78 90 85 34 15 5 63 13 83 75 17 10 18 71 11 72 80 3 82 89 54 21 95 37 65 86 86 84 66 88 11 30 7 89 1 53 81 42 32 32 86 79 95 73 8 83 92 56 89 36 94 85 4 14 10 95 24 20 61 18 100 45 32 76 27 87 59 45 88 21 84 74 94 100 83 50 78 56 74 1 24 69 41 7 76 17 43 84 70 91 51 12 43 50 63 36 89 86 63 77 43 34 47 88 20 62 81 73 23 2 14 26 85 92 88 72 21 7 13 8 10 38 68 54 36 7 30 64 38 24 18 27 49 0 41 48 74 84 85 26 18 76 27 2 32 13 35 92 18 100 48 26 97 87 20 25 57 58 54 100 90 12 54 67 4 5 12 88 78 17 24 90 49 74 5 45 97 30 70 30 34 78 30 8 83 89 20 96 39 12 13 68 94 27 73 58 37 73 31 0 17 22 0 24 33 39 86 27 62 29 86 78 91 80 73 20 14 92 64 33 36 3 76 42 81 15 76 76 10 73 14 28 44 24 37 73 19 71 20 78 95 87 71 95 41 19 68 45 47 55 30 42 74 21 40 98 68 25 94 17 74 70 6 2 27 75 48 66 
43 22 100 36 61 27 61 68 20 90 72 13 18 82 81 55 98 94 62 8 70 63 38 20 67 87 55 80 25 33 42 56 6 53 91 83 28 82 22 87 4 33 38 80 67 62 3 17 53 24 73 72 58 71 73 79 0 27 85 87 70 43 15 63 75 16 40 79 53 55 19 59 59 82 100 26 65 54 62 27 71 96 59 84 46 65 14 35 65 63 43 96 32 45 48 17 83 49 51 4 74 64 100 80 100 24 35 97 54 25 0 3 25 94 4 10 78 49 22 8 38 58 93 27 38 36 32 0 19 19 79 15 28 100 0 36 55 0 57 48 28 41 86 52 50 37 75 72 85 38 2 28 46 58 20 43 94 41 7 46 16 85 32 55 96 7 5 54 40 54 58 14 81 45 8 18 10 12 12 16 96 75 46 11 3 35 10 16 25 12 94 7 17 40 77 16 19 85 1 62 22 50 52 64 98 3 88 60 65 74 87 85 53 0 50 16 42 51 78 52 29 76 59 42 70 35 44 0 8 8 22 51 35 66 13 71 83 58 96 70 60 66 85 94 86 90 49 40 15 73 15 60 81 81 25 61 73 30 67 7 27 53 79 99 56 11 23 74 96 54 99 54 97 37 62 52 73 29 56 56 67 46 50 59 56 4 1 55 92 21 83 83 70 98 37 68 80 86 66 70 39 97 50 70 93 11 97 42 44 67 53 89 84 72 72 86 25 53 56 58 40 38 43 92 5 63 37 97 29 30 41 69 6 30 46 51 62 9 31 76 88 75 0 19 26 66 73 76 52 8 57 17 10 91 8 66 81 80 90 40 30 48 1 50 14 30 40 90 52 30 11 2 74 49 41 81 52 64 84 69 2 38 1 38 65 23 9 47 100 97 20 18 57 67 61 4 33 20 66 57 1 80 10 57 48 28 37 74 25 26 76 28 59 53 38 66 47 28 83 37 29 6 26 56 38 68 100 11 3 22 85 38 57 21 19 3 32 23 63 9 31 20 40 84 33 80 13 29 98 42 90 7 98 11 74 0 12 9 3 91 17 42 76 31 93 98 59 51 32 99 60 40 47 100 27 96 74 25 6 79 83 63 18 36 73 12 95 69 49 69 26 76 88 51 66 37 50 64 83 25 
38 88 59 63 48 15 34 37 63 87 20 54 71 84 26 28 41 36 31 36 71 98 78 49 67 48 11 54 0 56 18 82 78 84 53 81 35 19 27 94 80 52 6 64 34 24 80 8 69 30 13 45 72 63 31 48 57 58 25 73 68 62 62 82 4 20 6 71 18 26 22 40 90 52 80 85 32 77 78 39 63 7 99 5 31 90 63 15 45 25 17 12 57 97 3 46 39 14 5 43 51 96 34 98 79 24 64 54 60 61 58 57 96 33 98 25 35 15 29 47 20 95 48 52 32 9 50 45 62 84 92 20 83 23 78 80 21 12 88 46 75 66 85 0 90 14 88 60 35 62 80 84 54 98 41 40 0 71 48 3 50 34 32 41 9 45 25 60 92 78 90 59 68 31 73 58 45 4 91 56 2 0 92 62 63 55 76 100 0 99 67 64 40 43 36 76 86 3 28 2 86 66 79 85 72 81 32 35 92 9 10 82 20 9 36 95 35 70 45 77 74 79 43 17 98 3 52 41 61 58 1 4 89 8 53 70 64 100 95 89 42 24 5 55 100 34 16 32 65 87 92 17 88 62 31 46 82 34 87 2 75 93 76 100 18 12 33 62 0 73 69 5 99 97 36 74 45 54 51 44 39 55 89 96 67 6 96 74 50 81 0 50 67 75 65 88 92 29 86 12 12 63 61 2 84 90 7 18 97 51 65 16 1 80 45 64 44 85 20 11 44 44 34 91 40 37 8 94 56 52 40 75 3 3 19 81 9 75 25 98 85 90 97 44 62 7 78 48 28 77 8 5 52 53 12 10 76 80 36 38 34 83 7 45 63 83 30 61 18 28 85 85 11 45 2 76 69 37 71 36 75 99 0 1 70 16 65 90 71 11 9 28 47 12 92 95 54 27 30 65 26 62 31 81 65 98 53 40 70 80 94 20 12 61 86 72 90 57 23 55 54 0 12 46 18 83 63 50 33 83 33 34 1 56 4 6 36 17 3 22 17 64 10 15 91 53 54 54 100 71 45 67 52 24 37 7 49 73 19 60 39 54 12 70 97 35 91 38 46 77 12 48 40 64 79 86 79 89 97 36 81 42 19 100 14 89 78 69 36 97 21 33 36 5 9 20 22 24 10 57 
5 2 81 82 59 24 45 60 74 55 37 86 93 44 25 100 60 11 8 96 2 27 42 79 3 59 33 26 7 17 82 43 87 35 66 41 91 55 74 25 25 2 69 76 86 30 80 17 49 93 100 73 17 10 48 40 53 10 74 68 33 5 63 6 26 81 97 78 63 94 9 21 100 81 18 100 100 88 70 2 47 88 96 79 67 86 20 75 56 12 1 37 67 83 44 77 70 51 73 42 8 69 98 79 46 91 99 85 41 42 64 64 95 95 78 83 95 65 66 84 68 58 7 83 66 73 54 92 52 40 95 79 19 7 19 6 34 12 10 19 58 28 9 54 0 30 79 2 52 50 40 52 5 92 15 47 54 50 30 31 64 28 46 48 75 23 57 84 94 68 97 63 91 48 88 66 0 55 10 12 88 1 37 78 67 6 35 20 5 72 46 2 62 71 85 15 62 96 95 67 11 32 64 54 76 19 52 76 75 91 5 8 31 62 80 48 15 1 32 91 72 94 4 42 69 95 60 21 29 30 72 72 66 86 72 75 61 56 74 3 26 85 96 86 33 4 41 17 14 9 88 19 96 76 52 61 28 61 13 83 12 77 3 68 48 26 2 56 82 23 6 51 15 21 6 81 59 8 88 64 99 87 35 23 39 96 27 77 70 89 25 100 13 38 85 17 33 59 2 7 5 7 28 34 93 69 89 7 26 39 82 18 63 92 79 44 62 8 33 98 28 23 68 25 27 19 48 95 65 69 26 30 18 31 37 66 88 72 27 72 8 61 77 47 13 83 6 15 40 54 56 82 7 47 100 99 77 99 4 58 71 28 48 49 67 38 36 17 97 21 34 62 57 30 98 29 34 89 11 42 59 13 19 13 45 91 93 44 70 80 3 54 11 42 15 10 24 56 20 54 35 52 34 79 71 23 38 78 1 12 92 43 64 76 55 42 2 50 97 27 94 69 46 54 33 42 63 82 57 48 15 77 31 25 13 80 5 63 12 42 58 83 90 80 4 36 29 62 99 40 91 74 91 23 69 4 43 1 65 65 99 59 74 8 75 72 91 13 38 44 10 29 60 82 13 30 18 65 73 16 79 42 16 75 49 59 69 81 10 72 74 3 9 86 0 89 0 71 6 14 
1 34 74 8 46 83 1 68 48 42 22 100 4 3 77 60 91 53 31 77 62 76 67 56 85 5 96 37 93 82 20 30 28 97 54 54 66 69 92 29 100 100 29 17 22 85 68 41 57 27 15 77 73 29 56 97 40 21 96 100 29 72 67 39 91 38 40 53 98 60 84 65 70 20 62 58 18 96 92 43 45 12 24 53 82 4 83 55 30 44 51 38 89 80 31 74 15 13 74 60 73 71 81 1 26 22 86 16 63 85 71 9 36 52 55 67 9 15 46 95 14 94 51 64 81 42 47 58 75 49 22 53 39 68 29 0 55 55 22 2 4 3 35 97 77 81 7 81 41 3 90 94 33 46 99 82 7 11 80 55 81 15 10 93 18 17 27 48 88 77 90 98 69 46 19 41 1 95 52 9 33 5 10 8 57 5 28 93 39 78 45 31 77 38 93 25 23 36 73 28 35 20 19 25 34 45 17 55 61 64 77 63 74 78 52 70 58 32 23 99 12 68 69 62 51 53 49 49 39 60 30 71 0 62 31 82 56 100 6 45 22 92 18 61 7 72 80 5 40 23 65 3 86 63 79 89 89 54 72 83 72 7 81 37 89 89 99 54 12 52 52 5 97 79 79 54 75 69 53 50 7 12 76 81 6 66 16 67 51 6 4 91 35 35 66 39 90 31 42 16 6 55 6 37 31 34 55 45 26 69 30 23 88 30 25 35 36 91 13 45 90 49 96 66 3 33 24 9 56 14 91 34 45 40 28 66 7 18 14 27 86 61 27 12 53 76 91 87 74 50 12 80 99 29 34 37 19 77 62 22 4 70 29 0 96 87 68 28 43 90 43 90 94 21 93 36 77 98 88 89 74 38 80 28 28 3 54 9 76 81 5 67 21 51 55 99 1 13 54 35 73 87 23 64 25 57 58 57 63 73 32 33 82 28 95 32 67 47 87 93 56 65 96 27 51 98 98 14 19 62 21 10 21 15 58 89 44 54 48 31 59 0 6 24 56 44 80 21 69 2 75 87 65 10 30 32 90 93 36 16 43 10 20 14 20 16 7 32 52 86 23 11 13 52 40 48 28 97 49 87 100 98 39 94 18 73 10 82 96 18 8 23 53 75 42 32 32 18 72 72 
81 90 86 86 81 25 27 15 66 40 100 31 100 100 88 22 3 30 94 86 34 80 63 8 87 12 8 45 49 26 24 68 0 79 68 61 20 40 9 77 84 8 16 66 21 0 21 53 10 43 40 86 22 54 45 96 69 97 19 46 79 60 4 51 88 2 12 30 73 72 12 55 75 99 78 74 43 35 22 50 17 91 53 58 11 28 41 11 94 44 56 30 86 50 91 44 16 54 22 96 82 8 21 54 68 78 44 96 44 71 37 12 37 19 47 99 39 57 47 4 83 96 84 11 41 59 61 69 58 10 44 90 17 49 95 29 47 34 43 60 1 59 4 1 67 9 99 29 85 24 53 91 1 43 84 88 2 39 95 85 27 64 40 85 88 89 7 10 53 89 93 100 94 40 11 96 23 38 73 13 96 76 38 28 9 48 10 41 93 76 25 65 93 53 34 51 67 49 81 73 3 54 32 39 64 25 73 53 30 77 28 87 65 91 15 65 65 43 16 38 65 98 19 99 31 63 58 3 45 44 86 79 8 14 48 79 72 75 53 39 22 74 47 35 44 86 85 62 58 39 82 81 55 22 64 55 71 20 93 90 0 26 92 7 66 10 47 45 13 63 11 1 6 5 77 100 43 50 76 3 94 84 89 36 53 69 51 64 65 29 12 64 48 11 82 37 74 36 44 28 40 88 18 58 56 43 34 78 3 9 33 49 19 57 60 50 25 81 2 11 49 100 87 18 54 80 95 79 65 66 35 48 100 86 63 9 70 18 54 14 61 38 24 58 25 86 75 85 17 60 98 12 14 3 81 66 45 5 14 69 86 21 5 41 51 19 96 68 2 56 78 42 1 31 65 88 89 37 80 16 93 78 73 76 94 17 51 2 25 61 79 65 97 24 22 15 95 49 50 38 16 16 79 30 73 81 88 9 67 81 22 79 37 3 85 79 17 24 24 56 74 31 29 16 76 14 52 66 0 26 79 19 42 76 63 88 29 23 35 94 51 86 74 26 100 100 61 95 55 16 38 83 61 28 25 58 60 22 88 30 85 93 81 67 35 26 35 82 85 44 24 92 92 80 57 23 65 92 91 73 90 74 52 34 37 5 85 26 26 6 70 37 36 95 72 29 93 85 56 8 
49 23 25 40 16 50 11 8 38 33 27 83 99 54 55 37 52 6 92 6 37 76 45 62 66 72 33 99 85 69 60 76 11 65 5 24 77 99 50 96 61 32 0 4 56 59 21 8 34 92 30 63 5 41 30 20 95 43 68 15 72 29 80 76 4 30 100 14 24 50 19 18 41 55 2 46 15 11 26 19 62 79 56 82 93 94 81 1 8 65 28 34 80 62 17 66 15 89 100 98 45 52 55 35 13 91 63 34 34 95 76 33 50 98 16 2 68 84 65 69 53 13 83 19 9 42 93 64 94 9 26 11 87 91 86 4 60 48 81 68 70 62 72 83 97 96 4 31 16 84 84 85 38 93 58 47 76 24 31 3 93 18 83 84 49 48 50 12 10 51 77 42 83 20 31 58 1 91 86 47 73 91 87 29 97 58 51 3 47 19 23 83 71 31 61 57 68 37 85 97 74 63 88 10 99 85 4 58 7 6 92 8 51 71 36 28 58 59 8 70 6 7 56 5 62 68 14 89 46 14 25 44 99 0 77 81 67 42 49 57 58 100 28 26 37 7 88 16 85 45 5 77 36 60 17 88 53 85 7 62 0 53 69 45 52 42 50 38 87 88 38 31 77 42 43 82 100 64 88 11 79 88 58 15 91 85 69 23 98 27 87 12 6 78 77 29 73 59 1 75 5 28 76 56 34 11 99 59 98 58 51 81 55 8 2 81 59 35 86 92 49 37 38 36 6 46 75 70 72 71 55 44 81 46 54 13 4 65 99 74 47 51 53 82 69 1 75 80 45 21 50 58 13 54 69 72 27 61 21 72 93 10 82 95 57 42 5 82 99 83 83 0 14 53 63 8 94 67 6 40 10 27 88 44 86 1 79 95 33 6 19 78 57 8 78 94 73 70 41 60 65 10 13 36 84 5 96 88 14 25 64 91 71 81 76 88 66 0 58 29 89 83 52 63 83 28 28 60 35 43 56 75 90 88 81 34 3 52 39 71 88 25 46 20 63 85 15 75 73 98 83 32 95 98 43 87 28 88 75 81 33 72 78 43 63 22 45 87 99 1 40 95 38 99 5 95 99 64 70 4 14 77 41 29 73 38 64 42 58 37 69 5 70 89 90 83 23 27 34 52 
23 83 33 79 41 3 26 66 2 30 1 42 69 84 37 12 18 1 39 97 3 78 32 86 78 56 16 60 52 67 73 25 98 67 62 38 91 8 52 31 75 90 27 58 45 71 33 60 1 80 75 61 92 96 89 17 88 82 44 100 14 42 22 80 84 64 6 30 81 44 47 77 88 86 90 22 62 81 97 54 98 84 94 4 35 66 60 72 48 98 1 60 37 73 55 72 65 62 95 26 38 42 5 92 82 33 68 58 74 50 22 93 33 93 98 7 44 19 85 82 89 11 96 3 54 2 26 43 39 54 20 53 57 64 61 5 24 78 89 28 14 89 50 50 75 97 91 53 3 3 87 42 39 9 54 61 13 73 55 34 66 49 43 97 94 3 10 65 28 76 48 39 40 34 30 88 55 28 75 12 85 25 43 21 16 82 86 16 94 33 31 89 31 60 84 17 5 46 13 62 48 44 64 1 76 85 51 13 29 77 75 78 81 8 71 89 72 73 10 4 75 8 52 4 5 57 43 51 7 33 82 34 99 90 82 7 14 81 13 88 69 38 25 60 96 0 4 69 37 24 95 70 94 23 35 94 63 83 44 80 59 97 66 39 38 94 98 45 90 95 34 17 56 70 80 60 53 99 93 1 5 81 66 34 98 84 92 11 19 29 23 15 70 37 54 22 41 68 53 26 17 16 77 95 2 12 39 90 39 8 58 34 99 94 55 95 40 78 36 16 87 1 22 74 35 82 78 69 70 16 61 58 21 34 79 77 61 74 55 54 41 39 22 18 15 62 52 25 7 6 17 5 29 44 0 76 53 52 14 72 9 47 90 45 100 96 67 80 78 21 14 16 84 18 6 49 25 66 47 31 47 100 74 43 78 67 55 2 27 74 21 15 21 70 90 66 23 31 33 10 22 51 4 32 40 14 72 28 55 10 83 22 13 82 38 82 8 29 97 5 30 52 65 49 75 55 73 39 65 1 9 41 38 49 12 71 100 71 77 93 28 68 97 81 12 77 71 61 96 29 74 80 31 45 29 60 70 84 6 39 19 84 92 7 68 69 55 65 0 19 46 30 93 45 15 74 10 43 20 71 45 64 28 52 40 68 64 10 96 70 100 40 64 2 31 60 65 76 49 37 
81 36 51 85 5 81 84 97 65 75 52 52 87 18 12 58 90 52 89 96 76 100 26 60 7 20 100 48 27 28 74 7 82 91 67 64 75 70 80 40 68 8 39 26 85 99 79 83 99 4 2 58 100 39 94 66 38 15 21 99 42 7 11 95 41 17 83 30 65 54 16 66 73 87 54 4 23 53 1 19 62 72 46 2 19 40 50 57 70 11 29 83 82 2 26 66 48 25 93 1 25 48 44 13 3 95 69 31 34 30 92 55 81 88 42 62 46 56 8 85 46 59 69 66 70 76 13 34 71 96 35 0 47 95 51 85 15 56 26 82 23 14 21 66 18 32 1 10 36 62 82 27 82 0 79 18 19 84 95 93 51 72 85 47 63 36 12 57 97 17 65 67 23 33 33 70 42 0 54 65 69 61 34 55 6 17 11 10 40 63 17 90 63 45 59 42 18 34 7 33 95 94 61 2 91 3 22 25 30 61 61 65 24 34 41 62 26 0 85 74 39 22 27 73 39 28 74 68 92 45 75 69 3 99 21 45 2 2 43 6 13 10 94 95 16 43 41 83 66 81 11 49 51 69 56 5 83 15 13 12 63 24 42 1 7 8 30 95 33 92 28 5 35 80 10 64 5 20 0 5 62 32 70 70 44 2 67 74 17 93 2 49 14 16 57 97 64 82 5 83 82 67 74 96 69 96 96 80 3 69 92 13 56 52 53 11 34 52 88 95 24 89 75 43 35 96 66 59 65 10 90 89 92 92 9 26 48 30 85 57 69 44 17 84 98 34 80 58 78 96 29 10 50 67 49 78 33 45 17 62 88 55 10 90 35 55 91 13 77 26 35 11 85 99 52 27 34 8 98 90 16 8 27 58 26 31 26 29 12 76 14 47 62 94 66 2 16 30 42 8 12 21 10 78 18 76 55 71 45 96 24 20 10 73 50 94 5 80 12 0 16 80 76 70 61 70 43 33 48 49 42 93 86 64 23 17 17 30 64 40 67 75 61 54 91 22 80 54 12 43 49 21 57 87 33 80 68 89 25 82 4 38 26 27 24 16 34 6 78 12 41 44 8 29 69 12 72 80 59 55 57 73 54 76 85 3 5 22 33 4 59 86 39 7 68 64 39 88 92 52 
92 51 54 44 79 33 1 18 52 98 8 15 9 40 19 45 59 86 14 73 89 88 32 53 35 15 47 9 41 5 61 42 58 75 82 40 24 13 35 42 34 2 48 21 69 46 12 81 12 84 16 83 17 72 84 14 77 13 23 4 69 4 34 66 17 15 37 51 64 70 54 2 39 51 61 6 86 76 90 53 61 40 71 33 72 23 38 81 51 73 34 55 39 62 15 7 95 52 38 84 4 78 48 54 32 50 33 6 15 67 39 77 43 77 42 8 66 0 16 51 18 33 64 10 14 72 15 64 27 19 31 18 53 14 63 87 12 63 31 17 86 6 45 90 47 37 11 61 74 30 2 80 31 18 40 5 97 18 93 100 11 6 64 47 88 98 62 36 81 17 8 80 18 31 11 67 91 19 74 49 65 47 83 34 70 13 95 83 14 28 20 25 36 60 84 25 14 87 2 89 87 83 11 1 68 10 78 35 52 91 65 90 64 45 39 61 61 76 95 94 48 99 79 42 48 23 63 61 74 30 7 29 8 92 72 9 68 50 85 10 30 80 41 54 7 13 0 34 18 86 93 47 73 9 38 65 44 100 57 99 99 51 99 28 61 33 22 85 91 53 100 75 11 45 46 61 71 2 32 58 13 55 65 100 82 3 39 62 68 56 71 15 47 54 52 58 25 36 16 67 97 87 17 46 60 30 37 4 86 81 53 53 1 32 6 42 77 38 70 3 2 42 32 95 85 77 43 88 87 21 10 77 77 37 77 6 73 48 23 70 27 68 93 94 67 93 79 60 78 5 29 36 65 18 92 40 83 20 68 52 73 57 41 84 1 21 44 37 95 45 30 38 68 34 48 79 30 78 51 39 88 88 81 98 73 22 61 53 32 23 89 61 10 96 19 40 23 80 19 8 55 50 48 73 78 32 54 75 25 80 23 53 83 11 59 56 25 92 86 55 11 43 15 29 53 51 19 1 69 83 84 87 57 42 57 69 84 88 58 54 47 57 74 30 82 60 65 99 16 55 3 49 9 65 30 71 51 26 45 18 36 19 35 44 69 86 14 13 49 37 50 16 74 22 14 99 22 98 27 83 67 11 5 45 73 27 93 13 52 62 35 92 51 97 64 7 0 70 72 18 
60 44 67 41 17 7 39 54 48 28 74 15 99 99 65 35 14 79 56 25 92 43 87 37 35 5 35 56 31 84 21 8 26 72 56 66 90 14 5 21 71 33 46 25 47 40 1 28 0 73 92 72 91 12 76 97 63 79 67 43 24 28 93 49 76 81 27 58 48 0 78 56 30 24 86 56 51 96 65 85 27 18 66 97 29 18 54 70 67 43 42 70 34 100 40 74 82 86 28 89 58 98 90 66 15 5 8 83 69 58 24 45 59 64 95 61 8 2 26 19 24 97 98 89 5 28 3 37 69 98 100 9 89 75 97 30 23 9 10 36 21 94 18 75 40 63 90 100 59 88 27 4 83 92 26 83 44 82 31 98 75 100 79 62 47 42 92 0 41 44 63 34 66 9 78 49 31 56 32 28 84 98 76 94 56 4 35 65 92 47 1 31 47 83 100 22 61 63 45 32 58 48 69 11 7 65 18 86 27 18 15 44 38 41 20 94 74 83 23 22 81 76 76 22 75 13 19 83 38 62 11 64 4 83 76 6 83 98 34 7 70 22 51 49 49 25 5 63 39 54 32 33 90 64 90 73 93 26 39 12 4 48 61 91 69 10 1 89 70 30 57 27 65 15 7 35 42 32 3 87 65 44 27 8 77 5 53 65 50 23 95 89 32 97 75 35 64 62 44 89 33 57 46 27 28 61 29 81 45 68 41 97 68 89 66 91 91 7 28 79 97 79 71 41 89 42 99 17 6 95 42 72 7 64 35 70 17 0 44 67 7 50 68 1 84 4 41 81 37 93 54 89 35 1 98 36 83 42 83 59 41 96 3 62 10 25 96 71 38 50 90 92 50 27 97 54 93 19 84 52 48 11 5 33 98 31 62 1 40 65 3 3 28 41 11 65 98 92 90 25 58 51 53 73 42 27 62 86 75 75 71 24 78 99 0 40 99 55 17 29 46 77 69 7 91 60 4 60 44 43 47 18 75 14 56 32 97 82 5 85 57 57 7 62 16 13 66 38 9 13 11 0 96 34 35 79 83 63 48 23 82 93 84 35 76 28 44 64 44 99 92 98 72 47 76 39 38 15 76 19 12 93 52 68 77 7 8 18 78 25 81 38 63 67 16 33 48 44 88 63 
87 48 37 68 63 94 28 10 79 6 11 87 20 65 36 19 81 25 36 79 36 42 54 60 72 28 100 68 14 63 79 51 81 1 6 16 8 58 95 89 71 84 32 22 16 36 42 48 93 18 93 36 91 34 55 0 85 46 29 45 81 60 90 86 57 21 26 68 2 18 14 95 12 71 61 19 21 99 14 86 37 15 86 100 49 18 40 84 66 56 98 13 11 91 38 63 0 10 49 91 69 47 63 16 18 72 11 66 8 0 29 36 86 60 18 96 38 88 44 84 17 35 75 18 70 81 37 76 22 97 51 61 58 60 76 74 51 54 36 48 37 38 37 88 56 56 39 16 15 17 79 41 72 50 55 38 27 59 77 97 91 66 75 66 5 79 100 82 33 22 86 43 70 38 100 6 47 23 77 59 47 97 100 2 54 34 16 51 73 3 45 29 15 53 98 18 40 87 77 52 57 39 77 37 66 45 7 71 34 77 50 60 92 85 65 21 55 21 1 43 99 83 18 35 76 26 65 6 69 12 19 49 86 80 81 59 61 6 66 64 9 97 89 61 1 7 54 77 50 18 98 89 15 4 51 94 25 10 41 79 41 39 69 8 46 69 51 5 18 39 46 58 25 54 25 46 29 84 51 1 15 94 78 34 70 61 51 74 78 82 48 29 31 67 57 60 54 88 5 98 3 22 23 47 75 3 1 76 63 46 75 62 29 98 71 13 66 64 66 62 37 55 27 48 37 12 95 3 40 53 38 55 24 54 41 96 44 16 86 93 66 56 85 1 60 2 99 83 83 50 13 58 33 37 63 79 79 47 9 90 77 26 86 12 52 82 18 49 21 39 68 22 9 74 38 5 97 83 96 86 81 23 54 83 90 16 81 88 84 24 76 63 70 0 50 18 43 61 69 31 39 18 40 99 84 43 18 14 11 64 52 16 75 49 39 42 74 19 95 77 82 47 17 62 32 84 58 66 97 72 75 90 60 27 68 46 22 85 56 46 89 11 4 94 50 44 72 86 0 49 59 49 38 64 28 11 89 71 57 90 100 35 49 79 63 98 95 57 18 94 14 42 73 13 40 79 8 81 48 1 0 80 15 87 32 19 33 75 42 99 33 62 68 76 54 74 52 62 92 36 
39 99 82 31 43 99 89 85 32 59 3 97 23 4 62 14 57 95 46 8 59 4 68 30 65 87 97 81 98 73 66 31 18 60 52 10 30 22 47 0 31 52 58 72 62 90 9 15 49 10 84 54 63 88 54 46 45 8 15 5 33 65 43 97 18 53 60 51 75 7 16 25 82 25 74 98 49 83 64 30 20 42 89 44 27 24 93 48 66 38 0 22 20 34 1 22 39 87 79 99 84 25 9 49 90 34 55 46 9 34 79 18 81 1 51 82 54 52 22 69 44 27 63 35 85 57 42 85 68 55 96 49 33 87 33 73 6 66 44 7 30 68 93 92 78 41 61 34 59 7 0 63 50 45 9 2 25 43 56 39 96 8 89 5 77 91 62 13 25 38 55 59 70 65 24 54 25 72 81 49 72 67 82 95 61 1 63 25 84 13 30 77 23 58 1 29 39 35 3 72 2 72 0 66 76 54 33 6 12 85 35 55 3 95 10 95 63 16 21 46 51 12 44 23 44 83 11 52 0 80 100 68 13 38 58 1 46 34 46 82 17 48 60 79 100 81 100 27 12 70 75 87 95 38 80 96 65 73 1 83 86 39 89 97 77 25 67 50 69 22 91 25 22 18 48 74 26 99 43 53 61 4 53 2 40 83 64 51 97 42 99 64 92 71 6 35 46 42 83 99 2 95 44 37 71 78 15 45 1 28 85 1 36 97 85 65 4 91 39 40 10 57 59 62 51 55 24 34 0 52 64 56 2 53 77 56 71 24 97 56 19 37 45 93 90 87 28 64 58 22 90 42 59 50 16 29 82 71 69 22 0 77 49 68 55 93 14 13 91 85 23 92 48 32 88 47 57 8 82 75 21 15 82 82 42 78 100 32 69 9 14 38 39 91 96 31 79 86 86 15 34 21 11 42 94 19 57 29 37 98 8 66 38 68 18 48 7 50 50 90 20 19 34 71 70 34 4 46 27 81 29 83 43 37 21 49 63 75 75 63 40 89 27 77 55 72 59 35 91 34 94 47 56 36 28 92 48 9 26 22 30 70 23 39 1 73 55 86 11 61 44 96 13 22 58 57 93 63 52 49 31 18 83 64 48 87 34 26 27 89 33 64 25 60 38 72 20 63 12 72 
55 0 87 84 91 98 35 86 38 45 93 23 86 7 71 10 29 99 32 61 22 14 12 92 13 25 19 93 83 18 85 15 17 41 79 58 20 18 61 11 50 43 32 21 14 22 52 88 37 37 82 48 0 85 61 35 35 44 27 32 1 10 73 70 55 48 79 24 34 97 19 41 56 95 8 37 10 38 78 16 16 36 95 23 3 12 91 6 31 35 77 96 73 3 67 7 68 67 59 3 2 35 20 83 12 33 45 11 87 45 61 62 97 56 73 97 84 62 12 50 46 42 30 84 31 56 55 66 17 48 95 45 39 9 41 45 36 78 62 8 90 71 61 41 26 61 40 18 57 0 80 16 59 51 35 33 100 19 79 38 91 21 95 53 4 3 80 18 38 67 16 89 11 71 1 52 93 89 72 94 75 13 82 29 85 13 17 36 9 53 72 23 33 60 16 46 91 21 59 6 75 48 84 98 34 59 22 90 27 72 21 26 18 69 68 24 40 16 1 11 5 97 10 81 79 31 26 48 15 41 38 4 32 64 96 51 75 3 46 91 78 51 34 37 57 8 44 60 46 54 91 58 23 67 62 6 22 37 89 12 49 7 9 81 41 20 77 33 69 69 46 36 72 81 52 51 96 34 59 77 53 21 25 99 68 94 14 44 67 18 84 15 46 37 51 83 25 76 30 68 54 89 67 45 30 53 5 8 22 4 30 54 8 48 0 21 81 25 13 26 2 93 6 98 85 61 66 80 48 3 47 75 94 7 45 41 96 10 90 51 63 52 37 25 20 97 23 68 25 98 97 27 19 44 92 4 34 38 57 87 79 54 32 47 34 60 78 43 64 88 1 3 21 86 41 73 92 90 25 94 76 47 0 75 95 5 74 60 35 83 67 43 7 45 66 57 57 1 83 14 66 27 95 53 59 79 32 16 46 38 38 89 31 65 96 53 79 6 86 34 46 51 84 49 2 42 66 79 1 14 55 79 77 52 72 79 17 17 70 1 50 35 59 40 28 81 75 79 22 55 34 65 30 1 90 21 4 18 96 65 54 55 35 16 82 22 25 91 34 30 31 64 96 90 34 39 87 53 9 67 55 50 72 47 89 76 5 68 96 49 54 93 8 52 81 66 66 28 41 69 
43 51 36 29 14 22 77 83 66 79 51 80 25 63 80 99 49 31 99 74 21 47 17 69 97 5 51 79 83 96 48 26 98 42 64 69 23 1 20 9 15 84 27 56 57 42 67 66 82 52 54 18 46 96 77 89 98 22 51 32 21 68 16 28 14 67 81 50 90 24 1 59 79 63 53 0 2 33 42 95 21 56 99 60 76 57 81 17 57 36 57 6 65 53 59 90 52 74 77 86 13 43 55 75 50 85 69 84 26 12 0 77 36 34 38 93 11 19 91 48 65 53 89 38 46 72 48 69 38 16 35 82 4 17 66 64 100 12 97 65 14 12 15 91 31 87 14 67 32 39 4 80 61 97 47 8 23 56 6 67 4 80 1 74 84 12 46 0 92 1 22 47 25 95 89 6 95 86 64 79 93 27 29 1 30 89 21 17 20 84 42 66 49 67 95 72 14 18 47 98 14 78 12 50 66 49 99 41 59 28 82 95 8 82 23 31 9 47 96 59 94 97 80 47 87 70 5 98 4 53 41 89 44 63 15 40 100 42 71 90 37 77 8 41 16 18 15 44 79 41 6 73 59 9 25 62 48 76 60 8 85 99 57 42 7 25 85 59 40 25 32 69 15 28 7 31 80 63 83 23 45 68 8 68 15 57 66 62 24 22 1 28 65 13 21 84 48 55 8 8 10 15 15 64 22 12 91 77 77 18 5 64 13 0 4 79 30 63 76 16 29 80 1 46 77 31 79 65 56 75 32 88 0 64 53 32 54 8 85 36 30 67 27 69 95 7 20 20 69 84 88 92 75 69 25 96 52 51 64 4 43 5 24 51 70 35 90 8 67 43 84 17 67 52 35 59 11 85 86 16 12 98 67 30 62 59 52 94 82 78 10 78 41 76 83 83 44 22 57 88 22 3 94 66 56 51 53 69 63 42 86 38 2 17 37 62 23 89 62 34 74 71 85 57 8 6 2 96 62 51 8 87 4 37 29 35 24 25 39 55 62 85 69 38 65 16 69 58 1 81 13 0 71 28 47 11 28 46 72 100 71 27 69 12 65 41 58 36 21 48 1 54 57 27 84 48 91 69 12 65 5 44 33 88 1 72 64 71 52 35 9 20 20 45 11 81 24 66 48 96 
95 19 57 93 99 80 57 33 41 22 88 94 100 72 12 25 11 14 71 59 3 26 9 100 76 6 29 36 1 92 56 65 13 95 59 20 78 70 23 1 18 46 11 45 55 71 46 80 51 33 96 18 51 13 21 47 90 31 29 97 36 86 34 3 71 84 89 93 6 15 1 33 70 60 42 13 11 93 99 93 58 84 9 9 14 30 35 87 13 44 33 48 16 89 89 68 37 95 62 83 76 95 39 94 30 41 65 38 76 43 78 79 21 86 71 4 78 25 32 45 77 3 2 64 11 58 61 90 41 65 40 87 3 56 87 16 31 42 57 89 66 16 20 15 41 98 77 79 41 52 6 59 39 98 65 81 87 76 52 60 16 22 68 24 62 37 19 56 4 76 55 97 43 46 71 77 50 99 42 12 3 76 52 9 23 15 98 75 50 4 59 67 17 90 15 45 59 0 0 53 86 79 69 80 87 56 47 55 10 40 9 29 72 57 74 81 21 32 67 63 16 53 47 24 95 41 56 33 17 21 83 11 63 79 74 98 51 68 89 50 38 86 34 80 47 37 61 42 22 92 98 80 45 2 80 9 3 1 90 70 36 86 54 10 60 11 71 58 31 95 35 39 72 39 65 93 46 13 80 70 49 70 27 32 66 80 11 68 99 2 22 92 80 46 38 56 80 64 37 56 75 61 36 13 42 88 6 12 56 41 21 76 41 98 34 4 40 65 16 6 18 93 85 45 59 82 15 47 38 27 20 1 87 48 25 51 21 1 3 45 71 58 74 7 53 73 70 23 19 93 54 68 62 27 39 89 71 81 92 12 88 63 79 95 79 85 57 73 37 27 94 16 5 8 12 89 47 60 15 90 82 29 93 61 67 47 41 83 86 82 37 14 20 73 78 9 33 38 10 20 87 9 49 20 51 7 19 74 77 74 90 87 66 31 84 33 76 80 54 93 73 23 67 31 43 83 56 23 34 57 19 77 20 90 14 18 74 34 54 48 79 79 12 85 81 5 34 47 43 70 9 64 42 6 22 13 87 60 60 1 41 13 100 61 82 70 31 66 52 29 90 26 41 26 96 69 5 51 42 29 37 75 29 80 2 82 82 28 84 16 87 8 54 38 13 98 62 80 50 2 
52 58 30 66 90 13 19 4 55 40 39 47 66 56 38 46 73 13 42 34 2 40 44 15 52 72 34 72 40 57 91 95 58 40 15 30 87 53 14 55 49 59 23 64 43 44 15 57 64 68 8 77 1 27 34 65 21 53 39 85 70 76 36 1 11 87 58 96 12 50 47 16 8 50 9 66 83 56 31 45 32 27 77 0 90 56 27 98 48 61 94 26 73 77 58 58 9 40 81 42 12 40 77 2 59 60 16 59 50 47 40 26 51 49 44 63 83 93 25 6 58 88 54 32 96 74 81 53 92 99 40 41 48 29 95 80 19 69 62 87 75 57 45 37 51 52 76 74 29 98 99 15 53 29 79 100 42 55 33 21 70 78 45 82 11 10 1 77 32 8 67 43 44 36 34 82 89 37 14 25 29 38 24 41 84 43 93 3 35 97 90 99 36 65 33 39 19 74 60 62 91 40 20 10 14 59 82 44 34 93 84 21 41 95 17 66 42 64 72 35 75 31 20 95 65 40 97 31 97 85 25 50 17 24 3 55 55 11 98 83 76 26 2 96 34 94 48 93 72 100 58 96 97 20 91 31 60 64 67 16 43 16 41 38 11 67 17 58 50 64 91 34 9 48 90 87 60 93 75 45 51 97 97 75 76 23 88 59 70 50 97 60 78 71 35 7 0 75 4 53 22 3 35 66 11 41 55 100 79 49 89 19 92 31 77 60 30 8 9 68 61 25 83 36 67 16 89 40 71 10 57 93 78 54 33 95 20 4 16 69 20 30 86 87 84 35 3 42 40 51 58 81 64 65 86 74 67 67 11 9 55 49 45 42 35 33 58 90 94 94 100 44 58 46 20 45 93 21 39 20 46 63 97 45 21 46 47 92 66 34 46 53 69 79 75 38 63 12 15 24 45 74 64 94 63 77 42 18 57 21 11 55 8 60 31 75 92 60 57 65 10 58 99 99 30 46 28 84 71 78 48 65 50 45 38 76 64 43 47 35 19 80 40 34 93 60 41 26 57 13 37 59 7 34 87 14 81 94 7 6 83 29 71 26 62 70 64 16 73 39 90 82 5 4 24 88 96 89 69 59 36 69 27 70 32 82 50 83 39 8 22 68 27 75 91 85 37 84 26 12 
46 10 40 81 66 67 90 23 31 13 86 33 10 52 62 63 68 59 47 8 49 0 13 31 46 90 54 32 82 76 9 90 39 30 10 12 75 86 65 10 46 19 69 29 90 69 72 53 61 29 51 77 38 63 13 44 52 38 46 75 32 42 29 49 96 72 97 17 94 23 72 75 58 91 14 8 18 45 17 67 17 30 50 66 76 44 84 74 78 26 58 58 54 88 1 93 29 77 97 58 30 92 42 77 42 67 47 56 89 56 6 34 86 69 22 98 70 14 79 25 74 12 87 40 21 9 53 52 17 85 60 0 2 1 9 50 58 61 25 61 20 62 60 17 53 83 5 13 15 76 64 11 56 79 63 73 47 58 57 77 87 37 55 36 88 52 36 94 37 17 7 50 87 35 32 20 40 81 67 87 95 50 74 80 34 72 74 28 26 67 25 89 93 90 42 35 5 35 75 80 99 93 20 36 51 24 13 99 9 50 73 97 28 75 82 89 48 16 35 61 18 95 69 53 81 49 83 28 15 91 50 24 82 41 34 85 42 45 67 6 41 85 24 27 75 98 7 55 74 94 34 19 1 85 72 53 94 80 85 57 20 71 94 5 20 11 97 2 24 38 92 75 84 85 34 49 51 42 76 8 56 13 64 94 89 81 97 63 74 78 33 47 12 25 37 96 32 77 87 61 61 38 22 22 88 86 32 31 86 41 43 8 41 99 88 42 44 2 68 12 97 42 10 89 1 70 69 45 45 42 25 34 72 20 18 45 44 82 85 17 9 4 9 28 10 69 98 58 34 45 16 39 31 6 31 6 47 5 16 11 26 48 12 97 42 84 50 4 17 35 42 96 28 13 19 60 63 14 29 64 9 66 14 24 54 2 84 38 53 85 88 98 89 60 17 23 38 62 88 78 90 84 87 99 99 43 4 37 81 53 54 2 72 58 25 34 91 23 48 65 88 69 65 28 31 90 100 23 46 35 91 51 7 95 3 88 57 42 67 62 71 70 80 74 88 27 32 6 61 14 80 14 61 73 66 90 85 64 57 13 64 64 86 7 78 42 53 57 28 40 74 42 15 38 59 17 71 52 18 47 49 59 83 73 76 25 24 89 30 82 94 9 27 55 97 6 98 44 27 82 
31 14 4 5 68 3 89 33 62 48 59 70 16 6 25 6 98 62 83 48 73 85 79 75 81 47 9 4 20 84 31 98 1 94 13 75 7 1 82 55 18 38 58 85 45 69 75 49 24 21 11 68 62 70 75 49 98 23 0 77 7 93 32 37 81 58 60 74 35 81 17 36 18 79 98 11 11 82 98 27 93 79 26 21 81 17 66 34 48 23 57 45 31 38 62 7 33 4 82 64 16 9 52 12 87 53 66 86 90 20 65 47 68 95 21 100 68 20 31 59 28 14 18 72 50 23 97 96 2 63 10 79 87 68 57 52 98 100 42 37 77 92 53 67 92 85 93 38 51 43 45 97 65 40 8 37 58 53 71 82 48 81 88 97 44 70 1 95 29 36 48 71 48 34 34 2 16 96 38 84 62 8 98 82 87 54 37 57 27 25 59 1 20 19 21 8 14 15 92 98 92 28 59 56 94 91 47 89 69 26 91 93 73 82 68 70 16 49 29 67 17 86 65 12 16 57 24 30 35 30 2 48 71 19 61 5 24 54 76 69 64 67 32 86 89 83 52 86 56 4 32 25 39 52 97 91 32 20 87 78 43 90 76 64 96 69 39 67 50 99 44 66 80 70 0 93 12 82 27 20 10 27 71 14 80 69 34 83 42 79 53 34 8 2 15 39 3 17 79 74 83 62 80 46 74 13 82 22 68 68 59 49 56 66 0 65 5 52 89 14 60 82 39 6 23 31 18 68 68 75 69 30 17 80 27 31 20 87 38 28 2 67 65 63 82 87 59 85 39 49 81 63 31 39 84 31 92 12 87 67 52 61 55 72 95 70 59 24 68 8 86 87 94 47 69 84 75 83 36 57 65 23 13 72 5 41 86 6 58 25 39 32 66 83 68 8 43 99 14 11 0 42 28 38 100 20 4 25 20 94 31 60 94 70 29 30 13 19 38 70 37 39 96 33 65 81 57 21 82 84 47 42 21 94 35 61 32 29 96 7 83 54 43 40 31 35 14 46 18 4 37 91 78 39 58 91 78 56 40 61 100 1 66 61 99 2 84 67 85 4 97 10 17 96 54 76 94 9 22 56 35 90 70 99 13 53 86 55 66 78 47 59 62 43 93 99 60 69 47 78 
18 7 89 70 69 26 7 74 20 38 18 45 67 11 99 56 70 53 16 31 74 31 87 75 48 8 65 37 9 63 41 19 47 20 98 84 98 44 58 31 72 94 54 19 54 33 8 73 5 81 72 46 97 50 79 78 53 16 74 53 52 99 52 13 95 2 8 31 4 60 86 86 52 73 30 90 53 40 77 21 9 50 41 12 80 60 64 56 98 32 76 31 11 49 68 33 72 83 26 7 68 71 59 33 68 46 9 13 30 44 19 81 81 93 99 29 59 66 98 41 4 65 100 0 100 98 62 4 82 44 45 93 22 73 44 46 95 80 16 81 39 10 85 23 24 92 66 7 69 51 95 18 84 13 75 18 50 90 82 59 23 26 67 16 21 28 20 40 71 0 1 45 65 100 49 99 68 57 8 72 38 8 90 51 8 55 21 61 9 77 24 54 68 91 10 3 62 81 55 37 1 37 60 72 17 13 16 86 61 95 43 73 59 29 10 53 94 26 6 2 17 52 2 68 9 11 99 8 93 17 53 92 24 71 79 19 63 53 30 47 55 64 30 68 69 71 15 44 37 77 60 6 100 100 3 70 45 48 32 71 31 10 52 49 83 95 97 37 39 45 75 27 36 15 65 95 51 75 76 3 11 23 12 50 1 76 10 8 0 74 26 51 53 18 28 48 81 26 97 58 77 87 9 25 43 9 99 53 67 64 1 77 82 79 91 65 74 50 38 43 62 66 69 94 51 70 17 40 21 74 83 40 15 71 73 78 14 44 35 30 42 61 96 47 100 7 44 94 59 37 57 84 9 89 47 16 69 83 52 21 90 71 68 43 86 39 21 45 97 35 70 88 43 94 14 76 69 98 96 47 24 34 13 22 63 0 65 90 67 47 28 71 45 33 56 62 50 44 99 75 23 72 26 6 76 2 6 6 33 95 40 31 29 43 23 55 93 65 91 49 53 73 76 93 0 10 35 73 27 37 54 35 99 45 56 18 94 72 73 20 21 39 44 8 65 58 8 80 63 88 28 92 27 86 32 25 87 67 56 60 48 42 1 80 28 96 58 12 34 25 0 21 1 3 65 45 14 49 97 91 20 17 85 7 97 3 54 2 73 92 11 80 59 9 43 72 87 19 59 33 
32 56 18 82 3 30 94 85 33 25 0 98 49 7 38 90 22 67 84 17 30 80 14 27 71 80 29 18 81 27 83 21 82 30 0 79 13 78 90 54 78 29 64 95 69 6 57 34 66 97 37 8 34 59 75 6 88 27 22 42 41 51 44 93 76 40 17 64 63 86 18 88 13 98 32 20 66 98 52 95 72 32 8 36 73 88 51 69 99 90 14 80 88 98 3 60 87 75 9 37 75 64 96 93 64 63 3 17 78 7 76 88 93 40 28 71 35 22 55 94 14 50 30 3 65 22 93 48 91 63 21 59 51 0 63 1 21 50 76 73 20 47 66 31 61 63 95 68 84 39 52 88 21 68 49 1 86 7 91 40 20 39 8 70 69 88 85 40 37 77 35 47 31 67 54 57 13 13 34 54 58 49 12 46 86 87 36 12 59 90 36 60 32 92 71 62 64 61 47 59 79 36 93 82 49 86 19 12 0 54 92 52 4 22 48 92 10 77 84 61 10 26 97 76 75 15 20 89 32 71 28 42 59 8 86 56 19 40 18 20 45 64 54 50 72 43 100 35 60 90 77 4 90 77 89 76 87 12 12 61 13 62 33 26 72 22 61 100 7 28 79 68 13 13 18 95 51 98 77 27 79 69 95 8 84 18 12 14 80 98 83 83 79 86 67 44 23 62 7 70 45 30 64 81 10 3 96 1 59 88 53 30 63 7 86 16 92 34 9 74 49 82 62 50 85 51 66 51 48 42 96 17 49 76 26 79 12 79 75 20 73 80 4 42 82 30 19 0 78 97 83 86 83 35 50 8 0 41 14 74 65 87 69 21 22 9 41 34 42 51 1 14 52 29 4 50 45 26 94 37 76 10 43 18 55 24 82 49 19 20 92 8 8 71 43 41 88 85 5 73 29 15 70 13 1 19 4 45 42 90 82 96 11 88 52 41 79 78 59 73 98 11 71 62 23 52 32 44 100 99 75 35 90 4 87 66 85 3 71 62 28 63 96 35 69 34 51 96 93 41 54 13 23 9 46 43 64 12 79 0 46 3 78 48 0 75 21 87 68 45 48 62 95 5 75 2 48 63 88 79 19 54 44 71 81 70 29 81 34 74 48 60 76 50 58 1 59 6 35 3 
75 95 55 99 63 66 92 13 54 35 62 40 53 11 19 68 19 54 39 4 82 69 27 91 71 96 73 81 15 87 56 48 30 47 6 25 48 15 16 14 57 16 92 15 56 48 46 63 61 15 65 0 74 49 27 100 36 26 76 23 18 86 39 54 83 25 38 31 91 58 59 53 55 95 47 0 42 32 100 32 62 53 61 4 58 77 63 23 40 91 66 32 17 20 83 16 18 64 33 51 59 4 42 76 28 84 32 17 3 66 63 93 6 100 11 3 21 15 59 67 10 19 64 68 92 56 93 87 0 42 91 25 88 27 61 33 18 81 98 33 67 86 83 49 35 71 75 20 76 43 13 11 84 7 94 31 26 80 63 36 24 54 39 65 43 25 90 71 57 38 76 41 29 82 17 66 92 85 37 51 72 60 25 59 72 91 26 12 50 97 19 57 32 44 9 64 65 25 77 66 34 56 31 45 43 2 71 44 21 63 48 5 77 95 16 98 83 67 39 49 4 90 15 43 86 89 47 59 59 98 59 24 62 22 52 63 0 75 21 50 4 54 65 82 28 52 36 43 52 81 40 75 71 78 54 100 28 49 39 67 74 90 27 79 10 57 56 30 95 60 56 81 23 44 100 65 52 11 35 95 78 9 96 55 38 91 58 77 54 59 26 72 22 39 79 61 43 91 75 79 89 79 66 31 8 90 5 3 83 57 77 34 21 41 67 74 62 29 93 83 26 36 6 73 91 99 30 100 32 20 72 32 45 34 16 56 61 2 43 72 56 40 73 62 52 3 52 37 28 98 7 58 49 63 75 5 11 60 87 25 68 84 54 64 10 18 58 74 2 85 75 28 36 36 45 71 11 86 93 94 87 76 35 41 21 72 96 19 11 43 94 95 82 78 39 28 94 37 4 9 13 32 90 18 11 53 10 1 47 72 52 17 21 50 88 88 64 6 97 17 64 97 61 99 29 88 35 37 26 64 72 7 21 33 71 65 38 81 56 92 83 18 43 73 42 70 62 41 69 8 18 76 3 24 84 20 94 16 88 67 18 51 87 20 10 22 8 47 96 92 28 58 29 86 3 67 32 32 84 25 10 1 24 8 50 23 2 54 38 34 19 84 62 1 64 71 7 4 59 83 
48 25 75 62 39 73 92 37 99 34 92 95 2 100 19 41 33 56 5 94 62 76 46 75 11 8 47 25 27 79 51 97 35 87 41 27 14 48 47 96 7 53 97 75 26 87 73 76 65 57 30 96 97 19 65 63 22 84 43 3 37 16 8 67 100 36 77 28 73 98 73 36 94 45 13 65 43 91 44 1 43 11 64 92 57 49 37 38 14 13 8 93 8 79 50 47 68 59 85 68 17 13 90 79 65 72 89 68 35 57 29 59 79 27 89 14 67 55 95 89 55 48 93 98 49 75 87 46 14 25 28 68 25 99 41 33 80 67 12 1 74 91 27 13 16 49 10 21 87 43 41 6 66 38 76 73 48 92 2 7 42 40 14 96 12 23 65 7 92 51 10 16 70 13 90 81 31 50 64 98 45 5 78 56 4 3 77 53 25 66 53 26 7 87 13 3 57 69 53 96 96 5 97 99 99 88 91 27 50 5 38 35 63 63 81 75 52 94 1 14 50 39 99 95 95 95 9 17 95 60 43 36 68 83 89 97 44 18 72 45 52 72 20 60 67 93 58 26 30 17 58 19 50 32 21 88 63 53 31 23 97 90 37 17 68 24 14 83 58 61 100 5 42 31 21 65 22 51 41 75 85 32 83 18 10 14 62 29 64 90 57 92 82 48 90 52 7 0 85 53 62 12 83 51 51 95 41 30 58 91 3 59 59 36 15 75 49 77 65 84 32 98 99 66 49 30 58 35 96 74 84 48 41 10 4 32 75 30 34 47 14 26 51 18 100 10 40 61 27 64 62 45 98 29 62 35 36 27 100 95 72 18 75 58 2 63 35 54 20 26 13 8 10 31 0 4 21 100 3 5 92 99 69 42 1 75 84 7 62 67 80 51 74 99 71 40 57 17 71 88 52 3 83 41 64 15 75 7 62 14 12 68 33 70 82 13 45 74 18 70 19 49 18 63 1 17 64 44 42 77 41 10 3 89 46 96 4 53 100 43 24 69 3 72 93 2 18 68 2 10 92 86 12 6 37 34 80 86 21 18 14 20 7 21 82 99 97 24 65 50 27 98 2 56 79 17 93 16 54 22 46 34 93 40 76 48 1 98 64 16 35 91 30 5 98 53 14 82 71 57 
9 94 59 62 39 74 8 33 1 62 98 83 76 19 51 17 94 61 4 5 42 85 48 32 68 18 47 90 41 3 27 49 39 30 11 8 23 77 87 21 68 89 92 36 39 57 0 94 67 24 51 13 3 93 20 78 76 4 60 37 27 75 16 34 9 88 81 73 30 49 57 8 25 86 47 10 60 57 62 41 91 15 37 59 0 35 23 87 5 35 82 54 23 91 12 40 0 56 85 69 64 93 17 27 53 39 90 1 96 71 58 50 75 96 15 100 100 97 87 16 71 35 31 100 5 79 44 43 59 77 65 37 9 1 30 7 16 42 51 40 65 57 9 78 80 61 96 81 13 67 33 32 76 31 45 6 21 17 4 67 1 6 8 85 1 67 64 31 24 71 36 75 3 22 70 69 92 18 42 6 51 53 64 49 97 44 99 23 15 71 48 45 14 30 38 94 65 48 12 80 42 0 71 69 52 21 80 0 6 95 34 13 95 3 95 1 57 83 11 98 41 37 50 59 4 18 86 93 7 80 10 63 92 23 53 44 38 94 62 97 59 89 21 50 98 52 93 55 88 86 90 100 83 28 95 26 28 43 15 59 98 55 38 69 0 80 20 63 66 67 47 29 47 80 41 79 5 97 68 48 7 62 8 30 14 3 72 78 74 79 50 13 65 45 55 43 17 52 37 25 85 57 53 74 51 20 99 43 69 89 37 27 56 86 56 29 90 27 90 45 16 96 81 90 94 39 44 16 33 21 12 69 24 0 97 11 35 49 28 62 83 33 49 90 62 22 19 89 97 20 21 54 84 11 70 50 29 87 27 66 76 85 15 52 92 49 52 50 50 90 35 51 70 80 63 48 50 28 89 63 81 38 85 79 28 10 80 81 24 91 95 36 40 49 62 90 60 82 24 86 83 11 52 96 83 85 35 76 61 66 76 90 17 38 56 30 73 8 77 97 25 19 88 18 72 55 45 50 100 24 90 86 24 2 37 47 25 37 31 85 38 57 28 8 33 81 42 97 23 88 28 16 18 91 7 76 90 22 98 29 98 34 45 72 53 78 84 0 23 8 82 42 74 84 84 90 2 87 4 5 96 68 65 78 9 22 50 80 43 90 5 49 79 85 4 2 74 33 79 29 
11 32 50 33 57 3 76 85 47 23 14 100 45 71 49 27 58 48 15 51 8 40 21 64 4 88 59 28 94 11 23 23 1 10 59 51 55 0 3 50 59 67 94 56 47 88 23 58 82 94 75 62 13 93 68 22 21 45 68 50 81 11 8 3 76 88 69 88 76 40 60 89 26 58 73 26 60 20 5 67 98 81 71 67 55 51 94 40 23 22 48 61 0 18 18 79 58 90 87 8 22 97 77 21 34 32 3 3 74 40 7 27 82 20 11 53 53 9 44 4 8 31 22 88 79 53 19 61 42 10 19 38 28 50 21 23 4 41 97 48 97 17 49 66 100 14 23 43 96 61 80 12 36 89 59 50 80 83 68 9 65 97 75 77 14 87 86 2 70 58 25 62 20 2 55 23 45 68 85 32 88 86 51 7 34 89 9 47 19 99 31 36 97 42 23 86 46 76 39 44 82 81 61 90 0 39 4 48 14 93 13 40 79 42 42 91 14 47 3 22 87 17 63 72 34 89 78 61 81 96 28 36 11 56 15 89 83 93 46 19 52 60 67 89 35 5 10 25 80 65 70 87 10 50 23 7 74 39 13 3 69 45 13 100 12 51 35 65 54 26 38 74 7 79 42 30 1 41 42 82 46 27 1 56 11 63 99 3 11 80 56 19 55 92 62 98 69 22 37 90 49 97 0 96 14 86 40 12 26 36 54 60 38 76 78 80 10 29 2 18 20 23 77 2 5 86 42 55 25 3 11 19 34 48 2 92 91 1 33 30 15 7 58 52 20 10 40 35 99 44 80 36 64 4 42 23 31 48 63 2 61 3 17 93 47 78 2 50 76 76 88 49 34 21 7 94 70 81 21 63 73 63 78 98 41 41 74 85 95 20 63 13 38 93 72 35 42 46 77 85 82 83 10 91 36 33 85 90 85 68 30 21 46 22 76 38 69 53 64 26 1 39 98 97 56 15 92 34 44 75 88 62 8 36 11 9 65 18 4 90 12 54 91 29 32 25 61 59 66 26 94 92 62 8 39 98 91 24 39 29 72 83 26 92 92 55 20 0 79 93 53 31 72 27 47 54 53 72 85 2 100 50 45 31 97 24 38 88 73 13 51 97 26 20 77 44 58 37 53 75 
97 39 12 15 98 9 58 66 34 78 80 97 94 85 79 36 11 63 35 100 32 68 46 95 93 47 90 24 76 29 17 62 11 5 21 99 2 9 19 85 44 34 10 94 42 5 11 29 58 81 30 23 59 49 48 86 3 48 90 95 33 64 52 63 43 54 42 79 33 23 89 60 94 12 31 39 23 54 36 1 77 83 15 84 67 52 74 97 50 51 47 44 77 32 89 97 64 12 26 85 5 67 73 53 12 89 0 14 90 19 49 44 83 84 37 33 18 71 31 100 16 94 51 24 37 65 64 29 57 54 68 10 99 36 58 35 25 4 13 63 32 91 28 26 3 32 99 24 70 11 26 72 46 13 0 79 69 76 99 36 17 72 99 34 17 70 23 32 24 51 2 83 12 94 48 18 97 92 69 33 33 90 98 30 71 72 30 13 40 99 70 40 57 33 24 58 25 51 32 26 92 44 93 25 6 75 96 28 79 52 38 89 47 71 100 59 62 43 26 89 81 65 37 10 59 57 1 29 45 79 50 10 53 95 64 62 39 35 87 29 39 12 94 98 77 81 29 71 53 77 55 87 73 29 56 5 72 14 64 55 55 76 43 33 83 27 45 48 32 37 18 28 97 39 79 98 87 99 47 80 0 86 79 74 3 46 73 55 65 55 74 45 10 71 13 10 1 57 67 69 78 74 13 93 20 18 72 82 65 30 8 96 36 31 50 74 10 78 29 96 26 44 53 25 9 92 42 72 41 86 3 96 43 38 2 50 19 17 71 66 32 28 2 50 47 13 98 20 18 43 78 64 94 12 95 22 45 22 52 42 79 34 25 96 80 63 31 75 59 15 60 5 38 53 30 72 3 4 80 72 72 13 65 10 79 43 21 41 79 74 14 14 83 24 58 8 71 39 84 64 26 9 24 61 12 10 29 22 12 97 85 79 3 28 38 62 80 38 45 16 58 85 96 0 26 23 3 50 37 76 58 36 85 75 38 88 48 50 25 94 30 17 35 33 17 73 30 14 83 28 78 52 39 99 83 14 50 17 40 62 74 1 67 67 57 59 9 68 33 70 10 54 98 70 88 29 63 43 17 25 42 94 59 24 91 51 41 91 17 13 76 55 94 11 90 91 83 58 75 70 
31 59 20 97 76 50 97 74 84 13 67 73 83 38 97 85 20 59 6 67 39 69 36 18 24 59 7 9 32 84 56 86 20 49 45 69 95 96 67 72 93 19 73 45 0 41 29 68 39 97 96 87 31 45 72 58 85 13 44 12 14 17 78 63 14 35 74 19 92 5 49 69 97 34 81 80 41 88 31 13 64 33 27 83 33 85 52 1 9 9 45 62 62 18 17 8 85 34 6 32 72 94 97 91 92 89 80 88 73 2 7 47 14 17 62 76 97 97 63 23 37 86 34 7 71 82 66 61 63 5 66 100 72 88 30 5 97 22 74 85 83 44 13 73 94 34 3 84 17 89 41 20 69 24 95 41 2 48 99 75 85 15 26 85 79 33 62 89 24 57 47 40 74 44 15 78 60 23 50 97 38 45 78 21 30 61 51 50 42 33 31 56 62 88 49 7 37 44 70 19 44 55 37 54 61 2 64 7 86 0 48 0 70 95 68 47 86 32 97 78 96 65 89 25 63 92 3 67 71 85 7 60 74 5 37 40 12 34 17 15 43 56 96 16 10 67 54 21 92 95 3 2 99 82 95 19 72 73 78 15 26 9 55 37 77 15 9 45 55 60 11 40 59 44 6 87 58 97 67 91 74 51 80 1 87 54 97 17 26 80 84 1 64 29 30 46 56 26 3 6 37 38 53 6 45 73 17 49 46 16 44 80 94 52 77 29 22 29 67 82 53 97 59 78 48 43 18 26 57 37 42 61 23 45 62 51 92 42 45 7 49 37 32 52 1 15 11 88 32 43 39 98 2 76 45 90 71 82 77 70 90 81 58 96 19 84 35 53 66 5 47 85 99 64 15 80 61 41 82 94 77 29 46 95 38 56 5 44 85 55 27 17 82 71 49 69 96 43 42 36 61 81 26 54 3 86 37 73 44 92 72 41 13 7 60 10 73 84 63 26 27 92 30 57 64 37 4 63 4 99 58 2 74 74 22 72 9 26 60 60 41 54 22 31 13 51 78 57 41 24 44 41 86 97 28 71 0 47 75 46 82 34 69 68 83 57 23 57 6 31 52 82 98 55 63 4 45 62 15 96 60 39 66 99 64 42 95 84 95 98 34 71 38 9 100 10 27 59 11 96 
68 61 76 56 52 71 62 65 1 58 88 1 73 100 4 4 23 22 62 6 66 56 27 9 12 41 7 77 35 69 49 51 50 97 81 81 94 49 3 48 70 16 90 69 15 44 85 69 15 47 11 1 61 49 74 77 43 18 6 34 34 38 19 80 79 3 23 28 70 100 38 3 40 24 76 83 30 23 0 99 18 23 44 62 42 28 7 50 88 76 29 32 30 73 21 48 48 63 90 23 55 75 35 75 84 48 67 52 79 67 74 40 29 9 33 92 92 81 5 67 28 63 94 45 53 59 96 100 44 49 13 14 36 66 59 6 75 88 48 9 98 76 9 22 74 8 66 88 33 70 93 90 64 21 18 98 45 9 79 17 76 84 13 64 86 16 27 43 16 41 42 7 92 73 7 58 25 34 97 92 83 3 65 33 30 83 16 83 53 70 87 22 70 90 28 25 35 65 28 89 62 95 1 47 37 1 66 18 95 27 38 97 58 15 27 16 18 49 39 39 65 45 41 58 69 20 56 20 72 78 20 82 14 46 11 93 86 16 66 33 51 58 43 56 46 90 89 72 25 88 39 46 39 99 6 36 90 80 12 43 70 44 87 83 4 26 30 77 35 52 31 55 9 41 17 52 71 29 15 88 31 44 7 55 59 16 4 39 26 3 61 9 97 54 8 76 16 62 44 29 2 52 88 15 57 35 80 51 0 51 58 31 56 27 67 80 17 25 8 80 11 64 33 32 61 31 22 16 82 63 68 97 7 33 59 75 7 85 33 94 83 32 72 60 41 5 45 68 83 33 89 85 96 55 21 53 29 24 62 17 59 59 25 76 55 44 48 74 57 41 43 21 58 0 10 70 30 89 81 8 98 55 32 75 24 1 90 8 56 38 2 8 66 54 99 75 31 51 50 79 12 78 27 17 9 11 53 92 14 80 67 32 57 81 14 69 42 39 59 49 18 50 36 44 81 99 15 29 100 13 30 30 1 17 60 75 20 17 55 4 88 65 42 63 68 79 56 13 2 53 15 1 28 76 17 67 83 5 23 93 23 68 21 66 77 94 55 73 95 30 46 60 42 33 9 96 59 97 5 89 71 90 77 35 75 95 90 79 34 11 88 1 47 29 88 8 84 14 62 38 
72 15 31 38 23 12 80 61 45 40 22 10 87 23 49 89 75 16 18 100 28 49 7 67 15 78 15 28 2 72 34 24 79 24 9 29 55 55 94 41 48 68 49 81 71 88 53 71 97 71 69 86 30 77 50 26 18 15 71 72 13 53 4 62 75 21 65 38 41 29 43 18 89 61 93 4 64 49 72 43 48 93 60 33 49 59 20 39 33 14 50 37 9 82 60 88 38 52 77 87 47 81 20 99 11 77 86 55 32 33 37 80 66 47 20 62 7 50 82 81 10 8 65 83 16 76 66 25 56 96 53 38 16 33 77 56 49 81 74 95 0 45 66 80 94 92 63 74 62 58 52 57 13 4 54 81 14 75 62 69 2 78 19 51 93 53 87 98 79 4 89 39 56 56 19 15 57 34 71 62 81 95 98 4 28 39 50 96 26 79 24 3 73 14 57 90 35 27 7 62 61 9 3 83 76 50 54 18 79 89 98 57 65 90 89 82 41 63 88 53 0 4 80 2 56 26 32 89 26 9 40 45 93 96 39 51 71 57 4 58 87 72 23 85 55 81 49 81 20 65 32 15 11 69 74 66 53 15 37 82 4 74 87 23 47 29 40 73 84 10 70 93 7 90 7 41 71 13 7 34 92 93 84 39 34 20 30 19 45 33 88 79 58 86 31 32 12 97 51 11 56 81 11 50 87 15 52 18 21 35 31 0 37 12 47 14 2 86 29 93 81 72 15 58 28 99 90 35 13 20 92 57 93 92 7 69 93 70 33 76 9 81 33 91 78 44 33 55 86 39 71 4 65 79 62 45 27 19 88 8 35 72 21 18 87 68 81 80 38 19 90 50 10 6 13 6 7 89 72 64 93 44 2 69 78 45 60 5 80 10 62 30 7 4 36 46 5 84 68 2 89 11 47 70 39 46 0 77 28 92 0 63 77 85 4 47 83 59 3 61 72 1 34 67 26 21 27 52 82 90 90 51 2 45 6 27 58 7 90 8 19 69 5 66 2 20 87 95 30 81 31 87 26 42 24 66 0 75 18 90 43 33 57 30 59 12 6 76 30 34 86 48 51 66 25 19 1 17 65 89 62 14 10 99 18 91 18 94 67 36 84 79 99 45 94 98 77 44 70 44 
80 100 5 38 49 74 70 90 68 20 80 79 77 59 8 20 72 49 63 31 53 23 38 79 55 72 71 24 93 26 47 22 9 89 18 27 70 34 88 6 75 25 44 33 4 5 41 77 26 97 25 32 16 75 11 43 20 25 27 85 37 91 49 93 30 75 46 61 56 96 60 79 88 1 39 70 14 69 64 89 59 21 12 85 47 72 37 8 71 73 92 16 28 41 11 98 53 6 55 60 94 14 90 57 91 48 24 5 22 9 14 14 26 24 77 58 47 75 17 69 54 0 78 1 52 35 82 26 33 36 22 30 94 57 58 52 6 35 5 28 78 29 27 79 28 100 91 37 35 4 51 96 34 83 67 8 70 49 35 44 16 6 86 76 23 53 0 93 52 84 92 21 14 23 62 6 27 54 36 59 56 55 48 30 76 30 62 60 37 24 72 11 99 77 89 13 80 27 82 2 32 48 47 52 72 32 8 63 39 42 26 51 48 45 8 68 32 0 42 40 47 65 9 31 41 66 15 53 68 27 97 49 0 13 18 93 18 53 42 82 58 9 87 41 67 76 66 87 13 91 31 97 90 60 62 67 57 15 70 44 45 84 77 48 51 4 11 59 56 63 24 7 26 27 11 94 32 33 56 59 9 3 59 40 41 39 5 19 35 34 81 68 22 14 50 78 4 31 85 46 10 93 34 48 11 28 55 43 17 48 40 63 14 51 87 74 55 49 93 46 58 60 48 39 80 36 0 77 79 62 100 26 68 85 2 39 20 13 57 66 27 5 51 41 89 15 100 79 91 28 47 56 36 1 85 58 80 1 9 6 49 24 62 86 16 31 95 88 66 15 13 71 37 80 25 30 9 4 74 67 59 61 26 61 18 88 48 88 32 87 57 78 81 92 92 32 89 57 12 90 65 52 99 97 13 99 3 19 56 48 15 97 25 99 52 1 16 0 60 92 44 7 38 31 11 79 43 59 65 56 81 54 56 42 70 70 60 63 75 84 7 66 10 35 54 38 62 44 63 57 45 2 51 21 69 53 25 21 49 40 12 48 41 60 75 43 67 83 44 48 8 39 10 61 30 91 6 23 3 36 51 50 9 22 18 26 94 48 50 31 65 25 74 64 98 78 57 62 96 32 
1 75 57 39 35 8 46 46 7 54 34 52 7 19 29 99 3 85 94 42 97 48 29 90 45 65 98 11 95 37 71 60 32 80 70 73 32 80 63 30 44 38 34 97 16 17 38 10 46 70 73 75 57 96 54 4 36 57 17 75 62 27 93 95 6 32 42 47 18 96 5 26 74 32 70 7 93 14 13 63 57 4 76 54 51 51 5 51 75 37 29 65 14 14 49 100 45 61 56 74 88 83 27 54 0 31 14 18 21 94 64 15 69 98 67 67 69 25 0 59 68 57 12 29 25 58 47 43 96 47 8 92 89 39 41 26 1 19 0 67 27 75 14 13 22 25 86 48 39 72 30 81 69 91 16 82 43 22 37 60 37 31 31 80 19 35 12 0 51 47 21 64 45 56 44 66 52 1 75 58 45 90 41 13 37 28 1 0 71 51 18 69 25 47 97 41 5 11 39 68 1 100 1 71 19 92 31 55 52 86 42 13 16 15 26 79 55 23 50 44 50 24 3 99 56 84 5 5 35 47 50 37 6 11 63 79 50 79 27 5 62 94 18 20 77 68 76 49 59 22 82 89 72 74 29 15 3 32 76 54 66 29 34 76 36 23 23 61 90 36 54 44 72 56 43 39 0 97 59 43 34 12 55 58 94 53 72 36 21 42 74 66 43 21 32 71 72 78 70 83 84 90 45 5 59 45 32 80 77 16 65 49 26 62 87 61 40 88 29 86 17 41 87 40 1 84 44 98 3 17 38 45 27 60 77 4 13 41 58 41 63 85 7 93 62 100 6 55 25 86 96 87 41 66 86 47 35 32 78 53 27 85 37 33 47 93 54 65 88 43 50 30 73 53 42 37 40 46 27 61 87 88 69 61 47 68 52 87 22 66 10 8 13 77 17 67 56 37 91 60 30 81 74 87 90 40 6 44 10 84 100 95 6 94 94 73 64 94 22 93 12 81 49 25 66 99 42 72 59 28 34 68 58 34 30 74 66 76 54 6 26 96 42 8 12 10 57 19 7 77 75 18 39 42 76 23 56 94 31 98 4 93 19 5 67 42 45 38 35 41 34 22 92 60 90 28 29 85 23 64 32 85 57 0 60 48 96 8 67 95 88 71 91 40 56 82 19 89 39 13 
67 72 26 32 68 89 32 37 14 94 75 77 11 44 39 19 16 4 61 88 76 29 43 16 96 19 39 40 25 61 2 58 50 61 77 60 3 74 1 12 49 77 4 73 55 21 88 56 91 95 10 98 35 22 17 90 39 96 50 16 42 76 82 54 88 57 90 12 63 54 11 20 28 18 88 30 47 77 10 41 90 93 73 73 66 23 33 62 30 2 97 83 29 31 74 2 57 70 70 62 45 41 84 49 15 87 35 64 78 5 72 40 54 51 82 23 23 26 98 100 62 33 35 78 19 41 58 28 62 76 32 39 84 30 47 17 97 51 22 88 61 56 37 14 4 91 100 21 59 91 1 72 99 87 36 27 18 43 56 44 34 71 49 51 60 98 50 37 14 48 98 98 67 94 90 79 36 10 4 43 72 16 28 89 91 13 47 33 70 35 70 30 36 30 83 58 47 4 10 44 92 77 84 52 96 61 56 86 38 55 39 60 45 16 42 2 97 74 30 77 85 37 100 44 68 5 18 19 24 65 87 11 74 65 41 46 42 75 5 81 19 77 78 8 15 42 82 70 10 31 58 1 8 59 52 30 58 16 44 74 80 76 19 44 61 73 83 97 15 88 41 59 67 17 35 96 100 83 86 57 42 42 80 82 74 18 71 5 34 84 42 76 7 99 48 57 20 26 38 49 9 19 82 42 22 2 46 78 67 37 18 20 57 82 90 21 76 10 29 95 5 71 52 50 58 33 21 50 33 52 68 52 12 15 91 32 83 29 28 67 5 94 94 52 38 62 63 84 43 94 61 16 12 1 26 91 48 31 81 44 78 90 64 15 11 23 33 68 40 78 40 100 50 6 16 51 98 33 6 34 89 79 57 86 61 19 10 20 90 48 35 94 29 17 91 84 11 94 2 44 80 8 5 18 90 51 10 26 41 66 73 8 9 61 11 50 23 69 6 79 40 99 89 41 59 27 45 24 31 98 7 66 30 27 23 50 69 69 24 89 51 33 75 72 9 4 14 3 14 89 74 13 76 22 37 41 67 80 6 43 82 68 77 32 12 33 97 64 13 50 8 2 22 90 66 28 27 74 68 3 62 18 59 96 8 72 59 4 0 97 68 56 25 64 23 26 12 83 37 32 
94 82 71 21 43 95 5 51 8 92 89 42 43 43 73 84 31 53 41 19 23 42 58 93 75 66 18 37 56 61 1 34 78 22 20 2 76 100 56 62 38 64 57 89 83 7 24 66 81 38 41 43 96 78 8 92 30 100 75 4 78 32 53 94 0 48 28 80 41 24 9 78 62 58 33 22 61 91 67 64 13 69 45 65 54 86 97 72 23 65 23 98 42 34 76 82 95 59 5 5 34 2 41 74 100 97 72 2 67 95 50 64 43 37 67 0 55 21 34 30 57 82 12 86 14 14 22 5 34 4 31 37 5 72 9 3 12 97 56 47 91 85 67 82 87 81 22 66 90 24 71 80 37 0 71 34 49 96 31 74 44 80 23 39 14 16 45 80 82 41 18 80 40 62 43 68 21 69 36 98 85 40 2 43 85 13 21 73 41 94 6 57 90 55 79 44 70 37 74 56 31 11 58 65 28 19 92 64 43 33 95 68 94 81 36 48 32 57 7 79 63 70 52 3 82 30 32 90 31 6 28 99 65 37 2 72 28 60 92 84 100 26 79 7 80 26 54 55 61 7 13 64 28 59 58 30 45 33 30 34 55 62 8 0 89 68 71 59 42 45 22 78 65 59 18 44 32 79 82 2 60 14 10 29 41 24 6 89 46 5 52 93 31 54 46 41 47 8 31 27 91 35 55 41 46 68 48 50 62 34 7 1 82 50 82 22 88 11 21 66 3 94 100 87 67 99 79 92 84 24 84 93 74 20 62 59 12 23 25 67 46 0 23 20 9 0 44 96 96 84 74 13 26 47 20 31 16 8 32 36 1 73 20 64 46 31 28 95 77 14 87 8 17 72 37 39 81 66 12 84 12 14 73 70 22 60 17 30 86 69 12 34 71 65 97 53 97 71 9 100 36 28 38 99 47 95 93 49 99 32 27 47 72 22 43 40 84 50 100 30 12 11 62 41 30 28 74 42 9 35 11 72 90 85 6 63 47 94 0 58 47 71 100 97 20 100 76 88 68 50 61 12 4 86 48 79 51 27 73 50 85 76 36 56 39 1 46 95 95 15 68 91 94 58 80 78 81 63 43 40 4 4 78 40 10 95 6 38 17 41 79 87 12 48 35 50 3 31 83 89 
46 40 43 34 50 68 2 21 66 46 70 97 5 62 43 11 71 0 47 12 60 45 28 51 53 96 94 63 8 74 5 75 0 89 26 36 53 23 23 45 93 50 18 72 86 6 81 60 59 65 72 72 33 72 48 88 76 49 14 47 91 84 87 27 0 73 28 66 54 73 57 56 91 93 68 3 0 32 56 10 10 88 1 67 43 80 27 0 97 58 70 8 35 90 79 35 89 72 69 20 19 26 47 51 31 34 6 64 17 86 96 74 28 69 91 55 5 67 33 84 48 89 8 6 66 41 50 29 52 55 39 49 70 5 90 36 35 71 95 25 7 10 0 36 42 91 11 37 8 90 45 47 3 9 53 10 12 11 7 64 94 16 19 68 4 58 86 24 23 62 47 96 35 4 78 55 87 40 82 85 67 11 27 63 20 93 54 1 12 96 1 27 15 83 72 22 5 53 36 3 72 31 82 35 28 21 78 31 81 13 67 51 68 21 29 13 97 15 22 53 84 32 19 3 68 88 5 45 68 27 57 49 100 30 2 46 24 20 18 17 24 74 6 71 36 97 77 60 80 18 88 30 67 16 63 8 13 53 24 75 90 89 93 5 88 1 33 5 89 26 65 50 49 78 90 46 82 85 84 75 67 80 99 7 58 70 5 89 20 55 90 63 69 98 31 23 67 25 38 17 54 25 33 27 65 93 6 65 85 81 28 35 12 30 23 5 17 95 86 43 55 2 76 91 81 68 42 58 14 54 14 31 92 62 86 98 52 49 30 0 2 80 74 6 31 51 7 62 98 83 70 65 74 20 95 9 76 12 44 22 57 64 62 39 19 92 46 4 15 31 96 84 18 14 52 39 96 91 45 72 53 29 7 45 57 45 92 97 98 22 27 68 35 29 69 97 62 4 22 94 40 83 50 92 98 80 11 37 67 100 31 81 85 36 40 36 6 32 4 91 51 76 20 1 77 80 99 64 48 96 65 5 84 75 88 78 38 86 83 49 14 72 34 15 61 16 62 87 78 31 81 72 49 10 20 61 16 48 77 43 8 63 11 37 2 50 46 2 60 48 90 45 100 21 43 97 36 18 31 31 58 53 34 27 79 7 54 30 13 4 41 18 23 53 61 82 72 40 17 67 
56 51 99 3 41 74 41 79 60 50 60 22 69 21 28 90 52 24 22 67 46 31 51 2 36 80 80 34 24 66 31 58 91 39 70 62 48 99 63 59 41 12 63 11 75 30 73 10 99 48 33 38 84 51 35 45 19 88 1 4 47 99 41 84 59 12 77 82 45 94 56 56 55 17 36 67 62 67 67 89 6 61 60 53 15 49 28 37 21 51 82 32 50 15 11 82 28 100 50 52 39 91 29 67 28 16 6 89 41 88 8 29 74 26 40 43 55 92 60 6 79 20 6 81 34 84 44 84 95 100 4 24 16 44 78 33 3 89 56 30 60 60 66 28 42 60 42 59 60 48 2 77 67 15 99 10 67 57 81 28 25 64 76 86 99 74 81 22 47 17 40 88 41 11 0 85 14 96 59 74 79 78 8 67 84 28 57 42 59 61 51 69 7 99 34 10 98 50 13 57 79 20 37 26 62 39 69 56 14 36 100 17 9 18 9 2 83 10 2 79 40 17 0 67 0 25 59 46 41 59 19 3 100 10 69 35 15 42 23 62 40 1 31 49 89 43 29 31 25 67 11 66 24 92 87 55 80 21 96 71 14 97 57 25 56 72 6 53 56 72 91 70 47 32 13 59 6 62 15 27 14 55 38 72 61 20 34 65 26 67 50 83 79 44 20 66 82 4 90 26 24 23 13 11 81 70 93 41 20 78 70 65 96 0 11 35 42 28 95 64 10 5 25 60 40 80 35 64 6 100 28 77 56 90 100 93 72 45 5 82 100 93 69 25 17 90 19 12 44 3 23 1 43 64 17 21 55 21 9 8 50 51 52 64 21 59 87 28 67 11 73 8 25 41 82 76 19 64 8 1 37 74 54 61 86 64 9 22 39 59 46 47 41 70 43 72 10 11 40 48 76 33 36 0 89 84 34 2 81 69 6 54 29 82 82 94 81 88 64 70 94 32 26 9 25 79 22 72 78 43 11 77 41 82 5 62 63 25 69 42 1 44 62 45 88 6 83 89 54 52 43 57 85 92 46 5 95 87 97 14 66 68 75 80 69 5 33 84 26 50 0 11 93 63 33 78 65 87 22 91 12 45 48 28 62 97 96 93 85 72 42 59 58 77 14 72 89 85 81 82 
96 41 4 61 82 55 18 11 66 7 35 84 90 79 17 94 73 59 46 28 39 8 77 67 53 52 71 29 96 61 85 98 19 19 71 82 88 99 77 47 59 49 38 76 47 77 50 74 15 64 91 96 82 69 1 51 24 45 20 35 84 16 12 1 0 6 98 58 30 3 87 18 63 76 97 100 26 55 15 39 80 95 1 54 21 57 15 62 67 22 53 42 53 10 75 13 56 27 20 55 35 94 89 22 27 83 48 17 65 62 74 81 74 57 25 69 50 70 4 6 85 50 60 9 0 18 82 23 59 38 74 61 98 92 83 15 42 3 80 86 60 93 9 50 56 95 91 67 65 2 18 11 6 25 36 84 24 47 31 16 82 6 36 33 6 21 5 37 8 59 68 43 72 91 64 48 10 87 4 88 72 2 23 60 69 26 53 55 73 3 17 12 92 35 68 55 83 21 25 71 7 93 22 41 43 33 59 60 96 1 1 52 51 4 86 23 64 46 8 82 97 37 3 2 66 97 40 31 36 0 42 96 61 20 83 47 0 5 66 54 48 50 37 54 70 71 53 8 46 62 0 21 83 79 9 50 84 96 55 37 92 100 68 27 38 47 38 87 43 44 0 66 64 55 77 61 48 23 45 18 18 87 73 100 56 18 4 79 79 68 0 22 79 8 9 0 85 22 58 26 14 89 44 9 80 36 50 57 66 53 85 47 13 100 6 86 85 23 71 71 36 79 31 3 22 49 1 40 42 98 29 64 13 16 75 0 48 100 75 59 47 71 70 14 52 94 15 23 39 79 24 10 88 71 15 77 43 4 41 1 43 96 27 23 85 96 63 64 63 13 76 97 27 43 2 66 11 75 3 22 18 13 5 55 45 96 90 76 22 11 60 93 46 74 98 38 84 59 39 77 8 11 75 38 82 23 18 54 14 23 23 94 90 68 1 79 8 34 49 17 28 65 35 30 80 25 20 21 77 43 18 19 76 73 98 53 99 69 54 54 81 6 25 16 60 30 65 76 43 60 88 10 66 88 85 58 98 99 96 45 15 97 31 86 100 43 77 74 51 75 24 47 51 17 36 89 56 68 40 30 85 65 10 74 23 54 57 49 49 71 90 89 73 37 20 81 37 84 1 7 
100 91 34 30 85 8 51 57 31 32 24 16 14 77 5 18 86 16 14 59 50 76 4 31 34 44 3 52 38 60 21 59 4 17 47 62 32 78 82 83 73 74 45 86 37 53 68 72 23 54 52 62 24 61 88 11 54 90 26 16 75 16 85 41 61 46 72 64 84 30 54 84 21 31 91 14 83 33 42 85 62 56 77 19 81 65 7 92 12 11 86 61 8 62 24 67 58 6 39 29 82 31 60 49 11 39 56 87 65 16 11 65 94 91 28 1 24 47 4 17 57 85 28 91 90 22 56 34 62 16 100 22 82 10 98 1 84 87 53 91 62 84 72 73 15 87 41 21 72 70 3 87 3 91 92 72 1 24 50 52 8 14 36 100 2 54 99 72 24 75 81 89 42 2 2 9 81 46 96 16 65 88 71 17 97 35 60 25 21 99 7 15 0 34 69 92 12 53 10 41 66 83 74 85 32 76 56 18 27 38 6 46 54 8 38 55 47 67 63 10 44 72 87 68 14 2 62 11 9 89 0 12 58 62 88 96 92 7 22 48 10 83 28 43 45 42 60 16 59 35 80 4 26 31 76 86 39 77 66 57 57 24 63 36 56 12 67 34 7 49 49 49 82 54 72 88 31 51 65 83 33 62 29 89 89 7 98 62 72 69 44 69 78 23 72 51 80 66 30 15 55 73 28 95 96 10 42 99 86 18 92 50 6 15 62 72 72 70 51 83 78 44 54 9 33 32 58 67 58 17 10 55 83 60 46 56 5 82 96 11 48 54 21 53 88 91 34 26 27 30 65 58 62 91 33 38 4 78 51 77 80 19 6 93 72 88 97 71 19 72 50 82 42 68 58 76 89 87 30 34 25 44 10 29 46 2 42 37 70 79 88 88 11 18 68 31 87 100 20 99 5 76 9 93 10 14 23 17 87 69 33 92 74 39 45 76 32 9 79 68 24 19 21 53 47 68 73 29 39 30 2 43 44 88 67 67 84 80 81 19 41 39 86 93 25 98 95 61 41 39 33 54 22 30 57 46 17 3 52 14 71 78 66 71 76 7 11 89 23 71 16 94 75 13 57 55 11 47 92 74 87 6 90 38 44 5 67 84 97 24 96 13 76 58 58 51 93 50 90 10 
35 76 26 98 9 72 49 9 98 99 94 26 12 18 75 12 79 75 10 41 69 10 22 82 15 46 94 37 2 3 5 48 79 96 94 46 84 78 89 62 65 57 43 67 55 59 87 25 29 62 98 54 61 74 68 15 53 53 45 15 22 44 55 70 39 77 12 66 49 14 86 6 0 7 68 43 20 76 88 93 26 70 9 77 98 90 88 76 92 1 2 95 64 34 18 29 46 25 55 74 53 47 83 34 43 17 17 92 3 6 30 14 67 39 56 63 55 92 29 87 17 10 20 22 4 74 61 80 70 60 76 29 44 92 97 9 10 25 83 66 44 59 78 100 97 80 50 53 91 42 34 57 90 6 21 63 32 46 16 77 93 20 48 58 42 1 13 40 28 87 73 18 87 68 98 59 6 14 3 29 56 20 83 76 80 6 57 50 13 84 64 83 94 17 92 99 2 16 99 63 19 56 34 51 35 39 38 34 22 68 57 41 65 25 96 15 12 41 36 56 83 74 98 4 98 40 93 1 93 96 83 60 50 86 25 21 52 3 55 58 56 65 9 0 16 83 45 31 30 40 94 68 12 87 3 68 73 54 65 95 26 22 43 4 61 52 2 100 44 98 70 8 40 47 97 6 96 24 47 89 20 68 36 93 9 9 21 72 92 10 95 56 34 92 99 80 38 40 63 78 85 33 47 93 69 88 36 57 58 80 18 99 93 80 21 63 74 97 94 92 82 6 68 66 25 35 82 92 37 29 43 14 20 51 76 86 83 53 97 5 94 57 100 72 54 98 37 47 25 5 20 17 44 49 89 11 72 97 0 40 23 45 37 97 77 55 18 8 58 91 25 30 52 4 64 38 100 60 59 28 24 81 17 72 36 62 96 91 48 42 61 84 50 73 66 39 54 42 51 69 91 50 86 79 91 61 88 34 32 34 65 96 91 74 58 97 68 44 6 56 74 85 24 88 1 42 28 89 83 60 32 88 40 50 32 89 18 57 66 95 22 47 31 63 15 97 5 99 63 82 1 62 84 30 64 49 8 44 99 18 91 16 16 64 38 14 42 3 56 65 26 60 20 6 8 92 24 8 23 76 58 25 18 69 17 47 63 43 72 8 3 6 3 80 68 99 56 78 25 11 
4 30 63 96 12 27 94 32 87 17 43 69 97 21 90 86 80 26 52 62 8 84 88 93 52 67 17 5 44 66 24 61 1 7 80 19 19 24 11 68 55 18 61 11 52 21 26 63 61 31 41 29 97 32 42 87 23 34 96 49 59 45 48 58 59 38 23 38 81 40 5 22 29 67 44 49 98 31 85 25 38 49 68 45 11 44 61 73 6 43 64 17 23 96 56 37 30 80 79 65 49 91 48 42 79 29 90 27 75 33 80 72 38 17 98 21 97 6 32 21 93 23 0 75 0 6 7 58 48 16 60 26 44 52 83 100 77 36 66 54 10 60 32 64 19 26 54 73 59 94 23 68 19 49 97 60 55 74 93 70 92 81 7 54 23 7 100 97 24 60 88 22 5 97 85 19 50 26 33 72 35 85 65 61 10 50 65 47 82 38 8 40 84 17 36 60 40 50 12 88 28 35 37 41 0 93 65 51 18 60 42 56 31 18 65 94 29 90 8 16 33 88 36 58 41 82 97 7 49 95 19 22 90 72 38 50 46 40 72 97 57 86 28 99 59 81 52 74 25 58 4 42 40 18 31 51 54 42 60 70 30 89 47 30 74 29 31 87 85 96 99 86 54 31 33 72 99 21 49 29 22 10 4 87 12 24 41 41 24 64 56 80 31 49 53 52 46 44 89 10 24 35 74 34 13 39 30 65 63 96 63 61 2 34 6 1 83 12 45 57 4 32 85 12 22 74 83 11 63 21 29 2 53 32 60 90 36 52 63 77 54 51 25 16 17 80 55 31 8 3 91 86 68 48 69 47 76 0 21 66 53 69 32 63 47 64 77 36 96 76 92 15 45 70 63 97 75 16 87 46 24 70 1 28 55 48 30 17 26 18 66 66 84 70 52 83 64 56 54 17 7 1 14 83 93 79 19 14 19 47 35 100 24 82 13 3 7 21 28 49 49 67 72 43 82 79 64 22 61 54 63 7 1 77 13 6 41 12 63 64 91 4 52 26 47 58 58 17 39 70 38 34 69 64 91 25 28 69 98 25 21 25 87 66 53 1 67 80 46 85 73 92 18 84 86 99 90 99 50 56 85 60 0 15 66 65 20 91 49 17 41 18 18 38 50 21 57 33 100 59 
77 12 85 67 19 37 1 77 61 86 0 52 1 46 67 56 71 90 13 68 68 53 40 44 13 1 79 39 60 38 94 94 45 37 42 86 44 15 58 44 48 74 94 85 13 27 43 59 20 30 42 28 36 45 95 53 80 37 12 43 29 33 63 46 2 13 71 46 15 4 44 51 48 62 2 54 7 5 28 32 11 24 65 26 98 32 56 100 93 27 26 16 14 94 44 68 90 56 91 35 74 6 17 81 71 64 93 8 81 76 98 43 95 95 69 73 13 14 12 74 31 97 97 76 73 31 25 40 37 10 92 10 12 0 91 8 71 100 75 99 95 21 96 19 81 41 51 7 14 12 48 8 15 1 10 78 75 50 96 22 36 81 94 0 64 27 37 19 48 4 18 85 30 53 13 32 72 39 99 3 60 52 18 67 33 99 96 43 57 62 1 73 87 41 99 84 85 36 18 89 28 12 84 41 2 31 46 77 84 47 61 54 54 91 26 45 99 19 76 43 39 76 45 95 42 65 12 74 35 81 34 56 24 84 5 10 64 70 38 19 4 97 66 82 60 0 81 43 47 35 52 31 0 15 14 17 42 100 62 35 22 64 7 24 68 60 52 67 5 11 58 71 23 82 62 89 54 67 62 91 56 81 9 37 14 23 100 41 46 14 82 81 44 32 12 40 98 62 49 64 79 41 36 75 51 45 99 39 33 79 9 34 34 100 60 12 90 30 7 71 61 88 92 5 24 43 50 57 67 43 65 45 11 69 87 1 94 62 31 55 34 52 72 94 52 0 10 2 59 71 95 35 92 97 76 24 3 78 39 26 45 37 15 63 39 85 17 78 61 10 99 69 2 51 55 19 68 32 2 78 3 40 49 83 90 93 6 22 60 76 57 27 76 4 65 8 15 2 0 49 75 77 35 30 91 87 16 20 89 46 16 42 18 3 79 75 90 70 39 45 27 67 68 80 30 100 18 74 51 24 96 96 31 89 3 38 24 50 43 26 22 9 4 93 58 76 63 52 72 57 76 3 80 87 51 32 17 6 59 25 69 50 53 56 7 74 46 76 19 83 26 87 61 24 1 71 96 92 91 66 19 38 100 53 55 63 55 45 11 47 4 6 13 37 33 70 60 2 56 14 
64 74 45 65 48 8 90 11 46 81 76 76 61 0 8 37 66 45 27 35 57 73 51 56 57 23 41 32 94 60 92 61 29 24 1 72 74 21 90 94 82 75 84 40 22 98 52 75 20 14 24 34 20 78 9 42 52 85 31 36 98 60 52 92 0 82 70 84 93 1 55 56 64 11 70 81 26 85 42 68 19 57 13 34 10 24 31 31 50 5 98 64 57 86 30 64 3 10 62 24 27 86 12 82 36 62 2 23 7 90 59 42 83 47 63 40 36 92 91 43 90 20 80 99 67 89 52 17 26 5 3 78 85 2 10 26 83 79 58 87 59 7 65 92 63 93 98 45 35 73 46 57 65 43 52 33 1 18 19 13 64 24 41 29 63 15 63 16 44 89 82 46 54 91 89 27 85 5 100 81 68 95 66 60 81 46 21 30 36 4 48 81 10 16 58 16 67 17 10 27 39 76 36 68 49 68 29 76 92 82 83 45 77 29 74 69 73 88 52 20 68 2 33 86 11 44 28 32 92 11 93 10 14 39 17 27 41 73 1 3 14 51 85 80 32 77 87 14 92 28 9 42 19 27 41 81 80 71 93 93 20 33 89 95 12 33 62 11 4 93 30 82 37 43 5 56 43 93 55 95 69 99 100 75 24 50 18 86 16 92 67 3 97 24 23 73 8 92 83 88 31 18 34 46 43 49 12 87 23 71 10 55 51 34 46 37 97 2 20 35 7 81 29 22 19 70 78 88 6 79 94 97 100 64 79 32 48 31 71 45 90 74 50 44 88 52 74 1 2 47 12 96 58 16 10 7 60 92 95 64 97 83 87 27 37 62 13 47 35 19 85 55 31 40 94 20 50 33 83 21 73 13 1 19 24 61 95 41 24 55 30 71 58 100 62 29 3 97 31 61 57 8 48 26 69 67 68 17 31 16 35 52 69 67 16 19 94 13 33 37 65 15 94 8 58 87 14 57 19 30 4 78 15 45 1 12 93 4 10 25 50 71 97 99 30 31 39 72 58 31 0 45 59 0 21 61 52 70 37 51 22 61 87 75 26 55 81 84 31 66 66 36 86 12 14 39 32 70 2 55 91 45 74 95 98 98 73 76 69 30 68 53 70 38 17 6 51 4 44 84 
49 79 27 10 16 18 63 65 44 3 52 15 67 17 24 15 91 2 60 53 62 67 30 30 95 4 3 83 25 21 5 100 70 66 84 37 44 63 0 77 84 54 70 39 51 20 86 31 41 46 38 76 54 62 34 79 81 67 11 27 46 90 13 12 66 40 88 84 92 22 2 35 30 12 3 48 28 15 95 6 48 92 73 38 74 43 88 12 2 8 65 42 26 74 93 39 72 10 4 5 60 15 11 33 90 67 35 29 1 77 8 33 69 7 10 22 90 89 57 29 50 3 8 85 74 2 57 87 9 99 75 21 7 90 14 60 3 50 77 75 32 71 97 42 93 91 54 75 95 96 46 7 9 79 92 1 14 26 11 1 47 53 30 78 3 28 49 99 87 75 74 23 13 71 68 39 66 74 60 30 96 18 38 58 6 29 33 89 25 54 26 29 29 65 5 35 81 97 77 78 9 34 20 99 44 46 82 30 28 13 81 4 58 2 95 88 16 65 42 14 51 64 51 37 48 10 24 4 54 81 78 60 14 39 11 40 16 67 18 60 96 21 10 98 79 76 69 16 8 83 40 7 36 54 80 0 34 55 15 52 34 41 30 14 18 87 20 32 82 96 85 89 95 0 80 75 34 33 38 67 40 57 84 48 40 52 100 30 26 83 86 55 89 41 19 65 60 17 93 42 53 9 91 64 10 51 61 39 17 44 26 5 66 20 39 8 3 52 94 46 57 5 99 53 48 60 50 61 87 50 59 35 88 27 41 2 56 4 14 24 82 75 24 81 58 53 33 86 99 89 95 72 64 77 84 93 74 67 58 53 57 25 68 6 98 14 72 27 97 63 65 67 92 100 68 14 33 31 14 64 1 16 58 11 12 55 77 68 0 64 83 0 86 74 3 9 80 34 87 5 58 72 59 94 81 61 59 49 2 7 5 5 28 62 0 77 31 56 56 37 60 93 24 71 18 58 27 79 83 50 85 33 34 34 18 37 29 0 40 97 80 62 91 79 14 0 34 18 49 68 42 19 47 75 44 8 93 42 81 70 85 1 2 6 41 96 68 51 4 56 68 37 94 18 29 4 86 98 92 34 97 77 44 78 72 16 41 0 85 74 36 97 23 44 22 68 95 35 16 68 
43 41 33 55 10 38 38 92 20 82 48 9 67 89 82 38 14 16 5 18 53 30 56 33 0 90 92 91 46 41 44 20 23 12 81 24 89 88 73 23 90 86 25 56 31 66 90 99 53 76 56 42 19 41 73 34 31 2 37 89 80 21 27 54 58 92 16 5 96 91 27 99 48 96 0 100 9 47 64 23 95 81 89 20 4 63 16 36 21 14 74 99 24 100 41 85 74 61 66 62 16 60 90 14 43 36 36 98 23 57 22 18 54 75 20 53 94 81 93 1 32 39 16 8 6 70 66 83 40 15 33 74 15 0 34 6 58 18 65 17 84 45 92 1 40 22 84 88 8 34 57 47 38 2 95 91 47 29 64 96 8 47 76 29 20 5 0 82 6 5 36 30 27 95 80 90 69 71 89 32 89 41 60 21 27 11 63 37 22 14 5 80 42 74 20 89 9 35 41 16 90 38 57 91 77 45 69 72 22 29 31 68 56 56 26 23 83 2 22 98 61 83 47 79 40 58 47 88 52 3 12 12 76 88 39 7 54 55 87 46 21 30 100 52 31 18 35 2 63 87 27 40 41 4 82 10 97 33 73 37 75 14 3 48 52 21 53 60 59 72 54 61 86 27 41 82 32 18 24 84 22 63 24 30 14 63 39 63 22 55 24 66 0 31 73 84 62 22 6 70 57 20 64 92 41 61 61 28 92 78 63 23 99 63 9 26 53 26 20 100 32 57 6 83 14 21 11 32 40 89 14 5 3 45 8 19 18 29 53 13 4 53 61 75 71 41 78 90 48 23 25 0 44 46 4 13 13 40 7 100 30 44 60 54 88 69 65 60 21 63 36 30 90 97 95 17 13 6 100 93 7 43 78 31 52 22 66 94 54 57 66 71 43 64 89 81 3 26 1 38 95 63 52 53 37 56 40 88 93 56 7 44 100 92 41 47 72 38 8 98 90 41 35 59 0 2 52 33 81 60 91 54 84 38 68 7 50 88 28 73 3 0 79 45 65 56 29 93 3 37 81 74 89 84 1 84 26 51 35 75 1 40 92 67 18 22 96 30 68 32 50 12 15 26 2 32 0 41 55 74 32 16 29 48 0 31 32 4 51 91 71 27 65 11 56 95 63 61 70 16 
54 25 24 39 17 91 62 5 35 46 21 99 86 10 41 2 65 90 80 28 52 6 26 12 39 55 20 31 60 54 19 51 0 99 79 45 66 2 0 56 56 86 79 4 8 57 13 99 72 56 84 3 50 10 13 68 54 36 69 22 21 90 47 31 32 76 76 97 4 75 34 33 64 82 79 5 65 36 35 46 23 7 81 31 79 36 96 93 81 5 92 0 86 94 30 42 45 79 73 89 77 58 16 91 30 26 44 4 55 19 21 41 42 95 26 65 27 37 72 98 56 91 39 25 40 64 6 49 3 92 21 43 33 20 85 12 55 25 10 20 72 100 33 4 44 93 23 12 5 6 10 22 54 15 19 85 87 44 57 9 12 33 95 68 44 29 70 2 52 24 26 12 4 20 20 46 95 29 97 99 84 8 25 12 2 96 12 52 89 67 50 42 15 7 8 93 12 65 45 98 1 63 98 10 65 49 66 59 22 84 91 71 69 14 88 47 13 24 46 4 94 69 4 67 38 55 87 82 48 5 31 80 9 88 3 44 90 53 68 42 7 10 29 89 94 1 60 97 75 0 16 75 21 97 96 43 13 15 40 10 45 81 98 84 38 72 37 10 15 9 88 40 5 26 38 57 2 87 5 77 68 91 84 41 34 56 41 38 32 42 92 77 78 52 90 44 48 77 21 56 43 50 32 71 52 88 59 1 43 9 3 53 90 2 10 95 42 32 47 73 59 15 33 10 95 94 36 86 93 22 26 87 6 12 14 73 30 59 82 86 30 41 53 80 46 38 52 99 3 44 91 11 96 62 4 83 67 31 7 5 46 77 93 60 23 99 67 1 60 47 75 97 91 8 4 23 44 67 14 84 33 88 100 14 41 50 45 96 1 82 66 53 71 39 85 80 73 6 90 71 55 50 25 88 12 89 18 91 23 80 23 52 56 71 29 39 47 3 38 8 58 29 33 82 97 40 53 67 82 9 46 88 33 23 18 3 91 100 62 8 1 45 77 26 18 40 91 84 93 31 57 54 17 63 92 41 64 19 65 78 92 43 73 96 0 86 31 18 80 21 78 84 83 14 28 16 48 50 79 13 88 58 67 31 79 96 97 90 35 5 68 93 58 36 86 95 27 17 96 74 
4 39 28 69 80 10 56 76 86 5 6 11 30 91 13 20 11 40 10 79 0 27 90 26 49 93 4 21 43 15 56 36 56 48 87 67 79 79 66 88 11 59 37 85 26 17 0 18 20 70 58 71 58 65 92 23 5 1 26 77 58 15 7 23 28 96 0 77 86 37 84 41 35 97 7 42 2 9 61 38 74 94 16 11 98 39 64 11 53 58 84 27 19 28 77 37 10 80 13 45 55 97 31 86 79 99 58 69 58 73 69 29 19 70 7 34 32 68 89 99 15 6 92 87 29 2 12 4 51 0 52 86 5 84 27 70 80 5 27 55 15 14 40 14 63 64 68 32 20 47 34 46 40 34 33 75 90 95 92 37 54 95 59 4 30 94 75 24 2 91 30 15 63 20 38 46 99 93 61 98 27 20 42 29 55 73 94 2 63 43 77 68 40 60 7 4 20 81 26 100 16 22 66 2 82 95 1 91 53 50 32 33 15 92 91 48 23 26 90 47 6 14 38 31 10 41 37 29 66 42 11 49 65 83 25 2 6 35 95 42 77 41 71 4 2 29 11 46 16 6 12 24 60 82 91 48 2 54 45 28 86 45 33 14 26 68 21 86 16 44 37 57 90 55 15 69 64 64 97 40 16 82 76 59 22 84 21 85 61 81 10 35 48 82 99 17 79 50 46 44 12 9 78 52 25 33 93 53 29 60 17 35 1 94 20 44 97 52 33 67 26 18 21 84 66 2 45 56 51 78 9 89 13 69 14 8 61 57 96 89 100 80 90 0 83 81 8 30 41 20 95 48 31 50 87 85 9 49 77 28 50 15 9 72 30 31 1 83 85 3 92 16 21 42 29 61 37 88 20 47 94 58 1 40 39 73 41 93 46 26 36 54 29 25 95 87 99 96 77 81 10 79 86 10 62 8 52 26 64 53 19 51 24 49 98 98 12 16 57 73 1 69 35 9 95 27 7 4 98 92 91 47 0 25 84 56 56 11 69 67 5 88 93 70 95 7 77 20 70 49 88 52 61 76 57 79 38 51 98 100 86 28 91 11 44 90 27 27 95 58 68 34 5 27 40 97 97 52 17 53 100 73 23 41 47 64 73 45 66 38 51 31 77 70 20 49 25 0 98 40 
9 82 13 1 15 68 3 26 95 85 82 87 30 63 98 80 85 13 74 44 91 36 86 98 68 92 43 53 80 67 2 26 44 71 59 10 47 79 41 21 42 16 62 21 73 100 65 65 12 3 19 20 90 44 85 78 93 60 18 26 64 74 60 96 84 97 62 39 13 39 16 81 52 38 9 74 34 1 42 42 28 63 80 11 8 16 98 83 37 52 95 43 31 67 7 5 40 60 40 74 14 99 84 26 44 84 29 15 16 60 77 26 39 65 10 7 66 63 14 57 76 18 75 98 32 65 77 38 70 65 63 55 73 5 8 35 44 42 97 25 34 22 57 94 76 31 22 22 23 64 1 50 46 66 95 22 70 35 94 91 54 9 18 55 72 49 25 97 74 26 14 84 13 76 48 13 49 86 7 76 98 5 59 52 26 26 42 26 0 80 94 32 85 27 92 89 90 84 67 61 64 33 46 51 50 41 43 86 74 78 41 78 94 86 69 2 19 40 100 5 8 16 54 9 5 28 98 51 23 91 1 44 79 66 65 10 84 93 44 28 50 55 87 63 51 68 4 93 6 87 7 10 41 85 28 93 62 56 22 16 86 82 51 79 7 30 25 60 20 13 96 8 5 5 29 67 78 76 56 94 35 39 16 30 15 37 78 32 36 73 37 81 88 39 73 99 2 13 86 52 70 3 100 77 34 75 45 43 65 25 53 72 92 89 87 68 83 2 71 58 77 45 39 24 34 8 67 97 11 91 51 34 41 52 98 89 83 4 61 72 7 56 47 52 4 6 59 46 13 56 15 95 51 59 51 80 57 86 52 9 17 46 49 33 38 57 74 18 1 1 85 23 46 26 88 64 26 28 53 28 44 90 82 45 45 33 16 57 2 22 40 71 56 31 59 10 16 92 17 84 45 22 100 11 30 54 18 24 68 69 76 37 76 14 3 76 8 89 16 79 1 38 52 18 73 95 7 56 20 69 36 42 22 92 99 84 64 86 87 55 22 36 96 94 79 40 91 39 82 37 100 53 82 58 65 92 84 51 65 39 52 11 31 59 64 54 85 38 49 28 92 93 35 95 45 30 35 51 91 27 16 38 21 84 34 71 58 32 46 58 72 8 45 78 41 45 51 97 5 93 
38 31 21 48 31 40 54 89 93 31 76 12 32 31 25 34 51 41 34 96 43 64 48 24 37 81 33 5 49 51 36 32 79 59 76 96 67 26 33 74 46 46 92 70 92 87 62 82 37 50 1 54 88 86 32 43 46 87 85 71 30 35 68 75 34 51 10 96 34 44 66 14 26 19 60 32 16 51 23 98 61 73 70 34 72 20 35 70 91 8 23 3 99 33 64 28 80 37 17 37 33 4 73 31 31 23 59 75 81 3 23 16 50 22 38 0 52 36 77 78 52 94 69 11 97 40 91 94 42 10 15 27 39 91 44 100 32 92 18 3 36 15 61 32 71 18 51 75 90 18 91 32 26 64 70 72 71 62 44 41 92 23 44 74 12 99 32 30 79 66 0 75 72 77 35 19 63 10 35 49 4 51 9 42 12 3 7 42 12 46 62 57 12 52 3 86 59 35 60 22 6 49 96 22 93 51 17 9 31 89 54 60 100 19 79 29 67 24 25 10 14 74 88 93 24 35 37 62 33 33 50 12 33 14 75 66 95 10 63 49 72 49 92 27 73 24 0 97 49 4 71 89 76 77 3 8 76 85 12 64 27 9 89 96 26 6 100 25 5 32 10 51 82 30 9 40 26 18 55 17 51 42 64 10 10 51 62 29 93 17 40 56 94 93 2 42 15 87 28 83 14 23 7 23 45 5 94 17 74 90 42 23 47 29 87 16 57 21 81 46 92 10 1 90 58 58 79 34 77 16 50 22 44 45 64 79 61 10 33 73 84 93 16 7 58 48 18 21 19 52 28 57 70 27 95 35 57 50 84 85 36 94 86 7 73 12 5 23 95 47 74 29 60 35 21 30 43 89 80 15 42 38 92 6 90 10 86 56 25 46 85 0 14 95 11 100 67 50 71 63 56 22 0 75 49 52 69 77 31 100 21 92 76 15 86 94 85 70 43 39 11 64 70 38 76 48 91 48 49 81 19 62 95 12 19 65 76 67 95 30 66 22 30 39 68 12 92 100 20 67 100 32 71 19 34 21 100 34 37 8 4 16 65 89 5 47 56 64 1 76 48 56 82 92 52 46 47 8 84 31 58 71 93 11 70 48 62 68 34 48 24 27 70 79 55 96 86 71 97 41 
86 12 24 35 69 24 82 40 93 68 92 44 87 40 69 49 29 38 15 100 1 23 11 98 61 64 1 15 15 70 72 21 38 79 43 72 6 36 96 45 100 50 73 19 7 30 55 88 48 98 85 56 67 6 46 21 82 21 67 34 72 33 10 74 8 99 47 38 56 85 52 63 58 11 77 34 73 10 44 61 22 35 23 43 84 40 55 37 66 50 46 41 38 49 18 33 86 65 21 78 94 56 87 79 23 61 80 6 35 31 83 42 33 79 99 92 16 38 64 6 36 43 83 97 81 35 67 9 0 68 87 9 4 29 67 95 66 35 60 84 69 41 18 44 36 82 82 44 61 31 38 36 3 50 49 60 86 73 99 53 90 42 36 75 99 18 55 64 60 7 97 96 0 24 52 42 23 66 20 24 6 62 25 61 17 53 53 16 35 24 76 74 93 79 94 97 56 30 80 15 25 8 77 2 46 73 60 95 85 50 76 39 21 45 77 84 58 94 9 59 45 69 14 64 65 2 67 34 91 52 83 97 25 9 82 82 96 73 13 7 71 1 12 33 99 53 50 96 31 79 18 3 7 6 36 63 61 89 52 36 1 87 20 0 39 97 90 82 20 47 90 36 37 34 67 32 4 39 95 89 63 14 5 19 21 79 47 20 13 38 95 76 17 70 77 32 6 73 2 96 21 41 49 87 90 72 32 28 97 41 56 53 43 18 48 34 37 13 53 9 93 78 33 40 94 67 86 25 57 55 29 50 36 14 54 11 7 100 5 36 91 67 13 74 4 4 94 57 63 46 12 99 27 54 33 1 9 75 48 31 24 14 95 4 62 30 66 84 22 54 24 38 34 60 72 57 33 94 90 86 42 28 61 73 60 27 18 1 83 35 33 73 74 4 31 73 11 56 45 63 11 18 83 77 53 52 56 40 27 18 80 78 46 13 9 98 50 3 22 79 13 10 13 4 74 51 90 20 93 92 75 59 81 38 2 39 0 93 36 22 1 66 47 97 69 75 78 57 65 44 93 74 99 46 74 16 40 0 34 13 83 63 43 51 54 62 87 19 35 16 57 51 24 36 10 28 84 52 35 28 13 39 86 91 33 33 23 52 5 18 23 85 99 40 31 15 51 25 4 48 
32 28 27 79 23 19 13 29 10 67 70 12 78 5 55 46 50 84 90 65 47 86 62 38 89 26 93 35 55 0 43 100 61 39 23 78 76 93 67 33 91 37 90 6 75 96 95 78 62 98 68 11 35 85 72 53 100 60 56 67 54 44 59 66 46 28 71 9 82 12 83 6 29 18 83 89 5 11 22 17 34 62 8 9 2 98 45 7 65 99 14 22 100 10 70 0 85 78 28 42 11 37 7 83 51 93 4 83 60 55 5 85 6 33 11 70 71 93 20 50 74 60 81 17 50 90 5 6 12 11 79 60 52 54 23 73 44 52 70 7 98 53 16 78 30 43 39 55 61 70 18 92 76 28 25 15 75 47 62 5 2 31 22 84 97 6 64 64 24 56 20 100 35 44 13 54 32 89 11 54 0 70 23 28 88 21 60 54 89 47 80 51 51 20 83 92 19 63 24 66 28 41 40 18 79 61 41 74 1 1 65 66 11 70 34 26 96 38 49 37 90 80 11 61 10 80 1 87 5 55 70 71 19 48 59 98 70 100 64 31 59 25 90 83 11 81 23 75 61 31 20 57 49 25 93 96 79 74 41 65 8 39 96 30 89 75 52 91 10 40 26 9 10 7 67 79 28 91 17 14 12 59 31 4 39 85 77 85 27 39 53 2 24 15 48 69 68 29 89 97 94 7 24 76 61 29 75 5 64 35 13 7 29 86 25 10 40 7 10 43 72 17 7 52 73 69 55 53 18 49 80 24 88 70 78 73 75 24 25 72 64 36 4 67 46 85 57 52 13 64 98 92 59 82 43 36 16 85 88 39 1 80 93 29 25 92 3 33 33 21 80 70 91 42 74 65 42 46 40 63 28 41 74 31 74 85 72 15 92 30 61 20 6 92 17 94 89 34 26 34 5 19 59 20 15 4 65 78 5 91 26 79 67 61 16 56 79 92 42 43 48 34 3 84 84 62 9 77 76 15 87 45 51 84 45 20 49 93 77 42 75 21 49 85 77 100 25 72 20 3 97 38 91 89 45 39 56 77 70 75 63 2 91 16 80 42 78 84 63 49 56 22 63 25 16 49 90 74 13 82 31 15 74 81 34 30 17 41 10 61 48 54 65 48 74 29 45 65 37 41 
91 71 4 57 35 4 42 41 16 10 52 66 65 90 2 28 18 26 93 44 18 45 19 61 31 75 71 21 54 62 26 45 36 14 0 31 62 10 33 44 0 52 60 94 15 65 95 30 10 72 89 3 76 75 59 5 76 62 37 60 59 40 40 56 98 77 51 14 88 48 74 21 85 67 66 23 46 44 13 4 77 59 48 40 40 74 33 71 1 31 16 22 5 90 76 83 24 54 43 31 10 72 59 74 40 38 48 25 93 48 79 43 95 54 5 93 75 22 21 1 33 96 54 51 76 61 67 74 50 24 50 79 83 28 23 83 87 99 36 71 8 92 83 37 75 53 69 3 25 78 49 92 55 97 31 44 73 57 9 10 61 73 69 97 88 8 56 69 64 45 53 10 17 18 32 95 65 3 89 38 20 19 81 71 75 44 82 31 80 53 15 54 65 36 47 65 84 35 72 53 4 5 64 31 41 23 86 63 4 0 57 62 36 21 52 26 78 79 28 45 4 23 84 26 46 37 53 91 73 4 94 97 51 42 7 98 40 54 68 2 9 38 84 46 74 40 25 29 69 87 47 6 0 42 97 63 22 86 6 48 59 62 79 54 8 43 2 9 42 89 19 9 65 38 20 14 39 27 24 38 49 0 25 94 14 25 48 71 1 75 34 26 26 92 52 66 14 81 1 56 55 38 35 17 91 71 43 62 45 67 46 62 68 44 87 63 6 36 5 71 13 18 18 31 89 29 39 5 75 1 59 52 86 68 38 33 75 44 8 47 30 26 32 50 30 81 61 5 49 25 37 57 91 64 87 2 57 53 38 79 93 59 96 98 82 0 18 66 28 87 42 9 26 45 10 39 3 78 65 50 23 19 49 87 14 54 12 38 10 57 60 12 40 96 88 70 30 6 38 16 72 77 15 44 8 72 72 74 92 99 83 51 56 46 26 5 80 31 51 8 9 28 93 58 74 53 58 18 87 8 60 59 45 5 50 71 11 40 89 4 18 75 5 61 89 19 76 69 25 73 84 89 76 67 43 70 58 97 23 47 71 26 14 49 60 75 41 95 30 79 45 86 7 84 62 24 47 88 3 38 75 69 73 32 88 86 63 81 96 61 15 83 90 63 61 100 37 20 15 82 
20 26 75 78 16 53 40 37 86 47 69 100 95 34 67 78 36 10 38 0 27 9 19 42 52 26 95 7 6 84 46 71 97 7 26 61 44 92 21 98 82 15 29 27 78 41 33 59 32 88 49 43 91 8 85 94 57 5 15 93 68 28 38 58 80 21 55 83 97 26 0 74 3 50 1 43 85 16 52 62 97 63 86 55 37 9 46 5 41 4 4 27 28 25 87 14 67 97 76 87 25 60 19 58 5 81 76 4 47 73 1 94 100 58 97 5 3 84 14 26 46 96 69 26 93 48 56 16 40 30 74 55 13 78 60 89 25 8 38 31 38 72 22 17 69 47 25 30 38 80 67 41 92 53 84 12 32 69 41 20 79 81 80 44 38 13 57 32 28 23 1 62 98 39 65 31 78 70 56 5 85 94 71 27 7 10 49 34 58 77 30 56 52 100 64 19 42 3 64 24 91 65 61 38 91 67 5 29 22 16 42 92 64 5 83 94 62 10 2 81 92 31 86 63 4 84 30 2 11 19 76 35 62 82 78 36 72 6 70 16 91 91 48 99 24 19 28 23 96 44 44 95 57 39 57 2 54 74 28 59 20 44 61 94 15 2 2 40 29 14 65 68 4 78 36 79 64 87 86 60 71 22 12 85 50 11 83 23 19 35 65 68 70 91 97 55 13 8 58 58 98 27 51 30 85 87 42 65 37 9 65 17 25 81 92 70 18 63 17 37 39 8 90 23 63 67 92 13 65 57 7 36 77 86 44 66 25 72 38 45 10 73 92 29 43 37 21 52 33 3 91 44 20 5 9 77 52 17 71 3 49 84 12 87 25 82 87 73 60 15 69 7 36 100 90 26 67 50 86 89 59 84 64 13 92 73 77 74 62 73 70 82 61 32 80 69 90 1 24 91 75 3 45 29 31 79 65 49 33 98 3 84 74 41 19 36 9 86 65 78 12 29 31 87 96 91 12 44 46 80 100 17 12 90 35 16 77 87 52 72 13 32 20 13 91 58 80 51 15 21 68 87 11 56 43 38 75 16 63 74 50 0 75 16 16 83 99 75 70 14 70 55 24 9 10 58 96 98 80 98 86 98 84 23 65 46 100 2 96 89 59 61 36 87 75 42 32 29 97 63 
41 2 60 69 73 27 36 62 34 26 25 67 9 29 12 81 6 86 30 93 36 56 37 5 75 95 51 8 23 27 77 29 41 2 14 20 88 75 4 70 78 87 54 27 80 56 46 94 83 49 57 54 26 55 34 53 45 23 30 88 59 92 65 56 78 78 63 47 33 39 6 40 87 68 67 29 65 1 60 33 90 100 64 62 21 85 3 12 71 18 0 94 18 11 73 47 58 58 8 50 3 82 70 47 22 22 68 43 30 20 25 6 11 22 55 23 69 69 14 5 30 61 14 76 94 28 55 45 98 86 69 22 55 2 98 69 43 68 9 19 51 37 90 74 59 45 29 91 19 45 64 42 83 9 7 84 50 46 56 65 51 9 39 59 59 71 45 93 27 15 62 64 70 23 31 36 66 52 57 36 38 78 68 1 23 15 42 94 51 16 87 73 28 90 58 44 79 27 88 26 6 52 24 21 1 14 46 87 74 87 60 21 15 98 87 6 53 81 65 48 30 66 96 71 44 43 25 97 69 83 41 95 45 100 15 60 82 51 6 52 49 34 31 58 28 87 57 43 5 42 34 33 32 38 86 53 10 26 65 37 23 77 79 50 71 91 69 100 25 93 84 0 57 25 4 35 89 2 30 15 82 89 97 77 59 4 83 8 45 88 69 74 6 46 97 43 14 85 93 11 97 44 89 75 91 100 53 35 38 59 42 22 15 13 67 90 33 86 62 61 52 54 24 64 55 92 21 70 75 91 63 23 66 32 76 94 84 62 70 46 28 16 37 9 42 100 36 65 9 37 82 36 48 60 17 48 15 1 34 66 84 92 66 50 98 23 6 10 53 54 94 16 71 96 67 5 78 8 35 95 42 98 74 56 29 32 7 40 22 74 33 33 80 23 63 31 94 26 96 89 19 81 54 14 22 42 8 61 12 53 40 48 100 8 37 1 27 26 67 15 22 57 61 21 27 0 13 100 90 35 73 3 24 75 16 39 100 84 27 93 4 60 20 14 99 3 2 29 66 37 55 21 56 75 24 80 93 15 13 59 7 99 12 58 92 17 49 100 77 99 40 24 74 5 28 61 16 83 73 38 10 29 45 60 58 47 11 51 91 37 68 98 53 21 41 48 35 52 10 68 
40 36 57 50 56 96 90 72 74 67 79 56 48 48 13 12 23 50 34 80 28 22 56 44 99 22 49 90 47 80 88 73 70 89 66 70 90 25 19 79 39 79 30 93 33 45 38 93 67 44 30 91 61 79 94 91 79 66 32 100 69 94 80 60 69 62 59 32 38 94 91 96 17 59 35 19 54 21 26 79 79 8 66 48 23 72 79 99 17 63 41 24 93 2 29 21 95 15 24 74 56 95 52 87 75 69 82 90 54 84 17 1 22 61 64 63 98 65 13 44 60 29 64 13 0 91 64 9 95 26 85 8 35 60 3 65 15 86 17 74 71 20 69 58 69 3 54 65 23 49 58 40 75 2 56 89 86 13 90 12 17 5 0 66 53 48 66 98 47 55 28 43 53 66 94 54 95 82 27 31 14 83 24 40 42 56 23 75 40 14 13 83 97 4 97 98 35 15 40 83 75 6 31 17 96 88 58 16 20 61 20 88 30 63 98 0 62 95 42 87 59 14 21 88 94 73 94 99 23 35 1 89 6 49 21 93 85 38 13 84 73 53 65 56 1 24 53 21 47 71 100 3 68 1 100 53 58 28 1 32 99 80 42 77 49 70 1 53 19 91 42 36 67 12 90 57 48 80 44 19 81 25 47 45 43 60 40 15 71 82 39 39 8 64 9 17 41 77 3 40 34 77 90 3 40 69 97 51 14 86 94 3 58 22 69 33 69 68 78 87 46 27 41 71 37 53 2 52 73 89 73 53 63 13 1 14 13 50 52 83 18 42 50 25 4 34 53 65 40 33 92 28 34 18 21 60 36 17 42 2 49 83 43 25 8 33 4 28 31 22 5 95 76 31 75 7 37 3 58 66 21 100 65 47 30 54 33 10 20 56 59 11 30 91 51 83 91 91 24 9 30 83 87 18 82 90 35 28 31 90 77 76 93 23 74 82 21 43 70 76 55 19 43 58 1 83 99 45 13 35 100 35 24 78 15 21 93 9 59 30 52 43 60 56 25 48 83 100 78 31 53 60 74 3 78 98 23 96 62 24 26 63 67 87 92 97 0 33 30 70 0 95 19 22 23 2 84 66 95 25 88 79 72 17 37 40 70 88 26 86 77 98 27 93 63 89 55 46 75 80 
34 45 38 54 76 91 96 96 57 15 80 84 48 22 54 82 1 10 31 57 30 46 47 10 38 30 71 25 34 22 61 38 83 83 68 92 21 55 31 97 59 0 13 75 18 41 91 3 37 65 3 22 18 68 77 42 2 17 27 49 96 8 12 32 53 22 46 83 46 42 52 61 7 29 11 85 82 31 30 30 100 6 39 12 68 40 64 81 21 43 2 63 48 39 37 89 62 37 42 49 89 47 44 44 20 30 46 54 18 23 61 92 63 38 29 3 36 37 95 15 29 0 13 29 69 63 66 83 14 79 70 23 51 63 34 43 47 20 48 100 62 9 56 0 36 14 75 35 0 63 51 14 7 73 2 73 77 43 20 8 43 86 32 23 69 18 93 39 88 37 92 49 66 34 20 77 25 28 87 57 56 70 97 10 56 30 23 59 55 7 51 41 55 24 61 96 46 74 94 25 86 7 83 45 39 98 98 45 20 97 46 27 66 52 64 32 81 75 32 47 83 95 42 25 80 26 37 31 68 0 83 10 77 46 26 81 2 41 42 100 82 83 53 32 4 21 70 91 62 38 41 77 87 98 74 6 57 43 97 56 2 79 90 4 18 74 56 25 97 88 29 48 74 52 51 22 90 39 49 54 83 78 12 33 59 77 19 45 73 48 80 95 87 100 39 3 42 31 77 89 50 81 25 58 40 9 72 42 92 25 48 22 0 46 48 74 83 4 85 46 69 12 19 49 41 83 73 9 38 46 5 52 93 30 51 70 67 34 84 48 38 72 86 47 85 16 15 60 35 15 45 25 45 100 38 34 58 1 74 45 65 4 65 21 38 1 4 69 99 64 77 55 6 36 1 45 35 97 0 78 17 28 28 77 58 62 1 6 84 51 36 27 27 48 13 29 66 55 16 15 68 87 60 46 85 59 1 67 98 45 31 64 55 17 68 56 10 61 48 73 28 50 13 66 100 49 94 62 96 15 63 5 29 35 47 11 84 91 95 43 18 23 72 30 23 69 79 29 90 34 41 80 90 35 66 40 97 36 44 14 6 58 33 16 62 36 40 37 1 43 5 70 40 34 73 16 71 15 61 51 65 99 28 37 83 5 22 5 93 32 95 62 22 77 5 4 3 69 69 98 
84 39 82 22 19 70 52 31 73 15 41 76 24 73 41 38 17 14 63 21 28 14 83 61 87 36 54 44 53 88 36 50 53 33 47 59 54 38 69 83 45 44 100 19 83 88 13 88 65 10 30 54 15 80 53 1 42 92 50 90 47 14 87 29 57 19 100 68 100 16 13 71 45 71 0 59 99 81 97 87 40 18 86 51 44 2 81 14 78 54 73 14 9 67 33 58 88 65 43 36 70 40 53 5 26 51 62 82 33 76 80 96 24 7 93 80 10 24 22 16 78 39 98 16 54 20 84 73 73 83 20 51 100 89 39 99 72 97 34 96 49 80 66 47 21 77 53 47 92 60 1 31 78 20 87 70 5 50 36 91 71 13 76 76 88 56 13 98 5 44 22 27 0 57 32 73 22 52 49 100 61 74 43 51 63 24 71 71 61 42 35 11 9 45 40 12 75 99 57 5 40 61 64 75 29 15 0 48 4 34 96 14 46 91 11 49 68 65 82 1 63 13 58 21 83 70 24 38 15 2 37 28 6 80 51 92 96 45 74 11 35 45 27 94 80 58 78 52 20 11 84 30 16 93 54 11 5 24 12 40 40 42 3 50 1 17 61 75 38 56 57 83 88 95 69 4 11 89 55 100 82 74 8 54 27 1 8 91 97 14 62 19 94 39 86 100 13 9 96 67 90 43 42 72 41 63 91 4 84 31 97 96 5 79 100 39 75 71 71 21 49 100 19 48 14 100 57 53 49 98 89 80 21 18 47 58 64 78 30 84 85 16 89 90 10 52 67 46 9 95 35 25 38 91 35 22 83 53 72 19 57 89 61 1 97 2 25 57 53 73 75 89 93 17 31 35 84 55 100 98 20 60 53 46 53 58 18 7 0 92 44 9 60 56 9 23 18 39 9 45 40 78 84 73 22 35 40 27 93 63 53 11 52 89 72 39 98 80 92 2 30 78 30 14 24 59 11 71 15 9 29 53 87 63 76 36 93 40 9 28 82 44 97 61 17 37 37 77 4 60 86 72 6 50 35 95 84 46 63 11 62 75 6 31 41 14 99 100 93 23 4 46 9 57 56 8 96 76 42 98 82 4 39 72 51 67 62 50 13 52 94 29 8 4 68 48 49 48 34 3 
86 23 81 71 31 26 89 84 87 53 83 81 37 22 95 78 78 80 39 44 45 70 69 60 74 66 92 27 69 87 52 16 70 50 69 13 82 53 8 94 58 0 46 71 86 27 89 61 95 77 52 36 43 6 38 61 25 63 22 84 63 73 8 60 70 11 62 80 44 50 19 97 4 20 14 67 78 47 75 10 63 82 18 54 23 13 11 39 2 44 50 67 42 82 100 86 46 77 86 96 49 26 31 62 78 47 58 88 99 34 22 94 21 97 8 89 99 60 8 19 5 79 48 13 36 95 1 48 38 25 69 78 78 79 21 78 94 39 27 31 13 76 97 49 74 18 59 42 9 51 67 50 67 99 20 100 57 90 29 46 3 64 27 41 8 50 45 45 5 7 8 61 89 37 52 13 6 77 66 71 25 70 3 100 25 86 65 59 48 77 42 88 81 28 16 8 26 68 50 88 19 38 91 19 18 44 80 29 54 86 17 5 30 16 43 4 98 85 80 19 12 54 6 89 67 31 29 77 69 79 95 0 59 80 98 15 79 81 28 92 50 42 3 21 76 51 35 91 38 15 19 7 100 39 87 22 65 26 49 1 46 94 100 70 46 75 58 34 67 66 23 62 88 13 72 1 90 42 61 57 62 69 1 77 30 53 44 0 18 55 39 86 56 31 59 69 94 7 45 94 46 84 61 36 41 65 97 31 28 100 41 85 81 41 16 66 85 92 80 92 15 68 49 3 72 92 35 57 42 74 55 98 18 88 80 96 98 91 6 4 72 38 85 54 72 55 94 15 17 56 26 46 51 71 69 8 66 26 84 5 24 7 32 65 15 7 52 39 46 48 44 29 15 55 80 72 24 23 99 25 26 47 36 18 60 53 23 41 6 24 89 44 76 21 10 41 78 50 10 54 46 0 94 29 81 53 56 30 69 84 62 29 80 96 38 19 2 44 19 55 68 83 85 24 23 72 7 60 36 74 74 72 90 23 52 65 17 43 21 53 19 66 36 44 45 29 33 26 41 32 21 55 32 25 60 71 11 26 67 98 51 51 32 42 75 92 46 24 46 73 2 40 30 44 88 67 56 67 32 10 26 81 41 66 9 99 13 19 98 93 67 16 93 59 39 47 94 86 50 91 
15 89 80 47 93 28 4 86 19 67 27 98 100 53 40 96 18 3 92 82 28 2 23 73 87 99 8 95 79 63 42 69 8 16 34 5 77 38 61 50 80 26 21 64 93 38 74 98 6 100 29 77 71 38 4 30 19 47 75 6 85 43 9 23 84 60 15 100 99 79 27 52 74 70 3 89 60 12 80 41 83 88 12 66 72 20 82 5 36 89 89 47 59 31 67 49 12 81 7 80 22 8 3 61 37 58 14 2 69 69 74 3 3 81 29 10 69 19 93 10 4 6 85 31 60 24 47 90 71 19 31 92 13 8 92 14 73 88 40 76 75 72 47 79 23 34 57 40 41 25 29 52 90 0 98 13 4 5 77 45 48 22 72 41 11 55 89 73 44 75 2 81 42 67 28 47 10 34 76 88 25 4 5 44 76 29 75 73 78 47 22 83 89 9 17 32 16 23 36 88 7 26 87 58 94 13 55 43 45 37 56 28 11 2 36 56 35 17 92 44 23 5 85 65 79 90 20 57 67 49 26 49 37 42 81 98 59 65 88 76 8 85 69 15 26 65 74 53 75 69 59 21 86 10 8 34 29 7 29 37 48 79 51 66 4 2 78 17 2 45 18 33 6 66 97 39 47 20 63 42 18 2 3 59 1 64 96 49 75 60 10 59 34 36 36 99 72 19 37 83 38 91 92 76 10 59 66 97 31 32 98 97 23 29 17 65 42 67 84 92 34 74 94 36 77 16 46 40 64 25 32 87 57 70 87 26 96 29 90 39 61 24 72 29 94 31 84 57 56 6 29 96 25 94 91 32 9 18 28 59 4 10 7 82 25 23 58 15 62 24 69 5 86 43 7 47 11 65 68 74 100 13 10 6 3 88 37 67 70 27 7 41 78 25 10 96 18 49 50 76 77 84 99 89 84 30 89 85 73 3 50 58 86 38 73 38 62 85 69 45 52 49 61 69 15 67 18 75 76 100 43 88 54 11 25 54 11 22 100 17 27 8 72 95 99 4 77 14 64 55 69 99 71 71 52 99 57 77 7 23 47 100 48 53 38 16 70 31 26 7 53 95 3 77 46 75 30 68 89 93 71 30 16 66 81 22 10 18 39 89 6 37 32 23 54 54 6 76 13 32 
78 57 54 82 24 3 21 83 0 29 22 0 67 83 29 0 21 62 28 96 47 37 64 46 57 47 86 42 56 20 70 28 94 94 89 43 92 71 82 63 44 97 51 34 18 41 63 22 74 90 11 1 54 76 95 57 56 18 72 42 24 48 10 61 68 78 86 97 42 85 7 69 74 89 32 56 19 93 38 12 58 43 31 82 44 77 47 79 1 50 34 52 8 67 42 28 41 39 75 90 63 38 20 5 73 95 71 7 71 89 18 94 57 65 83 31 57 35 71 13 78 20 82 82 16 86 20 44 25 83 84 30 10 83 64 21 20 76 30 10 40 19 97 46 40 56 33 73 15 69 46 61 0 21 76 22 96 47 51 16 57 57 18 7 1 41 84 61 47 58 50 17 8 35 64 8 29 38 55 86 7 32 79 89 72 85 98 5 40 38 36 78 56 46 66 11 1 91 56 19 100 77 59 60 9 66 92 84 35 21 13 17 98 96 68 55 22 49 32 76 15 55 42 25 54 68 55 6 43 75 33 19 49 77 78 32 73 46 67 73 20 26 84 52 30 58 94 0 9 66 31 52 68 72 6 13 29 38 23 36 59 9 100 12 8 15 91 34 1 10 5 34 71 71 12 35 33 67 51 76 30 24 28 38 10 1 43 27 69 25 29 30 56 19 56 57 56 43 50 70 75 36 86 79 69 97 53 16 57 96 59 82 71 49 18 78 93 42 75 13 19 65 48 11 45 86 87 34 28 18 15 83 48 83 13 36 0 78 1 47 27 12 81 7 20 25 85 57 75 36 25 97 65 27 72 23 98 42 57 94 17 86 83 90 23 96 53 12 37 55 3 75 10 23 99 59 50 38 84 15 16 4 44 59 43 13 47 68 51 6 21 10 87 13 83 86 78 8 74 14 81 20 43 83 71 61 6 82 76 64 67 9 30 41 64 25 44 33 46 7 91 69 4 46 100 76 82 29 54 53 54 43 68 54 3 98 88 2 100 45 88 56 33 2 16 47 82 91 60 62 69 10 59 62 47 39 79 71 4 68 92 17 47 4 67 6 81 30 45 5 30 20 74 0 99 34 3 1 41 90 33 24 38 73 9 88 38 14 67 42 5 63 85 20 92 45 69 100 32 74 
83 47 82 13 13 24 29 59 72 74 90 92 73 13 85 51 91 3 57 72 54 79 77 21 92 44 92 15 85 70 2 48 95 91 71 39 24 42 37 41 66 85 96 47 61 4 20 71 41 93 92 15 15 50 75 72 52 98 87 20 85 42 18 88 28 54 42 52 84 81 6 7 65 89 50 84 56 33 9 32 12 10 1 82 74 76 9 42 78 63 83 90 95 40 3 22 1 94 94 85 10 20 68 76 30 55 79 54 55 41 37 43 33 92 11 34 43 85 24 12 57 88 9 41 28 16 72 42 94 61 6 18 88 3 19 21 42 12 4 1 70 64 78 65 66 62 0 74 32 97 74 6 50 47 77 54 43 40 43 28 84 97 63 17 13 69 87 33 69 32 63 38 77 49 94 18 85 30 87 53 76 43 55 50 83 98 81 81 70 95 75 52 1 63 47 12 52 38 16 30 9 90 55 13 78 90 94 28 20 13 89 0 21 16 2 32 13 19 93 85 21 64 57 76 76 40 65 89 1 43 35 51 11 52 91 42 96 78 33 70 48 8 62 70 10 85 14 72 29 66 42 45 68 2 0 98 43 17 77 27 13 65 85 27 16 75 85 34 48 65 69 28 40 11 38 23 82 20 23 29 9 6 45 42 2 50 19 93 100 84 4 1 56 96 17 77 50 25 21 98 4 83 73 85 28 18 8 73 25 31 53 70 76 86 88 27 93 91 24 67 24 47 21 100 88 31 78 78 100 80 28 56 96 62 96 8 38 73 73 78 71 89 48 82 17 19 93 73 7 88 24 46 24 89 72 20 32 87 25 51 26 8 76 92 53 47 28 58 19 33 0 50 42 3 42 97 78 91 37 100 39 36 95 88 13 30 87 4 1 75 38 80 13 38 6 0 46 0 63 100 70 74 4 25 93 13 7 54 99 45 25 100 4 43 1 54 93 3 66 70 44 25 87 55 33 3 10 81 81 56 71 90 49 19 61 48 23 100 77 15 44 28 92 62 55 85 10 41 92 64 77 41 21 53 8 93 33 46 1 22 45 86 74 93 16 84 63 17 43 91 64 8 28 85 45 49 56 41 32 40 40 44 13 34 34 77 11 13 25 33 43 89 11 1 55 85 81 68 49 4 
7 79 54 70 42 39 59 19 33 30 46 83 44 34 75 13 76 98 74 45 80 46 83 31 8 68 21 20 75 80 67 15 28 62 62 48 50 71 7 69 19 19 36 100 39 70 70 66 41 25 53 38 25 46 65 42 52 9 50 45 69 69 49 81 48 18 89 28 82 29 84 59 56 21 22 68 81 47 56 70 96 23 1 43 7 92 51 15 36 46 61 53 88 66 82 22 89 66 64 55 34 76 20 4 12 67 22 79 62 74 44 48 90 44 63 80 17 47 80 90 88 6 58 65 96 94 75 11 29 94 50 84 11 88 41 59 4 42 10 63 65 20 14 61 23 96 6 61 9 46 80 1 94 65 15 98 16 42 37 85 93 65 3 14 78 97 66 10 31 100 96 32 67 56 54 36 50 47 7 20 45 90 70 98 61 73 72 95 69 19 86 84 36 5 31 96 21 16 57 96 97 74 97 20 80 76 13 50 64 5 63 9 100 61 42 21 53 37 67 15 12 69 39 61 99 99 92 83 26 56 29 94 66 36 30 58 68 46 75 35 33 5 97 81 25 18 91 21 71 28 96 92 82 27 50 39 58 75 80 34 8 0 12 58 11 51 93 43 27 20 15 0 23 95 48 57 38 97 46 0 69 33 99 25 60 97 10 72 16 78 81 90 81 60 82 92 96 22 68 42 22 34 13 18 100 21 41 99 13 72 91 6 1 62 81 91 91 63 83 70 79 82 47 18 78 1 0 73 37 0 42 41 97 30 94 3 19 91 46 34 31 67 51 69 48 46 44 45 54 9 23 86 26 93 56 7 61 95 34 7 66 73 83 89 56 30 78 77 46 93 7 43 70 24 72 25 44 38 56 53 31 80 63 17 2 30 39 92 0 86 75 24 36 58 67 6 13 50 59 18 29 99 84 81 31 47 26 84 56 6 33 12 20 1 10 57 20 35 23 72 84 45 48 31 78 38 94 38 86 32 69 33 14 35 59 41 53 6 1 6 56 100 20 80 15 8 41 99 31 99 6 81 90 64 99 85 9 97 99 1 85 88 1 86 84 52 51 64 14 57 20 60 14 72 19 33 22 74 90 61 49 17 94 90 74 14 21 65 4 45 44 64 69 5 41 19 8 50 46 25 
49 2 59 20 54 74 3 43 52 28 63 86 15 19 70 71 0 72 87 85 60 34 41 66 89 64 61 59 66 36 39 84 26 82 23 22 100 74 76 20 53 56 53 92 52 2 91 85 88 71 8 78 42 50 92 4 72 54 87 25 30 54 96 52 100 27 50 16 23 38 36 98 36 75 78 38 45 90 70 96 96 37 5 41 24 38 23 2 85 17 6 57 78 59 97 47 85 48 44 56 25 51 94 38 91 22 98 38 32 42 50 7 40 82 94 100 91 8 22 76 96 45 64 3 65 34 48 30 45 96 30 39 43 56 87 67 52 35 19 88 14 39 49 6 87 7 52 68 24 85 92 74 25 54 13 36 87 19 99 30 97 86 66 25 99 8 90 45 23 6 64 95 83 57 92 8 45 99 35 64 43 61 39 40 67 36 37 29 59 96 12 13 16 76 92 43 13 67 30 10 55 42 74 73 67 19 5 31 68 51 32 61 8 22 72 98 11 17 31 100 76 62 52 4 82 43 41 9 18 76 89 7 56 37 22 0 3 5 82 24 79 37 36 51 1 90 42 36 27 63 59 100 6 88 33 19 20 48 26 11 43 80 55 77 81 73 49 55 11 22 86 94 1 50 13 72 35 86 14 82 29 79 7 38 75 79 73 81 99 25 90 6 12 41 14 28 78 47 29 10 76 22 17 11 50 66 71 11 13 51 15 77 6 34 92 57 56 4 51 40 51 62 35 76 88 85 56 52 42 2 6 74 86 28 82 59 63 86 21 73 49 46 39 45 12 52 65 43 54 64 15 63 85 64 3 47 78 66 97 19 42 79 18 28 59 6 85 82 51 56 54 4 16 80 10 81 41 56 63 81 30 30 64 60 61 15 96 54 68 76 64 49 61 10 100 54 25 81 14 12 49 37 61 67 55 77 91 11 75 9 54 2 28 17 64 81 27 85 61 39 97 76 17 8 53 80 84 78 7 93 57 31 70 62 19 92 47 36 74 61 71 99 81 80 79 47 53 49 38 91 89 27 0 7 6 42 63 56 51 41 7 52 84 17 86 6 89 86 92 42 9 12 95 59 40 82 84 44 66 85 85 77 53 96 49 92 98 97 75 83 40 50 78 73 64 97 83 5 97 66 
89 43 48 50 76 59 97 39 78 0 57 35 35 93 18 74 49 40 71 27 62 4 79 61 60 30 92 84 93 53 42 99 37 46 78 64 27 81 77 40 70 0 22 62 54 94 46 20 16 96 72 94 35 6 39 30 86 70 50 67 16 32 45 9 70 80 69 78 5 87 35 4 6 42 3 87 89 38 75 82 83 18 22 22 81 79 89 17 41 62 52 88 56 28 68 94 79 37 13 38 47 22 67 78 1 66 46 35 61 94 58 7 38 19 98 15 87 48 19 26 36 61 56 55 54 64 85 23 41 46 94 78 11 43 62 58 42 73 64 55 96 21 8 23 42 0 80 22 88 20 28 75 73 91 99 95 2 60 67 26 58 35 52 16 9 56 71 77 25 66 77 50 14 2 17 77 74 72 80 5 99 95 20 83 63 59 13 85 32 80 66 32 90 91 24 24 29 35 15 56 49 39 86 5 12 69 62 62 4 55 32 92 92 94 52 70 6 75 8 90 77 22 47 37 44 97 6 45 48 93 19 34 16 67 42 3 17 2 25 94 68 80 22 39 44 31 50 99 51 51 88 37 3 68 16 70 15 94 28 63 20 65 5 83 88 10 23 63 44 84 87 19 84 22 37 14 9 45 50 60 88 12 16 38 71 53 43 69 47 59 25 68 61 60 50 22 77 55 38 66 28 57 25 39 33 4 57 87 25 35 95 49 98 34 36 8 23 80 70 36 23 56 62 67 57 46 78 21 25 45 59 83 96 38 72 9 9 54 5 94 14 46 59 87 38 32 26 99 39 77 21 53 2 3 25 91 72 42 37 0 37 61 66 34 28 71 60 52 40 1 13 60 5 100 25 30 70 97 6 37 13 28 63 2 48 97 23 85 59 20 1 24 23 87 40 13 24 18 71 33 53 38 67 28 90 52 84 11 56 35 46 89 85 94 28 4 9 22 100 28 16 98 70 41 94 67 28 79 88 60 37 68 22 28 66 85 23 3 54 16 37 95 17 12 34 70 1 50 24 47 99 8 15 96 75 99 18 84 83 37 37 80 86 93 63 36 9 26 52 29 16 59 85 14 73 45 23 38 98 58 69 72 36 13 44 88 35 68 66 52 87 27 4 49 84 51 21 5 8 44 
22 24 16 94 16 76 79 52 72 47 31 19 66 11 52 21 79 17 68 11 9 42 62 95 76 77 16 6 100 51 68 59 91 4 91 29 24 42 24 62 53 37 19 31 68 68 86 15 83 35 45 83 80 11 37 8 16 88 50 58 80 33 54 46 89 81 8 90 80 87 87 86 3 92 71 44 76 8 87 22 72 95 15 17 53 2 54 26 34 12 57 27 51 86 14 95 26 18 55 62 4 55 34 65 28 53 69 96 12 74 47 17 69 34 29 15 15 11 87 32 94 63 67 77 4 51 59 83 15 29 53 37 75 25 0 4 23 75 15 9 64 55 30 94 53 36 35 73 71 22 58 14 9 43 81 13 12 29 10 46 26 64 92 45 7 7 14 38 84 34 98 89 41 72 50 1 99 1 31 15 7 53 61 83 77 8 4 62 71 38 17 75 53 45 68 87 64 89 77 65 26 64 18 93 39 54 4 83 8 17 3 84 24 82 63 36 85 48 35 34 21 43 84 86 14 26 45 99 22 52 40 16 84 45 57 65 60 85 0 63 46 81 14 2 41 12 38 54 32 87 44 95 43 71 93 81 79 82 35 84 64 7 68 95 37 25 74 2 86 5 53 92 25 76 17 47 49 5 66 95 28 14 84 59 13 21 35 21 45 26 51 65 51 96 64 1 41 54 66 34 45 71 99 67 74 16 17 44 3 28 67 94 13 78 48 22 45 8 84 48 66 17 61 90 93 63 68 27 11 74 59 45 34 8 77 83 4 60 89 13 31 66 59 65 99 62 3 10 98 19 73 86 62 18 70 90 88 39 84 70 99 12 56 0 22 21 31 23 20 8 73 89 67 14 100 78 73 89 48 75 22 83 16 55 28 35 67 88 13 96 13 88 69 41 16 21 41 5 0 19 41 94 77 50 72 97 26 59 35 20 18 1 86 38 13 21 33 48 67 31 4 67 41 96 76 12 33 89 11 93 81 72 48 22 53 22 83 3 4 19 89 57 33 16 20 46 35 62 92 7 86 60 88 57 36 15 36 5 19 2 29 35 28 18 83 43 96 18 73 20 31 1 91 12 2 99 47 60 80 37 40 80 27 55 67 44 62 45 83 55 72 45 68 14 97 55 9 84 97 2 
3 88 13 30 43 20 85 56 100 34 58 42 86 28 0 41 56 36 80 77 29 46 0 93 14 76 78 71 26 25 80 55 92 36 32 42 29 86 33 97 2 55 65 7 6 49 77 16 7 71 4 60 69 44 17 46 24 34 98 15 40 98 40 84 97 100 7 4 57 35 80 48 66 73 30 40 91 56 92 95 96 8 45 46 14 25 93 3 23 41 67 79 89 51 70 78 57 44 98 26 39 18 85 97 15 53 13 7 13 49 43 81 80 90 55 39 74 63 46 30 93 87 60 70 85 0 67 14 35 33 29 17 80 82 87 21 96 89 77 31 51 35 40 37 70 27 66 31 6 75 8 84 7 24 7 40 88 72 87 21 98 97 89 18 99 82 39 9 71 47 97 11 67 63 59 4 80 9 83 90 15 57 83 6 67 44 41 48 33 71 21 14 97 42 12 89 22 29 10 33 42 48 3 94 17 20 10 38 85 34 69 58 41 37 100 78 23 94 71 69 86 48 21 98 70 66 96 68 2 32 86 23 24 93 21 96 26 36 46 27 78 51 90 54 16 13 44 65 0 23 18 10 4 76 81 45 18 44 22 24 42 37 58 22 20 80 100 22 50 98 71 81 96 53 42 78 0 75 13 65 68 76 42 68 5 56 66 80 13 76 79 0 52 6 40 80 34 47 25 38 60 94 59 69 75 20 46 34 43 7 69 27 10 59 89 41 11 38 54 59 61 25 51 12 73 68 2 21 24 73 45 93 86 41 57 45 85 55 40 12 39 18 83 12 28 84 66 30 39 29 98 6 31 83 36 60 19 34 0 82 0 49 25 58 74 21 19 31 94 96 95 56 1 28 88 79 0 81 66 93 68 88 45 66 55 8 58 69 30 83 69 32 28 66 81 87 86 36 46 75 8 54 77 90 44 10 89 17 72 42 28 60 76 74 80 92 87 56 53 32 93 55 30 84 58 48 26 82 6 15 46 8 61 8 23 35 22 61 62 51 97 86 85 86 70 36 81 51 34 95 91 28 77 39 98 44 73 22 82 62 65 92 60 99 24 69 81 97 31 75 97 70 11 34 62 91 11 38 9 73 88 15 70 47 7 100 33 86 94 29 31 38 72 79 24 51 42 74 77 28 
41 67 67 52 60 42 25 91 40 9 4 15 25 54 44 2 88 88 42 20 49 95 14 69 30 70 57 41 97 40 64 80 53 82 1 51 71 39 77 35 67 35 91 97 64 13 81 79 58 98 11 52 84 84 35 99 39 28 21 99 65 91 77 77 15 19 54 17 44 33 97 83 3 30 24 48 2 73 52 78 37 73 77 17 79 83 64 50 47 88 66 99 28 85 77 88 4 33 77 69 50 72 14 9 39 24 22 85 42 92 1 15 99 93 29 84 69 88 90 27 72 97 69 14 54 39 75 64 71 61 92 50 79 95 75 61 75 57 62 63 21 63 4 78 53 97 46 23 22 98 79 7 24 56 51 99 51 68 86 39 67 30 83 47 38 97 6 94 68 97 0 0 69 41 7 50 79 20 1 77 100 47 53 46 9 24 77 45 44 79 46 68 10 52 14 23 72 2 17 69 76 3 37 1 89 84 26 3 15 5 56 40 28 37 47 43 52 20 23 100 80 1 54 88 96 14 76 91 59 38 22 1 81 92 80 100 96 45 90 79 16 81 63 32 68 42 22 89 38 56 40 13 98 67 26 21 12 46 64 88 11 31 86 7 92 22 86 17 43 21 22 84 99 52 35 94 78 99 24 46 7 8 23 73 18 84 80 1 51 43 95 8 39 93 22 70 12 7 77 7 6 61 23 98 85 44 41 25 54 68 17 54 82 25 42 99 78 79 17 100 18 23 53 83 51 71 7 89 21 16 57 26 65 93 76 48 69 22 24 42 59 80 2 37 41 99 98 57 5 0 40 66 85 79 2 32 84 65 6 32 25 93 55 81 17 100 5 37 18 44 84 16 23 4 81 80 28 36 92 41 11 57 67 47 12 17 79 0 25 42 69 51 91 3 31 34 47 24 38 35 31 78 18 21 5 4 11 37 6 84 0 38 79 6 12 64 0 48 51 65 42 24 75 27 65 35 96 38 78 33 65 49 63 74 5 96 17 85 92 91 38 64 27 0 85 76 99 76 83 50 1 80 31 73 57 63 89 17 41 78 28 30 1 16 18 90 4 12 19 43 76 92 92 81 42 59 37 25 16 78 83 45 80 54 46 59 21 95 18 15 60 25 44 16 8 32 79 72 44 61 
44 83 19 59 62 20 20 75 58 82 30 2 63 65 72 98 53 44 78 78 59 91 82 94 52 17 44 89 84 21 6 31 57 40 75 50 97 92 100 0 37 16 47 97 37 28 61 47 20 63 14 57 73 62 46 31 87 64 67 69 90 20 72 58 34 49 65 75 1 33 66 89 30 82 40 65 27 44 7 91 94 57 21 68 89 3 93 80 3 82 41 1 84 14 57 15 75 37 87 3 88 32 42 60 23 57 78 33 54 32 69 8 86 69 31 98 96 93 44 78 63 6 92 9 11 76 68 84 98 18 78 58 81 69 1 17 72 31 15 71 30 46 97 63 87 26 93 43 97 77 70 19 72 9 61 71 63 79 66 61 17 40 42 50 26 54 22 64 16 48 8 3 4 55 3 65 90 88 50 35 67 39 52 53 26 57 22 52 27 93 9 4 89 20 4 37 44 93 81 51 52 17 85 52 55 92 52 33 73 71 24 45 60 92 28 66 91 65 40 12 40 38 75 54 44 42 36 96 29 65 67 37 68 76 13 97 74 84 23 9 61 21 47 78 18 94 18 53 4 66 6 4 4 25 59 5 28 87 74 96 84 96 41 11 1 30 74 62 84 10 98 73 6 83 8 58 34 96 84 25 81 72 12 11 37 45 0 82 46 37 29 84 97 9 1 81 5 71 27 37 70 26 96 71 20 27 95 96 89 22 98 92 37 2 10 87 22 16 39 55 24 29 25 27 65 34 26 94 93 45 7 43 54 77 74 4 77 22 59 62 26 66 99 57 39 41 25 55 24 94 92 78 44 68 10 31 44 28 67 9 86 62 30 21 59 0 36 62 13 75 10 78 14 40 12 15 45 7 17 6 14 42 79 80 76 15 94 56 40 44 5 39 18 39 50 96 98 23 50 25 19 1 10 53 62 31 79 59 5 4 29 34 10 8 71 14 92 95 44 66 88 56 35 70 43 22 74 77 91 16 25 39 57 45 15 74 98 77 25 58 46 54 77 41 84 83 95 23 8 56 63 29 70 86 20 28 32 59 6 79 32 10 35 55 83 96 98 5 77 5 6 30 35 73 32 22 85 63 31 46 35 13 30 56 71 22 72 69 90 7 10 91 4 100 32 43 16 7 41 26 
16 6 71 50 13 77 66 95 23 4 42 30 52 31 79 73 34 23 32 46 77 55 16 74 82 76 65 68 30 76 80 41 24 30 62 97 84 32 13 54 93 85 56 91 86 15 29 62 63 15 96 57 32 89 56 69 10 15 76 39 92 66 44 99 39 72 75 57 57 31 5 100 89 80 29 7 37 98 43 67 73 70 4 58 12 83 66 9 19 40 78 68 23 43 97 18 67 42 71 15 85 60 88 49 79 75 62 73 100 79 29 58 83 24 24 6 0 77 86 87 95 8 68 32 53 97 37 33 57 19 31 22 83 89 38 17 27 46 44 85 6 24 90 31 20 54 80 81 82 14 1 80 71 53 15 43 79 4 100 61 99 42 83 88 17 74 27 77 15 80 14 10 85 86 94 84 91 77 99 99 2 54 93 77 14 85 32 7 62 0 41 42 82 17 66 98 74 27 90 66 19 7 23 22 67 40 90 71 32 99 27 93 14 98 23 88 40 41 81 39 15 50 55 99 66 89 22 52 88 29 0 94 63 34 30 49 8 53 48 60 35 10 0 66 73 44 30 84 3 76 57 2 60 32 83 43 19 63 19 27 80 61 17 5 93 87 69 83 13 62 97 9 45 72 47 20 96 43 82 43 85 11 45 43 6 72 11 68 43 55 61 93 6 54 1 53 26 14 94 35 100 54 2 22 64 42 4 68 15 6 18 11 64 26 57 65 32 7 44 30 25 91 83 70 1 26 39 97 84 63 38 41 83 40 82 30 30 99 40 27 15 77 27 16 21 56 18 41 100 72 53 80 96 57 42 4 27 83 72 97 2 41 68 96 57 61 72 80 25 29 4 52 25 90 35 18 57 31 83 44 26 93 19 14 77 49 64 36 89 69 71 36 31 84 48 61 46 97 6 46 78 70 64 34 31 19 96 65 94 59 1 81 72 80 78 85 60 70 9 30 22 20 88 5 19 85 8 99 67 95 74 47 12 72 97 82 49 73 19 49 72 28 96 36 23 100 95 100 9 33 30 8 9 32 9 88 97 39 76 2 71 97 94 68 87 7 8 15 100 93 62 72 33 2 81 53 76 48 40 60 53 25 11 32 35 64 47 97 4 86 29 65 67 38 53 64 56 33 6 1 
26 13 17 4 60 21 83 54 46 27 64 73 26 76 25 64 29 100 10 6 65 75 16 2 98 94 40 74 91 72 42 3 82 87 10 54 30 84 81 8 19 19 68 66 31 44 19 40 8 74 98 84 1 71 67 21 55 50 33 41 29 67 56 75 100 9 14 1 21 87 62 77 52 79 36 96 22 19 69 15 38 27 88 2 99 1 7 100 55 66 50 64 82 11 79 89 89 8 37 25 99 60 26 76 28 30 50 4 62 24 16 96 46 73 20 84 69 65 54 44 21 63 19 31 34 65 97 61 5 91 35 53 33 91 58 10 90 30 49 66 47 59 95 48 34 19 38 10 66 75 22 25 62 37 97 59 12 1 91 70 69 44 4 82 43 1 49 100 76 0 0 97 84 71 10 73 85 67 25 8 78 42 55 38 84 94 32 22 55 98 45 3 40 42 87 47 60 0 12 63 41 65 3 74 8 5 84 95 20 33 95 64 53 67 85 67 88 93 82 33 85 22 97 38 21 44 37 54 22 3 45 7 87 10 28 96 68 82 17 24 10 71 20 93 36 43 74 81 38 1 83 19 95 95 18 93 78 16 0 96 16 87 6 51 39 26 71 11 83 25 18 21 92 21 17 96 44 58 68 6 21 31 16 91 2 97 67 54 81 72 39 25 12 27 15 45 45 74 38 10 29 100 18 100 81 36 92 56 19 90 99 74 89 29 31 28 87 83 99 42 37 62 30 17 4 69 52 10 83 12 9 21 22 13 53 96 30 95 57 31 75 13 61 72 86 22 99 35 59 29 92 64 14 62 15 63 65 92 13 65 19 100 87 61 0 2 6 58 91 82 26 42 81 23 93 19 1 0 86 69 44 82 14 48 6 69 64 59 97 97 87 49 30 100 73 77 29 31 9 9 52 87 47 26 47 78 100 55 86 39 22 21 94 13 51 16 88 48 88 5 36 38 19 46 15 93 40 20 23 5 73 11 52 44 92 15 7 63 27 94 83 3 76 97 32 51 43 17 76 14 59 43 19 49 86 40 68 28 98 60 49 31 76 3 26 61 38 10 5 42 35 69 13 44 70 1 83 86 82 35 23 73 90 15 32 95 62 11 60 77 10 21 49 82 43 11 100 12 28 24 
5 27 90 58 81 43 1 89 84 100 80 87 4 73 93 77 15 54 35 20 64 68 72 77 59 73 41 75 22 83 100 61 32 9 69 11 58 94 11 3 19 60 16 96 22 75 14 58 23 100 32 10 77 38 41 36 20 49 13 55 11 30 95 23 3 7 42 81 84 6 78 40 78 73 49 60 73 79 34 63 89 94 56 67 84 57 90 81 3 61 87 68 73 86 20 36 55 81 13 88 30 84 21 39 95 56 91 20 86 23 2 10 68 74 66 31 88 92 41 29 7 44 67 34 2 77 29 53 48 41 72 22 0 61 7 39 83 18 7 73 61 45 41 40 8 61 92 34 65 82 25 95 11 10 23 13 82 39 61 46 77 4 94 75 57 55 38 86 62 26 3 58 40 81 49 80 51 31 10 27 34 12 94 58 82 21 69 98 19 47 57 0 4 67 37 84 4 41 32 73 27 82 79 59 15 7 51 40 85 48 67 43 29 44 85 33 1 36 100 16 1 75 55 43 49 16 8 2 26 59 0 57 83 100 84 10 79 1 44 70 20 6 7 62 74 26 52 97 100 87 75 1 66 52 30 43 95 37 4 47 23 100 57 97 54 14 77 11 24 11 98 85 36 13 83 84 100 16 30 2 6 6 54 99 49 57 12 24 42 8 56 45 56 23 50 54 87 21 6 25 92 5 83 66 36 2 70 31 39 88 12 42 30 57 56 77 57 32 68 69 25 66 27 53 79 26 23 54 99 50 15 23 85 51 17 83 93 30 33 88 67 73 49 57 4 92 23 1 25 50 0 32 7 46 42 93 66 5 78 45 6 72 45 86 48 3 92 63 24 83 32 79 50 17 28 41 47 98 41 53 52 6 46 59 85 69 72 94 94 71 97 83 92 36 31 23 1 20 61 59 22 37 35 78 4 14 13 5 3 2 87 54 48 46 38 12 13 82 17 7 8 27 40 95 50 22 65 49 44 1 75 14 36 38 61 83 29 77 40 94 98 49 51 68 72 24 39 42 73 98 10 80 97 8 56 39 80 31 68 6 45 10 100 74 28 57 61 44 61 92 61 53 45 8 9 62 16 13 17 82 37 100 9 23 73 49 39 16 20 70 11 12 94 58 61 73 14 76 12 33 
30 68 40 49 82 24 93 73 62 11 70 1 60 2 10 76 7 31 68 99 57 62 31 41 35 6 47 5 14 18 36 10 98 13 98 44 37 51 55 70 29 85 32 91 23 66 56 100 31 28 35 41 39 9 50 97 6 9 29 56 46 58 69 17 51 24 67 72 62 46 18 95 42 66 20 2 75 89 57 74 100 33 78 26 81 37 39 35 50 26 26 62 78 41 56 13 30 93 94 82 6 89 29 100 15 17 65 64 21 10 17 70 40 97 22 66 33 86 23 72 3 52 89 83 25 47 69 13 31 80 59 13 60 11 65 75 30 76 96 57 7 0 4 12 1 89 48 16 67 5 32 74 75 57 83 36 44 9 62 68 38 84 15 49 93 83 1 28 71 13 37 76 54 69 28 54 60 77 65 3 41 78 90 33 27 54 76 32 80 80 15 86 31 33 44 28 46 34 83 69 85 29 31 11 80 99 76 26 1 18 29 100 49 22 59 70 21 6 52 58 80 87 72 5 23 97 87 21 15 35 88 31 47 19 49 29 90 51 20 96 0 84 40 29 49 60 98 17 32 96 76 59 68 88 41 24 48 72 62 100 88 65 19 60 9 69 36 29 62 13 95 71 22 60 42 60 9 19 67 18 8 89 40 46 94 34 79 63 52 89 11 8 32 62 4 70 56 50 87 48 54 63 59 54 56 2 10 30 44 82 93 49 78 16 29 64 68 86 18 49 76 62 1 84 30 39 74 53 93 36 68 66 96 63 52 48 38 51 95 58 82 58 3 23 83 35 11 86 37 49 63 29 93 71 85 4 78 15 17 34 10 77 3 5 49 87 46 22 18 19 23 28 25 64 69 74 30 95 34 3 80 90 36 55 80 55 48 41 88 11 83 16 47 47 38 1 34 39 60 89 42 72 27 40 90 87 32 75 47 14 33 50 17 82 53 30 92 10 7 41 4 5 84 50 63 22 10 10 85 58 29 42 10 78 57 8 33 70 76 73 27 73 5 90 60 51 42 38 38 89 45 50 61 73 93 12 84 92 40 91 2 78 78 6 90 99 12 77 97 91 46 43 23 50 10 86 30 4 93 49 85 83 8 94 100 2 90 32 53 89 81 81 100 48 76 50 72 32 40 84 
46 75 96 29 94 92 98 64 99 73 78 16 85 72 5 15 55 66 13 80 29 15 77 34 45 26 51 90 2 51 25 93 50 17 63 42 3 11 6 39 50 68 53 83 32 48 66 60 37 26 26 57 90 9 46 17 95 95 34 77 56 75 94 87 52 78 29 18 53 19 86 79 51 58 0 97 43 16 31 41 19 1 71 88 16 99 58 55 39 94 98 69 82 94 50 87 16 83 47 95 33 80 47 16 61 93 24 60 99 98 82 56 59 71 87 42 35 52 98 76 93 63 1 12 43 71 56 99 8 7 39 64 55 39 19 81 60 5 4 52 54 83 36 66 65 13 100 46 67 79 20 32 48 44 46 99 83 40 97 36 76 50 88 66 64 53 46 21 17 47 48 57 32 46 61 88 8 50 2 95 93 25 16 37 69 23 76 32 50 36 52 59 71 63 88 71 13 18 11 48 49 98 40 29 93 58 85 0 89 89 30 36 31 22 86 95 57 94 20 75 47 29 76 0 92 13 29 24 49 81 40 27 66 71 34 7 70 54 72 2 78 40 95 6 46 32 20 63 5 16 95 62 91 45 10 90 11 65 38 39 77 1 21 8 31 80 59 11 24 30 99 10 2 60 2 91 41 13 74 0 63 60 56 12 99 33 3 52 77 32 7 49 33 56 15 39 13 87 84 76 69 16 44 75 34 62 61 33 9 13 44 24 90 94 94 74 64 21 70 97 1 81 24 84 43 27 98 1 24 50 9 14 3 86 5 65 25 28 48 63 90 92 61 72 57 90 32 72 72 28 4 50 3 18 91 23 69 17 64 25 95 51 15 65 3 30 21 21 38 4 51 66 49 86 28 2 71 77 21 91 91 35 33 17 94 3 83 99 49 74 27 93 38 44 91 9 79 5 1 31 95 72 12 12 16 43 66 28 8 29 75 37 89 61 53 62 41 0 97 53 99 3 42 68 62 4 22 80 29 21 30 90 38 51 12 21 45 55 63 25 42 36 23 77 79 13 38 29 69 53 60 78 57 59 11 97 27 73 1 77 88 8 7 13 26 77 54 66 18 51 44 91 90 79 14 31 7 29 87 44 41 10 44 14 26 8 25 99 39 43 56 18 50 34 19 63 65 25 53 73 
51 2 63 2 33 61 78 76 26 68 62 48 35 93 65 29 92 64 75 83 69 39 0 17 23 27 59 81 1 8 80 39 25 75 28 77 24 100 43 90 12 55 41 87 47 35 69 58 32 54 88 79 4 53 93 78 18 59 33 24 43 20 75 53 28 87 93 26 99 77 41 19 34 5 12 62 55 47 55 55 46 31 11 59 53 91 8 62 96 81 53 54 65 32 67 46 6 81 88 35 32 64 28 34 62 44 8 48 17 75 23 74 63 21 46 74 7 21 49 80 99 38 30 79 78 11 19 26 35 31 9 2 57 9 16 80 54 48 40 17 51 70 72 44 66 14 70 78 55 24 18 57 21 44 33 41 99 45 82 85 45 98 16 18 57 45 97 16 99 70 69 44 94 35 28 25 93 71 68 58 47 4 53 10 68 9 84 9 89 39 49 74 13 94 82 26 4 81 65 16 49 65 19 79 24 13 78 32 76 38 28 24 7 18 0 59 6 20 41 10 57 73 36 47 25 60 22 8 74 62 64 23 11 13 52 37 34 16 21 69 46 96 34 10 53 22 32 37 22 99 32 71 17 100 62 87 1 1 87 34 83 2 91 39 7 22 21 24 16 76 92 8 9 28 32 55 31 30 9 71 83 77 80 67 80 8 42 43 75 14 11 92 86 96 64 76 55 92 22 90 63 91 20 94 83 38 81 5 25 46 29 7 74 57 26 66 66 42 41 13 7 18 12 13 27 8 18 31 57 62 86 8 32 50 76 58 1 29 22 5 76 66 67 86 94 66 13 38 44 79 47 29 67 61 69 91 16 95 47 89 63 40 14 49 86 8 26 73 78 41 42 63 67 71 27 36 3 67 0 63 38 35 4 93 18 72 34 16 91 10 50 76 87 77 48 10 66 61 81 13 81 46 47 38 3 26 78 59 55 25 79 41 49 76 37 86 73 28 42 1 4 58 35 70 97 51 98 61 75 65 13 100 55 15 29 19 54 59 4 95 58 48 85 96 67 45 76 47 20 56 5 5 100 80 33 55 65 94 90 93 92 36 37 3 30 99 32 40 25 87 31 75 48 97 26 69 26 38 99 57 48 72 36 77 11 89 70 55 4 23 0 23 95 17 20 19 43 3 48 90 
84 56 25 64 93 46 87 31 40 74 21 65 78 59 39 40 53 97 31 76 81 6 31 35 56 52 53 23 63 98 33 73 41 98 23 100 6 35 94 51 43 26 53 86 52 44 19 28 62 22 14 3 49 40 11 62 64 91 75 80 58 89 31 39 85 73 55 76 83 40 43 48 96 49 87 3 95 73 36 55 76 75 78 8 74 9 13 70 35 40 97 29 17 10 56 19 47 30 73 19 47 28 81 63 72 71 64 17 85 68 50 98 93 57 51 41 4 51 50 0 35 54 87 94 100 62 7 78 34 91 3 56 37 43 32 95 53 1 25 81 39 43 68 42 88 98 55 67 38 7 28 93 6 95 54 6 55 79 53 11 69 98 8 69 92 60 91 69 32 9 14 39 46 98 65 39 30 94 47 51 27 95 86 79 29 99 38 54 72 37 92 5 62 12 76 14 84 46 4 11 29 18 12 53 92 22 68 62 17 56 51 27 21 5 41 36 83 98 87 95 99 18 17 62 85 60 98 35 36 64 72 81 97 61 31 56 76 3 89 14 81 3 97 51 82 45 58 11 96 45 96 84 55 39 60 46 69 71 71 54 65 75 24 83 70 20 81 20 10 4 5 0 1 71 27 43 46 16 6 71 0 78 23 5 91 93 52 50 49 99 15 92 52 92 99 59 24 97 76 40 9 99 78 17 37 68 65 95 22 98 3 15 37 53 25 88 10 23 95 42 53 48 41 31 28 33 11 21 73 3 31 78 25 87 45 24 79 54 75 42 65 12 43 65 35 69 29 91 34 22 78 30 79 78 99 32 99 42 58 27 16 64 65 20 63 57 27 4 16 59 48 21 86 84 66 32 97 50 34 82 46 29 26 91 63 19 98 59 81 43 62 5 82 45 12 33 9 51 7 90 94 98 79 1 4 71 10 62 98 40 57 85 69 69 31 98 81 32 50 39 57 100 12 57 65 45 33 79 58 85 93 4 35 44 38 81 13 88 70 15 81 73 9 69 68 26 98 56 13 86 13 2 15 86 88 38 80 14 27 26 58 93 34 56 32 83 61 91 18 47 65 11 34 47 75 1 47 73 43 88 70 46 54 95 73 12 68 15 26 57 98 50 84 59 30 38 76 73 27 8 
3 57 55 56 79 51 6 38 99 98 9 10 83 82 46 60 72 11 83 19 64 47 58 92 98 48 46 22 79 4 24 26 12 97 11 26 39 10 20 69 96 0 71 4 31 47 49 56 89 2 63 70 12 57 37 9 92 81 50 80 39 89 27 97 84 54 45 23 76 58 83 51 51 62 94 10 65 12 6 91 57 49 87 35 49 66 76 16 90 35 32 69 11 4 80 84 59 51 21 25 55 4 37 36 67 28 7 81 18 67 100 91 40 76 35 58 64 94 9 12 77 80 88 72 10 74 49 28 39 66 87 26 84 56 59 84 24 65 0 88 90 94 8 86 1 27 85 13 19 37 60 11 67 82 8 4 33 74 8 0 22 54 33 82 69 75 10 74 89 74 90 1 55 40 56 17 87 71 93 74 77 74 0 32 73 12 89 38 32 71 87 38 2 20 65 46 51 49 26 28 52 68 94 91 24 83 46 99 47 74 37 60 52 35 98 96 29 97 61 82 43 84 24 9 83 75 49 60 59 27 75 20 52 84 89 54 79 66 94 65 21 95 33 68 63 65 100 90 45 82 26 9 47 18 21 91 38 89 12 46 100 72 21 3 23 59 31 58 75 42 89 41 92 45 20 36 82 67 60 5 48 27 55 8 47 32 41 16 68 95 40 73 4 57 93 54 53 65 20 14 1 23 7 22 85 57 26 18 49 24 57 51 48 3 57 98 59 27 14 54 98 54 50 48 44 32 41 97 20 9 98 83 20 59 35 38 13 39 82 61 5 37 77 55 86 51 52 21 77 28 59 34 97 66 74 42 77 9 67 0 47 50 98 54 72 96 68 27 21 47 43 20 79 54 86 46 61 12 52 22 2 85 51 21 38 40 57 29 13 63 22 40 17 31 34 91 55 17 56 45 81 22 9 28 66 15 25 62 96 35 62 93 75 76 39 73 74 49 55 11 31 98 1 20 46 13 95 80 41 78 76 64 17 44 75 82 3 47 57 40 38 59 50 88 69 72 95 49 39 59 87 70 7 55 16 28 63 91 35 66 82 19 26 42 100 99 75 46 8 95 13 89 75 39 6 15 23 14 29 54 61 7 18 81 27 87 53 69 67 66 70 24 12 42 56 78 18 52 84 66 
69 43 31 95 99 44 91 62 70 15 75 38 13 26 12 75 97 63 48 95 94 45 59 74 31 22 39 18 53 22 45 94 60 32 13 52 15 2 8 9 40 95 62 94 76 93 94 44 37 17 76 73 80 44 23 58 43 65 64 14 82 40 58 53 5 71 43 93 55 2 85 30 61 92 82 9 74 42 25 62 6 1 79 66 25 56 23 43 46 89 23 26 59 99 9 27 62 5 57 91 49 18 48 17 81 1 93 68 86 91 8 56 67 38 10 94 98 94 89 94 16 85 89 37 6 58 19 48 32 73 26 36 5 23 24 1 88 76 89 8 74 10 99 59 89 92 59 72 88 81 8 95 3 63 75 47 35 14 50 33 65 57 23 73 19 22 96 48 2 80 28 60 79 81 88 51 68 96 66 5 37 65 89 21 99 17 50 47 37 24 91 82 21 63 80 86 77 92 8 57 95 27 63 86 51 69 85 33 88 51 35 100 43 84 31 81 85 82 71 31 56 85 8 42 28 81 32 49 0 35 97 78 20 72 59 31 50 18 50 17 32 31 54 43 13 69 86 49 74 64 98 97 39 58 22 77 58 56 20 17 1 37 75 38 97 62 62 12 7 77 67 45 10 41 85 60 49 56 22 92 45 60 3 95 58 88 34 41 38 31 11 23 85 23 82 21 80 58 63 31 41 42 12 70 57 88 94 27 20 82 48 42 17 14 16 79 69 45 99 31 71 49 39 53 51 30 65 48 35 78 92 91 61 85 6 48 57 41 73 78 18 86 3 48 89 43 52 54 44 99 85 41 89 28 42 43 64 90 92 27 62 8 40 26 28 23 58 50 82 39 31 60 28 9 67 96 94 70 87 16 23 70 79 6 57 67 24 39 64 100 1 99 77 33 99 40 99 61 75 39 73 67 45 0 0 100 93 61 54 6 53 58 92 50 92 97 5 31 1 4 51 88 95 31 51 100 85 52 28 64 33 20 19 73 23 6 100 96 99 26 55 22 51 31 49 73 46 2 13 81 24 32 77 61 33 78 21 59 74 81 29 14 96 16 76 75 79 95 24 3 38 83 85 73 88 36 42 67 20 83 61 90 19 5 40 5 17 74 66 18 31 76 40 87 31 88 85 69 82 67 
49 89 67 51 26 58 94 92 3 83 86 67 29 28 7 69 25 54 21 46 59 26 61 91 30 83 69 9 90 7 55 36 85 10 67 91 85 69 45 61 55 75 99 71 98 85 92 38 66 96 13 26 53 17 3 64 49 6 93 44 57 46 72 33 23 97 84 76 79 94 99 88 42 69 35 95 47 42 36 73 80 7 51 31 74 99 81 72 14 33 67 95 29 37 100 14 83 56 36 33 84 59 34 50 56 17 69 7 66 13 72 90 12 39 86 6 7 76 80 80 62 8 36 28 12 13 34 84 100 1 23 49 90 82 1 67 34 46 75 83 55 41 100 32 14 56 52 21 92 36 92 3 72 73 24 3 8 14 68 46 45 24 72 22 80 63 90 17 24 5 31 35 35 83 14 67 65 41 100 59 68 39 92 82 26 62 90 65 33 88 43 5 40 30 55 3 94 64 96 3 74 23 61 27 5 28 6 51 54 21 5 68 74 97 42 54 32 34 37 70 36 9 19 11 28 56 0 44 99 70 53 12 6 89 16 82 16 75 76 96 64 4 79 71 60 46 85 80 80 10 0 6 33 10 60 34 72 75 83 62 85 10 70 49 79 45 99 4 24 39 11 55 69 67 87 14 70 46 0 7 54 90 26 90 71 89 60 75 40 97 45 9 57 67 49 76 93 3 48 44 43 17 13 18 91 11 76 43 69 31 6 30 85 97 91 8 35 20 100 23 48 13 96 22 57 82 84 65 68 40 92 63 53 65 31 7 50 24 61 95 97 86 98 3 96 19 13 60 78 53 99 75 85 46 91 59 20 98 26 76 78 24 71 6 45 67 29 96 25 81 45 16 9 97 36 78 41 2 41 31 20 47 86 46 98 13 37 23 10 26 2 82 74 5 5 100 38 47 52 14 27 59 99 82 40 19 10 85 71 61 21 86 39 32 34 97 42 18 14 83 97 30 62 26 62 91 3 13 94 99 43 31 41 97 48 89 83 43 24 15 12 12 83 3 80 94 40 10 11 34 7 20 52 45 62 45 56 80 23 53 17 32 45 3 59 64 87 78 96 64 61 6 71 75 10 85 75 72 65 13 18 12 53 10 36 0 23 34 71 82 28 70 64 4 58 39 4 71 14 37 
51 58 27 5 39 97 96 31 20 33 95 17 57 35 99 55 7 52 54 41 12 64 21 56 37 34 39 46 21 72 77 17 98 12 43 45 97 67 8 86 60 36 3 5 71 18 86 3 27 86 6 62 75 46 9 72 98 46 97 1 58 67 43 61 9 43 63 95 62 17 8 43 85 45 47 38 0 89 20 45 49 18 31 18 46 85 28 100 89 41 33 56 29 40 92 66 96 10 48 54 43 56 87 30 36 0 27 14 3 61 27 24 38 31 82 84 79 54 69 72 85 37 86 50 67 11 49 2 19 72 69 37 84 48 53 27 29 62 6 83 8 70 85 10 58 91 100 1 9 14 34 56 77 81 33 9 62 77 51 70 19 72 53 27 94 76 74 46 70 96 98 83 6 98 22 35 16 24 66 30 3 100 1 38 61 96 38 89 40 46 13 100 9 0 56 75 58 53 75 33 29 74 13 91 66 35 7 43 54 12 98 71 27 6 74 83 61 19 56 36 83 27 25 51 84 46 20 1 16 19 34 16 84 7 2 14 90 98 95 49 92 74 83 65 71 45 8 71 17 90 25 35 25 17 73 80 80 73 88 23 93 28 12 75 35 90 32 39 74 36 70 21 78 43 62 84 38 33 32 13 1 36 24 40 88 61 80 80 85 15 48 3 55 30 16 88 74 19 76 77 65 94 33 62 96 81 73 15 9 72 72 2 60 64 54 40 63 100 59 25 95 35 72 80 82 34 7 69 3 58 8 95 31 63 55 33 64 12 94 60 76 54 70 9 97 35 78 10 28 15 13 49 43 19 34 91 96 59 7 87 8 24 6 52 32 56 50 10 42 7 91 74 33 53 75 31 28 20 57 97 19 72 77 35 84 44 6 71 86 55 33 44 49 71 52 83 34 24 40 24 27 17 14 83 51 85 93 49 28 67 76 18 19 44 39 35 22 1 64 8 85 96 52 99 100 53 90 27 26 85 37 56 71 25 8 46 7 32 50 70 95 59 96 99 57 16 9 13 50 42 67 50 92 28 72 15 25 7 0 48 66 29 36 66 87 30 71 68 41 96 93 44 50 84 46 26 38 62 45 93 35 99 32 73 1 71 11 69 13 93 41 91 33 99 71 59 90 6 21 89 
100 39 34 41 96 48 40 47 75 100 51 86 13 75 30 67 48 86 5 17 5 11 7 28 91 29 54 78 76 23 20 33 68 60 86 60 73 78 5 4 60 81 35 47 66 18 26 73 17 42 49 34 91 19 30 36 93 76 37 79 60 86 89 57 85 25 88 88 17 76 87 35 89 36 16 38 43 58 8 26 69 87 19 60 56 82 35 20 56 46 92 66 39 68 0 26 99 49 46 28 37 25 70 40 17 54 86 99 73 62 9 82 98 56 42 68 36 30 58 31 81 82 38 4 0 87 15 59 74 50 39 65 91 41 48 75 100 25 43 83 16 85 57 37 41 32 14 19 48 97 14 10 41 86 2 11 53 4 79 40 40 72 58 33 87 75 60 22 16 89 64 42 4 0 66 27 75 61 34 36 4 8 84 29 10 1 60 100 46 84 77 53 64 77 7 93 1 54 65 82 63 75 46 91 39 79 37 60 52 88 77 40 0 84 74 88 18 19 33 45 21 51 71 3 91 57 33 24 51 15 41 64 34 19 8 75 33 19 79 71 0 34 20 91 54 14 54 20 40 27 32 88 40 89 36 60 79 34 12 21 19 19 20 80 23 44 40 100 43 64 82 76 35 95 61 20 32 9 20 97 100 4 95 68 39 21 100 34 2 36 36 69 62 15 43 97 32 55 48 78 71 1 31 1 79 95 41 14 21 1 43 77 84 50 23 15 51 20 17 74 48 55 66 80 85 68 39 91 2 87 9 1 11 56 47 29 59 95 39 82 68 57 95 52 9 16 21 83 29 83 10 48 77 66 84 71 92 36 85 37 46 60 53 54 83 36 51 69 58 30 27 75 33 72 13 40 10 61 61 18 32 27 31 7 42 56 66 87 74 40 75 31 80 60 16 35 43 57 86 68 29 84 57 12 59 8 80 74 85 66 96 69 97 13 35 49 20 56 17 77 31 88 66 95 82 55 65 46 55 84 47 52 96 94 38 42 62 15 99 51 86 74 96 18 95 78 40 65 25 83 50 82 51 45 31 48 76 63 20 90 42 91 77 16 81 73 42 82 14 48 30 11 93 16 68 75 2 3 42 6 86 38 74 62 87 81 31 69 63 24 93 39 82 35 35 74 44 48 88 51 
89 77 26 9 22 98 58 61 63 88 40 15 4 58 38 50 85 82 47 29 45 64 97 4 90 45 4 96 98 67 29 55 8 53 67 85 66 78 64 23 32 23 71 25 41 63 92 52 66 54 56 93 32 93 70 59 4 76 71 42 69 11 6 73 85 33 34 62 71 61 77 31 65 98 77 43 42 82 11 80 92 9 37 25 41 44 68 52 3 73 27 74 32 56 39 44 47 75 61 91 95 18 93 81 8 73 44 22 11 99 29 43 78 83 85 39 93 50 50 78 13 4 35 53 50 58 44 92 73 84 86 78 89 69 50 61 12 18 41 5 68 87 72 99 71 2 40 87 54 8 54 29 43 34 18 95 74 4 81 1 27 76 66 63 52 40 49 0 40 56 46 12 34 36 79 33 15 76 57 69 97 77 62 39 71 50 91 18 17 20 5 10 51 36 27 47 10 40 28 36 11 20 1 4 99 8 62 75 75 10 7 44 92 98 40 71 43 96 36 93 22 9 95 84 48 86 43 99 81 9 99 59 49 76 100 98 81 75 93 2 23 53 45 48 65 8 79 52 3 96 53 60 33 49 32 81 60 53 38 87 99 80 36 50 87 75 22 61 17 59 95 47 61 1 5 85 84 78 63 66 91 33 89 53 66 85 100 36 35 57 22 82 8 52 68 20 94 65 70 21 22 13 21 20 71 56 68 77 10 36 56 7 87 22 88 97 79 80 98 74 18 64 40 66 51 38 74 69 36 20 5 30 63 51 20 40 13 71 21 63 35 39 72 23 90 15 98 85 26 0 86 51 55 16 3 44 34 60 93 99 50 91 45 40 6 47 55 55 4 84 66 92 16 34 83 56 83 36 52 40 80 93 15 45 66 50 3 86 20 90 14 94 14 30 62 32 72 95 44 9 71 12 67 7 22 97 88 27 14 1 87 32 94 89 94 30 47 14 67 10 23 3 35 51 34 22 10 32 49 12 72 21 15 6 78 41 32 67 60 12 59 73 81 8 9 66 76 77 29 41 45 89 90 62 41 47 14 10 14 82 22 68 64 25 87 43 38 70 3 74 10 37 48 13 77 41 10 99 84 6 90 46 92 0 40 11 89 8 39 78 33 65 9 78 65 67 24 60 83 46 
20 55 49 4 4 76 31 16 35 69 23 58 0 22 50 58 66 45 45 41 22 59 16 71 48 73 28 8 18 7 45 73 3 23 26 81 50 48 71 47 92 18 26 94 68 31 27 13 57 78 74 33 95 63 36 50 21 65 76 3 75 56 29 32 75 50 85 25 93 18 71 42 46 72 53 97 50 2 40 53 83 18 84 98 75 36 73 71 28 37 58 83 4 14 97 25 67 94 15 37 91 25 9 6 74 47 78 73 71 57 99 43 16 33 62 30 44 1 22 17 36 27 54 29 49 69 38 70 77 33 48 30 20 14 95 45 93 77 53 37 48 64 44 43 80 43 53 36 71 44 100 73 10 53 37 73 7 64 60 4 41 76 84 30 97 2 98 82 66 44 88 30 37 49 42 78 91 51 11 68 71 96 40 27 97 9 96 16 51 47 98 55 14 82 9 87 40 25 6 96 48 16 35 33 77 58 17 28 77 52 38 28 39 7 72 96 46 18 9 60 12 59 69 52 42 1 48 95 3 50 41 30 74 80 78 7 60 58 99 87 88 45 60 14 89 39 67 83 16 72 96 60 79 46 63 50 87 90 98 88 35 93 36 62 87 27 23 31 33 82 45 84 96 50 61 32 10 42 24 37 8 8 66 6 6 12 84 71 34 34 39 71 21 18 51 36 79 40 21 30 59 18 34 36 48 31 0 1 55 80 61 68 66 73 4 46 35 27 27 98 73 87 30 84 96 1 77 25 94 87 0 79 67 49 32 100 65 99 63 86 76 26 90 21 72 21 88 6 6 7 4 56 50 43 49 91 52 0 99 12 22 52 75 46 96 51 43 58 98 81 67 62 47 78 68 48 23 74 75 73 48 80 50 91 27 79 69 39 92 34 99 9 18 10 27 94 78 57 48 51 8 82 59 72 46 65 2 78 12 4 68 1 2 1 80 3 17 54 34 14 42 94 85 7 39 55 34 37 28 60 45 86 4 69 52 59 90 82 13 73 99 20 10 76 11 29 55 27 17 77 40 10 66 93 17 54 4 52 76 50 49 70 39 82 34 30 84 99 74 32 44 57 25 77 8 11 16 92 26 54 34 16 72 11 7 84 55 48 24 66 21 45 0 95 47 56 59 30 84 8 
98 75 17 92 73 71 0 50 96 32 22 52 17 23 40 51 73 88 54 45 55 31 78 31 0 57 41 1 13 55 86 92 73 5 94 27 15 95 32 33 51 49 68 57 50 28 17 66 50 15 81 49 37 38 89 83 82 58 65 56 93 36 64 1 54 71 57 80 40 45 63 77 75 24 82 10 26 20 86 65 56 70 74 3 59 9 32 31 24 80 9 96 21 79 12 33 50 94 47 74 50 40 72 64 91 44 63 43 90 88 78 40 66 27 4 44 55 55 5 71 92 11 0 39 26 56 83 39 20 93 11 76 57 88 44 9 58 13 12 37 41 89 18 36 68 10 4 50 11 2 83 68 60 76 42 62 87 76 43 33 1 18 13 17 53 3 12 97 76 10 49 38 89 49 100 25 31 30 74 14 7 29 26 80 12 28 51 79 55 4 3 39 91 70 33 13 78 36 64 26 14 66 2 44 60 86 37 99 80 12 99 7 50 33 37 91 75 42 44 9 57 18 94 72 77 14 85 65 29 33 61 85 25 41 84 99 77 48 9 6 54 77 44 23 11 8 81 8 18 77 17 83 15 83 39 35 38 38 92 48 93 11 32 57 5 85 97 14 79 42 62 52 95 67 24 4 87 49 94 89 47 6 43 80 30 53 80 30 65 53 92 71 24 71 39 33 34 96 32 86 15 89 18 85 100 72 95 28 90 42 67 71 65 14 80 84 58 32 25 52 39 44 14 46 70 33 89 99 72 23 61 50 25 43 38 92 85 47 73 67 95 56 76 81 1 67 62 99 69 68 51 42 27 34 0 0 23 83 97 48 99 12 41 33 7 64 70 69 27 36 74 96 80 91 97 14 100 79 22 42 76 16 39 25 13 40 29 88 58 24 6 23 41 50 41 10 73 25 70 27 87 74 100 0 69 43 79 22 51 87 73 45 99 72 39 93 73 46 46 65 51 18 75 62 60 25 80 13 68 75 60 17 34 30 10 99 12 72 15 9 47 18 90 20 1 4 65 28 48 22 63 50 21 73 85 22 26 68 73 57 67 20 96 100 52 8 45 69 73 44 59 78 16 61 71 0 31 59 24 56 30 59 84 47 30 22 95 27 22 27 35 5 61 70 2 5 66 73 72 64 
10 38 33 7 28 59 40 75 36 36 30 72 7 74 82 31 49 51 22 37 95 64 81 89 45 27 75 66 83 78 61 45 67 82 87 34 81 28 39 35 17 86 53 46 4 93 79 43 76 34 84 61 45 3 14 100 54 0 9 56 49 35 76 95 8 78 11 20 95 44 55 71 1 70 86 66 49 38 65 66 79 15 94 69 53 79 21 54 47 86 81 48 11 16 99 22 14 94 9 96 23 57 98 29 50 84 77 100 94 34 86 8 30 29 63 79 28 91 26 57 93 74 9 61 35 19 85 95 27 24 23 33 89 53 75 66 47 2 86 16 67 28 95 21 58 21 63 26 49 47 89 27 56 32 49 30 9 42 7 63 70 41 26 51 59 49 44 7 92 57 7 0 91 94 42 53 49 20 56 96 94 17 34 68 86 32 11 11 11 72 60 26 57 55 51 6 69 0 66 44 59 8 24 83 59 56 93 9 55 1 100 81 48 96 60 33 79 48 84 56 59 96 9 98 29 82 63 33 54 39 29 78 64 39 14 3 10 34 16 88 85 30 60 17 95 42 28 7 16 95 66 99 5 61 30 74 32 89 12 59 56 66 48 2 85 4 12 42 73 43 7 38 62 63 45 67 47 100 32 34 21 14 97 99 61 27 24 53 71 29 22 30 56 81 7 4 67 34 88 93 39 85 49 24 41 70 64 9 95 99 5 89 95 100 16 41 65 38 67 99 58 45 76 37 84 36 48 91 7 45 44 58 88 9 13 19 80 17 81 8 27 76 8 86 32 49 77 9 46 34 6 16 35 7 42 23 38 71 3 70 6 56 38 34 75 18 84 30 27 78 9 16 28 70 23 89 31 41 66 87 78 90 96 19 11 91 44 97 27 92 92 58 74 74 92 74 78 59 67 86 97 42 55 54 51 15 86 67 55 25 33 10 47 85 57 76 75 100 50 74 23 35 86 6 61 14 67 0 0 6 15 3 33 94 70 20 100 9 62 91 92 46 36 27 8 22 26 34 93 73 80 68 94 35 10 17 83 58 65 69 82 91 26 49 83 14 29 35 37 7 48 43 8 63 42 42 56 5 4 18 22 62 34 19 83 94 35 60 91 65 16 50 41 6 10 1 2 90 48 9 
85 95 33 80 23 70 30 30 45 22 36 76 91 41 54 62 11 74 7 96 94 65 7 20 14 48 49 20 42 83 4 3 71 54 89 95 14 97 58 53 4 11 17 87 74 46 90 20 47 90 18 83 3 56 74 19 10 71 14 85 24 90 50 4 58 81 61 31 0 28 41 54 90 14 69 20 7 81 48 3 11 32 56 5 99 81 33 73 93 12 98 78 34 22 6 22 31 97 60 90 78 72 1 19 86 19 1 47 87 85 96 52 77 74 42 19 83 2 14 51 79 14 65 92 90 67 68 88 56 77 33 12 6 42 45 56 95 71 70 25 56 21 59 66 89 79 19 10 31 12 41 5 49 23 52 62 65 78 9 89 53 83 99 91 1 70 40 40 56 70 86 91 60 91 20 15 36 52 34 92 8 70 41 57 26 39 30 72 50 59 31 7 61 2 76 7 20 76 58 21 79 69 5 23 20 54 35 68 34 83 52 58 12 8 74 86 92 32 31 56 53 95 36 33 13 66 32 82 56 14 21 4 83 86 75 44 54 68 99 27 66 44 50 58 90 18 68 97 35 14 19 56 61 39 31 2 79 48 74 73 78 5 45 97 6 25 18 95 63 15 53 27 98 6 21 36 76 18 66 64 47 28 12 63 89 49 12 24 100 6 14 71 17 19 53 99 35 69 44 85 74 98 62 28 93 97 20 55 84 86 75 5 27 97 47 8 48 4 91 77 11 10 56 92 48 23 12 83 17 17 52 64 30 84 14 14 61 18 39 70 52 40 21 68 71 59 59 74 8 89 2 92 70 86 43 87 14 94 75 7 77 86 87 85 41 80 36 29 39 69 20 18 72 9 4 5 52 87 13 27 0 70 5 45 60 29 26 42 51 74 61 71 53 45 68 10 43 3 2 0 87 53 53 90 51 45 62 36 39 100 86 83 65 11 60 44 51 55 86 95 38 94 70 97 83 20 81 64 6 69 57 90 100 28 45 27 88 65 74 56 80 84 98 33 53 79 23 88 78 73 69 55 34 71 98 13 76 97 59 90 83 0 34 81 84 67 34 59 20 45 38 3 75 14 45 71 82 25 28 62 77 2 29 49 54 70 18 27 21 18 56 61 16 3 88 45 7 95 22 93 
3 63 64 44 69 22 43 8 48 7 54 26 30 45 31 67 45 1 62 36 24 24 60 93 33 11 92 84 58 15 34 28 100 3 61 96 41 65 69 9 16 60 81 16 34 86 48 6 18 6 86 3 9 53 15 96 65 13 38 28 97 88 14 81 13 30 80 8 29 18 36 70 9 9 10 99 88 20 6 81 33 78 46 34 95 23 31 7 8 62 3 90 18 18 37 57 24 48 27 1 96 79 92 64 44 3 1 26 29 17 91 65 77 4 51 36 43 78 8 87 44 46 63 37 47 29 46 61 20 17 32 27 35 7 72 33 25 87 45 10 91 84 64 28 67 13 12 48 86 75 38 21 94 33 30 36 3 38 94 6 34 23 68 45 51 23 63 89 52 89 94 28 38 11 54 71 0 93 23 42 74 45 21 20 18 44 62 33 17 24 78 74 76 18 90 19 34 16 74 35 41 27 30 2 48 71 19 47 8 46 95 62 90 3 9 42 81 22 7 78 66 49 43 11 98 1 29 18 37 59 31 70 65 94 5 96 0 49 84 95 57 16 30 28 19 10 83 51 53 14 42 36 19 51 56 97 96 73 5 21 99 10 62 59 20 10 34 41 29 66 99 55 22 20 17 32 12 46 81 81 7 33 66 2 65 30 32 60 28 9 89 34 65 12 19 99 15 7 22 93 2 30 81 51 2 31 18 19 62 81 34 28 24 13 3 47 7 56 77 91 43 52 97 18 87 53 69 77 100 64 58 5 34 81 18 57 89 55 38 100 21 80 18 18 42 39 21 95 44 32 45 74 27 40 56 30 90 50 23 85 14 36 64 33 45 51 30 28 77 38 93 9 67 53 57 1 88 45 9 28 36 15 18 29 57 27 22 29 15 7 67 76 34 36 86 100 95 77 19 63 77 73 14 55 55 18 52 41 8 22 38 67 96 47 10 88 5 44 56 1 41 18 19 80 9 97 71 100 70 24 55 12 62 26 47 96 60 27 60 62 77 91 70 91 24 25 14 18 19 35 63 28 34 71 86 83 1 36 35 29 18 74 83 90 62 93 21 43 96 16 51 23 32 35 80 32 21 2 38 100 92 7 59 33 58 39 57 15 90 1 38 88 4 4 92 9 7 93 47 85 
4 82 71 8 91 44 93 66 45 95 3 62 76 55 8 69 22 27 54 94 59 1 29 85 20 17 30 51 0 17 80 97 60 14 54 97 64 30 56 91 65 60 49 2 16 82 16 16 7 93 9 11 94 87 50 40 8 11 27 35 27 73 2 57 84 2 49 41 59 28 62 64 85 65 56 21 26 95 83 95 5 76 43 86 78 51 31 25 48 47 99 35 80 57 94 8 97 72 88 35 21 49 36 91 50 5 57 35 96 73 35 34 46 73 14 64 79 60 31 28 28 36 80 73 57 100 83 70 45 28 82 6 93 92 4 4 75 8 52 50 18 85 58 79 14 97 48 77 35 75 33 14 23 2 50 62 47 63 54 97 79 11 66 82 19 21 81 25 34 30 90 62 98 4 47 14 26 75 82 73 97 36 20 65 84 95 99 47 92 29 46 29 13 72 93 37 73 95 26 15 64 39 95 73 75 91 69 97 95 99 8 40 65 25 62 10 81 71 96 24 85 39 62 67 81 65 100 75 38 85 9 72 82 12 17 67 76 47 49 93 85 44 3 12 80 24 3 84 59 93 24 89 46 33 10 78 15 45 39 52 76 72 94 29 22 17 8 2 28 60 73 96 65 22 78 18 90 15 75 16 26 75 58 79 18 72 86 92 54 70 49 96 31 10 38 33 4 16 8 75 90 84 37 8 83 59 84 82 72 81 75 38 27 16 66 11 27 86 70 32 58 15 7 84 35 68 39 26 80 46 39 11 41 86 15 26 39 47 75 93 67 47 19 3 80 65 7 67 28 54 12 19 32 47 39 24 56 63 43 82 99 42 76 76 16 85 46 83 60 73 42 2 65 81 63 95 21 13 98 12 7 13 24 45 18 54 95 43 89 96 90 4 23 1 36 19 51 94 59 96 56 20 77 56 25 90 38 49 50 10 27 84 74 3 2 1 60 80 3 20 61 75 90 29 82 75 50 30 11 5 36 76 21 6 87 67 3 27 79 9 44 79 59 56 91 8 58 99 3 10 39 69 91 29 12 1 21 89 90 60 6 46 18 57 89 49 19 49 79 49 83 9 74 35 0 85 67 54 81 20 72 3 29 76 100 50 100 38 98 63 89 80 67 57 40 10 57 77 43 47 
37 65 69 75 1 77 8 77 24 83 64 50 57 94 98 79 36 28 71 4 35 94 12 2 31 17 57 5 28 35 3 20 37 34 3 44 90 96 9 40 51 77 44 21 17 13 83 7 99 14 28 5 73 65 72 80 70 69 33 83 4 6 56 27 53 1 22 82 56 83 48 95 1 75 52 79 32 76 8 51 7 96 72 43 46 21 52 71 69 66 31 31 28 45 94 96 63 5 74 1 12 86 12 35 85 53 55 70 48 93 56 100 72 3 13 0 37 13 13 23 12 1 68 82 87 39 57 30 85 42 69 79 72 22 40 18 25 97 96 69 81 75 69 28 26 47 55 5 1 98 50 49 22 27 3 61 53 78 3 81 90 34 58 83 38 29 70 23 75 83 100 21 71 79 43 51 16 10 21 70 93 3 13 4 74 97 73 17 17 98 17 99 68 90 64 13 88 61 17 16 11 71 91 89 75 33 91 47 20 55 21 7 97 17 88 99 89 26 40 75 81 35 41 54 56 70 3 2 0 76 19 20 87 92 82 72 39 21 89 6 100 11 82 50 25 81 97 61 68 15 18 55 15 43 0 99 89 57 50 37 79 52 98 61 22 47 61 63 84 5 80 92 93 68 91 61 64 20 35 44 13 49 26 45 35 53 25 47 37 44 15 3 99 16 18 85 26 52 67 79 49 85 37 26 78 67 26 74 99 81 13 74 82 50 43 24 42 80 52 70 23 75 24 70 62 94 7 31 6 23 9 51 34 4 9 31 98 44 33 69 66 50 11 15 34 5 92 56 37 71 94 6 36 72 23 96 27 47 65 47 15 17 40 69 28 87 7 30 68 95 8 3 45 92 25 2 73 2 2 90 78 39 23 79 51 8 6 6 48 58 74 23 95 54 38 37 28 84 37 82 81 34 35 48 59 64 56 0 7 31 28 5 65 37 16 61 39 45 86 48 28 18 85 38 71 89 26 26 80 81 2 19 94 35 89 62 21 60 10 5 92 17 45 64 53 29 34 60 69 26 37 78 79 49 0 94 20 43 58 55 79 58 49 42 30 68 29 48 12 14 29 13 97 11 71 36 49 0 68 27 52 8 82 94 75 15 48 34 73 62 73 91 64 42 52 38 89 87 28 27 
92 29 56 10 97 24 86 91 27 97 69 98 23 96 33 20 6 8 8 51 21 0 14 100 15 91 25 0 26 68 6 39 80 3 72 90 76 85 95 0 28 76 33 15 89 23 40 3 35 55 56 45 38 52 86 48 83 85 8 59 96 6 7 4 19 30 16 40 85 100 69 31 91 11 97 74 32 81 75 1 54 34 2 100 61 74 94 12 40 78 11 19 43 51 56 48 13 97 4 62 15 38 36 14 46 88 67 83 66 70 77 79 65 34 1 31 66 26 54 100 57 15 81 79 87 95 95 24 39 0 5 93 18 67 80 85 50 58 10 20 48 79 66 56 88 14 65 30 57 65 38 62 78 49 77 72 88 78 71 32 38 96 94 62 26 1 44 60 78 3 14 46 65 83 66 36 28 89 92 30 3 62 8 24 57 45 59 22 72 12 36 19 26 74 60 10 80 7 84 72 5 87 26 70 13 51 37 60 24 78 61 44 55 89 70 23 5 95 79 67 8 2 9 63 9 93 66 54 55 79 47 54 63 20 23 61 29 47 18 0 62 73 81 73 41 93 20 35 98 77 45 17 97 70 37 44 38 92 93 39 68 8 83 52 83 5 71 31 15 93 13 1 3 63 72 69 65 94 0 9 26 75 77 4 25 56 47 11 28 71 89 83 47 47 31 28 31 94 22 60 67 77 31 24 32 69 69 13 62 56 65 44 95 49 11 73 82 75 85 2 20 28 13 76 60 75 65 54 93 17 84 12 34 83 30 29 66 37 35 16 84 94 20 37 64 1 22 56 3 41 47 51 3 43 87 84 23 75 22 96 79 32 42 7 37 16 92 15 41 42 69 45 22 73 97 52 53 63 97 80 48 84 90 84 82 22 27 81 100 98 61 49 68 80 5 97 78 21 38 50 82 8 50 32 39 63 43 25 85 81 46 59 52 91 58 84 36 29 49 74 57 30 54 56 18 38 9 66 15 85 94 61 57 34 95 86 86 95 41 75 18 11 52 90 58 53 55 17 15 88 23 99 79 15 7 7 15 33 31 93 47 9 97 83 73 100 65 25 14 28 65 72 52 51 73 1 84 55 51 42 17 50 65 78 65 98 90 90 47 99 20 78 43 35 93 69 71 72 63 82 
9 28 39 88 71 68 93 73 9 42 70 23 45 55 5 69 84 6 29 0 9 77 1 70 77 41 72 77 76 59 2 36 96 36 74 14 27 79 24 2 100 93 50 30 77 11 78 58 67 39 25 75 9 73 23 28 90 20 88 72 71 85 50 71 55 14 12 89 40 58 14 14 30 21 15 51 3 46 4 20 23 61 63 0 69 58 50 31 75 24 30 35 97 48 49 64 50 79 6 33 91 48 83 30 19 47 60 9 91 92 49 81 46 33 7 74 5 47 21 19 84 38 96 10 4 95 32 22 23 9 10 60 59 72 72 84 45 0 10 100 48 78 46 17 28 14 24 54 87 66 96 52 94 79 59 19 31 22 33 8 8 33 21 76 27 50 40 68 67 87 9 74 30 2 25 13 20 90 5 8 75 81 69 42 34 97 58 91 28 1 4 24 76 75 6 61 27 4 4 62 39 59 73 96 55 26 9 7 82 0 93 1 66 36 50 47 74 30 47 95 35 78 100 7 96 1 86 22 17 11 34 91 25 74 67 59 55 57 30 56 80 21 71 26 92 40 85 56 38 17 5 98 23 25 34 4 37 15 87 58 7 43 35 60 97 56 8 23 11 51 79 28 37 1 47 21 19 64 97 13 54 40 63 100 27 48 49 29 22 80 32 96 40 4 79 28 67 52 58 46 16 39 89 41 89 1 82 87 65 34 59 42 35 11 82 57 88 56 50 59 7 3 82 27 61 0 4 0 38 23 11 16 6 32 88 98 12 80 50 7 9 63 74 26 63 10 4 19 99 51 3 46 3 44 4 96 48 12 98 6 13 40 2 59 89 38 41 28 82 26 58 75 21 39 24 85 100 49 77 71 26 43 91 2 0 57 53 70 19 88 12 39 48 50 3 33 25 89 30 84 38 10 23 87 86 43 76 46 43 14 65 84 57 68 34 46 7 1 42 35 74 32 39 84 17 75 36 75 95 31 70 34 70 23 87 73 40 51 58 89 58 33 79 23 87 67 73 77 22 72 84 56 19 77 43 23 2 84 94 82 38 33 22 73 45 91 25 16 39 39 87 60 51 57 60 50 84 87 27 48 52 0 5 76 38 51 62 85 13 89 41 80 71 46 19 14 55 7 52 37 
0 49 0 66 25 44 27 63 97 33 71 82 8 11 7 83 17 97 74 26 89 34 47 46 33 66 25 35 6 27 34 4 2 63 58 68 44 0 89 32 78 57 17 31 56 11 6 1 1 64 24 93 80 48 55 43 59 48 39 87 13 32 69 29 36 16 5 95 53 91 51 54 96 86 98 4 76 61 59 56 36 25 47 60 28 32 3 71 61 77 4 99 39 33 40 66 17 84 15 7 4 60 81 67 35 55 27 84 16 17 7 71 62 5 26 90 80 39 11 87 20 57 38 15 35 38 30 57 7 36 66 39 7 35 42 1 67 19 47 40 25 46 30 7 0 21 68 85 54 29 48 90 18 62 77 1 26 14 52 42 37 92 3 96 32 58 63 63 5 28 89 30 30 93 78 54 67 99 16 65 54 13 7 10 96 65 36 6 100 19 40 38 52 22 4 17 12 96 33 1 6 27 95 23 41 89 48 42 43 19 76 55 78 80 39 47 42 98 28 4 9 77 16 72 10 61 61 5 63 6 36 9 0 39 96 47 17 50 17 95 40 19 72 84 71 98 26 41 38 74 44 28 29 98 1 62 90 75 86 1 18 43 0 16 92 2 37 2 51 10 77 31 51 82 100 90 7 37 52 12 14 2 93 54 98 81 100 25 24 10 60 62 48 82 24 31 36 39 67 7 55 34 44 63 9 18 8 23 14 98 84 77 23 68 62 60 86 33 2 14 19 46 60 20 57 100 2 70 49 70 16 29 49 38 31 28 19 46 54 62 27 61 67 88 79 33 39 71 69 70 45 81 48 18 34 7 77 88 33 93 20 6 94 7 54 46 48 56 3 34 95 2 25 94 30 98 94 60 11 40 18 1 53 14 3 33 80 82 43 62 20 15 19 10 78 24 58 99 39 21 15 19 95 66 10 63 5 86 95 96 63 73 88 54 15 86 1 54 31 76 13 84 26 100 38 68 91 29 86 41 78 80 91 73 10 31 30 62 66 41 81 11 29 20 55 9 7 77 93 91 97 86 29 43 61 100 24 88 19 80 76 68 83 48 85 48 1 7 52 63 44 41 89 55 65 1 92 59 63 77 20 82 6 71 64 37 21 50 53 45 5 85 50 30 8 50 54 78 90 47 
2 10 66 35 61 5 17 95 52 3 32 34 66 83 5 48 31 7 23 76 39 99 71 12 8 77 73 4 1 90 20 88 92 68 65 6 35 49 36 7 68 55 77 25 3 83 21 33 25 79 5 32 82 7 37 8 4 73 92 63 37 40 16 35 79 64 91 42 9 30 4 70 70 46 56 31 43 69 81 94 64 71 29 37 60 49 17 88 44 14 53 14 89 48 75 88 84 75 66 52 30 80 66 99 90 92 66 89 63 4 94 63 47 83 29 55 81 43 81 37 71 99 20 53 84 23 73 19 66 56 11 99 55 55 79 22 48 84 16 58 27 26 56 55 18 13 96 6 3 28 45 4 50 10 100 29 33 48 24 31 86 26 56 46 8 35 91 32 14 11 30 45 60 79 47 67 41 8 58 35 40 90 16 80 54 7 22 81 19 15 71 0 58 64 6 29 58 18 21 76 65 32 82 92 59 65 34 14 10 60 18 7 75 57 55 39 14 80 81 66 23 58 16 90 50 42 51 26 57 63 26 53 96 41 20 82 82 63 0 85 100 28 78 54 67 72 14 69 74 34 11 70 60 90 41 93 81 63 56 71 27 43 57 72 26 94 33 22 36 62 47 13 10 49 95 51 43 86 33 40 56 52 10 30 16 71 20 53 26 67 32 67 59 17 61 14 24 79 70 76 99 13 10 36 68 40 30 66 19 99 23 55 36 35 57 35 0 20 89 19 74 28 18 6 79 91 96 3 83 83 54 8 72 51 87 25 86 68 9 4 94 24 26 55 52 19 64 43 43 62 53 21 48 55 36 35 54 16 86 71 76 90 84 59 43 41 66 96 54 100 32 10 6 62 4 67 8 56 81 78 54 40 16 65 42 33 40 10 18 69 99 9 44 11 46 26 58 22 42 24 97 8 58 83 98 100 44 17 14 80 54 87 67 71 34 24 14 85 11 87 27 7 8 69 94 13 81 99 50 64 33 30 8 66 23 41 94 15 82 42 30 81 49 29 39 52 33 16 38 46 5 73 17 49 14 53 73 44 36 56 87 25 69 27 47 53 50 90 29 88 95 5 28 90 58 58 77 30 32 0 61 31 65 11 84 4 56 45 44 52 8 45 9 32 69 35 33 79 92 58 
2 75 2 0 23 3 73 22 65 82 70 76 71 61 11 21 93 17 13 13 33 61 44 22 15 51 70 80 99 62 94 96 45 46 84 2 86 25 35 59 94 34 95 75 68 13 1 61 94 94 7 27 31 6 0 17 0 23 1 22 32 91 91 35 18 47 46 62 51 6 99 28 91 48 87 97 90 20 5 55 74 98 31 52 13 84 81 84 56 7 18 13 85 99 26 69 89 80 54 93 69 42 24 65 19 36 76 28 46 78 64 63 8 19 91 21 61 64 36 96 44 71 17 53 75 51 67 64 36 44 83 64 46 11 29 49 91 12 83 69 9 52 70 50 62 38 22 70 26 17 94 54 94 47 91 94 16 61 50 97 51 78 75 16 16 62 3 49 11 53 79 55 83 95 3 99 59 36 69 89 82 33 91 40 8 72 18 4 27 49 42 98 27 56 52 40 80 12 33 84 1 98 49 64 21 95 64 86 82 74 97 64 6 83 51 20 86 64 16 16 8 100 35 77 96 42 79 78 33 94 5 80 21 96 69 20 58 49 25 43 36 36 61 22 24 96 84 35 26 61 69 71 70 64 92 84 6 1 61 56 0 67 36 39 73 79 18 65 98 11 81 3 84 70 21 60 76 71 87 11 0 67 3 60 10 15 35 26 50 86 58 43 42 16 10 77 49 22 60 37 69 48 55 10 39 1 5 92 59 54 55 65 50 50 61 27 83 95 97 19 88 23 43 63 71 74 98 70 28 0 52 96 30 90 73 72 27 25 18 37 6 89 3 9 100 97 72 22 77 86 65 84 4 21 47 12 51 43 15 45 75 87 0 95 96 15 4 5 99 72 68 31 49 0 44 22 7 82 22 1 87 28 31 93 90 33 64 92 23 10 79 60 95 80 67 37 35 27 94 30 44 33 99 56 42 52 8 20 84 44 60 78 9 62 40 55 76 63 58 22 8 56 70 42 29 99 4 81 13 72 79 69 91 48 43 89 23 16 86 55 97 95 45 24 82 52 19 89 5 9 1 4 58 99 9 62 4 71 35 49 77 10 44 63 60 76 49 22 36 10 96 30 45 10 89 72 5 30 2 96 88 21 23 22 12 7 84 14 12 32 54 81 42 21 45 47 24 3 21 33 
53 30 33 55 17 91 15 67 45 7 63 27 47 28 94 21 97 10 44 82 52 22 59 39 88 57 97 26 75 87 7 21 61 73 41 84 58 47 58 67 63 60 74 61 36 38 63 36 83 56 57 80 99 80 48 30 60 15 38 76 49 31 20 50 27 78 69 72 63 69 83 55 19 19 15 25 76 72 91 42 20 90 66 64 10 9 43 51 18 63 16 61 16 37 78 7 48 3 2 8 47 49 29 74 16 29 9 100 35 14 15 69 71 42 69 97 92 34 61 29 68 96 70 66 51 36 78 21 23 36 68 17 81 14 88 91 23 21 36 32 74 92 100 18 33 66 40 75 6 41 98 42 49 59 69 22 77 7 5 78 81 26 81 94 43 86 12 82 47 98 81 11 2 95 86 29 65 70 69 74 47 52 13 26 58 96 87 84 26 1 75 86 77 55 99 72 79 10 99 80 28 87 28 18 29 88 78 50 100 64 33 80 31 61 72 28 13 93 35 37 8 11 87 18 58 40 67 72 38 10 7 58 94 36 28 9 23 24 29 87 90 80 61 72 58 58 35 44 87 10 37 24 79 41 52 89 82 83 18 30 22 72 54 42 30 1 16 96 6 36 76 93 16 46 66 19 33 3 51 39 62 94 14 30 99 4 36 67 92 43 3 12 1 6 38 63 71 86 68 6 35 23 1 7 26 39 94 18 37 18 84 28 5 43 72 63 58 53 98 62 6 96 3 57 75 79 40 18 63 27 18 97 51 22 75 66 76 88 80 93 56 62 55 28 56 93 22 0 72 35 81 75 47 1 75 17 85 82 65 60 21 94 67 3 30 74 67 11 68 4 33 20 40 4 54 58 46 93 96 53 64 66 58 55 3 88 74 46 13 71 37 87 14 12 78 82 69 33 36 99 63 43 75 90 65 77 2 8 66 80 23 31 0 73 58 38 25 73 0 6 27 24 56 49 78 71 74 44 30 53 93 15 97 11 71 35 3 69 76 47 12 85 87 69 99 86 85 2 92 60 91 77 58 1 85 28 95 88 26 19 44 56 29 18 57 21 14 87 54 44 58 46 51 40 87 47 47 72 5 77 94 8 80 97 67 56 7 14 48 13 53 67 24 23 88 84 35 59 61 38 
91 61 97 72 49 2 36 2 84 29 89 2 25 12 74 93 7 6 93 51 12 53 48 53 55 22 23 46 28 21 100 15 4 42 53 4 43 4 3 52 65 97 89 79 4 74 56 18 41 47 74 98 17 84 88 31 91 29 57 35 67 80 31 47 85 71 87 78 40 72 3 57 8 83 91 82 75 84 20 80 51 76 52 5 61 15 56 19 73 43 63 78 60 50 34 0 66 84 6 6 57 81 44 81 13 5 73 47 93 27 52 14 0 60 68 2 1 96 89 84 8 54 58 48 50 7 31 61 79 49 7 88 35 39 38 27 74 55 83 63 70 19 58 22 30 42 94 64 36 94 79 84 40 64 98 31 73 26 55 40 9 21 10 14 16 38 74 27 98 80 24 27 7 51 44 62 13 71 37 17 58 48 97 20 20 27 0 40 66 93 37 15 83 36 54 85 18 16 93 48 5 69 35 39 89 25 36 76 56 53 73 69 96 72 27 3 3 12 13 8 4 88 56 79 4 61 3 36 50 81 63 68 38 20 7 44 61 21 28 99 93 5 32 85 36 60 10 8 91 71 79 53 46 68 35 62 16 99 64 10 75 7 37 41 27 20 27 5 4 15 85 91 68 52 81 70 76 26 82 62 39 47 80 5 92 62 61 9 81 2 41 32 63 38 9 37 10 26 38 25 66 13 46 42 15 15 67 7 92 25 6 80 87 29 46 6 69 26 46 89 15 64 65 74 3 82 44 4 34 45 52 22 10 9 93 36 83 31 96 33 93 95 55 48 17 78 6 45 69 28 31 80 93 61 12 44 61 14 17 30 96 86 92 77 42 55 4 50 100 86 9 17 62 93 4 72 33 39 98 97 56 51 26 57 60 6 20 73 26 34 37 48 38 31 100 55 8 86 87 81 66 76 63 83 48 99 7 26 29 70 24 50 61 75 3 35 35 8 77 53 97 26 56 77 79 78 5 98 46 18 98 100 84 44 2 7 35 76 72 13 64 13 8 91 27 76 28 49 16 85 32 99 41 12 10 4 41 81 25 11 88 24 4 71 36 19 30 88 26 55 28 91 84 68 16 35 96 79 55 36 55 36 39 98 16 84 67 42 48 0 87 43 79 67 6 36 70 17 34 92 
20 33 9 56 42 62 94 79 12 45 77 68 20 63 49 91 18 8 47 73 57 44 92 81 35 17 55 96 43 53 53 57 97 11 79 75 79 71 23 14 69 17 91 5 33 3 83 95 98 38 37 30 48 77 86 37 78 51 64 9 30 82 11 76 61 86 73 56 58 80 91 76 38 11 9 31 3 17 43 0 76 66 74 47 52 65 75 18 97 54 4 60 5 56 89 63 38 96 77 90 79 20 16 87 19 55 5 20 10 74 62 61 46 63 43 89 17 56 70 63 92 85 52 19 94 76 3 20 21 25 54 57 78 33 2 39 65 28 1 29 66 58 30 68 61 29 86 44 36 52 48 9 72 10 29 64 56 72 99 58 70 79 76 0 18 70 67 59 83 20 43 13 32 81 51 34 40 44 34 61 81 45 29 6 71 21 84 7 19 43 4 3 6 14 43 42 50 16 39 51 84 44 89 59 3 2 5 62 34 9 92 36 57 3 53 36 66 70 0 17 14 89 82 30 7 2 41 54 70 62 44 24 11 66 88 77 77 97 58 45 42 67 27 97 25 90 39 95 82 43 8 73 64 90 39 14 93 38 78 22 12 2 31 40 23 43 7 24 60 78 10 37 92 85 60 87 69 85 5 77 1 78 83 24 43 39 4 44 17 44 92 41 51 32 59 16 93 4 63 12 11 25 64 92 34 2 100 76 59 59 29 38 13 80 67 19 17 70 44 86 11 10 52 28 86 33 60 1 23 53 49 76 100 76 6 89 48 61 77 89 35 22 51 53 54 88 34 96 10 23 4 62 81 51 33 73 30 58 82 57 8 99 96 81 58 85 42 43 75 33 38 54 6 87 37 15 13 25 50 41 19 5 15 46 60 1 70 10 26 17 15 61 59 94 97 44 33 24 40 46 92 88 3 3 32 90 27 51 82 94 78 68 73 65 59 58 84 22 58 85 56 36 91 98 62 63 66 69 70 7 76 78 41 39 90 55 79 29 59 78 37 33 49 63 43 24 17 32 45 46 1 44 91 77 82 0 65 32 3 82 59 7 66 54 64 96 80 77 24 56 65 52 85 50 65 67 30 60 24 11 85 62 69 47 98 66 99 81 24 3 84 54 56 70 93 80 28 58 27 8 
3 16 48 22 66 68 74 72 59 91 43 9 77 59 14 35 74 36 70 13 45 37 93 3 37 20 20 68 44 13 99 33 94 16 34 73 37 29 14 40 20 12 38 59 95 30 58 43 73 67 21 63 24 50 3 71 33 52 71 86 70 33 88 23 69 62 87 34 86 33 34 97 62 16 76 70 32 40 74 53 16 65 42 5 52 75 79 17 88 64 64 5 34 76 67 75 37 68 38 78 25 26 75 90 82 25 54 26 78 51 84 16 33 17 57 88 80 98 18 94 98 16 41 59 22 19 32 5 89 36 20 36 70 18 30 13 53 52 77 78 84 28 29 33 4 71 26 84 24 28 100 57 74 56 20 99 73 74 61 86 73 60 35 84 23 8 94 61 78 52 15 27 15 48 94 32 98 21 11 36 33 19 67 0 99 36 79 58 49 62 81 98 41 93 5 41 60 77 14 56 83 80 85 79 84 87 65 65 25 54 46 75 49 38 4 14 63 85 54 40 23 58 55 61 55 50 80 51 90 91 8 95 19 6 66 19 93 100 58 77 61 24 88 9 82 60 86 29 32 87 0 2 17 32 23 94 1 14 70 48 2 43 82 89 7 84 84 80 89 25 23 35 10 11 26 54 27 48 53 37 72 11 28 15 47 50 30 87 57 25 40 36 47 38 3 6 44 60 73 54 6 73 92 22 4 77 84 0 95 15 50 1 22 8 57 81 78 81 5 33 15 8 75 97 64 60 70 99 69 55 83 71 69 60 38 89 16 21 14 14 31 7 71 41 45 40 39 69 38 41 11 8 69 54 47 65 36 61 65 58 75 60 30 18 60 12 15 94 38 95 73 34 31 27 68 55 36 18 52 67 35 56 17 57 6 12 25 43 21 20 81 92 47 96 9 58 77 96 72 80 70 51 46 84 43 12 45 61 43 5 3 86 61 38 13 37 47 60 16 80 59 19 3 91 74 44 86 76 10 46 63 86 23 3 85 63 99 23 17 96 54 28 97 28 95 52 30 77 0 37 10 49 53 24 9 58 49 0 3 65 86 76 99 86 60 34 3 16 11 2 50 76 87 87 44 96 64 32 19 82 61 92 62 46 65 39 17 0 64 53 20 64 56 58 73 51 80 6 13 51 
52 57 34 89 83 2 20 67 19 34 89 22 10 99 2 19 9 6 67 32 37 58 95 79 46 31 94 89 26 10 22 91 11 23 73 76 40 41 15 78 62 85 30 49 14 8 17 33 42 23 59 16 29 14 67 6 2 27 17 40 43 6 56 8 97 24 62 99 95 68 40 6 74 22 95 52 13 35 44 37 28 22 36 70 78 76 87 98 43 97 64 4 33 79 4 16 41 66 38 67 97 41 41 76 23 69 25 98 76 98 22 72 67 5 64 97 83 36 45 74 34 43 12 85 47 51 44 93 29 85 81 14 70 54 47 21 56 16 39 92 96 75 4 87 65 4 72 82 26 75 79 70 6 31 77 22 9 9 95 84 16 73 51 2 8 83 64 90 51 92 42 51 74 12 1 75 72 40 90 73 18 49 95 27 61 14 33 76 67 92 93 2 96 86 31 46 9 8 92 40 4 56 0 61 53 74 6 71 66 41 94 94 64 16 17 47 77 15 5 10 71 24 83 52 83 70 38 41 43 99 37 71 84 7 39 46 84 76 30 78 53 86 18 57 22 23 71 94 12 80 74 6 80 17 65 98 90 100 69 38 92 93 53 20 49 53 79 18 61 3 73 4 4 26 17 67 98 37 46 66 46 6 89 17 68 55 71 28 22 70 69 40 95 21 30 2 64 73 82 42 12 24 37 56 34 12 10 83 38 50 68 38 1 93 15 54 71 67 74 54 52 30 44 94 61 82 68 75 79 94 37 53 41 54 1 57 66 45 61 86 14 99 67 73 20 70 12 68 29 13 74 42 18 46 1 9 17 38 75 85 45 60 66 45 4 8 68 81 60 42 35 2 56 52 80 56 32 33 86 31 84 67 88 95 50 48 65 0 18 25 65 21 27 32 93 84 67 20 73 17 98 25 71 41 96 64 0 14 32 18 82 63 36 61 99 0 39 50 86 64 44 26 44 36 94 2 80 33 14 88 82 81 91 81 91 67 9 48 87 59 18 33 74 40 83 18 54 73 24 61 75 95 42 29 88 30 17 52 56 55 63 20 35 73 87 46 73 7 20 89 9 64 68 20 21 50 80 49 8 19 28 70 57 30 49 30 36 26 16 72 83 50 16 15 14 97 19 83 83 41 
55 95 9 14 33 26 75 60 52 0 17 81 40 91 8 26 16 82 18 30 62 83 59 22 25 20 35 34 2 65 46 49 24 43 52 78 7 77 48 3 51 16 25 74 81 63 3 51 14 41 33 13 60 30 28 50 0 27 86 23 41 9 57 43 31 46 75 4 60 70 25 77 33 77 90 15 6 52 49 8 6 95 53 35 56 4 59 26 90 34 21 92 23 2 17 86 51 42 92 44 51 42 95 41 43 88 84 7 68 8 38 96 79 27 22 85 100 9 93 2 55 22 12 2 13 18 85 69 2 26 92 68 2 3 64 68 37 33 41 73 4 59 95 78 60 2 12 98 18 91 44 90 90 99 70 6 23 33 60 93 79 60 62 60 76 32 41 46 86 91 12 4 14 70 23 35 70 22 71 23 50 53 30 96 42 19 70 16 56 68 44 63 45 37 1 14 31 47 89 100 98 52 8 31 54 68 71 2 40 9 58 0 15 96 18 71 34 82 47 15 8 36 42 16 72 20 35 37 47 86 81 38 57 6 42 86 1 85 67 98 25 32 13 6 22 42 55 97 21 49 30 30 8 74 59 18 90 25 11 81 77 18 71 56 29 81 35 47 72 88 50 19 12 92 80 38 84 80 58 0 28 8 14 74 70 41 9 9 73 90 88 15 79 65 76 99 60 23 97 4 7 28 22 85 80 24 36 34 52 66 40 46 16 58 13 96 63 6 17 18 57 12 36 32 73 39 55 79 38 6 100 68 15 78 1 44 54 55 59 80 42 1 9 22 55 52 99 9 19 37 95 19 51 23 57 48 85 33 53 59 1 34 69 29 93 89 37 78 55 47 6 84 22 25 86 93 26 88 4 83 33 53 53 21 39 47 88 78 67 91 57 68 30 10 84 99 46 77 66 32 19 62 87 68 45 94 35 65 72 61 32 12 5 50 79 33 36 37 55 45 71 64 74 14 87 15 43 91 80 58 22 95 37 100 100 24 95 67 41 66 5 40 89 31 15 29 52 76 80 96 68 100 65 97 29 6 19 42 81 32 99 41 46 13 80 97 77 2 77 70 34 61 48 30 80 42 1 58 5 4 5 88 42 99 97 79 14 94 64 1 1 97 21 29 26 50 39 47 40 84 
31 70 89 41 94 54 30 27 78 47 84 11 28 17 63 67 85 96 47 42 11 58 46 54 67 14 17 34 77 42 69 11 2 40 36 12 83 33 50 29 2 80 15 0 33 27 63 6 3 79 54 41 30 84 49 55 75 66 35 24 10 14 2 75 63 84 31 98 25 24 31 36 85 28 6 90 54 54 55 92 48 41 16 4 17 74 0 89 89 41 12 47 13 81 90 57 21 63 71 59 17 88 52 79 28 9 30 25 6 96 74 82 25 37 74 35 51 87 93 89 26 16 1 38 22 7 87 74 65 56 14 34 91 67 37 65 16 18 39 0 31 73 37 40 43 58 30 56 79 76 90 99 56 63 8 100 45 51 4 8 84 15 20 56 65 63 65 20 86 88 48 67 4 16 59 27 18 43 73 96 30 92 15 77 53 79 1 0 24 37 81 51 23 0 88 92 15 5 81 24 87 69 56 36 76 23 84 61 41 72 19 70 44 89 79 71 47 74 11 17 37 1 41 9 60 38 54 79 89 75 65 35 54 32 39 58 68 62 49 99 93 45 19 80 32 55 48 58 64 14 43 81 75 57 17 79 3 29 91 14 54 44 81 35 15 40 71 75 50 53 61 91 7 74 52 74 80 48 69 0 61 7 14 97 36 83 88 60 31 13 24 75 59 79 72 23 22 83 84 42 1 70 59 41 88 75 46 77 87 59 30 59 20 2 56 99 3 48 79 21 25 0 77 11 4 37 57 7 1 38 78 43 76 65 29 27 10 0 86 98 89 48 83 52 90 74 56 51 43 17 86 13 3 95 90 61 51 74 48 17 75 33 41 65 48 50 65 92 62 76 1 57 44 38 54 57 37 78 94 87 6 61 3 75 70 9 89 8 83 16 36 16 88 96 95 69 9 38 27 70 6 15 32 27 79 59 81 53 80 24 77 91 27 54 63 20 82 6 1 89 40 71 4 38 93 77 30 45 10 97 1 51 22 43 67 71 83 58 84 19 1 89 25 62 71 65 40 93 41 88 98 8 87 37 32 87 21 44 48 74 68 60 21 12 56 80 47 3 48 26 43 83 77 13 83 52 85 61 38 18 73 76 88 95 100 60 59 64 5 73 64 17 37 47 33 87 86 96 16 95 
6 97 29 17 84 12 3 68 94 24 36 20 84 58 57 73 6 93 48 97 100 92 56 11 17 1 38 72 14 70 12 14 66 39 96 45 100 70 80 44 2 37 97 97 56 51 12 91 85 95 81 46 68 50 71 20 37 28 89 36 86 56 65 14 10 11 65 28 49 90 9 91 21 89 7 13 4 9 76 6 48 51 63 27 6 57 69 74 99 75 21 4 67 90 30 85 46 18 6 5 28 12 4 41 43 70 13 39 54 98 14 34 6 44 30 61 51 97 28 89 38 79 75 5 0 10 82 55 14 14 66 36 61 76 29 90 12 15 27 62 80 89 71 84 76 58 54 69 56 50 59 55 87 8 67 97 67 15 17 25 36 38 96 26 67 43 47 86 31 16 0 88 37 56 59 55 100 93 38 87 29 58 72 7 74 91 95 10 71 54 77 31 60 88 21 63 78 94 9 7 90 34 19 57 19 29 79 23 8 30 29 46 29 53 96 30 65 20 24 96 51 57 42 6 6 68 80 58 50 68 49 21 73 41 86 17 51 10 13 91 98 36 49 70 95 91 77 26 44 99 87 35 81 70 52 54 47 64 86 26 4 88 42 64 79 29 24 79 33 15 51 82 80 94 64 29 40 14 13 34 42 57 84 70 96 26 78 7 21 3 41 26 50 22 68 6 58 22 95 3 96 90 76 11 10 79 66 40 88 74 66 81 79 73 31 95 68 63 88 37 28 0 61 2 91 56 0 70 18 36 93 55 79 98 57 16 27 41 6 24 34 74 6 26 15 14 36 13 7 74 27 69 0 14 33 11 95 56 51 12 97 78 98 25 14 3 19 74 6 59 52 77 26 90 85 2 80 63 83 54 57 9 40 40 72 86 60 31 31 30 77 98 69 53 55 50 63 41 24 19 67 79 13 93 15 78 11 44 79 81 7 64 38 63 64 40 75 82 26 88 0 70 7 17 10 69 28 7 46 19 14 70 15 51 33 33 29 95 6 87 37 82 44 73 28 36 13 20 29 57 6 66 71 47 12 40 11 48 82 78 43 90 69 30 75 65 8 36 70 32 83 20 72 41 31 67 43 98 61 93 90 72 69 14 94 100 57 34 25 29 96 62 70 2 30 90 33 80 48 75 
59 50 50 6 74 80 45 46 83 42 26 90 68 41 83 96 36 68 91 62 61 45 33 66 41 90 10 54 90 95 81 89 81 50 3 37 9 24 51 19 84 17 30 85 52 5 77 28 28 73 32 72 74 36 92 47 81 39 68 84 27 73 79 75 42 58 69 68 25 8 41 95 55 33 56 28 45 47 82 57 17 36 70 81 71 47 87 4 22 59 44 92 46 11 31 21 47 26 27 57 43 11 86 49 85 56 13 38 61 38 24 58 27 75 72 99 80 83 65 52 31 91 92 72 41 42 1 87 46 81 80 8 74 35 53 9 10 47 17 55 27 61 72 65 67 35 25 19 56 41 43 55 36 26 41 35 23 60 83 85 41 26 1 24 68 66 43 99 67 15 87 97 80 35 14 88 73 57 87 16 34 67 41 62 98 64 80 34 15 34 42 15 9 79 57 49 96 74 82 42 69 47 7 59 13 0 1 53 18 88 28 44 83 91 28 62 56 61 91 50 65 38 17 57 24 79 43 67 86 68 98 68 48 90 1 55 60 53 60 51 80 83 57 93 28 40 55 49 54 81 18 35 97 29 98 18 2 47 55 2 38 13 14 9 10 96 34 30 31 79 82 21 99 56 53 14 53 31 16 57 23 27 68 97 85 23 0 80 85 15 22 97 41 56 14 68 98 32 22 32 51 24 45 97 74 68 36 28 77 86 72 42 17 3 97 6 88 85 56 99 50 9 38 53 89 26 97 15 68 99 58 95 71 70 5 71 72 67 9 50 6 13 16 89 77 18 8 4 5 13 91 67 8 92 69 7 7 29 3 7 64 90 23 55 33 41 81 4 10 19 17 18 28 80 1 45 27 86 3 29 56 34 39 67 49 77 15 30 25 91 81 38 27 19 45 30 76 27 34 0 1 29 95 95 62 8 72 8 47 80 78 60 44 27 1 87 36 91 71 47 55 30 98 81 63 27 78 26 56 95 10 28 76 86 31 44 56 40 19 60 21 85 51 48 85 2 4 18 65 34 44 6 34 94 42 89 55 70 62 24 35 13 54 96 40 9 55 40 4 96 21 52 60 69 94 12 2 42 53 79 88 17 60 50 66 86 35 62 87 77 54 5 30 69 80 93 35 35 54 83 
27 64 64 53 81 7 21 36 19 39 17 56 51 41 14 37 99 34 55 56 18 4 90 11 94 61 41 6 21 61 92 21 19 3 25 41 86 22 52 35 14 11 60 81 93 48 67 21 9 28 19 70 89 95 26 93 70 74 73 76 32 44 15 39 13 39 40 53 6 52 0 87 57 31 4 76 90 88 37 93 28 45 61 0 92 61 1 24 3 5 7 29 43 73 85 44 76 64 86 21 10 34 84 72 68 15 93 54 34 17 74 64 92 40 29 68 35 27 41 80 0 72 25 64 57 62 36 49 42 16 23 17 85 7 67 42 11 62 57 23 32 87 77 4 65 33 21 21 58 23 1 28 99 59 65 71 41 17 69 29 53 62 43 71 97 64 62 0 27 67 5 29 49 90 74 38 17 47 57 1 7 73 13 44 39 88 94 3 27 25 60 95 19 52 47 65 58 87 67 54 76 12 16 73 71 29 51 24 52 39 34 60 97 72 72 24 82 63 84 54 9 46 53 78 71 95 40 35 46 82 64 65 32 79 48 92 72 32 30 63 64 23 92 4 10 65 20 47 52 53 66 23 53 2 96 85 15 57 98 71 42 16 32 82 44 23 27 41 11 47 38 19 21 52 18 73 78 42 80 58 49 8 42 34 76 55 17 93 97 70 69 89 29 73 4 71 12 69 78 2 47 96 80 65 40 19 75 56 9 88 99 1 47 100 80 26 42 66 5 91 95 48 1 51 46 30 73 73 87 95 2 30 27 31 95 0 88 49 56 40 97 52 79 50 31 53 76 91 83 4 69 26 76 89 17 43 22 25 23 19 36 32 39 73 9 32 64 44 10 57 88 95 16 61 94 82 53 96 22 86 27 34 8 86 33 69 53 45 74 29 40 24 45 43 77 89 93 34 40 26 82 49 27 15 34 21 15 13 63 43 1 65 23 99 54 87 6 59 60 0 11 65 79 99 25 13 68 10 24 4 23 48 45 21 79 62 23 16 13 20 73 98 17 69 86 97 33 57 30 88 71 64 69 96 25 24 7 48 54 35 99 86 66 21 97 41 74 54 28 94 92 92 11 87 21 77 18 38 91 2 51 69 41 35 53 91 4 91 28 2 20 77 49 28 21 62 45 76 95 71 
36 42 98 52 18 73 91 47 77 14 33 73 71 72 99 85 4 78 50 90 58 60 50 98 97 88 53 53 91 75 7 32 35 39 89 11 63 77 83 68 35 100 32 96 24 68 88 72 64 67 65 75 24 88 31 79 15 46 75 39 69 31 52 22 49 63 74 47 67 54 10 21 4 82 9 41 73 0 39 24 96 97 76 42 21 19 30 83 97 1 18 87 59 33 89 74 49 100 53 99 98 59 0 75 26 83 15 7 84 39 39 91 83 87 34 62 34 33 97 57 17 80 31 89 14 97 36 16 12 22 58 52 83 0 53 21 20 15 89 42 61 53 44 43 7 82 35 75 71 1 12 52 100 90 43 71 40 15 91 75 1 66 85 3 32 68 48 10 54 59 7 79 79 27 96 41 30 92 42 87 41 6 54 52 16 81 90 85 96 51 80 99 22 28 44 88 81 7 31 46 48 80 86 22 20 11 99 99 2 73 3 65 81 56 1 30 45 32 52 5 52 33 15 13 18 8 26 15 50 25 31 33 47 82 55 58 11 56 5 42 88 51 0 96 6 39 18 55 27 51 77 24 69 55 15 95 97 24 61 56 66 88 78 12 16 36 39 74 90 55 53 99 42 97 100 4 94 85 9 68 17 98 74 100 47 55 85 89 93 31 75 25 60 46 39 22 51 37 16 4 0 71 67 29 96 29 63 24 3 19 80 93 97 63 80 50 86 46 96 7 5 26 12 22 58 82 60 96 40 20 85 91 32 81 86 78 82 92 74 54 23 56 77 63 56 4 78 25 32 68 88 88 96 0 80 37 52 2 28 46 9 20 74 48 74 44 16 14 69 76 91 89 63 30 45 99 29 78 89 68 7 93 48 71 69 70 75 65 54 63 25 39 65 50 67 37 27 100 66 55 52 79 74 3 80 2 18 9 14 6 67 70 38 33 36 88 53 71 35 90 41 87 3 72 92 50 89 4 98 50 6 80 66 18 66 55 38 12 71 53 15 77 66 12 33 20 62 27 57 73 86 5 86 71 36 80 61 29 37 52 97 3 58 51 22 44 97 29 76 24 68 48 33 92 4 77 31 14 95 13 41 45 94 100 43 75 37 38 62 30 78 92 37 54 88 29 27 59 92 18 
65 45 90 54 83 26 96 61 57 50 75 19 43 7 20 88 63 17 100 14 73 65 55 64 84 77 20 35 74 51 89 34 17 28 94 47 50 2 23 63 35 75 18 0 79 48 95 35 94 1 54 6 45 77 44 89 73 49 29 8 29 0 79 56 2 62 23 14 18 6 59 13 61 73 58 37 100 33 96 4 44 95 38 80 1 67 97 61 13 89 46 85 87 25 79 87 82 43 44 92 51 26 59 38 76 8 51 62 83 28 62 65 0 13 29 0 46 1 34 84 66 21 90 1 34 64 62 71 17 33 68 80 16 62 5 73 62 56 90 12 79 7 25 83 22 90 75 89 96 11 2 18 37 75 68 78 41 9 59 66 8 58 63 15 100 32 64 65 52 39 76 68 55 45 62 64 44 8 87 99 32 74 79 62 23 10 52 52 0 49 82 13 94 12 21 73 23 77 25 28 59 33 54 23 56 1 70 94 85 92 85 76 28 53 99 70 48 94 74 0 58 100 79 36 3 94 71 57 12 9 53 60 35 81 61 96 32 24 89 60 25 61 15 96 11 72 36 45 11 60 83 36 30 30 9 3 34 74 21 24 64 92 23 50 91 38 74 43 41 64 60 86 44 82 39 80 60 55 97 51 90 70 59 46 7 74 15 45 38 21 72 53 32 34 37 93 6 96 73 22 67 45 7 94 26 67 4 9 10 18 19 78 2 57 22 41 90 34 3 18 85 4 59 40 97 69 1 58 67 2 13 63 87 86 66 70 57 31 68 83 85 79 66 5 62 40 84 5 85 22 88 34 69 56 4 4 70 33 74 34 31 92 25 38 65 50 89 45 51 67 91 19 62 16 24 94 73 20 71 55 24 69 70 21 0 70 89 76 18 17 17 35 94 88 40 45 6 52 6 72 21 33 30 73 59 57 6 97 19 91 40 32 25 87 41 84 97 99 83 17 22 30 4 45 80 49 45 86 97 27 56 41 71 23 83 2 75 80 16 47 68 77 18 73 23 28 63 89 71 27 57 82 29 58 85 55 20 7 58 10 30 78 77 23 98 4 59 85 18 100 21 28 91 34 36 99 56 90 54 52 18 36 26 24 79 87 27 68 18 47 92 94 62 65 37 90 71 99 52 48 
79 85 9 68 59 31 69 19 84 90 11 39 16 11 55 51 69 76 1 64 40 48 50 99 39 20 44 52 85 47 40 57 3 51 1 87 98 87 50 46 87 67 86 58 44 28 91 94 67 45 6 69 23 15 61 27 17 17 69 65 75 75 60 83 93 63 72 0 58 74 73 63 12 15 27 20 22 30 16 5 69 29 36 60 54 77 53 75 63 41 53 93 83 75 6 84 5 57 15 46 35 47 0 30 74 94 30 40 67 8 9 11 22 70 6 21 41 58 70 33 41 17 57 32 85 8 81 80 26 30 11 78 78 93 45 59 11 62 54 54 64 98 73 33 20 15 71 23 96 69 2 37 27 53 42 92 32 1 31 99 51 67 11 69 62 66 35 71 28 69 2 74 20 8 81 61 84 50 92 90 64 96 52 40 63 85 15 13 17 97 21 4 54 59 25 15 18 69 18 52 47 53 42 41 9 47 26 96 52 6 32 19 6 33 89 35 53 45 18 69 74 58 19 30 38 52 23 94 53 66 24 43 45 76 37 8 89 19 30 81 38 80 19 23 11 92 57 40 13 67 62 42 28 6 0 12 52 27 44 9 49 47 45 77 28 51 73 16 53 35 43 14 19 39 56 64 46 21 86 67 44 75 26 44 85 15 28 25 50 34 97 94 38 3 17 15 15 79 76 66 55 31 77 6 55 91 33 56 0 78 20 81 46 66 46 33 60 32 62 41 0 98 68 51 49 33 99 9 17 90 6 72 51 32 10 52 58 9 7 37 33 60 44 90 100 73 52 26 64 19 4 74 71 14 8 2 56 76 6 95 56 42 26 86 94 28 34 31 79 46 31 12 73 87 66 38 28 80 53 61 62 27 71 98 52 63 87 28 35 83 27 96 6 81 75 44 61 12 52 97 17 46 23 7 87 82 68 95 48 79 21 9 25 4 67 12 76 87 58 34 6 34 51 36 82 61 38 89 97 64 46 14 26 40 65 100 78 35 27 6 76 96 19 59 9 64 0 45 10 78 88 13 75 54 95 61 41 40 82 95 34 94 65 17 12 35 90 19 2 32 65 38 51 9 84 13 55 90 74 69 97 93 15 7 39 43 75 72 90 93 86 23 79 99 46 72 74 9 67 66 
83 57 28 55 39 23 41 78 66 75 51 86 72 31 2 73 62 66 42 55 1 69 41 56 81 57 7 48 97 100 10 73 61 14 69 57 42 84 21 89 65 36 98 95 39 69 64 18 60 100 23 40 39 21 100 51 6 10 77 89 73 65 96 41 1 50 92 51 63 34 53 14 37 54 43 69 55 65 49 40 75 17 17 28 83 41 81 44 71 11 17 23 17 30 75 15 8 59 46 98 11 40 42 36 76 58 49 44 74 2 72 92 45 5 58 48 69 30 54 81 6 43 43 0 65 95 6 61 97 69 53 72 80 72 72 69 34 23 64 91 60 77 36 91 73 51 23 20 50 69 40 25 68 72 8 37 23 37 35 7 71 64 64 21 39 59 89 66 24 99 77 14 52 52 81 90 5 28 41 54 33 60 67 79 58 33 95 68 18 12 39 64 25 21 42 3 15 5 49 19 44 25 6 66 48 36 82 52 19 87 33 23 1 7 67 84 29 95 18 28 77 57 23 98 36 20 95 56 24 6 46 95 79 9 70 96 0 14 75 12 24 38 59 69 85 94 67 87 49 69 42 100 73 46 39 64 63 25 97 85 9 30 34 81 92 63 91 16 37 22 53 94 0 59 44 6 65 98 57 50 36 92 24 62 91 28 30 18 6 12 24 83 56 3 5 41 93 33 31 91 18 52 99 49 30 13 45 49 26 51 10 1 60 90 66 53 36 77 56 23 87 91 46 24 29 38 57 82 75 100 88 37 67 35 30 98 92 1 67 27 31 31 1 38 4 11 40 80 17 49 29 58 11 27 0 6 5 0 57 46 71 41 22 37 88 97 31 71 16 23 62 54 42 44 87 77 72 66 91 89 60 71 26 76 25 26 23 61 27 57 97 27 24 4 33 81 72 55 34 95 25 25 27 97 9 26 8 31 41 58 71 15 87 20 45 82 39 85 2 62 89 38 12 4 17 16 69 12 93 16 42 16 65 63 51 99 5 43 72 41 91 27 86 25 81 74 7 8 62 46 97 5 42 98 27 1 35 70 31 81 9 34 100 76 81 72 22 86 48 83 89 52 45 32 85 79 94 18 64 48 91 34 46 5 8 33 30 61 100 76 74 42 52 86 10 87 44 47 35 7 
31 53 79 91 41 50 26 52 21 74 30 82 87 52 97 62 29 63 46 20 68 72 84 93 100 86 67 5 98 98 73 35 20 93 6 9 56 91 45 67 33 34 98 77 24 32 74 69 24 66 25 17 24 16 57 49 25 59 39 77 0 35 11 68 40 17 84 43 28 13 67 31 56 11 92 22 29 71 22 22 52 3 26 88 48 34 61 34 19 76 24 81 37 51 15 65 30 12 81 47 59 9 83 41 100 41 92 10 97 60 54 70 77 73 53 3 42 95 55 48 16 9 50 7 17 57 70 86 92 100 63 2 88 47 12 89 97 19 59 20 34 90 55 30 22 96 99 1 81 10 63 55 92 68 11 18 19 38 44 5 90 32 58 12 4 32 61 100 31 79 26 37 57 69 21 49 52 59 48 84 75 81 13 81 99 36 76 72 89 96 32 82 69 69 85 40 31 71 60 1 29 7 58 62 37 24 14 7 61 23 36 44 68 41 78 57 71 39 46 1 74 65 83 56 86 52 53 55 56 15 88 48 50 64 42 32 46 73 75 66 3 23 60 89 4 9 74 42 14 78 36 63 79 67 9 69 60 3 95 78 75 86 3 77 28 76 10 49 90 32 99 85 23 13 62 61 72 45 59 98 12 5 97 89 46 32 90 46 35 60 79 50 81 21 97 18 60 40 28 79 98 63 58 92 20 95 28 67 11 11 22 47 93 78 82 72 51 29 91 7 85 73 47 56 49 17 91 45 58 59 93 96 12 11 90 26 98 50 29 79 36 90 30 67 72 27 17 64 27 64 28 69 83 6 97 9 6 77 87 39 11 59 21 89 60 45 68 81 70 82 55 74 99 2 60 60 92 11 31 36 74 65 14 81 4 59 70 57 38 100 20 48 8 4 77 41 39 70 75 98 24 27 25 17 54 69 44 61 4 18 23 44 100 18 55 72 32 39 98 89 14 66 74 88 23 16 60 46 94 31 74 31 26 45 74 82 19 1 34 92 37 93 50 20 5 21 3 4 86 76 81 75 22 46 14 29 46 50 73 96 3 94 32 83 75 64 58 53 61 31 28 52 93 32 43 20 73 66 62 51 63 81 83 69 8 84 29 64 47 20 16 86 73 85 46 27 14 87 77 8 
73 79 43 59 59 0 60 47 88 71 40 32 16 22 10 28 38 41 91 37 76 89 33 37 7 66 41 56 19 36 38 33 62 43 29 25 22 74 22 46 16 0 89 17 96 19 12 93 91 11 38 73 9 4 63 1 96 35 18 80 89 71 13 64 44 59 81 84 23 55 57 67 43 87 55 83 4 65 56 100 26 18 12 27 41 29 19 68 38 35 98 43 51 72 27 92 77 85 92 7 71 47 65 99 97 93 10 20 5 73 48 9 68 66 56 50 52 74 14 98 98 80 71 53 10 70 4 82 87 19 34 74 63 2 51 50 88 62 52 76 37 50 25 22 79 50 76 19 69 63 91 64 52 33 44 24 96 77 24 36 79 62 31 87 88 81 4 21 45 44 8 37 43 98 52 48 59 85 86 3 45 33 65 34 97 45 85 37 45 47 22 93 77 67 38 80 7 75 29 91 78 78 92 96 11 9 18 69 1 58 53 32 51 60 18 48 71 15 71 29 48 27 67 28 60 58 29 57 43 12 45 4 8 16 57 85 42 58 3 24 98 8 26 77 53 16 68 32 79 33 32 39 46 16 94 39 6 30 80 97 30 44 95 86 0 57 13 8 19 14 57 83 46 50 91 18 69 92 32 75 87 91 44 61 63 24 48 100 82 46 54 3 76 58 94 89 25 52 78 44 95 6 78 69 18 12 1 23 75 74 14 65 77 67 77 30 87 80 84 76 25 9 95 40 53 6 21 15 30 77 43 4 74 86 68 53 96 94 58 22 44 28 30 45 86 67 97 69 25 69 88 73 67 15 5 34 99 69 100 96 36 95 52 70 85 85 35 16 59 62 64 46 64 54 34 62 82 29 0 11 48 72 7 79 24 44 91 6 70 82 8 45 28 52 88 58 87 65 83 63 56 32 48 91 92 84 74 66 72 30 19 53 44 16 83 46 24 53 39 25 77 93 10 26 35 44 26 4 98 48 48 94 48 77 61 91 57 45 2 18 15 48 51 41 82 13 85 38 55 80 50 38 65 72 32 82 14 94 9 47 56 32 1 13 59 92 95 82 29 45 59 46 63 6 64 0 46 64 96 40 96 77 17 20 59 21 4 53 5 49 49 60 69 34 42 91 55 7 27 6 
6 35 77 60 44 79 21 40 64 17 89 19 58 29 14 5 32 45 9 67 15 95 1 58 26 44 29 59 70 15 46 88 66 93 83 43 36 58 93 98 1 27 26 53 7 10 51 63 53 14 40 46 99 68 56 68 83 9 31 38 83 34 79 58 60 35 51 94 64 76 51 86 77 40 23 0 37 94 83 3 76 35 77 7 43 35 2 98 87 23 37 75 85 94 51 61 19 60 97 55 0 69 59 6 18 48 81 78 41 1 39 42 37 12 67 5 31 36 47 28 10 60 27 38 47 66 80 36 21 7 92 99 96 78 1 92 95 67 100 87 29 25 67 38 100 20 54 65 86 90 11 20 34 96 82 55 80 7 23 77 73 40 60 59 45 87 11 16 85 77 100 1 25 99 0 8 28 14 49 43 54 27 69 81 74 33 52 64 85 94 61 79 7 14 50 8 86 16 64 17 33 79 47 7 73 62 86 3 64 75 14 43 48 60 13 60 61 21 83 36 11 4 31 63 0 43 84 82 97 58 48 30 79 19 49 68 100 2 50 41 86 77 8 35 38 52 31 3 54 23 99 26 39 65 2 50 96 1 86 84 57 63 57 53 97 7 45 10 45 25 92 18 47 99 21 21 98 11 37 79 19 17 86 18 8 30 40 61 25 98 0 36 30 80 95 53 25 83 93 28 47 99 52 72 75 59 79 5 12 0 96 73 44 86 46 63 91 33 20 53 45 47 36 45 19 28 62 81 38 84 2 86 42 91 86 5 67 26 9 56 28 62 39 23 83 7 57 10 81 16 86 16 85 14 85 88 1 27 83 38 49 40 87 78 37 97 0 6 27 84 61 82 100 22 6 41 60 51 89 64 81 39 23 31 2 33 91 69 57 22 50 96 50 29 5 41 56 27 73 41 76 55 83 2 88 5 36 19 80 70 64 60 24 74 18 42 75 96 89 82 86 0 25 75 12 45 82 65 64 27 25 62 89 96 65 40 88 35 89 31 69 29 5 38 84 43 62 54 98 95 62 65 32 83 68 28 45 31 27 71 12 20 42 55 27 37 43 95 99 48 0 99 89 79 24 91 79 41 94 45 44 70 71 83 5 95 40 2 24 26 31 95 77 12 42 8 61 60 72 53 
88 99 48 4 77 67 28 68 87 43 80 0 65 62 83 78 45 50 41 60 51 97 48 87 20 75 77 22 99 31 11 46 70 92 32 64 75 16 94 43 20 66 20 65 47 1 75 39 52 50 12 80 97 42 65 97 70 2 74 45 39 98 43 74 63 100 30 7 98 68 67 21 44 99 67 0 67 36 0 67 88 76 39 58 62 15 28 95 69 25 80 49 10 8 0 47 30 87 97 66 21 34 34 93 35 100 3 35 33 53 12 41 79 64 33 45 39 91 39 52 34 24 43 34 54 68 100 19 35 6 4 62 8 25 84 4 36 85 12 27 4 58 90 63 15 13 50 68 76 55 15 10 52 97 61 81 12 4 23 3 20 34 53 36 70 48 27 47 7 0 65 74 46 94 66 4 57 96 4 88 89 36 71 12 37 31 12 72 67 72 57 31 7 51 56 70 69 94 91 37 65 31 26 45 49 56 2 68 7 91 72 8 22 49 64 86 37 52 80 18 62 80 27 11 97 55 8 32 70 40 71 26 16 61 39 99 16 44 47 46 47 87 9 15 19 82 41 41 48 4 70 46 42 7 98 31 22 68 62 27 66 57 68 34 69 63 15 44 24 27 22 37 98 78 24 37 95 12 54 33 94 22 36 11 59 74 49 91 20 77 27 97 45 9 15 44 10 23 76 73 45 30 95 20 24 83 14 70 27 79 1 77 75 31 28 97 2 47 17 47 2 49 55 55 100 32 64 3 31 69 64 45 83 86 13 87 96 75 44 97 72 93 55 50 52 49 24 78 64 58 1 33 33 62 30 8 71 16 23 41 99 1 26 54 15 10 68 32 30 17 87 7 53 64 32 4 57 61 99 97 2 1 49 92 12 48 38 8 34 50 88 45 70 89 73 66 95 29 51 4 64 52 14 73 74 2 77 36 1 23 91 32 95 77 4 2 58 38 85 70 69 44 58 83 41 73 21 50 59 12 86 91 87 73 0 88 9 59 67 32 54 61 14 36 22 23 65 18 79 79 48 42 18 78 92 51 39 74 22 21 66 43 55 15 6 3 55 99 56 40 48 3 1 16 71 68 11 41 68 9 43 0 17 83 83 84 77 28 26 87 40 87 30 11 11 76 48 85 71 60 
13 22 49 86 49 8 16 79 0 14 96 58 100 94 96 100 7 74 5 3 13 42 88 60 90 76 86 90 38 76 73 77 80 51 54 9 73 32 57 71 49 3 17 88 18 99 50 19 41 95 94 91 8 67 90 40 14 87 1 16 80 58 0 78 79 2 96 64 55 36 29 77 77 80 41 25 3 48 46 96 29 87 6 26 39 47 72 65 78 98 66 8 20 78 54 73 38 65 42 29 64 87 51 12 27 76 95 96 25 48 22 28 95 77 52 2 55 35 81 63 48 83 32 54 97 55 75 27 21 35 64 13 25 54 71 80 58 68 14 59 92 94 43 13 83 74 30 2 56 53 43 34 52 39 98 22 1 66 38 47 2 48 14 34 51 41 80 50 94 79 99 85 86 32 26 42 54 80 64 19 25 73 41 97 46 16 74 91 78 42 1 92 12 13 8 2 26 60 30 27 49 36 55 22 71 21 99 15 47 82 68 97 48 83 81 8 0 100 6 36 49 7 16 92 24 1 9 38 17 86 65 45 66 89 83 69 72 41 3 59 77 66 28 66 89 31 2 45 24 7 75 100 43 31 93 99 72 59 7 52 82 27 18 46 20 26 48 36 26 78 36 9 69 59 77 29 58 24 92 91 98 77 66 2 95 38 33 55 30 95 50 79 66 62 82 70 43 73 89 3 88 77 95 95 28 58 63 52 2 1 64 83 24 27 52 10 86 78 84 97 91 92 42 67 60 54 51 8 98 75 86 96 93 57 58 53 97 11 25 48 78 54 36 80 23 20 89 58 49 68 63 22 8 86 51 54 82 74 14 86 60 54 9 51 2 3 15 56 34 64 68 52 59 52 26 20 91 92 88 20 72 17 35 36 90 89 50 19 57 100 26 20 76 48 45 90 63 71 34 16 42 97 3 49 41 28 65 63 36 41 70 32 4 41 76 1 52 60 33 33 84 81 6 92 45 13 9 75 92 79 31 20 27 10 26 78 38 9 60 36 66 80 88 10 97 100 77 59 13 0 55 26 94 78 80 58 1 36 15 96 35 26 99 1 76 81 34 81 35 63 17 11 94 32 70 0 65 43 40 27 88 18 93 18 45 9 2 52 26 16 49 31 51 6 48 10 8 38 51 61 
27 54 45 0 62 74 77 64 23 47 84 80 79 21 52 30 16 93 23 85 37 92 54 88 51 81 46 84 87 1 91 82 9 83 71 26 79 45 77 100 49 58 57 42 82 65 97 57 10 63 57 4 6 92 32 2 100 37 97 18 38 71 55 16 52 33 24 74 59 76 65 48 87 27 14 14 28 34 87 81 30 8 85 19 16 78 93 91 26 73 71 45 77 99 8 12 17 77 90 27 48 36 44 56 12 68 30 3 45 43 6 80 24 83 48 57 46 90 87 23 89 80 93 16 6 24 62 28 42 9 16 50 57 5 62 93 4 24 79 8 70 52 75 11 59 18 15 84 74 19 39 16 10 80 66 37 49 1 89 4 74 10 97 52 36 79 40 66 1 69 31 19 87 61 93 80 83 52 28 32 35 47 61 8 56 97 9 57 19 55 89 24 49 65 10 30 1 79 53 74 91 58 8 38 20 12 3 69 95 22 29 76 52 100 13 82 51 58 9 73 5 80 6 55 94 8 38 81 79 91 23 38 8 15 44 22 60 9 54 38 49 33 48 3 15 22 69 22 30 26 88 36 40 64 28 2 96 64 52 24 73 20 62 36 52 44 1 54 92 53 65 27 93 2 37 22 41 51 65 74 40 70 48 61 71 14 12 99 13 92 35 14 78 49 80 84 89 13 57 78 57 4 71 9 24 88 25 27 56 52 38 47 60 29 67 13 79 74 77 31 17 35 87 100 79 42 70 61 63 39 33 30 26 67 65 54 82 14 83 59 43 2 9 50 53 70 92 96 7 81 61 89 50 7 39 50 90 71 96 1 6 98 19 22 51 14 37 63 13 32 42 51 100 78 13 50 42 30 96 64 32 33 87 30 4 94 50 81 52 83 64 99 6 41 53 69 42 40 92 4 12 53 14 56 72 68 11 55 36 68 82 65 99 54 68 91 35 52 20 59 24 13 55 18 7 37 39 40 30 8 32 11 50 97 98 44 22 80 3 28 89 3 3 41 71 9 26 16 56 45 46 63 63 6 51 94 99 58 53 68 74 53 40 38 97 27 24 99 51 80 63 39 0 71 73 9 9 38 6 4 76 40 34 13 30 33 72 43 24 59 75 13 60 22 35 32 36 65 23 77 
66 18 90 92 37 81 94 12 27 78 20 88 68 10 21 36 37 98 65 15 63 4 24 57 89 50 92 75 57 80 35 65 72 35 35 89 45 15 11 70 46 77 37 64 63 56 92 17 50 2 27 52 60 18 17 9 33 25 26 93 55 67 48 98 49 16 7 86 91 40 7 41 67 3 54 94 17 17 87 40 86 16 9 16 31 88 20 12 6 36 25 51 12 64 1 33 57 90 98 76 5 37 31 47 46 44 73 42 76 86 57 17 72 97 35 42 25 84 85 99 14 9 31 99 51 44 93 53 33 52 38 97 66 22 16 61 30 29 95 99 73 38 33 38 17 86 11 96 1 34 51 3 56 19 48 30 90 23 16 40 46 28 77 94 74 45 6 3 3 19 13 58 60 36 2 11 6 55 91 60 99 24 70 83 1 73 88 6 97 15 57 88 66 18 75 30 9 25 6 74 6 13 4 23 6 36 23 4 65 47 25 50 83 91 3 96 34 92 94 44 21 79 60 32 65 97 80 5 93 47 41 89 3 30 23 20 12 13 20 86 45 97 5 58 43 66 4 53 8 78 5 67 5 66 82 64 90 85 3 4 52 37 31 18 66 57 94 7 59 15 39 70 28 36 10 39 28 12 38 2 28 87 98 28 70 12 80 8 54 18 45 70 16 10 85 24 55 3 48 23 28 65 26 89 1 52 17 75 59 31 16 54 58 51 60 23 44 5 48 48 57 88 99 43 59 37 1 7 71 53 45 53 40 15 4 44 66 17 12 86 88 0 23 65 79 54 84 38 40 52 87 17 41 22 39 67 32 5 5 3 51 61 32 15 76 2 79 48 63 71 7 56 77 57 39 54 53 42 50 30 48 93 96 11 55 79 9 33 11 75 14 71 1 73 1 68 88 53 11 22 23 32 60 56 89 12 95 48 26 53 75 33 76 1 41 5 66 60 67 79 43 97 2 80 13 68 1 66 14 74 71 40 74 26 100 99 37 59 3 32 35 24 97 98 8 83 85 24 17 45 21 28 40 67 39 65 3 50 57 96 90 77 35 91 100 39 83 21 31 66 92 77 12 60 39 46 89 11 86 54 78 38 1 99 70 24 16 29 27 59 3 8 77 36 100 33 54 44 28 90 
75 7 11 34 64 86 25 12 27 73 82 3 100 97 64 16 73 38 31 20 16 38 27 87 44 33 16 95 37 73 61 51 43 28 76 33 67 53 61 26 57 63 72 17 14 28 44 36 9 35 66 31 61 36 0 13 54 93 32 7 63 57 38 46 50 96 10 81 71 4 45 12 92 81 58 40 29 47 58 82 10 93 76 12 66 79 52 72 45 88 56 63 88 2 17 76 1 87 56 12 19 93 30 78 77 86 10 46 82 24 17 88 10 30 39 36 95 47 87 13 78 60 60 73 15 20 71 81 6 49 5 99 38 5 33 51 48 86 96 99 49 62 23 36 70 21 25 53 22 27 41 10 0 5 64 57 48 34 87 56 57 5 13 87 67 92 58 95 79 64 94 67 79 63 46 15 13 100 83 16 94 2 72 61 87 62 24 83 52 56 44 54 26 33 32 89 29 4 90 45 89 70 34 4 37 68 97 45 59 41 41 57 92 10 60 61 67 81 67 92 57 78 64 72 29 63 75 47 9 2 32 3 59 94 35 17 78 95 71 55 84 95 72 19 43 23 73 66 22 68 14 8 26 23 65 49 55 38 11 39 81 61 27 59 3 78 1 19 70 32 55 69 91 11 88 98 85 91 23 7 41 39 36 63 3 49 4 36 39 30 12 39 28 25 46 84 40 65 66 17 81 5 15 64 72 86 24 97 6 48 83 14 68 73 1 19 53 93 36 70 86 93 44 56 96 39 89 29 25 93 11 56 86 13 84 63 85 29 17 52 35 73 49 99 100 79 44 41 52 20 21 56 92 36 37 99 23 59 90 92 25 43 82 36 56 56 98 75 53 17 84 43 63 39 83 2 54 8 79 7 78 81 67 89 2 29 87 4 19 78 27 90 93 28 34 80 25 47 41 19 85 52 20 99 87 56 63 39 74 60 31 44 23 1 14 94 3 46 94 60 54 43 73 53 84 39 38 10 29 30 7 63 31 98 67 61 61 67 49 25 39 64 7 26 97 47 35 28 27 77 88 42 46 71 40 52 92 75 2 20 31 31 29 77 79 18 11 12 83 55 16 90 1 34 100 28 40 98 62 98 77 81 70 17 56 65 75 21 2 77 17 46 77 74 99 75 55 86 24 44 
58 59 84 7 14 35 12 6 8 4 81 43 71 46 98 73 8 99 18 85 32 63 9 58 63 94 96 32 5 76 31 79 8 98 8 81 34 13 61 22 79 12 51 91 36 89 24 46 53 25 19 62 86 67 38 89 5 78 15 50 84 35 2 9 23 90 9 82 92 37 54 87 3 2 62 75 56 72 17 62 95 27 17 71 1 74 26 85 94 28 40 93 84 60 21 35 26 15 86 94 50 91 48 58 94 64 44 80 43 0 93 80 86 7 72 37 79 93 22 97 99 99 40 100 30 8 94 43 63 53 16 5 4 93 91 40 65 56 99 85 63 13 77 16 27 58 2 7 58 33 49 97 39 83 96 33 99 52 84 57 100 71 24 5 51 87 10 100 85 89 84 78 34 49 14 53 53 90 9 13 88 47 5 97 26 88 59 14 56 93 80 33 31 31 88 42 92 78 59 90 66 29 25 4 31 38 83 7 21 47 41 31 98 7 5 96 27 48 23 35 35 2 27 65 45 12 95 36 20 61 23 14 45 74 40 18 38 18 62 8 3 2 31 98 83 24 98 58 45 81 64 19 17 16 43 69 3 55 22 68 14 70 47 61 95 39 31 34 73 49 34 90 36 76 47 32 84 96 10 51 14 51 12 16 92 21 62 83 68 90 76 57 80 82 47 37 65 96 97 29 82 15 34 90 15 100 12 3 59 43 19 23 98 45 45 74 1 27 38 66 99 75 28 68 93 85 79 58 73 56 72 87 69 86 33 81 95 82 65 45 37 27 8 65 21 75 85 4 56 20 93 38 15 23 27 13 56 72 72 61 9 47 92 40 2 58 90 61 41 36 2 82 27 46 97 31 59 71 90 67 94 26 59 51 83 53 9 23 36 55 90 58 8 51 32 8 86 78 59 68 25 45 87 19 21 24 69 40 42 32 86 32 41 85 77 90 9 77 3 35 33 42 50 72 85 48 76 1 83 15 19 26 22 9 50 36 23 80 33 5 55 54 91 70 37 23 1 7 24 52 0 6 39 54 42 19 31 68 22 5 53 55 22 27 25 80 48 59 45 42 73 84 54 87 23 71 34 24 5 82 1 100 5 32 24 21 4 68 1 68 86 1 30 58 32 66 41 23 55 45 
7 6 13 54 6 56 10 81 69 99 62 85 26 82 51 24 68 61 78 56 77 86 60 58 4 99 5 71 85 100 100 74 93 64 76 95 48 78 67 55 93 14 52 32 91 43 46 54 14 42 38 12 65 80 17 53 36 14 99 38 30 100 90 58 2 23 56 33 67 10 69 64 99 84 11 21 34 51 92 15 9 12 26 13 80 41 9 26 81 55 20 30 92 9 40 29 3 26 6 10 9 8 68 17 11 20 80 74 88 35 30 38 85 62 52 24 13 78 79 27 34 99 88 91 43 83 62 57 6 43 33 14 74 100 59 71 50 76 99 93 55 59 96 91 89 9 92 33 57 58 47 26 100 57 52 32 92 27 30 33 27 56 74 77 89 40 18 20 30 85 73 1 54 33 91 32 29 93 26 13 71 12 64 52 33 70 33 72 54 77 54 70 71 54 17 53 72 92 97 32 34 55 48 82 53 89 66 87 74 92 98 43 2 38 87 54 50 36 0 29 35 83 63 15 55 98 8 36 55 96 77 0 87 1 67 32 31 84 17 67 72 68 41 40 74 5 1 38 85 38 41 72 43 19 83 95 93 93 38 45 42 83 47 43 58 78 98 87 29 43 77 98 77 64 34 77 63 46 41 93 82 21 37 21 38 59 15 42 23 59 33 16 100 83 83 58 35 83 80 35 79 40 72 16 46 31 88 79 53 66 40 53 97 19 42 55 92 30 32 82 70 27 10 25 90 37 14 61 20 15 34 93 61 37 64 73 15 32 49 4 77 36 31 54 88 9 70 4 29 54 46 17 24 92 50 80 32 89 32 80 0 49 44 29 67 40 74 59 55 44 96 99 28 55 41 16 51 97 58 66 90 60 10 21 98 96 56 1 59 93 24 62 5 97 20 27 94 13 46 72 24 36 33 66 47 90 52 63 30 17 15 84 8 88 69 24 63 99 88 48 56 72 63 70 21 28 61 76 46 60 55 90 15 73 48 65 17 7 58 94 61 10 42 13 79 35 67 10 65 94 82 24 67 5 10 8 2 71 62 80 72 0 49 99 21 82 33 39 68 89 16 29 44 30 37 87 39 97 77 46 39 39 67 49 57 62 42 95 69 47 77 94 91 16 53 91 49 14 19 5 
67 8 59 87 12 25 9 12 18 74 89 40 93 72 23 78 53 48 54 30 89 60 56 68 85 54 51 90 53 91 18 3 78 66 19 11 94 20 85 48 16 38 23 52 37 34 58 18 58 61 55 21 49 74 82 52 69 65 66 27 63 62 4 81 75 68 59 37 49 88 15 34 79 35 14 77 97 27 71 83 80 54 85 59 42 9 20 83 47 89 50 70 95 69 75 44 85 44 74 42 43 41 4 5 59 55 37 54 11 87 75 59 68 45 40 13 53 25 34 87 73 5 69 78 28 8 2 6 56 28 91 63 100 41 76 91 14 72 91 13 3 18 9 96 70 55 1 97 48 2 62 60 77 78 82 28 68 11 79 97 52 9 58 84 66 68 92 85 94 84 76 21 19 77 36 42 95 6 91 52 24 16 94 93 43 39 80 96 19 97 81 57 34 13 90 90 91 44 1 77 9 11 0 34 34 56 76 100 38 24 40 70 66 86 27 44 58 9 33 69 29 78 26 95 31 28 2 86 73 91 70 98 1 74 65 5 78 0 88 24 13 63 70 23 80 19 84 78 57 100 40 43 13 94 9 76 4 68 42 41 18 56 95 8 5 96 79 37 14 51 16 3 65 88 65 33 45 98 55 46 58 24 56 35 54 99 78 92 64 9 91 39 0 10 7 54 90 26 66 44 16 84 76 13 37 81 8 33 69 74 60 70 61 99 5 29 74 49 22 78 52 45 87 85 8 79 43 72 15 67 82 60 61 90 21 6 55 98 41 26 83 78 100 77 34 39 64 88 22 79 87 23 72 31 95 79 66 26 96 18 44 48 64 81 13 54 12 97 36 71 26 49 79 92 28 57 43 34 82 89 54 30 46 26 58 19 53 7 35 34 61 55 14 17 84 77 24 4 2 14 29 28 4 72 85 79 58 78 48 22 42 21 12 51 2 30 42 64 80 69 82 59 77 39 39 76 74 79 27 76 99 73 34 97 26 78 51 5 51 83 9 11 53 0 24 31 71 57 5 60 90 6 60 85 6 27 67 80 96 44 58 28 55 65 53 75 64 30 54 9 90 95 33 90 40 79 98 90 60 64 14 100 31 5 64 30 75 1 82 94 15 59 92 49 5 77 81 97 18 82 
17 50 89 41 38 88 59 29 83 56 90 67 7 81 48 2 81 22 40 1 72 59 29 81 55 83 67 38 95 43 36 41 21 74 30 38 40 6 66 26 46 88 2 75 51 74 36 50 98 23 68 72 69 4 44 33 2 42 87 55 76 38 61 68 56 42 45 76 79 69 54 32 59 5 30 75 49 63 63 62 99 46 50 29 52 52 60 77 83 67 22 63 4 92 16 50 72 54 79 69 59 16 47 42 6 83 37 86 3 60 22 88 22 5 38 95 50 68 43 50 0 70 58 39 10 9 0 57 26 68 55 27 34 0 18 38 91 95 64 36 85 23 43 14 49 51 8 86 18 55 75 95 20 56 41 53 60 65 77 28 73 7 98 6 30 39 51 24 90 54 62 19 85 51 81 43 81 86 34 100 28 21 99 21 10 81 58 45 63 62 84 4 2 21 18 54 39 90 43 75 34 68 17 35 14 73 6 96 82 55 60 27 74 26 1 59 32 21 6 14 86 84 51 44 25 75 22 74 72 96 54 66 32 38 29 15 88 11 59 33 55 4 76 3 83 8 45 87 7 82 86 68 49 59 24 63 11 86 43 85 43 65 29 42 98 16 18 86 48 15 0 65 83 83 29 6 85 18 9 81 69 97 4 81 88 19 32 55 57 59 71 44 6 68 35 66 30 8 61 83 83 20 93 28 97 24 100 89 62 43 41 79 75 24 48 46 41 81 82 77 23 97 72 93 57 18 73 12 81 49 19 72 75 2 89 68 6 71 6 25 49 60 84 34 100 95 34 76 26 43 15 63 16 29 57 30 57 57 65 79 22 56 45 0 23 89 46 20 84 11 30 80 40 16 67 54 77 46 26 70 2 92 8 15 66 25 61 12 69 87 65 19 36 38 3 50 54 42 18 10 72 98 62 92 58 94 12 14 79 37 38 56 53 8 12 58 16 53 79 36 29 73 36 25 67 17 37 88 42 70 62 89 89 93 46 90 92 99 36 35 97 12 19 40 91 57 97 83 74 33 77 50 54 14 45 48 12 89 16 5 18 91 32 73 49 23 28 28 97 96 0 66 9 35 40 66 30 63 64 92 78 14 35 30 65 98 20 44 44 28 48 81 18 38 87 45 97 57 84 98 
40 87 42 33 94 57 62 6 63 45 69 90 72 77 31 8 81 83 14 36 68 83 31 30 42 42 6 8 63 27 44 55 86 58 46 43 58 54 32 42 63 50 66 44 12 15 89 36 51 80 3 38 14 86 81 43 89 0 38 53 90 24 6 31 41 51 15 30 75 44 40 83 98 35 86 46 17 48 69 51 20 71 93 29 79 93 16 47 86 42 76 69 65 61 57 95 36 79 63 71 38 89 84 89 16 1 45 84 27 62 85 23 98 30 16 3 49 33 1 43 81 45 24 75 71 7 58 46 76 4 84 27 97 22 42 83 4 81 78 78 78 21 56 2 20 73 62 57 85 73 91 45 5 26 39 37 99 5 43 47 7 51 4 70 19 73 19 72 36 78 40 14 99 79 81 43 73 12 83 23 81 93 3 15 84 7 91 50 0 32 95 87 89 51 48 97 73 51 85 50 26 27 62 18 24 99 14 95 88 43 66 5 57 93 47 0 34 79 21 79 44 94 80 85 60 96 100 43 69 45 49 69 0 28 93 13 30 6 39 37 41 81 78 68 68 97 1 28 85 48 65 58 19 13 39 14 79 55 94 91 65 14 53 84 7 20 47 62 30 96 19 11 93 93 69 72 76 54 24 12 30 12 74 85 53 66 57 49 0 90 44 73 40 67 59 92 87 74 10 94 17 79 32 64 24 25 46 56 23 32 14 8 29 84 90 25 51 29 71 26 9 77 13 50 8 8 96 0 90 43 66 33 83 54 50 12 30 70 91 55 64 98 15 100 68 22 21 10 60 7 24 35 28 34 50 88 95 76 6 71 84 22 54 67 10 67 53 27 63 98 99 93 42 7 52 58 14 22 37 88 72 51 46 97 51 93 50 94 88 34 5 26 46 98 67 83 55 30 39 22 6 30 82 95 75 25 28 60 20 2 65 73 35 34 58 81 86 15 43 2 53 38 80 72 35 2 19 88 23 38 50 92 18 11 86 86 69 31 72 56 83 0 72 94 51 88 17 19 43 8 73 8 76 61 73 90 84 64 67 27 23 2 25 3 96 97 94 54 4 90 91 65 72 85 44 32 38 94 78 31 15 61 74 45 77 34 33 20 81 78 8 30 33 51 49 39 77 5 51 51 
87 94 3 65 50 39 29 87 17 88 30 3 93 70 58 87 52 47 33 70 93 16 68 8 58 5 84 99 48 0 67 91 98 83 86 68 99 97 75 33 62 93 30 95 2 37 11 9 97 45 92 22 2 78 20 34 92 36 71 35 89 91 45 65 79 3 29 46 53 35 8 40 75 60 27 46 83 53 2 32 60 71 81 0 18 90 12 94 63 51 15 44 59 58 61 33 16 48 7 61 52 32 0 79 24 52 7 94 23 36 97 46 44 100 65 63 4 64 76 57 89 94 15 49 18 46 27 77 62 20 3 83 100 31 15 93 68 94 25 65 88 49 34 36 4 33 40 80 3 10 70 83 8 4 27 50 48 78 81 42 82 95 37 29 83 91 64 1 86 91 42 4 94 98 35 37 8 11 70 6 8 25 90 91 99 83 18 48 42 11 41 84 40 70 82 10 23 59 2 25 36 78 47 11 58 6 15 24 43 87 25 100 51 16 80 85 11 19 13 11 21 99 25 45 31 24 81 80 63 16 7 53 41 100 83 54 63 39 2 39 34 72 70 65 26 18 82 31 10 27 64 37 68 10 15 6 91 96 27 1 78 41 68 11 25 65 49 4 92 95 76 80 74 83 11 21 72 70 19 90 33 12 10 84 18 25 57 71 3 31 31 65 96 88 4 0 95 80 88 69 10 53 94 50 81 75 4 26 48 23 86 14 57 100 89 19 89 72 100 58 8 69 32 51 77 98 4 44 81 72 65 55 46 79 4 6 32 60 63 88 82 77 31 5 1 10 17 79 47 83 86 33 73 95 12 66 75 53 16 87 78 59 45 7 63 50 54 99 78 19 63 5 14 79 47 50 79 15 39 91 17 79 31 99 50 15 51 7 45 1 23 48 71 25 50 88 56 44 76 7 98 18 85 52 68 72 62 27 86 36 2 99 98 99 51 6 6 62 3 79 75 27 29 73 43 96 48 81 4 50 29 63 62 58 36 8 66 76 95 20 63 91 50 74 66 80 13 50 12 14 26 67 73 23 46 64 58 16 35 100 19 64 37 50 69 52 92 5 14 94 19 60 48 94 40 21 97 5 84 47 21 3 44 32 46 48 75 57 62 8 62 32 71 100 42 46 1 20 43 9 
52 16 91 9 24 14 93 24 34 100 49 91 72 39 33 26 40 38 67 31 0 100 4 82 64 52 97 22 69 83 51 78 66 91 32 56 66 26 73 76 95 70 47 28 74 75 60 38 48 36 7 30 91 30 13 50 71 47 82 80 70 98 60 61 36 70 37 44 31 91 30 0 50 83 0 30 21 52 92 15 56 59 8 32 11 97 38 75 20 51 31 84 94 85 85 78 78 36 70 11 29 28 83 56 92 92 28 3 59 44 76 69 34 45 97 33 7 98 89 70 36 98 86 75 0 21 86 91 62 22 46 77 90 5 60 58 97 3 27 49 28 85 6 13 40 78 92 92 17 44 11 56 87 7 40 23 15 81 34 10 75 51 64 35 3 88 50 89 22 11 65 11 58 7 18 86 35 38 38 52 94 17 69 92 59 6 47 45 26 14 80 75 5 6 25 66 50 2 100 72 92 15 19 35 0 98 19 24 13 41 29 4 17 78 33 24 95 88 13 67 82 28 97 72 91 57 51 56 77 48 83 29 59 62 22 65 10 58 13 46 1 30 64 12 56 73 72 97 50 32 8 78 95 6 34 78 90 99 13 71 6 39 47 38 61 0 84 55 65 88 22 77 68 92 85 46 98 66 13 95 24 37 31 93 85 46 15 87 9 20 41 99 94 97 6 40 66 92 42 70 52 60 54 63 5 93 39 17 12 8 82 50 74 14 50 71 4 87 48 63 79 14 1 58 18 66 5 94 84 57 74 77 37 45 47 20 37 50 87 35 27 37 32 29 23 27 83 9 78 5 9 14 94 49 60 48 77 79 17 55 75 53 52 65 7 72 84 95 65 29 26 100 16 90 32 86 41 71 29 11 14 8 75 16 79 58 35 16 78 90 62 13 85 5 50 33 23 82 78 64 75 50 14 70 78 68 69 91 10 28 3 18 8 98 32 39 96 67 53 15 54 70 43 77 1 22 100 31 9 52 97 56 74 84 1 93 31 50 11 32 31 21 96 40 18 98 56 28 28 5 79 40 28 32 55 6 5 73 13 77 39 81 64 1 78 27 17 52 1 49 53 15 47 66 90 59 7 78 38 95 65 37 13 98 36 100 29 42 38 53 87 79 51 13 77 29 57 100 30 79 
58 25 84 82 57 46 86 68 81 61 40 47 15 57 71 48 85 75 31 3 7 97 22 47 50 75 75 49 34 46 3 34 2 8 26 31 24 91 66 70 31 95 95 88 90 29 40 5 26 68 32 67 24 96 37 33 43 40 32 96 72 33 33 41 29 46 66 26 18 1 48 64 75 25 49 30 84 96 19 25 52 43 40 15 71 69 73 82 81 96 84 80 79 57 7 71 6 5 77 67 32 44 7 9 10 14 0 52 0 74 62 18 42 18 91 74 54 44 50 78 76 64 5 95 28 97 51 60 98 33 26 54 58 13 52 87 90 21 85 29 37 37 28 3 97 85 81 23 26 44 39 21 65 37 74 87 86 53 45 68 70 60 11 92 95 92 45 52 23 7 53 10 87 6 11 20 65 89 91 27 50 13 90 48 69 46 13 28 68 36 100 28 84 73 32 97 39 82 24 78 16 88 13 52 14 77 98 34 53 90 47 12 77 60 28 69 60 85 58 19 34 85 12 7 47 25 68 44 7 74 41 80 61 64 92 64 95 8 76 51 37 92 12 78 99 91 25 38 36 77 99 89 98 67 72 84 46 47 68 28 100 14 98 24 24 15 45 26 28 8 24 43 1 32 48 52 35 24 26 88 36 95 67 46 80 67 45 88 66 40 20 18 77 92 20 86 91 43 35 15 11 12 45 93 82 73 84 22 0 3 8 60 97 11 84 30 67 9 84 75 36 46 63 24 41 35 13 29 58 3 39 21 100 0 11 96 96 10 98 32 80 82 78 19 21 23 75 85 15 44 0 92 8 13 23 73 88 39 10 34 89 71 8 27 13 60 55 44 11 48 71 32 93 44 18 28 66 11 77 69 73 85 70 56 57 25 60 8 22 11 58 42 84 28 4 45 87 64 96 5 63 44 66 30 46 66 45 1 49 1 90 24 49 45 56 45 17 14 69 86 88 55 99 63 69 31 29 81 55 71 13 5 64 98 23 2 1 35 84 98 21 8 92 76 73 59 16 3 59 62 16 10 11 8 30 61 99 43 8 24 11 46 37 62 43 19 36 22 89 72 70 74 20 3 3 41 29 70 69 63 60 73 78 30 38 49 63 21 95 99 100 73 72 40 66 61 28 2 12 34 
64 89 98 95 53 22 34 16 5 36 68 18 8 34 74 22 36 29 24 83 97 48 54 4 10 12 72 10 25 52 93 66 7 38 35 5 2 2 48 89 79 90 49 81 92 66 27 47 53 49 73 33 83 1 67 58 100 32 51 10 92 34 14 36 69 47 45 50 69 29 87 29 58 97 97 10 89 7 72 79 96 68 60 66 36 92 7 18 93 70 76 84 38 56 16 95 3 77 60 44 20 5 58 71 99 20 69 29 31 16 20 93 16 42 85 95 80 81 53 26 53 5 83 89 27 74 6 34 34 53 33 67 31 58 41 39 69 70 21 76 20 38 0 51 60 91 24 40 75 40 74 29 91 53 39 88 40 42 85 50 13 93 84 68 85 5 65 87 9 54 12 44 9 78 91 96 95 5 35 49 56 7 70 83 69 78 1 6 90 33 17 54 76 26 71 39 48 57 2 92 72 35 45 26 45 77 35 20 76 1 42 15 68 84 53 9 2 36 93 52 93 58 73 72 29 52 88 55 91 43 6 36 73 33 86 80 58 97 56 60 34 22 76 67 83 94 9 84 15 97 2 97 95 42 22 26 80 89 37 35 38 57 89 16 19 90 23 10 44 89 65 56 22 79 88 19 21 91 63 2 18 84 39 31 21 17 67 54 44 16 31 77 62 14 61 78 99 26 25 70 70 93 51 82 1 25 48 56 53 11 14 10 55 28 97 6 78 45 67 47 60 100 19 62 22 1 30 10 81 95 43 84 97 45 3 33 75 1 49 8 2 26 90 47 51 68 50 93 40 84 13 4 54 90 43 72 24 10 80 99 1 24 86 84 10 35 47 3 3 86 33 3 15 45 9 68 38 38 86 71 67 76 9 18 7 29 37 38 52 20 95 61 91 26 61 8 5 28 39 10 67 51 56 50 82 47 88 51 80 43 57 10 42 100 9 9 94 53 68 37 60 100 11 32 26 6 4 28 32 47 84 95 66 45 60 2 32 54 82 71 73 80 45 10 94 96 87 74 97 69 33 61 31 70 52 99 77 45 58 27 72 38 22 90 88 3 100 85 70 33 27 45 96 96 100 12 96 85 9 23 54 6 81 20 70 27 8 68 43 82 41 16 40 32 9 24 99 14 20 37 
40 4 68 55 18 61 4 9 72 72 95 83 50 91 14 0 60 51 40 65 73 88 65 5 10 17 64 77 59 70 84 45 17 77 82 24 33 25 52 50 5 68 68 75 98 86 80 44 30 93 47 80 11 25 64 74 42 44 45 19 50 78 96 37 84 26 3 94 48 90 59 41 8 9 56 59 96 20 23 16 86 96 70 56 87 11 85 72 78 45 4 0 69 87 30 30 15 37 47 76 1 9 100 10 83 0 39 100 9 3 21 20 59 49 64 88 82 8 16 96 42 96 64 97 95 58 63 80 16 71 94 50 18 37 74 44 22 10 27 37 25 92 71 8 27 84 73 40 53 97 24 26 0 99 65 29 97 9 25 25 4 13 11 82 5 92 63 44 66 84 9 100 88 56 30 73 40 38 66 62 40 29 88 6 39 55 68 28 10 46 58 88 34 66 12 22 66 31 98 60 89 59 48 67 10 68 97 60 6 27 57 74 11 94 38 5 44 11 36 63 58 86 16 24 7 60 7 11 67 77 33 66 35 61 94 35 67 38 44 48 72 35 12 4 55 45 24 54 100 86 44 57 23 5 62 43 13 40 98 41 70 51 76 98 1 36 64 81 36 1 90 7 62 43 98 87 2 73 26 50 43 64 94 18 70 54 3 58 89 65 27 66 17 9 59 29 35 77 46 84 84 35 25 44 62 16 16 36 79 24 71 59 24 12 19 15 81 44 94 14 22 94 79 95 96 44 57 37 77 29 95 34 53 83 7 42 41 98 82 71 48 6 90 74 40 32 14 66 4 4 35 82 39 46 56 47 86 61 42 99 54 63 3 68 6 64 97 30 95 7 48 70 29 91 17 10 24 58 98 0 50 72 5 32 25 21 19 85 20 96 87 5 63 47 63 53 13 51 75 0 40 3 59 10 44 19 68 12 10 70 100 78 50 12 29 81 37 21 22 6 16 18 13 96 6 65 96 99 60 79 1 99 95 97 25 46 39 71 30 97 48 38 59 78 70 60 5 64 37 81 10 67 72 42 39 46 11 61 59 18 84 83 38 31 19 9 73 15 81 3 38 95 94 4 13 42 87 86 13 9 43 20 45 95 27 73 80 76 29 89 14 4 57 79 37 74 83 8 46 95 
54 95 46 90 39 84 96 1 48 48 68 36 51 3 12 47 95 10 13 3 47 35 87 79 87 9 82 73 30 43 1 25 73 29 32 60 92 70 57 91 36 18 38 50 14 38 11 53 84 45 16 4 83 19 65 23 49 44 48 19 48 88 94 24 15 20 97 8 26 73 49 1 45 69 91 27 3 38 47 58 42 33 67 10 16 3 4 37 67 19 67 95 69 8 81 26 8 72 46 26 41 59 86 56 10 72 58 33 60 76 47 39 71 2 78 88 78 100 72 9 14 59 93 47 92 89 38 50 21 71 95 23 37 42 22 95 98 91 51 13 18 43 68 52 96 98 73 60 77 4 19 16 61 73 98 81 19 36 28 2 12 26 74 7 37 24 8 2 49 82 1 6 85 52 43 66 2 44 51 83 90 66 49 89 92 81 68 58 64 63 22 100 26 11 81 99 56 50 17 80 45 63 99 34 31 43 100 4 85 80 34 34 61 82 89 91 3 25 42 63 33 72 27 69 87 53 13 22 8 6 34 78 55 52 100 13 66 23 23 36 34 42 26 73 18 86 67 60 64 39 58 70 3 36 31 41 75 89 71 66 91 64 84 25 9 35 66 46 23 57 68 88 17 5 98 37 42 0 87 52 95 92 0 90 65 91 25 24 37 45 32 73 96 35 72 15 27 39 45 84 72 79 34 23 69 89 97 64 77 40 43 67 97 86 86 39 44 2 12 72 73 95 54 63 29 91 15 83 79 72 21 31 43 33 67 23 16 64 68 83 91 0 89 36 68 7 23 47 9 50 8 61 49 86 12 17 23 14 87 86 31 2 75 26 20 45 66 95 84 59 64 28 89 28 100 55 17 95 99 100 43 3 74 35 12 25 52 5 96 20 97 96 25 15 86 15 9 26 15 42 21 93 92 48 28 53 88 74 35 48 19 0 79 99 50 36 85 85 62 72 84 91 81 1 29 78 2 14 87 66 36 54 16 44 35 34 97 54 53 15 2 29 37 14 36 33 34 18 82 55 100 88 68 2 44 7 44 43 43 34 65 62 35 1 86 93 15 74 77 56 14 62 68 77 44 89 92 96 15 22 24 56 38 74 85 50 67 97 91 88 15 19 98 21 14 73 8 77 6 14 
58 23 37 91 38 24 10 93 15 3 15 2 10 31 96 57 35 35 6 42 81 24 6 89 79 21 9 36 91 16 76 72 84 59 36 62 78 41 24 14 58 76 60 81 15 2 14 47 3 56 26 69 57 89 29 9 38 9 35 68 22 94 49 69 64 54 64 33 83 78 72 43 91 71 1 18 84 74 18 0 12 29 20 100 40 22 92 87 78 40 43 60 18 81 67 98 89 81 1 93 86 7 81 34 86 78 38 73 19 71 11 47 97 83 86 29 46 19 16 59 47 71 23 22 44 57 59 29 55 85 33 36 99 24 46 26 80 38 66 61 20 99 35 17 72 9 19 51 8 32 76 29 38 45 91 54 97 56 4 98 97 12 27 86 36 39 31 2 53 99 82 87 29 73 53 58 14 18 13 79 30 39 8 0 82 99 67 88 7 92 73 82 53 10 93 61 25 1 68 31 35 78 81 86 69 88 63 84 79 80 47 85 48 83 60 100 99 65 34 84 57 32 67 98 94 78 77 44 9 74 55 3 47 20 42 15 24 37 55 9 29 55 99 51 82 98 14 62 38 3 84 10 72 22 51 10 73 71 43 94 79 41 96 93 3 45 23 6 71 49 34 80 88 81 4 80 76 26 9 25 20 75 2 79 57 26 65 14 16 66 94 32 4 76 87 22 83 99 48 43 21 43 48 16 92 80 2 78 58 45 10 96 13 75 28 29 39 27 44 91 90 76 78 76 13 9 75 37 63 100 52 10 51 59 55 22 28 90 58 27 50 14 40 84 69 96 9 55 79 37 48 55 35 7 73 3 55 90 27 15 46 10 5 73 4 95 54 55 44 58 76 1 69 89 81 82 55 66 59 96 76 62 100 84 64 28 66 82 61 52 46 6 36 93 95 29 87 94 9 29 55 92 47 16 16 9 80 60 18 9 98 16 2 15 31 33 98 64 6 15 74 63 98 65 36 6 47 68 98 41 35 42 28 86 9 89 77 89 48 12 35 41 93 32 69 99 61 36 33 64 43 48 86 91 79 69 50 50 5 69 41 19 45 86 47 100 53 62 87 74 54 81 8 46 58 71 4 93 7 65 48 76 28 20 51 90 23 60 23 47 38 66 23 62 89 50 45 60 6 84 
21 46 77 17 8 94 75 80 46 65 40 25 36 30 55 59 29 86 77 95 24 39 60 44 95 82 55 62 11 47 45 51 11 43 20 69 24 46 81 66 53 12 59 5 92 48 58 14 36 30 44 10 0 41 76 91 14 37 4 6 96 60 71 20 12 31 75 50 23 39 15 1 52 96 39 14 12 17 51 45 89 53 14 11 84 18 29 71 52 72 49 61 66 81 11 8 36 28 70 4 70 57 90 35 64 79 20 81 97 10 69 15 43 89 32 34 5 51 84 77 4 75 93 47 14 5 31 65 52 93 63 25 11 47 90 26 28 12 90 54 30 85 67 25 38 44 88 62 22 8 72 3 31 34 56 39 54 13 58 78 68 5 85 92 19 80 32 71 20 63 55 73 62 99 54 55 31 37 49 18 82 68 15 37 69 15 87 11 41 36 98 70 58 44 80 92 38 48 80 40 60 86 88 73 96 75 94 44 42 15 11 25 69 89 60 99 19 68 76 81 99 61 68 36 4 47 80 25 21 89 48 83 29 46 41 11 92 22 73 69 68 77 85 2 58 53 45 41 14 10 68 49 83 35 38 20 42 48 46 49 99 27 1 34 82 71 91 43 63 81 23 79 71 27 45 67 27 39 22 0 87 48 92 66 34 10 72 9 66 85 1 79 98 55 81 71 13 41 51 90 60 30 82 98 13 88 80 53 25 60 76 99 47 4 85 3 11 87 42 88 53 23 17 61 62 66 74 98 4 14 53 3 99 96 50 4 92 95 15 69 55 3 49 34 64 3 88 16 75 56 54 75 2 17 38 18 76 40 14 67 49 70 83 10 30 46 70 67 36 47 21 68 66 41 3 9 62 35 32 60 8 94 81 24 53 80 84 53 16 71 82 13 8 98 36 4 21 67 39 86 33 56 68 88 34 57 84 70 93 20 4 39 86 75 27 73 100 69 41 71 23 18 63 80 91 51 87 54 20 72 97 6 93 21 94 37 35 100 1 67 86 21 15 68 49 39 10 23 62 73 73 91 41 92 75 26 58 79 50 21 70 17 59 85 62 78 65 47 94 1 66 30 6 2 73 28 91 44 60 14 68 18 91 15 100 68 8 61 86 82 59 35 12 96 65 86 27 5 21 9 
62 58 81 41 91 63 30 12 67 41 29 28 23 92 34 27 16 52 41 23 61 44 69 19 35 90 37 78 83 49 28 14 97 22 28 63 87 8 28 91 24 30 81 28 36 57 59 76 8 37 21 20 86 49 74 24 54 65 88 61 52 17 18 34 31 14 30 23 36 41 77 22 79 83 2 28 64 89 36 65 90 60 42 43 36 34 45 35 57 88 28 97 38 99 43 47 11 61 96 18 34 86 3 0 81 12 57 80 83 30 13 4 5 88 99 87 12 29 76 94 91 87 47 49 92 74 69 43 75 61 4 44 94 14 25 44 66 16 58 28 23 4 47 67 34 73 79 64 64 44 63 21 83 80 33 10 30 76 48 6 90 93 69 13 80 99 82 42 59 23 85 94 41 64 87 11 67 9 48 91 77 3 56 46 43 25 33 42 93 68 27 22 77 7 76 16 95 49 37 16 78 78 77 49 20 55 38 15 26 87 5 76 77 77 98 38 37 65 40 78 76 95 23 73 16 90 29 17 37 6 30 40 31 100 16 94 42 18 98 43 21 27 23 22 38 73 15 91 7 75 63 77 82 79 49 40 92 7 88 87 75 70 8 84 94 16 65 51 61 2 56 17 10 32 43 67 77 67 84 37 75 29 89 30 2 27 81 67 84 57 81 7 63 85 80 23 81 93 89 81 68 23 97 25 77 4 47 82 9 78 94 47 46 23 16 1 95 21 95 7 10 97 45 45 26 19 99 49 2 10 9 14 78 87 45 60 73 100 59 12 73 88 61 79 92 30 52 80 7 59 56 25 37 74 57 67 21 46 18 81 87 25 75 56 32 33 8 59 87 60 47 80 92 9 66 7 35 4 54 25 96 88 22 44 53 35 48 37 42 92 63 82 61 0 96 70 63 59 33 41 94 43 53 16 95 83 24 49 39 78 29 17 65 9 43 98 78 96 45 30 76 6 50 10 88 99 45 94 89 67 1 54 43 88 92 3 65 21 63 7 69 56 38 33 19 40 19 6 67 34 66 58 37 88 77 45 33 63 39 6 46 98 89 100 91 12 27 71 16 30 12 87 1 80 71 80 75 1 52 56 27 19 67 37 2 9 1 15 36 16 20 89 47 82 48 22 57 34 88 13 
5 37 43 18 54 13 2 95 76 11 97 78 34 22 63 23 80 43 53 27 59 85 59 28 41 4 55 83 92 14 20 95 30 38 14 53 3 34 61 30 67 1 39 96 42 97 6 13 78 73 45 82 36 61 81 18 5 59 43 51 3 88 87 15 49 8 22 53 69 91 0 19 26 31 94 63 99 27 14 10 69 26 51 28 67 1 93 39 56 1 11 96 92 97 80 59 67 89 19 36 41 86 10 0 11 95 67 7 2 43 70 47 36 15 18 53 19 89 41 39 18 56 66 82 30 46 74 14 18 93 80 99 69 7 83 24 2 91 80 58 87 96 29 74 33 31 13 51 45 44 18 88 31 19 32 2 96 7 95 74 53 38 76 44 63 61 80 21 38 2 96 32 19 36 97 46 27 70 81 14 21 21 55 15 74 7 91 14 3 28 67 88 24 49 20 47 21 33 57 18 88 58 66 91 75 7 76 59 91 0 98 84 57 16 45 67 94 35 8 10 68 93 42 80 12 26 29 30 98 69 6 24 83 77 45 68 2 4 42 16 22 9 94 53 96 70 63 50 21 28 70 26 49 92 43 62 11 81 1 80 26 21 67 56 18 86 38 3 73 28 49 17 45 47 1 17 57 96 94 89 55 39 50 85 94 100 82 4 80 82 87 28 87 64 17 35 40 22 87 28 99 60 0 43 99 54 96 84 97 66 42 65 98 64 100 27 68 82 84 55 96 98 3 88 69 100 89 49 30 93 12 59 71 68 50 19 70 95 91 99 35 33 1 71 45 1 38 69 0 18 3 26 25 91 48 38 0 8 12 45 96 48 20 47 82 12 61 78 29 99 52 10 68 47 35 7 92 12 13 76 52 22 74 91 21 17 45 27 29 79 83 45 60 52 14 88 26 16 91 18 81 32 38 83 8 5 46 37 10 64 83 58 19 41 80 49 96 2 80 3 45 80 50 10 71 50 61 74 74 5 98 83 21 97 65 24 46 84 56 55 62 34 49 17 51 1 36 2 94 82 21 29 97 71 42 16 85 71 82 83 42 94 18 37 39 18 55 6 64 27 57 9 33 43 44 44 40 40 28 78 87 51 8 27 61 44 35 45 37 62 4 10 27 9 59 5 14 74 66 65 
0 98 77 20 25 68 45 5 15 82 38 38 64 82 20 8 74 27 26 8 30 35 50 69 13 90 23 89 14 98 45 46 97 78 21 60 11 24 34 15 64 95 45 59 79 35 40 10 76 79 25 51 21 72 66 51 85 76 82 3 9 20 75 93 75 50 71 10 2 80 41 6 66 28 45 81 63 98 24 64 14 13 77 57 26 34 60 90 70 54 83 40 75 1 95 72 17 41 51 50 21 40 56 45 73 87 5 54 7 56 59 19 97 19 81 31 4 70 59 15 93 18 14 81 65 71 13 42 13 74 11 51 55 67 7 0 75 85 77 30 73 78 0 14 7 73 26 87 36 61 76 37 42 97 15 88 84 41 24 99 43 86 63 1 34 63 29 19 57 74 13 68 15 28 41 85 36 63 40 93 42 5 28 78 17 97 61 83 41 20 12 39 21 48 16 46 36 32 85 84 94 1 22 85 0 60 83 74 52 77 51 31 53 68 41 48 61 12 53 31 58 86 17 3 87 92 84 70 20 56 23 57 92 88 21 11 52 90 46 40 72 95 99 99 74 44 17 22 82 1 48 68 9 68 33 78 41 11 44 31 82 28 81 23 74 60 49 79 70 96 4 31 74 51 18 38 13 100 92 69 19 3 98 3 43 4 32 40 1 68 41 83 79 94 24 70 15 1 70 93 91 60 74 91 65 40 24 44 1 72 76 44 20 61 6 55 76 60 67 19 2 22 63 64 24 24 30 80 81 88 84 47 94 47 44 57 40 19 81 10 11 10 13 90 17 74 3 12 55 68 85 50 96 81 36 22 62 88 24 52 15 81 86 41 32 69 88 92 28 8 70 89 87 0 99 88 94 74 4 48 26 40 77 93 61 27 87 64 18 16 63 29 59 36 70 37 56 96 62 89 3 28 16 90 46 73 78 58 29 63 52 21 38 15 11 36 64 47 62 17 65 43 48 21 10 91 48 59 79 51 81 18 61 44 92 6 65 67 44 76 64 88 61 53 64 99 70 88 96 40 9 61 74 56 7 16 49 76 91 69 69 9 97 91 99 38 51 81 14 29 89 45 68 68 58 35 69 29 37 52 28 40 34 96 96 100 14 22 13 4 20 4 22 30 52 34 86 51 39 79 
59 49 58 13 92 98 70 3 40 35 57 3 81 42 29 1 5 56 28 58 81 11 58 94 19 47 21 38 98 80 35 53 96 19 48 76 23 49 14 64 26 16 2 49 53 58 55 90 8 14 28 63 22 50 41 79 75 58 7 48 66 53 64 25 32 8 72 18 73 48 36 41 60 57 15 71 30 11 97 48 60 47 31 3 28 62 27 36 86 28 3 29 35 41 72 47 72 35 34 75 3 0 48 88 66 17 97 8 52 6 7 16 71 51 94 88 52 15 86 30 98 14 72 75 31 13 91 83 74 94 17 23 50 26 3 19 40 83 77 52 90 26 66 30 40 53 1 31 8 81 73 67 48 29 70 69 97 32 60 93 92 38 65 20 34 91 55 27 15 97 73 95 70 96 73 37 80 88 52 4 96 93 68 17 18 45 70 64 3 60 30 71 60 89 78 50 53 32 39 88 84 14 71 29 52 12 76 76 21 62 63 72 68 24 10 43 0 99 31 12 22 5 32 21 96 30 9 93 42 70 48 27 78 47 99 66 23 12 88 52 40 96 77 19 95 90 52 24 33 55 58 37 19 40 78 4 24 95 87 76 79 47 13 74 64 74 61 61 44 27 80 45 27 93 8 96 94 18 23 7 5 85 27 83 2 67 89 34 87 39 66 77 76 34 14 33 31 76 79 70 60 86 19 73 24 54 97 32 48 58 80 10 18 74 70 91 46 22 59 54 100 48 32 78 87 72 86 11 54 45 14 19 2 86 46 54 88 39 8 52 73 100 76 66 44 95 59 96 30 82 98 94 78 84 41 84 37 40 22 94 44 19 84 58 20 67 55 75 90 84 47 11 78 25 94 10 4 20 36 1 52 65 38 28 8 36 98 19 100 52 29 78 52 21 29 7 91 28 97 100 97 83 64 16 35 90 99 7 7 84 58 26 44 4 96 54 51 8 75 79 60 100 57 73 49 1 25 28 47 40 12 28 60 57 17 0 69 2 53 7 93 67 19 5 10 28 98 68 19 55 38 7 56 66 98 42 90 73 0 80 29 35 43 93 89 82 28 65 42 38 85 72 76 13 75 0 50 34 76 29 17 22 5 97 5 78 25 54 51 62 22 20 36 72 50 40 4 46 60 50 
68 94 18 3 76 54 77 18 18 55 95 54 79 79 93 36 55 61 15 43 14 80 33 50 53 75 66 36 51 51 28 23 27 17 34 34 71 60 10 78 85 46 95 85 42 70 7 68 52 27 1 89 23 46 90 27 2 2 25 18 0 98 48 55 19 99 39 84 63 89 46 22 90 71 80 23 52 13 6 56 70 74 1 94 2 9 8 24 13 84 56 95 48 12 12 78 76 67 71 34 37 41 78 64 24 83 90 31 36 82 73 38 83 9 28 37 16 26 20 98 11 57 9 92 49 43 13 75 68 15 77 9 61 49 74 99 69 84 8 85 66 95 42 15 1 60 90 18 37 100 60 10 38 77 16 97 1 5 62 7 62 9 76 27 89 16 85 3 52 59 76 87 40 23 0 53 58 7 52 21 7 3 32 23 53 26 87 50 87 63 45 35 78 14 59 36 90 5 20 19 34 28 24 50 80 23 1 76 59 20 76 20 5 7 49 29 85 90 1 58 67 72 73 5 87 15 78 92 100 3 66 23 75 84 76 90 100 96 25 19 34 79 33 42 6 99 72 90 46 64 43 60 30 1 8 2 51 93 15 74 84 81 92 80 78 28 47 70 92 72 26 100 45 27 11 93 40 71 60 64 21 58 56 100 62 10 68 81 23 70 63 8 62 26 4 1 82 27 94 30 69 46 35 45 9 99 33 89 46 94 71 32 92 5 90 24 61 14 54 67 39 98 97 51 29 81 88 82 36 27 55 70 2 69 2 47 73 26 52 38 11 52 17 81 96 7 65 59 39 89 5 29 58 45 50 4 64 13 83 53 98 69 66 93 49 96 54 41 24 39 59 71 96 53 46 98 28 21 12 95 77 77 64 89 86 40 70 21 8 98 38 76 72 68 60 86 100 59 61 15 3 50 92 72 98 92 90 76 47 82 23 35 46 30 10 62 36 76 61 59 93 55 79 49 45 62 73 65 89 65 71 56 68 49 90 100 8 80 5 34 91 51 12 39 97 72 61 42 61 96 4 26 13 33 74 22 40 25 36 51 6 10 74 37 36 7 49 100 84 30 12 83 72 7 74 75 3 62 66 36 66 8 13 14 91 17 79 98 31 71 90 73 83 32 59 92 59 5 76 97 
93 89 23 24 49 25 56 36 30 67 46 32 42 28 75 58 90 96 27 46 74 9 21 79 63 81 69 38 27 78 28 24 22 23 89 62 75 84 15 41 33 14 91 56 62 73 85 60 36 84 26 35 2 63 66 33 79 27 79 16 8 54 13 2 79 36 39 49 53 7 49 70 38 61 33 40 28 13 93 76 58 40 89 97 10 36 58 77 20 29 32 69 44 70 90 76 41 94 48 82 78 90 6 47 66 72 60 94 59 47 80 41 32 3 17 79 49 2 23 53 26 90 47 6 63 7 49 36 1 35 62 7 92 64 19 1 9 40 95 46 31 9 12 100 62 49 73 10 23 73 64 62 0 6 10 86 79 72 56 55 81 91 40 85 42 66 27 8 98 0 15 96 43 79 79 52 13 7 72 76 15 64 15 88 29 55 11 99 13 47 20 62 26 88 11 35 12 67 40 89 93 78 92 45 100 75 39 74 36 9 99 96 78 65 87 41 53 7 73 29 96 14 2 92 35 70 41 58 34 47 30 10 37 99 80 100 75 74 96 50 5 36 58 64 8 48 11 66 45 93 52 53 100 76 80 23 77 15 12 69 95 10 99 78 42 2 0 14 90 85 66 86 77 50 2 38 97 59 7 35 21 12 16 75 58 22 66 41 81 53 81 45 77 5 27 48 32 49 35 30 5 80 82 84 63 88 89 60 91 47 30 51 7 70 56 45 55 73 3 74 47 32 69 50 94 84 74 61 84 3 3 12 48 78 87 43 95 26 15 73 62 78 25 42 73 22 40 74 63 83 29 81 53 6 31 71 51 94 85 54 96 71 10 52 77 81 55 58 41 48 57 78 61 92 25 15 14 80 82 41 81 70 89 43 46 18 7 78 35 83 20 86 26 86 85 74 93 56 46 94 65 71 83 21 17 69 26 63 21 37 49 18 39 32 77 71 47 77 22 84 0 1 88 75 7 49 28 95 82 86 61 98 25 83 54 81 54 87 16 63 56 90 94 10 66 86 76 79 35 48 99 37 30 47 79 8 9 57 55 13 33 65 47 58 58 58 55 35 8 93 43 87 100 86 55 90 43 21 54 24 7 88 41 39 42 92 11 29 68 22 12 17 15 31 9 32 13 99 58 94 
57 22 35 86 18 7 82 68 52 30 31 92 99 10 76 5 99 61 56 65 13 49 11 17 44 18 10 66 41 19 79 24 43 50 99 23 42 86 73 85 36 44 74 9 96 44 9 22 5 34 45 55 99 7 44 21 16 50 42 69 70 0 16 4 61 28 88 9 0 43 77 63 36 16 18 77 14 13 11 63 26 54 11 45 5 50 19 44 89 12 67 87 90 13 42 4 10 21 63 54 85 92 10 43 51 30 86 58 85 31 76 100 54 49 33 58 70 39 15 55 74 11 80 91 75 29 71 95 74 59 96 22 10 50 4 68 29 12 63 34 36 66 81 38 37 25 55 40 39 42 70 16 38 66 44 43 60 68 59 81 75 46 13 73 69 4 94 42 45 99 7 80 38 6 35 89 80 32 22 61 63 50 31 52 83 66 91 8 47 73 52 45 53 3 79 67 92 54 85 81 43 6 0 45 30 53 4 37 46 1 0 37 68 55 35 11 88 73 84 16 98 36 34 24 84 45 51 57 62 67 34 49 96 12 3 53 67 18 49 62 35 42 40 60 52 73 92 6 35 66 15 47 2 43 24 23 49 84 100 42 32 43 83 48 13 57 89 23 2 18 76 93 65 63 86 77 13 21 63 13 22 87 20 8 6 50 80 34 22 37 27 60 95 66 64 25 94 22 72 21 41 7 78 1 40 83 66 66 77 29 33 65 2 77 24 93 0 58 90 5 44 12 77 92 31 87 32 80 33 30 99 2 71 65 65 18 84 24 77 4 15 37 69 69 69 4 15 80 24 57 89 13 48 44 9 51 1 86 62 87 22 76 14 61 55 45 36 23 94 67 74 35 18 100 1 95 86 50 53 1 32 9 99 65 78 82 19 13 15 67 87 49 47 94 84 86 52 42 45 71 98 73 73 31 43 79 82 31 20 12 67 41 22 45 44 55 79 62 97 22 57 64 35 64 70 9 62 48 38 54 49 54 84 64 12 29 27 16 36 43 70 79 96 41 3 55 34 24 83 25 8 22 28 29 68 84 87 82 90 80 32 18 25 14 7 5 31 91 58 38 51 49 7 85 43 36 83 58 90 100 50 18 8 15 63 49 12 88 64 5 42 58 86 4 27 71 54 91 27 54 
39 100 44 37 53 66 85 39 94 11 70 4 7 11 64 15 16 67 76 48 75 73 74 92 43 90 6 2 52 33 57 13 7 95 96 44 100 23 53 14 92 63 30 59 67 83 87 21 19 31 52 100 77 55 60 79 4 89 65 49 7 72 71 97 75 71 58 22 3 52 65 65 88 82 76 62 44 32 57 94 10 8 94 80 84 28 85 24 39 14 7 21 7 35 70 93 94 36 12 63 57 8 37 4 85 91 62 57 80 47 8 83 89 77 17 3 41 96 52 100 42 9 37 14 95 71 98 43 43 89 49 63 59 36 14 89 17 45 56 46 63 99 37 19 61 46 88 59 26 79 29 80 47 19 62 66 16 66 70 69 92 72 25 37 39 70 87 68 8 1 5 90 40 60 26 100 44 45 79 57 32 52 53 70 67 38 34 87 37 84 24 92 99 0 98 64 47 64 16 25 41 35 21 14 48 43 57 37 36 63 79 46 2 95 1 64 85 67 5 14 75 84 43 80 97 25 10 71 16 67 0 63 54 19 100 69 43 83 97 3 23 61 48 70 78 50 64 98 19 59 30 83 55 16 100 32 61 98 79 39 62 97 93 39 27 58 60 86 42 59 17 70 49 12 65 17 33 20 59 68 42 3 0 16 21 12 10 81 77 89 7 2 38 56 59 75 80 64 10 71 47 35 32 16 2 71 52 74 70 73 44 6 10 31 46 34 51 58 63 34 58 95 20 90 68 33 98 64 28 4 18 9 92 55 36 48 44 38 81 19 68 86 46 77 49 17 48 74 70 32 26 38 96 82 82 8 80 67 88 80 33 11 39 49 63 47 100 60 61 88 39 15 59 57 6 1 98 82 93 49 55 23 10 68 99 11 13 40 16 32 53 11 65 42 38 79 39 85 50 84 75 81 61 33 80 46 77 80 37 88 100 36 29 74 84 48 42 88 14 68 26 88 78 99 39 21 72 32 58 74 20 75 1 56 70 21 85 45 100 60 55 55 23 44 45 2 70 54 9 28 79 79 33 40 34 52 54 82 53 57 52 97 36 28 33 26 18 90 61 73 50 32 21 11 87 28 83 82 65 35 76 46 28 8 43 59 49 40 68 67 38 33 58 18 68 28 76 73 17 48 
23 97 42 98 81 53 27 40 21 76 95 63 9 28 64 85 79 51 62 27 39 18 32 55 12 41 75 0 29 58 6 91 71 91 35 28 20 59 86 90 3 18 99 2 59 12 36 4 4 41 24 54 54 59 0 1 30 56 23 43 38 43 0 41 80 51 43 51 100 59 77 73 7 30 66 36 75 5 88 66 35 24 93 49 0 15 37 47 95 43 16 84 64 94 41 84 59 77 44 21 23 25 12 22 21 99 37 99 16 66 84 9 80 96 27 78 71 20 64 41 31 99 10 10 34 85 83 73 98 97 23 62 12 86 5 16 0 96 48 76 66 62 11 14 74 54 15 37 42 100 46 10 55 9 48 82 8 13 34 43 71 75 59 39 12 65 46 21 15 28 30 75 84 94 20 79 78 49 38 51 71 10 0 78 3 39 41 75 48 68 100 43 77 1 80 49 83 93 7 23 64 76 46 28 41 5 13 75 99 1 68 37 27 75 44 47 39 6 1 67 26 9 10 34 44 24 28 89 65 90 82 10 23 24 92 29 72 76 57 18 6 97 0 62 24 63 88 61 23 47 52 67 67 52 72 72 55 74 63 2 72 46 65 57 71 50 22 78 52 88 52 29 92 30 52 18 47 51 15 61 6 99 35 46 20 34 53 6 56 91 19 1 92 25 77 10 89 57 60 84 15 87 38 10 8 97 62 71 96 21 8 7 42 78 24 88 77 46 99 9 61 4 18 11 25 40 36 23 69 66 69 55 35 77 24 84 38 63 57 38 13 65 41 22 9 21 97 95 18 35 67 28 69 82 44 8 20 2 47 96 0 64 81 33 55 50 91 20 93 30 91 9 89 44 1 57 42 8 65 3 1 53 40 43 86 40 33 87 17 95 16 92 8 11 34 32 38 76 10 81 2 85 16 0 44 70 63 78 11 98 3 37 12 8 68 98 64 5 6 53 48 36 75 13 73 2 43 83 18 17 58 96 0 8 12 75 21 62 55 40 55 66 38 78 8 9 80 0 5 23 46 4 99 32 34 43 71 28 96 35 4 86 53 79 22 5 62 16 97 29 95 55 37 32 47 44 67 64 56 83 4 84 99 94 90 62 66 85 46 23 19 15 72 7 74 8 98 30 91 41 
49 87 63 13 70 86 99 23 0 61 12 63 92 24 97 30 46 45 18 74 49 79 59 43 75 76 67 99 34 50 95 51 1 9 58 74 73 84 42 13 96 9 59 80 82 44 92 8 32 27 92 79 23 23 27 6 63 69 23 36 10 64 85 33 55 15 52 1 26 45 28 84 23 69 67 54 69 15 16 62 14 19 6 95 5 98 68 62 87 30 85 77 74 85 3 19 52 21 33 0 60 5 50 77 97 44 31 12 57 88 49 88 61 25 7 12 0 82 90 54 96 7 9 19 65 55 76 4 59 99 24 91 28 26 55 69 82 80 73 30 94 2 57 58 21 80 64 85 91 0 13 86 48 34 97 12 16 25 8 98 29 1 88 95 0 67 12 97 83 17 15 50 6 98 16 6 73 68 54 58 47 2 39 93 53 95 69 2 15 61 14 90 33 28 23 57 22 42 73 48 92 55 75 39 47 79 79 25 22 42 0 15 35 93 60 46 55 61 59 9 10 85 40 8 51 23 42 48 1 23 87 61 52 94 7 50 65 56 96 64 57 39 54 57 71 83 27 11 72 21 70 3 86 21 77 25 95 34 71 25 28 81 70 75 45 4 37 7 80 10 1 3 82 18 69 66 89 89 27 96 81 1 66 82 18 14 11 83 70 81 25 90 3 44 96 12 4 59 64 41 18 19 6 67 42 76 73 62 60 91 60 30 29 6 73 42 89 65 72 62 31 16 99 2 62 10 81 9 98 87 4 40 1 20 82 79 57 4 59 78 85 9 42 40 42 66 21 35 37 23 42 4 98 29 36 2 8 36 10 65 61 5 23 74 56 38 16 46 54 93 84 43 73 99 78 41 71 32 50 39 81 91 85 29 81 77 99 71 7 56 81 19 66 13 52 3 36 59 36 96 92 76 71 35 44 5 13 91 64 58 11 34 57 25 88 54 86 43 88 96 43 41 11 0 15 57 46 86 87 65 7 52 35 43 21 81 74 49 75 27 25 84 36 39 78 35 47 37 63 34 83 28 59 65 61 17 92 92 33 14 49 69 86 1 88 68 50 9 38 93 71 99 11 18 68 42 16 64 86 89 2 91 31 55 88 75 5 94 65 52 12 68 75 100 52 65 22 69 40 76 
73 72 83 47 41 63 15 43 84 33 33 28 67 94 73 96 58 81 86 17 15 88 88 78 35 100 32 70 53 50 68 80 88 32 54 88 49 29 43 0 36 31 23 43 2 50 31 83 6 52 19 42 36 89 37 84 15 93 48 1 52 42 50 36 97 24 13 77 76 94 18 49 29 35 5 22 29 83 1 37 44 13 48 34 53 27 25 65 29 55 37 79 40 59 48 73 7 60 24 25 30 32 59 97 81 69 92 53 46 36 86 100 57 22 43 39 62 18 21 80 70 68 74 79 90 66 13 94 11 3 100 45 66 80 100 60 94 58 88 68 100 18 21 68 77 85 41 31 56 31 79 96 58 16 38 40 73 60 98 29 25 14 7 20 23 12 40 21 85 88 82 42 33 100 12 74 41 97 7 22 57 28 2 54 66 97 65 99 43 97 21 78 9 50 18 41 55 7 14 92 55 66 42 39 66 38 39 23 38 34 19 90 14 57 54 82 66 5 18 90 98 67 79 42 17 69 94 9 19 8 5 18 85 66 76 79 68 21 88 7 15 50 60 69 23 47 60 77 64 2 94 53 11 33 19 30 3 57 49 40 0 4 56 29 55 95 21 54 79 22 10 68 26 39 85 73 4 38 47 13 35 65 88 19 72 39 33 83 65 28 77 30 43 80 47 56 64 68 96 62 37 90 93 38 37 3 56 1 22 12 44 90 77 87 93 35 4 80 68 36 58 55 14 69 12 9 36 57 88 99 82 5 7 100 43 85 85 39 99 41 31 73 7 3 21 87 61 19 85 13 37 54 76 0 59 81 89 58 49 71 14 51 25 69 75 76 47 52 99 45 64 75 80 46 83 54 62 99 23 46 47 79 64 67 34 43 80 68 32 3 4 89 59 5 74 53 55 20 2 66 2 2 40 8 38 99 62 4 38 16 72 84 72 74 23 76 72 71 76 51 13 69 18 41 1 40 79 2 15 30 50 47 88 53 23 22 4 81 30 71 43 36 0 62 33 31 78 41 23 5 77 90 10 49 93 65 70 31 63 94 80 58 21 72 100 26 15 89 24 8 6 22 23 88 79 23 80 81 57 7 49 81 0 74 23 2 25 25 34 17 40 38 87 1 22 79 13 82 44 57 
39 76 56 74 37 74 2 26 17 29 29 4 35 5 67 57 84 81 86 27 64 16 20 37 43 63 20 62 71 54 30 79 20 96 32 54 72 84 72 56 15 86 33 13 92 83 1 75 4 58 92 9 0 23 29 72 86 87 6 41 38 32 44 15 37 47 88 40 4 21 29 86 53 64 100 79 34 64 86 32 15 8 44 44 88 89 62 94 24 52 35 6 97 59 98 32 17 66 89 6 55 5 60 62 95 70 45 89 38 4 32 34 80 48 96 85 84 50 90 84 11 38 53 10 86 34 5 61 68 79 79 28 18 48 21 40 40 14 23 20 24 18 4 72 5 4 30 15 39 45 41 71 21 2 5 11 98 6 48 37 18 27 63 70 18 57 14 43 3 84 12 89 65 2 88 5 19 62 11 36 71 57 47 83 28 29 63 56 15 22 12 4 4 37 80 87 23 64 78 62 56 5 62 19 98 25 86 86 44 31 37 24 83 38 11 88 95 1 64 97 58 78 14 87 75 29 55 65 72 60 30 9 42 41 35 61 55 11 54 72 21 12 74 8 85 60 43 80 4 74 88 71 61 15 98 54 12 70 92 100 22 76 75 78 87 97 38 49 53 100 3 10 53 59 88 83 51 46 58 25 41 70 20 49 60 10 71 95 89 65 92 31 53 78 1 92 38 52 45 81 8 40 100 50 44 72 53 11 47 1 15 46 100 85 87 100 28 79 49 68 27 58 51 100 89 2 30 62 26 29 78 28 45 30 15 100 56 84 32 38 83 2 76 66 95 27 80 6 15 62 6 88 65 30 61 7 31 71 33 50 81 74 80 49 7 76 26 69 16 80 7 38 71 21 40 39 7 91 14 70 73 32 60 56 31 12 14 29 78 20 29 74 0 99 91 20 95 19 43 18 12 92 46 89 56 37 45 87 85 22 72 41 85 71 98 25 98 74 89 87 75 21 80 21 97 26 84 86 2 16 81 94 70 23 78 42 16 43 32 62 52 86 33 58 84 92 59 15 37 100 32 41 84 51 20 66 64 80 21 76 20 1 80 25 97 21 97 10 63 3 68 97 2 55 86 3 55 68 71 50 85 42 81 3 97 24 33 10 50 88 1 35 21 24 44 95 75 7 3 63 
46 93 30 77 40 83 51 48 36 94 42 77 69 36 85 28 60 18 23 42 40 17 59 19 42 33 99 18 48 10 60 69 88 55 60 33 20 67 94 55 58 69 60 75 88 37 99 26 11 21 40 78 91 33 9 82 76 39 6 23 15 63 100 63 30 1 17 85 37 51 55 55 15 99 30 58 21 54 99 26 59 29 40 67 61 29 23 57 38 26 92 82 75 45 1 22 90 18 62 78 84 68 35 28 36 70 31 68 17 25 10 12 23 2 10 56 21 98 39 36 95 44 67 82 82 48 7 6 30 87 52 89 91 39 77 43 3 10 34 87 12 12 27 62 55 36 64 5 24 9 71 20 4 52 23 3 29 92 3 58 75 21 67 79 86 4 75 19 5 75 6 54 77 43 81 26 78 13 97 25 5 96 36 51 68 77 23 0 17 56 62 23 21 2 15 49 29 17 4 5 42 43 2 78 19 29 87 40 63 37 5 96 83 69 90 75 4 71 88 60 58 53 71 78 99 44 38 79 95 1 71 47 51 17 99 91 14 86 36 17 12 20 23 84 23 100 87 48 66 2 11 89 36 12 42 100 9 93 43 3 22 33 83 29 43 20 61 35 43 94 82 30 54 82 80 9 69 76 79 47 59 2 22 25 62 50 50 45 89 11 100 21 56 13 39 88 76 17 30 97 13 86 58 46 54 7 24 56 63 87 52 64 67 3 56 82 8 38 89 5 38 77 74 61 23 11 50 28 75 5 36 57 38 35 81 99 74 95 68 88 99 0 36 86 83 2 58 19 98 96 61 4 4 9 36 53 7 14 95 12 26 88 60 81 14 34 92 57 27 92 11 82 32 66 16 40 22 47 6 79 2 87 77 67 37 100 94 59 35 50 8 49 49 61 17 94 51 39 83 16 31 19 57 61 43 45 52 76 42 29 18 35 68 62 63 72 12 84 6 81 34 89 34 9 73 35 54 35 77 10 34 12 81 16 89 15 91 57 98 71 8 100 1 92 56 71 31 86 75 55 15 89 92 49 54 24 35 67 72 77 65 100 70 93 82 68 93 40 43 64 57 29 96 34 26 19 69 68 66 84 63 10 79 62 6 31 51 9 23 29 70 22 10 82 44 92 85 63 54 22 
40 32 13 94 82 83 91 7 90 23 6 45 9 68 35 72 99 14 42 91 40 35 3 33 33 88 11 80 74 29 41 65 95 63 82 28 24 43 33 21 32 78 52 4 47 80 87 47 100 45 76 36 38 2 2 91 61 100 22 73 99 37 83 85 9 52 41 21 9 83 67 45 11 47 63 42 90 95 80 41 79 40 71 44 43 96 74 36 35 68 37 42 15 56 39 37 89 68 8 11 68 47 51 32 27 1 81 26 49 83 80 33 17 21 56 91 71 87 87 26 92 69 37 27 42 21 33 8 5 100 61 68 6 15 65 19 20 65 74 84 16 62 58 62 8 44 58 10 79 34 41 43 74 41 95 69 56 93 35 21 4 1 22 5 7 85 27 56 31 11 40 26 46 27 91 84 21 97 54 6 55 17 93 47 27 17 79 26 47 64 60 81 59 100 93 21 41 37 44 9 65 17 70 80 48 79 35 82 61 23 66 34 86 3 17 45 17 69 82 56 21 31 35 55 10 56 95 81 21 9 78 49 22 36 72 91 85 52 62 40 4 65 25 42 10 61 38 80 95 84 85 80 35 72 77 18 18 46 68 18 51 54 86 74 66 87 28 25 10 19 25 48 92 19 92 5 80 25 98 24 0 16 14 11 10 66 73 57 4 0 59 7 12 30 72 77 0 59 69 28 91 87 37 45 76 87 44 11 70 22 49 49 8 85 94 53 79 84 52 75 33 99 60 75 38 93 40 24 44 61 8 45 16 38 100 94 89 14 35 49 27 66 55 4 8 2 51 89 17 23 43 83 94 45 20 63 50 22 38 23 79 18 1 28 80 65 47 50 57 50 23 72 51 49 37 93 90 18 76 69 64 10 99 46 87 29 2 89 31 80 88 35 65 69 79 12 31 18 72 87 23 26 72 48 64 72 41 61 27 23 48 91 94 27 12 37 21 80 2 14 92 63 61 95 17 41 51 32 94 86 82 45 59 81 39 14 2 2 19 46 81 22 6 87 44 100 14 45 83 28 61 63 35 91 53 25 19 74 79 38 77 41 88 46 40 90 43 82 85 34 29 80 40 27 36 72 30 82 59 80 32 0 91 71 36 30 76 19 2 0 94 69 86 76 29 35 92 75 64 20 
96 58 39 83 54 3 63 46 35 47 84 1 29 99 97 2 39 45 54 59 83 22 56 75 61 65 11 62 84 17 66 92 74 65 63 52 42 24 87 87 56 77 96 37 6 5 66 80 16 25 54 70 47 89 74 46 66 84 91 23 52 61 47 15 80 75 26 22 0 38 77 41 33 4 83 28 47 44 59 21 50 77 56 63 7 74 71 91 71 23 93 70 29 99 31 56 85 57 35 11 5 74 56 87 51 73 24 52 14 39 98 52 53 50 8 17 15 35 34 27 79 3 42 97 80 41 97 70 44 17 61 40 49 87 70 11 48 80 38 67 68 7 68 29 88 98 90 56 62 82 35 8 51 55 38 14 11 15 48 26 41 44 36 87 54 64 44 11 19 72 72 57 73 68 65 97 32 46 44 26 9 93 13 70 83 90 100 51 75 70 19 82 17 77 58 85 4 77 53 49 1 94 80 99 1 91 54 70 31 77 57 58 2 79 100 24 67 6 29 21 74 89 34 46 51 89 50 79 28 64 84 31 7 23 0 39 52 15 5 40 79 36 19 63 23 86 85 18 85 33 87 1 100 8 96 67 50 8 69 12 5 26 20 36 95 27 0 96 27 26 42 49 10 44 81 46 88 26 92 36 85 70 49 74 62 67 8 34 63 24 49 58 1 84 63 58 90 49 2 44 49 62 95 22 59 4 81 47 3 33 28 46 54 62 36 7 14 22 46 61 31 17 3 85 100 66 85 41 72 17 54 14 72 25 69 91 57 23 25 4 38 6 87 87 54 95 34 88 92 70 46 66 84 88 40 8 4 13 62 97 13 53 73 20 76 16 6 33 48 87 66 10 74 49 77 55 65 5 89 92 19 25 52 72 46 15 36 58 72 42 23 75 55 24 73 67 30 22 52 97 36 7 3 96 78 30 93 76 31 47 98 11 72 50 30 84 18 49 59 40 71 57 60 65 3 77 54 37 71 93 71 54 28 2 70 84 100 32 1 72 13 64 30 91 52 25 100 8 61 4 72 68 76 41 60 63 70 16 54 9 28 29 29 93 12 6 93 32 8 97 17 22 68 94 30 48 0 69 30 36 29 95 87 80 31 65 99 96 40 42 44 60 62 88 81 11 48 91 92 46 
91 31 100 81 85 46 88 28 51 70 98 94 3 78 69 34 56 7 31 30 88 60 40 87 95 70 55 87 71 88 29 25 0 74 95 17 93 35 97 50 32 97 29 9 66 87 37 36 15 2 11 45 51 47 53 94 30 86 90 82 9 6 39 23 77 100 61 92 40 98 73 85 41 0 3 78 63 1 72 48 26 68 26 83 79 23 60 97 62 89 93 90 65 50 17 65 74 7 47 94 36 9 44 86 37 88 67 26 33 85 44 39 1 85 37 56 82 41 59 96 100 95 6 10 33 47 64 94 93 5 98 38 2 53 9 98 71 6 20 10 2 6 30 31 95 51 52 77 9 22 71 94 13 40 82 22 78 82 56 29 84 0 20 92 1 77 25 60 76 99 72 50 36 5 97 76 58 98 82 53 29 52 62 68 65 70 79 15 23 35 21 29 13 86 89 85 27 34 75 33 33 79 57 97 3 41 60 70 91 60 37 88 46 40 65 33 81 16 58 46 63 28 33 29 46 33 88 93 99 77 44 30 84 28 52 82 91 85 25 30 59 49 7 1 99 99 75 37 13 48 8 21 92 51 69 17 6 96 52 63 15 44 35 38 66 75 40 43 52 12 54 97 58 55 21 58 54 15 60 98 92 97 47 12 1 53 27 20 81 34 38 9 1 26 66 69 53 84 49 92 31 19 93 9 81 12 43 17 15 39 71 50 57 79 19 50 11 56 24 40 84 19 44 53 99 27 24 9 93 96 27 75 10 62 24 42 69 65 97 40 6 56 88 62 43 81 39 85 90 15 85 23 70 52 36 66 47 70 65 37 85 75 70 77 81 83 47 36 76 4 11 71 15 3 74 96 48 31 66 98 5 16 33 54 79 6 49 26 76 98 93 56 30 82 30 35 44 84 66 5 47 11 9 0 45 89 91 32 72 41 28 39 80 85 78 26 43 29 8 32 46 36 27 10 32 58 98 90 95 73 75 34 18 8 69 0 63 89 16 4 37 45 51 84 7 91 75 66 51 37 93 40 83 71 53 58 71 45 26 6 98 67 16 21 54 73 5 81 84 1 26 84 58 68 58 9 77 13 47 35 13 41 100 83 62 88 92 89 5 50 99 39 7 55 6 79 16 16 36 46 
39 10 44 81 3 56 7 5 58 44 60 25 25 84 39 35 75 4 22 77 10 0 35 32 53 20 94 42 35 84 91 3 18 54 51 45 82 32 9 3 21 51 98 25 53 33 44 56 34 0 61 64 71 67 43 31 78 66 20 65 45 48 29 27 68 21 22 95 64 57 34 25 53 74 32 52 3 76 98 55 16 20 56 86 22 87 57 71 75 67 86 12 55 48 88 48 7 46 91 17 3 25 2 17 95 11 42 3 45 93 7 77 19 79 39 91 1 47 67 78 77 40 95 92 72 40 50 27 27 90 46 23 60 76 38 8 46 81 46 96 43 22 80 54 33 80 53 43 76 61 95 13 40 54 83 37 67 5 3 54 48 87 96 75 24 93 57 84 47 51 22 88 6 34 34 6 30 46 16 44 78 92 6 93 2 55 38 35 91 79 25 28 81 96 70 29 53 97 37 20 33 51 5 68 52 10 59 90 8 44 89 62 20 56 49 98 72 97 25 1 77 67 40 12 49 36 90 71 89 4 10 28 92 40 19 56 24 51 75 81 47 18 67 72 58 25 4 32 100 87 81 94 57 11 57 39 7 2 29 60 80 92 20 19 42 25 46 14 9 24 45 25 56 47 50 18 52 12 21 98 34 23 98 92 36 57 33 18 4 73 65 46 17 57 50 27 70 13 84 94 24 74 22 74 36 54 0 99 50 68 18 44 19 39 86 3 18 16 63 0 49 85 16 89 83 60 47 68 66 27 11 15 95 33 32 57 20 81 92 57 76 14 89 79 68 9 35 20 76 68 64 20 7 73 92 63 99 50 52 42 28 70 76 18 32 14 60 32 64 68 56 81 64 38 94 76 36 99 99 6 76 93 46 55 32 57 18 95 4 20 0 11 35 46 97 77 32 59 82 55 18 78 9 94 29 51 81 95 87 33 88 95 98 98 4 38 15 92 43 56 78 75 1 24 8 30 34 52 59 0 1 13 27 86 66 0 79 58 66 44 20 91 34 71 62 83 47 66 31 28 80 52 63 56 30 26 37 6 43 29 50 43 45 28 12 18 71 12 57 57 61 60 24 5 81 55 23 85 22 14 41 75 12 49 27 100 60 38 63 41 71 73 40 24 52 66 30 97 54 26 
13 87 100 1 89 53 85 0 38 19 22 10 99 40 9 37 53 10 34 12 65 4 82 86 31 87 94 98 100 2 36 39 79 64 14 3 78 100 44 83 75 92 49 57 37 93 79 12 51 79 26 5 87 40 33 52 33 75 94 28 79 99 47 66 2 74 81 17 76 45 13 73 96 57 2 76 51 25 50 65 37 8 50 54 69 76 17 66 2 100 35 78 47 18 9 72 1 97 95 22 56 100 22 89 15 6 71 87 70 65 53 50 64 96 38 83 4 8 58 79 9 57 80 82 80 28 92 50 95 65 61 80 24 52 93 35 60 46 3 72 10 23 48 22 53 59 8 68 77 19 1 75 43 5 7 45 8 99 72 1 15 28 26 64 2 2 34 77 78 26 70 77 49 4 33 97 24 5 33 94 51 35 16 60 97 27 89 73 98 68 59 18 44 72 77 17 18 12 23 97 10 11 91 34 47 48 26 30 26 99 64 20 79 43 34 49 31 49 98 30 6 80 73 30 93 44 44 66 75 21 89 83 18 61 24 58 54 74 70 36 5 79 84 0 48 99 53 69 66 30 56 10 72 85 4 79 35 22 74 4 37 90 31 24 9 44 72 78 25 54 29 97 34 62 98 86 7 12 18 80 14 9 20 42 6 73 75 56 13 26 76 44 72 76 69 51 39 50 21 86 17 46 56 14 67 57 34 37 23 79 4 85 75 67 27 64 16 45 12 57 39 2 63 55 60 22 46 53 21 46 92 22 1 45 80 37 38 51 52 38 64 98 30 41 76 9 29 78 6 71 73 36 89 30 40 59 28 59 84 8 4 89 48 27 97 25 56 29 54 6 50 11 64 50 9 70 93 66 69 0 84 73 4 91 37 55 25 21 30 36 15 25 45 43 85 16 22 55 17 72 50 0 68 72 36 30 9 42 8 18 37 61 88 81 17 82 25 72 74 60 55 60 32 29 25 54 81 12 90 30 44 59 31 16 88 51 69 31 75 45 39 9 26 71 35 13 90 99 9 29 20 12 62 29 38 56 1 80 48 60 82 57 96 3 73 51 21 37 78 29 88 97 10 67 14 47 92 71 62 56 9 71 65 56 76 7 61 51 18 27 30 5 56 12 4 98 10 58 80 69 
62 42 85 19 65 15 73 58 52 34 94 93 76 55 77 3 9 16 100 30 27 13 66 14 94 90 80 84 64 80 91 41 70 78 31 29 54 82 46 92 21 78 19 54 47 57 15 75 88 98 1 73 55 82 96 54 26 100 42 4 9 83 25 49 34 100 47 28 51 41 0 78 20 73 79 27 2 35 4 39 8 28 0 18 24 11 10 76 68 58 66 63 94 52 17 8 86 74 50 73 11 37 97 87 70 17 49 74 56 11 18 66 86 100 20 65 36 66 27 33 11 63 62 89 96 84 69 22 93 53 32 31 72 63 25 23 64 17 10 44 5 86 42 48 58 38 90 57 99 13 50 35 95 35 28 3 41 14 40 21 56 52 25 46 65 71 17 78 46 25 21 79 32 88 37 78 23 82 11 37 74 23 71 98 12 34 13 29 75 6 52 2 10 89 66 89 90 81 79 6 41 57 89 64 76 65 14 40 57 79 39 16 67 48 90 15 70 68 90 65 71 71 55 70 76 48 50 72 53 61 53 76 100 44 67 42 14 94 31 60 70 23 88 33 14 38 56 20 8 98 61 92 97 73 100 20 47 71 19 8 87 17 87 8 64 79 39 47 2 64 53 13 81 69 17 2 23 64 1 43 47 59 88 23 95 52 1 65 43 39 2 35 91 71 59 65 42 11 50 89 10 80 4 59 89 22 38 37 69 84 7 62 44 28 19 11 17 49 48 27 7 62 5 29 76 33 35 87 22 76 64 78 81 88 99 14 10 40 19 66 70 11 47 44 66 22 5 90 26 24 3 0 28 8 35 80 60 21 1 94 84 56 31 0 20 57 55 89 38 68 64 65 43 97 94 47 2 53 2 5 62 53 19 25 42 23 90 16 74 88 62 89 27 73 96 65 50 88 28 22 47 78 49 14 58 59 35 22 27 88 26 17 44 12 62 86 41 2 67 6 6 18 86 5 98 5 43 49 36 77 97 83 20 86 56 100 74 33 57 56 44 81 68 69 0 57 9 72 58 48 25 49 97 7 70 22 7 11 11 33 15 92 29 81 94 78 96 18 97 94 80 46 71 38 100 46 76 21 87 97 66 57 70 33 22 82 41 100 77 35 9 52 57 33 33 67 10 81 13 59 
60 52 95 82 38 48 14 64 3 41 42 79 91 65 2 9 85 70 50 34 68 67 69 80 3 97 28 95 5 73 77 74 7 30 52 96 46 33 75 69 52 4 71 72 38 53 70 62 21 41 47 52 100 69 83 16 5 67 70 40 40 59 49 91 35 30 45 5 82 3 79 8 15 72 26 44 48 51 41 25 0 78 81 53 2 38 52 54 61 72 49 5 3 88 23 48 10 2 75 79 0 99 13 96 70 89 71 0 100 4 69 56 91 13 41 46 5 76 97 21 79 56 6 49 13 90 1 77 12 29 1 45 31 53 6 81 78 13 5 35 8 40 25 20 55 86 8 39 56 70 58 82 72 92 18 80 83 88 42 80 33 14 40 40 13 68 78 91 58 35 40 58 29 29 74 88 8 55 28 45 17 16 23 51 80 64 55 45 61 100 65 36 53 61 61 93 71 36 73 12 70 30 83 72 70 95 73 94 33 52 23 16 11 3 53 41 29 77 14 0 8 93 52 73 14 53 77 83 49 27 12 15 17 100 74 57 48 95 66 65 24 34 39 14 43 9 47 54 94 9 72 30 64 37 76 99 59 43 87 2 62 89 96 89 47 50 91 35 52 34 58 12 61 17 20 64 18 87 15 17 49 20 81 14 80 41 42 31 3 87 84 3 17 82 48 15 72 83 28 52 59 28 76 34 92 7 90 29 4 39 10 92 25 89 16 88 0 29 15 5 66 11 24 27 19 19 79 96 96 14 40 90 3 40 13 58 84 31 10 45 0 95 73 66 100 4 48 24 26 0 44 11 84 4 28 29 74 48 72 3 5 31 30 70 40 90 70 33 77 39 5 7 75 75 8 17 49 62 48 23 42 7 29 59 55 95 27 26 79 72 70 12 16 53 48 10 62 83 30 66 65 18 3 44 81 24 48 87 51 82 90 100 53 70 37 72 3 85 80 7 99 62 22 85 57 79 36 32 91 15 49 60 24 66 41 29 51 76 90 24 70 91 37 43 69 97 62 93 88 41 25 42 87 73 56 11 91 55 2 33 73 13 47 2 40 40 1 72 1 81 48 2 66 50 18 43 81 65 62 85 55 59 62 17 70 40 38 21 88 27 91 17 26 61 39 30 86 43 17 25 
53 76 62 3 85 33 44 9 82 43 14 78 14 57 38 4 98 33 22 49 14 96 73 19 26 16 97 92 78 46 100 26 33 3 32 4 77 69 18 48 81 56 59 28 70 63 10 44 27 41 27 79 39 78 42 46 50 86 5 10 100 90 52 83 2 51 25 78 95 46 76 41 83 8 5 58 57 72 18 14 76 53 79 63 63 41 76 11 4 23 89 45 28 82 36 89 38 32 61 19 55 97 99 27 74 44 40 77 71 97 41 23 8 74 76 30 64 37 3 64 43 85 10 50 17 1 23 20 32 2 97 91 30 100 7 47 34 79 2 16 31 92 57 10 5 28 80 52 75 62 90 27 61 10 66 24 37 64 60 44 86 15 26 84 44 19 62 93 38 38 82 1 55 50 4 38 47 93 100 55 78 12 20 98 15 72 71 67 35 14 28 71 81 98 42 56 29 73 27 23 47 21 21 66 29 8 17 93 76 31 21 14 75 0 38 59 55 39 73 89 56 27 74 61 33 49 3 40 96 33 25 70 78 3 35 78 93 77 47 2 6 34 37 42 85 17 44 38 87 70 48 69 42 37 20 27 1 99 62 22 75 40 89 13 41 9 98 38 23 65 1 93 25 2 41 37 55 69 47 87 0 13 80 11 33 86 68 25 47 92 55 2 41 51 36 48 73 5 26 75 16 15 11 3 24 4 72 73 53 53 72 40 89 17 30 62 99 9 28 15 10 31 36 27 90 82 64 84 26 48 92 23 53 59 68 58 30 48 7 33 11 35 69 89 24 79 10 20 86 92 71 90 0 74 52 39 67 82 20 18 26 55 58 53 80 23 72 48 97 95 79 88 41 85 69 62 17 89 61 12 4 13 73 70 92 75 21 55 59 10 16 31 33 5 56 71 47 40 9 25 26 25 35 89 33 91 78 51 61 77 48 2 36 92 38 27 71 71 53 76 47 24 37 72 49 29 29 13 35 58 22 49 44 51 95 13 66 0 95 89 9 10 50 60 97 20 26 46 7 46 8 80 21 18 84 68 80 85 60 13 91 9 83 88 32 65 33 39 62 65 35 100 4 39 82 99 67 42 47 32 42 50 12 19 35 74 35 21 48 78 5 32 61 9 52 3 39 96 77 13 
45 19 50 57 10 35 74 30 17 24 29 66 67 94 73 56 10 88 52 81 22 26 77 57 28 33 36 32 50 58 47 33 75 7 7 57 40 92 15 4 66 36 57 52 47 0 6 2 60 88 27 53 40 62 76 64 98 9 76 35 41 36 16 63 67 40 43 81 19 9 65 43 26 59 24 88 71 67 35 24 60 59 78 54 83 10 93 47 98 27 75 34 99 55 13 2 11 59 2 8 2 33 63 33 5 80 52 26 17 72 56 29 12 84 9 46 56 36 72 80 54 9 83 81 23 81 87 61 25 66 16 26 60 87 89 70 61 7 78 54 65 7 97 23 29 86 90 7 70 3 78 24 69 19 24 56 46 80 73 11 48 13 57 45 46 35 58 54 100 93 51 1 20 21 4 24 96 39 52 40 48 86 8 74 24 82 82 61 47 14 5 98 83 11 45 38 10 20 52 14 6 1 88 23 23 47 55 91 42 56 100 24 29 61 58 48 68 98 46 64 66 47 78 83 33 31 57 43 31 29 3 84 50 8 71 66 89 2 14 77 90 95 66 76 35 80 28 87 54 78 29 29 55 66 82 65 15 40 69 89 14 0 24 52 57 86 80 64 44 41 70 42 54 28 93 60 93 63 68 41 64 57 95 46 14 54 86 81 66 25 89 83 68 44 90 100 39 15 49 9 82 96 61 62 79 41 49 89 53 46 59 54 39 17 35 90 100 18 37 66 52 39 24 46 78 25 44 90 66 17 91 91 7 15 48 5 62 10 44 58 50 45 79 98 95 35 52 0 66 81 48 92 18 23 23 22 40 9 49 94 60 78 34 51 26 61 88 69 74 72 48 36 55 95 4 48 43 77 97 23 7 90 5 100 13 76 35 4 91 85 86 70 100 82 6 54 66 20 64 33 82 99 9 45 6 89 19 14 36 23 84 12 61 65 14 19 31 51 49 11 82 26 64 99 68 86 6 29 9 49 3 93 19 66 60 25 63 30 34 20 56 97 66 1 79 23 93 100 100 2 50 55 70 20 18 1 44 44 82 96 30 81 38 81 44 0 0 58 28 65 16 40 48 58 6 89 4 45 32 96 40 91 40 56 98 69 78 83 0 78 87 48 17 82 57 51 59 59 8 63 
5 3 95 86 28 69 6 58 25 35 5 85 9 25 17 17 30 50 46 27 96 6 83 96 41 68 39 45 96 83 89 23 33 90 17 91 44 37 43 66 11 19 45 33 77 2 42 36 74 82 35 1 54 8 41 11 3 77 11 80 29 84 96 92 96 82 77 64 48 86 44 86 58 93 97 24 60 46 93 18 80 4 56 98 61 98 55 97 19 45 91 90 61 31 55 97 95 73 37 83 54 46 74 44 71 69 36 2 29 46 5 51 4 45 34 90 42 19 51 84 80 94 50 94 63 69 12 46 16 91 15 82 25 27 34 63 27 93 51 100 41 46 13 6 40 45 43 38 76 96 18 55 17 35 90 82 28 98 66 38 83 45 37 31 38 60 92 83 56 65 94 56 73 14 81 35 64 69 90 99 63 95 72 48 15 28 63 38 34 91 65 39 62 50 91 42 11 29 88 47 3 26 60 85 14 61 92 94 43 34 11 79 47 48 42 88 64 97 96 97 11 57 4 1 31 67 20 46 73 62 12 89 98 57 38 4 89 62 81 14 17 54 48 99 49 57 7 71 45 3 71 3 56 67 12 79 22 17 60 23 99 69 35 89 50 47 76 53 93 100 69 64 35 30 64 12 71 86 59 72 89 5 27 74 92 89 57 44 52 12 43 69 73 66 28 26 100 14 42 83 71 17 1 95 41 69 12 3 32 24 95 38 28 48 99 71 66 35 92 35 85 16 100 58 70 43 30 81 28 43 38 77 41 9 4 64 7 64 72 27 44 53 74 58 67 32 28 52 31 56 67 96 80 2 28 7 78 2 6 30 56 43 80 77 62 52 48 67 87 11 23 19 61 98 10 91 90 97 44 93 32 95 72 56 20 91 97 96 49 52 37 67 40 17 22 18 96 80 76 58 89 19 46 56 65 34 37 45 29 98 32 89 70 18 17 95 55 91 98 13 79 32 94 95 14 55 22 66 53 15 67 1 81 15 95 43 51 89 67 70 29 51 52 77 6 34 49 69 72 44 35 24 0 56 76 85 44 27 12 82 10 18 39 29 92 49 95 15 25 89 66 19 12 99 88 94 20 43 100 16 87 55 97 91 14 38 47 45 32 97 64 70 38 87 50 54 38 26 60 22 
98 51 55 21 13 98 71 99 16 32 32 26 45 58 43 72 6 73 80 42 0 29 1 11 21 5 26 23 69 43 91 11 16 82 74 38 41 63 71 9 17 79 7 71 3 52 72 50 34 15 10 33 30 34 67 72 65 83 74 74 69 10 55 58 2 23 96 68 19 57 15 3 59 71 94 32 77 93 24 100 7 19 17 41 32 75 3 77 96 55 67 86 93 23 45 39 87 39 81 50 43 30 48 29 50 92 54 70 92 66 62 8 23 39 68 37 35 77 95 76 88 73 64 88 6 42 63 37 77 66 5 45 18 69 100 3 42 69 56 90 84 80 6 71 6 89 4 62 34 82 72 4 94 55 0 52 68 80 90 43 96 3 53 48 80 72 4 61 49 67 51 95 66 62 39 87 44 0 4 22 56 35 98 59 66 39 80 89 57 74 55 36 54 18 5 60 12 54 87 66 40 32 61 83 91 54 74 60 90 84 52 87 14 94 34 36 5 21 77 32 98 56 8 7 11 31 3 95 95 16 75 32 25 91 35 0 65 93 79 44 91 80 96 63 45 100 73 63 65 66 39 6 0 16 88 37 11 1 73 52 56 80 57 56 76 91 5 84 97 19 13 0 68 36 13 50 89 65 9 9 39 97 29 85 69 72 33 80 9 63 28 94 44 20 5 79 9 78 71 77 42 54 34 73 20 35 47 57 22 99 26 75 79 80 62 55 90 96 6 65 65 13 48 100 52 33 61 41 10 13 62 100 14 10 2 28 27 80 20 69 83 69 40 61 23 97 49 14 16 54 32 45 79 93 98 99 71 27 67 15 78 62 73 59 78 56 23 39 65 13 91 7 35 34 64 56 4 52 87 56 79 74 42 41 72 39 98 41 41 50 55 0 52 99 32 65 37 20 89 52 30 27 17 19 44 54 25 49 32 65 55 62 33 35 79 17 1 33 78 58 69 5 84 11 46 66 66 12 93 37 29 74 77 8 12 75 67 54 91 3 78 54 75 73 62 4 42 37 34 72 44 55 76 70 41 10 61 1 9 8 17 57 69 12 16 48 86 86 79 15 53 1 97 7 35 97 62 96 89 79 15 21 100 54 41 97 59 14 60 72 19 6 67 43 92 7 47 87 31 10 
60 78 79 74 36 71 29 77 94 40 56 12 29 76 63 37 45 90 92 42 64 10 5 60 0 37 44 75 65 70 20 12 8 75 61 42 9 52 16 29 1 55 61 80 48 62 90 58 38 6 17 2 77 27 47 38 95 48 30 39 76 65 9 38 41 25 80 22 76 88 64 73 69 28 21 83 10 67 95 50 8 78 42 42 39 72 40 100 80 54 42 43 51 29 87 7 22 33 53 1 40 85 32 24 19 90 28 72 23 91 100 86 78 56 2 93 64 16 71 45 64 52 74 88 44 70 84 53 15 24 71 75 71 93 64 33 64 59 16 60 8 96 100 8 63 39 63 3 8 35 79 69 60 11 67 82 88 33 38 83 11 18 29 39 22 55 96 58 61 39 95 59 80 98 26 30 8 63 85 95 63 69 96 49 6 90 61 20 55 57 93 87 99 52 55 34 60 31 14 66 88 9 78 89 86 16 42 28 20 45 33 50 30 61 61 12 13 87 37 62 31 71 85 94 46 56 85 69 58 34 75 10 87 6 16 72 76 86 1 22 78 84 32 34 87 85 1 67 58 59 13 98 85 78 65 31 0 67 88 72 4 34 3 51 18 12 79 72 76 31 34 69 43 16 63 16 77 61 93 93 55 64 39 52 100 5 85 30 5 59 90 41 41 0 16 86 50 66 78 17 71 37 97 22 91 64 42 71 29 31 38 96 31 4 42 43 18 44 46 13 3 15 93 41 87 89 46 20 60 49 58 19 13 61 84 21 7 28 38 82 53 86 71 56 97 35 36 23 60 41 57 8 79 6 72 31 30 60 94 5 1 21 24 70 64 74 80 1 94 91 33 16 7 95 75 34 28 28 97 82 11 55 35 7 25 60 99 67 14 56 94 3 29 71 45 50 43 41 54 58 100 61 91 57 33 5 73 87 10 82 32 98 36 89 20 87 73 66 10 20 11 79 90 95 97 8 54 33 52 39 51 83 98 41 95 90 20 79 15 31 87 98 96 35 80 46 58 92 36 48 100 37 9 96 95 84 46 70 22 41 35 19 44 56 77 16 21 20 41 69 82 38 2 9 61 74 2 82 83 81 54 56 54 17 50 27 82 37 17 19 7 59 90 37 44 5 38 82 3 1 
29 9 92 94 24 7 53 47 82 99 36 60 48 65 25 89 86 23 39 59 100 77 57 83 68 57 46 49 13 25 32 84 58 15 58 96 99 40 19 5 77 5 90 64 68 19 76 0 90 86 44 42 45 40 53 84 43 60 82 3 47 25 96 90 69 8 15 25 57 54 48 87 0 56 0 32 85 50 98 20 86 28 98 34 36 94 37 72 55 5 90 99 36 98 48 55 96 6 9 30 61 20 42 26 94 53 35 12 9 91 81 63 40 6 12 34 84 4 11 68 0 69 53 3 59 53 96 60 1 45 87 97 68 89 44 27 74 49 12 34 10 78 51 56 48 31 20 53 70 50 26 53 87 47 42 90 44 44 60 14 75 72 83 51 24 98 51 80 26 81 23 8 90 23 78 70 44 18 98 18 75 44 91 33 5 3 39 86 34 17 97 82 74 27 20 29 31 95 8 59 44 96 40 63 86 69 55 90 37 95 68 42 62 10 98 31 100 35 45 55 61 74 95 74 98 4 74 2 81 41 50 42 46 97 54 60 73 6 57 46 56 64 99 84 65 94 36 57 25 19 2 79 40 58 79 43 81 79 50 63 31 48 80 41 78 58 24 52 99 1 35 8 20 29 10 97 41 79 96 17 57 23 3 36 61 84 55 89 18 3 66 92 75 91 100 2 24 59 5 22 45 22 12 25 51 28 97 38 95 43 11 9 31 62 86 16 2 74 8 100 98 82 48 38 14 48 16 62 41 42 62 11 34 19 18 64 33 10 91 40 46 31 24 97 38 60 1 5 19 76 25 97 29 35 56 83 58 100 19 85 92 19 39 7 86 19 1 72 89 30 62 61 6 76 86 45 94 47 10 48 26 97 97 39 33 58 64 87 14 32 89 44 32 48 31 29 47 58 9 19 49 92 71 36 68 84 94 70 68 44 75 8 67 50 66 32 9 85 59 51 46 88 63 14 52 95 19 35 68 100 93 96 63 6 73 32 80 29 75 21 80 96 23 93 0 100 47 74 17 29 30 2 57 34 97 82 31 5 36 20 56 85 81 6 91 53 53 84 92 34 64 4 2 45 92 11 23 76 13 74 25 26 86 21 62 8 36 60 29 43 26 67 65 89 0 75 38 49 56 48 
80 54 14 12 4 26 55 21 43 46 13 17 45 18 96 85 50 26 46 44 53 22 74 45 32 84 93 71 81 38 35 71 97 94 49 76 41 59 31 22 34 4 28 48 0 13 56 99 92 88 57 29 9 54 57 26 95 14 28 21 61 40 84 46 44 69 78 94 37 21 73 38 6 61 72 88 8 95 24 29 46 60 73 80 98 52 76 100 48 61 64 32 63 87 89 13 81 32 19 45 61 51 12 55 58 51 31 52 43 14 68 87 18 19 4 56 31 97 19 19 61 72 3 81 44 89 8 95 42 54 20 25 27 2 34 82 73 88 56 29 71 66 84 49 35 4 20 24 19 43 100 56 1 17 95 53 11 72 50 59 38 2 23 68 65 81 79 30 62 41 61 56 50 38 39 37 91 19 81 43 93 63 69 24 63 83 26 97 6 81 58 22 48 80 64 20 83 34 53 29 79 83 68 74 96 34 96 97 63 29 58 80 81 32 21 8 44 47 84 4 69 99 85 0 2 8 95 47 2 81 77 20 23 90 82 26 59 46 60 59 45 39 19 27 16 92 55 79 51 76 6 26 21 2 12 86 92 94 30 25 82 15 57 70 20 30 40 39 39 27 100 41 47 0 50 15 0 61 38 49 81 53 68 65 5 16 89 81 100 21 18 28 8 64 33 59 62 67 36 61 43 27 75 28 59 64 3 5 0 20 90 47 7 96 33 3 93 24 27 49 66 54 8 4 95 33 13 3 76 52 36 11 25 71 0 58 17 17 11 21 56 82 93 13 10 29 67 8 100 14 95 88 9 30 91 14 23 19 29 27 14 83 94 44 23 95 81 30 45 96 100 6 19 60 68 94 98 66 7 41 15 71 46 83 16 30 75 61 45 77 32 31 17 82 37 21 7 13 17 97 31 53 34 67 3 54 81 11 51 95 76 47 52 88 51 80 31 91 34 20 35 57 55 65 13 56 60 90 80 70 45 43 59 43 77 58 57 44 47 17 77 1 10 100 20 37 29 11 97 30 59 81 96 28 42 8 51 95 50 82 46 56 6 68 83 73 22 44 53 32 92 54 36 52 25 96 13 50 26 72 58 22 33 74 1 79 7 33 6 25 76 7 71 36 85 38 84 15 2 67 
30 65 18 7 97 26 44 99 54 94 93 53 78 91 96 76 82 11 96 91 18 21 83 72 43 88 89 14 30 14 56 87 29 55 23 2 44 55 5 51 33 73 27 61 12 72 26 18 46 29 100 73 53 44 14 4 13 98 38 97 87 67 9 20 27 21 15 59 8 65 75 65 41 4 55 32 48 54 9 72 4 81 4 7 4 87 96 46 57 51 30 32 88 100 70 18 86 65 55 57 91 53 59 23 73 34 12 60 3 49 37 62 6 65 74 57 37 15 57 42 43 17 95 56 77 74 100 46 48 38 91 8 45 49 37 75 16 48 15 52 38 9 73 64 14 47 52 56 9 35 28 31 1 89 86 37 91 22 84 27 28 15 51 19 59 4 38 91 16 79 44 45 74 21 47 66 66 81 38 93 21 98 97 82 50 49 27 66 12 71 99 34 91 90 40 56 87 66 84 6 18 93 75 64 12 10 74 54 26 84 91 48 41 93 9 42 61 75 47 55 58 18 24 13 17 34 93 72 61 28 24 68 96 73 51 53 21 94 91 18 29 65 17 81 37 40 0 6 48 97 90 89 7 6 43 51 95 100 21 85 60 17 64 7 22 15 84 75 11 84 100 86 67 12 85 91 74 49 85 12 57 91 33 16 62 23 20 14 43 44 61 93 68 46 77 70 61 90 53 28 72 89 64 42 3 18 25 85 22 14 46 76 82 52 36 17 18 4 87 83 27 41 57 58 43 86 62 66 47 74 97 42 21 15 75 96 57 48 49 28 84 80 77 38 63 74 78 68 71 34 59 73 74 75 43 76 70 37 62 53 17 64 94 89 85 69 37 5 50 7 95 31 51 81 52 6 79 59 26 63 29 90 64 83 44 73 43 100 64 28 80 15 81 75 69 39 14 63 25 43 82 33 96 87 63 24 20 18 65 86 54 26 79 16 91 85 73 43 68 56 61 77 73 44 69 85 35 50 35 57 74 57 64 46 92 37 53 17 28 92 57 52 77 43 10 17 6 54 68 58 44 16 25 31 27 33 83 41 88 43 69 78 55 24 43 1 16 82 88 73 11 16 11 11 8 100 93 88 96 59 12 51 43 33 1 84 91 83 45 67 67 68 68 67 83 81 10 80 66 55 
8 37 62 63 28 95 74 6 51 17 96 35 19 34 91 48 53 98 70 46 33 63 60 84 45 55 57 80 96 87 11 56 61 8 43 22 30 2 5 5 56 100 39 45 29 76 11 63 62 61 16 14 22 18 39 29 61 47 94 23 61 55 30 90 50 70 9 14 70 16 66 12 3 86 60 84 99 37 85 82 42 22 47 54 74 50 18 12 93 13 91 20 63 34 79 10 67 98 54 6 6 59 31 57 52 98 53 40 32 45 49 64 36 68 0 33 3 39 2 59 80 61 45 85 0 44 56 2 52 45 93 84 12 13 9 68 97 93 36 99 98 97 79 55 36 29 37 49 46 88 25 73 14 90 91 55 9 1 90 23 66 1 79 95 23 54 17 47 85 62 76 34 66 14 33 87 56 65 64 47 50 38 54 46 75 37 62 93 19 74 69 9 76 35 27 24 82 31 0 0 58 9 44 19 33 38 94 60 5 49 35 39 28 3 60 6 52 19 1 36 42 48 63 70 86 13 82 76 19 32 19 93 74 88 18 38 75 41 57 65 2 93 95 13 47 17 96 73 47 62 87 65 0 91 86 17 89 82 77 85 75 20 45 56 44 31 30 12 47 35 32 99 25 16 97 74 84 49 96 76 84 35 73 20 72 70 7 60 62 77 83 43 10 85 74 62 62 30 4 28 83 66 58 32 47 86 56 10 95 55 99 44 16 83 15 43 10 73 16 26 54 68 37 74 31 24 6 19 19 80 31 4 57 54 71 74 69 34 59 68 18 58 10 54 66 72 61 40 5 56 39 62 86 62 24 67 42 13 77 80 32 78 35 14 4 38 61 48 61 85 85 56 56 64 28 71 94 42 56 71 5 29 67 100 96 87 91 66 60 11 13 28 49 19 63 4 90 8 14 58 86 40 100 57 42 84 50 13 46 7 78 2 17 47 73 39 6 88 31 80 60 24 46 11 19 23 94 74 55 28 64 83 16 46 44 93 33 9 65 15 49 82 58 43 94 4 5 4 22 99 14 50 56 74 37 29 65 30 42 16 15 19 40 77 100 100 28 12 47 70 84 26 97 57 25 77 71 61 24 54 80 87 1 27 100 9 34 85 8 45 24 51 69 98 96 26 50 18 55 74 
60 62 77 15 51 25 33 53 36 14 22 30 32 11 12 93 89 72 19 75 63 6 93 54 57 55 33 56 59 37 54 2 17 62 28 12 70 53 56 33 49 59 1 27 58 5 48 65 2 8 15 62 52 94 54 30 62 34 65 58 71 58 40 5 87 14 71 25 55 27 17 18 62 88 31 28 58 95 9 27 98 44 89 64 83 68 86 85 25 98 5 96 84 72 94 99 16 62 87 86 22 79 5 59 41 75 27 68 69 98 50 64 31 89 28 8 19 63 72 98 24 31 82 72 42 43 75 77 22 38 39 52 32 65 46 59 46 41 32 14 53 85 49 45 22 92 14 64 38 51 16 2 10 12 11 51 92 44 61 28 73 27 18 73 88 25 50 6 61 19 9 17 100 30 61 60 91 76 55 28 23 20 17 96 8 16 100 74 28 8 71 6 73 82 20 95 63 97 87 80 71 47 80 76 77 56 48 73 9 44 62 67 89 9 70 39 90 50 18 18 7 54 0 64 61 46 81 67 60 64 19 24 67 71 83 2 50 7 31 7 46 58 34 44 36 77 45 100 9 19 49 45 60 74 47 14 18 61 23 3 23 22 47 86 68 69 2 86 35 92 24 32 75 12 78 76 44 0 70 46 88 87 75 51 27 24 56 22 12 14 3 82 92 49 24 86 23 1 71 53 22 29 86 41 52 97 43 49 84 56 24 18 23 6 93 52 49 19 94 10 35 42 88 22 4 44 78 18 12 29 7 99 54 17 72 48 78 67 76 71 53 15 83 54 34 95 68 11 51 85 23 15 74 2 32 39 29 20 49 81 85 21 2 83 81 3 45 96 26 36 78 36 34 57 18 24 27 67 46 91 63 50 95 33 7 32 8 87 50 8 11 25 34 56 58 32 90 0 10 52 64 49 90 82 48 1 4 86 24 66 15 14 68 11 83 88 16 96 40 1 72 0 32 36 22 24 97 21 57 53 59 28 65 60 69 40 38 69 52 44 24 11 19 71 17 45 68 56 70 2 51 63 96 31 65 69 56 33 75 24 86 41 82 44 74 77 48 79 21 80 35 9 62 79 100 63 0 87 88 40 85 52 78 30 26 27 4 95 3 29 25 35 57 12 1 20 95 38 82 84 
67 48 91 53 8 24 33 59 100 11 6 87 46 42 88 88 31 72 69 13 51 59 89 24 90 48 11 48 89 76 27 43 19 87 22 11 63 63 99 96 60 87 21 6 20 40 84 1 35 38 59 79 18 75 41 24 66 84 37 96 56 15 69 60 66 41 97 21 80 80 54 6 65 11 12 22 47 32 38 9 18 91 67 40 24 38 98 42 3 93 48 90 78 81 27 37 44 96 7 85 80 54 95 59 46 30 11 84 27 7 92 49 10 68 7 81 4 47 65 20 37 56 65 83 30 4 49 2 37 2 94 9 79 64 38 49 2 26 44 98 61 35 78 91 58 63 95 79 27 62 79 22 50 38 17 16 10 10 0 64 26 27 68 99 67 99 88 79 87 31 37 81 35 50 26 16 94 18 18 59 78 44 43 95 17 75 43 71 2 27 45 94 11 3 45 82 70 8 9 68 71 11 76 81 64 52 15 37 12 39 80 58 17 56 89 84 21 84 88 79 23 27 61 68 94 88 57 48 86 13 83 31 63 28 12 7 6 13 32 20 13 85 43 23 28 99 28 30 18 1 40 13 59 87 51 8 98 33 51 73 38 91 84 84 49 94 19 73 19 87 56 67 0 51 100 72 87 7 75 87 27 22 86 60 98 43 80 79 88 39 28 78 96 13 60 36 77 26 67 70 80 20 0 14 52 82 95 47 10 20 1 63 17 25 35 24 37 92 77 94 12 88 9 37 54 88 58 23 38 69 25 14 53 79 68 71 55 19 68 59 18 67 89 64 15 90 84 62 55 26 23 61 82 32 61 6 82 24 58 9 91 45 68 35 95 87 9 99 81 1 36 92 40 65 46 94 57 53 46 36 76 15 60 35 97 41 26 68 56 44 53 59 21 66 11 34 30 15 11 7 8 60 4 67 59 95 50 82 97 42 94 100 81 84 99 84 19 93 20 78 45 64 38 49 71 54 11 88 41 7 91 8 36 1 84 19 7 97 35 30 71 69 80 54 91 67 80 45 91 9 47 6 95 26 92 5 9 37 50 83 89 47 19 56 78 65 19 37 62 17 21 70 49 82 52 32 98 82 38 94 82 35 73 83 47 74 13 27 71 32 91 91 70 71 89 69 78 61 49 55 
54 2 62 79 99 67 5 45 97 53 6 25 24 100 78 28 95 59 32 43 84 33 67 63 64 35 26 32 25 44 0 10 54 16 78 98 43 45 24 54 22 17 39 19 6 14 31 93 48 51 61 23 70 76 62 91 99 82 30 93 76 34 91 30 58 95 94 85 43 87 92 66 2 82 12 18 1 34 66 37 56 79 85 50 62 98 54 79 5 42 25 24 99 33 93 63 69 52 70 25 62 50 26 67 57 87 20 84 85 18 94 19 83 44 73 89 67 52 62 24 34 15 43 76 64 38 47 24 93 29 85 17 31 13 63 37 73 77 4 52 46 70 14 9 12 76 32 37 39 44 1 24 56 75 67 80 15 70 15 47 3 43 15 36 63 81 58 15 88 25 29 67 49 8 27 95 63 58 55 66 39 86 65 80 26 58 35 35 26 77 58 20 99 55 30 9 36 65 54 41 81 47 23 19 58 17 83 0 65 83 98 17 70 8 21 99 84 25 90 26 25 10 19 82 18 22 72 11 77 40 30 36 28 75 78 23 3 64 45 85 63 83 98 94 50 74 87 49 86 92 99 77 72 40 91 65 7 31 61 31 31 52 22 86 4 23 79 1 12 48 91 57 36 16 31 69 55 27 54 72 25 46 99 59 45 81 24 96 61 76 11 73 77 98 51 19 63 7 97 94 37 57 53 46 79 32 17 44 5 40 14 10 56 86 49 28 96 53 20 12 22 21 64 81 99 92 96 51 65 81 55 11 36 11 54 55 28 74 86 88 68 59 26 59 15 20 89 60 73 65 97 24 16 64 1 25 76 43 57 96 75 41 64 14 48 96 52 13 85 88 69 16 81 1 87 98 10 35 13 15 42 4 5 7 81 39 97 45 9 58 37 36 38 76 83 94 99 70 39 11 18 96 4 66 75 6 52 65 21 54 23 85 92 33 92 70 56 50 61 34 62 30 51 19 31 80 38 16 95 82 14 69 62 47 75 76 58 62 28 47 28 52 38 33 3 8 6 36 11 84 74 30 1 3 11 76 72 70 0 18 55 41 43 9 74 52 21 14 18 71 35 47 5 53 23 45 83 53 51 45 30 22 7 30 87 74 14 5 9 59 32 21 80 14 17 8 11 13 38 68 
3 11 12 35 62 85 54 79 55 20 75 54 44 29 78 28 62 89 4 19 0 76 53 19 72 84 25 19 99 83 84 36 70 41 28 28 93 10 82 78 36 69 2 75 71 24 91 22 80 89 97 94 16 41 26 15 0 16 68 31 31 66 74 42 62 89 79 13 51 41 87 82 7 56 60 15 72 94 17 12 35 98 51 28 16 93 33 48 28 67 45 79 66 64 2 4 90 44 19 0 51 89 90 45 45 31 47 11 34 79 73 28 17 88 36 67 9 32 23 82 40 93 29 39 66 60 96 29 48 2 48 53 83 48 32 33 84 19 68 68 49 53 21 45 76 52 88 94 36 72 35 71 29 79 47 21 23 38 7 8 68 84 23 6 42 63 10 57 52 59 87 63 22 53 43 37 53 38 93 34 13 38 11 94 31 70 93 10 33 97 35 93 15 56 98 14 38 77 54 27 64 89 25 98 19 0 47 97 32 48 68 93 33 28 47 48 1 86 15 56 9 72 74 40 9 7 56 17 88 45 9 19 46 27 81 75 13 24 57 44 77 56 75 35 40 40 9 51 90 76 17 17 17 40 48 78 63 30 64 2 13 86 34 30 68 33 96 71 99 15 100 28 62 30 4 0 74 79 82 63 94 42 74 47 94 35 15 76 85 53 42 74 52 73 8 22 76 64 43 87 23 73 32 71 8 20 13 19 55 18 13 83 46 86 96 13 19 3 17 33 53 26 78 16 0 36 83 20 80 56 67 49 53 78 21 38 84 9 47 77 41 78 25 84 25 48 5 27 28 83 97 6 52 24 20 9 74 100 41 59 73 33 95 97 8 18 37 35 36 86 40 35 15 81 48 22 77 35 20 46 68 65 15 83 59 97 31 55 5 59 84 3 19 51 92 16 94 95 32 27 47 17 98 83 67 17 96 10 2 98 37 52 74 37 34 76 44 93 34 48 6 82 15 89 25 11 29 70 35 60 1 57 88 41 48 78 91 81 87 100 27 86 76 50 49 68 96 92 21 75 6 86 97 23 34 56 50 1 81 10 63 73 49 50 22 100 11 1 76 52 89 40 74 42 21 1 10 34 63 73 67 56 48 23 84 33 95 46 97 45 71 90 72 33 31 45 38 45 54 91 
88 45 18 18 44 80 90 69 38 99 96 86 44 57 7 62 34 0 4 78 56 41 10 8 59 52 5 21 22 8 97 28 92 31 55 82 71 100 48 5 17 98 13 50 29 40 20 50 93 47 13 58 11 30 93 99 20 4 14 41 98 1 72 34 50 93 27 57 55 32 9 49 20 52 31 10 23 22 36 100 83 75 17 79 12 28 40 80 68 93 23 43 20 80 11 38 32 13 9 100 100 11 100 24 68 71 24 9 34 59 54 93 89 95 11 54 1 25 28 72 21 99 11 76 81 32 64 30 67 55 35 6 47 1 40 73 61 28 7 79 71 48 47 36 77 83 71 19 75 35 61 65 60 10 10 79 42 19 31 86 89 36 37 67 34 87 93 88 18 14 84 36 67 5 89 21 12 78 79 97 59 0 87 96 24 72 95 12 61 79 4 83 9 15 36 65 51 43 35 30 44 19 2 63 89 69 14 4 42 10 34 25 97 77 93 22 68 87 2 77 19 3 85 75 77 45 67 87 90 18 86 88 51 47 15 97 67 40 57 41 57 100 31 31 43 23 92 44 77 12 64 32 17 20 45 80 23 0 32 37 47 91 4 34 17 76 19 89 53 86 19 48 20 6 27 36 74 89 13 79 55 60 31 76 44 93 74 83 40 9 11 47 60 74 83 36 66 30 94 46 88 81 45 52 11 35 34 75 13 76 15 63 57 94 78 51 99 97 66 49 32 82 69 65 95 13 58 80 78 32 98 79 63 61 79 49 46 73 78 36 63 68 52 80 91 8 48 4 98 88 88 38 18 43 61 9 1 24 26 91 97 79 97 63 57 84 12 20 86 62 57 27 35 63 54 100 5 27 12 39 89 77 86 31 60 39 57 71 72 50 30 66 29 66 76 9 75 59 8 42 30 78 49 14 95 62 6 54 45 54 76 29 59 21 25 1 52 81 71 13 49 27 0 62 59 73 35 39 92 41 49 41 74 73 59 5 92 22 33 38 49 65 16 21 1 36 97 95 55 93 56 88 62 36 58 20 12 37 6 88 76 8 24 31 21 47 36 23 65 58 99 58 70 44 1 29 63 62 18 40 4 6 87 89 21 52 55 31 56 33 90 53 16 37 18 76 70 47 77 96 
71 29 96 9 90 45 13 82 13 15 82 68 99 36 7 18 95 23 59 61 22 34 12 39 2 15 66 69 33 70 55 70 17 61 13 72 76 75 98 98 93 43 28 41 49 62 83 87 3 57 47 34 88 11 90 92 72 94 93 21 37 60 88 54 25 93 65 7 31 51 82 45 37 10 11 65 2 100 89 2 31 38 17 64 6 0 57 39 17 65 9 26 29 76 58 68 57 59 11 69 78 18 13 6 64 19 31 46 1 7 97 97 21 29 0 20 8 72 84 18 38 80 64 44 65 80 10 12 63 63 44 28 9 100 76 50 9 82 41 49 50 33 75 16 19 79 8 48 16 59 81 89 76 10 36 39 84 88 80 46 75 65 12 41 36 37 98 85 21 3 36 1 3 3 25 31 23 17 9 70 35 20 85 75 30 93 42 28 18 47 7 0 15 63 90 13 31 47 65 82 40 64 57 15 86 29 83 9 77 51 86 88 63 45 90 76 99 63 74 95 44 38 62 75 17 50 5 42 59 65 55 47 25 93 66 13 21 25 93 61 10 50 61 92 95 32 74 20 54 12 69 91 8 6 89 69 0 59 95 76 50 28 22 53 10 78 32 90 92 14 49 48 11 19 25 0 18 16 30 38 82 7 44 96 55 85 100 46 11 21 14 7 72 11 48 10 39 79 0 6 80 75 78 8 84 42 11 9 86 86 52 36 15 24 44 48 62 86 31 23 75 80 80 31 12 30 32 59 59 0 9 22 40 80 82 61 11 80 13 27 9 94 44 35 74 24 47 43 40 46 13 85 79 32 42 23 53 93 22 54 87 43 0 99 49 26 91 35 91 22 61 45 60 42 65 55 0 25 82 64 75 21 4 60 98 42 83 12 47 85 4 32 48 17 89 62 11 2 96 16 30 0 59 10 80 47 26 39 52 30 19 43 22 99 6 3 25 77 75 3 19 45 92 93 82 22 55 8 68 45 67 9 82 18 62 54 64 6 48 48 30 80 78 37 43 80 66 54 77 5 29 99 7 90 99 8 77 1 54 24 45 79 80 98 82 76 7 73 99 38 62 76 50 51 14 8 7 98 84 44 97 24 88 20 15 19 67 94 71 15 38 3 14 80 98 68 8 50 49 70 
78 13 58 92 97 93 6 54 40 84 61 50 60 53 67 75 46 18 19 10 26 43 0 49 83 17 40 2 87 53 91 88 59 48 38 11 64 27 20 1 10 43 72 85 81 20 82 62 63 76 20 10 48 72 31 62 57 29 24 88 69 49 18 19 77 40 10 83 43 0 92 70 25 26 74 89 87 15 42 99 57 0 32 48 27 15 33 83 51 11 79 54 37 0 24 38 49 43 100 34 88 29 84 48 95 35 100 87 59 90 63 4 98 74 63 75 70 82 18 22 53 40 47 65 13 4 78 4 61 45 55 46 85 61 92 29 13 34 55 59 58 42 63 60 77 49 14 29 59 73 82 87 24 92 33 40 31 90 48 3 3 54 80 27 34 13 64 70 28 60 62 57 17 33 10 3 74 42 88 52 5 89 75 75 98 51 25 77 42 91 24 82 3 56 96 87 31 0 1 22 83 27 67 75 66 80 87 3 50 41 59 30 69 97 24 73 43 70 31 32 47 0 71 57 64 30 69 29 31 52 1 23 26 33 77 59 44 80 52 62 16 22 77 77 13 9 47 69 33 63 58 82 95 3 74 59 82 76 57 10 100 30 44 34 87 51 51 12 16 5 33 96 80 9 69 66 87 99 67 32 85 13 8 59 77 7 60 48 16 72 19 58 2 85 22 62 23 53 53 62 78 84 93 32 10 12 13 25 69 52 53 60 86 36 49 24 10 94 36 92 13 23 16 4 95 78 35 2 45 100 12 12 35 54 31 58 66 60 58 25 7 88 37 96 50 91 39 63 42 55 61 9 60 9 62 36 5 40 81 40 95 5 96 97 11 58 84 34 37 81 0 17 11 27 56 37 25 16 25 69 29 35 32 20 62 2 72 43 23 100 16 100 89 70 76 31 58 98 6 69 53 90 49 91 23 73 40 41 11 31 38 44 35 60 50 50 33 99 3 70 9 98 2 76 99 89 41 18 58 47 49 95 85 1 51 42 8 72 33 86 100 87 29 4 65 76 65 9 39 60 11 37 18 31 8 5 9 48 69 93 3 37 34 48 96 18 49 20 90 64 69 87 82 26 64 30 7 84 61 32 96 48 34 58 71 80 97 33 21 4 17 57 61 9 94 53 56 83 99 34 
74 6 70 49 19 35 42 15 32 10 49 55 40 64 47 68 61 46 3 73 92 96 71 23 98 21 10 99 81 33 67 29 54 62 5 52 1 26 48 18 23 64 40 57 1 52 27 62 57 86 52 65 52 39 83 21 81 24 8 73 13 42 65 30 77 9 14 96 43 0 26 75 42 92 75 43 81 12 29 27 13 27 29 75 72 38 84 84 12 16 35 34 92 57 68 33 93 54 86 73 34 37 95 95 2 43 55 94 11 39 48 60 17 57 93 54 61 6 84 42 59 51 15 71 81 99 83 86 33 71 63 99 18 69 62 76 74 51 82 86 19 65 96 68 60 18 91 11 45 71 27 12 4 74 0 2 2 96 10 42 72 94 100 29 7 97 26 41 49 95 23 3 87 84 6 1 14 91 13 93 68 65 94 31 14 16 27 8 36 9 83 100 7 62 0 65 29 98 77 53 4 12 56 0 70 25 64 66 66 43 32 7 61 26 5 59 45 77 50 92 48 3 74 65 8 60 77 24 70 6 6 57 46 60 11 27 19 99 92 55 57 70 28 79 39 3 7 83 63 93 31 65 52 29 36 12 72 17 43 32 61 31 67 71 34 73 69 24 45 17 11 62 23 13 34 70 59 10 93 5 74 12 19 51 70 8 58 13 82 52 18 84 23 72 27 51 50 45 38 73 11 3 5 66 62 99 8 91 30 83 9 7 91 15 97 38 91 20 78 46 42 5 50 81 91 28 92 54 38 50 24 97 79 9 65 48 11 24 32 78 75 69 14 97 44 37 96 77 77 54 3 18 99 61 33 47 41 57 24 82 15 58 12 78 91 8 33 51 78 84 33 17 94 78 65 49 10 51 21 60 90 86 51 61 21 69 45 29 8 19 54 54 57 58 88 4 8 47 82 81 33 55 94 92 27 10 28 54 89 34 59 48 20 11 46 82 15 79 5 41 24 36 61 52 49 50 0 31 64 20 16 27 96 86 39 52 59 4 87 34 86 66 94 95 58 73 51 98 51 56 0 12 73 26 74 83 33 81 45 74 78 94 90 100 85 62 45 38 96 69 62 42 79 85 43 67 13 34 62 45 10 60 24 18 9 37 69 93 20 75 91 39 9 31 82 12 76 18 85 26 
44 30 57 29 72 67 85 67 91 97 88 90 41 35 5 17 42 66 38 90 86 34 64 0 18 79 64 64 14 71 17 22 49 33 73 49 0 21 32 66 15 32 70 37 16 34 7 99 53 35 4 80 94 18 75 22 90 54 42 72 21 30 13 0 57 54 83 23 74 47 41 12 17 61 95 48 33 2 23 33 79 5 3 71 36 70 15 97 80 86 64 32 67 50 0 68 2 13 85 15 6 95 48 36 84 45 89 14 23 88 60 80 72 70 36 37 38 82 80 13 0 38 84 49 28 98 30 8 100 58 26 35 83 45 75 32 33 68 62 33 97 55 43 23 12 21 88 64 61 57 93 2 25 26 93 91 35 2 55 57 90 57 42 15 29 13 38 52 50 26 42 32 15 38 44 98 97 64 38 69 21 70 27 17 94 73 73 18 66 37 24 12 69 26 7 39 41 26 4 99 33 48 44 18 64 51 57 100 18 64 62 67 100 42 75 60 24 7 23 5 66 83 73 13 7 66 41 25 59 16 33 28 28 67 47 13 6 41 60 16 67 84 69 33 31 26 20 89 78 86 19 46 30 100 72 72 58 25 4 19 9 46 91 81 67 82 33 71 100 69 84 7 6 50 94 58 13 68 19 91 9 67 21 57 46 95 20 58 28 10 70 64 38 47 9 13 39 11 75 91 56 94 22 61 43 56 77 63 32 75 87 15 59 73 31 89 30 39 10 9 50 79 14 42 59 95 63 6 87 20 21 35 35 92 50 100 31 77 76 93 81 22 23 10 73 70 43 5 76 89 53 52 80 17 14 41 89 55 55 32 78 45 35 87 100 81 65 12 35 85 18 16 81 61 68 88 10 15 24 78 11 41 94 92 9 81 74 87 97 55 93 57 38 25 22 97 69 48 28 95 63 99 52 53 37 79 78 21 43 78 28 53 38 100 97 16 33 84 69 41 93 14 57 57 11 45 81 86 40 86 55 0 29 77 34 92 73 9 53 73 77 16 45 54 39 37 65 15 2 65 1 71 4 95 5 98 77 86 62 68 70 45 78 76 47 45 89 71 82 58 55 50 66 9 34 100 54 50 91 0 30 81 12 30 27 50 64 72 88 27 64 80 26 68 71 81 92 92 14 22 
59 60 74 96 18 19 32 0 90 27 28 16 34 25 41 40 93 58 23 3 29 88 53 65 72 96 93 100 88 87 1 78 97 3 17 96 73 62 60 52 30 17 34 27 46 24 80 52 71 29 6 52 26 33 96 67 30 68 11 5 65 0 40 57 66 90 77 31 58 67 25 30 45 24 82 24 18 83 3 45 39 88 71 3 49 72 7 43 96 63 34 95 16 62 65 12 98 0 96 34 78 52 0 46 52 65 71 82 55 26 21 4 61 60 5 61 69 57 46 32 4 61 83 81 35 59 88 9 42 9 25 50 17 28 57 19 33 57 47 43 47 27 47 15 33 53 4 29 41 7 40 87 81 99 46 78 56 92 62 68 90 72 10 46 8 19 13 35 22 22 6 74 0 78 5 14 1 0 35 20 56 81 62 53 5 13 10 16 71 81 88 85 7 27 91 11 29 39 28 44 16 86 15 22 38 18 32 18 32 39 53 67 61 76 5 88 52 74 69 37 43 51 100 53 82 70 32 83 4 91 15 18 37 74 10 58 73 95 96 54 21 41 48 35 4 24 94 37 64 43 4 79 25 66 90 13 57 68 91 7 94 25 62 80 12 56 22 97 42 56 2 68 19 81 17 80 12 66 25 49 25 85 84 28 68 10 0 31 85 96 67 63 36 66 93 75 31 65 93 52 65 1 22 58 57 43 43 64 19 86 35 71 56 53 19 29 21 33 30 60 10 12 77 56 45 15 64 95 47 64 25 31 31 53 69 99 50 7 95 85 54 57 60 37 58 74 49 93 43 15 67 67 82 43 3 53 14 95 57 14 33 82 20 43 86 27 19 59 51 35 85 18 94 100 73 13 59 12 92 22 36 65 37 0 40 40 6 64 82 59 49 61 96 19 61 30 1 61 71 44 22 1 3 85 13 50 24 41 41 95 41 76 77 55 66 29 9 9 10 10 79 81 8 45 13 9 35 78 94 71 4 52 53 3 70 48 43 0 37 16 22 95 56 31 26 86 85 23 1 76 15 40 3 27 18 15 50 45 30 37 22 27 78 88 64 68 25 97 90 8 81 27 90 87 97 12 30 49 62 22 25 11 39 44 15 90 30 26 69 12 79 15 67 94 62 59 17 60 31 70 
2 48 44 32 84 13 60 8 15 6 67 42 45 77 13 53 47 67 61 39 66 31 61 46 14 68 48 24 43 12 32 28 69 64 20 55 12 34 94 96 1 1 69 73 4 42 61 81 57 45 96 89 23 89 44 3 91 91 47 1 61 48 62 43 90 91 18 70 9 35 62 83 70 63 18 79 25 40 91 94 49 10 33 35 17 86 15 27 38 57 23 22 22 36 75 59 46 56 70 59 5 14 5 84 62 75 9 80 61 68 51 98 7 4 78 93 35 63 2 76 4 71 69 41 13 49 40 23 85 35 53 39 81 14 67 99 11 62 20 17 4 98 53 61 50 74 81 20 88 26 10 63 30 2 84 25 98 48 3 24 15 33 89 18 84 12 61 66 51 62 74 65 62 65 82 12 30 15 14 15 58 76 75 99 63 88 3 2 40 51 59 6 1 10 91 26 88 35 87 57 38 73 95 15 28 54 12 22 48 28 84 42 65 79 57 33 0 24 4 4 89 100 15 100 0 40 19 28 38 88 91 77 45 6 14 41 43 38 97 19 22 17 78 91 79 87 40 92 64 83 59 100 85 77 81 92 55 51 83 46 94 61 6 87 22 65 29 8 65 39 16 20 68 53 15 48 99 2 80 99 11 48 1 37 20 87 30 30 48 99 46 34 25 5 33 3 17 16 65 40 55 74 39 97 53 58 59 59 28 76 0 20 64 70 33 79 100 86 99 69 22 35 54 58 84 69 74 94 9 36 29 32 32 40 17 10 5 85 46 75 16 25 6 12 69 62 5 21 26 44 58 42 48 94 86 83 99 94 19 18 12 32 21 98 71 14 5 21 43 1 30 99 32 14 15 90 57 51 85 66 56 35 67 84 29 40 11 7 77 81 17 89 25 48 81 91 1 29 28 71 92 67 48 17 84 79 16 93 66 80 34 65 7 95 91 85 93 22 0 17 12 47 34 8 35 85 86 98 56 71 68 49 2 93 46 93 45 14 69 76 49 5 24 22 72 25 9 36 54 19 92 18 89 40 92 55 29 59 39 56 42 35 24 40 27 89 87 12 2 10 28 46 96 4 0 15 94 24 25 58 41 16 8 86 77 15 15 13 74 64 10 59 12 36 4 22 81 95 22 32 
39 48 51 70 72 78 12 42 14 62 9 99 88 30 82 36 70 84 78 27 88 66 56 92 75 90 87 47 29 48 15 27 91 75 50 6 84 72 22 93 2 55 0 70 65 23 14 3 24 36 27 86 68 24 15 48 53 17 82 81 16 36 21 35 36 93 19 4 11 1 19 63 12 69 53 64 0 5 32 14 41 76 23 39 90 96 4 45 21 51 67 25 78 24 7 89 50 93 84 84 73 71 73 39 85 75 29 24 19 60 88 97 20 88 71 29 74 0 5 98 10 49 77 51 56 13 30 46 24 28 99 96 90 23 94 79 17 100 37 86 44 61 81 31 57 73 8 97 19 66 80 47 81 43 10 27 11 79 38 94 11 98 76 64 24 47 8 17 20 50 68 92 37 67 10 17 54 92 79 16 55 69 99 61 52 11 10 55 3 36 36 57 45 54 14 97 40 41 3 92 10 46 70 9 76 3 83 51 79 56 57 80 85 76 6 24 91 24 53 73 46 32 96 63 20 24 55 29 5 41 76 35 24 43 80 34 72 16 77 14 81 45 43 0 3 30 30 91 66 96 1 9 30 42 99 64 46 8 33 87 30 20 43 86 72 10 23 95 34 45 43 15 51 39 61 85 26 9 1 19 12 7 5 95 7 59 99 14 57 66 4 88 65 3 48 85 80 71 0 60 59 90 7 4 73 85 5 43 25 39 68 0 64 9 4 47 93 100 26 56 70 17 75 7 48 4 94 61 37 48 74 77 27 61 90 5 73 83 51 56 91 42 29 92 31 50 59 45 10 31 17 24 90 40 67 41 24 10 69 82 30 16 57 46 36 71 9 49 3 37 74 17 0 66 6 89 26 18 17 49 63 53 87 36 69 100 66 29 85 5 14 60 64 19 79 100 78 28 22 34 21 54 41 41 17 93 18 96 40 34 84 94 92 75 6 87 80 72 3 41 74 67 88 35 30 10 63 59 99 82 52 37 21 83 17 100 94 13 80 80 15 73 45 24 79 58 72 82 95 86 53 81 36 40 2 68 31 8 58 80 71 62 38 70 84 58 35 81 1 98 7 68 29 59 44 38 95 21 0 80 19 86 12 91 84 35 20 67 53 34 56 62 45 94 2 9 80 64 29 73 
75 22 31 21 3 2 42 23 24 10 78 96 99 60 41 12 13 55 78 88 62 55 59 58 72 23 6 17 9 44 8 23 24 53 63 21 71 94 4 76 77 28 78 55 11 44 84 95 13 12 88 89 64 83 64 24 99 49 67 39 23 96 100 54 18 67 34 93 0 9 41 58 67 44 32 29 54 52 59 98 26 28 96 69 82 87 14 90 37 81 96 45 87 66 0 41 97 53 20 13 11 80 21 74 10 88 87 50 37 60 44 63 24 78 32 58 77 34 95 95 23 45 1 51 64 12 2 65 13 47 51 80 10 80 88 13 47 61 85 25 53 7 65 12 53 21 43 55 71 52 84 69 64 15 18 58 90 42 48 22 60 69 25 5 5 48 39 53 90 47 80 10 10 80 74 92 92 24 83 35 44 35 60 39 54 26 88 69 62 31 48 40 59 35 53 18 41 49 79 32 88 8 45 15 9 59 44 10 99 96 52 1 73 47 100 71 19 60 77 31 32 99 27 85 22 62 42 48 40 65 100 78 93 15 32 79 49 59 40 32 51 61 65 68 83 89 19 88 79 80 29 92 99 91 62 4 73 32 79 50 37 30 41 32 22 91 5 90 34 65 45 6 5 17 16 96 97 76 81 18 32 31 27 94 17 7 40 80 47 88 51 4 42 74 45 41 89 99 99 18 77 6 24 45 94 83 100 29 72 94 15 45 43 39 65 34 33 98 77 52 33 24 23 25 28 64 32 62 17 77 10 25 5 87 41 68 26 8 52 66 46 34 24 99 18 73 35 100 81 100 28 77 68 74 33 23 88 95 93 7 17 87 43 92 24 28 82 38 18 9 19 57 89 36 29 85 60 65 23 94 57 15 97 43 6 27 38 58 76 51 65 85 37 93 7 25 49 34 9 66 66 6 9 50 58 47 9 72 3 33 64 9 15 31 15 61 58 71 95 73 79 76 10 84 85 58 51 23 61 43 87 49 32 98 69 15 12 83 12 39 5 48 97 92 64 83 97 4 13 3 72 57 25 33 59 0 78 38 92 0 65 32 29 52 75 83 75 35 70 68 87 68 86 95 91 27 54 50 33 61 35 84 40 67 19 93 93 12 22 45 14 35 68 19 60 79 5 8 59 10 
99 56 39 6 76 96 72 40 25 85 78 16 41 85 30 19 36 33 17 17 14 85 94 10 40 39 93 50 30 35 0 96 68 94 92 82 98 24 8 4 37 6 38 85 93 63 61 14 81 91 25 36 64 17 74 0 75 11 95 21 48 33 85 40 28 80 75 7 50 31 92 89 99 65 72 44 76 78 70 49 34 11 5 17 36 34 89 36 46 36 49 15 14 51 39 78 91 91 41 70 99 56 77 78 91 74 57 74 6 59 50 60 42 52 98 37 4 25 66 92 72 74 43 39 91 12 14 37 91 68 11 82 33 90 77 77 58 53 29 16 57 58 77 21 34 85 44 51 80 14 38 25 39 96 83 31 60 51 23 22 46 62 20 56 29 5 75 37 97 7 70 38 52 54 60 12 97 92 90 71 44 61 24 54 39 92 31 15 60 15 63 12 91 0 82 3 95 21 3 78 57 46 86 37 20 66 74 18 27 91 50 52 65 70 23 73 42 66 61 9 80 33 39 17 51 87 36 8 55 92 60 14 9 24 63 13 89 37 38 47 9 73 84 54 23 96 23 53 89 34 0 66 28 68 7 1 71 27 77 14 51 19 78 66 67 84 31 60 77 77 22 59 22 89 12 30 26 64 38 1 66 29 92 70 74 32 0 75 99 64 42 65 26 94 48 27 73 38 50 13 93 37 24 65 29 76 14 82 55 90 96 75 25 61 29 39 20 30 93 87 3 28 68 82 96 27 60 95 31 74 43 93 73 95 35 69 19 4 77 17 41 6 78 16 24 56 89 2 47 25 30 89 64 44 48 13 19 28 93 57 69 100 89 68 11 88 13 20 42 12 9 83 69 1 28 3 59 100 74 94 86 90 99 63 68 76 88 15 31 52 18 60 79 70 91 1 60 34 50 15 30 44 26 78 69 36 64 69 15 7 60 37 99 6 69 38 86 51 56 34 46 39 46 68 68 13 100 78 78 23 30 82 42 87 30 78 19 86 90 90 54 63 29 70 3 90 94 20 100 88 29 6 26 98 89 90 76 25 46 56 12 59 22 61 47 33 41 41 92 10 20 11 82 2 17 36 64 32 49 17 14 32 3 47 82 49 50 88 75 76 76 66 43 1 86 18 66 19 60 94 
1 25 18 70 8 26 63 68 19 100 29 75 82 83 44 17 32 10 91 92 18 63 18 48 29 55 43 76 0 32 95 72 19 25 93 3 94 70 74 43 60 35 60 33 10 43 57 9 42 51 94 74 68 30 17 16 65 9 49 95 92 65 69 48 53 64 39 55 74 69 86 77 58 5 56 24 94 86 53 76 68 78 94 54 86 47 18 35 66 63 43 24 16 94 61 67 9 60 15 95 15 0 40 93 93 97 43 9 40 91 86 100 68 8 82 87 57 34 43 13 68 16 42 28 15 45 14 78 71 15 39 73 26 23 99 28 13 10 98 55 72 96 77 34 55 96 89 51 54 46 0 69 27 0 4 0 54 6 56 17 68 87 53 72 40 49 23 79 52 26 12 81 18 97 47 27 70 61 94 74 69 9 1 10 63 46 42 26 40 10 50 44 67 74 21 11 20 76 87 72 47 1 34 84 3 52 9 92 48 93 6 23 32 87 64 82 31 97 49 79 88 37 95 79 60 93 59 76 3 28 20 11 51 41 9 41 77 80 11 77 92 19 50 0 93 17 99 75 79 0 74 65 64 21 67 0 51 25 94 15 1 39 90 38 59 71 27 85 42 75 97 70 23 17 48 76 81 95 27 1 73 30 31 81 30 39 60 5 22 26 84 43 50 97 43 71 70 15 39 59 25 94 32 70 62 37 59 23 85 76 5 29 50 89 26 15 65 15 23 45 68 100 67 45 13 19 4 30 43 49 77 34 62 29 70 58 83 65 17 18 19 60 46 43 41 51 79 58 30 100 98 78 65 24 80 56 64 37 44 21 21 7 27 37 84 35 52 49 39 81 93 79 87 24 71 77 14 47 66 0 51 90 16 44 73 59 70 83 16 53 37 90 36 36 7 54 48 100 88 90 53 60 92 72 37 46 69 21 69 14 38 2 82 72 68 88 24 13 9 9 79 46 39 100 7 14 55 16 50 44 8 22 65 90 6 74 100 76 99 18 84 32 50 20 96 30 15 86 18 43 47 0 17 12 76 77 29 36 100 94 82 63 32 89 24 33 37 27 58 94 43 23 3 56 26 90 74 23 1 75 46 42 21 47 36 68 28 29 5 90 35 1 22 45 90 62 68 86 94 38 
87 71 49 66 91 34 77 86 80 82 24 70 8 98 94 51 70 70 39 34 72 43 38 54 82 21 59 17 41 95 70 59 78 50 34 87 1 21 85 77 51 47 48 0 62 55 43 95 53 59 82 30 86 65 26 68 14 61 82 97 77 49 50 39 22 87 57 95 54 83 21 88 2 55 5 30 21 93 98 73 93 32 97 55 95 99 98 47 11 27 73 91 34 10 44 30 16 32 54 100 64 60 87 61 69 11 34 44 53 21 93 10 92 84 20 28 79 4 76 96 1 19 52 32 43 52 16 79 100 49 27 42 57 76 47 42 81 88 56 72 79 19 41 89 17 61 78 42 70 77 26 11 86 31 94 40 28 62 35 93 45 70 58 75 36 91 62 94 25 66 36 92 5 22 52 96 73 74 70 7 35 79 43 29 14 21 89 4 45 84 99 42 48 3 62 58 25 57 73 73 34 10 49 54 30 42 51 70 40 19 93 82 62 62 43 84 50 86 6 70 91 33 16 82 44 82 33 4 9 74 13 60 68 20 36 89 35 54 88 21 42 26 21 86 17 27 77 99 94 29 93 37 4 93 47 74 15 93 34 71 55 69 12 33 30 26 97 49 11 57 19 82 41 66 54 7 92 62 37 17 12 95 86 64 85 57 54 4 22 82 20 36 57 56 95 42 74 75 51 29 81 62 36 40 70 4 58 74 93 4 95 22 31 74 77 36 54 21 85 68 14 17 26 26 5 82 32 71 31 34 17 69 39 0 56 34 43 92 70 72 22 60 51 53 60 4 85 84 38 44 2 62 24 83 20 21 25 46 8 15 69 67 64 37 4 27 15 30 91 15 37 57 28 71 75 55 26 52 62 95 53 70 36 20 42 42 74 56 18 88 44 59 56 10 86 51 61 85 86 74 0 13 43 81 17 26 91 51 49 14 8 52 80 100 4 73 97 0 7 36 27 13 84 73 26 13 64 57 95 76 80 99 5 32 94 41 79 9 91 92 30 88 7 57 83 44 14 27 88 47 20 88 48 65 8 5 16 86 18 70 31 32 24 36 6 100 73 89 27 8 6 21 96 68 30 32 45 88 42 44 38 28 42 44 47 66 9 45 45 29 52 33 20 71 24 30 17 80 9 35 
10 90 23 21 45 49 97 11 36 87 89 60 85 31 58 92 19 6 59 66 10 68 71 83 86 18 61 21 81 27 58 72 69 25 45 66 40 34 41 42 19 100 15 75 82 100 51 91 19 49 37 15 45 71 43 44 7 44 86 77 8 55 26 6 90 24 54 15 44 13 28 47 38 7 19 10 72 27 26 66 32 80 55 34 0 57 26 96 67 85 98 5 81 16 43 17 4 3 59 83 0 61 79 38 70 51 50 27 77 88 27 96 72 83 70 16 92 91 48 57 13 68 62 46 28 1 45 45 70 77 73 51 75 30 10 70 37 29 21 27 58 45 11 93 52 23 5 52 95 41 9 14 19 15 36 43 37 38 19 2 36 50 96 76 37 17 80 86 84 39 89 57 23 6 4 2 38 86 69 28 75 13 96 13 78 80 81 15 24 70 92 39 43 65 51 0 9 68 35 71 51 23 8 70 59 97 57 69 72 60 6 11 0 63 60 24 20 4 97 88 85 78 64 27 97 42 6 7 11 47 59 17 70 10 43 6 70 79 26 1 68 1 36 86 36 96 25 32 8 6 94 53 10 1 53 31 28 31 35 18 42 33 32 3 95 2 100 37 92 63 15 63 19 1 71 66 50 32 53 46 37 63 52 86 20 40 51 22 88 55 87 67 25 14 4 60 94 61 1 79 46 17 37 31 53 45 29 74 90 76 71 75 34 74 1 3 52 77 66 24 13 83 14 55 42 31 98 43 41 26 39 66 77 71 97 3 66 35 66 10 91 43 14 17 91 79 64 68 72 50 4 11 98 4 83 68 81 66 81 19 9 92 84 21 17 54 51 17 62 22 85 81 11 38 36 80 0 21 91 42 67 7 93 34 35 84 60 44 49 79 73 56 88 1 30 46 46 69 75 70 68 77 18 29 18 45 100 8 50 95 55 9 71 27 17 57 80 100 62 54 80 100 35 37 64 61 83 20 14 40 46 70 44 21 94 64 22 100 28 66 21 50 53 69 16 68 44 22 90 15 68 45 78 22 18 98 65 26 91 23 58 46 46 5 46 89 96 14 10 48 1 65 47 23 42 9 12 99 99 18 60 14 3 2 78 60 64 81 27 47 77 57 34 87 1 40 94 100 7 46 
6 36 28 88 69 37 45 44 94 6 74 96 45 41 36 51 11 26 17 74 83 77 24 36 24 19 50 94 57 94 97 1 2 42 50 9 45 97 50 36 40 71 82 60 0 6 14 81 55 57 55 46 53 78 81 15 83 19 37 85 87 62 0 61 27 4 26 74 48 31 36 77 92 33 22 97 64 56 64 18 5 85 28 49 36 30 53 80 44 6 6 91 68 23 80 66 94 29 83 93 20 59 92 5 62 48 34 50 91 33 19 66 68 90 86 25 60 86 96 33 78 63 76 67 34 44 20 50 4 94 63 47 30 37 70 21 51 23 13 52 78 69 70 71 80 42 42 6 84 9 15 67 76 100 59 36 6 50 33 61 48 23 47 11 29 59 47 63 2 87 17 5 78 17 94 16 58 65 2 60 35 2 54 96 44 60 45 69 46 49 86 44 30 18 79 2 99 90 27 78 39 92 80 4 8 24 32 18 43 14 65 79 68 54 80 25 91 2 54 46 15 26 30 5 37 68 11 27 8 20 87 14 71 36 84 29 69 97 94 64 91 68 58 26 58 99 100 22 0 0 8 69 72 37 67 52 56 55 14 38 34 2 72 95 35 60 100 69 81 35 3 52 27 19 0 11 79 27 0 45 48 3 47 78 14 85 90 93 43 69 69 35 66 84 13 3 14 0 29 40 31 59 70 29 99 99 31 61 43 11 54 71 4 52 15 52 31 95 70 3 84 95 0 27 75 96 47 11 89 36 70 27 92 60 1 88 64 23 63 87 83 83 58 53 43 29 61 92 96 29 14 66 96 77 78 76 31 15 0 66 49 56 28 73 26 66 53 60 78 85 70 82 99 66 100 67 53 57 0 51 18 56 90 0 74 36 4 44 41 19 79 3 66 6 21 21 68 25 88 23 28 97 64 35 90 8 23 20 89 87 16 69 83 80 59 50 52 20 11 33 75 28 54 53 61 63 16 4 35 60 39 95 50 79 29 15 7 32 76 94 11 0 0 39 81 59 20 13 31 35 4 26 52 63 67 27 70 99 24 15 48 60 64 74 23 25 23 46 36 93 72 55 35 79 61 53 14 28 81 98 2 48 33 66 39 69 68 62 77 84 54 1 23 99 2 15 62 57 8 12 
17 2 1 14 11 13 67 67 50 69 29 4 80 11 52 35 67 26 56 0 46 81 11 4 62 1 80 44 1 30 52 99 80 55 23 39 48 20 60 4 34 21 37 3 44 26 17 46 25 13 67 37 38 82 98 13 93 61 4 73 23 42 66 37 68 76 49 44 91 71 53 44 83 39 60 22 34 95 13 12 21 20 1 22 32 89 4 60 75 34 36 58 63 7 60 17 38 36 1 85 92 92 37 100 68 47 21 80 55 79 74 95 35 44 58 38 29 57 98 82 96 13 69 43 50 0 72 80 55 19 90 16 53 63 48 54 61 43 10 11 30 92 52 1 30 50 72 41 56 16 67 78 6 77 38 61 66 87 88 80 42 64 84 83 48 14 44 38 38 79 57 54 97 99 16 70 64 74 92 32 100 71 61 67 92 65 78 52 95 6 48 86 56 21 27 30 66 6 45 21 13 46 38 59 10 87 73 4 84 34 45 9 4 65 72 6 43 13 45 24 4 82 31 87 75 59 4 65 72 80 73 11 60 26 4 21 19 48 49 18 22 61 6 77 99 65 29 32 68 8 51 65 92 21 0 34 26 26 100 38 84 54 25 17 63 55 90 52 68 52 75 53 52 14 55 16 79 21 100 27 80 50 77 58 22 13 57 9 22 3 75 62 93 38 71 86 32 13 75 100 27 4 60 11 57 30 16 88 57 35 0 23 14 40 0 51 100 79 14 34 19 90 9 71 86 76 80 13 9 99 82 8 19 72 53 14 27 53 95 9 46 82 36 29 56 40 18 30 85 36 47 64 41 73 15 46 19 93 8 47 91 1 99 80 47 0 66 65 98 34 36 0 4 92 54 87 80 100 28 81 26 82 6 4 0 22 94 84 18 11 50 35 84 41 77 76 17 10 39 2 0 73 92 20 90 27 73 23 65 3 0 11 54 41 62 21 98 28 24 61 26 96 60 3 71 17 88 4 62 16 8 50 40 24 5 11 20 30 52 26 34 4 84 66 54 24 58 38 96 18 71 2 44 5 74 62 11 39 32 4 17 41 49 71 6 21 81 92 40 50 32 52 91 60 85 14 10 23 100 60 17 3 36 81 97 98 41 55 19 20 100 31 42 27 32 12 4 17 32 95 
23 79 21 23 8 7 90 71 55 13 99 59 73 70 53 73 68 8 39 44 45 75 54 9 83 69 29 19 21 12 6 90 32 38 9 87 97 76 99 44 73 51 68 45 99 2 56 9 99 78 62 45 48 99 73 65 87 69 93 36 89 57 87 51 74 0 21 2 46 75 62 8 67 14 6 73 38 64 58 46 58 21 78 78 92 15 48 26 98 65 6 98 63 65 45 60 41 82 61 54 34 26 68 90 91 99 66 99 86 93 6 11 89 57 22 48 13 76 69 0 3 77 42 79 39 28 19 100 80 53 50 12 63 9 87 59 63 4 27 37 5 94 87 68 1 24 39 76 71 76 88 6 1 40 74 13 82 50 71 14 18 66 65 41 6 48 64 14 58 97 72 79 81 49 27 87 83 60 88 38 14 79 99 30 15 41 91 29 3 13 60 92 51 78 99 81 28 48 49 36 29 83 21 92 48 70 58 72 18 58 32 58 50 47 55 45 94 88 6 60 22 60 93 4 57 13 60 6 49 65 90 57 75 11 80 96 85 13 2 16 75 93 17 10 83 18 85 39 85 85 16 91 53 29 70 35 92 42 61 16 74 85 61 59 1 79 52 50 53 95 26 55 3 99 53 82 45 92 44 100 4 56 69 19 71 10 25 5 90 61 55 96 71 34 88 37 11 31 46 35 9 54 45 99 9 66 21 37 10 24 40 72 20 45 19 66 72 86 46 78 78 50 67 35 19 8 44 90 79 5 73 63 6 65 55 81 0 21 83 45 86 19 19 57 40 84 35 33 45 61 3 44 97 58 24 100 72 74 52 11 56 87 55 25 39 35 87 95 40 56 91 82 46 94 65 50 87 22 52 33 78 97 75 55 23 31 11 17 93 64 8 43 81 3 62 68 22 100 47 53 89 37 6 38 51 17 34 82 76 77 30 20 88 18 19 80 22 94 56 56 62 32 49 63 58 59 32 24 88 91 6 59 32 8 15 85 44 22 87 63 67 82 55 5 96 55 11 72 36 27 13 49 35 46 66 46 8 23 97 48 12 58 57 48 23 83 64 61 64 37 21 86 97 24 3 49 85 95 40 55 95 53 41 25 47 68 88 89 64 56 83 59 64 23 81 66 99 45 30 65 
82 67 16 1 47 35 41 67 23 8 31 64 91 69 55 78 53 95 95 9 72 55 41 71 87 0 8 62 37 43 21 92 64 72 51 99 48 56 8 38 16 79 15 24 4 61 25 31 87 68 37 84 0 87 73 98 14 31 22 15 77 90 38 26 80 34 35 61 9 56 41 75 43 99 92 15 85 90 93 58 10 26 10 40 72 44 25 63 20 61 41 100 15 96 12 43 9 94 10 50 87 100 29 47 6 72 18 76 71 61 1 63 1 25 38 8 7 26 90 28 97 34 0 74 16 58 84 75 72 38 29 56 34 47 5 32 88 70 44 73 94 24 7 21 34 67 2 8 15 40 67 92 6 33 83 41 87 9 99 6 19 36 38 86 21 86 27 43 76 39 66 15 14 21 92 91 64 24 45 0 42 99 62 77 19 88 35 64 36 98 28 73 43 65 69 55 67 38 14 17 28 6 31 88 82 36 87 23 89 94 45 61 23 72 37 12 99 14 92 17 78 54 63 91 28 46 79 28 35 30 30 62 49 35 2 61 52 4 21 71 100 80 68 16 29 99 63 21 53 86 56 56 59 93 19 75 54 97 73 80 58 44 100 32 11 0 42 16 83 58 16 98 53 70 92 62 43 28 49 86 91 56 19 83 11 9 44 60 4 27 24 60 12 29 6 92 75 76 5 39 68 32 90 85 77 55 58 4 43 51 37 54 95 95 83 9 18 84 68 3 34 41 13 7 23 87 38 55 12 14 13 95 44 99 76 35 52 53 87 6 32 3 90 83 61 77 81 96 73 76 83 26 52 81 28 25 85 69 24 92 36 16 28 74 29 32 68 60 11 3 7 33 37 68 54 17 66 15 56 8 11 5 94 47 97 87 19 88 63 30 60 79 55 81 0 80 34 18 72 63 63 95 95 93 43 99 24 49 96 76 10 82 69 80 20 97 88 35 82 60 88 17 77 13 51 10 35 42 47 98 43 97 17 13 6 40 50 63 99 54 15 49 80 86 86 24 55 63 92 71 32 27 52 83 72 97 41 36 31 34 2 21 0 35 3 93 70 27 9 48 25 86 89 66 100 25 43 57 59 92 93 49 95 41 67 48 70 95 56 27 96 1 42 14 40 91 97 78 76 9 
64 66 58 85 58 98 79 94 77 88 3 71 75 70 63 80 91 21 29 9 17 9 93 47 17 56 39 25 69 1 3 41 59 78 90 66 80 75 24 99 16 35 29 34 71 70 65 24 33 67 95 75 13 56 13 21 66 90 9 52 75 68 5 10 62 81 11 30 88 37 23 20 78 90 38 9 12 17 94 66 34 37 33 59 72 44 6 6 84 99 73 79 80 64 8 29 71 100 81 14 34 40 35 14 26 75 64 16 88 95 23 88 31 4 28 34 92 50 11 19 75 46 51 93 2 43 13 3 63 22 52 52 83 32 36 14 20 38 17 71 45 4 23 92 85 45 24 93 6 49 50 24 54 47 60 43 5 47 84 42 25 12 73 0 81 40 90 43 27 20 60 57 7 31 8 90 27 47 81 97 4 7 50 27 88 47 74 45 47 99 5 92 72 86 44 30 61 99 88 4 84 39 69 32 72 85 28 68 88 13 47 94 71 38 51 3 41 51 39 96 46 59 34 80 47 65 68 3 41 81 58 37 8 29 86 50 29 9 12 22 67 30 23 17 57 48 78 59 42 12 88 0 57 82 11 20 97 18 57 89 53 42 33 59 99 17 3 92 27 9 77 100 58 62 91 49 58 34 26 69 14 5 96 38 58 55 44 44 65 77 73 89 48 61 78 57 50 73 8 42 94 6 77 64 36 10 64 50 92 24 47 1 94 98 40 30 49 97 14 24 64 28 97 90 65 70 45 30 82 92 92 17 24 86 10 71 13 96 57 49 100 22 12 71 15 7 86 51 59 21 68 46 14 50 9 71 86 89 85 1 87 68 45 37 7 13 91 93 92 87 79 41 71 8 70 20 13 29 85 91 36 2 43 38 83 92 36 52 60 90 44 53 37 81 40 98 84 4 84 96 15 24 47 54 19 34 64 68 84 70 79 72 3 58 50 56 39 78 37 36 17 60 53 95 51 42 33 86 94 92 15 79 54 57 83 51 50 86 10 8 57 89 53 14 8 48 11 61 24 8 83 92 39 53 42 8 87 34 41 89 58 97 49 34 73 76 50 95 31 76 62 43 2 98 87 62 83 98 64 34 21 75 87 95 63 22 38 12 29 68 68 24 2 31 19 24 79 35 38 19 
37 70 99 98 1 19 94 81 60 23 87 95 90 69 65 61 70 18 24 63 52 83 12 49 55 22 18 69 47 23 53 56 65 66 73 1 84 8 49 83 29 59 4 45 37 88 8 93 40 4 31 70 97 60 46 86 83 98 7 88 44 97 11 28 46 57 13 93 55 22 91 92 80 79 98 44 42 25 58 24 50 64 71 61 5 24 51 63 95 33 51 86 25 92 15 65 95 65 72 47 76 95 59 47 22 72 76 0 31 5 82 69 90 3 22 34 23 2 40 16 46 91 57 100 71 1 65 11 29 38 41 3 50 12 10 71 11 100 15 76 54 59 94 93 54 94 7 83 81 20 58 79 98 46 37 49 38 75 40 98 41 91 95 79 60 45 9 48 0 4 81 46 4 77 32 99 78 93 11 19 51 13 53 96 18 94 48 75 11 100 18 64 75 24 36 1 88 98 57 78 8 67 5 58 51 18 65 65 36 40 23 84 70 62 61 55 22 82 52 20 67 36 96 23 94 13 31 51 19 59 69 20 18 78 54 3 40 23 24 98 62 2 98 6 41 4 37 21 10 37 4 0 59 34 98 60 85 11 45 29 93 1 40 74 8 100 19 51 29 46 66 97 94 98 50 59 89 25 0 44 3 23 78 78 38 81 94 56 35 57 1 10 44 49 90 55 33 74 3 15 72 85 60 64 52 24 7 81 34 40 90 83 13 17 79 75 13 23 100 74 63 61 63 22 98 2 87 74 74 25 57 70 50 7 49 8 47 96 12 16 77 73 96 1 68 88 43 30 10 21 70 69 19 15 25 98 54 6 59 95 51 53 16 86 57 13 74 49 20 20 71 76 43 30 41 90 84 90 86 87 54 76 35 25 39 16 21 45 31 6 61 48 55 3 29 24 25 37 30 40 43 29 60 92 26 96 33 86 40 22 75 11 52 23 39 8 70 64 31 93 70 60 81 30 14 70 27 15 11 1 88 59 95 6 72 40 45 0 78 67 50 64 24 19 18 84 0 48 1 35 34 7 23 100 15 29 26 8 9 51 86 12 0 66 41 60 30 25 72 66 13 27 22 20 34 55 2 61 49 60 6 11 60 41 35 98 88 27 45 26 16 89 73 99 54 78 21 41 53 79 
92 10 34 13 9 98 6 44 40 48 98 99 64 15 6 5 63 73 83 38 42 6 19 91 31 3 99 67 93 90 49 84 22 65 52 65 56 81 72 69 57 17 36 15 63 92 98 88 2 29 56 41 92 35 28 42 34 95 8 31 75 24 67 45 60 82 19 100 71 44 80 3 13 92 35 34 22 19 53 15 91 16 97 31 47 38 26 21 40 75 23 63 12 8 48 78 63 71 86 56 72 40 47 82 99 98 62 21 29 58 32 33 94 41 64 67 91 69 7 32 51 80 91 51 10 34 93 10 64 73 31 6 17 71 5 29 78 28 32 95 91 83 6 7 96 94 78 80 82 82 23 40 93 27 45 20 29 68 66 59 8 30 6 62 19 87 66 67 13 76 75 19 49 46 70 27 17 29 2 37 6 57 65 72 45 28 15 69 33 14 18 19 89 34 46 69 8 50 44 25 73 34 80 0 64 84 68 11 45 27 37 68 69 6 80 57 45 16 96 58 29 61 64 71 33 3 57 89 6 90 93 83 75 31 99 35 24 57 82 65 90 61 93 78 70 4 58 5 18 54 74 22 59 97 74 2 44 32 93 27 73 22 1 72 19 93 69 64 70 76 72 33 95 8 26 94 93 5 62 18 51 66 15 17 30 67 83 64 30 89 86 49 30 1 65 52 45 52 79 88 78 98 8 54 42 72 56 18 62 67 22 81 41 12 40 8 23 20 15 42 16 33 68 36 66 98 41 98 45 82 51 93 58 46 6 81 4 83 70 38 2 35 9 16 1 8 45 54 94 86 92 6 25 13 46 89 84 96 83 62 31 30 97 85 17 92 84 21 51 81 17 31 48 7 92 87 52 59 14 27 35 34 92 91 68 76 40 92 88 40 16 43 64 74 70 66 27 68 42 46 36 5 14 27 87 90 16 72 25 63 70 87 39 73 73 0 91 99 7 67 22 78 24 96 65 78 31 27 42 84 93 49 33 73 74 88 52 18 55 31 65 41 89 64 58 50 37 83 69 60 98 15 39 47 45 99 63 28 82 74 2 44 23 26 21 20 6 53 59 4 82 56 59 17 17 17 46 3 87 30 84 82 62 10 17 65 54 90 53 79 77 79 80 49 19 85 96 23 84 43 
24 3 49 11 43 9 89 4 70 82 75 67 62 39 60 57 80 52 88 89 47 35 93 69 88 31 80 49 88 23 82 89 66 66 57 28 66 8 100 56 86 69 38 42 6 61 54 76 23 64 35 53 77 56 55 57 33 58 95 43 21 57 69 77 69 76 5 24 25 60 38 24 69 13 19 10 34 6 87 18 68 83 44 16 50 58 66 0 14 95 3 5 65 45 54 24 47 35 47 81 61 15 29 93 16 3 61 1 75 80 41 27 81 77 53 30 89 75 68 71 9 34 19 37 12 9 24 56 79 64 26 92 15 2 44 5 87 25 1 54 9 32 38 81 98 68 27 3 31 24 44 80 24 88 55 48 25 24 16 36 6 74 50 94 6 88 7 71 12 4 44 43 71 66 61 15 14 47 6 77 49 13 85 11 5 6 7 81 58 85 100 68 45 15 66 12 73 45 62 98 41 69 29 48 35 71 57 18 67 100 59 28 78 43 28 29 98 32 63 11 6 82 26 47 71 53 59 16 18 82 50 23 22 70 66 71 86 59 19 54 70 42 34 37 78 15 82 29 58 33 8 15 55 76 39 68 49 92 60 75 88 19 97 32 33 90 42 50 71 86 11 38 67 80 90 97 15 27 67 61 36 22 3 93 17 5 35 63 2 80 22 21 32 63 10 94 60 71 4 99 95 29 50 17 55 41 62 0 4 87 97 42 43 88 71 59 38 88 28 30 82 3 0 20 49 78 63 96 58 25 70 97 31 90 75 37 3 100 32 35 67 70 92 31 61 57 65 41 60 98 36 25 35 2 5 54 93 46 8 18 68 94 48 21 52 45 65 37 41 65 8 37 28 61 3 42 66 1 67 70 62 26 52 25 87 64 51 37 98 98 64 64 77 66 62 72 93 23 15 97 44 0 86 76 62 5 69 13 41 82 71 27 74 4 75 17 2 43 35 45 21 18 46 77 84 55 43 6 56 79 44 43 68 86 28 41 7 6 3 38 20 39 54 77 49 38 16 47 17 71 45 74 20 15 96 72 88 31 78 40 14 74 41 92 21 55 83 25 38 8 58 61 21 35 57 68 63 19 16 6 16 98 37 90 30 40 0 67 92 77 27 27 24 77 23 46 70 17 94 51 
12 98 21 100 22 64 60 71 61 75 66 27 97 7 89 54 95 19 81 78 37 23 10 2 13 76 93 58 50 65 30 29 8 44 73 79 66 41 17 43 84 67 68 7 21 74 67 19 70 1 19 53 41 9 33 88 27 100 77 11 98 17 48 21 57 49 62 71 63 14 85 63 48 29 48 80 65 81 42 33 80 12 0 65 63 71 96 35 72 81 100 34 50 68 49 25 12 31 8 29 80 22 73 69 94 3 99 95 65 12 34 88 24 86 42 29 36 91 96 3 35 59 98 90 71 64 8 70 7 90 45 10 5 6 61 75 71 95 40 40 50 83 58 26 9 6 5 47 23 27 88 88 82 31 62 4 0 66 32 61 88 67 49 0 54 15 33 24 82 30 32 74 0 97 90 45 94 72 35 66 71 45 1 42 38 10 84 87 89 86 84 2 15 53 59 38 74 64 15 82 36 54 30 19 26 79 32 59 16 35 95 25 4 63 86 54 33 80 27 71 78 15 70 75 71 28 30 64 38 64 62 13 57 43 88 6 81 89 61 80 33 3 59 40 73 2 89 87 65 18 21 14 16 68 79 54 71 97 72 1 82 70 52 80 74 12 95 15 74 60 14 50 72 96 63 70 2 14 49 16 61 21 76 85 41 59 52 10 60 86 89 88 16 32 58 49 66 17 33 69 42 95 0 51 58 44 94 73 68 60 4 83 24 80 18 83 34 21 17 45 69 62 82 9 90 38 9 94 59 87 29 79 70 34 77 67 10 68 36 61 30 65 20 95 77 43 24 83 89 31 14 22 52 22 60 15 13 94 68 23 78 39 43 100 81 7 56 100 98 87 67 75 24 48 51 82 7 47 72 59 41 39 77 16 11 21 35 100 66 19 27 83 13 22 37 11 89 65 22 82 43 95 45 4 56 72 27 68 55 81 51 43 44 30 83 20 95 16 41 21 93 29 28 31 71 92 98 17 1 49 35 51 52 34 95 15 28 24 3 7 29 64 70 1 45 87 10 70 38 67 55 5 61 3 55 100 49 79 16 44 1 29 49 97 50 3 5 86 22 85 13 46 8 21 73 46 16 94 82 50 88 31 94 53 10 11 24 91 8 81 67 76 79 84 20 53 99 69 98 67 
31 97 28 6 44 35 88 28 42 63 64 58 37 54 48 33 29 0 36 48 91 98 63 15 100 56 15 30 4 54 88 13 36 12 3 66 23 28 46 41 47 41 93 76 31 37 8 50 69 46 55 6 98 0 54 54 69 19 36 87 92 55 26 28 88 11 68 79 16 26 69 23 52 35 84 51 7 82 60 43 67 50 22 52 39 9 16 71 1 72 19 40 93 78 21 1 69 98 63 14 22 9 34 47 49 66 35 64 53 70 98 13 60 97 3 8 91 95 85 57 53 70 85 54 94 63 29 32 20 81 23 72 83 95 99 11 47 78 38 64 69 45 13 40 38 69 24 12 34 4 80 44 92 44 18 39 53 12 0 51 70 17 2 23 87 21 53 48 3 71 69 39 22 29 0 6 5 90 75 42 77 56 9 29 91 75 95 1 72 56 32 26 61 87 62 76 7 87 9 29 54 92 9 99 75 69 92 84 35 92 22 12 65 54 59 25 48 94 92 22 6 17 71 7 22 7 4 47 40 52 10 37 100 88 42 71 17 72 5 45 57 87 37 58 96 58 10 1 14 48 31 21 19 11 51 44 51 52 91 45 51 65 99 67 59 51 25 38 72 59 46 7 90 38 88 76 77 28 50 32 69 52 92 80 46 73 17 100 48 100 62 11 77 100 15 54 96 20 1 35 53 73 21 34 18 24 96 63 70 72 95 37 67 95 15 19 21 42 53 88 62 28 7 63 11 4 8 78 13 26 96 34 61 97 20 68 91 69 66 12 96 65 83 80 36 4 10 90 52 87 74 24 69 63 52 66 70 81 76 37 59 58 33 57 57 34 34 88 93 100 64 19 6 65 36 84 50 84 85 44 89 74 38 95 68 34 14 20 97 25 39 54 82 17 59 63 96 79 96 14 8 97 65 85 87 85 65 42 55 77 89 56 79 5 45 33 46 99 73 49 98 59 15 73 76 67 31 5 79 48 25 64 94 81 54 52 34 55 57 67 92 99 94 73 10 23 97 42 22 77 63 99 91 100 42 59 11 66 46 88 43 29 14 98 16 9 80 11 92 91 45 92 66 74 83 21 62 73 67 61 87 76 75 10 3 68 1 62 69 95 61 93 66 17 10 69 71 71 61 90 
38 2 40 25 63 24 38 79 65 89 13 66 91 22 34 53 8 69 9 35 100 69 14 50 41 42 90 13 26 92 20 26 77 3 37 45 42 6 48 45 27 82 82 93 91 82 26 79 65 45 15 91 16 22 5 35 61 38 100 87 8 30 78 17 28 32 3 35 1 14 40 88 67 32 1 90 27 1 45 77 41 88 75 78 51 37 52 98 20 66 5 25 67 51 0 98 71 7 2 80 79 44 4 7 27 55 67 20 26 74 16 11 25 90 30 82 50 35 29 78 69 54 84 5 24 75 42 14 20 90 10 6 5 20 51 53 4 73 69 15 93 12 80 22 32 81 94 45 50 83 25 93 81 16 96 83 63 50 42 44 24 23 49 20 93 7 14 87 48 88 32 51 95 100 80 8 10 1 74 22 72 57 31 30 79 68 77 83 67 13 69 67 58 50 51 50 81 82 20 28 95 8 75 24 17 14 78 78 20 88 81 74 65 81 18 71 65 37 24 57 43 27 93 47 15 95 25 94 80 87 12 29 69 45 29 37 91 75 60 45 58 8 18 65 25 80 20 86 36 35 2 76 62 13 67 49 29 83 5 91 58 36 76 18 29 96 74 73 66 71 64 79 0 53 44 10 65 29 25 10 91 88 87 78 85 75 23 39 66 99 36 57 99 56 35 43 37 70 16 34 38 62 23 18 84 23 84 25 73 80 78 39 10 19 90 59 91 39 37 59 60 53 78 94 22 83 68 46 6 35 51 35 54 79 0 66 20 77 91 27 91 53 96 56 25 58 32 85 35 71 80 67 19 82 98 8 21 33 60 49 11 55 49 14 67 15 100 56 36 79 3 39 19 41 84 81 5 77 0 9 4 97 50 69 92 60 67 77 18 4 22 71 53 19 76 0 6 70 51 39 48 27 26 43 43 86 62 28 72 3 75 49 3 35 83 32 52 5 38 10 24 90 80 57 61 53 59 5 94 6 83 65 89 33 59 63 11 52 19 79 54 61 87 40 53 89 58 94 12 1 69 21 0 64 100 3 23 88 50 11 44 72 87 92 43 82 8 2 98 6 35 17 24 13 17 68 27 20 48 87 31 30 47 27 74 16 39 47 37 27 47 46 11 39 28 82 54 15 54 12 
18 68 9 87 79 20 5 94 91 22 66 23 35 71 81 91 65 51 85 8 98 7 88 30 61 6 22 35 60 55 41 4 96 99 64 82 34 17 68 11 8 47 8 97 80 60 10 85 43 100 29 48 47 3 24 28 81 25 17 74 69 47 25 19 87 89 34 89 31 85 73 19 93 79 66 77 91 21 73 16 42 98 98 33 88 44 57 29 74 83 17 18 54 9 65 18 58 39 41 57 12 69 31 98 79 29 30 49 41 45 13 9 51 45 90 1 58 36 35 68 90 65 44 61 55 36 61 53 4 34 24 76 28 79 13 76 64 76 55 90 74 8 83 70 67 17 14 22 47 62 28 43 75 29 26 11 56 7 86 66 23 36 15 20 40 96 81 61 80 11 83 56 72 58 66 14 16 18 91 33 97 40 91 7 8 73 77 41 76 56 63 96 57 88 55 7 44 64 84 6 67 50 83 77 77 87 41 58 93 86 93 83 60 19 60 4 51 69 15 27 66 79 3 28 97 73 63 42 76 16 57 7 48 96 87 34 30 78 26 59 96 28 47 77 76 62 95 75 23 4 91 34 90 76 81 65 75 35 23 14 76 95 38 29 65 56 37 8 30 92 26 87 14 97 68 85 62 67 47 87 28 16 41 62 3 18 98 84 57 92 75 87 13 73 12 30 31 46 87 42 39 76 82 48 51 98 20 56 44 75 57 6 83 36 10 77 6 16 63 96 61 98 45 16 60 61 24 53 22 28 13 24 13 54 96 24 53 3 30 33 86 70 72 50 77 29 29 7 70 45 77 45 42 51 78 25 76 46 95 20 53 96 33 80 42 70 69 76 51 67 42 12 48 36 39 24 42 99 73 84 56 76 28 56 4 50 42 30 43 24 40 0 43 32 93 77 98 4 4 47 64 11 74 52 99 8 4 21 30 36 46 53 64 47 26 65 16 61 48 34 29 91 30 85 18 59 43 86 59 76 48 72 19 56 78 51 85 91 46 73 76 12 40 27 100 12 9 14 67 93 8 5 72 54 32 4 45 25 51 42 86 72 29 30 69 88 61 16 3 87 82 98 90 55 8 71 0 40 51 52 7 78 2 6 40 95 14 70 36 45 55 94 83 0 89 35 100 94 27 32 
40 0 50 85 43 1 53 97 38 76 31 59 97 84 75 27 36 98 42 40 23 25 10 76 0 85 70 96 5 76 62 99 57 7 28 4 8 72 3 36 48 80 12 18 43 46 45 76 52 17 98 32 36 34 75 35 80 62 90 73 92 34 97 26 45 36 6 89 48 50 88 61 47 17 8 23 99 24 43 1 22 75 20 19 50 68 93 94 78 92 86 44 74 11 74 5 5 7 44 14 54 83 68 32 47 91 74 60 54 93 39 52 72 59 24 3 17 98 80 61 8 35 54 51 67 55 66 11 73 13 6 86 11 6 39 57 36 55 75 13 57 15 28 73 40 52 1 68 5 82 20 12 67 10 71 68 35 21 15 73 57 77 32 21 40 20 70 95 98 15 67 86 100 41 1 2 37 96 3 95 54 50 2 66 56 32 57 36 15 48 90 56 90 87 34 28 42 0 14 72 10 97 63 81 77 51 32 54 20 70 15 32 64 37 35 83 2 88 22 71 60 81 46 35 26 31 85 41 1 7 69 6 34 57 8 36 76 11 20 95 99 85 81 100 45 59 91 10 16 44 42 6 85 96 64 56 27 8 58 82 86 54 61 92 51 16 92 42 50 17 75 34 16 96 38 33 46 30 20 58 27 75 66 20 94 65 31 97 36 5 44 58 28 2 8 32 45 31 63 42 79 91 8 74 29 50 83 30 91 39 74 81 42 100 89 91 90 82 15 35 83 92 60 81 35 62 47 29 6 52 98 90 63 0 47 63 48 40 67 62 30 39 68 42 100 12 13 17 58 84 8 4 46 74 29 93 98 94 97 49 50 41 33 23 42 11 35 82 32 15 15 37 40 6 31 32 3 85 81 33 85 48 53 10 25 95 37 97 47 13 94 98 24 7 93 84 82 55 13 26 51 75 61 30 96 48 1 14 41 92 34 100 62 57 43 59 85 28 61 15 17 72 62 48 99 87 38 82 26 48 78 95 32 45 9 7 100 71 7 12 3 100 35 46 87 83 98 98 48 66 84 72 89 33 49 44 33 2 47 62 100 24 62 9 9 58 88 62 13 90 88 67 72 18 27 16 15 14 16 6 96 92 83 77 26 3 47 22 45 52 63 39 89 26 16 11 50 30 0 38 
61 19 43 21 47 2 4 64 44 13 3 25 76 96 100 21 85 57 24 74 27 34 52 65 54 11 41 78 51 96 23 35 88 36 65 20 5 50 82 88 50 94 36 34 91 29 33 54 49 35 93 40 75 37 66 42 9 86 96 81 50 95 53 24 38 82 47 69 13 39 33 19 13 55 13 71 34 34 26 8 2 97 29 74 89 86 54 29 64 11 58 11 95 53 19 44 50 90 16 27 57 94 91 26 53 52 33 0 9 19 88 5 80 36 43 88 43 86 42 64 81 68 41 50 66 75 85 61 80 29 32 1 56 98 66 22 93 96 11 37 26 33 2 39 23 95 92 87 84 78 5 69 75 88 41 25 9 15 6 74 85 21 34 14 88 35 74 15 34 6 18 9 57 22 0 9 18 39 27 3 79 85 20 1 6 34 73 77 76 84 61 46 21 93 58 73 83 83 29 57 44 81 81 25 74 99 10 77 55 18 7 83 46 41 38 57 93 32 33 100 70 22 16 79 26 86 12 76 16 60 98 4 71 20 99 89 47 28 37 7 27 30 93 21 51 37 87 67 2 90 52 21 45 56 79 78 73 69 63 65 8 59 98 92 70 67 84 8 18 81 36 92 22 70 77 92 15 24 39 45 1 14 42 54 71 13 45 24 11 94 43 64 100 18 70 76 29 54 84 0 67 93 3 38 61 63 99 20 49 60 33 57 68 21 84 6 25 16 83 69 80 23 58 91 70 68 14 0 37 27 12 33 77 61 75 8 58 96 3 79 12 29 13 7 92 81 90 80 94 42 67 60 34 100 27 4 23 13 13 2 93 76 82 0 100 21 42 23 1 75 10 74 66 54 84 10 77 13 35 95 8 91 28 60 43 61 74 44 33 98 19 16 26 87 77 9 38 23 85 32 76 5 20 62 76 12 90 42 12 15 24 57 10 67 11 90 26 36 34 60 47 36 22 56 64 20 99 0 31 74 18 36 21 27 57 30 91 2 51 18 16 11 27 53 32 49 6 12 100 25 5 12 66 68 44 24 33 36 97 31 42 69 97 77 70 58 8 57 73 48 29 70 53 27 26 11 97 39 50 100 94 58 62 82 53 31 49 16 15 7 94 20 99 66 43 31 86 76 70 37 
99 18 34 74 23 97 31 89 44 75 55 68 60 1 59 33 77 27 89 49 31 63 39 58 48 6 45 34 76 52 43 98 73 57 0 70 97 79 99 44 70 83 11 67 28 0 100 27 18 48 35 15 87 1 70 72 15 40 23 39 3 16 91 22 91 26 52 51 85 94 38 6 98 5 74 29 12 20 22 98 24 35 90 81 60 7 12 57 43 59 27 4 9 61 0 98 71 35 67 74 21 73 36 98 28 92 94 52 98 79 73 15 8 65 43 31 95 85 100 35 19 3 79 70 21 1 3 63 47 33 64 26 23 19 10 0 12 46 85 20 79 5 64 82 18 24 38 17 76 38 73 20 14 14 28 22 99 94 11 71 71 80 3 71 18 44 94 9 1 87 100 11 60 63 77 75 27 63 94 68 35 85 23 54 35 22 11 15 26 74 91 17 88 79 28 82 43 47 92 3 90 59 46 52 56 91 37 21 64 67 68 54 32 0 16 61 73 71 56 16 6 97 86 8 3 73 21 7 61 37 28 51 100 37 0 16 75 15 15 4 13 90 39 80 28 77 51 38 1 29 91 50 4 72 98 80 97 74 70 53 33 46 27 32 7 61 18 8 38 20 55 62 79 69 26 8 43 25 20 97 58 63 13 2 11 39 96 89 59 41 52 80 96 30 95 90 36 72 68 47 5 31 68 56 76 3 7 98 87 98 85 30 28 80 75 52 52 36 96 6 19 96 43 59 99 31 87 89 42 18 32 22 25 22 61 37 70 89 20 2 97 81 84 30 5 89 90 61 1 74 16 32 42 4 25 91 51 98 2 98 92 83 27 82 92 75 89 53 63 23 47 91 10 76 42 22 19 32 73 30 63 91 30 14 57 8 27 28 52 46 47 57 73 60 39 24 52 99 73 78 79 80 22 87 12 57 92 65 51 36 2 33 5 93 17 93 17 30 30 80 16 20 11 35 72 20 59 95 88 62 47 69 50 100 89 82 75 36 82 40 18 19 100 100 98 65 35 63 10 54 96 34 42 27 79 60 68 86 43 25 13 82 58 13 46 91 99 41 64 65 15 73 78 11 26 37 50 82 51 100 55 40 91 15 6 35 48 60 86 43 54 27 68 12 68 96 81 8 35 94 
77 30 51 37 71 66 87 2 88 0 2 37 74 75 40 84 37 66 30 97 91 43 5 5 28 64 2 65 16 58 33 55 56 7 93 89 26 90 2 4 99 86 60 35 98 72 100 98 67 64 48 19 73 50 80 33 6 27 43 79 80 71 18 73 33 6 23 1 38 11 47 88 19 100 13 89 16 38 65 41 52 42 86 78 62 60 74 72 91 57 25 35 39 30 20 7 62 94 80 68 62 26 25 42 65 33 30 4 4 7 13 83 25 83 12 14 64 36 83 73 35 15 51 81 9 51 17 35 28 72 0 35 96 72 54 33 42 31 19 98 74 11 10 16 85 87 45 44 25 71 66 44 49 38 45 56 80 43 82 77 54 50 92 69 28 94 43 90 71 22 53 9 91 88 29 6 4 90 80 25 25 29 36 79 68 40 12 12 93 69 37 39 5 81 51 61 100 63 5 46 91 54 46 64 47 47 71 87 32 48 39 18 80 50 53 53 46 43 15 33 15 64 18 85 44 32 75 77 26 57 16 25 84 96 6 88 40 20 23 97 77 63 29 89 41 65 62 28 13 61 17 63 78 14 97 43 62 9 31 30 77 95 97 90 33 51 16 25 44 84 33 32 63 24 40 40 9 70 96 7 2 57 54 51 72 57 91 99 0 35 50 73 48 0 30 54 80 21 22 88 66 42 80 15 12 31 75 26 87 73 82 81 2 88 31 63 73 74 2 53 31 43 40 74 25 14 38 72 49 57 37 72 82 44 13 55 52 68 10 54 84 31 37 84 18 86 35 71 80 91 52 31 31 87 14 3 30 85 98 25 63 4 11 1 16 95 84 20 71 38 61 86 51 20 80 62 71 35 97 25 35 67 11 85 28 89 12 87 38 51 43 29 31 75 44 84 28 3 48 26 13 22 37 34 61 43 65 44 11 17 78 26 73 82 17 61 20 6 16 1 38 95 25 77 19 79 94 1 56 60 56 88 42 42 25 70 68 74 85 69 96 98 41 22 64 87 47 96 29 70 76 81 67 77 74 39 71 54 63 75 79 96 34 29 97 31 59 73 47 63 19 65 50 2 40 43 72 45 10 50 88 44 41 19 49 48 1 79 40 42 29 35 80 99 43 25 31 10 80 32 
59 2 96 95 16 1 18 94 52 73 72 25 35 46 46 28 16 59 97 72 51 77 67 98 11 52 87 30 10 16 54 67 79 43 52 7 14 61 98 1 32 67 82 83 91 55 66 65 63 72 68 55 77 76 2 61 6 16 57 96 49 100 92 54 91 83 66 85 52 32 34 93 10 14 24 32 20 70 32 12 82 22 99 54 79 59 91 15 100 99 85 33 64 99 70 16 84 70 82 69 24 93 24 41 56 95 94 100 38 99 63 1 66 36 95 62 49 70 85 33 60 70 81 60 57 73 79 53 69 65 74 10 81 11 5 96 68 68 43 94 67 9 43 3 81 66 39 19 76 74 39 77 72 96 26 88 37 73 87 54 33 1 60 16 89 77 51 98 77 33 54 32 56 27 63 22 20 71 40 74 12 81 14 31 68 57 94 79 22 2 44 16 17 72 46 79 25 97 72 58 84 5 9 97 21 77 68 12 63 66 91 3 51 56 38 76 58 55 26 73 23 73 21 53 76 47 56 27 45 20 83 44 13 90 92 77 45 58 89 61 26 72 99 65 31 68 29 32 28 11 87 38 1 52 21 43 68 49 43 31 58 57 71 75 29 38 16 53 62 44 14 26 1 35 71 30 75 32 41 10 87 71 98 62 81 19 85 90 88 85 61 42 52 47 75 34 76 71 38 98 8 75 34 89 51 90 60 0 34 78 31 42 89 16 8 77 43 73 58 18 28 65 5 64 83 67 78 44 90 80 66 49 22 65 60 23 49 97 99 34 43 57 28 44 36 4 14 25 81 78 36 70 89 9 23 91 48 46 68 63 27 92 68 34 84 63 96 2 50 26 27 39 53 64 83 97 80 30 15 43 42 1 74 72 97 100 32 45 71 81 48 1 1 71 8 97 65 12 62 19 92 69 64 75 26 43 79 40 66 4 16 27 73 86 95 68 91 77 75 37 22 28 99 71 65 22 59 24 4 56 50 94 42 15 63 98 33 71 38 86 53 43 72 6 82 100 21 68 52 29 22 42 87 64 55 96 69 68 29 80 93 38 88 73 36 89 1 23 85 23 17 18 43 1 89 51 66 43 77 95 6 5 42 92 16 30 11 13 75 64 38 71 99 39 60 91 83 79 85 97 
33 100 85 24 34 20 8 72 58 62 6 98 43 85 54 61 53 91 7 65 89 51 87 51 89 30 92 91 86 35 54 33 18 37 33 38 37 24 78 78 64 2 1 70 51 55 71 23 67 54 94 49 13 71 83 66 73 76 62 27 13 3 62 5 66 51 0 97 28 34 87 55 28 80 69 47 30 60 84 89 13 24 81 52 99 64 86 51 75 38 6 62 36 17 12 25 88 0 5 41 29 98 23 66 3 23 18 97 92 25 31 10 52 36 66 17 74 52 81 77 46 9 87 49 28 19 80 52 23 76 53 99 73 13 50 27 48 3 7 85 47 29 94 26 32 75 27 92 65 54 53 67 49 76 7 48 42 60 46 29 44 95 14 53 35 11 96 26 78 79 45 99 80 77 72 90 96 67 54 44 27 84 47 38 0 25 50 42 94 97 66 71 89 46 47 99 28 2 51 99 63 84 71 66 51 23 77 56 56 75 66 23 80 3 95 47 27 100 57 69 8 53 47 94 69 71 97 43 32 85 34 45 85 24 22 91 17 57 91 49 12 73 28 19 49 35 49 16 51 12 88 34 30 18 70 47 9 10 88 26 62 23 70 69 79 89 13 67 5 36 37 50 35 96 37 15 93 62 18 78 60 65 48 1 52 67 91 66 90 79 25 39 66 15 49 96 31 56 83 1 73 99 41 4 9 18 57 68 96 0 70 18 78 51 40 25 46 0 45 83 74 17 80 44 95 58 61 90 19 78 40 93 99 24 99 72 4 21 14 25 99 69 29 9 27 26 98 32 30 94 0 7 78 3 75 97 93 63 17 83 32 39 54 62 31 85 3 73 95 15 19 1 27 32 14 46 42 37 47 90 0 15 26 46 25 59 3 26 80 16 62 80 66 27 65 49 74 60 51 11 100 8 80 60 95 55 68 21 3 3 92 95 66 24 75 44 81 66 38 63 30 92 32 92 92 67 26 49 65 9 33 34 96 95 38 69 66 6 99 92 62 50 88 54 52 75 74 4 89 8 74 65 85 40 17 87 39 6 58 18 21 40 7 12 32 60 70 47 16 51 36 35 93 62 9 49 67 9 49 53 86 55 39 29 81 17 59 53 69 80 40 92 83 59 98 49 99 66 20 68 
88 90 41 51 73 97 73 11 56 70 60 61 18 32 49 69 85 43 8 62 73 80 96 71 73 65 13 7 68 83 90 63 12 13 8 19 18 18 2 58 0 92 99 15 7 0 31 37 82 29 25 91 10 100 67 92 48 27 77 56 57 78 61 41 32 69 30 67 76 78 71 74 98 100 63 22 78 74 28 66 72 76 69 69 8 91 35 29 0 16 99 97 56 4 4 51 64 24 43 8 86 73 2 70 82 36 74 87 21 69 40 75 16 24 88 69 17 60 79 78 94 71 32 56 35 41 22 45 88 70 22 79 79 67 26 64 75 55 19 11 63 24 86 68 86 39 3 19 62 93 11 93 98 64 76 68 85 13 48 80 14 39 4 92 74 22 87 80 2 46 49 55 39 42 48 78 11 44 77 39 48 39 79 72 49 50 95 42 56 85 13 53 4 100 59 63 35 31 31 88 14 5 12 56 21 69 12 49 84 63 10 21 34 93 94 80 67 10 33 66 5 73 11 43 33 66 68 74 35 12 16 10 16 85 76 91 47 49 46 50 64 5 33 92 63 34 13 90 13 51 67 73 90 85 50 37 55 39 94 18 84 20 3 80 15 88 16 38 77 54 97 31 53 33 23 83 77 34 1 69 100 96 30 62 54 25 77 50 22 84 39 60 99 33 1 49 21 27 11 79 26 46 33 6 60 36 56 29 23 38 78 83 9 95 26 97 71 39 80 11 0 72 35 96 53 70 36 61 92 50 35 27 85 79 43 36 6 42 86 26 68 58 2 48 25 52 78 2 63 76 56 61 18 87 1 49 66 21 40 33 65 27 55 82 67 99 44 74 40 79 49 74 25 36 77 66 71 70 71 18 14 87 43 31 44 47 52 92 53 4 81 10 41 17 51 21 39 57 98 30 5 79 21 48 27 42 48 32 60 13 52 26 96 50 27 11 4 39 42 17 70 4 4 59 94 4 17 12 38 48 17 47 30 40 13 46 31 91 18 6 26 87 65 37 54 75 80 73 16 31 71 7 63 15 49 20 82 39 66 98 64 74 40 53 58 100 5 51 38 70 61 28 10 8 33 74 38 89 59 90 31 56 2 27 94 20 13 4 48 71 99 76 96 11 89 85 11 52 54 50 
80 50 2 66 25 87 70 70 78 87 81 94 38 47 72 84 31 19 66 47 58 83 24 4 25 45 78 17 54 67 88 67 54 71 2 9 77 31 22 56 25 84 16 44 7 19 94 78 66 31 94 10 96 96 10 99 26 92 89 60 13 48 74 89 64 96 87 40 2 36 19 83 54 47 38 96 66 2 72 0 62 89 39 17 52 5 58 3 17 13 23 81 94 67 99 11 24 58 40 79 41 31 78 73 52 47 42 94 16 97 31 8 16 33 64 55 10 19 88 17 75 30 93 73 91 17 63 74 59 80 35 18 31 32 97 16 91 78 95 97 37 6 65 82 82 85 72 16 70 13 100 52 80 92 84 38 30 48 77 38 45 59 39 21 41 74 63 92 55 26 30 81 68 81 52 33 65 38 61 4 78 73 70 16 18 96 77 87 9 27 64 100 85 10 36 10 60 97 48 87 31 72 50 55 59 9 28 63 89 38 28 44 3 64 43 72 21 98 24 92 9 86 56 65 9 91 74 10 98 81 84 19 39 33 54 100 13 88 23 0 56 51 8 81 72 46 39 34 16 74 81 1 23 55 68 57 12 79 1 52 67 7 12 66 63 49 55 69 13 45 78 19 16 10 25 29 23 36 79 9 68 84 31 17 99 38 26 52 44 54 9 25 73 74 47 59 58 30 67 38 62 76 66 22 10 87 89 96 64 29 17 68 82 55 12 59 15 17 18 41 15 87 76 57 93 7 32 67 64 99 80 53 44 12 80 56 44 44 79 3 16 13 98 4 80 70 35 66 44 92 84 69 12 14 45 28 16 3 70 99 62 81 28 52 91 20 0 53 92 45 19 10 13 84 29 18 18 60 74 21 48 9 77 0 87 48 16 66 15 91 12 3 58 78 2 71 29 32 25 92 93 0 5 18 67 93 95 29 19 3 49 15 85 6 64 51 11 61 21 41 42 39 41 60 90 92 8 60 2 84 58 79 61 51 33 53 15 12 4 66 92 20 74 83 38 21 63 42 72 19 56 61 56 61 97 51 66 44 37 2 94 24 19 87 37 43 68 24 12 0 59 70 77 62 61 14 31 74 16 65 57 92 52 100 75 100 10 94 80 18 62 16 72 39 58 7 37 36 45 73 
87 61 80 88 11 53 34 11 36 52 49 93 70 75 50 32 70 28 56 81 33 30 4 89 38 41 82 70 42 58 13 100 24 71 71 82 40 36 19 18 13 99 70 13 10 43 7 64 7 23 1 86 17 32 68 11 19 9 78 52 51 18 8 62 16 72 11 71 54 5 40 65 24 45 1 30 30 16 75 18 56 46 100 40 29 91 20 54 36 51 73 32 63 79 77 8 55 16 99 15 67 95 64 9 1 60 67 7 12 94 13 13 49 95 7 49 7 69 17 31 43 56 2 48 50 79 60 43 84 33 53 95 61 66 28 41 73 51 73 19 94 64 8 15 16 50 28 90 85 16 48 75 42 76 95 45 99 66 93 15 16 85 30 57 65 60 2 94 81 52 7 49 87 58 98 85 69 50 83 16 68 5 27 69 15 95 74 49 40 96 93 92 21 76 64 74 64 21 77 9 47 75 4 53 78 79 73 18 73 18 29 30 70 57 17 64 91 54 34 65 71 49 70 87 72 15 11 81 99 87 53 9 9 79 96 52 65 75 60 28 0 1 99 14 36 95 54 25 7 32 2 66 47 77 15 4 13 64 92 2 96 65 63 40 15 62 54 26 25 1 45 98 6 11 31 81 92 17 46 31 92 71 90 2 27 90 97 82 13 49 60 90 22 63 86 0 54 100 75 25 7 35 82 79 16 64 47 66 40 68 100 14 99 85 41 45 62 94 37 28 10 47 78 61 61 100 28 4 15 34 23 65 51 9 63 93 4 1 45 5 15 21 32 79 10 54 39 40 1 99 33 29 83 61 75 83 78 64 84 64 65 73 57 81 63 50 37 67 61 9 28 66 62 45 64 18 85 41 38 18 6 20 38 27 92 78 20 74 23 0 63 70 73 44 30 72 30 5 90 80 34 11 59 10 76 63 57 87 70 23 27 96 14 68 54 26 43 76 62 89 79 21 73 65 8 44 5 71 14 24 9 69 34 44 66 14 84 54 75 71 38 0 48 2 79 37 14 100 36 43 18 76 67 58 87 16 53 53 59 72 92 78 7 2 5 84 60 72 66 85 36 38 75 82 50 6 40 78 100 70 65 95 43 44 8 8 100 81 33 54 3 25 48 69 95 51 90 65 8 52 
25 58 28 19 19 27 21 32 87 47 71 11 81 50 55 1 49 71 54 33 15 78 78 64 60 34 63 100 8 94 45 99 82 55 92 72 45 99 24 42 28 51 53 7 75 42 74 81 8 13 47 79 74 45 70 43 58 100 94 81 36 2 6 62 35 24 88 18 21 90 39 2 68 95 61 66 27 46 53 70 34 20 98 32 64 95 21 39 76 0 9 29 100 28 54 47 46 59 26 11 68 61 23 71 53 68 66 35 6 77 57 67 37 11 43 42 56 26 21 36 6 73 21 78 89 42 46 57 74 79 59 84 18 81 97 70 4 60 64 13 50 59 61 99 75 87 15 55 83 69 15 69 69 9 4 97 35 93 39 54 36 11 27 58 93 1 32 52 96 85 96 8 98 6 37 36 40 53 25 81 28 11 28 13 28 67 13 44 13 76 86 26 41 54 58 100 53 31 50 46 81 30 77 62 66 25 61 85 100 22 28 18 67 45 63 50 29 21 23 98 58 61 100 57 28 16 37 78 7 65 100 76 79 61 100 31 30 67 51 92 97 2 81 0 73 0 24 65 45 29 65 43 0 95 46 89 11 12 31 85 51 93 97 90 75 1 17 22 17 2 75 41 84 12 46 34 11 55 26 92 49 78 56 25 20 34 34 80 8 66 17 96 3 39 41 68 25 23 38 14 13 40 56 40 74 52 12 54 66 30 70 85 36 31 85 33 20 74 81 41 36 65 50 51 94 63 99 8 68 16 80 83 37 92 61 74 56 79 21 3 8 97 55 97 30 90 75 46 82 76 8 58 10 58 15 17 47 56 38 44 98 31 56 10 25 82 87 77 48 87 85 76 53 67 41 87 88 29 8 57 22 64 26 67 29 0 70 42 81 22 27 14 80 80 79 87 56 58 84 88 9 39 90 86 39 18 13 50 75 29 78 95 7 25 58 98 29 43 98 56 32 51 75 87 31 94 8 92 92 31 68 11 20 91 25 78 48 27 41 83 78 81 2 91 88 41 74 16 68 39 26 93 45 97 27 43 74 28 80 17 29 36 64 27 68 14 16 76 93 17 46 68 8 30 0 23 95 16 14 41 53 22 59 85 15 45 67 71 18 45 29 56 49 79 60 10 46 37 27 76 
2 88 72 25 82 61 14 42 18 36 77 61 20 24 19 6 88 95 64 69 34 18 70 33 98 1 40 66 92 7 86 31 99 58 55 75 75 41 40 20 34 81 85 71 57 42 77 54 27 65 99 76 98 16 91 65 24 85 26 36 2 87 27 40 29 70 44 60 81 84 18 20 33 77 9 15 68 63 30 3 78 55 72 36 34 57 43 47 90 49 89 49 14 3 52 25 89 61 78 31 43 3 37 84 76 87 16 7 94 46 91 56 70 27 43 13 50 62 65 90 84 46 38 95 35 19 4 75 96 51 11 4 37 88 70 55 48 53 41 97 27 8 9 5 33 40 75 90 22 33 4 48 49 82 18 92 8 7 19 16 65 69 42 23 100 71 52 45 58 70 95 16 12 78 8 11 2 77 16 69 45 32 34 44 72 13 79 56 34 42 83 12 90 26 25 23 79 18 6 66 27 12 1 26 94 37 32 12 32 70 4 63 10 21 72 86 3 36 61 51 19 56 96 100 14 80 51 87 74 18 38 98 5 43 54 73 59 58 51 89 2 100 62 61 50 16 26 25 95 73 3 74 65 35 95 26 1 89 16 86 13 0 99 14 12 49 38 61 28 77 34 81 42 43 64 19 91 47 45 57 93 40 53 34 30 89 78 93 53 38 21 30 17 22 45 26 39 59 56 53 69 99 78 23 89 100 53 42 89 12 62 65 61 37 58 87 74 49 16 30 67 97 76 68 19 78 90 80 42 17 13 24 0 39 97 8 42 36 47 12 8 2 83 39 61 58 99 44 82 100 69 49 47 58 39 1 66 1 37 65 64 61 52 18 81 92 52 41 65 57 13 73 16 17 57 20 39 3 57 1 61 58 37 16 97 17 7 89 78 51 98 22 55 14 40 50 83 52 48 47 32 49 13 69 60 55 100 27 47 43 22 12 26 45 10 29 61 44 30 46 59 17 22 96 74 56 30 22 65 36 22 98 81 29 52 27 73 22 28 30 79 29 62 51 48 34 11 66 78 78 28 86 22 86 71 14 34 53 44 34 77 82 39 48 24 57 32 55 65 80 28 58 42 15 81 12 54 15 92 85 74 74 54 29 18 61 64 53 82 83 26 31 54 85 54 73 91 2 84 55 
68 17 17 74 11 22 80 32 62 16 19 11 39 10 8 0 58 58 12 62 65 23 2 32 56 34 96 29 38 47 54 47 36 1 89 6 86 85 58 27 2 95 1 9 37 38 40 46 25 98 7 47 17 32 80 91 51 42 47 49 86 6 38 60 14 97 42 15 51 2 0 99 29 9 5 42 65 65 20 76 48 24 53 13 21 72 94 74 90 67 6 49 79 89 62 24 86 75 79 56 4 85 79 37 42 6 99 63 80 22 58 93 37 64 30 53 18 58 17 64 50 96 10 70 46 70 27 90 52 81 73 4 61 70 21 96 1 23 48 6 84 74 89 95 70 53 67 3 70 48 76 90 44 58 47 30 64 66 18 74 57 95 40 88 76 4 63 76 78 13 71 63 58 57 83 12 34 14 98 55 41 43 59 49 71 80 33 65 7 17 10 35 26 89 80 99 3 6 53 11 42 47 65 42 65 44 48 67 51 84 8 39 98 56 71 21 76 59 32 57 79 24 12 38 12 76 95 68 86 26 9 13 94 25 15 83 100 50 56 47 78 65 14 84 12 57 56 41 42 28 73 44 81 19 88 79 33 19 90 1 26 31 19 17 3 34 38 44 91 18 75 57 90 38 26 65 69 88 63 71 91 9 92 42 58 11 73 22 98 73 27 15 46 23 6 65 17 75 78 54 26 56 91 26 93 50 11 1 54 27 1 42 6 16 81 35 70 60 94 76 72 13 85 82 22 15 46 86 22 26 83 27 87 99 35 0 40 84 9 45 21 77 24 47 68 81 55 94 19 71 18 18 5 100 87 42 15 29 16 51 23 73 64 31 85 40 88 63 98 100 18 52 15 35 49 98 1 69 24 85 51 56 28 61 18 33 78 4 10 81 18 31 50 28 19 77 85 67 51 41 96 24 52 92 89 87 33 5 11 93 40 42 100 7 35 19 23 17 47 85 83 66 25 72 29 80 96 57 14 91 90 86 41 10 98 97 6 30 58 59 34 33 17 3 36 5 52 86 59 9 92 69 75 70 69 38 17 59 37 25 30 33 58 6 19 0 56 82 96 82 82 56 69 24 10 34 53 72 26 83 94 10 88 75 74 35 43 75 27 72 18 58 75 20 31 13 27 13 78 4 
24 85 54 22 56 84 68 88 84 61 59 20 92 5 40 15 85 80 82 1 1 9 54 70 25 17 93 81 10 38 3 91 4 29 92 64 79 29 51 46 52 15 63 53 12 33 74 63 70 43 71 87 24 62 58 90 50 49 91 51 75 15 52 74 15 37 71 22 69 62 0 19 36 11 31 48 43 86 53 22 99 100 48 7 54 13 100 74 70 42 31 6 17 49 33 7 11 20 49 14 57 73 37 84 97 77 18 72 20 22 21 67 47 54 90 32 46 54 3 82 12 68 95 4 75 31 86 10 94 39 70 87 4 66 60 3 57 35 38 52 85 62 63 89 34 65 70 5 95 49 41 29 78 3 14 34 12 54 72 93 91 43 36 6 42 82 95 56 89 69 18 14 94 11 27 63 90 94 26 84 51 48 5 93 23 7 29 11 13 87 12 54 5 97 43 100 27 58 55 47 18 60 34 51 16 13 12 25 80 70 96 91 64 61 96 54 38 29 77 57 29 82 53 7 3 24 37 49 16 29 94 49 6 63 95 52 42 66 14 13 60 58 60 96 85 50 41 55 89 1 86 81 74 47 59 88 34 49 33 16 72 0 92 100 61 41 92 34 13 79 91 46 34 0 76 55 72 16 40 46 33 0 8 73 52 80 56 10 45 28 81 27 3 53 64 17 1 64 38 58 1 44 46 57 66 4 80 68 41 84 46 75 16 9 75 49 2 29 95 4 1 40 45 61 62 23 54 78 11 52 59 39 38 53 80 53 85 64 40 59 9 6 49 53 69 34 73 83 47 28 57 67 24 64 2 56 97 78 95 100 70 8 70 87 70 20 30 35 25 56 57 87 76 17 34 8 74 32 92 84 62 4 82 35 2 53 81 67 14 33 97 14 64 29 93 2 27 36 28 70 39 54 92 47 14 16 51 39 97 36 12 81 79 80 59 77 1 57 51 27 72 90 79 99 82 30 27 10 45 68 24 52 87 83 63 90 46 69 41 14 84 37 18 50 55 89 89 100 73 80 27 71 52 48 83 60 14 100 93 65 82 95 23 85 20 69 81 49 32 38 51 49 27 63 95 0 28 46 42 100 90 66 29 24 92 4 49 51 15 75 92 55 46 42 95 32 9 22 65 81 
18 70 29 53 88 7 13 18 24 39 43 32 9 82 33 81 4 58 66 67 58 6 14 22 4 15 59 22 8 30 7 59 28 27 83 85 14 77 22 19 28 71 4 63 38 92 23 70 15 53 47 76 39 0 83 91 11 97 5 66 87 86 34 40 69 38 76 92 47 91 34 91 52 29 82 25 19 4 75 67 40 67 93 91 28 92 3 8 35 58 24 32 71 10 30 63 89 95 52 94 52 48 26 9 48 1 73 92 79 70 63 49 6 35 55 83 66 32 99 85 1 85 64 63 78 34 83 75 71 38 37 57 33 19 66 21 66 33 23 59 77 27 54 17 61 66 35 29 68 7 51 43 81 42 96 67 44 16 24 76 88 0 47 44 32 28 10 97 67 36 70 60 78 7 16 21 97 48 15 9 99 86 59 59 29 96 16 85 90 86 32 67 4 23 60 96 90 75 9 41 87 60 85 97 82 61 82 41 63 48 83 61 40 53 69 90 77 8 12 3 73 25 93 81 100 81 94 76 31 50 63 63 66 40 95 10 8 44 75 50 25 66 63 13 70 97 3 84 85 5 64 91 43 19 39 64 47 20 3 30 68 78 34 13 35 45 49 30 5 1 33 17 64 71 12 19 48 5 46 81 19 72 73 99 46 91 88 71 89 10 24 7 17 5 3 37 83 92 39 57 83 3 76 11 21 87 30 47 82 21 14 73 41 54 43 60 4 87 61 20 82 72 39 72 28 33 49 76 22 44 7 22 60 16 31 78 68 55 65 48 21 29 19 87 88 90 33 89 66 22 55 41 2 44 96 63 34 7 26 75 83 52 26 28 57 91 41 58 94 33 67 80 61 95 9 63 56 58 41 10 50 51 54 31 31 65 36 51 8 97 75 96 32 20 53 90 65 62 100 33 72 9 82 100 41 87 3 29 24 47 31 19 47 31 73 85 83 71 91 65 86 98 47 0 71 28 47 100 7 25 56 33 89 38 87 69 91 63 74 29 34 20 60 67 62 47 65 71 23 0 35 82 27 35 48 0 34 88 42 1 5 1 67 49 32 25 85 17 92 94 3 35 40 70 42 74 90 8 93 33 35 97 13 17 23 18 63 75 11 43 59 18 19 16 75 37 44 38 74 78 
30 43 24 90 10 94 66 19 90 3 47 0 13 65 16 16 90 88 0 56 69 100 61 36 72 19 30 6 78 62 13 54 84 65 62 54 14 23 45 85 40 87 24 0 0 91 92 76 35 30 89 4 85 42 38 29 40 84 33 11 88 59 55 70 29 9 79 68 62 60 42 79 34 83 29 48 30 44 20 40 18 52 78 51 67 47 10 98 27 95 29 14 66 72 61 21 34 9 75 52 13 43 28 71 90 8 90 73 57 55 10 99 87 55 63 6 87 32 45 40 65 3 67 91 78 63 3 99 80 59 27 47 63 93 81 33 93 8 83 87 95 45 44 86 32 58 28 20 41 4 98 31 32 66 94 6 51 38 27 30 15 60 94 16 19 82 96 21 80 100 82 13 62 84 27 10 64 100 57 85 28 19 77 89 93 82 64 99 62 5 11 84 32 84 64 10 61 49 85 27 31 100 62 62 21 86 7 89 75 19 14 3 28 48 93 0 8 78 41 69 32 60 26 100 40 39 10 87 99 21 43 11 88 38 65 75 56 91 89 95 83 91 98 9 7 0 59 69 21 30 76 19 70 90 16 32 19 88 87 35 5 99 71 13 29 95 62 87 75 51 16 22 60 96 87 16 36 39 92 60 83 68 70 85 95 89 75 76 86 46 98 97 71 15 25 26 83 11 23 89 46 33 88 94 54 43 50 66 47 21 2 53 19 61 66 9 4 28 40 22 77 6 94 49 73 65 63 63 92 37 83 25 2 50 92 9 79 30 62 8 16 89 40 95 88 70 9 69 57 100 83 32 5 74 83 6 94 27 28 97 19 85 24 40 35 32 1 40 91 65 15 27 40 5 11 94 37 69 65 96 54 46 85 74 56 80 47 35 27 74 59 98 84 60 9 42 38 55 38 89 63 82 21 94 51 4 49 39 33 43 33 11 52 85 9 90 97 68 80 17 96 36 83 50 30 13 24 58 22 26 52 48 3 42 98 30 92 18 44 59 53 19 16 71 69 12 49 95 65 85 94 68 92 76 70 63 51 63 53 8 34 50 74 59 2 7 92 63 23 8 59 73 92 50 79 16 53 93 3 70 83 43 25 30 95 85 85 30 56 55 35 30 100 38 42 11 51 58 73 85 
100 42 59 64 93 73 55 100 44 78 78 54 2 26 12 3 1 61 37 100 0 48 50 63 57 94 14 7 52 65 24 63 46 28 50 38 54 76 58 85 41 31 17 31 85 0 65 86 96 17 0 15 65 85 26 46 92 59 67 91 51 42 43 24 74 74 44 54 98 48 48 29 68 2 18 58 82 58 84 32 86 78 92 99 40 48 18 32 11 73 63 19 70 92 44 53 12 77 84 60 3 99 4 98 26 61 21 18 39 94 83 10 22 64 98 7 62 55 27 47 41 24 76 1 44 75 84 51 94 54 83 29 85 91 25 4 60 89 52 62 8 32 16 15 8 41 33 8 1 67 77 23 40 60 43 0 28 55 79 35 65 93 66 8 52 39 68 50 56 32 78 22 20 68 25 40 36 91 43 94 72 16 51 54 9 49 23 36 66 5 16 12 50 27 16 26 93 78 24 79 78 37 46 66 28 75 47 51 22 57 94 70 12 15 29 3 58 81 72 39 59 95 97 25 95 18 24 37 13 54 16 76 5 45 59 33 99 9 36 82 55 0 42 94 55 77 16 67 47 32 62 0 46 72 52 82 91 67 52 6 29 92 69 45 61 57 5 66 61 73 69 54 78 45 46 73 9 20 40 74 94 88 45 67 69 96 94 62 31 82 90 32 41 73 89 23 33 68 53 51 69 62 22 53 22 93 72 98 1 79 21 73 89 38 80 29 16 39 10 54 33 88 37 91 2 49 44 56 72 25 3 44 78 3 21 27 43 75 74 37 9 20 65 20 77 72 65 87 44 67 95 99 29 100 64 25 66 98 66 8 73 80 77 88 33 96 73 39 7 25 72 28 86 99 27 27 53 82 42 74 63 19 38 99 63 0 96 48 55 42 20 84 26 10 49 70 12 49 45 9 81 29 50 13 78 54 43 69 23 81 44 66 47 23 48 6 12 99 74 42 87 63 89 2 60 3 35 76 68 73 71 16 88 43 40 58 88 71 33 1 90 57 83 28 7 80 79 24 85 75 24 76 41 83 38 53 100 77 88 86 85 66 41 92 35 48 79 28 100 97 66 47 62 59 53 42 45 26 44 4 32 74 44 64 56 98 88 14 62 44 4 42 98 58 7 74 51 64 21 46 
66 94 49 97 45 72 11 60 56 75 25 44 47 53 31 62 100 79 30 97 53 5 16 7 15 33 22 16 6 83 70 29 61 48 13 52 78 69 60 44 25 17 69 33 23 59 92 24 80 3 18 42 70 59 30 62 39 67 77 11 46 48 3 7 15 87 46 53 48 45 13 7 57 91 99 50 9 32 38 19 85 6 86 91 55 76 58 41 94 87 57 87 45 32 26 24 90 89 18 49 88 30 85 40 21 13 35 50 90 46 64 5 28 5 30 91 37 44 44 71 66 42 55 67 1 96 79 53 67 70 87 82 49 1 22 82 13 5 91 78 3 77 74 37 48 61 57 74 56 44 19 12 66 34 26 62 94 52 73 45 63 60 68 99 56 31 60 44 25 6 69 87 30 85 43 64 56 26 93 45 73 78 36 42 4 51 35 69 81 25 61 89 45 42 26 11 56 100 3 47 84 5 31 29 31 6 85 17 57 90 35 1 87 56 55 65 93 28 66 32 68 0 13 54 42 98 55 0 28 37 23 12 20 28 57 69 12 9 100 48 23 38 69 81 85 99 13 76 4 57 29 21 75 48 56 69 80 48 7 19 58 61 6 49 44 19 88 44 28 75 13 84 88 39 78 2 97 36 38 68 91 46 88 97 27 0 99 89 40 84 73 74 39 12 87 92 57 45 34 6 1 4 53 20 55 51 3 92 55 50 19 57 49 95 77 60 70 30 93 68 68 73 24 32 70 91 71 87 85 40 92 24 9 30 12 90 59 30 95 83 96 30 92 15 38 100 67 5 56 6 19 19 53 90 81 75 42 19 8 24 26 39 4 15 41 34 11 93 84 8 38 87 70 5 67 33 3 93 53 85 64 50 98 84 100 9 66 72 9 66 14 44 53 59 64 19 59 65 97 83 43 8 98 15 98 79 15 27 24 0 89 85 12 35 67 55 34 44 99 94 66 23 79 18 59 89 79 78 33 24 4 2 76 57 24 83 6 57 98 63 60 46 91 18 91 34 21 34 84 41 46 28 22 47 43 55 51 96 76 86 91 98 11 27 18 6 50 74 10 7 62 99 98 87 100 47 4 60 16 42 10 79 80 7 93 61 77 18 47 53 66 9 10 55 100 87 42 61 34 98 
37 17 35 33 35 2 68 14 98 83 54 26 90 22 99 17 94 18 33 50 96 63 71 21 80 71 68 37 98 14 53 64 40 79 61 68 85 66 84 44 49 34 7 57 28 82 94 52 80 38 26 2 14 75 81 2 77 22 14 59 79 7 90 84 40 18 65 3 32 51 74 94 25 16 57 96 29 61 59 84 3 17 63 63 66 80 49 85 8 47 91 93 9 46 77 34 33 57 98 73 22 10 28 98 54 16 57 85 96 58 48 64 59 5 67 90 85 64 97 22 26 70 87 73 29 78 67 82 21 5 30 65 21 45 44 15 38 53 72 61 97 69 23 5 68 60 34 51 10 79 32 30 24 99 64 95 46 83 53 85 94 5 52 59 39 75 51 53 33 57 97 81 15 77 92 13 13 25 39 24 98 97 94 50 57 51 50 65 3 70 5 63 31 10 43 17 75 81 43 45 19 3 31 77 31 98 35 48 38 90 95 21 84 20 60 62 65 94 78 31 10 5 36 0 22 66 47 99 76 27 38 34 70 35 38 27 61 32 17 26 22 84 32 92 67 68 80 30 55 77 88 53 42 20 44 61 0 51 67 28 1 8 98 19 28 66 49 57 0 89 99 21 62 3 76 98 80 24 31 7 41 21 62 39 68 94 75 54 31 65 20 65 46 26 34 85 24 0 64 74 28 43 13 100 49 31 77 90 99 16 66 0 34 77 21 85 57 69 88 53 8 16 9 90 93 99 24 21 47 90 32 37 78 47 60 90 78 74 98 46 80 59 25 1 69 98 36 6 97 65 36 4 46 76 37 3 96 7 63 91 72 17 7 93 81 0 70 72 29 55 95 36 97 34 23 52 61 66 3 4 69 40 31 94 39 86 3 0 1 28 37 30 48 81 39 98 35 2 95 55 47 89 1 4 54 12 38 37 7 19 44 44 73 1 14 89 6 22 27 43 64 25 100 83 27 49 24 61 50 58 84 14 60 6 61 51 23 13 11 95 41 6 13 1 50 82 98 99 65 72 77 46 39 39 100 28 74 21 78 53 95 92 39 65 79 54 13 39 37 27 43 21 93 21 99 49 60 77 96 60 22 87 53 23 3 64 68 52 16 96 86 86 25 11 18 36 92 1 57 91 
53 54 51 56 49 76 87 79 86 99 48 74 41 73 32 98 49 0 75 77 54 13 10 57 30 92 53 72 46 54 4 81 73 69 58 33 97 44 70 62 27 8 10 57 29 17 36 8 66 45 26 41 70 84 2 39 30 47 6 91 76 7 59 93 27 92 33 21 61 55 41 60 92 61 99 20 34 3 59 39 98 83 3 90 26 95 23 12 12 70 92 15 81 3 46 70 41 79 54 23 39 80 71 72 94 41 57 100 45 45 90 21 66 26 80 5 61 95 40 11 34 79 47 14 98 70 10 58 78 82 74 63 17 38 29 79 39 24 37 38 35 78 15 29 68 86 5 8 6 33 92 71 48 18 60 51 88 65 2 16 11 4 24 6 36 74 58 85 16 28 8 25 99 9 4 71 92 10 78 35 54 79 50 46 57 28 44 40 51 9 78 61 50 2 71 87 65 53 53 45 30 47 72 98 66 98 92 73 61 92 59 14 88 32 35 66 21 66 51 96 79 54 71 93 9 81 13 3 78 74 51 58 76 11 37 90 63 13 12 62 16 16 41 55 56 63 60 47 8 10 16 80 59 38 23 87 10 93 28 52 69 80 35 69 19 76 45 93 56 70 55 0 95 44 4 26 81 81 38 85 26 99 64 50 57 46 11 4 91 32 65 40 83 60 34 90 89 83 8 54 1 5 97 16 58 26 10 61 54 36 95 40 21 15 28 11 7 65 80 66 76 85 71 81 46 95 20 85 31 38 3 4 25 33 65 69 55 66 62 50 2 73 48 7 98 6 98 59 5 74 35 21 50 12 59 64 59 34 88 95 72 64 11 8 48 35 61 60 57 67 20 23 30 68 84 17 80 0 12 91 98 11 90 65 14 49 56 53 33 68 100 12 37 68 52 19 26 39 15 15 8 4 11 11 51 21 25 32 86 24 86 24 96 82 58 26 26 67 60 26 27 9 72 82 76 4 77 53 99 74 7 5 60 75 100 84 1 54 3 15 79 3 17 47 34 19 43 71 13 22 42 6 37 70 69 28 76 28 46 63 39 58 60 96 7 18 63 87 75 23 41 86 46 12 68 20 9 96 96 87 34 91 11 87 90 33 76 61 36 66 60 37 97 72 94 7 60 36 54 85 
9 83 99 39 41 2 11 64 5 70 45 21 34 8 80 27 5 11 14 90 59 10 15 54 42 32 33 69 56 60 81 74 70 54 23 86 92 26 69 57 88 52 55 18 36 0 4 90 81 43 15 78 9 82 22 41 49 29 9 40 94 69 13 10 13 98 57 57 81 100 75 69 97 33 57 32 55 2 38 7 2 99 34 79 95 5 47 29 94 70 69 75 63 80 1 38 93 56 11 36 50 52 56 11 86 87 74 19 31 59 88 19 68 47 81 40 87 98 39 21 31 54 16 90 17 66 33 10 55 80 40 41 36 73 65 88 26 33 42 24 42 30 90 24 33 29 44 76 17 27 99 0 51 29 38 9 20 5 39 71 35 73 25 25 94 17 59 5 63 36 87 27 40 75 89 34 75 82 58 70 73 15 13 19 30 25 88 62 29 51 46 38 44 47 30 51 27 22 26 84 71 50 38 70 2 59 80 37 39 36 16 89 55 83 7 54 41 43 68 50 13 23 24 47 10 45 50 7 22 99 25 23 71 96 40 13 80 3 18 49 35 27 57 12 37 93 1 29 25 72 79 83 65 52 49 26 96 62 2 78 54 24 49 45 78 37 10 26 11 84 71 52 11 7 31 34 37 17 5 2 45 74 29 98 67 20 60 88 45 50 55 60 55 15 7 24 89 94 44 78 7 95 37 3 23 4 84 19 23 2 24 41 82 43 99 79 8 89 68 36 23 61 53 93 97 60 72 47 42 2 51 65 74 67 72 8 62 72 87 42 92 88 83 43 72 62 39 37 7 94 15 99 75 98 15 51 36 82 16 13 71 93 92 52 10 99 17 79 97 2 65 91 65 3 74 15 61 1 69 75 89 43 47 49 40 83 100 81 65 6 66 39 42 53 43 56 1 35 49 96 14 83 100 88 68 80 31 59 97 12 53 3 89 65 4 51 37 60 53 78 91 54 14 100 7 46 61 10 30 26 20 79 94 82 62 79 89 41 22 21 28 52 22 92 2 3 8 76 29 86 7 44 30 16 11 90 26 89 26 52 98 66 10 79 27 10 33 51 55 76 65 96 0 31 16 77 81 86 98 64 59 38 37 46 69 62 49 53 83 67 24 85 21 17 68 60 71 21 6 79 
81 100 81 81 27 80 89 18 64 18 49 87 86 45 31 71 82 64 58 23 59 94 33 23 18 42 3 98 87 84 50 89 33 1 96 67 10 25 96 83 37 17 69 13 29 82 68 81 80 60 47 7 30 92 71 79 92 5 19 28 84 84 22 41 31 34 37 97 43 24 81 67 64 12 67 46 96 1 66 29 41 18 97 90 41 59 59 98 29 6 14 18 79 39 58 36 74 86 32 21 69 3 24 89 35 56 39 99 74 56 86 55 56 73 72 2 56 47 93 25 84 48 19 89 47 45 78 30 60 87 30 60 16 39 92 71 67 45 52 48 19 52 35 31 56 43 76 53 41 60 78 73 6 86 24 99 29 28 37 36 95 34 3 24 71 78 16 80 54 47 72 32 2 55 24 32 11 0 71 11 22 95 10 88 42 38 22 97 21 40 54 78 77 98 31 74 25 65 35 76 88 96 61 14 12 74 22 10 39 20 94 61 42 81 32 67 39 21 6 88 59 69 72 98 87 59 64 73 44 91 14 88 55 40 35 46 41 45 78 1 96 34 62 100 39 100 36 74 55 14 11 16 47 30 3 69 73 97 96 26 47 24 100 87 14 17 10 34 26 89 17 56 61 85 29 46 93 83 28 15 73 14 52 82 89 55 90 28 78 72 36 66 17 40 91 25 50 29 92 61 90 5 74 74 87 84 7 11 37 38 56 12 86 27 5 41 39 21 70 46 28 33 99 14 80 37 77 3 68 89 61 57 77 65 66 29 65 67 7 10 85 6 39 65 20 91 83 47 54 25 84 41 5 71 26 77 31 72 57 82 7 68 4 84 77 62 85 27 0 9 77 29 62 54 55 64 8 95 58 50 60 8 54 99 35 97 18 58 22 63 97 19 39 22 82 51 74 70 11 43 51 17 42 71 56 90 79 80 41 97 4 23 88 71 26 40 35 19 80 30 1 6 20 86 80 48 1 66 79 9 64 26 79 75 42 20 92 17 70 57 82 14 13 64 80 29 65 92 51 51 93 45 59 17 42 99 63 74 51 11 98 27 35 62 13 68 25 56 80 82 63 56 76 51 73 100 10 2 43 44 53 96 61 20 13 4 16 21 65 87 99 17 61 89 20 49 33 86 34 27 
68 50 0 96 32 50 22 69 40 49 44 41 23 99 68 42 50 20 83 62 64 90 96 98 74 13 89 94 84 29 57 26 32 76 72 86 25 30 97 42 46 94 23 44 28 15 5 57 66 74 83 100 69 14 97 5 5 34 70 73 44 21 33 4 24 74 2 78 49 63 69 31 99 62 91 56 24 12 58 64 40 15 76 88 88 68 52 75 65 5 8 11 70 19 92 94 2 95 28 68 43 85 3 40 66 37 82 22 86 37 39 4 89 25 41 41 31 60 7 89 61 82 2 27 48 41 47 70 56 15 72 50 18 57 5 15 90 10 88 65 31 72 50 61 48 72 8 42 61 62 97 63 20 43 99 34 28 27 75 41 30 13 26 55 25 9 41 17 99 65 72 4 32 83 69 70 27 35 70 74 71 90 79 27 70 65 84 92 30 74 38 31 5 65 58 65 23 73 70 17 41 3 88 22 3 28 59 80 97 49 98 100 87 30 88 31 7 58 16 16 83 3 80 89 52 13 30 20 58 99 95 37 77 93 47 35 86 10 60 22 91 82 17 89 80 52 8 20 30 87 53 95 27 16 35 10 26 65 88 76 36 96 7 85 3 11 100 85 71 87 93 30 66 5 62 80 100 9 94 59 6 54 68 71 85 91 50 76 57 26 38 78 4 23 8 80 45 82 94 17 67 93 46 31 87 56 8 45 39 16 5 32 34 64 97 97 96 53 74 62 47 47 29 37 11 96 34 43 57 99 91 71 71 90 86 46 62 51 88 13 91 70 17 51 62 81 71 65 97 58 65 72 93 87 90 27 66 0 2 36 8 30 90 77 97 85 72 75 78 30 15 76 53 6 87 96 73 60 88 65 34 20 87 74 46 95 74 47 51 49 36 52 18 73 25 38 36 0 21 38 91 68 67 82 65 63 8 72 55 63 28 90 53 41 13 66 56 52 43 44 3 60 24 97 3 30 88 97 24 96 38 74 66 47 76 55 7 33 17 40 19 67 24 77 54 64 97 87 48 5 28 36 29 82 82 88 7 6 67 38 80 5 97 57 3 55 2 16 54 39 35 5 72 0 35 20 95 27 99 89 69 88 12 31 32 40 79 22 74 89 70 4 37 95 77 55 93 16 100 14 
83 17 43 13 78 70 36 37 7 59 97 55 22 73 23 41 92 100 68 55 19 26 15 97 25 47 85 84 24 57 38 96 95 100 14 34 89 99 42 10 29 48 22 92 42 43 75 56 62 61 86 40 66 64 37 65 3 60 62 48 3 30 80 0 77 99 49 63 11 40 92 65 66 8 82 38 54 39 50 71 3 48 58 72 46 79 68 76 87 66 57 50 53 62 30 60 53 0 74 59 80 75 41 61 14 97 42 61 48 44 90 93 24 58 17 38 50 20 78 64 3 62 78 7 52 93 55 81 56 29 27 89 97 3 88 58 16 43 25 88 5 14 8 64 1 97 63 69 31 33 84 55 19 75 22 3 42 78 60 1 31 75 25 89 89 64 99 100 13 71 69 74 21 5 73 27 62 37 91 50 100 60 49 25 30 30 19 31 83 28 76 79 90 6 16 24 66 1 53 58 1 26 84 24 87 52 37 22 19 43 66 88 26 3 38 24 17 65 23 9 25 6 97 23 88 71 12 50 76 82 13 15 87 9 15 18 20 20 82 20 43 66 85 70 76 99 71 94 6 37 89 62 19 68 77 42 91 1 88 5 33 83 54 86 39 29 28 65 83 99 46 76 73 45 78 66 39 71 94 15 35 24 10 92 6 30 86 57 49 96 26 71 30 51 23 99 19 72 13 42 66 11 31 64 88 1 4 34 1 37 4 4 64 18 64 55 39 7 63 44 42 83 11 29 40 76 2 63 62 87 98 64 59 4 34 91 71 67 22 25 55 60 63 90 46 16 83 15 78 78 10 47 25 4 6 7 23 28 33 92 97 26 68 18 53 60 14 93 73 51 14 76 15 26 85 16 74 58 72 95 72 35 45 9 21 60 71 67 74 16 50 91 72 3 45 63 21 91 30 20 53 94 11 41 12 77 5 25 31 97 70 11 37 69 78 5 73 31 82 69 63 34 93 3 74 25 27 1 63 29 60 88 3 86 89 95 61 44 4 41 4 27 16 26 62 8 23 37 66 96 60 61 35 2 68 37 14 66 30 45 50 36 62 26 79 92 92 6 20 91 53 76 38 99 64 70 45 26 72 43 62 37 72 12 28 59 65 18 77 66 26 71 85 48 73 10 69 49 40 17 
54 85 37 39 99 59 37 37 23 73 75 19 85 38 94 40 57 85 31 40 47 47 55 59 73 73 86 96 7 86 46 3 70 7 16 73 81 35 46 60 94 68 89 60 3 63 50 78 42 76 76 1 84 44 29 49 75 24 71 76 95 98 50 30 30 55 91 54 92 29 14 99 36 33 38 66 74 6 80 91 11 44 8 11 88 85 35 23 20 29 45 32 18 21 17 66 45 59 98 59 60 4 26 23 25 49 68 11 33 69 7 44 92 3 31 26 42 8 61 40 25 18 88 61 60 69 63 78 41 65 95 15 75 26 25 10 4 84 68 34 14 96 53 88 29 12 38 52 24 14 38 87 36 5 13 3 44 86 85 5 93 69 3 57 12 10 87 5 11 17 19 37 32 27 20 47 92 17 42 94 34 37 52 38 73 45 68 79 36 59 90 36 81 41 90 55 66 80 7 88 39 1 50 78 13 53 84 71 77 87 81 77 40 89 45 38 85 73 32 20 23 28 92 32 15 54 47 12 16 53 28 38 7 0 87 1 19 9 65 39 57 55 47 92 87 43 20 98 84 21 32 94 72 82 59 88 8 57 70 85 98 33 32 48 13 69 5 42 23 80 6 60 5 30 59 100 81 27 80 83 65 18 27 41 0 10 85 91 95 1 54 65 35 16 57 39 18 32 37 18 27 21 25 4 1 47 75 60 75 31 2 42 36 65 22 64 46 66 39 1 68 61 55 8 82 34 6 88 43 31 93 16 97 56 56 8 20 39 61 49 92 18 5 10 86 55 59 95 29 80 33 25 38 76 2 43 78 80 78 97 74 15 9 34 50 97 86 23 30 23 10 38 54 10 33 42 28 92 28 71 87 3 86 88 4 48 77 96 75 23 35 53 40 19 32 26 76 37 14 44 82 45 99 31 58 23 14 61 42 52 89 54 41 3 24 64 51 3 80 43 38 88 74 85 64 6 14 85 85 4 28 68 22 94 51 28 28 19 72 30 77 61 89 12 31 0 4 14 3 0 58 39 18 3 91 57 67 33 16 26 69 14 98 89 20 41 36 74 94 39 74 70 29 27 11 62 71 7 75 96 87 25 48 57 84 22 88 55 48 47 50 53 96 83 45 55 76 79 75 66 
19 50 80 29 96 75 89 24 4 9 43 34 52 88 49 35 15 24 41 28 20 70 56 59 100 33 15 26 96 42 54 0 57 63 20 88 78 14 23 52 37 67 92 62 61 48 34 51 4 11 1 98 64 81 51 49 44 22 4 26 85 25 2 52 44 40 89 23 4 42 29 42 36 1 98 90 38 84 20 44 28 98 64 45 55 34 86 40 64 19 46 66 89 27 72 2 47 97 81 45 68 35 67 41 65 50 100 34 88 26 39 11 5 0 54 18 26 51 95 68 53 0 80 47 14 82 96 90 58 51 41 12 95 90 39 95 75 38 20 94 29 59 90 58 21 82 65 31 16 76 83 81 28 20 20 89 13 98 12 37 85 25 65 25 59 57 93 45 33 42 49 93 41 96 66 39 23 21 30 31 16 17 22 32 1 36 2 11 37 82 51 51 54 21 25 2 49 54 12 48 77 60 67 10 59 15 90 83 1 15 57 12 32 77 95 80 11 63 18 93 87 99 11 59 14 25 49 93 65 73 52 58 30 85 76 5 77 89 46 94 79 80 94 73 21 56 77 18 0 71 61 17 96 85 44 74 91 77 42 1 63 92 39 55 83 65 62 46 58 4 100 79 44 67 33 36 88 19 64 63 8 84 78 13 42 62 65 61 17 64 45 34 23 7 72 51 33 17 47 24 53 62 47 27 67 12 27 5 93 29 15 39 72 28 93 17 64 96 27 24 75 37 90 11 92 44 72 82 33 32 89 41 82 74 98 33 36 60 76 15 37 59 59 80 38 2 32 17 24 54 2 77 90 18 17 39 91 24 33 76 86 35 50 4 11 45 25 50 20 34 47 29 74 57 70 69 36 63 70 23 67 77 37 81 64 60 13 82 96 72 35 88 80 1 98 39 77 57 40 45 2 39 91 1 43 36 22 96 58 83 96 15 99 4 94 15 71 99 12 33 25 29 53 88 46 94 64 4 8 91 84 68 60 58 36 44 98 67 37 85 27 34 38 84 85 89 42 43 100 25 15 23 0 27 54 22 42 48 45 42 68 49 67 85 95 27 25 33 25 13 100 27 15 67 55 28 46 56 82 8 35 88 85 100 63 69 90 93 3 85 37 60 90 91 28 34 83 97 85 55 
29 85 85 35 86 37 1 84 33 82 38 54 40 90 2 91 1 67 99 37 67 19 12 58 1 4 46 51 15 67 69 50 76 72 16 71 100 24 27 4 50 4 0 81 57 21 49 9 68 93 61 67 45 14 46 97 49 32 86 30 100 92 34 98 19 20 91 7 12 72 71 67 1 91 68 55 56 37 28 98 45 83 3 81 22 15 53 1 79 25 32 72 98 2 93 85 49 82 90 11 27 52 39 96 59 96 49 64 75 62 88 87 58 89 73 31 42 39 7 98 51 99 36 97 74 3 47 27 74 70 86 100 12 82 7 9 59 0 17 59 63 68 49 81 43 32 64 21 27 81 18 6 10 29 58 31 90 67 39 5 5 99 6 10 93 96 21 17 90 88 35 33 69 37 9 64 86 44 55 81 97 80 85 48 63 16 60 54 81 25 46 52 8 16 58 52 31 50 64 38 53 29 98 95 64 57 17 84 28 52 49 58 80 39 90 8 24 14 84 47 42 41 1 11 3 62 95 19 94 57 2 4 78 53 27 99 79 23 45 66 44 56 34 56 78 21 65 27 7 55 5 25 48 83 80 55 21 97 77 57 24 48 43 88 90 67 45 90 73 49 62 43 60 60 20 85 46 98 85 69 26 56 79 47 50 3 59 67 25 84 1 58 34 1 88 77 33 16 19 54 34 70 44 25 9 73 50 24 34 5 76 23 26 18 86 39 50 51 37 6 14 72 3 44 63 83 70 21 85 20 83 47 38 31 64 28 73 51 68 40 97 23 41 1 100 13 53 82 90 40 51 3 31 94 22 87 96 73 46 90 80 95 56 99 15 37 63 77 41 34 36 1 91 45 63 10 82 86 26 37 79 55 92 36 45 5 0 21 96 62 22 84 32 79 81 87 97 63 30 25 43 82 49 72 60 19 56 49 94 77 61 26 11 14 44 9 75 44 25 44 96 70 65 52 31 19 34 9 19 61 33 44 14 60 0 49 73 71 30 4 16 51 22 18 18 61 22 75 37 25 86 12 19 46 61 41 14 28 74 72 78 70 67 58 45 13 60 59 90 51 93 47 70 57 84 22 65 96 3 75 39 12 26 30 54 54 80 50 49 47 26 31 99 53 19 33 83 23 87 86 
42 50 21 19 10 83 56 66 21 38 43 85 71 27 18 6 52 27 55 55 57 32 37 63 88 70 31 79 87 57 16 54 1 64 78 49 65 99 55 7 39 28 34 87 88 82 32 41 10 0 83 35 3 30 47 80 10 2 45 94 88 5 42 52 28 49 64 78 58 79 24 75 46 65 55 72 6 30 35 7 30 74 97 92 95 3 62 39 30 57 28 93 39 23 33 99 87 51 2 44 74 35 72 98 12 90 37 43 9 5 19 14 91 33 87 34 37 49 95 55 76 80 53 21 27 32 33 16 52 67 54 79 30 10 89 58 95 65 41 6 78 9 65 48 30 6 26 88 21 19 11 18 3 4 64 82 23 58 68 24 48 46 34 5 44 31 99 90 71 100 15 23 12 41 18 97 42 27 79 6 20 49 50 34 31 54 62 43 2 27 31 75 60 81 50 76 47 58 64 30 11 83 49 45 73 64 67 45 35 24 23 54 97 25 23 33 14 12 83 13 59 8 96 77 66 84 90 40 7 54 46 59 74 47 59 71 60 11 23 94 25 85 57 13 68 49 55 82 97 100 30 2 43 63 7 22 14 32 3 5 46 35 40 0 83 20 89 41 50 79 83 70 83 2 77 8 2 6 83 97 37 20 23 76 32 19 47 55 37 67 32 89 42 14 78 75 32 15 17 13 95 1 99 8 78 47 42 97 35 1 70 12 98 7 0 44 69 48 47 57 35 86 25 66 49 3 18 79 93 68 6 50 82 78 12 23 71 70 23 100 2 97 83 54 77 99 72 38 38 74 89 37 6 24 83 17 18 90 43 56 32 92 27 78 22 26 44 34 10 74 5 47 96 30 26 14 67 92 63 96 45 43 23 68 90 43 73 57 6 0 36 62 35 7 76 7 91 70 89 52 14 2 46 71 71 45 11 23 41 50 100 33 69 54 12 63 26 99 20 19 1 95 27 42 9 62 23 57 100 26 65 49 26 49 47 2 17 58 22 66 5 41 35 90 75 84 64 9 32 28 46 81 26 19 94 97 79 18 64 13 23 44 94 60 92 3 28 17 25 65 75 31 21 75 1 66 69 100 80 41 23 25 46 91 14 60 97 81 8 7 93 53 45 81 51 90 6 32 95 48 
95 73 47 93 46 29 55 59 23 11 11 40 4 13 64 86 42 13 18 66 16 13 68 16 16 76 65 53 16 15 43 96 30 97 100 49 80 57 36 57 73 26 82 73 22 11 60 55 98 91 38 20 61 5 88 98 38 48 53 47 68 80 28 33 73 88 14 77 14 2 78 43 94 30 75 56 99 62 87 39 53 58 95 72 69 42 30 10 40 72 17 84 78 34 25 16 97 15 56 64 99 23 100 83 90 51 19 86 53 4 61 65 54 70 15 68 5 11 83 74 81 47 46 16 2 76 58 63 54 83 85 49 63 68 23 32 96 15 60 10 49 83 32 9 48 19 60 87 0 70 46 53 73 18 59 50 94 36 35 99 11 52 43 79 21 34 20 40 61 100 93 20 16 79 6 56 24 87 84 28 45 80 15 44 47 89 74 63 49 57 99 35 28 15 95 75 95 91 18 27 9 49 91 40 15 2 51 13 94 76 2 97 3 57 5 72 12 29 47 82 52 44 94 28 14 52 87 45 99 81 72 11 75 84 64 45 79 90 24 93 77 66 61 2 70 92 23 24 91 9 32 99 61 26 56 82 88 36 93 16 85 15 24 29 79 82 14 79 4 76 80 63 70 83 32 51 7 87 28 47 90 20 24 76 68 3 99 37 35 44 31 33 85 40 21 52 18 10 63 6 94 5 88 26 73 64 93 4 7 82 77 75 0 86 45 30 49 69 94 42 71 65 31 69 92 41 49 1 50 42 59 41 9 17 86 30 81 9 4 58 62 49 70 46 90 39 71 78 18 30 53 1 65 23 25 26 13 98 36 52 70 74 93 59 78 29 18 74 56 80 97 91 47 37 3 29 22 17 54 32 84 40 10 20 70 80 29 0 55 8 23 25 51 64 61 67 75 31 7 59 80 30 35 70 41 64 56 18 83 49 21 29 20 97 55 49 1 54 79 86 5 48 27 63 32 88 19 1 32 82 57 15 78 54 83 11 15 7 45 43 72 37 74 56 52 53 19 16 88 89 100 29 34 6 36 66 73 46 41 14 78 70 17 10 27 88 54 20 68 68 71 26 19 27 87 61 1 16 31 90 9 50 94 87 13 65 90 55 88 19 78 83 79 85 79 39 82 56 13 44 
100 87 92 11 36 49 83 11 86 74 85 4 63 97 63 19 56 44 72 45 72 96 47 40 3 23 75 62 20 7 41 21 55 87 64 30 83 22 100 3 8 75 90 36 28 1 56 52 95 58 88 4 79 53 64 90 62 73 50 42 81 71 10 61 42 86 27 10 92 96 48 91 18 42 31 47 88 48 5 100 2 45 65 17 83 77 54 39 28 13 100 69 34 94 96 44 84 96 77 9 34 91 13 63 71 30 22 91 8 35 4 29 92 42 95 85 76 93 14 4 42 100 89 77 64 72 2 69 81 22 5 64 61 36 1 38 36 58 100 50 57 30 89 66 6 97 38 46 88 78 51 70 55 5 74 15 24 74 71 98 61 39 59 0 5 77 96 61 90 71 70 37 28 92 76 39 48 87 74 13 16 22 89 54 51 89 80 37 94 100 40 47 88 90 93 8 54 21 100 31 49 25 72 26 86 20 91 71 57 70 39 36 89 35 5 94 68 65 88 21 75 63 84 15 90 4 67 1 16 55 42 65 67 23 45 43 79 62 65 55 68 40 11 40 35 53 37 59 89 90 3 69 20 72 88 41 56 34 96 41 95 90 99 29 79 47 98 38 74 47 37 45 24 61 39 100 41 97 60 60 2 97 98 84 23 66 8 71 100 98 62 74 73 38 78 39 40 63 55 94 52 83 28 60 64 52 43 11 62 69 40 15 7 49 16 41 55 88 2 47 12 17 30 66 56 10 42 50 38 57 0 49 49 78 26 21 96 22 90 26 2 83 38 99 18 4 7 79 50 75 50 20 62 40 15 19 90 12 89 97 14 61 20 3 28 70 92 57 56 88 56 89 51 70 77 32 96 98 69 57 68 81 8 58 30 66 68 16 79 26 96 97 42 7 8 95 38 14 13 56 61 11 71 73 16 80 69 11 0 33 76 80 73 40 4 79 75 68 84 78 36 94 83 78 77 28 22 61 55 29 6 72 27 39 27 71 12 16 19 26 20 23 76 40 24 29 17 33 95 13 69 72 73 0 90 43 51 10 1 68 73 32 61 62 43 88 84 65 97 25 1 73 14 38 14 39 71 76 2 75 1 62 38 55 92 50 8 92 56 25 93 34 7 43 65 88 100 75 57 1 
65 44 86 49 11 75 3 35 97 45 24 82 20 77 40 84 22 97 54 93 57 60 73 57 39 71 73 84 60 95 2 74 75 60 49 52 50 16 14 89 60 36 95 96 2 11 13 56 43 97 48 56 23 3 61 31 55 11 2 50 75 20 87 16 2 93 73 12 28 78 41 98 41 72 50 76 89 35 86 21 85 23 29 28 46 75 56 55 87 74 88 65 71 70 57 71 80 81 1 62 100 22 78 1 89 42 96 81 6 83 51 95 73 77 89 14 71 57 61 59 52 39 44 22 93 48 95 60 19 13 60 97 18 35 24 18 21 6 43 45 58 88 62 43 12 70 59 83 17 75 97 23 11 83 85 39 34 45 48 29 1 52 1 84 62 50 36 63 26 21 71 4 24 68 0 72 28 33 34 45 26 2 30 64 77 58 48 47 70 7 77 23 32 67 67 64 80 82 75 61 81 60 50 21 59 87 45 78 96 99 14 77 46 79 6 26 18 49 66 57 89 87 98 50 37 87 17 32 94 67 47 36 90 87 13 39 61 39 82 63 90 21 60 52 67 13 36 78 25 17 56 0 63 82 93 89 63 83 29 27 100 7 99 39 34 25 77 7 70 37 7 49 31 91 13 57 41 6 65 19 3 99 8 80 53 83 4 69 69 32 55 28 96 65 95 29 32 100 39 34 66 14 14 70 5 77 55 93 92 89 49 21 59 67 68 11 99 77 73 25 51 99 98 87 82 57 1 3 51 94 44 84 95 79 53 65 91 33 35 12 78 44 65 93 29 56 33 10 70 70 29 63 14 25 46 85 39 13 76 76 62 20 82 95 39 20 79 4 100 79 69 13 68 34 89 20 12 84 80 6 94 67 8 78 49 35 34 43 63 77 90 51 67 23 46 7 25 68 24 60 79 59 79 73 64 26 76 93 71 0 68 67 9 33 94 2 27 96 35 47 9 77 44 92 42 51 96 60 2 34 88 82 46 13 62 71 50 92 76 36 89 64 97 81 29 91 13 89 44 10 54 47 56 58 79 39 1 52 1 53 6 38 90 89 99 35 50 75 65 35 82 7 58 30 97 52 0 94 34 96 20 59 18 93 34 96 31 33 65 92 82 15 73 33 17 68 70 60 62 7 
28 90 10 65 79 25 17 71 64 56 49 3 60 52 18 62 99 31 24 19 9 3 49 24 56 5 63 99 50 14 28 69 0 37 75 43 24 44 4 28 27 8 90 91 7 52 100 96 49 52 21 74 82 50 2 42 72 1 70 33 61 76 62 24 5 99 70 61 96 4 39 6 75 56 73 89 22 95 25 42 47 35 37 28 71 34 9 10 65 91 49 87 13 1 28 58 82 89 19 13 54 5 53 57 71 68 8 13 75 42 78 93 32 18 47 36 7 10 62 63 69 16 38 10 46 6 31 75 52 69 35 54 3 2 98 42 13 78 72 73 91 64 80 15 86 59 70 22 33 51 5 9 13 52 71 9 62 31 64 87 93 73 22 85 91 0 13 7 19 8 45 19 69 98 68 83 52 86 48 41 72 87 51 94 14 11 99 22 80 3 22 49 4 94 22 11 7 26 47 88 70 100 89 91 55 11 47 61 75 18 22 52 76 38 42 79 84 45 8 68 70 53 3 72 27 93 70 7 81 23 65 60 32 8 64 71 41 97 34 96 5 15 18 12 8 21 100 18 54 56 23 40 55 91 34 75 34 50 14 25 9 21 19 46 44 55 37 37 93 77 25 7 0 53 41 92 82 61 80 69 23 1 73 5 8 68 48 51 75 47 23 72 25 31 55 25 68 38 61 43 44 83 79 46 75 43 90 82 16 94 23 15 99 85 71 79 28 0 37 43 73 41 99 55 60 36 22 18 35 33 64 100 96 72 82 6 97 73 52 28 71 92 64 90 29 50 66 37 45 71 5 76 92 85 53 48 29 34 58 92 22 90 60 11 40 7 4 55 34 20 64 42 9 61 40 46 93 59 63 66 83 12 8 24 49 80 3 30 48 28 90 57 10 87 53 89 22 86 64 21 88 21 50 42 55 37 48 12 87 82 16 100 34 0 91 99 68 80 4 95 12 9 97 52 63 0 20 22 95 10 96 15 29 54 40 18 4 15 23 44 62 81 74 96 3 12 97 72 21 53 11 89 94 69 60 75 11 46 16 80 59 49 33 23 97 59 44 88 100 77 26 4 42 65 5 78 0 98 35 23 67 83 43 37 77 1 68 90 79 74 65 9 99 97 43 58 80 13 14 38 
13 55 28 22 87 68 7 79 21 97 61 100 97 10 34 88 74 62 93 55 97 46 54 92 16 8 69 49 60 2 37 53 3 25 36 64 7 12 64 44 80 34 13 25 92 85 1 17 5 87 22 29 99 60 22 89 19 8 29 7 74 43 68 18 86 3 86 53 42 85 86 74 27 15 21 41 49 43 94 45 69 20 9 33 51 54 42 38 51 99 13 87 37 23 7 45 98 83 77 74 80 57 99 16 85 97 74 1 33 82 46 35 17 96 90 95 29 40 26 84 27 68 64 16 10 97 62 34 38 42 67 40 81 25 8 68 61 66 43 25 41 25 59 83 87 84 0 35 16 71 42 94 43 10 51 63 30 5 38 23 72 48 26 68 82 80 61 1 45 70 10 1 74 51 79 72 0 77 80 59 72 57 47 97 72 40 40 9 9 1 82 2 10 48 20 35 68 91 33 96 46 4 59 90 3 76 70 39 90 95 15 42 99 38 75 5 45 77 53 77 92 62 19 2 47 5 54 89 36 24 43 97 3 31 74 90 34 13 88 22 39 41 44 21 69 61 37 67 44 85 94 1 85 77 95 90 58 45 6 48 89 73 13 82 61 36 18 93 78 62 73 93 45 39 57 2 74 96 79 94 41 86 40 54 69 33 75 75 19 68 74 67 55 50 14 40 12 50 66 52 80 86 60 28 50 98 21 66 13 58 89 33 18 43 40 73 92 61 93 50 52 26 21 29 77 87 50 52 83 28 72 3 49 95 2 59 32 3 8 48 84 50 59 68 91 10 80 17 14 56 14 61 15 23 47 6 93 6 58 8 65 91 20 97 54 65 80 65 59 33 83 98 31 34 76 13 23 91 95 58 84 11 73 32 19 37 8 14 50 15 66 2 87 21 97 53 53 23 56 95 38 19 3 57 3 27 20 54 83 28 34 0 48 38 24 7 27 55 43 81 27 34 14 53 3 79 34 54 82 1 22 62 71 84 62 19 64 37 75 72 30 10 47 76 46 86 22 8 93 51 90 97 75 41 59 52 78 57 21 65 42 54 39 82 45 49 63 90 52 92 13 85 9 33 65 3 9 62 67 58 35 28 33 63 49 87 6 1 1 3 49 93 81 45 11 50 33 51 86 74 
86 45 38 53 88 93 59 15 7 92 78 89 13 76 77 36 94 78 0 96 11 87 50 34 87 40 64 12 17 48 52 41 78 18 59 58 36 19 19 0 42 88 23 1 61 33 45 36 95 32 99 95 23 4 29 89 85 29 25 23 51 77 56 76 54 85 92 5 95 50 2 25 3 51 90 81 64 30 50 3 38 4 18 79 46 20 28 67 38 35 98 29 5 0 2 83 54 74 29 3 29 33 82 22 95 7 30 95 82 64 15 0 14 22 40 86 33 72 63 2 100 9 89 58 49 16 99 10 66 78 1 12 46 86 62 28 26 23 13 60 42 71 62 59 6 66 92 9 65 63 20 83 88 15 64 30 92 75 5 23 60 45 75 15 59 38 30 82 96 95 47 90 80 64 54 45 58 79 46 40 40 50 85 67 36 32 53 34 27 28 50 85 31 84 3 44 19 0 56 66 85 68 22 50 50 60 83 50 24 77 57 74 76 7 11 52 78 29 39 94 41 8 5 12 15 41 40 78 39 33 26 4 15 26 71 15 83 48 38 33 48 34 47 83 81 83 33 27 49 51 36 53 66 34 21 31 79 17 64 70 17 99 15 27 86 56 82 75 81 85 13 23 15 7 44 50 2 7 18 2 79 45 68 15 47 92 69 58 36 31 11 24 56 15 17 66 90 61 17 25 22 60 51 70 4 70 53 12 97 44 67 44 31 80 84 67 68 71 5 4 12 65 17 57 61 15 92 35 96 20 25 3 72 49 91 2 83 88 41 99 90 61 64 4 80 22 33 61 93 83 52 0 91 3 100 61 31 34 91 71 32 75 53 43 22 50 65 9 98 82 13 51 11 62 73 17 34 0 28 72 11 54 35 29 29 44 35 71 37 80 71 94 72 86 76 86 53 7 13 77 99 77 95 6 62 52 82 35 100 22 31 93 55 71 82 39 16 85 71 13 46 56 39 42 0 76 44 89 2 2 54 55 70 81 68 31 76 90 8 96 92 38 21 2 81 32 76 56 60 0 100 64 46 6 81 80 57 69 78 52 95 65 14 83 27 33 63 43 79 73 52 66 98 6 7 66 33 94 71 59 21 29 58 25 9 35 12 93 58 1 53 24 2 39 73 85 4 36 6 5 
4 84 81 15 44 95 76 23 28 62 86 86 44 67 56 64 6 17 74 93 70 66 38 61 13 16 77 33 76 96 45 81 16 37 36 65 24 7 38 0 28 60 72 94 4 44 62 49 29 44 68 68 53 90 59 69 55 92 42 51 63 42 67 45 17 70 35 32 25 98 93 10 1 65 50 96 11 67 81 7 18 7 78 9 76 13 22 1 29 44 89 0 92 62 51 75 40 72 61 38 87 5 55 94 49 19 93 77 16 36 38 41 71 0 5 99 24 67 39 16 86 24 64 39 88 36 33 42 30 20 53 82 36 12 1 33 10 91 44 46 41 32 40 83 75 99 1 40 34 61 72 68 72 95 0 83 89 49 85 1 87 65 82 3 5 43 90 16 91 32 7 12 51 17 100 5 48 59 19 91 85 54 77 18 85 5 12 68 23 42 79 12 31 24 98 86 56 87 18 11 77 61 70 55 41 41 81 40 89 97 8 92 52 9 19 67 65 95 97 90 11 93 27 36 42 39 15 58 98 75 35 60 68 22 25 33 29 76 5 24 51 99 52 76 54 95 40 35 77 67 88 18 8 66 36 45 60 90 41 4 53 61 68 94 57 27 13 61 79 8 97 49 22 48 5 8 39 99 33 98 84 68 36 78 85 7 1 80 66 68 27 43 72 48 91 20 66 50 38 64 20 19 13 86 12 98 71 89 8 80 77 1 83 61 39 41 81 32 52 50 30 78 23 49 18 27 53 75 13 32 35 75 79 18 39 43 79 18 65 59 5 13 78 90 17 74 79 24 8 97 1 56 44 29 66 69 73 40 7 97 31 78 26 46 90 76 48 91 97 48 41 53 34 67 76 60 12 19 98 98 57 17 99 27 40 82 60 18 32 93 6 1 76 36 35 10 75 73 53 68 69 27 100 18 77 68 72 59 96 44 31 86 70 86 25 5 62 62 67 86 72 33 3 81 85 63 83 98 68 39 24 14 66 9 32 63 48 67 72 50 96 3 66 36 83 81 79 82 18 65 16 38 63 98 46 92 96 32 66 88 10 78 45 20 34 26 6 63 25 61 43 91 86 59 80 100 12 12 22 76 76 93 37 67 8 88 73 14 6 38 74 18 48 44 51 96 77 12 52 57 
60 50 50 29 55 71 26 21 41 32 85 60 49 37 0 68 83 60 89 70 88 11 29 29 36 37 65 9 6 18 78 67 86 29 33 29 77 63 49 2 36 55 5 96 72 10 12 4 18 39 17 45 78 6 17 30 32 12 44 9 23 84 58 69 66 37 8 55 81 58 52 49 86 59 6 41 33 90 78 35 67 22 7 36 100 37 45 97 46 42 95 13 63 56 90 71 88 73 0 32 53 33 53 96 9 6 31 16 58 59 33 72 1 3 3 25 58 70 60 61 92 88 29 95 90 55 59 40 15 9 69 76 57 32 69 62 71 73 77 26 36 88 100 12 28 36 65 43 6 59 70 90 85 92 83 11 85 17 34 86 77 57 38 68 54 31 77 60 61 38 38 3 80 14 19 97 31 26 26 64 60 16 8 92 56 9 47 42 38 84 78 53 97 14 11 46 56 8 46 62 50 55 16 12 5 59 27 7 74 82 63 25 100 57 96 43 88 20 25 79 47 100 80 73 75 7 90 41 76 3 100 40 1 82 90 88 46 67 60 55 81 35 94 34 100 70 99 26 43 98 7 82 48 14 73 56 66 58 12 54 52 86 91 91 71 76 10 61 31 85 60 12 78 23 10 31 95 35 51 75 22 55 18 1 7 39 6 67 31 31 9 18 48 85 8 35 50 96 45 100 53 5 6 43 86 30 76 56 75 93 93 79 80 40 84 24 32 31 32 93 39 61 94 95 63 95 7 7 96 2 92 6 95 73 2 46 46 83 93 29 2 88 0 78 13 39 50 72 60 62 54 5 4 73 69 99 38 82 82 99 100 50 31 41 69 52 6 82 53 96 22 39 45 76 71 56 65 80 90 89 47 49 4 2 62 84 80 3 73 68 14 72 34 12 28 44 25 52 41 4 39 63 74 77 15 74 87 41 45 29 70 88 80 95 68 31 88 38 47 68 68 2 8 22 8 41 20 82 71 33 55 50 8 81 10 4 69 63 17 16 20 96 22 13 14 15 29 67 68 23 0 99 5 43 74 31 40 68 26 8 29 22 41 10 36 98 42 77 67 9 94 84 15 47 33 49 33 89 70 40 84 50 1 41 76 68 38 60 34 29 94 58 82 12 85 48 82 21 87 97 
26 12 5 74 5 3 4 16 98 93 66 60 72 45 75 98 97 9 6 36 29 14 0 98 19 49 36 48 27 92 28 63 35 15 100 18 62 20 50 65 18 72 92 1 50 50 57 32 31 10 71 66 43 48 30 23 11 38 86 52 43 24 20 97 84 48 22 18 59 61 51 41 97 23 13 41 7 83 1 13 98 18 62 19 18 27 73 89 41 19 5 0 44 38 18 59 47 78 83 44 39 32 91 12 21 15 90 49 16 90 39 91 55 87 86 62 10 48 32 64 29 11 13 55 27 43 89 47 87 34 37 94 61 57 6 16 29 22 36 96 36 84 15 97 8 31 94 81 74 72 88 74 46 22 32 86 50 100 77 28 43 71 91 24 78 9 47 98 63 20 4 78 12 24 99 25 55 15 25 98 34 19 42 99 73 12 93 34 28 57 51 91 41 92 68 14 60 61 83 93 70 93 88 95 31 65 36 32 81 25 52 60 61 35 92 37 95 67 59 87 36 77 77 88 89 35 16 1 71 45 84 69 25 20 65 44 90 61 70 65 34 86 85 0 35 11 73 1 83 82 36 93 54 23 95 41 75 62 93 81 45 9 95 3 87 78 32 80 22 98 92 28 0 98 69 27 62 41 94 14 8 7 19 32 41 28 11 33 1 56 65 47 27 97 53 3 62 60 3 61 74 80 42 71 59 88 47 50 19 74 30 64 44 43 6 11 19 88 63 53 67 63 80 18 56 15 94 60 31 29 27 1 91 4 94 40 62 21 89 68 59 11 91 7 62 87 46 97 16 14 49 32 86 15 81 1 66 41 54 83 96 10 47 2 42 98 75 17 48 30 32 11 61 57 4 75 93 24 51 62 49 98 93 75 91 7 36 34 88 83 49 48 49 65 86 20 80 100 79 59 53 78 49 73 10 57 33 4 88 33 63 22 70 13 2 90 13 98 87 80 50 26 54 10 19 84 16 88 3 97 26 25 35 32 47 31 3 67 34 26 5 32 98 65 70 2 28 48 16 46 59 99 10 78 46 54 57 7 87 44 81 35 76 64 32 46 66 14 100 51 87 86 51 29 67 71 20 98 49 60 58 71 52 48 65 43 35 39 29 81 17 25 3 89 66 56 39 48 49 17 
20 45 59 38 22 76 41 86 10 7 80 70 100 52 55 31 40 11 73 85 77 74 5 94 58 82 41 39 59 54 3 73 0 61 57 98 19 15 38 34 32 49 66 15 50 44 28 34 39 58 91 19 70 0 79 49 28 77 55 1 56 11 76 20 8 92 55 13 85 49 6 75 87 49 23 10 84 97 22 42 53 64 41 57 62 23 55 91 18 18 88 1 22 26 78 53 4 56 81 65 51 32 86 100 89 84 36 75 1 65 11 22 89 60 55 83 22 70 1 43 91 48 95 29 8 92 20 41 74 12 75 98 43 71 38 28 74 61 79 0 91 72 10 24 75 23 49 98 82 99 65 92 31 18 80 20 25 75 65 57 31 29 32 18 86 83 20 81 87 28 1 45 73 82 58 42 95 1 38 24 77 57 81 1 10 47 83 62 36 99 73 18 30 91 65 69 27 49 41 25 67 73 62 80 73 62 21 88 37 54 46 0 81 78 12 63 42 77 33 13 42 91 68 44 22 32 50 7 69 17 33 20 43 60 75 99 2 94 6 24 47 76 87 50 88 62 94 12 10 5 51 84 60 5 77 49 59 38 70 99 30 40 99 96 51 86 21 35 98 45 85 1 69 40 25 13 84 77 74 3 47 51 60 97 94 93 35 1 49 47 3 28 77 99 19 30 83 63 100 57 90 80 30 17 37 29 3 12 29 72 100 71 22 34 1 79 100 22 70 19 78 21 78 28 63 2 60 7 68 46 66 56 81 42 10 37 45 19 61 47 76 57 24 55 72 55 36 59 32 87 64 73 18 35 56 81 34 56 53 60 35 13 92 94 7 43 24 48 19 13 21 92 39 63 87 89 2 3 27 0 68 75 86 58 21 95 62 15 13 99 12 13 84 15 27 47 74 98 30 12 42 35 9 42 0 91 43 59 40 23 79 74 8 94 58 49 12 44 24 50 29 10 37 9 71 18 88 29 24 84 52 79 76 27 45 17 88 48 0 83 8 48 46 74 35 77 62 28 34 62 13 8 92 74 80 63 29 57 4 96 87 4 100 20 34 17 74 100 43 75 62 54 51 91 27 40 38 86 23 30 27 27 8 51 20 57 89 66 31 62 72 49 84 67 67 81 94 54 70 53 
30 83 24 16 4 17 60 31 89 48 99 83 64 27 26 0 37 6 19 73 67 92 20 47 70 40 97 56 38 76 89 86 6 2 61 77 68 15 59 68 71 66 22 54 31 57 12 16 34 30 85 12 77 7 100 69 23 36 31 71 47 42 14 91 84 41 57 51 11 60 65 91 83 42 18 37 32 91 51 10 85 39 94 55 73 82 42 67 0 80 57 53 31 2 60 28 63 47 86 0 78 67 62 61 15 38 98 71 30 88 87 83 88 6 82 47 93 18 20 66 73 97 76 67 32 91 35 45 49 46 18 55 97 45 91 48 24 2 17 85 26 54 9 35 27 82 88 100 80 76 97 43 39 9 91 59 19 80 51 84 60 50 26 50 58 52 47 49 11 54 73 17 90 85 90 65 17 42 99 74 60 71 42 47 86 12 46 98 37 30 42 5 99 36 16 25 89 98 62 72 88 64 77 1 94 26 28 61 73 48 90 6 40 63 54 60 76 5 60 71 85 8 48 62 35 78 22 31 90 59 21 49 57 53 56 66 13 89 98 59 62 57 95 50 31 3 31 7 53 72 77 10 13 61 56 32 10 28 57 25 44 18 57 36 35 87 9 86 50 46 14 71 81 11 68 42 85 71 16 57 31 3 7 33 6 94 4 40 10 3 29 79 72 26 13 55 69 7 57 14 2 11 61 51 61 21 51 41 88 13 30 48 4 51 73 42 0 99 68 42 57 20 0 48 33 66 24 92 65 0 54 17 0 17 86 99 42 64 90 40 92 80 99 75 68 7 55 3 57 82 31 42 85 20 78 68 66 90 13 59 86 45 38 66 79 73 32 37 91 55 28 32 16 18 66 69 73 98 1 36 0 65 98 12 52 3 92 48 23 51 12 17 47 64 84 10 86 56 70 92 90 33 10 68 60 58 29 89 8 18 71 59 17 65 31 36 93 94 5 20 41 88 88 81 48 18 91 83 91 32 92 53 19 14 64 76 49 28 60 100 32 33 3 43 61 56 64 57 47 20 42 21 77 68 30 50 74 55 65 64 1 12 76 37 25 84 96 88 76 96 40 92 6 98 83 78 77 36 16 38 35 32 50 37 58 94 43 90 18 39 78 80 40 57 35 6 89 80 38 16 
63 65 86 92 94 10 26 37 70 11 69 31 90 83 28 26 69 99 50 34 38 4 100 11 73 76 6 77 76 94 22 31 46 10 5 35 95 78 64 68 60 89 20 5 76 62 29 24 83 4 85 42 46 5 89 66 2 73 80 18 84 49 88 22 97 4 57 28 24 41 27 5 77 92 37 54 43 49 75 63 85 82 23 51 6 67 85 79 61 5 67 46 46 32 93 1 75 39 64 6 99 25 40 65 94 52 48 36 97 27 19 60 96 99 38 32 46 50 12 46 79 13 4 26 41 43 22 83 1 37 51 60 4 84 67 85 80 19 51 68 55 21 6 37 73 65 27 89 58 89 16 23 30 48 57 59 43 71 91 69 73 62 70 78 34 81 59 86 42 79 96 25 98 97 45 16 81 19 65 45 40 3 6 17 20 30 28 84 44 27 12 12 86 81 86 70 23 37 19 56 77 26 68 50 60 36 0 80 76 78 58 94 38 53 53 42 9 52 75 71 22 3 73 66 76 36 14 42 1 73 63 29 95 83 90 85 35 91 15 8 54 43 21 89 35 34 50 61 47 1 83 54 50 0 33 55 55 75 40 49 65 49 94 67 88 84 76 69 4 71 65 31 91 56 87 3 60 51 23 83 73 54 47 44 49 20 2 89 35 59 70 8 14 21 73 10 50 52 38 22 93 39 36 91 92 90 27 30 100 10 40 60 28 14 55 100 63 49 11 40 74 81 9 40 56 42 45 49 19 14 23 3 11 46 62 100 60 51 71 77 19 89 89 26 18 73 52 96 30 37 22 53 53 10 51 43 0 17 78 37 76 61 36 39 86 55 100 96 21 23 95 5 53 60 90 30 43 29 34 62 85 47 27 33 56 20 40 72 86 35 76 27 79 50 77 77 59 8 44 21 68 73 15 74 94 51 39 34 99 2 51 0 10 90 72 59 17 89 63 48 32 47 61 43 31 43 92 19 67 57 30 85 17 36 100 46 97 75 70 94 55 90 16 80 17 86 74 93 99 45 0 100 52 63 0 95 19 3 89 66 38 28 72 21 40 40 42 83 97 50 77 55 66 91 80 33 94 39 4 55 72 39 37 92 59 81 80 55 84 47 13 69 94 81 17 81 50 32 98 70 
59 53 50 100 60 7 71 11 75 63 18 96 94 41 76 88 33 24 68 74 91 28 31 42 97 75 62 66 51 57 75 38 39 99 61 13 44 50 34 4 72 2 31 65 65 78 57 77 56 16 3 30 86 37 34 3 50 13 68 35 64 4 40 11 12 3 11 33 52 27 60 9 84 80 2 88 61 48 10 21 8 24 90 68 49 73 76 90 62 14 72 100 59 46 100 81 25 27 49 100 44 43 86 69 59 78 95 58 32 79 11 49 62 15 52 50 2 31 13 53 49 50 21 61 7 79 13 33 32 99 26 39 52 58 37 99 86 93 94 87 23 21 79 19 15 2 91 43 2 66 1 62 76 14 15 94 3 44 61 44 41 5 23 73 94 30 26 55 38 38 72 99 40 43 44 59 57 29 78 2 85 45 75 39 30 21 93 81 35 8 46 56 55 10 89 77 80 87 42 17 18 14 30 13 4 79 0 40 11 100 71 11 87 17 30 26 46 97 43 44 27 96 92 73 52 66 32 99 93 45 15 4 73 42 49 37 24 99 72 22 68 2 14 100 66 68 45 80 32 34 100 14 37 36 59 98 20 80 71 47 71 48 72 9 66 50 89 44 15 49 95 55 78 4 37 0 18 51 44 75 91 32 7 57 50 53 2 74 38 81 45 13 46 48 36 39 79 50 19 46 66 20 10 77 13 0 52 40 80 63 13 0 39 64 83 84 35 8 86 7 99 87 24 73 40 36 36 84 56 66 49 20 75 3 62 90 5 96 72 97 98 1 2 37 19 24 91 37 52 63 49 93 67 89 17 10 38 33 5 43 32 87 69 29 59 52 59 94 79 47 62 43 51 90 45 20 79 65 13 71 91 53 32 65 88 95 56 34 14 34 56 41 10 88 90 15 99 32 98 30 64 64 12 36 41 54 48 100 38 25 65 31 35 95 64 70 15 98 20 99 88 6 95 70 22 54 4 37 47 22 41 14 29 61 7 77 37 76 30 39 35 50 23 29 86 23 30 42 26 9 3 48 1 28 39 8 1 83 91 65 66 95 77 51 81 30 6 2 38 10 55 74 90 61 26 6 14 94 23 84 60 24 60 60 56 58 67 29 49 76 69 29 34 96 38 95 40 32 32 74 
19 55 37 50 94 99 65 7 54 9 70 9 80 47 63 57 29 33 36 30 35 76 75 86 64 98 57 64 20 43 92 67 15 28 84 25 57 57 43 24 52 93 62 71 83 1 16 10 62 10 76 96 46 69 97 46 42 80 21 66 28 67 46 23 36 27 30 40 46 38 80 11 5 18 76 14 75 26 31 57 71 11 6 48 0 77 46 86 24 97 58 61 94 1 25 51 60 70 78 76 78 12 70 31 33 64 21 44 24 30 53 55 53 74 62 19 36 50 95 45 23 15 76 96 61 3 92 14 39 79 25 100 88 51 66 67 53 70 76 6 28 49 43 35 61 69 10 85 75 47 40 16 46 28 54 55 76 96 50 59 51 29 36 100 95 29 45 16 46 23 54 22 43 47 63 5 5 8 62 47 39 74 48 55 95 42 47 27 51 96 10 93 2 55 53 61 0 0 24 68 53 82 72 97 44 28 12 70 70 41 85 100 59 90 13 57 39 24 80 9 25 3 52 86 61 11 43 39 21 30 95 2 64 80 27 76 88 75 5 72 71 50 93 40 83 20 1 10 64 55 89 67 62 19 40 43 32 73 8 92 8 6 57 13 97 38 45 28 2 4 8 17 57 40 81 15 25 77 36 99 93 89 97 25 97 34 61 37 42 17 31 87 22 27 38 96 75 85 65 94 0 43 73 27 34 41 83 28 22 61 96 23 86 25 64 100 48 76 21 21 26 20 56 68 57 5 88 16 10 6 46 76 32 78 13 64 31 19 24 47 64 40 96 84 16 45 76 98 82 23 26 9 68 44 58 43 13 1 29 47 36 57 22 9 70 48 61 3 27 33 15 57 100 28 90 47 46 14 44 20 53 37 6 9 15 70 8 39 42 18 82 69 94 75 62 66 83 60 18 74 57 80 50 97 25 61 13 9 74 69 6 61 34 16 17 31 6 90 10 98 33 22 55 75 40 23 68 92 23 63 92 54 19 76 94 53 50 95 47 95 16 39 48 45 14 100 12 63 48 50 74 8 70 41 88 100 10 65 88 91 24 92 51 63 17 8 5 91 14 64 2 28 88 94 68 71 2 9 84 84 25 90 42 82 12 44 7 83 44 12 53 44 53 38 4 68 11 50 17 50 
8 86 97 30 85 25 34 49 85 99 89 74 71 13 10 76 77 47 32 43 29 19 0 6 26 38 71 12 56 75 54 12 33 76 92 31 88 70 40 11 20 94 44 34 55 86 97 47 96 60 86 43 25 90 59 96 24 83 61 58 79 92 84 80 75 93 3 35 32 91 99 4 100 38 49 95 39 83 33 4 79 68 24 31 3 82 75 0 66 9 66 51 33 60 20 68 58 93 35 78 34 10 22 17 73 25 15 7 92 79 47 86 71 19 79 65 38 55 98 64 64 58 49 14 67 44 21 25 67 67 21 22 93 45 48 68 90 16 21 18 94 92 87 94 30 82 33 78 81 97 55 33 78 89 45 17 4 34 89 10 10 62 32 44 79 87 8 83 13 26 94 32 98 74 24 69 50 62 20 67 85 80 86 78 4 21 49 98 21 81 53 15 19 88 41 80 24 31 55 39 74 42 14 10 10 24 37 0 21 3 0 42 33 28 39 87 54 62 81 66 57 99 39 8 50 71 14 18 85 91 50 40 13 98 91 10 71 95 69 5 55 81 41 26 37 56 84 15 36 95 25 45 46 52 48 67 80 58 38 5 18 100 44 84 34 31 26 56 66 76 32 96 61 48 8 28 14 43 95 76 6 74 64 34 45 80 74 0 28 43 4 93 60 49 39 37 68 77 92 18 93 99 1 6 71 48 21 27 84 27 28 99 63 55 33 38 85 31 71 13 64 98 30 70 5 98 47 57 86 45 49 25 22 1 43 84 40 49 77 44 19 67 12 52 78 10 85 50 52 57 56 98 31 99 99 13 12 79 62 22 16 40 18 31 24 6 62 58 53 100 17 58 33 77 53 46 75 55 10 19 62 6 54 83 11 94 76 69 10 90 80 58 96 66 30 16 95 82 53 55 3 64 99 63 92 3 2 48 58 82 63 19 53 42 24 2 35 61 12 65 17 56 56 80 23 78 58 93 75 76 48 87 96 86 25 45 70 53 23 64 76 50 1 91 34 67 58 75 7 29 96 41 21 49 2 24 62 96 46 38 59 2 47 79 24 56 99 82 28 57 94 35 52 33 2 79 50 63 40 70 36 50 72 52 51 60 17 92 7 62 77 89 85 85 61 60 69 57 61 48 
8 36 65 14 68 60 32 75 39 12 2 74 56 39 6 81 67 86 86 6 13 4 39 70 63 63 14 74 25 10 98 38 22 27 57 72 21 7 87 33 0 77 58 9 73 53 53 86 50 13 31 69 96 90 47 33 81 64 1 10 60 5 8 81 60 66 13 70 13 37 72 86 14 89 63 57 12 37 53 85 9 72 71 49 36 11 68 94 97 97 1 63 24 51 87 91 53 69 41 61 91 85 31 39 44 34 53 70 68 40 4 44 27 46 15 9 62 62 4 53 41 51 60 48 5 27 77 52 8 61 35 68 33 22 21 85 75 75 60 33 83 62 99 29 71 46 99 13 31 1 95 80 58 75 53 84 32 98 33 72 65 26 81 77 95 71 95 6 31 57 18 98 21 29 84 4 95 14 84 78 92 24 66 32 26 46 32 98 58 68 28 8 34 17 84 64 1 88 50 16 56 81 15 26 72 91 33 23 82 75 49 32 26 68 6 37 0 20 30 27 2 45 63 78 10 45 37 7 71 98 38 50 56 5 80 94 22 63 77 82 18 60 50 21 51 89 21 44 89 51 7 11 11 50 3 26 63 62 0 42 5 54 51 27 48 37 58 100 2 50 19 29 37 22 51 89 51 94 72 53 65 3 83 33 13 91 18 46 17 88 41 51 67 44 25 65 79 48 73 29 2 28 30 71 92 60 91 34 91 38 52 74 14 36 86 89 94 91 76 99 24 88 83 28 40 82 36 63 96 16 71 25 63 44 47 89 18 3 15 83 17 46 57 4 31 57 36 67 91 75 37 49 30 69 29 29 29 89 49 20 87 93 40 67 26 56 86 14 0 93 16 69 84 99 10 17 26 88 0 19 21 79 89 78 27 5 81 11 2 70 98 32 35 37 26 98 92 66 49 16 83 23 46 75 26 5 95 83 58 78 42 13 71 33 92 62 84 3 85 89 60 37 11 9 72 10 91 55 7 80 74 6 17 66 66 32 72 41 74 21 23 64 16 36 96 77 24 3 99 19 1 14 97 2 63 73 54 93 50 7 26 17 22 46 18 13 62 4 34 66 0 88 82 79 39 13 45 79 79 3 40 45 83 27 11 71 63 36 95 68 29 81 56 54 68 22 98 19 36 74 
74 48 36 59 95 45 60 48 25 14 39 40 86 8 40 40 89 77 33 48 21 68 3 44 67 66 35 41 34 43 4 16 8 31 55 12 64 14 87 57 12 86 89 66 87 53 97 35 95 12 55 77 94 79 80 88 2 95 5 2 61 43 70 52 64 87 10 75 37 12 91 51 37 93 65 60 13 50 12 87 94 68 63 26 54 45 74 36 81 47 84 37 14 63 11 24 42 46 12 21 23 50 27 23 20 49 51 5 85 73 5 33 72 85 34 14 100 9 77 56 23 23 1 16 93 64 13 21 15 58 11 86 10 19 16 26 3 21 1 68 100 92 13 90 3 39 54 87 85 25 32 70 97 96 78 48 18 87 53 98 42 10 40 99 58 48 23 88 19 62 35 22 62 42 52 93 75 100 55 62 37 18 5 64 97 43 30 37 65 13 39 20 26 89 84 55 77 58 82 4 81 70 68 87 67 37 76 44 42 2 83 50 40 92 88 25 0 75 91 0 40 32 5 57 32 10 77 93 92 9 83 52 97 21 62 68 94 63 40 38 38 44 63 43 63 6 84 42 43 79 62 11 64 81 21 2 75 32 94 67 91 4 40 41 34 64 3 75 76 20 69 80 20 41 76 4 41 98 91 83 29 52 25 48 93 54 55 11 48 63 94 78 45 84 50 82 19 78 90 94 92 25 33 18 18 95 89 17 86 75 18 67 60 67 99 2 93 72 89 51 3 8 73 70 11 35 56 80 89 39 13 64 63 31 1 42 80 67 26 51 7 75 68 72 15 80 87 95 9 10 77 69 58 64 46 2 77 36 39 22 100 14 23 7 90 66 19 26 22 87 21 61 92 80 56 14 96 98 77 57 50 47 85 55 43 18 50 59 16 41 2 3 39 26 100 78 47 14 95 51 33 3 86 85 80 61 94 82 77 89 88 55 67 11 14 84 85 61 80 100 16 91 97 34 43 55 81 73 12 76 17 92 95 29 99 10 97 73 52 100 91 4 40 70 98 72 98 88 53 39 69 34 31 1 5 24 19 53 43 96 7 97 59 30 7 18 100 97 59 15 59 36 97 53 93 21 19 9 35 2 100 60 46 80 24 68 22 87 23 70 76 25 72 44 21 27 9 80 35 59 
23 46 42 34 30 9 63 83 89 43 72 54 29 18 19 56 19 2 56 73 6 74 36 29 44 18 87 53 35 48 62 48 85 41 98 26 26 79 27 44 51 12 75 79 21 11 71 51 97 24 35 96 52 100 2 66 66 14 24 39 3 66 56 43 61 12 38 60 98 57 57 42 12 57 68 14 25 72 23 85 8 26 96 41 50 76 80 28 69 36 3 38 45 49 100 32 83 1 31 56 3 4 70 73 70 33 4 76 92 63 97 45 78 36 42 53 5 95 96 38 88 66 14 66 19 52 44 13 49 52 61 1 75 52 34 70 53 27 15 63 87 66 59 23 66 21 71 91 21 92 52 70 62 16 22 40 85 31 5 59 11 28 58 93 39 63 50 33 64 0 28 47 12 32 9 59 99 77 80 93 2 37 91 21 96 54 19 35 72 2 37 75 75 1 17 7 93 24 45 39 64 37 17 92 62 32 61 79 82 94 56 12 71 84 86 8 93 42 78 86 81 6 6 15 50 13 65 93 66 92 1 96 11 3 16 77 80 97 31 34 19 33 3 76 57 42 4 69 28 73 69 65 45 76 44 64 99 66 13 39 27 14 72 13 45 56 88 33 39 68 36 80 30 99 44 4 73 73 46 99 22 41 27 5 80 70 76 91 55 57 88 98 97 17 26 62 32 40 64 36 12 9 51 80 37 95 89 24 42 97 40 74 14 89 68 66 24 34 51 36 29 42 19 3 82 79 99 47 25 96 11 58 99 2 85 44 81 46 76 51 37 63 3 20 90 60 75 82 11 96 95 89 93 85 45 46 56 75 28 10 27 22 26 49 41 46 7 8 54 80 86 73 47 100 97 14 51 52 80 11 65 40 67 89 94 56 35 68 100 86 38 15 25 56 71 88 16 97 89 65 6 66 60 36 90 57 43 63 38 11 80 57 19 43 1 59 68 99 26 20 11 88 77 89 69 37 72 78 38 37 41 13 95 78 33 64 10 24 42 8 80 59 50 54 88 78 71 50 81 10 74 91 58 4 69 17 11 44 26 70 96 91 16 58 83 51 17 48 0 57 43 81 5 47 99 7 29 38 20 72 51 25 63 42 84 80 13 66 93 88 58 25 18 90 29 22 11 89 98 7 
26 90 12 80 43 45 60 36 28 28 90 64 33 45 15 11 42 21 86 8 13 20 8 46 71 54 98 65 93 70 17 61 45 7 74 23 39 83 32 82 28 91 18 49 89 15 21 100 26 67 44 4 38 84 67 47 84 88 56 35 71 43 71 88 2 56 23 97 80 87 8 62 24 45 23 29 99 15 84 49 55 51 14 76 97 28 43 28 38 80 41 70 44 24 25 47 37 5 41 69 33 78 71 55 39 85 56 77 2 87 33 12 85 10 24 77 34 92 90 15 65 39 44 99 27 37 87 69 99 89 97 43 45 100 71 34 19 46 28 17 43 66 12 7 100 95 25 79 31 52 36 25 3 72 64 93 42 34 26 12 63 90 28 94 84 5 37 51 23 45 58 21 70 32 65 88 23 81 6 10 30 99 82 72 39 97 10 39 90 19 81 79 89 79 20 36 77 8 31 34 75 2 71 10 53 93 40 67 70 41 91 87 80 15 53 57 74 76 22 33 66 15 53 73 81 12 24 85 88 71 41 50 45 16 55 82 19 24 95 89 23 36 27 78 26 1 88 31 24 26 73 12 35 2 38 19 71 87 36 98 69 43 65 4 43 5 59 0 52 79 41 28 82 20 90 78 44 37 59 51 84 71 14 68 76 83 62 71 91 73 4 14 15 42 9 18 77 22 30 73 60 83 41 84 86 8 50 57 66 38 85 13 82 99 58 7 56 67 75 70 28 62 21 85 26 51 45 62 65 31 30 47 68 19 64 10 81 15 74 79 75 84 54 66 20 83 52 17 37 29 95 20 20 14 80 38 22 23 32 69 95 16 22 88 68 1 51 48 3 52 40 87 83 4 80 4 81 34 63 56 49 22 17 46 20 8 85 30 92 48 19 78 85 11 14 50 59 55 99 38 75 37 40 16 90 24 25 67 85 59 30 83 56 65 73 19 42 11 18 100 48 22 38 45 42 47 87 19 46 71 23 62 60 79 48 4 66 74 95 63 63 76 71 1 98 13 75 27 56 55 52 83 40 76 7 12 83 97 48 37 72 61 83 75 57 71 25 84 44 72 18 23 100 4 65 53 31 87 36 72 22 41 60 4 44 0 4 26 94 56 18 28 13 85 66 1 69 80 46 43 
12 6 54 6 83 40 97 47 84 68 38 63 83 4 55 69 66 99 67 84 93 19 97 74 23 24 99 94 66 63 14 3 65 17 3 99 65 75 16 49 15 59 7 17 3 52 40 51 40 72 68 7 8 39 78 29 53 42 55 57 41 11 19 76 4 66 46 96 90 38 23 40 56 66 15 76 66 64 89 24 79 53 65 97 17 40 6 27 4 10 23 94 55 45 44 79 43 37 89 26 62 68 19 19 99 79 39 7 100 94 71 39 50 65 48 42 11 66 89 62 60 66 13 4 63 52 12 44 18 63 64 78 1 83 13 0 86 84 52 55 55 69 5 37 35 97 74 88 30 98 9 76 34 41 31 89 11 4 93 3 90 58 77 83 35 40 14 3 33 17 24 53 58 81 37 8 33 99 73 84 38 93 48 24 22 27 61 76 77 83 11 2 22 77 7 88 20 43 51 26 19 3 97 92 7 68 60 79 24 64 11 52 73 62 52 26 88 18 12 43 11 28 65 98 10 87 17 37 36 44 97 15 62 100 8 62 84 80 54 15 71 26 1 94 20 91 43 48 13 59 9 95 15 83 77 65 33 27 3 30 77 53 68 49 19 78 56 84 23 85 27 92 9 33 47 55 96 30 10 77 77 67 38 17 12 18 42 4 53 11 17 66 73 89 57 82 65 63 14 37 53 72 91 71 65 0 23 31 42 98 95 54 41 57 8 67 84 90 21 48 52 81 2 3 86 50 97 1 8 31 40 75 44 7 66 63 99 6 9 14 82 38 33 54 37 43 48 24 21 61 49 15 59 32 97 13 70 92 10 50 62 18 98 24 71 36 35 50 43 4 36 91 35 80 78 100 76 69 17 56 83 67 95 54 9 60 28 43 18 26 69 48 8 34 11 1 25 70 37 47 73 18 30 75 97 32 34 84 47 95 39 9 29 45 53 9 47 31 25 41 37 91 61 85 55 37 96 30 4 27 37 35 40 24 56 7 40 98 66 90 75 43 5 11 71 1 86 62 18 100 63 5 48 31 93 97 11 32 69 9 52 90 43 8 50 16 13 23 10 30 19 52 80 92 47 50 79 20 2 85 53 60 89 81 25 7 97 89 62 77 16 100 66 56 81 54 13 19 89 36 
30 37 99 73 85 76 87 58 69 2 91 62 54 89 18 9 77 78 77 56 37 86 17 59 61 100 69 22 61 62 10 85 96 35 48 34 53 41 100 72 98 41 75 9 18 36 92 10 97 41 36 96 41 90 100 59 60 96 56 16 34 3 89 71 19 73 49 68 98 64 45 91 83 16 75 48 85 33 50 75 35 23 65 27 89 43 39 85 94 99 30 80 11 84 29 36 0 74 96 29 59 44 17 83 10 2 82 66 52 76 43 44 84 16 10 37 35 6 83 10 78 55 74 47 34 34 58 7 14 47 35 39 19 46 100 3 62 91 70 81 1 52 99 71 30 73 57 89 67 2 73 65 69 27 86 56 95 27 66 37 76 84 45 24 79 73 75 24 92 4 74 54 92 34 43 60 30 93 5 48 57 69 29 36 95 96 11 67 7 72 94 47 15 2 48 90 89 12 65 64 28 95 97 98 66 35 55 57 90 31 71 35 29 55 38 67 51 8 92 26 57 44 19 99 26 60 25 97 38 73 92 37 33 11 56 63 44 68 22 9 87 71 0 11 74 96 12 78 10 18 88 2 16 8 11 70 56 20 67 78 55 65 57 51 98 92 68 81 79 100 43 5 24 64 40 9 78 17 97 27 31 63 33 12 37 40 21 41 56 28 23 71 6 72 81 7 27 73 33 24 52 91 8 36 74 28 88 79 89 39 81 47 41 51 12 77 25 13 58 33 0 75 71 1 79 19 47 3 72 53 50 59 61 63 78 21 72 19 44 47 71 24 97 36 90 27 30 37 53 58 8 61 18 38 73 61 25 6 63 59 23 45 84 96 16 86 62 57 38 90 61 3 74 95 55 71 40 97 70 4 40 50 31 54 82 78 7 61 25 65 19 31 71 28 31 20 11 17 49 87 13 70 85 22 55 15 14 28 98 79 79 12 31 54 85 97 65 17 99 10 2 50 87 73 35 58 57 91 52 87 91 84 48 90 2 24 88 49 28 99 56 46 3 73 67 65 71 3 47 76 54 84 55 27 40 2 4 42 97 46 38 76 42 5 74 90 37 53 27 34 63 39 29 71 6 44 61 25 10 12 27 24 13 48 81 11 31 35 40 91 21 81 44 2 22 48 83 31 93 8 
91 25 60 30 15 81 24 61 0 85 94 50 76 80 69 92 27 36 89 19 82 40 91 38 29 30 94 3 78 1 26 5 83 73 12 8 18 46 93 80 58 6 77 41 87 51 27 44 64 40 3 78 100 2 92 90 51 31 31 84 8 82 20 34 84 41 2 66 75 32 13 75 64 27 91 17 34 19 13 52 98 60 67 40 2 47 6 16 14 59 87 73 20 85 48 3 50 1 24 66 76 38 63 35 23 82 49 42 84 67 16 91 79 86 80 26 44 72 54 51 63 77 53 61 74 48 52 98 71 18 63 16 69 86 87 95 61 94 85 37 77 11 78 32 20 13 74 42 21 4 95 26 65 2 36 72 11 3 61 97 12 49 55 23 3 5 61 57 29 73 58 32 68 29 82 84 6 40 93 43 2 85 53 85 61 13 81 23 71 13 17 68 9 21 74 54 65 58 7 40 2 6 3 22 28 64 33 13 37 63 67 98 9 71 15 1 49 70 66 99 36 1 41 73 38 65 81 69 16 21 91 70 8 17 86 96 34 8 65 77 19 84 75 92 75 47 66 5 51 12 6 0 3 81 91 84 4 19 24 62 76 21 10 77 24 38 0 37 21 59 48 31 5 25 71 24 65 36 68 53 4 80 61 2 63 67 64 42 10 58 43 7 1 51 4 42 0 59 71 5 15 91 8 0 47 17 22 27 90 4 40 25 70 4 79 37 59 60 44 54 82 61 89 96 13 19 65 38 73 73 10 87 54 1 95 35 22 60 27 99 81 24 26 46 20 26 3 100 43 82 15 76 79 72 39 98 90 16 50 9 28 9 62 51 20 83 5 72 27 35 61 67 52 92 43 52 16 90 15 96 32 77 97 30 6 58 97 69 61 62 88 21 36 67 48 53 79 83 80 71 49 12 57 34 8 45 60 82 43 38 65 15 7 32 43 36 9 34 84 12 62 87 92 3 55 13 34 87 22 29 39 27 82 92 55 29 80 92 67 41 5 76 35 20 51 27 49 10 2 30 29 8 12 28 95 13 83 85 16 5 71 9 60 11 79 22 47 5 70 43 92 55 84 80 9 79 28 21 93 86 73 87 92 97 51 7 86 63 37 14 38 58 82 43 36 64 5 53 40 72 
97 19 28 2 58 54 81 40 8 92 49 21 80 29 95 75 56 69 46 92 96 18 70 43 45 50 4 64 5 46 27 74 14 62 58 44 2 2 45 12 5 90 84 18 55 5 86 79 0 29 50 81 39 82 12 24 24 51 27 67 52 50 51 73 92 79 62 34 13 6 37 53 14 94 20 0 12 60 83 42 11 42 40 6 66 77 37 34 25 17 19 28 100 79 94 3 10 43 53 61 4 74 38 9 55 14 76 39 83 89 38 30 18 68 84 74 90 69 59 4 57 78 70 63 62 26 1 93 73 59 65 0 64 75 9 76 9 37 48 6 13 41 97 90 18 44 70 19 83 13 26 42 87 20 67 83 40 38 51 69 14 69 74 99 25 23 72 48 73 83 9 3 0 86 94 64 4 75 93 62 88 80 34 15 8 30 6 63 99 93 57 34 40 71 100 25 1 70 86 52 34 93 47 83 14 4 71 84 75 45 12 81 12 52 97 71 97 85 81 77 84 36 23 83 73 20 17 15 77 74 71 52 34 42 64 78 78 3 21 21 62 11 98 73 34 20 54 61 56 3 32 63 98 57 54 7 89 66 27 92 32 52 39 15 2 86 10 22 69 58 57 38 61 10 8 4 71 35 69 47 57 72 95 22 50 43 40 11 30 80 49 61 6 19 95 41 67 5 81 75 25 19 93 14 16 58 9 72 86 13 54 79 64 23 52 39 15 87 40 30 70 89 11 28 95 6 95 15 15 26 12 79 85 23 47 100 46 36 64 15 93 34 57 11 96 4 41 11 65 76 48 90 69 20 79 87 70 43 3 70 66 7 2 92 66 15 16 8 49 66 38 42 48 69 81 19 27 77 6 99 47 80 33 78 69 34 13 84 44 35 2 1 11 80 13 70 56 66 83 18 12 23 13 52 6 17 36 49 6 26 57 42 23 38 6 7 55 43 95 95 46 71 95 60 59 80 81 48 31 39 62 0 28 45 50 13 58 80 80 31 21 73 54 90 74 20 65 86 79 22 100 15 21 35 77 34 33 45 37 34 43 97 79 73 2 91 100 73 80 21 5 32 63 60 61 47 100 93 45 33 62 84 6 59 60 35 18 45 37 27 70 31 58 53 50 81 32 52 69 94 
32 64 38 92 72 100 86 8 80 21 3 47 5 28 94 28 86 90 89 57 91 90 74 45 98 47 100 36 91 10 95 11 22 25 27 3 62 26 1 62 47 5 64 58 99 23 51 14 66 90 57 21 49 22 9 25 4 40 24 58 28 35 20 1 66 36 58 41 89 100 59 97 48 0 99 2 57 65 49 84 34 24 64 18 45 95 14 68 39 39 90 66 58 67 80 25 3 24 48 79 4 92 22 39 46 11 95 25 41 95 21 75 17 9 81 23 38 62 75 43 22 25 15 43 51 48 42 11 62 42 87 67 22 100 79 91 26 86 57 85 78 25 29 54 3 45 9 89 7 71 99 89 56 29 23 41 65 40 83 26 3 86 74 91 61 49 59 93 37 97 79 0 68 83 87 99 82 5 77 72 98 0 52 14 1 75 7 60 89 54 79 7 7 95 6 91 61 50 53 51 58 22 49 53 43 51 27 51 10 28 26 73 93 50 65 12 59 62 40 3 14 32 45 30 28 78 12 100 4 75 7 88 74 23 0 79 58 80 37 62 34 16 41 39 71 86 52 49 70 75 48 14 71 7 13 83 23 44 53 34 72 65 43 91 71 82 45 69 33 21 88 47 77 51 11 45 25 38 16 51 0 21 37 30 80 52 32 94 0 43 27 73 5 12 70 98 4 39 25 4 24 73 71 89 35 76 53 96 69 45 9 66 15 65 60 97 86 32 40 79 35 23 9 24 54 19 23 70 70 48 63 67 27 97 100 26 23 3 13 74 10 0 21 34 82 74 53 68 78 47 73 2 14 10 97 6 66 39 62 63 80 83 98 93 52 11 100 22 44 88 72 29 12 28 40 8 95 18 74 12 1 9 3 77 77 53 50 68 18 62 49 46 56 68 99 3 73 82 26 94 22 4 84 26 69 39 35 17 7 72 54 32 60 41 9 5 27 3 57 96 85 58 24 56 29 2 58 28 35 54 16 20 48 32 65 33 48 59 33 67 50 38 22 72 4 15 96 63 92 71 52 47 49 86 66 18 86 61 86 7 42 57 43 32 80 23 43 52 64 13 21 45 45 97 18 50 0 13 44 43 36 43 83 25 95 54 68 49 28 24 55 89 100 15 99 26 39 44 56 42 
93 71 28 53 100 67 91 72 32 43 42 73 51 63 12 79 79 18 47 78 71 47 64 70 10 27 20 23 74 39 96 73 66 98 83 1 88 74 30 65 79 40 74 64 85 25 72 69 8 2 54 100 60 29 40 20 23 86 79 15 22 78 17 5 56 99 74 98 42 36 96 19 29 15 38 75 34 33 66 85 70 43 36 100 4 57 8 8 47 51 7 29 59 97 57 27 36 21 43 5 27 94 86 82 3 25 40 75 10 61 61 22 20 23 75 74 71 34 20 31 77 6 78 7 25 56 73 20 75 45 33 62 90 57 39 3 79 18 78 36 73 46 78 73 51 72 17 91 60 96 94 90 43 18 48 76 42 19 70 8 20 43 36 72 39 58 66 16 1 32 64 81 14 73 87 33 93 24 6 20 0 85 52 57 25 31 53 37 12 55 22 9 87 13 92 1 37 5 57 37 6 82 36 83 14 13 63 49 60 72 60 72 26 58 1 73 80 59 31 22 12 18 68 52 14 8 30 41 7 9 79 5 100 18 54 49 27 46 12 78 54 50 41 32 14 45 32 1 95 54 88 60 17 85 60 98 98 83 91 14 3 18 8 4 80 98 96 89 67 81 1 11 48 66 48 79 32 83 17 68 55 41 0 89 87 88 54 47 65 1 99 53 76 76 65 90 48 61 5 84 6 36 56 4 99 71 70 78 57 80 54 71 13 1 30 69 47 43 15 83 56 4 10 29 96 93 54 33 64 5 43 29 20 25 77 98 11 36 85 22 15 70 90 47 13 65 61 45 1 6 54 97 61 29 46 91 35 65 3 78 68 89 44 57 34 84 61 92 27 60 55 42 28 25 66 20 55 62 99 95 69 18 70 19 100 83 79 46 32 83 80 89 45 5 50 32 91 86 13 25 29 61 46 21 74 25 61 24 14 9 24 39 33 59 10 58 23 75 27 34 38 58 41 96 23 19 88 90 4 44 63 86 71 60 4 82 19 21 50 61 1 79 4 90 86 49 69 96 26 54 21 73 65 93 29 97 6 36 22 97 88 91 96 89 62 100 14 27 92 15 55 85 89 60 1 53 77 82 88 14 27 99 0 58 21 5 11 73 68 78 53 23 71 26 6 87 57 34 63 75 
60 20 44 0 12 30 99 79 60 49 41 25 72 92 81 88 19 67 43 57 72 73 29 63 90 35 35 39 42 1 14 99 97 74 72 63 99 38 19 52 2 65 58 8 60 41 100 83 18 54 36 12 53 23 71 31 83 57 7 19 57 8 72 18 85 62 69 63 77 75 28 56 47 24 70 99 43 96 38 86 33 73 3 11 86 12 47 80 87 18 23 10 91 100 24 58 34 93 88 31 53 55 52 29 48 49 2 80 6 40 42 52 96 43 2 61 50 43 83 84 97 91 2 7 98 89 31 77 70 57 48 83 90 78 80 52 58 20 46 89 76 41 52 50 91 64 42 85 41 8 23 13 78 57 9 75 41 78 42 55 3 87 49 42 65 51 41 64 30 100 97 72 52 41 22 47 22 77 6 80 8 21 7 94 47 33 98 23 4 46 71 72 29 30 97 17 92 12 34 11 23 25 27 70 5 48 80 40 20 78 13 9 79 83 19 94 67 1 5 77 10 54 96 6 89 0 85 28 84 31 43 58 98 77 52 16 39 3 28 31 83 33 47 50 78 97 16 52 21 27 8 89 12 1 60 42 7 86 47 92 96 90 81 36 44 79 30 49 7 83 34 92 59 34 1 12 100 89 32 49 29 6 77 68 74 60 46 77 67 18 54 20 14 14 0 26 55 40 38 16 37 85 65 14 67 78 52 19 82 32 15 82 10 94 0 40 44 54 38 54 36 74 44 72 48 60 85 77 79 31 18 87 17 16 99 97 55 52 57 91 57 98 20 86 36 42 4 55 68 5 94 23 15 42 38 53 59 74 32 23 76 68 18 88 49 55 20 30 37 61 30 25 50 73 13 69 51 47 11 17 89 66 53 46 63 89 31 62 42 14 77 28 15 21 4 75 90 40 64 28 37 35 34 83 60 0 10 35 0 39 93 64 2 6 38 15 55 39 37 29 32 88 83 37 6 37 40 65 97 5 96 25 67 59 14 58 14 81 61 90 91 9 83 73 43 17 61 86 91 97 66 64 49 50 53 22 52 65 41 66 56 97 18 14 25 90 73 40 54 72 19 87 24 40 46 71 75 62 71 48 31 100 99 66 35 74 61 4 73 49 53 7 23 71 1 51 27 50 100 0 
19 64 49 53 29 56 83 36 52 56 90 23 60 42 41 25 27 78 62 83 24 37 50 58 27 6 26 59 78 90 5 80 44 21 41 76 0 17 70 48 23 80 36 23 86 54 76 77 66 54 30 99 4 13 21 18 25 62 12 0 32 60 75 21 49 62 3 56 39 41 66 5 51 72 59 2 5 19 17 58 34 56 60 83 36 41 43 95 7 42 52 38 58 96 20 87 51 58 94 31 40 66 3 72 64 84 72 37 66 75 7 76 98 5 4 63 18 21 21 56 35 2 46 50 49 38 97 86 81 49 55 92 93 46 22 56 54 6 78 40 92 49 45 98 94 17 66 91 53 78 48 20 3 17 36 77 90 55 31 81 11 84 79 45 2 88 63 28 53 46 24 49 40 76 26 90 99 35 98 46 1 37 82 94 29 41 57 6 5 28 12 12 100 0 76 2 32 25 97 36 83 34 38 57 21 62 57 93 21 27 74 40 30 78 17 49 61 38 97 44 36 40 87 85 5 70 73 57 28 15 52 91 65 26 95 55 50 20 59 90 75 6 50 52 78 98 5 94 2 61 61 73 62 75 15 85 97 89 38 40 96 12 5 60 30 98 19 44 54 35 27 32 15 23 31 100 49 55 45 7 43 88 75 19 54 15 37 49 17 48 83 92 3 52 20 30 64 8 38 5 33 48 62 34 61 17 15 23 75 41 34 64 62 4 36 48 72 84 43 11 34 39 99 81 85 27 30 0 52 100 28 20 39 55 60 12 38 83 33 22 54 28 38 53 91 0 82 53 51 56 39 74 93 55 67 2 92 19 96 32 5 80 75 95 51 75 26 75 7 87 90 28 10 97 44 19 56 9 93 37 28 72 40 67 6 90 69 64 75 26 21 4 17 87 45 55 66 50 75 26 26 76 48 59 40 20 26 63 34 15 84 83 54 100 77 10 82 85 4 15 47 46 49 9 96 50 33 10 46 80 91 10 13 60 6 26 15 90 76 95 9 31 38 43 58 20 16 91 17 75 82 88 11 23 89 6 15 42 67 30 53 70 20 11 97 50 17 83 48 32 29 73 2 39 11 21 37 39 8 69 35 15 91 52 100 98 7 84 68 28 84 23 40 77 87 57 22 81 33 48 
76 39 92 0 73 82 40 24 23 43 18 62 49 35 36 44 9 91 11 4 20 32 50 9 71 50 55 33 67 3 81 78 95 56 97 28 3 79 21 91 38 55 76 21 45 21 76 12 42 72 81 6 28 11 85 70 0 54 28 77 94 76 56 73 56 26 28 38 3 57 30 38 94 34 37 43 13 82 16 63 37 38 28 79 62 79 5 22 61 17 90 12 9 94 49 56 41 89 93 58 66 29 55 47 66 95 6 6 89 43 98 21 58 5 56 3 75 59 45 69 50 26 42 56 27 85 43 91 30 53 50 58 84 8 22 42 96 53 80 9 81 9 51 90 72 48 58 41 25 77 75 71 74 96 0 9 18 55 70 2 61 52 81 90 6 25 68 92 6 36 15 45 40 13 28 1 98 55 94 59 21 26 17 64 88 6 5 19 34 29 96 77 19 61 18 49 91 33 69 56 20 4 13 32 100 56 68 69 7 83 27 93 37 11 68 61 89 17 34 22 23 64 11 65 13 88 8 51 76 43 58 0 99 25 18 7 60 22 71 5 90 18 77 66 86 26 67 60 34 81 79 94 2 37 80 91 29 80 34 57 70 40 98 68 25 35 42 50 76 25 62 40 67 1 75 80 100 67 6 82 42 74 68 71 87 71 41 97 22 32 96 46 51 43 65 21 57 21 67 83 35 46 55 83 7 26 71 32 56 23 71 46 41 21 78 4 26 66 87 3 36 42 86 78 92 32 3 51 21 27 20 84 15 66 61 51 75 11 89 14 98 25 85 53 62 89 53 24 59 76 80 100 63 23 54 62 59 12 9 96 67 79 2 89 19 3 59 67 8 32 86 97 74 70 65 62 66 47 37 47 15 33 44 26 62 5 18 16 22 85 46 36 67 51 39 12 21 8 75 56 0 71 44 22 39 93 34 45 88 95 79 59 0 71 41 42 95 2 75 100 68 71 99 100 18 22 44 55 82 72 36 55 97 94 72 86 80 100 93 18 35 58 37 100 31 76 54 83 45 93 49 98 26 80 26 8 34 38 17 89 36 74 45 91 82 16 76 40 5 32 51 66 70 62 65 73 51 6 32 36 13 98 45 22 24 38 31 72 45 27 49 43 33 96 13 35 97 63 79 62 
21 47 85 50 49 10 48 73 34 40 52 79 60 31 10 50 55 31 75 39 2 84 1 50 80 71 47 68 77 71 15 16 53 36 66 97 49 1 26 99 83 90 13 66 58 47 89 89 22 58 51 29 60 80 60 74 80 82 14 10 48 22 73 99 46 89 30 72 1 71 71 22 33 92 38 68 55 29 40 29 4 58 90 48 77 69 15 2 33 52 41 79 59 90 93 7 9 31 52 88 90 78 1 55 32 63 95 30 73 5 18 2 47 41 42 46 84 78 45 25 56 22 33 60 20 84 32 79 7 5 17 11 48 12 95 3 85 70 18 10 61 97 15 30 60 14 96 28 96 74 0 52 34 21 21 6 41 96 31 83 11 83 46 72 61 59 8 30 97 95 72 68 0 48 90 98 78 51 72 85 96 25 1 55 5 95 94 45 22 78 30 52 29 81 62 43 21 15 98 67 96 88 20 83 58 14 58 19 76 73 26 33 90 92 90 33 75 28 52 14 82 82 92 87 6 22 24 20 26 97 91 81 52 23 5 39 7 77 62 70 9 100 45 79 32 87 0 70 12 66 60 34 85 89 45 15 67 42 91 49 19 62 1 24 83 80 99 45 51 7 84 81 100 56 43 81 15 46 69 32 82 21 86 4 78 90 24 46 93 55 82 5 23 57 72 36 74 8 36 15 71 99 98 1 3 78 38 85 90 55 14 60 28 25 72 59 97 73 96 22 46 43 47 26 61 55 74 97 96 45 91 6 10 97 72 38 2 45 97 5 6 56 19 72 18 64 73 76 86 12 20 1 49 30 62 40 13 6 60 82 42 59 86 11 10 6 54 53 83 0 63 74 72 84 84 9 10 82 45 2 22 84 61 28 0 26 23 68 74 73 13 43 8 51 99 32 28 70 38 62 24 28 31 3 86 32 50 68 0 91 42 74 98 5 1 5 36 29 40 26 51 56 52 30 32 61 51 60 39 97 24 80 56 91 92 73 21 5 41 90 88 60 15 85 36 90 75 79 26 30 34 63 31 40 60 54 2 94 22 17 98 42 14 25 11 40 60 92 10 71 20 47 89 98 98 30 73 0 89 28 1 32 42 78 52 15 1 22 97 65 86 93 66 55 99 60 74 66 100 83 
13 26 13 48 22 87 84 0 38 55 45 77 37 21 0 38 12 97 47 47 30 58 86 30 50 80 44 89 85 2 44 65 47 74 38 82 25 77 56 40 3 60 61 14 40 97 7 19 68 94 87 1 9 97 95 56 74 20 83 67 52 77 4 32 2 21 25 41 19 29 48 96 81 28 49 89 75 32 94 27 53 74 45 94 24 69 90 56 57 76 75 19 96 53 42 2 48 100 47 9 27 73 28 18 55 61 3 56 42 83 49 94 51 38 69 62 51 66 60 47 66 70 83 21 70 23 36 94 91 42 10 19 42 5 71 53 13 69 43 89 67 7 97 91 20 51 64 17 44 58 68 11 57 71 43 78 65 93 22 62 77 5 92 2 7 30 27 47 48 32 33 84 10 33 98 97 67 4 80 53 93 91 1 80 69 24 19 57 20 38 53 38 68 3 50 4 27 50 32 25 48 70 79 81 23 15 75 7 50 14 85 6 71 98 74 74 40 10 11 76 49 33 76 73 65 33 7 93 85 69 14 69 47 86 21 88 5 5 33 50 17 95 43 72 89 68 17 92 85 38 72 36 68 54 10 0 36 35 59 86 42 43 91 84 10 83 10 33 23 13 64 86 92 1 14 71 49 15 60 89 73 24 66 13 83 100 8 15 0 83 3 34 35 8 83 54 100 87 57 12 47 2 42 95 50 99 17 41 70 53 35 34 60 95 89 67 19 43 91 91 46 59 25 56 68 86 39 5 48 63 69 72 71 12 51 40 36 37 24 57 42 78 77 18 19 61 86 72 38 19 89 91 91 83 98 45 54 12 6 39 46 61 59 25 65 11 68 45 63 21 75 17 3 100 79 15 27 8 80 83 5 0 15 21 27 81 100 17 12 32 54 74 75 30 25 65 21 66 13 88 52 45 46 77 40 25 75 98 83 63 13 69 21 83 63 28 41 26 20 68 80 13 65 34 34 91 47 94 9 86 87 2 7 74 13 5 19 38 14 5 7 95 48 94 61 7 12 91 95 57 78 41 31 79 19 75 1 97 55 81 45 73 80 26 31 35 84 66 12 0 97 44 11 65 74 54 90 6 14 21 18 58 75 20 44 26 11 18 36 2 81 44 48 70 53 86 86 86 71 97 
99 89 96 90 47 80 88 50 25 41 22 58 12 58 10 45 50 89 13 47 52 5 58 68 93 92 73 88 30 19 31 77 61 55 34 21 52 55 13 58 65 17 18 52 44 27 15 17 64 40 26 25 50 86 80 82 27 83 48 11 68 17 2 73 11 20 32 54 22 26 20 11 15 93 55 91 45 11 34 58 100 32 2 69 83 84 58 21 14 16 24 53 56 84 63 89 78 77 16 98 79 41 46 33 5 71 25 56 51 55 14 88 56 53 2 13 24 25 90 57 81 29 31 88 92 94 3 5 42 52 34 69 69 8 65 89 50 99 16 56 87 46 51 1 19 5 17 44 87 71 15 79 51 73 47 7 78 25 44 43 67 8 40 61 0 99 75 33 70 21 71 53 36 47 9 7 87 11 89 94 36 65 23 47 84 85 92 74 91 22 27 93 50 34 46 64 3 11 37 33 50 70 3 88 61 58 44 73 21 26 62 36 94 44 79 82 42 72 5 42 66 69 100 38 5 46 71 82 55 79 14 49 65 56 39 49 76 13 2 2 43 17 16 93 2 31 32 27 36 37 41 41 71 92 95 23 3 99 9 59 83 8 77 49 98 0 84 25 13 19 46 57 38 51 35 62 24 18 19 91 55 23 0 28 75 6 4 63 12 69 74 46 75 29 78 4 77 4 65 22 69 51 80 92 48 26 97 18 4 86 32 9 5 48 26 49 4 79 91 40 5 20 37 56 99 4 81 63 77 72 73 41 72 41 84 32 26 98 69 93 62 2 72 54 13 38 9 36 11 99 7 77 78 91 77 68 84 41 68 88 89 98 12 18 65 13 39 63 68 5 25 4 19 80 0 67 92 41 35 86 64 17 47 67 40 25 82 84 85 69 0 27 14 0 22 70 13 3 87 46 57 96 53 86 23 47 7 16 88 87 84 0 81 91 82 1 70 32 84 19 83 93 57 76 5 58 71 57 88 31 47 74 28 5 17 34 40 11 42 80 83 3 15 81 59 7 86 33 9 14 6 33 65 32 74 24 68 80 68 3 73 67 86 11 63 14 3 4 52 64 38 62 92 90 19 51 41 28 95 18 80 97 14 65 39 67 9 34 30 100 96 83 67 79 90 32 68 25 7 91 
92 32 2 80 68 64 8 65 62 68 2 85 45 44 11 72 12 62 37 87 64 73 86 14 7 25 15 58 50 48 65 58 21 72 93 61 83 21 19 18 32 76 21 28 25 20 51 37 2 38 26 46 23 34 20 16 94 74 44 11 51 64 89 15 84 7 24 4 5 50 65 0 66 92 19 84 66 11 36 72 51 2 13 66 85 77 3 55 45 69 30 94 13 23 1 6 45 95 14 2 81 11 55 41 56 31 7 68 74 28 25 97 72 44 93 5 85 18 24 14 94 47 54 15 66 17 3 28 82 52 32 22 22 39 84 90 95 1 89 66 4 73 35 20 44 97 92 13 28 16 100 78 44 20 20 87 17 37 40 93 40 15 46 6 83 57 58 89 82 7 66 16 76 42 65 21 25 15 35 17 82 8 18 2 0 29 11 63 79 18 91 93 26 31 1 58 44 17 25 40 10 99 79 76 76 48 58 84 27 92 46 18 7 72 61 23 50 52 43 14 3 28 67 35 96 34 97 26 12 7 76 96 47 99 62 26 53 73 93 85 98 41 12 78 31 77 11 56 58 22 27 75 50 49 84 80 100 72 51 43 37 20 17 100 11 21 65 85 21 3 23 1 42 27 6 38 25 47 80 88 88 39 21 1 83 50 48 37 89 23 86 45 18 59 82 78 48 69 32 30 45 96 46 65 57 71 29 8 36 36 13 67 6 72 82 55 8 52 40 59 29 56 7 60 28 62 96 31 99 9 74 78 28 28 9 67 37 100 31 50 68 21 73 73 88 55 81 68 30 25 71 27 51 70 75 30 61 33 6 34 64 14 32 44 1 48 91 60 92 63 34 78 29 58 67 95 0 53 41 11 4 54 90 2 48 37 7 81 69 65 18 61 11 66 54 10 16 38 80 37 43 64 19 2 95 17 69 32 23 57 75 51 49 45 3 33 99 20 62 80 64 11 19 54 42 83 73 52 82 4 79 12 80 58 15 47 68 1 93 1 18 25 85 1 87 25 35 72 78 94 53 26 13 37 66 1 81 35 92 64 38 80 8 1 85 2 11 91 49 92 33 67 41 82 70 63 9 34 21 75 25 7 71 42 26 17 40 27 94 63 52 56 3 91 56 82 74 6 37 80 
7 99 15 63 5 73 20 96 52 39 63 66 93 5 17 71 15 80 59 6 24 97 60 78 28 0 84 74 3 82 44 15 15 56 48 77 40 52 0 59 90 82 85 25 56 36 78 30 46 10 16 64 7 0 71 50 61 77 2 8 73 44 3 84 5 51 52 78 27 34 63 96 6 35 62 94 27 65 20 54 87 46 65 69 89 30 62 33 81 100 23 69 25 11 9 45 6 61 91 55 77 70 71 92 0 50 65 10 1 87 31 93 49 64 17 77 98 61 80 26 3 42 20 74 1 82 54 69 58 8 12 26 53 22 70 32 5 51 78 99 93 100 17 20 0 48 28 68 25 49 24 75 19 50 47 65 84 73 59 51 83 25 51 46 78 91 80 4 64 99 67 19 82 76 21 28 82 38 4 95 43 64 17 21 95 53 8 45 93 90 83 99 4 40 4 61 89 60 39 48 98 41 45 0 79 18 95 84 61 76 79 3 16 12 59 100 96 67 88 80 47 86 56 80 53 23 83 66 48 87 45 32 98 88 46 97 96 70 83 87 77 19 32 36 23 76 33 9 91 46 72 75 64 31 56 35 69 29 41 77 4 11 53 68 16 45 51 49 9 10 0 97 93 93 80 14 74 34 78 79 76 58 56 51 1 78 49 41 37 32 97 29 90 78 53 35 17 56 79 78 62 41 74 39 95 88 57 91 7 81 57 1 63 96 96 96 98 16 55 13 34 41 98 22 12 16 42 26 71 51 38 2 93 3 22 98 43 70 84 64 37 90 80 86 61 32 69 29 79 81 52 10 24 73 90 97 89 52 96 0 70 52 3 98 83 41 29 4 7 64 12 57 17 86 2 93 58 56 23 71 60 95 1 19 97 42 39 55 26 100 90 48 80 99 81 52 67 39 72 11 1 20 82 23 90 0 53 74 53 0 71 47 86 87 7 77 3 61 26 51 70 13 8 5 7 58 95 71 66 52 2 51 34 34 28 73 53 20 98 76 70 50 40 28 86 94 6 21 100 13 54 4 31 98 83 92 52 79 98 65 38 5 76 12 68 8 81 21 20 60 0 78 65 18 53 76 48 94 23 34 70 74 48 88 31 39 77 42 91 35 59 30 58 83 73 3 34 63 6 57 
42 16 78 1 21 84 35 76 74 19 47 34 67 75 62 66 31 56 91 24 18 26 37 99 95 5 60 56 90 8 9 64 8 7 17 31 68 55 9 98 2 52 43 93 76 20 30 71 60 69 45 10 32 81 85 52 40 73 58 16 26 16 94 30 72 38 66 12 83 43 43 72 60 51 52 24 6 86 7 60 86 79 99 45 45 22 24 78 1 66 88 92 27 10 5 42 4 6 23 84 86 97 2 89 49 17 16 15 43 69 27 65 71 79 52 94 43 100 53 65 27 37 63 38 11 94 55 62 90 88 33 58 96 90 66 41 20 73 43 47 67 91 11 53 100 96 64 50 86 21 10 25 12 3 76 1 86 89 68 91 41 99 84 20 35 68 61 28 77 12 0 44 70 15 71 69 70 54 75 66 77 23 3 7 48 59 68 44 19 100 93 92 49 53 53 91 80 49 34 1 60 5 43 35 68 68 34 0 28 74 45 55 79 96 28 36 20 95 84 14 9 87 79 65 11 9 35 65 11 48 60 72 34 96 74 6 75 30 20 56 3 51 94 10 34 38 81 67 83 23 4 100 65 67 9 19 90 76 81 8 96 51 44 40 36 44 29 21 47 38 6 72 65 14 23 13 8 44 8 81 78 80 20 17 27 15 80 79 26 48 15 95 21 16 35 83 25 62 31 53 59 39 85 53 99 35 67 11 34 38 18 70 30 78 34 25 17 56 19 90 75 21 71 59 94 90 70 29 74 1 84 19 91 8 41 31 98 23 22 65 76 66 67 83 47 6 83 49 53 24 45 33 70 65 20 57 42 89 53 100 61 18 26 34 82 70 25 68 74 62 77 7 19 65 32 92 46 100 97 65 90 1 18 61 56 39 65 98 70 60 20 46 81 30 64 66 51 15 67 79 65 66 3 100 52 31 15 5 42 86 68 39 51 22 37 36 27 32 11 62 22 45 46 16 35 28 69 68 69 96 30 53 43 74 21 85 58 45 86 100 10 2 36 92 99 38 100 52 30 15 35 67 55 3 4 58 74 41 62 62 89 58 53 85 53 71 84 72 39 38 42 85 18 13 28 6 9 2 97 83 64 70 87 37 42 74 9 31 62 5 88 15 71 79 60 69 33 39 6 9 
6 35 46 60 92 53 83 66 50 75 82 85 5 25 63 20 20 32 97 18 71 45 6 48 19 11 18 3 2 82 25 1 0 82 48 84 12 63 5 48 35 17 66 99 15 54 49 5 29 23 63 13 75 29 14 56 38 94 51 48 22 74 94 59 0 24 2 79 62 50 23 22 70 88 13 71 75 3 33 10 93 89 68 12 17 29 69 92 15 5 74 3 91 89 32 29 40 6 14 22 41 45 83 93 69 41 40 62 86 27 96 79 67 97 24 64 61 100 0 75 72 53 83 85 38 7 11 59 79 56 55 45 89 9 36 52 98 87 95 13 62 39 79 9 7 51 57 79 84 34 30 34 24 76 51 6 15 7 91 34 28 69 86 89 6 3 85 83 13 56 62 50 78 63 10 85 30 51 18 31 68 68 34 43 51 89 91 80 59 99 96 83 52 67 50 93 89 60 48 56 67 1 18 26 25 71 18 21 44 40 11 55 49 44 30 48 63 43 1 50 12 8 94 53 0 29 78 65 12 30 42 67 88 20 82 4 62 28 37 30 83 98 94 45 13 81 32 12 55 98 91 89 3 74 65 96 37 40 76 48 79 87 56 34 88 1 45 68 80 19 15 65 2 63 37 36 100 73 57 23 23 17 57 63 36 29 81 42 51 84 90 36 72 71 39 38 76 34 52 88 3 73 8 59 19 55 99 61 34 3 25 73 25 24 48 4 40 74 62 55 35 9 26 57 19 73 64 3 50 70 53 35 83 38 86 81 2 92 27 94 61 3 9 14 50 2 96 86 26 6 12 96 62 27 16 21 87 81 73 47 91 22 65 37 3 44 21 61 7 86 91 37 46 30 62 42 33 88 0 70 38 18 50 39 25 47 9 67 91 4 1 85 21 47 86 9 51 49 97 54 20 56 89 55 57 27 86 17 70 2 56 70 10 60 80 12 74 73 2 46 11 81 97 83 96 44 52 64 25 49 21 89 50 42 49 94 6 30 17 29 56 18 9 17 42 64 40 32 47 54 48 91 30 66 98 12 85 15 8 30 57 4 88 47 47 95 80 6 89 64 2 1 24 6 2 33 14 73 68 21 13 35 88 58 3 18 67 46 4 56 81 88 92 72 65 80 5 10 91 89 
53 21 79 97 76 22 81 93 60 75 54 68 5 42 8 37 49 65 31 52 84 62 25 79 57 97 20 56 38 97 87 79 38 65 72 4 24 79 63 48 24 59 44 72 16 54 40 65 19 84 88 62 32 93 80 84 2 31 26 75 64 66 82 96 29 15 78 89 73 12 55 50 64 68 2 75 19 81 74 87 47 31 7 47 86 3 41 77 7 44 77 8 19 6 29 38 59 58 24 58 62 10 91 69 98 84 3 99 39 34 1 66 54 87 72 53 48 75 16 48 44 56 94 54 19 80 15 70 62 89 26 50 92 14 57 77 94 29 93 79 94 48 26 27 6 37 10 0 37 51 67 8 40 76 35 94 35 24 56 63 5 3 14 61 0 51 71 40 62 91 25 34 25 79 61 70 8 59 34 25 78 73 47 77 56 35 48 95 25 7 13 39 69 0 1 96 45 45 91 96 18 25 8 84 51 18 40 70 30 85 55 4 34 19 60 0 73 94 86 79 63 76 3 33 39 19 17 28 70 69 43 88 38 63 53 96 4 28 45 16 8 74 56 7 94 44 60 56 26 77 99 25 51 14 97 98 78 84 89 97 98 43 61 16 77 64 10 13 88 57 58 0 32 13 80 45 60 38 62 9 78 66 41 40 38 48 31 3 88 82 81 47 18 48 34 26 87 66 89 15 91 69 19 98 34 34 65 53 17 84 21 49 56 48 6 44 70 3 33 66 56 67 35 89 44 84 52 11 53 79 24 74 21 39 68 64 14 99 1 57 19 73 30 6 16 95 19 97 71 78 0 73 1 81 4 97 44 81 37 81 39 63 77 86 72 24 78 95 55 25 27 97 66 81 93 62 69 55 11 0 18 72 75 50 95 98 33 91 29 36 69 19 93 29 71 47 34 91 98 47 26 65 0 9 100 38 42 4 81 59 15 97 33 62 85 22 67 20 27 23 18 91 50 97 51 62 22 55 57 87 12 6 55 26 61 77 12 6 67 91 90 17 83 67 75 88 19 5 25 82 19 58 30 88 21 87 88 80 85 100 11 61 88 11 31 80 33 40 86 31 66 13 81 49 89 16 71 49 75 43 63 85 51 67 78 4 61 80 57 68 6 95 65 47 96 99 95 91 2 91 
100 50 11 78 92 86 26 22 91 79 0 58 50 5 99 1 11 93 20 57 27 14 94 99 63 50 64 59 92 28 20 5 66 6 87 14 71 26 24 43 36 53 46 66 73 94 14 7 33 94 32 69 22 95 97 42 3 69 35 9 83 27 98 36 6 70 27 62 69 75 51 31 25 77 58 73 25 67 72 8 12 62 50 71 19 90 6 100 49 77 4 74 91 66 61 53 4 71 13 86 29 77 86 45 95 75 79 56 34 51 76 38 8 6 57 8 5 74 81 85 41 42 40 64 27 5 47 39 22 43 99 54 79 60 60 3 93 96 77 28 58 19 99 41 72 93 79 29 33 16 40 37 21 57 19 65 72 8 39 22 76 84 89 12 100 54 4 50 2 25 66 95 93 78 41 29 21 85 2 13 58 77 90 40 95 51 39 12 7 26 17 92 44 44 84 53 79 62 15 17 51 69 60 16 50 94 36 91 38 73 50 9 47 90 68 32 3 44 24 67 14 80 45 76 36 97 84 1 27 47 62 71 92 73 73 86 55 32 56 21 27 28 98 30 77 50 39 26 78 71 14 51 73 48 25 84 58 70 50 92 86 24 70 40 77 88 84 84 79 3 89 58 68 52 82 68 14 6 22 72 14 7 61 99 0 79 22 89 43 46 81 36 63 29 86 26 42 2 32 63 79 11 37 80 15 62 20 60 70 98 70 91 58 29 71 66 3 77 42 7 1 36 74 52 13 53 7 71 49 38 94 25 51 27 39 54 24 1 71 77 6 58 55 3 15 50 70 87 99 13 18 27 23 99 87 69 39 63 31 6 49 81 7 44 54 42 63 92 0 47 90 7 22 69 99 88 12 51 6 1 57 75 26 89 31 40 6 15 59 40 56 7 17 30 46 18 52 3 36 85 7 44 51 36 91 93 28 89 43 28 29 0 36 26 98 18 97 7 62 12 57 97 57 64 99 41 32 85 95 5 58 26 0 29 80 56 53 6 52 64 2 23 58 23 9 28 19 7 73 94 55 71 40 14 33 17 4 88 80 24 63 54 15 48 56 21 18 85 34 69 93 40 42 75 71 81 84 33 0 25 14 67 76 32 39 86 88 85 87 61 57 88 23 94 22 5 97 40 49 86 
33 76 9 54 91 64 47 33 0 23 64 34 17 75 2 14 7 58 100 37 67 25 34 16 97 77 42 13 70 60 47 62 52 33 56 42 26 7 21 20 72 42 97 30 84 84 43 7 30 17 17 56 41 31 45 57 60 21 87 54 76 79 45 9 15 29 49 57 82 88 13 54 2 91 85 82 48 15 50 58 12 20 72 84 79 90 77 69 52 27 61 57 22 17 94 17 34 70 48 14 88 83 82 24 46 85 48 93 14 35 45 64 22 92 6 82 94 20 38 59 51 62 50 25 88 50 20 11 27 71 47 20 94 25 68 71 98 33 21 60 41 26 9 93 30 64 35 41 45 11 73 35 37 42 82 72 30 85 26 78 80 97 20 64 37 30 61 24 19 47 51 47 23 42 10 95 16 11 92 76 57 36 7 21 87 69 40 70 47 23 73 2 94 94 71 39 64 79 8 78 37 97 37 77 12 9 55 19 0 28 10 33 56 30 18 86 63 51 27 41 14 4 4 97 91 37 3 20 91 76 32 53 32 91 89 94 52 31 3 49 69 44 69 61 69 71 76 76 54 71 91 6 40 6 95 18 17 55 32 60 51 40 2 27 83 39 41 97 32 23 95 46 86 85 97 29 26 75 92 51 39 29 24 31 63 64 50 89 67 62 25 74 39 54 96 54 85 5 26 88 68 67 71 78 4 35 56 25 5 28 75 34 0 29 35 12 70 20 5 21 86 54 36 42 12 15 62 53 57 40 74 73 5 33 97 36 60 2 74 12 22 97 87 86 46 78 72 58 74 33 16 16 36 12 76 80 88 75 98 59 89 9 42 92 4 38 24 61 45 81 92 84 90 17 73 73 68 66 48 98 44 21 42 94 67 73 26 88 56 99 35 71 6 57 28 100 31 69 5 49 96 40 54 94 17 44 66 60 61 74 29 94 21 80 11 70 84 53 20 73 52 94 51 5 37 93 52 6 65 2 51 51 30 4 74 6 30 44 66 79 62 70 30 37 38 23 82 23 92 75 33 78 96 22 83 80 31 38 3 91 51 55 79 22 89 61 6 7 96 1 14 67 34 52 48 30 49 15 22 50 52 54 70 79 46 46 7 56 81 97 41 73 56 50 27 38 93 78 10 61 
16 29 69 8 82 49 20 28 19 74 51 40 56 74 70 73 60 80 33 29 68 42 56 2 3 12 29 31 79 74 32 28 18 31 44 94 44 63 0 27 69 58 80 91 57 33 65 92 37 80 100 67 76 45 33 50 83 53 31 64 98 53 66 66 19 89 100 25 40 47 100 8 19 48 85 98 17 46 85 51 75 99 33 5 94 67 76 98 89 37 75 76 31 58 36 60 48 79 46 100 28 32 78 74 33 36 71 90 17 46 41 64 95 59 97 57 20 13 68 64 24 98 56 37 70 24 73 29 56 39 13 18 95 8 13 73 51 46 95 76 57 75 58 25 44 41 69 9 58 48 94 88 29 50 69 70 16 56 42 5 54 49 42 47 33 79 94 66 64 7 92 71 43 23 88 71 22 13 8 92 26 63 25 69 61 43 100 29 86 50 89 56 69 65 18 86 85 34 84 92 30 39 71 51 6 12 48 70 45 20 91 77 7 69 100 18 71 31 52 7 32 2 96 13 92 43 53 7 17 90 18 27 42 3 74 15 67 55 60 18 18 21 25 96 75 91 40 83 70 90 62 89 96 20 59 11 49 92 8 78 15 13 67 77 86 68 100 2 20 46 13 16 57 90 55 1 68 42 72 11 19 60 39 98 87 68 28 88 10 89 20 22 7 29 19 58 51 66 73 17 9 52 30 46 8 25 47 60 42 79 33 95 44 45 81 74 0 8 46 76 91 22 18 12 39 92 45 33 40 89 93 23 25 2 88 22 25 6 34 81 84 77 12 90 89 90 53 17 5 72 60 86 32 71 2 93 55 94 42 18 63 62 21 85 67 72 64 9 7 11 29 28 52 44 23 13 62 23 77 63 83 68 45 62 80 89 76 23 9 29 84 80 31 96 19 54 76 72 95 47 22 1 59 62 38 50 5 83 48 19 63 22 51 35 45 29 86 96 19 29 98 16 12 8 94 73 29 71 49 81 50 57 14 22 64 19 5 65 100 68 72 92 1 41 31 1 31 32 5 94 40 80 57 42 64 75 48 66 85 1 32 84 11 54 75 9 9 49 44 73 6 90 38 76 55 21 2 38 99 56 51 34 16 27 44 19 11 64 95 32 8 59 68 42 53 60 48 63 42 2 
32 69 42 64 45 64 12 48 30 87 28 69 61 29 63 77 82 14 26 2 46 36 69 63 1 63 35 39 78 73 67 17 70 23 65 75 8 82 93 85 28 45 95 88 63 51 48 84 48 42 26 25 33 97 11 5 4 21 3 82 16 28 3 44 15 10 52 90 82 28 72 9 40 20 87 12 61 79 82 25 43 92 11 33 29 3 39 51 62 86 69 91 44 0 68 98 19 1 92 62 21 84 91 93 96 7 83 51 96 77 22 70 65 100 71 81 5 33 5 50 84 75 82 42 90 82 64 21 18 19 29 16 16 43 12 91 95 69 3 5 80 93 16 24 69 52 68 38 11 73 12 66 32 81 72 57 66 49 71 63 16 61 95 23 17 4 42 46 76 16 98 89 84 1 42 66 73 41 62 93 35 53 16 72 96 95 92 52 56 53 39 2 45 35 60 11 59 45 57 35 81 63 99 41 73 32 19 74 94 23 33 26 32 67 1 29 30 46 3 88 30 1 5 31 91 41 75 95 53 68 27 62 58 74 37 5 51 0 86 4 16 6 16 27 55 31 22 65 88 61 64 27 85 90 69 11 59 12 58 13 4 18 27 88 21 88 55 94 49 70 27 63 33 33 85 83 52 12 65 77 65 0 13 46 98 28 87 97 78 63 59 83 6 26 85 59 84 50 56 2 24 15 37 56 76 4 20 14 94 13 82 65 72 71 29 83 27 86 12 56 61 95 63 28 100 47 65 100 89 72 67 61 97 26 42 24 47 45 61 10 7 19 12 79 32 44 18 76 68 54 59 40 87 12 84 9 87 27 19 83 77 86 64 57 73 5 87 39 79 64 59 14 61 91 6 97 12 45 18 51 52 4 12 20 96 69 33 18 94 54 26 79 60 72 0 75 7 60 89 7 14 34 20 17 68 32 89 46 97 41 15 32 69 91 99 38 72 75 49 95 1 17 94 32 37 76 32 89 58 42 28 3 39 93 98 70 76 25 84 13 35 33 53 74 78 50 39 39 83 62 89 59 24 36 97 95 50 83 63 68 71 27 82 95 41 25 87 7 90 75 68 43 62 90 55 60 28 2 39 15 44 12 1 33 1 53 51 97 73 65 50 15 59 84 55 41 11 53 61 79 
58 62 45 18 9 92 26 13 3 12 2 80 1 34 46 85 60 99 40 22 85 84 98 16 98 28 51 12 67 58 31 72 94 30 71 6 21 3 83 40 99 47 12 48 36 89 47 63 79 26 20 80 69 69 69 52 27 58 83 25 30 52 88 80 78 59 54 59 75 71 46 71 30 28 94 41 61 55 40 65 28 82 10 61 35 91 68 40 84 60 23 71 100 0 85 61 3 84 59 38 68 30 45 59 88 45 61 45 71 39 99 57 17 16 33 20 79 21 77 10 50 98 99 10 30 38 47 7 54 31 63 72 28 66 5 89 90 82 13 86 88 64 32 82 7 1 63 42 10 28 92 36 58 73 57 14 64 9 67 78 77 62 23 93 73 34 49 31 9 98 99 2 35 41 55 61 29 71 41 84 55 77 56 61 68 95 58 94 83 41 68 23 1 87 26 88 2 48 98 20 11 35 76 97 70 0 79 54 81 66 3 26 99 93 54 8 98 41 67 31 40 86 3 99 47 34 4 8 13 58 68 33 30 3 89 30 24 99 37 6 40 4 17 70 15 93 16 14 31 16 49 57 42 13 44 21 93 53 93 96 15 48 53 7 47 84 33 3 88 20 69 17 35 73 49 1 12 62 61 31 65 86 78 10 92 82 25 77 80 8 37 27 75 18 2 92 75 82 76 74 29 57 61 97 37 12 51 62 0 13 87 7 66 69 9 52 52 35 77 79 9 40 13 57 98 33 60 51 92 45 89 46 86 4 19 26 10 96 57 97 80 22 16 11 12 35 78 50 90 0 23 19 54 0 42 39 71 67 95 19 54 4 53 75 50 56 33 75 3 59 83 49 28 30 54 79 38 52 22 55 38 100 91 53 94 53 9 63 59 22 40 70 59 59 41 57 48 42 19 78 77 40 47 3 80 24 51 78 84 23 87 75 69 62 48 93 80 45 92 37 0 37 33 91 99 48 80 48 97 78 33 85 47 59 40 63 99 71 62 96 15 76 82 4 66 87 100 93 55 13 78 89 49 37 39 8 68 20 41 4 62 77 87 61 25 4 50 31 15 65 96 28 60 29 9 75 45 50 16 25 33 58 41 86 50 49 20 72 79 59 73 90 96 17 32 50 12 83 6 50 
27 11 35 100 12 63 56 18 36 75 84 12 42 6 90 0 92 78 25 22 73 62 67 22 68 33 33 92 34 36 93 79 34 47 28 33 93 49 77 98 92 23 78 95 79 88 6 38 92 97 21 4 2 72 44 36 59 75 81 41 46 19 75 28 85 85 29 61 89 55 53 86 23 85 33 79 7 82 20 20 99 2 2 6 81 37 29 95 46 7 50 79 59 57 59 82 69 81 95 30 57 21 30 36 73 47 2 68 33 57 29 95 98 63 95 30 12 60 87 30 51 57 3 99 16 77 61 15 33 52 91 23 43 45 66 11 91 76 25 4 72 1 23 48 96 86 51 12 79 28 89 90 56 13 46 61 43 65 90 2 51 29 45 9 54 4 64 37 90 10 58 94 8 92 42 61 99 70 76 88 6 60 65 43 11 26 3 95 46 98 72 100 40 58 38 59 75 68 52 36 24 91 92 63 45 42 91 33 15 53 84 75 13 35 44 12 25 12 63 87 46 50 17 51 48 69 62 78 63 59 22 77 18 63 85 57 95 61 75 77 30 33 75 62 0 40 91 3 97 84 6 28 11 83 95 97 66 90 29 29 64 70 32 1 64 27 49 26 85 94 16 3 28 5 71 38 48 62 95 66 94 87 19 97 42 20 28 76 81 89 87 48 94 94 50 88 78 6 36 71 63 67 5 9 42 1 68 84 54 45 21 76 75 66 36 34 50 98 46 11 17 19 92 79 45 67 79 68 62 33 79 20 12 23 59 69 19 82 77 100 72 92 75 87 89 89 18 92 45 38 23 8 39 13 98 73 49 43 57 13 46 48 96 85 53 52 19 2 31 36 43 68 26 91 13 6 43 60 64 92 76 22 15 70 87 29 25 70 89 60 19 32 3 25 80 77 50 38 4 55 95 35 34 69 84 18 25 63 18 75 69 49 71 96 60 31 5 54 60 83 76 35 60 18 89 87 23 21 7 20 4 57 45 52 56 1 100 52 28 57 97 9 98 20 21 48 48 3 51 17 77 53 11 55 4 32 28 70 96 70 44 29 75 56 99 19 97 53 82 86 88 94 9 21 10 87 13 95 65 75 83 9 19 94 92 10 24 48 96 84 56 90 55 45 29 37 54 7 22 60 
68 67 6 97 8 53 85 5 98 84 58 94 76 46 9 83 35 5 16 98 88 78 76 29 31 12 52 4 37 21 41 45 45 22 16 26 1 90 10 82 73 49 19 47 38 64 36 44 54 52 79 38 88 19 83 65 63 57 39 5 16 72 39 84 19 94 2 57 51 72 7 11 7 27 94 81 36 98 62 14 9 49 56 97 48 21 78 74 98 92 13 34 34 35 64 36 63 34 21 5 68 75 80 18 13 97 54 51 14 83 26 64 0 39 37 11 48 73 95 2 30 88 7 51 9 18 34 47 31 70 83 89 63 91 98 53 89 88 38 52 45 78 0 37 69 44 62 97 78 85 92 34 8 73 74 28 72 60 13 35 6 10 18 54 88 94 80 100 1 22 89 99 94 37 62 60 41 1 5 29 55 77 79 27 6 79 63 36 55 98 37 52 4 94 48 13 73 4 22 13 69 25 7 81 26 22 68 44 60 90 94 6 42 35 32 72 25 94 52 20 99 9 57 80 71 50 71 49 44 51 85 56 12 99 9 83 79 67 1 80 37 67 16 6 55 59 5 63 10 53 33 39 55 21 86 36 68 1 16 23 19 26 59 41 64 64 49 96 50 99 68 18 90 36 65 6 30 93 100 89 7 57 62 70 98 92 48 44 28 56 76 82 92 37 8 99 35 49 27 21 32 75 62 46 11 28 18 55 15 32 76 83 50 1 68 85 41 78 54 94 88 42 56 83 73 45 12 44 31 36 71 7 40 85 51 42 14 54 39 43 57 95 66 75 79 82 22 63 50 46 64 1 50 76 52 1 91 94 71 47 50 61 52 97 22 41 89 27 54 66 53 78 91 66 5 52 11 42 68 82 98 88 89 88 87 96 72 98 61 16 5 12 62 75 56 70 98 91 25 39 13 7 51 59 38 58 52 58 41 40 48 0 96 63 93 89 35 52 61 13 58 91 65 88 10 28 93 90 49 2 68 91 38 49 65 26 30 83 48 10 37 4 47 69 71 74 33 9 84 60 31 33 99 45 59 8 100 91 92 62 14 53 72 22 10 31 28 97 59 79 60 12 24 41 6 24 77 96 58 23 70 77 47 50 55 71 56 3 82 36 2 32 6 15 53 25 80 21 44 69 
21 33 17 47 90 45 2 17 68 9 77 78 63 57 47 6 45 92 79 20 97 41 61 73 93 9 48 38 76 9 80 87 15 80 3 21 33 33 76 69 93 25 19 97 53 80 99 92 14 46 97 55 38 94 82 35 13 43 21 55 68 45 69 25 33 52 45 7 44 22 92 75 74 22 63 9 31 65 71 32 6 53 48 63 14 34 75 58 33 8 46 10 29 13 67 69 27 53 67 9 24 60 24 25 65 42 10 75 46 56 0 35 94 24 38 86 21 35 72 27 7 93 27 24 56 73 42 92 44 49 18 46 17 60 11 1 88 76 16 35 91 57 61 85 31 82 24 29 80 53 86 96 49 83 4 84 97 96 33 24 53 19 58 56 92 66 56 11 0 10 1 100 21 17 52 76 73 11 26 74 71 22 55 92 12 69 20 39 53 49 8 58 33 93 15 72 67 28 58 69 87 5 87 84 68 43 3 66 100 78 8 96 76 10 97 80 28 68 99 1 60 45 56 16 43 63 89 16 29 54 7 85 1 43 18 48 99 98 89 64 32 18 83 14 67 5 53 45 57 73 77 90 91 92 90 28 82 21 64 5 80 55 56 87 34 97 39 72 1 36 19 75 25 72 77 19 42 58 64 36 53 74 30 62 26 68 85 96 72 55 94 44 93 75 61 77 41 60 98 47 92 40 97 52 91 55 10 99 88 69 94 91 60 22 92 49 69 57 5 4 87 83 58 48 22 35 64 13 34 29 84 79 31 60 9 65 71 16 0 49 30 61 27 23 23 41 86 37 64 4 55 37 60 41 37 39 15 64 90 98 67 29 45 77 100 80 87 57 22 74 58 55 91 89 50 0 76 16 18 57 31 16 65 14 15 27 72 24 19 8 42 8 44 91 76 68 3 26 54 86 4 32 91 100 92 76 47 69 45 96 68 56 68 39 2 68 83 96 91 66 33 77 91 8 67 91 42 12 47 98 100 81 29 85 4 62 63 6 4 57 19 33 21 10 48 31 68 93 45 85 60 86 19 88 49 76 77 17 70 80 1 83 16 88 4 4 2 19 32 68 54 28 21 57 26 91 40 22 45 99 6 60 52 15 65 54 40 43 7 61 62 12 90 62 81 44 60 22 6 4 
72 12 54 50 11 53 54 74 76 23 98 35 45 72 19 70 29 52 59 65 11 59 97 17 52 15 78 61 94 37 85 25 77 92 15 63 19 1 42 6 15 20 55 33 4 98 74 11 91 73 8 60 22 47 48 21 70 48 36 13 26 50 89 56 37 66 25 39 92 11 20 81 100 72 25 73 39 11 97 48 88 91 21 51 4 78 69 1 25 71 52 52 2 86 23 1 48 85 45 10 94 22 56 97 39 23 23 77 62 60 36 79 15 93 6 34 61 53 55 29 66 41 88 40 28 83 46 41 3 9 96 41 86 52 4 70 100 71 25 32 0 6 97 60 58 37 32 48 26 35 45 68 15 58 44 50 73 49 8 47 5 98 69 89 93 92 68 28 79 53 61 66 87 76 8 92 97 15 77 11 62 27 94 33 65 71 91 83 50 77 84 15 42 46 36 54 85 5 68 15 32 96 46 73 87 14 5 72 62 49 94 92 44 86 27 75 63 34 68 11 38 77 48 99 18 61 88 86 100 23 68 41 89 9 84 48 62 37 97 64 50 51 29 81 31 88 65 35 95 51 22 29 12 0 4 95 92 99 64 86 94 4 1 19 42 88 1 21 37 38 5 57 90 74 82 92 1 50 6 96 12 77 100 68 88 14 24 47 45 24 8 67 95 12 72 11 64 68 10 90 88 73 84 61 70 35 75 82 51 26 78 15 1 20 96 77 18 78 42 64 49 4 22 13 60 68 40 18 67 40 68 6 91 43 67 23 5 88 75 19 63 24 2 62 86 28 67 36 37 37 88 75 21 22 98 40 22 40 40 25 40 18 8 77 78 63 76 53 48 2 29 34 13 11 8 51 48 40 58 9 94 9 1 76 47 83 2 67 76 92 41 42 7 94 49 1 11 43 93 4 71 81 90 61 37 0 64 97 11 84 35 14 93 65 23 21 78 70 87 14 58 33 100 34 69 74 79 100 36 66 67 29 29 85 94 69 85 65 64 1 97 19 66 18 35 2 50 34 14 0 67 10 27 43 76 50 44 10 62 9 60 99 35 19 16 8 1 61 39 89 5 68 3 73 86 33 58 65 16 34 50 81 53 69 8 4 55 60 38 73 35 64 88 47 68 35 100 68 82 83 
3 0 27 27 66 100 72 79 14 9 50 30 13 62 71 80 26 59 69 25 19 73 6 30 69 26 35 59 6 55 43 89 27 84 70 87 83 89 92 97 94 69 56 0 27 1 44 16 63 21 32 1 33 56 55 43 50 91 56 92 14 13 35 95 73 22 100 30 8 22 73 47 46 17 94 75 90 8 0 58 44 87 23 22 31 83 13 19 92 77 55 45 14 13 88 6 75 2 30 30 42 78 94 24 36 24 68 5 15 33 94 60 94 81 20 31 68 51 5 42 24 12 65 58 88 63 16 97 72 8 17 91 28 14 55 49 9 29 20 71 83 57 69 96 71 26 50 37 50 31 89 66 8 96 31 25 21 8 7 28 44 8 77 48 34 37 70 42 61 14 33 100 27 52 55 33 58 58 14 15 65 13 24 70 18 91 95 50 67 28 3 71 89 96 27 75 91 86 47 100 72 34 3 5 83 41 68 51 58 79 43 36 42 51 38 97 59 94 9 76 44 19 25 98 93 9 15 89 99 44 56 24 91 36 22 95 18 20 23 3 72 85 18 89 15 57 4 65 18 32 16 79 3 79 82 43 67 49 7 27 23 31 58 26 58 39 4 47 6 35 89 25 99 1 13 47 43 41 3 79 21 6 57 11 32 37 52 97 73 50 20 87 79 92 24 76 61 9 97 16 7 26 51 23 85 17 97 93 90 34 0 49 27 69 71 74 73 1 61 3 40 88 88 2 97 29 78 26 79 70 51 77 85 75 72 80 8 29 32 39 85 61 60 65 24 49 17 81 84 69 89 10 88 70 73 38 95 29 70 88 81 79 80 7 32 4 56 73 69 66 45 97 1 93 57 40 43 32 10 35 21 24 42 76 45 47 50 53 23 0 68 9 60 4 32 98 89 45 64 51 11 13 7 90 49 49 56 43 17 32 35 28 82 88 25 97 41 16 11 53 70 65 36 1 41 5 53 57 64 40 35 54 72 68 54 90 90 25 14 17 55 4 2 14 70 53 23 14 80 84 71 41 23 14 98 46 76 41 44 37 34 14 46 21 26 14 49 24 15 33 89 13 29 5 45 49 91 92 1 76 94 50 16 56 54 55 83 48 42 97 14 66 53 74 12 13 98 23 24 13 
40 0 79 53 55 85 3 57 63 59 19 23 29 83 85 90 98 45 38 74 21 93 76 48 45 78 61 46 10 30 4 92 25 33 3 37 99 53 39 29 47 33 1 11 76 18 58 9 82 51 15 81 39 15 94 6 83 15 51 32 37 67 53 14 22 47 64 71 90 22 99 68 68 55 9 28 78 80 49 89 37 100 18 4 58 44 82 75 75 71 35 67 5 20 94 69 57 39 59 47 0 30 70 98 60 35 100 24 79 25 44 9 37 59 44 0 37 45 27 40 93 80 75 34 55 32 36 94 89 0 65 87 83 77 75 24 87 75 26 65 55 99 83 96 38 85 27 69 64 85 52 17 69 25 89 44 61 53 57 35 25 67 24 0 30 17 11 97 1 87 75 96 94 57 70 19 73 0 21 47 95 51 25 72 20 66 46 14 17 48 92 91 89 89 8 32 12 34 50 33 75 52 47 54 71 92 36 30 1 87 11 31 86 54 59 4 45 68 39 73 42 8 33 1 76 31 59 78 68 49 98 37 74 89 20 41 98 29 61 81 3 26 0 41 34 73 87 16 66 76 4 53 100 46 40 20 3 21 17 25 100 42 41 16 57 89 24 39 1 97 11 56 41 79 18 2 80 10 41 25 44 68 2 71 48 100 100 14 33 27 32 19 84 72 67 52 90 62 51 70 36 63 92 37 45 8 52 84 38 60 73 93 95 43 32 42 45 32 71 73 52 40 94 70 74 46 63 26 90 89 13 82 65 9 76 74 73 60 85 71 49 37 39 70 14 16 77 60 96 33 84 31 63 65 32 19 27 39 19 21 95 54 4 63 16 57 15 58 1 22 59 40 56 74 65 79 49 55 23 21 51 15 31 48 50 36 21 42 83 60 97 46 49 85 98 72 34 58 14 97 96 26 9 33 34 67 29 25 37 59 85 100 35 72 47 80 87 98 69 43 51 47 13 9 66 41 46 12 54 78 24 26 35 72 7 78 14 74 58 55 86 88 4 62 14 65 58 30 68 44 67 65 55 52 20 78 70 35 8 64 35 28 55 41 44 46 35 57 47 88 57 57 66 33 62 59 97 88 27 97 41 16 92 83 33 100 90 11 20 0 51 7 18 74 45 69 52 71 13 35 
98 79 61 27 14 14 50 86 82 87 48 25 19 26 92 97 37 100 78 45 50 93 56 4 59 84 3 8 81 91 63 16 77 86 88 75 16 77 35 96 48 67 72 17 68 0 61 8 15 39 59 95 35 46 72 95 40 65 45 10 52 3 66 20 61 8 20 24 56 64 69 69 86 65 5 77 26 22 71 4 48 13 25 42 37 78 12 66 54 13 75 3 97 31 21 2 49 74 84 22 41 0 7 95 19 27 59 100 70 42 15 46 28 8 8 1 73 43 63 9 76 46 15 11 37 5 97 91 67 20 75 1 44 48 72 46 86 33 100 36 97 24 35 58 87 86 73 92 76 83 55 49 41 59 3 7 22 4 96 84 36 0 23 3 31 60 82 58 100 76 93 14 71 62 7 97 15 67 89 2 69 7 43 40 15 48 62 79 77 64 15 23 70 50 23 50 86 47 70 6 34 35 80 50 62 65 92 67 59 100 43 61 26 46 37 85 5 42 36 79 88 9 67 54 9 26 41 10 47 13 75 81 17 89 16 87 11 29 19 7 99 80 71 59 60 100 11 11 1 9 21 26 75 14 1 33 39 56 50 50 72 59 94 69 59 85 74 61 57 49 60 12 59 11 73 10 89 41 57 10 24 98 95 79 44 5 66 68 56 8 68 34 85 45 12 72 28 12 92 6 56 52 73 35 40 63 72 87 4 68 92 55 70 79 73 40 43 49 4 68 20 48 66 29 58 12 70 88 1 5 26 71 15 50 18 69 41 10 71 18 72 69 94 28 64 14 10 94 18 42 41 82 47 71 54 44 28 39 72 14 91 40 64 62 60 5 38 33 94 58 15 48 47 80 26 67 67 78 32 53 84 58 20 86 0 10 35 68 12 17 27 35 52 9 91 72 88 67 56 40 12 68 91 70 28 35 72 74 11 85 64 83 21 69 57 87 18 30 98 14 82 53 53 5 28 45 36 33 68 57 19 3 0 8 0 65 65 89 19 70 30 2 60 68 98 68 86 2 56 16 84 5 57 33 78 41 10 99 26 33 68 78 40 12 19 69 96 32 21 49 42 79 55 34 10 92 80 41 59 54 52 95 15 77 71 70 18 64 67 52 43 60 3 7 33 49 84 56 85 3 
93 13 37 88 81 8 66 74 88 95 99 19 81 41 51 16 52 19 41 78 95 98 10 43 27 41 58 39 95 11 99 8 25 86 11 59 77 7 35 23 63 1 35 71 43 84 83 98 99 38 29 49 30 30 42 59 1 24 51 6 55 61 92 11 16 77 72 25 56 74 57 15 50 68 98 24 26 47 65 52 40 63 59 93 96 49 94 67 46 22 74 12 87 16 11 50 1 19 65 98 29 56 19 52 38 22 78 67 35 100 8 20 52 67 47 11 37 86 82 12 57 20 91 65 71 4 38 22 31 51 52 57 34 6 95 96 98 73 44 25 15 9 60 56 21 10 30 7 44 42 97 22 1 11 58 90 72 20 47 96 21 83 58 59 21 67 75 92 30 14 99 0 98 65 33 76 12 84 80 67 7 35 53 27 76 41 41 19 56 8 90 41 38 89 0 28 84 7 51 99 84 22 24 100 49 12 98 38 94 86 86 45 91 22 21 32 24 75 79 68 83 81 53 79 35 23 46 12 63 39 54 57 29 99 4 93 76 60 48 83 13 99 100 100 95 16 67 32 54 3 11 35 21 63 32 81 93 88 53 77 10 18 32 79 3 88 40 79 81 30 86 96 58 21 55 49 44 1 20 31 1 71 87 29 34 28 87 26 21 47 44 34 85 45 25 33 60 49 14 5 29 4 7 81 76 42 23 9 38 57 6 56 48 97 24 88 78 52 49 45 30 62 88 72 89 14 49 43 44 97 80 36 20 72 98 53 76 28 26 16 97 38 7 98 22 63 83 60 56 84 30 60 52 11 27 19 1 48 39 80 93 40 27 63 64 60 54 53 55 13 78 94 25 89 96 40 100 68 83 71 18 85 87 63 33 80 2 72 21 88 13 36 96 31 35 98 95 71 29 37 90 42 42 11 16 25 32 52 63 45 72 89 73 74 90 7 100 46 14 99 25 87 86 91 3 54 5 28 55 3 7 49 66 6 67 90 38 70 62 17 66 80 79 49 87 22 60 69 32 78 44 78 31 71 67 6 88 29 10 26 31 22 14 0 46 78 54 4 92 44 50 91 36 52 2 56 75 10 62 86 18 93 2 10 31 38 79 43 3 62 64 76 75 13 7 32 30 13 8 12 
12 12 91 27 97 76 74 64 23 74 1 73 19 10 12 34 76 17 66 73 81 92 91 29 95 17 77 58 32 72 2 84 72 42 65 92 16 100 80 18 68 48 82 46 75 84 33 67 11 72 48 94 81 61 64 63 36 69 19 72 52 100 46 97 25 59 37 56 20 29 91 18 54 83 83 10 46 84 7 75 88 81 17 32 81 4 42 8 12 81 15 67 100 97 68 33 92 0 31 2 70 7 99 83 1 96 12 66 51 52 98 61 38 63 99 6 25 64 63 4 32 30 75 37 12 34 33 20 18 22 24 98 32 76 64 29 20 69 68 10 77 41 71 37 37 61 73 41 66 48 92 60 57 84 53 84 63 64 22 4 63 29 36 89 70 3 82 66 13 21 95 84 99 75 34 30 70 19 67 2 37 99 3 68 27 24 53 47 100 98 36 56 76 75 79 41 44 40 74 2 17 93 7 29 98 20 79 79 62 38 49 47 50 49 100 3 19 49 68 8 30 96 14 91 40 67 67 26 7 31 0 17 83 23 62 93 83 71 47 10 74 61 15 78 13 13 26 28 16 90 28 61 45 26 3 30 71 47 91 26 16 25 64 13 5 0 67 4 58 95 100 76 22 50 16 12 96 78 29 13 94 92 100 28 24 35 36 93 21 27 46 28 21 52 24 34 84 82 34 11 46 91 0 29 93 4 52 71 88 55 24 38 66 51 28 45 19 56 25 20 79 61 93 94 78 96 73 26 72 3 66 0 90 32 36 74 87 89 70 46 86 76 49 67 31 62 4 56 81 91 1 65 1 25 54 16 41 84 30 90 82 66 91 10 89 1 85 71 68 46 33 56 25 96 74 64 42 49 14 1 69 27 29 3 51 43 42 22 77 20 26 3 69 33 63 48 53 56 1 3 8 28 41 60 32 43 29 77 98 16 83 88 11 77 91 75 21 65 92 76 75 20 33 47 56 8 77 18 8 43 64 1 7 11 77 75 48 89 9 51 93 23 18 70 38 39 77 36 87 14 24 60 26 83 75 31 92 100 45 47 14 45 85 94 59 86 79 97 9 0 85 73 86 12 69 98 72 30 15 16 5 14 82 88 61 84 34 93 46 80 91 15 14 66 7 100 16 48 92 46 
93 86 54 36 97 96 59 87 27 79 98 68 13 40 37 18 38 28 10 14 22 14 25 58 56 93 7 49 37 85 36 86 50 47 29 62 89 92 25 94 92 34 22 75 17 98 100 9 85 46 32 83 42 69 57 33 46 30 88 57 40 45 19 95 47 90 4 18 13 29 22 97 83 17 37 5 56 85 23 57 98 35 100 76 82 33 30 60 48 47 66 96 12 44 51 5 1 68 46 0 23 25 40 53 75 80 61 41 6 25 80 29 37 33 78 76 75 71 97 13 20 86 95 68 40 61 49 87 90 76 79 93 77 75 94 78 65 15 70 2 22 22 42 96 76 12 53 35 40 63 75 99 75 62 81 1 49 64 9 7 0 76 62 34 93 74 8 95 26 70 60 58 83 6 10 26 12 73 0 4 69 67 67 77 17 38 90 75 90 74 53 18 65 22 1 0 78 71 74 67 43 60 39 60 19 85 16 87 44 51 21 73 54 96 45 18 99 65 69 16 61 93 54 83 58 28 47 97 77 10 54 13 76 50 90 64 63 40 63 98 48 71 93 90 57 98 97 35 54 33 2 5 75 48 84 42 91 53 5 11 15 63 5 75 21 52 61 9 15 60 48 31 3 32 42 87 26 22 34 63 35 9 46 5 63 41 84 8 51 28 80 42 1 78 81 53 67 7 28 58 76 28 7 13 20 9 45 57 76 55 89 100 81 36 67 95 91 77 19 15 7 29 26 67 83 7 8 96 10 52 18 48 27 41 32 27 26 17 36 76 86 48 94 8 34 14 77 57 26 61 59 19 84 38 9 50 46 59 64 74 52 61 94 76 75 63 97 78 60 33 71 5 85 27 23 28 1 16 89 0 84 4 42 96 3 74 28 90 63 12 45 10 75 23 57 56 38 56 94 90 57 75 74 46 87 53 24 62 84 29 55 53 55 91 4 77 49 79 24 92 87 93 39 39 86 14 56 68 52 99 93 88 29 26 36 41 75 28 44 45 27 0 73 31 58 69 19 51 57 86 12 45 23 13 56 64 22 52 21 80 48 35 88 96 66 37 88 81 83 22 90 78 18 83 82 19 27 29 78 46 28 40 16 24 47 67 82 49 18 9 46 1 11 14 10 52 99 78 75 13 
3 29 6 53 73 90 65 98 96 11 93 67 42 100 90 51 87 43 90 87 78 56 68 75 30 39 59 72 91 29 37 91 90 93 99 40 95 31 77 17 21 64 36 95 8 96 22 63 29 100 59 30 9 89 7 20 60 99 61 75 99 4 70 26 28 17 76 12 44 61 14 85 97 7 27 8 82 89 84 96 39 75 82 84 58 61 16 45 46 60 49 96 42 62 79 21 71 70 52 70 55 25 96 92 36 67 67 59 83 99 5 38 1 75 7 35 59 91 20 69 58 49 5 51 84 32 37 2 30 57 10 53 61 87 1 17 95 76 89 13 64 87 44 93 20 29 16 23 21 44 13 9 83 54 57 12 29 93 69 70 86 83 93 18 55 94 62 5 5 95 98 78 100 89 10 88 50 59 39 61 10 39 42 0 48 85 29 45 69 30 67 95 65 55 27 43 30 44 19 16 86 33 75 56 18 15 46 93 1 30 0 65 58 37 26 2 51 5 8 38 12 70 39 86 57 50 79 85 14 56 81 9 61 75 19 0 80 96 36 36 85 97 28 77 49 25 38 9 10 66 54 14 24 37 32 65 24 3 72 38 15 1 6 87 98 7 73 14 69 98 81 0 94 69 57 99 71 52 54 48 21 36 49 79 53 29 4 88 53 99 54 13 35 50 31 34 55 36 0 89 52 9 90 78 76 30 90 35 6 8 17 80 23 92 79 12 8 62 19 74 53 65 30 23 76 57 96 26 5 22 63 77 24 46 9 8 2 45 86 89 91 14 53 53 12 89 76 28 87 92 0 93 90 86 43 21 30 15 6 96 10 88 42 61 81 50 68 20 56 19 29 67 21 42 1 30 21 8 9 81 64 87 23 69 15 98 41 75 34 2 70 87 74 83 81 29 74 44 71 90 22 85 90 69 36 83 51 61 18 24 92 86 52 88 47 74 60 33 6 38 55 61 20 87 31 91 91 88 27 57 55 74 93 13 14 61 84 50 100 41 68 13 38 36 18 50 98 45 14 69 60 98 89 7 65 28 84 13 57 95 56 16 32 16 26 65 42 67 24 63 0 23 99 37 65 58 45 82 11 68 52 98 22 66 86 24 0 90 53 23 26 76 76 53 64 69 72 26 86 96 
92 11 14 14 94 11 13 60 40 34 80 98 42 86 52 18 4 17 9 78 43 17 47 40 99 69 21 83 35 25 37 29 88 26 22 52 5 84 89 56 43 96 21 91 53 67 42 92 92 25 49 21 23 41 97 75 88 10 20 39 90 64 88 22 56 97 14 6 9 28 60 68 16 11 19 3 27 2 60 78 21 32 82 1 7 72 9 72 26 79 84 97 23 90 58 30 96 59 95 90 70 99 60 84 79 0 98 47 33 22 84 100 49 44 47 40 27 34 63 48 91 38 97 6 14 13 99 95 46 10 70 75 79 45 21 94 81 57 0 1 99 34 73 56 74 85 40 15 85 65 38 91 72 8 79 30 91 47 97 97 67 9 23 20 98 77 46 51 67 22 99 86 92 65 47 59 18 1 29 48 70 100 44 13 39 76 20 32 18 20 43 75 83 99 100 56 27 3 62 70 9 71 65 17 52 56 6 97 78 30 46 30 31 41 36 73 40 86 59 45 48 1 85 33 35 46 44 86 18 19 10 41 91 71 3 30 9 6 4 95 56 29 14 74 16 74 63 27 7 55 42 1 27 55 30 59 99 37 61 100 34 90 95 57 82 64 3 40 32 91 49 21 93 40 82 37 71 56 4 36 19 49 11 44 71 20 42 51 25 21 49 19 3 68 71 91 46 62 23 55 85 68 33 41 3 81 1 53 10 37 1 57 89 59 51 81 65 82 83 44 38 51 82 78 62 25 44 10 43 30 61 91 98 13 33 59 65 30 68 14 52 74 57 86 2 16 46 46 20 10 24 89 59 52 26 3 60 6 10 11 14 35 82 2 37 12 24 33 45 74 93 40 71 73 81 39 37 47 83 94 65 69 79 10 16 10 89 48 48 2 15 37 26 56 33 60 1 95 21 12 41 5 26 27 89 94 10 79 93 55 75 21 42 3 18 84 96 54 52 74 27 21 45 7 98 40 95 11 30 60 4 48 11 96 81 5 100 64 87 50 9 53 85 76 35 19 20 50 35 78 25 71 71 22 78 77 99 86 91 60 39 17 81 64 61 85 70 19 46 7 7 32 26 14 65 52 48 37 66 59 1 99 38 53 80 85 79 100 0 86 21 71 25 98 60 47 22 3 58 69 
82 92 60 82 56 6 18 94 83 47 33 100 65 82 72 80 60 83 73 83 24 61 14 28 16 2 69 23 68 88 8 47 7 48 39 96 36 47 40 4 3 71 27 57 87 61 38 49 20 49 73 30 78 23 1 48 5 82 37 99 22 62 36 100 63 26 17 8 82 89 29 30 45 100 29 99 18 38 91 44 71 20 79 77 9 25 28 43 52 94 33 84 76 17 62 6 74 96 35 2 4 90 6 31 11 73 94 47 61 68 7 56 72 3 63 71 89 1 12 78 19 28 14 71 91 18 9 68 89 2 46 87 73 25 20 18 32 97 95 48 56 81 54 33 29 12 17 1 61 84 60 38 93 40 27 67 96 18 12 46 2 72 30 9 0 27 68 72 10 10 93 52 3 26 91 15 47 42 28 90 14 97 76 53 80 46 99 84 37 56 47 42 60 54 87 2 79 68 100 15 14 41 96 58 31 5 92 31 78 27 100 46 86 11 17 77 16 16 8 64 43 77 72 12 91 33 47 47 6 81 60 86 75 80 43 51 29 79 7 74 89 80 93 75 77 59 92 7 18 71 42 46 8 4 81 65 50 78 28 83 69 74 91 54 25 75 64 58 48 46 11 100 93 88 43 72 99 11 99 15 76 50 56 66 71 55 33 76 62 75 10 40 37 72 24 41 42 37 51 50 18 24 30 67 43 10 99 1 99 76 21 62 62 48 52 57 66 63 34 34 77 46 4 28 100 29 48 44 49 88 78 83 95 47 87 67 66 67 76 23 83 60 39 0 45 91 97 93 77 85 52 83 97 83 78 16 90 45 9 36 38 50 15 75 10 91 81 28 40 56 51 16 11 95 80 3 15 49 95 77 67 87 100 98 12 89 12 17 46 62 78 37 73 12 96 12 69 13 72 47 30 0 6 74 89 97 21 46 30 23 17 85 0 30 2 49 74 73 36 77 1 0 31 29 55 90 4 30 44 58 61 19 44 0 19 88 18 12 80 75 72 15 54 17 5 47 81 79 77 0 2 29 53 15 75 22 93 84 100 80 100 57 11 65 63 95 27 56 19 88 65 1 76 90 82 28 16 50 33 54 18 43 42 36 93 29 6 10 5 46 55 4 98 62 9 47 19 63 0 15 
22 78 92 83 22 88 48 27 81 98 90 80 95 53 92 29 36 71 55 95 82 1 6 65 67 93 29 69 61 30 38 7 20 30 8 67 5 97 6 59 60 70 83 68 47 84 72 66 45 70 79 8 44 94 19 79 74 15 78 48 58 84 91 90 63 15 39 46 14 87 71 85 80 18 4 42 13 83 86 4 38 8 37 75 80 38 53 37 53 95 54 66 72 27 71 66 38 26 26 60 50 84 71 52 31 75 14 71 85 43 47 82 80 93 29 79 14 86 100 89 81 85 37 58 62 27 92 68 67 64 44 98 19 70 83 70 65 42 1 7 5 67 77 91 14 7 36 0 90 66 59 62 91 86 23 70 62 71 51 52 65 7 22 1 82 21 74 56 60 95 89 92 78 72 33 96 18 17 87 61 76 44 35 73 43 47 34 6 97 39 48 97 21 51 26 25 6 95 12 61 68 62 24 19 76 13 87 29 24 28 10 12 40 37 87 92 94 85 66 70 58 28 34 52 52 35 71 32 73 0 100 14 68 62 15 78 62 51 81 95 63 21 57 61 9 11 29 36 57 21 52 28 41 41 60 38 99 63 17 17 42 58 29 66 69 26 38 50 33 69 72 9 56 58 3 61 18 67 78 88 97 63 41 58 9 75 76 33 96 27 90 93 83 39 44 59 4 80 98 13 64 52 43 94 53 26 42 22 3 69 26 52 45 86 55 1 49 44 5 11 30 8 57 71 76 76 63 87 12 1 57 99 76 7 33 73 58 21 8 71 43 34 87 59 21 28 81 6 59 28 99 0 45 24 80 13 14 86 47 94 58 82 48 69 61 26 99 90 18 72 50 54 38 21 57 7 61 13 77 36 39 82 71 95 79 85 57 80 29 83 0 47 22 80 83 89 75 99 5 94 28 77 41 19 54 21 48 81 93 87 13 62 39 58 27 18 13 51 22 28 80 48 0 92 6 16 70 88 40 33 43 88 76 60 17 73 27 26 70 57 82 23 67 3 49 8 2 68 0 4 79 52 51 16 78 41 78 22 53 99 12 13 39 93 44 18 86 31 68 44 15 67 54 44 95 15 19 6 24 36 42 98 34 11 93 26 59 79 19 78 41 7 92 28 40 72 11 32 82 78 
8 63 79 72 31 91 11 15 85 87 42 3 15 70 61 43 4 14 21 25 16 38 41 78 47 81 43 34 88 34 57 59 60 6 25 89 50 85 43 12 28 100 69 5 49 88 72 23 93 89 94 89 5 89 8 17 98 17 10 31 27 64 46 6 51 13 27 6 100 56 43 14 8 54 23 33 46 82 0 95 4 4 4 42 58 14 10 92 60 42 90 11 44 97 82 18 66 32 0 81 35 56 12 91 97 91 88 31 54 83 60 65 0 94 28 98 65 60 99 68 80 98 15 89 97 57 1 74 55 32 7 28 33 15 66 42 94 66 91 9 61 58 96 43 75 44 57 14 39 90 18 30 84 78 31 9 13 42 92 28 2 55 46 78 46 16 1 89 65 63 37 99 70 51 35 9 68 60 10 20 33 99 47 19 77 43 0 16 100 4 32 12 91 12 99 4 19 80 88 43 20 62 61 11 4 97 26 0 89 39 91 14 54 88 90 90 52 90 6 98 43 8 39 19 65 91 78 30 30 76 19 81 78 33 39 90 13 7 36 72 84 72 41 32 93 8 29 80 5 21 69 1 44 57 25 79 49 15 50 77 84 67 94 90 59 31 41 59 38 11 82 71 33 22 5 77 83 49 64 94 67 60 64 31 14 37 82 75 15 95 93 91 78 74 64 79 33 66 63 7 21 46 78 18 48 87 2 66 31 96 26 34 25 77 90 30 82 82 55 1 4 28 23 78 34 25 35 70 90 35 38 17 53 48 93 21 38 78 69 13 31 68 8 81 95 12 95 45 42 80 3 87 0 18 92 71 37 8 10 93 8 15 81 36 48 47 47 74 57 53 45 83 56 8 92 88 87 34 33 99 67 51 30 82 80 33 88 83 79 50 77 90 82 76 1 58 65 60 96 99 45 94 32 57 19 88 50 5 34 38 58 83 31 48 3 6 11 47 36 19 41 41 1 7 29 74 94 86 84 80 56 46 34 94 48 71 75 94 29 81 67 54 65 13 26 68 25 75 4 66 3 91 14 79 71 23 28 33 45 40 87 27 75 16 68 35 27 10 57 27 59 13 17 36 0 41 85 51 5 95 46 87 71 90 63 20 56 15 32 3 66 35 57 54 98 16 51 18 38 23 
85 92 6 13 22 1 44 54 64 4 63 32 77 99 29 12 75 9 93 49 94 62 47 79 57 39 40 2 87 19 78 80 63 51 98 38 61 3 85 16 56 29 31 57 29 40 61 60 69 90 80 90 70 47 97 58 81 3 30 26 29 11 47 33 73 38 27 40 77 14 42 88 70 29 48 89 22 34 87 82 47 51 11 52 77 30 31 68 77 19 21 57 98 33 45 63 94 39 16 25 13 83 58 6 61 80 89 46 13 96 25 52 66 6 47 75 19 73 35 90 37 43 33 41 57 99 43 57 42 76 89 45 96 54 46 61 13 46 86 63 77 24 49 34 54 48 9 28 92 3 72 90 59 59 73 95 61 53 31 20 67 87 70 12 4 65 16 60 91 41 32 88 63 59 16 62 57 18 29 57 80 96 52 13 30 24 15 63 7 72 7 94 67 77 77 57 57 4 16 37 68 39 60 33 30 82 68 17 40 32 10 33 49 56 15 44 24 60 33 93 48 56 26 18 70 24 60 1 98 98 63 41 27 43 73 30 66 1 31 94 8 9 9 55 77 40 60 13 63 90 62 30 22 79 14 65 81 79 83 29 94 53 12 28 28 30 15 1 71 51 30 89 31 42 22 89 77 68 65 55 75 80 28 21 14 74 12 99 47 100 73 0 50 96 54 71 29 81 44 76 27 84 29 21 92 71 25 83 77 66 90 21 45 17 24 1 8 67 27 26 100 79 95 18 97 7 60 21 2 10 69 94 21 17 77 5 12 90 63 73 15 25 60 24 57 53 86 42 27 7 2 98 15 98 1 97 48 20 24 52 20 13 62 7 28 61 42 70 3 9 48 62 2 66 90 66 92 44 68 36 49 88 25 39 83 48 85 66 49 75 33 17 8 41 6 18 83 40 91 53 97 7 59 63 35 36 64 74 39 37 100 99 94 89 2 60 87 25 13 32 38 98 9 2 73 45 84 31 72 7 100 67 22 74 59 15 76 54 68 13 23 56 27 14 42 54 89 61 7 6 89 62 28 29 4 51 33 93 40 77 13 99 73 54 70 83 79 3 14 53 96 20 59 80 36 99 78 35 1 5 20 67 29 81 82 81 22 4 64 79 60 93 88 100 41 79 34 77 77 34 
5 79 32 90 76 28 27 68 46 52 36 84 38 62 99 70 0 37 98 45 5 67 32 60 99 11 55 13 50 15 36 47 44 17 32 87 10 67 97 74 59 44 15 72 37 55 54 18 84 66 63 19 19 42 93 48 82 52 78 32 72 51 96 39 20 38 59 64 97 26 78 65 82 13 76 2 6 59 1 96 74 53 40 83 25 85 31 57 23 83 38 68 45 4 41 43 88 42 75 90 64 78 93 5 74 32 8 70 56 71 42 32 22 38 49 81 21 15 28 34 81 33 15 5 36 17 71 99 8 86 20 33 71 45 11 82 15 66 4 78 11 31 89 46 9 20 27 65 21 73 56 97 49 24 64 69 70 45 21 39 42 76 62 93 21 38 8 70 35 100 27 5 85 51 87 78 70 44 16 71 61 30 29 57 54 31 22 14 93 68 60 17 75 13 22 63 50 1 100 99 49 78 39 28 18 27 3 66 39 42 78 79 14 59 100 75 24 0 75 48 95 69 29 12 52 23 73 73 62 16 47 36 45 27 70 89 89 58 65 63 100 91 75 11 2 2 18 53 66 81 77 8 89 48 78 74 34 71 11 74 77 66 30 19 98 14 87 32 19 38 3 39 85 47 18 56 5 87 20 81 20 18 70 97 71 96 15 26 95 39 41 77 10 12 3 72 51 49 33 43 32 21 51 48 17 6 26 41 32 20 14 81 68 100 25 61 0 21 74 65 32 6 50 3 91 90 47 75 100 85 96 52 56 69 95 93 49 39 38 5 61 58 86 7 36 46 4 80 37 2 92 43 91 38 43 40 22 39 100 39 84 12 75 74 13 79 83 58 75 0 3 92 74 53 32 26 56 91 68 81 1 22 56 23 70 46 44 32 21 57 98 86 4 42 13 96 52 33 96 12 73 5 64 33 93 67 36 53 11 3 23 36 10 45 14 27 97 35 87 100 87 87 32 89 56 13 39 72 33 43 30 92 85 78 80 21 17 20 67 58 49 24 5 67 60 41 96 90 95 56 64 50 22 92 45 43 85 69 93 51 69 31 60 85 48 79 72 36 63 54 11 72 98 16 92 8 51 97 67 58 98 83 46 36 20 14 6 25 34 63 23 51 4 21 75 42 96 38 21 70 
82 84 31 75 77 64 12 74 64 5 43 76 3 42 17 37 71 7 63 47 73 11 47 76 62 2 47 100 17 0 79 87 24 17 46 7 79 51 64 85 54 49 3 65 34 98 67 98 70 78 74 31 35 97 3 59 3 32 42 48 30 57 10 70 51 60 19 79 10 18 95 67 23 8 76 62 25 43 16 18 94 94 89 60 95 85 95 62 57 1 79 98 19 23 92 80 85 77 25 12 57 41 73 35 95 0 46 55 57 18 96 98 38 76 53 85 55 30 55 43 1 18 96 54 5 45 58 25 32 17 4 16 17 79 30 2 79 92 39 2 22 21 23 55 13 0 32 75 87 44 39 14 20 5 73 32 23 42 97 13 97 86 53 19 7 97 58 97 91 13 35 37 75 89 37 49 16 65 66 53 5 78 75 85 12 65 43 49 61 4 14 19 42 91 58 2 53 64 34 41 7 84 5 7 95 45 75 29 3 42 39 83 40 80 69 21 93 0 42 96 43 68 48 66 49 49 32 20 11 44 21 83 12 45 9 62 93 55 47 47 50 16 75 14 5 92 41 59 28 98 43 67 22 80 20 25 34 26 73 27 60 66 55 14 52 50 41 0 68 17 29 28 2 94 45 82 49 42 93 11 49 52 95 61 7 45 13 22 10 52 96 54 38 68 22 10 76 85 46 32 65 16 42 61 83 61 16 69 6 89 9 22 46 33 82 8 56 10 45 94 26 26 61 57 28 73 21 68 33 18 2 30 54 21 51 67 57 24 68 56 42 2 54 71 85 56 16 1 65 48 33 52 51 98 57 44 63 94 45 51 50 77 1 61 53 42 76 48 36 67 3 5 18 85 39 9 29 90 61 19 63 23 11 86 36 69 53 12 17 50 36 91 8 100 1 43 60 79 82 41 11 53 88 41 62 46 33 70 24 91 38 27 58 92 14 41 25 8 89 71 46 11 46 64 68 46 18 36 10 62 6 94 69 81 30 75 77 54 62 89 56 24 71 78 69 26 12 13 70 14 36 8 0 33 7 87 77 6 78 97 25 92 18 81 100 76 56 55 1 95 64 35 39 22 19 56 10 25 78 62 17 14 71 96 68 86 37 72 10 20 66 30 61 13 9 94 30 21 83 68 
82 16 28 45 57 7 13 95 47 0 98 17 39 81 92 99 96 19 1 57 40 93 91 24 91 96 41 82 49 46 57 28 16 55 72 93 61 38 58 94 0 94 100 80 92 21 47 92 19 69 80 97 25 38 51 25 75 42 65 74 89 88 22 48 42 43 1 86 31 8 48 39 95 46 72 54 55 63 65 21 21 15 94 59 97 23 88 2 74 42 91 14 21 31 68 84 23 83 24 66 71 98 49 48 95 5 40 1 64 9 28 89 97 19 3 0 63 34 31 80 91 21 66 67 36 40 38 96 17 44 44 11 50 74 81 97 59 84 75 82 28 67 100 46 38 76 69 34 5 91 66 43 50 73 26 53 57 82 97 57 69 41 77 79 48 12 11 74 33 12 60 67 79 98 34 24 25 17 54 81 13 75 46 69 56 76 23 61 80 32 34 67 32 43 65 98 76 42 100 40 66 6 27 31 64 13 21 26 78 7 45 9 78 44 99 5 35 12 43 9 58 85 22 91 19 75 25 48 56 18 85 50 4 93 13 12 50 78 44 48 19 59 84 14 37 45 62 61 38 100 63 53 97 75 73 98 100 5 67 91 37 94 6 22 14 96 78 100 57 78 33 50 12 59 51 19 3 0 37 60 9 72 96 81 63 78 17 11 87 46 77 38 25 71 56 88 70 51 41 19 18 95 13 84 1 9 44 61 61 15 93 64 22 86 21 13 34 59 26 3 14 42 91 56 35 77 87 52 16 81 42 3 85 81 59 67 87 63 42 50 33 3 8 64 80 11 58 35 54 55 61 74 88 24 62 5 46 34 94 54 97 20 77 54 49 66 99 21 40 41 27 36 7 86 55 5 26 71 77 63 77 40 81 71 87 71 96 78 92 35 3 26 78 15 59 29 88 73 77 7 19 17 74 75 48 51 42 80 34 29 98 66 34 36 84 92 98 81 76 58 62 92 73 34 85 34 85 19 70 78 78 22 9 98 47 10 87 52 92 5 51 90 72 13 92 12 45 58 67 14 97 29 26 43 54 27 56 86 14 57 22 1 76 21 14 62 20 55 31 44 70 32 22 64 92 60 7 90 5 47 91 40 32 88 77 34 83 88 63 40 99 28 83 2 54 28 69 14 84 73 
54 40 86 76 2 48 5 25 99 1 83 85 68 42 47 63 32 76 53 48 88 83 53 58 87 2 26 64 78 6 30 99 37 38 34 7 51 78 57 24 90 47 75 46 11 58 26 98 4 2 77 78 61 1 29 76 98 23 8 28 69 10 44 98 71 64 94 72 94 17 10 37 28 5 61 65 48 53 55 21 67 77 15 15 11 48 32 64 42 39 47 98 61 6 29 64 93 41 8 34 34 76 13 38 5 85 87 68 29 64 11 23 5 40 63 59 17 79 92 52 73 76 11 1 48 74 87 32 18 52 34 55 40 21 28 97 95 62 29 60 47 31 70 23 91 78 39 95 31 63 13 68 73 22 39 44 28 3 31 90 73 97 63 93 82 26 98 44 35 76 93 10 9 11 14 38 55 31 25 35 32 16 89 40 96 91 28 7 43 12 75 54 100 23 56 87 22 59 95 0 33 49 84 48 64 16 27 22 45 37 42 15 93 10 75 35 94 73 13 81 15 25 49 25 66 57 4 25 57 65 67 1 15 96 83 76 18 2 10 6 93 53 76 13 51 35 52 93 10 58 73 66 27 64 78 15 38 32 90 83 47 78 27 23 87 64 39 9 76 15 12 27 35 15 18 92 19 100 72 54 14 24 81 86 26 48 73 72 66 61 75 12 88 70 36 75 17 23 15 22 74 73 74 66 13 77 12 57 22 47 87 27 97 81 13 95 27 73 4 73 29 76 25 14 94 63 69 43 24 21 99 99 25 62 21 24 73 55 73 4 1 62 63 23 8 3 14 76 77 65 5 12 37 48 7 67 44 33 40 45 83 77 56 0 31 90 8 64 18 59 4 74 52 11 72 98 18 98 19 67 43 60 77 31 52 99 75 80 99 79 86 76 84 11 64 58 1 40 14 61 55 87 35 26 70 1 56 30 77 89 55 72 31 59 1 88 63 100 15 61 53 34 51 39 18 76 54 50 90 37 88 60 56 7 100 34 89 85 16 17 4 70 45 93 62 85 14 92 46 79 63 9 68 51 23 37 24 60 47 43 51 96 100 52 1 72 43 89 83 83 56 49 41 97 97 12 63 18 41 4 70 78 24 44 89 78 38 41 94 31 52 76 2 10 11 5 62 23 0 54 
55 72 95 49 70 26 49 41 33 95 97 41 37 54 22 63 11 64 33 93 18 13 77 86 89 20 62 80 41 6 20 91 66 16 62 5 5 31 28 16 79 88 7 15 53 86 23 94 32 13 19 52 37 49 58 33 2 37 60 65 27 30 28 24 72 74 6 2 46 19 91 75 40 66 44 81 40 77 62 52 65 89 79 65 27 34 38 94 66 86 67 40 57 90 8 65 53 92 56 34 58 25 64 33 13 27 66 66 66 43 32 21 66 59 68 10 54 11 87 75 63 90 32 0 97 92 78 11 89 23 45 28 98 33 62 47 36 80 18 68 71 3 40 9 70 6 100 81 39 67 14 67 2 50 22 12 21 89 85 72 90 73 44 87 47 1 1 100 50 82 40 95 69 16 74 2 78 65 62 80 54 98 67 20 54 91 7 45 31 6 62 58 21 50 27 60 86 51 7 33 86 52 29 10 99 2 83 65 35 63 88 17 25 50 16 26 92 76 49 11 18 76 57 56 12 8 48 48 27 87 56 17 77 27 83 80 7 70 54 99 45 54 36 63 2 8 86 10 10 6 9 1 41 21 94 37 21 45 31 30 47 79 12 76 83 46 11 7 64 23 11 74 97 14 70 78 74 28 72 61 52 28 67 54 7 21 42 38 55 25 19 29 87 49 98 59 79 55 8 49 4 59 37 96 85 88 63 8 75 11 39 24 60 22 69 31 36 7 73 85 93 68 100 93 7 36 95 39 6 73 64 67 19 4 67 100 21 82 27 62 94 77 31 13 70 2 30 55 0 24 90 73 3 9 60 80 90 2 68 30 24 16 60 54 52 93 84 7 11 46 4 34 70 26 61 12 23 92 82 57 93 58 89 99 10 85 50 23 39 73 53 76 89 1 38 68 22 39 94 3 59 0 9 76 57 44 89 86 31 55 38 17 40 74 5 20 75 67 51 71 91 82 65 85 96 39 94 29 87 95 40 42 21 65 54 36 88 63 14 69 61 33 98 14 44 98 35 68 15 2 20 25 53 71 56 35 84 46 46 34 37 9 57 58 91 7 82 99 69 100 37 52 17 46 7 73 4 9 17 68 98 81 64 94 63 66 69 38 73 10 76 37 97 91 14 12 99 66 66 96 
72 53 56 64 84 15 67 66 68 97 32 55 64 15 35 88 64 59 13 29 34 51 16 84 35 5 59 16 78 13 45 12 9 8 33 76 14 29 56 99 17 50 46 6 98 72 35 41 94 36 52 78 51 47 45 60 99 21 57 95 89 88 45 64 79 15 92 51 82 32 26 66 3 49 47 33 28 97 85 31 4 57 0 16 76 74 70 23 18 76 32 9 17 93 26 59 12 73 62 55 14 47 27 69 34 64 62 80 35 89 43 44 77 99 47 63 19 1 100 23 10 63 88 82 23 34 94 47 80 34 42 87 54 61 31 18 30 48 97 67 63 84 37 36 64 87 38 14 6 20 30 48 67 70 53 0 29 75 48 67 90 81 61 49 23 78 99 22 83 100 31 43 48 48 27 56 61 59 0 59 42 92 55 46 93 60 74 57 94 83 45 79 15 86 97 27 57 12 93 56 76 46 22 85 9 88 3 61 10 57 31 8 26 21 75 92 95 39 71 80 92 49 8 20 25 81 4 20 8 31 61 92 69 59 38 84 75 19 42 9 54 72 8 28 11 73 88 79 56 12 88 19 78 42 79 30 88 77 39 16 37 85 88 71 68 10 20 66 30 93 84 14 29 16 70 55 67 38 18 92 2 77 85 71 100 43 85 56 100 97 79 55 14 5 80 76 41 85 8 39 14 55 99 11 68 49 5 74 53 99 55 71 79 57 41 53 22 50 99 85 12 27 42 52 0 100 5 46 55 80 23 27 57 32 12 5 4 15 2 41 38 28 87 25 49 51 15 87 49 22 61 32 44 36 65 99 9 97 95 67 87 89 40 79 69 59 36 48 39 37 50 13 27 57 47 40 13 26 87 28 23 48 11 69 90 96 99 19 9 60 46 62 61 9 100 76 40 83 59 73 34 24 17 57 96 68 21 76 90 34 60 93 92 60 56 66 2 97 94 97 82 33 68 22 14 64 87 34 15 36 10 82 87 26 46 79 39 18 57 12 19 82 66 41 56 88 3 69 47 31 80 82 86 100 48 72 25 13 35 73 64 38 63 81 99 59 81 1 62 82 82 89 38 42 13 82 70 21 31 29 79 84 79 48 32 62 99 76 74 3 74 78 54 42 100 42 66 40 13 74 
67 70 64 13 89 66 82 73 49 65 40 57 66 46 50 58 6 21 86 16 13 82 68 49 3 53 15 22 6 12 81 98 68 45 50 78 12 8 50 64 80 9 90 74 57 66 3 28 69 25 9 24 51 15 47 83 50 35 61 40 90 7 92 35 61 35 13 90 36 81 93 62 62 38 84 51 7 39 44 74 96 36 87 54 81 42 90 18 95 81 90 82 22 65 88 66 95 60 1 68 74 99 47 100 94 18 74 1 26 78 20 30 39 11 43 54 67 57 63 14 19 99 23 35 77 1 38 60 83 33 58 60 67 30 39 2 75 92 33 73 73 41 89 69 16 76 65 6 14 53 62 83 71 30 61 99 52 4 96 55 19 30 78 52 97 12 24 31 27 68 8 55 3 83 87 46 21 71 31 87 51 76 84 73 38 41 77 21 59 31 79 42 4 93 40 41 36 67 70 58 32 10 83 43 24 62 83 2 49 40 65 45 43 89 1 39 61 81 40 97 95 31 83 64 96 12 44 15 0 60 13 75 13 36 4 94 75 86 52 84 3 7 54 95 39 91 89 59 76 86 50 73 6 91 5 75 39 20 79 14 39 39 47 99 32 28 83 37 54 62 76 26 55 7 33 49 38 8 98 2 49 58 100 6 6 95 63 65 80 81 7 0 73 21 91 31 9 1 56 68 38 45 3 77 1 43 56 34 52 80 24 67 18 97 18 34 17 97 0 98 96 16 28 97 39 39 96 40 38 57 47 52 20 32 94 57 37 67 84 66 18 62 75 59 98 70 70 97 64 60 8 97 7 51 66 61 6 45 87 100 75 86 68 2 54 21 89 73 40 10 100 75 81 48 37 21 70 81 44 9 80 69 18 100 50 65 17 28 37 54 43 29 49 15 51 68 14 83 98 68 94 26 64 75 39 50 88 20 98 70 2 79 76 78 96 98 54 79 73 62 10 86 49 39 65 14 11 87 87 73 36 24 84 10 14 33 27 92 74 21 57 24 39 95 98 93 0 75 51 83 13 55 77 30 0 38 22 16 66 59 48 99 25 43 49 93 60 15 60 91 54 20 80 76 93 8 12 48 96 6 24 83 29 88 42 16 72 50 52 16 8 69 84 25 85 48 100 2 14 81 
83 36 98 45 86 85 99 24 52 75 86 72 85 75 27 38 8 81 41 29 3 84 34 29 51 31 58 49 37 80 85 56 99 87 61 77 49 75 79 21 9 97 90 36 22 86 48 6 52 81 2 93 5 32 23 3 40 31 95 37 13 42 84 24 82 78 39 95 100 51 36 100 61 94 14 30 83 16 38 94 34 33 32 65 94 37 51 65 0 1 56 87 79 60 72 89 84 8 38 78 57 78 87 35 43 23 50 22 27 60 47 59 49 27 58 57 4 46 49 3 68 23 19 51 63 42 30 31 74 45 88 38 75 78 53 17 8 16 34 30 68 27 87 61 38 64 25 57 55 90 66 32 1 18 90 83 18 4 84 62 31 37 41 19 93 10 7 45 89 6 1 22 41 78 82 33 100 81 38 94 53 39 53 19 79 48 13 4 81 99 47 27 57 11 47 80 49 25 27 83 3 49 38 54 65 43 24 40 84 93 25 56 73 91 40 93 46 21 45 26 77 1 80 22 87 33 67 11 60 21 80 38 72 60 100 78 9 49 57 50 88 31 38 71 50 18 87 17 30 97 7 7 30 35 5 6 27 69 97 91 60 78 80 7 97 56 21 1 0 80 2 53 51 91 88 7 32 12 74 49 93 8 3 84 92 14 19 19 62 61 48 18 83 91 39 75 91 11 8 54 76 53 5 53 35 39 47 72 83 41 53 13 88 95 18 97 93 79 5 83 75 39 50 93 92 65 62 31 76 37 85 37 78 72 15 45 81 55 55 91 7 75 79 21 6 39 78 35 7 71 49 81 17 28 43 15 2 9 35 91 11 39 50 84 75 56 58 99 66 71 28 27 79 39 93 100 27 62 65 0 35 19 13 73 28 68 66 87 30 1 49 43 60 44 27 42 0 14 96 100 43 77 92 82 87 17 95 61 53 22 33 78 40 25 3 18 34 79 29 82 23 35 6 45 82 70 11 45 99 41 46 65 62 62 51 25 19 37 74 2 62 94 72 64 22 81 1 12 0 75 37 63 80 14 21 47 90 17 55 73 32 21 78 44 32 81 56 92 92 26 12 82 72 41 52 16 71 68 72 87 98 11 1 54 28 62 84 10 92 44 27 11 87 68 54 49 99 50 93 9 
25 34 29 90 27 45 100 91 87 19 79 34 55 89 91 54 20 26 32 47 18 3 29 30 55 64 18 4 22 6 5 44 98 95 56 97 67 94 45 78 42 71 47 94 20 71 89 13 46 51 0 80 62 59 66 49 47 39 80 94 1 21 9 41 81 72 28 7 67 6 90 8 55 96 50 87 99 18 30 9 31 92 100 32 36 45 88 67 67 88 74 81 15 100 2 89 73 61 59 14 77 19 48 1 80 40 85 23 12 38 58 60 31 40 13 85 2 25 22 3 46 99 15 28 15 85 95 16 60 61 3 4 81 68 61 73 58 22 51 34 63 7 40 87 76 22 20 62 45 3 82 97 28 85 3 67 40 84 78 76 100 38 80 90 20 88 27 31 53 29 46 15 40 75 87 44 96 72 78 40 70 4 15 67 14 11 46 42 23 94 5 12 62 53 76 18 53 19 36 13 82 52 1 57 15 37 52 76 34 10 100 45 6 12 7 43 49 1 53 27 13 11 80 26 16 93 23 13 37 41 70 36 63 52 81 31 33 23 13 81 64 37 49 50 15 23 51 83 87 20 4 28 28 32 80 23 95 51 96 26 56 96 84 69 62 93 25 30 52 49 17 2 17 83 69 3 72 71 83 64 67 29 2 78 30 49 0 49 2 49 90 25 38 75 19 41 12 50 38 70 56 32 66 75 41 19 52 65 34 38 38 89 44 22 81 5 88 47 77 68 1 52 100 26 56 47 10 85 86 74 100 62 36 11 55 28 30 50 74 97 70 8 41 15 0 27 89 4 80 42 74 93 56 15 3 6 54 37 88 32 73 13 95 48 85 86 53 68 100 59 72 19 32 66 46 85 36 79 22 13 18 53 39 1 0 76 97 5 62 34 42 59 9 31 53 57 56 89 59 32 3 21 72 28 79 47 29 79 82 85 35 76 81 88 66 28 66 31 1 94 71 16 15 34 2 94 9 70 99 35 24 15 33 92 96 74 26 23 92 97 59 72 34 80 54 8 22 44 57 49 38 8 40 23 77 58 54 39 80 40 33 88 13 12 94 24 14 48 0 91 58 62 27 27 43 82 76 94 98 40 56 39 48 49 15 7 20 33 38 41 82 61 88 33 19 28 43 77 88 32 
17 99 68 99 53 12 18 53 13 39 97 87 93 85 98 52 24 50 7 45 86 4 58 28 23 16 65 69 47 65 99 0 30 74 82 74 36 2 66 2 24 51 54 88 77 46 58 32 98 45 33 57 81 29 26 68 88 59 49 62 7 0 98 87 8 46 7 28 52 64 57 0 22 97 25 70 53 73 25 89 67 74 38 69 46 1 34 40 43 71 83 20 44 79 9 67 43 100 72 47 55 56 97 76 80 88 6 97 53 50 14 56 47 27 35 99 90 25 46 43 82 54 21 3 89 72 25 31 31 30 97 28 98 82 54 47 58 94 5 97 31 100 49 63 62 31 38 28 49 5 92 39 73 41 19 55 2 79 90 86 71 24 53 29 11 80 6 19 53 60 79 34 21 89 78 28 46 23 86 77 72 0 96 13 55 54 87 31 70 76 0 24 42 90 53 88 49 100 100 7 64 56 8 37 13 64 97 86 98 30 17 70 42 13 49 94 28 87 11 50 13 50 62 16 43 74 63 90 36 98 66 67 56 93 79 86 48 96 62 71 3 86 71 31 53 47 40 56 84 16 89 50 53 81 34 75 69 67 12 9 99 78 95 75 59 96 30 32 23 77 36 78 24 38 10 41 86 22 86 9 99 97 15 23 6 19 87 13 84 53 21 20 86 36 34 19 4 61 13 89 8 48 22 37 50 21 33 42 92 53 64 50 66 49 66 53 91 66 33 42 63 26 12 89 4 20 83 46 74 71 100 87 4 54 68 39 4 42 46 8 36 54 54 2 7 43 73 75 14 65 8 100 45 58 1 39 88 25 71 13 19 53 13 62 19 70 17 0 13 13 69 76 85 67 37 16 32 52 46 18 2 44 15 33 88 56 79 70 51 76 89 90 80 10 78 11 13 27 66 72 16 53 57 19 28 50 43 64 100 48 59 63 28 10 34 58 9 8 17 56 58 77 39 69 24 8 48 43 1 52 93 52 47 21 57 52 62 100 25 0 13 80 99 11 26 26 9 60 30 2 53 69 57 98 95 69 9 91 90 10 89 43 38 99 26 34 54 76 18 4 21 44 7 98 92 83 77 78 29 44 52 80 86 90 45 85 69 15 29 70 73 100 85 40 79 20 28 54 72 77 
59 25 65 14 67 62 40 92 55 17 42 33 70 37 60 7 6 65 59 72 20 85 96 34 97 87 97 85 45 61 29 3 73 50 3 69 65 23 36 51 24 23 40 62 27 60 34 15 74 96 11 9 92 13 35 38 43 95 22 14 69 77 48 15 79 74 29 14 90 99 73 38 12 52 4 80 92 31 87 95 78 21 38 75 97 29 13 35 58 8 38 21 35 8 68 69 98 54 57 99 89 85 13 13 33 72 50 74 15 16 51 3 76 57 7 25 37 89 45 37 3 96 33 73 51 42 33 42 38 7 20 96 0 32 27 30 87 68 8 40 20 68 80 24 89 14 76 31 8 36 45 1 10 26 37 47 11 48 44 15 16 76 7 93 65 39 85 35 35 3 52 13 82 3 92 89 76 4 20 95 72 2 79 70 11 83 26 81 50 36 8 98 76 21 49 96 40 53 20 14 75 21 48 49 60 80 95 45 84 17 65 51 94 84 76 70 27 76 26 65 31 63 69 97 67 67 14 36 83 19 1 2 81 6 10 59 40 96 40 50 25 13 2 9 83 78 5 70 92 92 50 35 73 4 80 81 12 62 49 0 62 51 32 75 36 6 89 69 91 33 94 52 80 14 28 94 73 99 80 95 15 7 13 63 59 77 9 34 4 68 35 51 39 19 60 47 88 94 73 75 57 9 67 4 11 30 69 47 31 18 91 44 44 26 73 57 42 85 43 17 20 38 46 94 95 44 5 80 39 67 12 1 27 52 96 97 72 99 30 100 7 36 92 47 91 15 30 29 14 80 82 93 21 21 80 59 2 66 68 20 75 39 58 94 30 15 85 33 76 93 34 17 32 82 99 17 28 48 41 2 77 56 24 90 38 98 68 5 84 29 89 69 65 55 53 55 70 62 65 5 81 14 68 99 82 37 33 37 60 71 39 51 27 79 40 29 26 28 30 86 88 61 29 52 56 15 75 39 3 99 26 36 41 57 29 52 21 52 84 59 76 34 54 26 74 93 66 85 31 80 76 22 31 74 53 69 6 91 88 80 98 62 57 59 36 58 48 87 4 4 40 19 13 50 75 32 75 41 85 93 91 79 94 69 92 83 62 92 61 13 39 33 48 41 98 2 88 86 71 96 
73 72 100 25 92 68 52 39 12 21 49 6 20 92 84 14 65 70 81 48 47 27 83 44 45 53 49 12 98 63 44 36 62 55 88 63 90 96 100 96 7 61 83 76 99 78 31 18 98 29 89 25 25 19 67 44 54 33 70 36 16 36 15 53 19 1 99 54 28 77 82 48 78 89 32 45 80 21 34 100 53 7 89 45 54 29 5 37 91 19 68 73 100 77 82 36 14 22 37 70 49 88 87 0 64 55 93 77 52 73 24 89 8 47 87 17 3 78 42 85 31 5 73 84 52 99 22 15 65 27 62 21 69 70 18 87 80 92 97 37 67 21 79 16 13 87 39 39 49 86 82 10 53 48 45 85 1 78 31 92 47 51 94 35 29 0 93 29 46 16 89 97 82 3 24 80 41 8 25 44 74 36 58 84 66 58 50 9 27 61 94 30 71 43 42 25 79 91 8 11 78 57 81 32 7 10 91 96 64 83 69 55 96 27 87 73 28 95 76 41 44 69 47 29 88 63 3 20 76 62 43 54 79 65 52 35 39 89 57 98 87 47 69 33 30 21 7 66 70 61 46 55 16 3 64 9 66 81 84 21 5 74 73 38 24 22 24 10 60 61 55 38 33 16 63 19 94 73 40 46 2 95 2 9 64 81 78 80 23 47 3 50 43 39 38 2 47 81 99 30 83 14 81 78 77 35 45 89 25 88 14 91 49 8 73 32 51 97 84 65 34 25 22 40 94 15 50 0 32 5 27 61 67 49 76 81 50 72 24 36 85 77 57 30 74 49 2 15 48 68 23 54 30 28 8 45 14 98 25 36 72 91 4 88 97 43 5 62 56 22 85 89 54 29 67 38 63 44 88 29 81 7 78 40 46 15 79 67 60 57 63 30 57 53 82 22 46 100 82 51 89 94 95 36 19 65 55 96 3 13 17 43 59 50 97 67 17 46 43 17 31 26 23 48 85 48 99 94 97 47 99 52 44 30 55 67 87 1 39 17 6 63 33 65 41 74 75 10 9 41 38 56 45 29 99 75 74 68 60 87 11 35 11 41 12 32 5 42 17 22 97 13 51 33 13 71 81 40 65 10 75 3 27 45 9 37 56 94 20 61 11 77 95 32 5 88 98 76 43 61 
6 44 19 36 46 0 22 79 59 87 22 56 33 66 85 8 61 24 52 49 19 63 62 51 36 40 62 73 99 25 66 29 75 43 27 4 2 91 34 85 69 77 88 79 51 41 12 56 71 17 27 50 48 34 12 14 20 52 23 41 23 99 34 61 66 47 19 56 47 23 40 25 43 36 57 74 24 69 56 71 72 17 78 15 3 83 94 58 28 74 36 86 31 58 62 35 85 87 88 37 10 34 85 52 97 24 6 73 87 5 55 85 80 71 94 45 88 97 30 18 45 88 63 58 14 4 98 36 10 23 35 100 15 17 63 79 30 18 29 34 92 25 30 38 12 10 13 87 66 26 10 38 89 15 68 91 94 96 16 100 72 70 87 89 31 40 5 53 65 54 54 53 95 10 26 82 48 77 28 61 74 84 85 96 21 37 24 11 56 63 68 74 88 25 79 56 43 20 22 21 29 22 49 32 65 12 39 87 55 64 77 69 75 96 44 97 11 73 23 100 13 87 54 22 95 81 41 87 88 76 85 84 8 41 40 32 55 21 71 71 82 39 49 91 73 69 33 99 61 76 93 10 3 42 69 22 14 68 35 0 15 55 93 7 88 77 54 52 67 51 57 32 63 69 99 79 93 15 24 41 27 85 69 10 43 80 59 35 72 22 76 36 21 87 43 88 65 83 94 38 78 99 18 74 7 86 25 28 76 39 55 4 43 15 46 84 23 49 47 45 8 5 50 85 47 16 49 84 51 46 52 23 65 84 48 61 90 90 21 77 49 29 70 8 75 23 57 95 84 15 88 82 22 42 12 82 47 22 96 92 46 13 89 29 34 63 67 68 86 87 74 58 90 18 65 79 19 29 85 100 67 17 65 49 87 24 88 86 12 100 76 95 34 18 13 83 42 67 42 8 44 30 9 69 42 23 83 57 84 29 38 6 28 44 17 3 94 95 91 27 68 9 97 52 28 3 83 99 17 6 79 5 87 84 85 37 93 28 37 63 22 53 64 87 53 11 47 60 40 87 96 89 69 64 1 1 21 74 1 57 73 41 6 24 53 17 31 51 93 20 60 20 31 81 76 33 16 88 52 98 13 44 85 49 93 29 90 20 73 55 14 8 49 96 44 30 13 90 62 92 
15 64 18 97 42 1 99 28 52 75 77 60 70 34 61 3 2 23 68 66 92 51 40 13 41 92 4 20 10 86 38 91 47 60 18 56 87 86 11 18 18 15 78 90 9 62 3 0 6 85 20 69 97 74 44 21 3 89 31 74 70 0 71 15 10 37 75 96 80 35 61 33 62 2 58 41 17 99 89 67 96 91 11 75 64 30 29 40 24 29 3 35 22 10 53 87 89 39 39 99 41 51 94 54 25 89 2 26 51 94 12 7 85 54 92 30 62 45 44 18 71 3 21 75 62 13 63 22 48 91 65 32 70 24 29 41 80 81 33 60 4 71 82 4 83 24 22 37 37 66 46 67 96 24 84 61 3 30 3 90 62 73 68 98 34 33 24 97 33 74 87 2 58 24 69 36 66 100 37 68 45 100 90 95 88 54 15 50 1 30 96 41 99 13 36 71 100 38 29 28 14 79 58 4 39 65 64 37 14 78 59 92 35 73 91 18 85 30 43 47 54 72 23 91 83 44 76 82 68 29 26 76 24 35 47 92 22 36 26 79 90 11 68 14 24 2 76 15 22 56 87 87 94 87 91 86 12 76 90 18 95 43 69 41 93 76 16 2 61 11 49 71 84 47 1 52 48 25 80 50 24 6 100 12 37 6 100 65 39 29 55 89 60 36 71 60 14 99 52 67 36 91 59 7 13 53 100 61 25 29 60 75 56 20 11 77 41 9 77 46 94 11 80 46 75 65 76 81 17 71 83 54 85 0 19 72 94 6 31 83 34 96 72 46 35 53 46 70 65 81 77 31 73 9 97 26 22 92 38 37 77 34 64 79 69 30 8 68 16 64 100 62 98 83 38 87 55 26 22 75 36 36 57 32 0 6 53 54 44 97 70 19 37 83 1 30 23 80 3 61 74 100 38 75 91 10 53 54 11 49 99 97 43 49 18 12 35 69 34 100 44 13 67 62 86 28 51 2 71 65 53 48 8 82 37 41 68 0 95 19 94 27 85 46 87 0 46 65 40 15 78 54 4 55 91 39 2 33 7 50 64 7 7 32 82 71 24 32 32 99 95 59 77 44 53 42 45 78 69 87 48 22 21 65 92 79 47 91 18 96 44 94 84 79 34 51 27 46 75 86 
19 55 9 54 48 62 17 87 88 93 27 87 31 99 3 45 11 86 11 16 20 45 67 56 6 74 47 29 23 27 68 3 0 72 50 51 25 11 40 66 10 90 95 3 30 0 47 94 13 60 68 92 50 93 44 79 73 45 69 22 84 73 55 24 46 6 51 95 45 56 22 84 17 53 89 40 30 33 88 58 83 64 26 9 81 72 20 73 31 8 8 83 100 16 38 62 88 65 42 71 97 30 10 60 62 41 55 40 97 24 15 4 60 59 87 0 95 94 37 39 11 8 72 55 88 94 12 95 56 67 23 67 42 57 54 16 9 31 35 72 19 82 44 38 32 22 52 81 36 89 5 90 25 17 95 36 65 46 8 78 11 17 75 57 11 72 29 32 62 51 18 86 97 14 40 31 73 78 61 30 35 94 6 81 77 49 39 65 91 23 31 8 73 63 78 82 16 62 61 49 80 76 19 81 47 61 52 48 54 29 9 73 16 73 54 63 72 100 12 43 35 44 63 49 83 35 4 24 95 11 76 65 14 69 16 82 50 30 73 36 89 32 47 35 56 17 95 29 77 6 65 33 75 28 83 54 87 26 93 98 72 72 16 84 42 43 57 19 58 6 41 7 57 38 50 28 94 66 89 45 47 56 52 76 39 49 39 77 47 99 88 65 62 19 47 51 29 59 86 81 31 75 71 6 67 14 8 86 40 46 71 76 49 68 25 58 80 57 90 14 95 3 62 57 30 41 18 63 5 55 53 36 93 13 74 18 84 86 66 21 46 71 72 1 33 90 8 41 14 78 37 68 44 62 67 53 85 89 37 63 68 26 46 70 76 20 55 37 24 95 69 55 36 63 98 22 89 40 52 70 62 6 47 85 49 21 44 43 60 41 94 49 100 28 77 66 54 74 13 26 78 32 13 32 96 6 68 94 2 42 72 39 10 59 97 81 98 75 65 23 43 95 92 8 6 55 81 34 30 36 55 91 50 11 62 95 35 91 100 76 59 18 97 95 61 14 15 87 14 59 26 78 39 2 50 44 98 63 10 91 41 92 30 3 9 52 85 64 13 16 51 88 97 79 76 44 40 69 38 7 35 8 21 31 68 91 38 7 43 31 75 90 65 73 86 90 61 28 74 57 
20 21 50 9 48 53 43 25 34 71 69 62 1 86 60 10 84 47 87 66 19 28 73 10 50 73 87 61 100 7 95 76 29 85 96 62 28 31 93 46 67 49 85 85 19 60 86 19 42 99 29 10 4 66 53 94 76 53 63 8 28 64 35 66 92 24 23 1 43 24 98 64 74 7 3 70 55 90 71 78 71 3 89 57 69 59 53 89 97 0 41 54 27 22 24 3 4 6 55 3 30 56 62 31 10 92 23 47 94 39 16 60 0 89 20 86 90 6 100 83 62 47 20 61 24 35 64 79 46 30 6 25 38 1 53 81 32 56 77 52 1 15 0 55 59 51 62 48 12 87 87 61 92 97 66 81 36 61 27 40 28 79 74 41 11 84 87 70 64 62 41 89 66 41 30 8 42 57 62 56 89 54 5 70 29 68 73 22 5 14 22 52 40 57 40 49 6 83 55 38 69 48 73 58 1 35 61 52 4 73 23 1 56 69 77 2 72 34 15 1 44 92 69 58 44 20 84 35 2 70 18 90 21 87 49 73 89 1 0 52 94 24 91 98 40 7 88 8 91 4 62 3 29 23 49 4 73 0 46 0 79 27 26 93 6 63 41 38 49 29 27 39 79 63 44 29 66 63 25 68 89 70 3 27 22 9 21 82 57 8 65 95 36 26 74 36 24 91 64 92 65 16 25 50 60 90 99 27 5 81 3 89 25 7 9 81 56 87 29 25 55 21 8 47 0 8 90 56 39 34 26 37 14 76 41 72 26 90 86 46 22 82 95 82 63 45 3 52 34 5 21 1 79 37 47 21 46 83 41 79 46 86 99 18 83 98 74 59 31 0 56 77 30 35 53 45 61 27 2 26 91 57 59 38 96 6 88 78 36 16 12 13 14 98 78 61 87 66 3 49 74 64 43 93 98 18 34 100 48 28 7 71 33 45 7 90 99 93 73 42 52 68 91 68 65 67 90 47 90 97 77 37 24 80 42 44 53 48 97 60 22 95 38 21 97 63 72 92 54 43 1 96 71 91 69 79 8 66 42 63 23 61 72 53 82 63 58 20 96 2 84 16 2 60 17 38 62 28 62 26 69 23 12 88 40 9 10 50 69 56 15 28 37 6 48 51 63 37 92 65 
91 67 67 23 1 44 39 20 70 44 77 93 28 76 10 5 99 66 57 33 25 47 66 83 30 100 74 7 52 7 49 89 21 42 48 70 71 31 28 71 70 82 44 69 35 7 41 91 37 10 90 74 95 9 51 6 64 68 40 51 36 39 63 11 82 48 53 60 87 55 44 55 59 40 77 39 48 73 92 13 80 4 80 84 61 0 26 53 10 9 14 60 43 48 94 14 12 20 84 77 1 65 75 21 93 54 73 75 16 12 44 85 91 19 47 57 39 66 86 12 71 18 79 100 0 39 36 52 51 93 50 35 77 47 92 66 51 29 42 37 5 48 72 86 78 98 9 73 48 70 4 64 84 64 2 53 49 3 66 86 28 24 50 49 75 0 81 43 47 27 38 79 40 71 71 8 24 56 17 86 45 43 84 71 28 49 3 55 82 76 2 80 21 52 0 54 78 74 46 38 15 30 86 71 87 68 43 83 17 53 25 78 9 56 98 11 94 72 60 47 55 63 57 75 67 37 16 82 82 3 56 20 21 32 85 7 24 49 24 51 77 40 36 52 51 68 14 5 9 88 40 21 55 45 68 47 13 89 6 57 18 65 39 84 19 91 3 31 74 90 79 40 53 17 1 8 45 3 94 30 34 14 77 9 79 62 16 97 8 87 12 6 61 7 4 39 91 57 0 32 83 11 88 9 9 86 67 8 11 55 29 37 57 92 97 97 30 22 75 36 50 16 45 98 82 35 97 54 50 72 82 73 45 70 49 71 50 29 75 47 93 87 87 16 42 88 91 73 7 39 55 68 91 51 81 19 80 70 16 52 82 51 85 33 16 19 47 92 27 65 98 98 47 39 63 67 72 18 19 22 29 13 80 69 20 1 0 98 33 39 1 44 56 45 40 27 31 65 26 22 43 76 59 60 77 24 78 1 51 77 0 11 29 53 88 50 78 2 72 37 4 48 1 5 44 18 17 14 8 19 54 75 40 90 65 87 5 7 39 4 96 12 99 39 65 67 28 24 8 18 23 90 96 64 5 100 39 75 24 17 31 3 78 10 24 15 91 93 89 7 78 99 47 26 65 7 78 39 73 91 0 33 87 77 29 37 36 7 34 97 25 96 20 74 48 25 78 56 85 96 
36 93 49 60 82 23 21 74 46 15 64 100 51 82 13 89 1 64 89 8 61 84 4 28 95 37 13 4 72 78 7 52 57 87 14 8 97 54 39 28 49 78 77 18 91 38 6 95 32 9 81 51 29 38 98 74 20 33 53 32 55 49 48 80 51 87 85 63 11 33 9 6 66 41 84 81 76 25 18 36 77 35 82 53 15 0 100 95 56 18 48 38 20 21 50 37 57 11 72 12 70 84 36 55 80 1 33 27 80 26 92 37 81 62 8 22 4 0 4 61 47 89 73 94 92 41 14 94 28 37 48 13 0 95 7 65 95 31 69 28 1 21 34 71 40 39 28 66 10 28 88 90 55 36 41 87 89 70 33 90 4 80 5 20 28 64 27 81 88 96 36 4 66 87 44 98 41 46 5 24 30 77 76 25 3 59 56 43 63 20 16 43 57 7 84 4 40 58 32 65 88 52 27 6 61 99 28 38 17 30 25 21 94 64 42 13 80 73 16 91 64 61 3 49 24 0 75 8 94 83 32 9 22 26 58 24 54 98 23 12 46 91 67 9 13 69 4 48 86 12 36 39 43 79 49 13 45 83 98 99 55 19 85 24 55 38 85 30 96 86 49 9 48 91 59 25 8 77 71 91 21 19 10 51 94 42 99 92 75 52 63 68 48 32 24 22 47 6 13 38 11 94 7 50 78 86 62 78 70 100 30 89 37 28 55 60 60 20 77 46 84 59 43 49 68 95 88 38 80 50 36 81 50 22 77 46 36 59 30 89 72 45 31 37 39 80 2 45 38 42 26 76 20 28 54 43 61 71 85 12 80 55 33 38 45 26 18 87 61 52 58 39 18 93 10 86 91 9 14 32 72 12 7 83 82 50 64 65 50 31 1 34 90 73 3 31 86 5 89 21 2 33 66 45 91 19 88 47 57 63 64 43 15 55 49 15 48 12 20 75 44 47 3 66 91 49 73 4 27 90 51 64 7 45 97 81 40 80 72 19 9 17 22 59 49 79 0 53 46 58 20 46 87 35 9 11 0 92 58 79 56 23 70 94 22 31 42 20 100 91 21 3 7 96 29 97 77 31 72 37 75 88 67 12 32 29 60 83 88 10 43 56 18 88 65 63 71 14 49 74 
15 68 17 21 59 52 19 43 96 80 3 98 69 21 58 48 46 63 11 13 2 47 43 78 41 8 24 29 71 54 63 67 10 76 49 13 81 51 87 47 25 19 47 90 23 7 54 76 52 95 34 10 41 42 66 33 62 47 45 65 0 92 4 29 41 74 3 21 42 83 50 12 33 73 97 16 47 83 11 72 7 87 92 64 96 13 74 67 86 37 46 21 57 12 40 37 65 93 55 87 0 58 59 24 15 36 17 8 99 0 95 1 77 74 96 6 8 94 77 4 95 31 91 5 0 62 55 26 63 30 89 3 8 96 98 12 88 66 55 14 6 32 95 42 56 29 50 58 17 60 1 71 65 44 66 85 47 11 27 9 81 9 85 30 20 91 63 18 28 20 66 12 68 81 90 98 0 2 97 51 85 45 91 29 13 53 80 99 79 23 18 91 12 25 22 60 87 83 48 3 94 71 71 37 60 14 72 35 25 17 41 97 19 77 100 91 42 53 16 61 6 23 33 34 51 9 65 52 22 19 73 20 5 65 20 91 10 79 87 47 32 57 78 13 33 61 88 42 15 31 22 18 97 93 92 2 3 78 11 32 3 88 1 22 18 35 65 80 97 93 79 64 13 39 4 59 64 61 65 39 21 2 54 61 27 29 3 50 47 68 79 27 68 34 67 71 62 0 5 24 58 98 2 64 30 18 23 36 54 86 31 48 39 12 65 11 64 77 55 67 71 10 87 13 55 9 75 35 34 85 13 21 38 38 20 6 78 1 25 27 75 85 67 91 8 15 96 0 98 25 79 93 58 75 40 75 34 82 61 20 9 19 99 16 84 75 89 58 22 51 46 81 27 66 68 41 36 23 37 99 9 61 23 46 87 54 1 48 61 75 28 65 76 27 46 24 4 55 79 55 26 19 58 8 0 67 32 5 17 75 79 3 32 44 17 15 22 81 70 66 2 2 73 60 92 90 30 22 76 64 38 82 8 43 40 2 9 25 45 26 4 5 68 60 23 44 56 100 45 8 54 59 74 5 67 9 56 6 96 25 29 8 30 23 71 7 40 13 69 0 7 48 67 45 97 68 83 9 23 93 66 80 51 38 92 37 55 5 50 47 12 72 57 9 12 16 55 40 72 95 
24 69 76 34 72 3 52 4 52 33 47 30 6 14 70 95 0 100 94 76 12 44 80 45 62 91 24 87 73 1 72 26 20 18 51 11 11 48 80 17 57 53 67 37 0 74 18 7 57 82 56 19 71 84 84 25 52 95 73 87 90 82 44 45 52 75 36 4 77 40 1 27 64 67 42 36 65 85 54 93 76 47 33 74 69 35 61 65 48 89 24 6 88 77 68 40 97 26 27 49 17 1 48 12 31 69 67 26 81 97 67 25 14 13 42 30 60 11 53 45 89 62 41 83 11 32 83 19 55 86 95 59 47 63 62 19 67 56 23 45 65 83 33 23 91 58 98 14 49 17 98 79 81 0 33 40 68 23 13 93 61 21 36 48 92 29 74 57 95 43 67 69 11 36 76 11 94 47 70 59 52 59 83 39 68 93 19 68 39 19 48 30 15 38 59 34 25 36 89 35 5 59 27 62 75 5 18 72 41 33 65 60 22 95 89 87 53 37 93 58 32 36 64 94 91 4 38 27 30 68 18 87 10 84 5 73 4 83 60 60 60 40 17 84 52 76 16 44 52 85 86 50 89 90 100 20 4 22 47 65 38 64 9 82 32 0 79 94 96 70 76 94 89 47 92 89 14 17 36 8 68 32 77 66 36 19 17 86 66 17 57 33 62 92 40 43 0 83 93 50 44 1 17 22 67 70 50 52 47 54 20 31 78 72 64 7 39 14 37 83 37 61 50 68 99 64 50 84 50 8 25 12 48 49 17 34 97 68 58 95 45 67 21 1 36 38 35 90 35 17 93 69 80 51 34 28 12 64 31 66 46 7 34 85 37 91 13 36 15 20 23 49 23 62 52 11 62 40 25 30 40 7 94 52 14 91 36 11 74 65 49 14 42 42 26 97 71 88 42 71 32 76 36 3 61 49 49 47 61 80 68 24 2 100 63 50 8 52 80 75 25 11 6 37 25 68 16 57 88 66 64 88 87 86 76 27 28 59 13 9 94 100 14 56 24 82 70 40 18 3 97 88 66 64 19 31 74 58 22 22 70 88 60 22 52 26 75 4 74 72 63 25 37 46 24 41 85 58 94 90 96 16 53 51 88 1 57 27 11 86 26 70 83 74 60 28 54 42 89 26 
20 81 55 76 93 90 47 85 10 84 27 20 21 98 68 66 45 5 74 49 82 25 2 77 18 74 41 90 61 19 62 73 11 95 28 75 23 26 56 32 94 22 86 47 17 77 51 16 14 65 7 37 18 56 51 6 11 62 92 16 79 9 45 77 29 79 66 73 74 39 18 92 51 54 72 59 45 9 100 39 58 89 84 45 72 15 56 19 4 76 97 94 74 73 79 43 84 99 99 83 59 11 47 91 86 25 9 71 18 30 88 29 81 85 11 30 17 32 83 89 9 37 54 17 75 71 43 49 84 24 70 3 24 95 60 79 44 36 35 80 70 74 4 75 43 6 28 6 34 86 44 32 6 73 73 15 83 74 34 53 57 63 72 35 10 68 69 36 58 25 36 78 20 36 94 65 37 51 70 80 10 11 77 29 30 71 5 15 73 5 80 41 39 38 15 7 86 0 78 76 69 31 38 93 94 66 99 20 0 88 32 61 56 78 21 23 99 19 25 19 25 50 17 84 98 16 90 42 99 43 80 43 75 35 58 17 40 81 62 77 2 59 87 57 100 22 8 68 88 31 73 78 17 84 41 67 19 92 62 88 98 70 89 86 34 79 94 45 79 88 65 35 54 52 64 96 51 36 36 48 71 36 85 9 36 14 90 7 17 56 35 39 16 55 53 68 74 5 13 37 22 5 2 94 8 36 77 9 28 61 4 77 63 93 80 77 29 76 53 76 92 37 75 32 53 67 3 1 69 31 69 63 18 28 53 23 7 67 39 34 24 49 28 10 6 71 32 29 3 3 99 47 2 64 62 7 6 57 88 15 17 16 97 88 45 51 11 48 55 91 33 91 10 13 29 96 91 11 49 33 95 40 0 6 53 61 100 96 32 85 97 1 42 18 7 87 80 36 22 50 93 63 44 51 95 26 48 82 99 39 89 33 16 86 19 18 12 12 97 30 42 91 75 60 51 97 26 69 26 36 93 58 47 5 24 12 15 1 73 72 9 91 93 4 40 81 82 94 18 71 79 5 74 4 58 58 24 26 5 26 67 2 32 12 64 37 78 86 17 34 63 62 87 5 98 84 45 60 23 89 85 64 62 46 90 21 98 68 74 45 19 49 80 12 64 47 59 60 30 56 
7 22 85 70 4 53 61 72 4 81 84 54 9 33 34 48 40 23 25 10 40 29 92 5 24 81 16 39 8 15 68 69 88 25 71 42 56 37 76 57 54 17 94 63 61 23 27 77 47 88 60 24 60 27 55 42 27 100 4 0 3 46 49 39 40 83 36 94 14 93 86 13 38 14 53 94 84 73 62 20 70 36 35 92 57 13 23 97 58 84 51 51 13 73 95 76 51 62 64 9 23 72 2 87 22 26 30 9 1 98 75 6 90 22 62 17 4 16 68 37 83 50 51 80 22 96 24 11 26 70 14 19 97 66 28 86 49 51 46 13 36 81 16 25 73 58 50 53 90 94 100 37 33 7 6 61 79 11 32 69 28 96 24 2 32 82 31 8 49 22 75 88 28 64 31 90 97 67 88 43 20 20 6 59 69 15 91 95 27 10 54 87 20 88 79 50 62 38 76 84 36 83 80 15 35 83 60 52 96 44 52 76 37 5 0 91 97 60 79 80 49 0 73 52 75 88 28 40 98 95 9 43 56 95 20 87 91 79 66 78 100 61 5 50 53 31 76 81 48 76 22 80 26 44 34 97 98 58 37 29 2 49 70 17 17 1 4 27 4 89 43 33 70 8 90 44 51 79 71 6 53 87 71 4 54 72 83 52 51 24 6 45 68 44 96 89 12 61 78 99 48 0 32 38 96 16 78 12 26 8 67 71 58 70 23 91 40 29 44 47 56 90 42 11 55 56 47 35 37 48 63 33 86 24 71 82 71 65 12 17 76 60 28 20 80 21 34 29 10 39 38 31 23 93 29 34 51 31 64 12 85 42 14 96 99 36 57 36 85 100 94 70 15 70 74 60 41 22 18 21 7 19 13 42 49 45 31 28 29 39 59 65 70 2 83 58 88 50 68 39 99 2 16 37 58 75 82 4 18 70 93 33 8 22 50 26 78 81 61 82 78 7 96 92 11 46 73 83 5 22 48 66 54 94 9 99 22 18 16 16 51 53 100 23 72 12 9 94 52 54 10 37 7 91 5 89 57 77 21 45 56 77 20 79 34 17 28 28 50 80 54 80 22 89 54 70 52 52 33 85 72 99 43 83 49 49 35 57 47 79 23 61 52 49 12 29 69 91 83 34 
66 86 0 62 41 74 86 12 26 69 27 67 76 28 26 37 90 80 36 63 66 76 5 68 0 91 41 52 44 19 10 56 25 62 33 55 31 81 76 52 44 27 13 82 17 55 69 47 98 3 41 17 59 91 3 13 3 89 84 71 94 42 67 53 27 21 92 20 24 51 79 89 80 71 43 86 72 23 54 4 26 57 91 30 53 79 37 28 37 86 40 14 98 35 47 63 56 9 83 36 52 82 15 30 76 99 34 86 46 52 38 20 50 85 76 62 80 97 1 54 100 12 14 73 81 8 55 55 68 21 46 1 74 37 41 76 85 82 83 17 52 72 64 50 28 31 5 34 37 22 30 77 54 55 27 41 13 81 73 58 83 85 76 7 0 39 47 85 55 12 47 34 77 51 77 20 46 36 35 24 15 71 80 48 99 77 40 25 9 18 99 75 22 74 31 30 80 91 60 91 77 59 27 47 61 33 25 16 22 33 61 63 23 27 91 100 9 52 47 59 2 25 73 51 48 22 82 8 53 76 1 47 56 76 26 73 100 85 0 68 21 4 89 27 54 71 35 63 36 10 62 32 5 31 20 68 54 85 95 80 37 55 76 70 24 88 35 13 34 45 91 32 32 19 43 75 57 23 46 8 89 80 2 68 21 13 77 79 9 19 77 60 3 74 30 79 4 49 46 57 23 33 46 74 48 73 36 46 63 79 22 5 74 91 62 47 52 72 48 22 68 90 7 28 58 34 97 57 47 23 34 4 52 60 92 85 31 89 52 71 43 89 27 27 14 8 73 27 17 73 100 1 29 87 31 93 93 64 74 50 7 29 44 41 17 38 50 76 79 78 2 4 30 11 52 83 23 11 12 16 97 58 95 43 67 38 24 99 9 42 96 18 71 57 66 15 26 100 5 35 13 8 57 63 8 98 45 30 48 16 96 46 36 42 78 69 52 85 3 52 52 20 52 24 33 9 8 62 65 7 50 8 62 79 35 77 59 52 7 87 77 14 56 34 99 72 12 13 67 94 46 77 64 33 78 53 75 28 95 23 45 99 67 78 49 44 8 40 13 74 47 37 8 82 10 44 96 48 82 96 19 88 43 41 44 63 94 60 90 17 67 86 70 74 59 25 77 92 4 6 
38 76 44 52 100 61 64 36 95 4 26 87 35 30 5 69 69 89 50 40 43 51 56 89 10 65 9 55 18 1 52 94 3 21 39 69 54 42 38 21 23 64 61 42 18 93 95 23 21 67 54 37 2 71 45 44 74 94 8 89 13 61 18 70 90 48 95 7 50 82 85 1 65 15 69 43 66 46 22 83 6 98 58 88 24 75 55 90 79 45 100 2 30 90 16 88 43 28 26 71 57 40 62 98 30 49 89 13 38 97 92 10 16 34 92 80 77 64 56 17 73 81 98 7 75 55 65 39 23 36 47 90 86 8 25 29 28 47 48 45 84 34 90 47 76 69 96 19 30 11 54 82 49 65 12 60 73 29 90 31 60 16 97 45 100 19 60 3 9 1 99 20 61 20 22 1 77 97 16 37 94 94 86 37 25 71 93 61 64 93 25 69 52 8 29 43 84 85 22 53 97 30 13 26 84 52 55 71 99 11 76 25 80 86 62 10 37 65 46 67 13 67 53 91 49 49 55 93 77 57 32 96 29 34 6 35 9 59 94 80 72 54 66 63 84 37 68 23 41 100 81 87 65 2 10 99 46 99 96 6 30 99 48 79 70 23 45 58 59 14 62 46 90 71 41 86 50 92 3 62 60 36 21 57 39 64 0 24 28 21 47 99 68 17 59 59 63 82 92 17 83 9 41 39 10 91 34 94 33 42 45 40 32 1 69 20 94 23 86 86 24 49 10 10 23 39 29 26 31 17 91 62 28 86 18 56 16 42 11 50 73 44 13 4 85 77 66 36 10 42 18 80 44 46 23 28 98 21 88 51 50 49 60 81 41 30 96 34 91 16 70 0 58 15 86 49 9 82 32 90 63 38 94 40 11 87 34 93 54 13 76 35 88 50 42 82 65 4 73 63 42 36 96 47 24 69 60 72 61 92 97 68 55 94 9 46 20 33 22 100 88 79 19 79 55 45 46 12 87 38 3 60 23 24 37 38 63 66 14 58 36 80 99 100 23 70 83 36 75 9 96 12 33 36 71 14 43 11 3 12 7 94 70 34 2 88 38 85 69 50 59 30 55 67 58 35 54 27 64 61 1 95 38 84 32 45 45 30 86 73 59 95 84 58 47 79 50 95 86 61 
70 94 55 67 72 11 73 4 61 82 95 29 19 29 85 74 53 20 48 69 61 3 73 55 56 81 57 99 3 18 19 14 94 36 97 61 2 25 45 9 40 12 83 93 43 26 74 2 37 43 89 8 46 83 71 64 74 37 65 33 53 21 5 10 38 91 70 3 80 25 97 11 13 43 43 39 92 42 39 54 30 16 70 21 67 24 53 53 4 1 48 18 70 30 29 91 67 63 6 70 75 5 81 8 12 16 43 58 33 31 2 43 58 70 84 16 47 50 50 50 98 21 58 62 92 65 66 63 30 67 31 30 20 87 31 44 27 63 96 31 64 10 3 75 2 86 88 33 42 40 23 36 39 100 72 98 9 61 60 54 71 88 51 13 46 29 91 82 32 70 78 98 83 99 38 85 41 89 85 5 82 87 88 63 77 75 22 50 54 77 58 26 81 52 27 28 75 74 53 33 14 52 42 79 43 20 48 63 89 51 94 24 57 51 12 82 55 67 46 21 90 52 91 82 65 56 2 27 86 35 78 2 17 87 57 67 80 52 18 72 62 16 74 21 29 97 89 76 20 77 83 86 50 89 78 24 19 75 66 78 6 3 23 51 100 17 73 19 40 62 27 4 70 59 68 32 66 14 4 35 90 60 20 14 54 66 89 2 80 69 0 2 50 78 89 5 89 32 22 66 61 16 96 13 91 26 66 11 3 59 65 27 9 5 59 52 60 95 65 43 71 52 20 7 36 27 43 20 87 65 32 38 92 78 30 51 68 32 68 82 69 28 96 48 84 41 33 74 72 77 70 80 2 47 31 21 32 71 99 86 47 79 61 69 37 52 80 100 87 21 47 45 67 60 87 59 55 71 13 78 38 82 54 19 29 4 77 43 94 56 42 45 69 81 17 48 11 76 44 91 19 8 4 33 35 71 0 33 51 55 69 76 68 56 30 68 100 22 50 43 17 77 85 52 70 10 17 28 50 22 100 42 65 41 66 41 13 31 100 95 78 12 25 46 48 64 10 97 34 2 84 33 55 22 96 82 8 41 81 3 12 74 12 84 48 53 19 72 93 71 54 18 98 52 33 63 50 33 63 21 0 97 7 80 42 23 64 78 14 41 19 64 71 19 14 82 91 8 46 24 
59 49 10 8 97 82 41 6 39 29 53 82 76 50 75 2 26 27 7 7 62 32 22 89 25 23 81 55 81 40 62 40 6 32 0 30 47 92 7 92 32 77 46 85 6 4 47 66 65 39 63 51 30 7 43 99 50 2 92 80 87 79 21 94 47 3 48 70 95 25 2 10 51 57 75 53 96 76 81 31 64 76 55 82 13 15 71 2 7 45 4 55 78 43 64 50 54 73 65 60 15 7 79 15 79 68 89 21 90 0 100 19 9 60 24 58 24 3 74 19 77 98 87 75 100 41 80 34 0 87 24 12 33 79 31 34 48 15 90 4 33 22 20 56 76 100 44 76 97 5 62 90 82 9 16 59 62 58 23 65 62 84 4 51 96 69 62 67 48 23 13 57 38 67 79 98 46 55 91 23 26 41 93 27 18 69 4 94 36 25 88 9 61 100 97 23 39 68 70 24 33 59 72 23 9 93 6 70 92 100 77 89 73 48 91 51 85 74 16 3 4 75 21 62 29 83 22 78 98 24 76 48 94 30 28 41 69 31 42 28 17 67 35 31 29 62 84 68 32 84 11 1 64 50 60 52 47 71 52 54 11 45 56 65 82 96 35 8 24 76 48 41 24 56 75 47 93 18 21 40 55 21 78 41 66 5 97 46 79 65 41 37 30 96 52 14 40 62 58 63 21 39 62 52 4 29 21 45 60 31 20 100 44 27 70 39 73 36 60 56 90 39 42 30 18 33 38 89 44 85 43 85 39 40 74 45 15 55 47 9 68 23 8 56 13 50 49 69 83 84 5 69 36 91 10 27 1 66 83 51 16 57 14 49 79 94 42 69 91 77 59 60 69 74 4 89 49 34 91 25 69 73 25 69 67 10 5 78 2 16 6 27 81 16 96 10 25 22 35 18 100 8 81 70 15 3 86 42 71 89 48 26 93 22 10 14 0 68 8 67 44 11 16 91 65 54 63 84 95 34 51 94 72 28 38 43 27 68 100 100 73 51 40 52 29 65 28 65 11 94 59 70 30 62 87 1 37 75 73 32 36 66 80 56 90 79 55 71 26 23 49 17 53 70 95 14 27 21 34 85 40 79 95 23 21 18 7 29 44 17 42 18 1 47 34 1 41 96 68 85 
37 1 28 48 9 35 79 13 54 25 19 55 33 64 52 90 26 79 14 74 41 12 86 3 59 69 31 48 57 49 83 17 80 85 9 46 65 91 85 1 84 78 82 25 15 89 84 66 32 5 64 55 32 97 50 36 26 96 97 52 100 70 62 82 26 26 62 89 38 88 18 22 38 69 20 24 71 30 58 6 33 17 83 87 84 45 20 76 53 41 12 9 3 95 44 54 77 21 21 99 22 34 56 4 36 84 50 20 16 8 21 36 72 80 43 10 80 36 16 64 40 34 26 14 48 48 32 85 43 44 68 47 51 75 70 32 16 27 92 57 57 1 42 47 18 21 44 34 2 12 6 53 23 89 20 38 51 4 46 78 36 44 1 14 53 41 92 43 71 58 72 5 62 9 9 58 44 36 54 71 52 20 96 44 17 89 74 0 88 84 96 9 12 55 90 23 10 60 48 75 53 86 98 98 65 91 38 3 20 49 84 68 15 43 92 3 66 25 59 14 72 75 34 13 74 8 58 86 29 58 16 85 71 87 99 93 64 43 16 43 100 15 63 19 43 93 78 53 70 11 2 21 39 72 91 48 70 46 58 79 29 61 1 60 90 80 35 62 83 72 99 92 41 59 98 49 72 14 65 100 94 2 65 46 57 81 22 72 26 59 31 47 40 15 74 23 7 48 4 88 14 29 18 45 34 30 77 42 63 21 88 62 38 41 87 7 11 7 95 84 100 84 13 39 76 64 68 60 68 44 92 64 16 95 23 33 89 83 46 60 43 51 10 65 95 99 93 57 36 52 2 35 93 38 75 41 50 43 61 66 10 14 95 54 91 57 66 76 49 62 25 89 30 64 74 63 85 67 75 89 89 6 12 92 23 81 69 55 78 37 62 86 34 18 81 89 99 17 0 85 71 33 38 99 8 86 99 37 96 16 77 76 7 27 85 61 77 51 75 93 32 24 50 66 42 11 26 77 4 32 10 37 45 93 15 40 98 60 76 83 3 64 14 22 76 27 26 64 40 56 48 46 1 47 28 0 87 86 75 70 73 14 91 76 99 6 93 31 47 1 18 88 71 77 95 96 85 20 11 3 57 25 90 9 97 10 78 40 21 11 91 1 4 18 39 100 87 66 92 84 
67 80 43 99 22 7 81 42 62 36 13 64 86 44 89 29 22 82 69 29 54 53 81 44 50 93 19 77 87 56 67 81 24 27 7 52 6 13 72 67 7 40 45 79 21 91 5 58 60 80 72 42 33 60 99 93 75 3 42 13 55 91 87 11 51 3 97 100 89 45 10 98 14 44 86 66 49 84 60 94 1 84 88 89 15 5 58 43 66 43 62 47 99 20 84 70 26 59 30 60 31 60 75 81 67 8 89 4 18 13 40 21 21 81 3 16 15 27 71 73 26 78 91 86 66 68 98 20 84 87 75 19 82 49 24 80 29 68 98 88 8 11 15 14 13 83 95 35 92 51 36 41 84 18 17 90 94 25 46 14 98 1 19 42 61 98 27 55 29 3 48 21 99 93 77 65 89 5 73 96 25 83 72 41 76 64 66 54 94 58 39 51 30 37 62 27 0 95 7 97 81 24 48 65 72 22 3 78 71 48 3 11 78 79 64 65 10 94 97 8 81 13 65 73 19 19 1 43 78 95 90 46 19 66 25 23 59 25 44 75 96 28 71 42 79 26 38 79 66 19 54 59 88 98 59 93 90 89 2 22 99 33 51 100 55 43 100 8 4 25 24 54 23 42 50 13 55 85 33 80 69 64 68 35 53 88 30 9 89 22 8 72 31 59 0 61 4 72 14 70 26 84 80 98 31 11 63 46 10 4 60 30 72 60 66 34 75 9 79 21 60 79 8 29 66 65 80 94 42 0 11 52 100 65 97 91 55 32 75 26 55 71 74 19 7 4 21 67 91 22 47 67 18 97 3 36 36 94 94 60 18 90 22 25 82 11 19 88 89 19 95 3 2 61 68 8 43 39 32 57 100 7 18 13 0 93 46 76 74 91 87 47 66 71 96 2 64 47 72 84 56 5 97 97 51 0 76 70 2 7 36 77 46 9 33 15 40 64 87 83 62 50 91 60 14 26 47 41 90 46 41 67 29 68 66 57 76 23 28 94 87 43 91 36 6 81 19 95 77 84 1 81 25 89 45 24 23 76 88 89 28 26 31 73 81 72 48 78 44 65 40 8 19 95 53 56 74 37 93 98 89 92 23 34 38 36 14 85 50 43 68 70 34 14 75 64 8 80 99 40 
74 28 84 63 91 27 72 15 61 30 33 63 77 33 60 87 83 75 61 69 8 43 17 65 29 13 60 90 73 99 20 20 47 88 21 71 12 62 55 15 87 8 48 11 2 56 51 42 35 17 73 82 12 52 41 4 31 7 17 65 64 22 62 45 65 57 96 82 99 91 35 61 17 14 77 43 21 35 28 28 48 0 97 91 23 61 3 13 41 74 22 86 76 4 22 33 79 4 7 98 25 19 2 34 55 8 73 8 58 39 93 30 39 90 74 36 37 73 3 21 31 10 25 62 93 40 27 90 40 3 88 99 48 39 48 64 28 67 46 40 57 1 93 56 50 50 87 47 88 28 38 64 83 61 49 15 43 22 55 89 96 5 85 65 0 18 7 25 40 43 16 33 69 10 46 1 50 12 89 9 59 72 37 33 42 100 31 46 75 95 38 95 57 76 38 33 83 49 31 33 29 89 26 75 76 53 87 85 91 87 9 86 59 75 41 17 57 55 49 5 45 11 82 49 41 6 91 72 53 15 48 32 51 67 32 29 79 31 79 44 100 9 13 59 4 53 14 67 33 35 80 42 44 7 76 37 8 51 15 45 2 23 16 36 17 94 98 50 64 38 34 77 87 4 76 66 2 80 50 99 13 55 53 19 40 84 59 37 37 71 93 43 63 56 9 86 48 43 36 43 93 37 36 28 91 38 78 34 9 48 9 52 1 48 69 17 28 82 28 95 69 70 84 44 67 1 16 87 53 29 63 70 96 51 80 52 20 55 51 51 6 20 23 63 46 2 82 58 96 84 20 27 64 25 34 5 16 99 80 84 16 17 27 85 25 35 41 49 79 21 35 3 82 96 2 38 75 41 98 91 73 3 60 58 82 34 65 45 94 46 61 80 17 18 66 10 45 9 100 77 19 53 78 14 6 72 37 86 35 71 78 72 2 35 74 59 8 45 5 40 13 91 30 58 74 84 39 80 23 54 52 66 49 12 89 38 68 64 64 26 91 74 48 9 28 88 42 77 9 22 29 62 11 74 71 44 35 72 19 44 74 81 39 48 90 15 100 17 57 100 90 66 49 70 37 8 98 41 71 7 35 19 85 4 23 47 78 45 1 79 49 40 7 60 50 69 13 28 66 39 
60 8 29 80 21 78 33 65 22 51 42 80 19 25 12 81 64 38 92 73 46 12 95 72 46 7 87 98 38 4 17 74 51 41 19 9 60 64 28 32 69 13 69 100 72 9 48 4 88 40 54 66 16 0 71 3 83 48 44 98 74 57 23 42 13 82 12 66 75 19 43 77 23 46 37 71 78 90 42 28 68 100 79 98 88 53 28 17 17 72 58 94 57 69 49 73 93 50 18 6 12 6 56 0 21 49 64 65 82 35 62 62 77 49 28 8 49 83 17 86 83 86 13 99 50 11 97 11 72 81 7 35 0 99 32 81 86 62 22 76 57 59 53 76 9 76 3 46 45 93 26 10 1 47 95 28 56 7 28 43 19 82 90 43 58 24 84 26 97 9 43 24 45 66 0 47 42 40 43 26 32 65 54 72 50 92 0 81 21 24 81 85 82 96 81 89 80 98 47 68 77 72 51 47 89 96 100 30 9 19 6 16 41 8 7 5 81 22 22 3 92 64 19 81 87 53 78 15 10 7 48 78 59 9 5 39 61 20 57 82 96 22 53 91 25 55 2 19 39 88 51 55 97 48 75 99 19 64 26 80 10 54 87 87 12 44 24 28 64 19 51 2 10 7 10 14 42 83 5 0 93 6 86 85 82 40 49 6 11 22 39 1 61 96 55 13 67 0 6 18 48 93 33 7 42 99 50 23 90 46 47 34 56 53 2 2 18 77 66 78 4 30 0 6 18 41 97 24 7 42 26 68 7 9 97 85 15 60 50 84 79 9 85 21 12 89 17 45 84 8 39 58 72 40 7 9 43 35 69 39 78 78 31 10 25 56 33 27 31 48 29 16 15 75 26 61 5 67 5 21 10 8 25 13 4 84 45 4 87 83 33 86 30 62 1 40 92 30 70 47 38 87 34 81 83 46 96 75 81 53 89 81 6 25 17 74 100 57 77 25 10 71 36 35 74 38 62 59 91 38 86 53 73 54 96 24 92 45 74 48 65 33 42 46 90 48 91 40 81 7 80 74 44 2 78 86 6 96 62 92 54 59 54 64 45 33 34 70 21 95 61 37 56 3 44 10 43 68 9 60 15 0 45 62 54 11 82 98 82 6 87 87 40 14 89 74 60 35 24 90 
27 97 45 40 19 92 71 96 68 16 32 52 84 17 86 77 6 82 66 28 47 53 97 0 77 3 16 77 77 98 15 48 98 82 46 81 61 95 72 46 67 12 78 10 45 11 98 54 20 7 53 92 26 34 22 96 32 59 10 50 11 4 19 72 51 23 87 11 32 53 49 48 80 36 70 85 70 92 92 32 64 85 12 69 29 11 81 4 66 23 61 39 88 65 7 1 6 75 14 48 47 14 26 89 36 40 67 88 50 42 71 72 40 36 21 93 62 30 93 14 28 98 32 92 5 18 62 78 82 35 95 23 73 7 36 20 7 82 51 42 26 85 74 41 64 12 8 29 93 14 72 18 78 67 53 21 99 94 7 97 90 30 4 48 80 15 70 11 75 75 68 26 64 73 81 90 47 96 90 21 95 78 30 38 61 42 9 79 52 31 10 29 29 4 50 22 86 60 36 75 74 92 84 62 75 3 50 28 67 40 97 96 48 31 44 81 13 96 72 28 67 74 21 41 92 50 97 52 16 64 56 73 70 74 50 56 63 70 52 7 33 74 2 7 11 95 18 68 98 95 56 49 77 8 4 21 57 66 58 88 93 91 77 98 8 94 86 22 10 46 90 67 50 65 47 22 36 35 94 28 95 95 34 85 99 23 32 19 44 27 76 90 66 37 67 37 29 64 79 97 7 21 1 65 2 42 96 41 99 43 36 17 56 40 5 11 35 61 38 21 41 99 92 41 4 91 41 87 3 15 35 99 42 73 92 53 52 80 40 91 11 72 9 73 46 16 22 45 96 91 84 72 79 43 78 17 31 19 4 50 26 80 26 35 81 97 79 28 42 87 74 14 0 52 100 50 47 86 10 51 82 31 70 55 52 65 15 58 23 86 6 92 50 60 96 43 83 51 57 30 19 94 67 3 84 17 61 8 93 27 21 26 21 68 76 88 98 19 96 100 24 30 78 89 39 75 30 44 63 65 69 10 96 84 14 29 38 15 31 46 51 98 78 97 39 61 92 54 62 0 16 46 25 74 49 5 87 6 42 66 85 97 38 68 30 65 60 29 31 76 84 85 1 61 19 53 10 60 71 20 64 37 6 95 51 62 98 1 33 36 37 80 86 60 86 44 82 55 46 55 
34 85 44 73 65 92 68 15 39 83 89 44 65 98 76 9 2 58 64 13 37 24 95 45 57 25 3 55 44 100 49 8 69 37 78 33 79 66 8 61 10 62 64 71 94 11 59 1 44 75 69 46 75 29 79 21 85 72 14 32 20 95 84 94 19 60 8 3 97 22 41 43 94 38 54 78 82 28 82 51 81 47 95 27 59 16 99 31 37 54 27 40 47 100 13 58 37 29 89 55 79 26 47 97 3 1 38 52 40 24 14 80 17 68 9 73 32 59 22 46 39 99 58 61 85 96 94 13 88 17 19 84 95 29 97 52 3 33 36 7 54 30 37 21 71 83 45 54 43 48 58 9 100 11 66 10 89 46 4 98 58 20 70 25 69 55 26 6 99 70 75 17 92 44 23 90 3 80 42 80 53 38 49 95 14 83 90 48 94 33 97 68 95 56 73 54 24 51 71 67 97 14 76 79 44 15 62 24 23 74 15 32 42 78 72 24 21 100 69 4 51 92 63 12 26 35 87 6 45 7 46 63 75 92 45 87 10 54 17 14 33 21 24 81 15 81 45 21 57 64 36 7 99 82 12 88 51 0 49 83 91 41 46 98 78 38 27 35 27 71 28 9 79 6 44 1 87 88 76 73 25 90 11 27 69 70 17 41 74 60 77 35 15 74 42 58 46 100 50 55 7 68 70 52 55 31 14 59 75 1 1 82 17 52 45 23 18 20 28 12 40 75 88 0 100 96 26 57 24 18 87 35 0 51 86 11 81 41 11 2 37 79 8 15 73 64 4 2 11 75 54 60 27 14 70 92 53 16 56 25 83 95 73 13 2 51 58 30 41 32 59 78 69 20 71 52 21 42 84 79 41 8 68 51 61 59 4 83 34 56 44 75 22 83 46 13 55 4 14 27 98 29 62 61 63 49 44 5 38 66 96 9 22 92 97 40 76 15 31 13 28 11 59 14 82 38 44 96 58 68 100 75 6 82 11 84 3 40 81 65 7 26 78 18 92 33 95 37 84 61 93 32 97 80 49 42 94 94 2 22 97 47 57 24 24 6 11 8 68 23 67 82 30 10 81 66 64 87 40 3 13 4 5 96 60 21 70 93 62 97 49 97 37 17 26 73 92 59 82 100 
27 16 75 29 85 10 28 38 63 50 12 45 7 49 22 24 48 89 44 46 1 28 76 39 31 73 77 81 98 89 75 34 32 64 25 71 46 16 64 72 31 100 61 49 82 91 90 47 85 30 3 80 48 96 8 89 86 70 15 35 56 63 4 33 24 73 25 18 92 37 45 56 12 10 4 42 4 55 28 58 92 44 81 26 1 30 39 49 60 24 53 77 100 70 46 0 51 18 56 27 37 93 21 18 22 61 43 60 71 16 69 2 27 28 45 64 31 9 20 17 73 36 24 28 99 80 76 61 17 1 15 35 23 1 67 13 3 32 54 5 92 23 67 20 24 90 38 61 38 8 46 22 63 4 73 32 72 28 76 5 48 28 38 31 33 31 98 74 24 87 8 50 6 80 61 27 100 3 20 61 61 33 13 10 46 52 68 33 96 84 11 8 96 83 59 21 54 81 63 26 57 99 96 89 26 8 67 29 21 82 27 50 74 9 43 68 76 99 20 62 67 32 35 67 43 95 98 1 10 91 35 63 12 82 4 45 65 32 30 2 43 96 89 5 84 35 87 31 11 82 52 98 41 63 73 44 52 55 99 73 3 16 61 17 42 61 63 43 83 42 0 75 54 65 1 82 36 56 66 47 70 20 98 42 37 39 66 37 13 9 41 49 81 2 59 17 52 76 15 8 81 70 82 89 45 19 37 29 47 35 8 62 72 24 27 20 16 99 74 93 9 39 71 61 18 53 11 99 2 10 40 82 48 34 84 40 79 42 59 67 87 48 37 43 18 42 38 62 49 88 86 51 27 50 48 72 40 61 56 68 45 70 22 99 35 43 34 43 55 9 89 0 10 0 13 65 26 49 54 39 37 98 10 46 44 70 93 32 92 44 53 6 25 70 65 71 58 24 60 15 11 4 38 55 75 14 84 75 69 92 32 18 80 70 0 6 17 69 44 47 28 29 52 19 91 58 34 98 17 52 19 56 78 24 98 79 24 74 10 73 11 90 31 56 29 30 94 22 51 47 34 47 62 0 14 82 20 89 54 64 94 13 9 52 71 57 43 42 92 36 25 8 47 52 40 10 62 59 97 66 21 15 78 24 48 96 34 55 21 2 17 81 59 85 65 97 92 75 73 59 
81 64 48 81 63 88 40 50 88 79 61 78 9 36 88 16 91 50 25 48 30 50 32 45 4 21 46 47 33 50 3 90 46 93 20 38 9 67 47 78 53 85 42 62 28 74 22 92 99 26 4 56 54 86 67 57 72 15 77 70 65 96 85 32 22 3 66 67 34 91 41 62 87 21 73 24 33 74 26 31 40 100 87 55 28 54 14 96 98 25 70 41 47 45 75 67 73 44 96 36 62 62 25 94 56 48 55 53 48 77 30 80 90 77 34 32 49 87 15 49 22 89 76 27 22 79 38 27 25 56 72 86 18 40 96 21 96 43 75 65 44 57 50 84 37 22 71 35 93 34 80 29 40 36 55 6 70 92 8 91 100 94 29 62 33 64 35 93 31 41 32 20 5 38 51 17 88 21 31 44 46 60 21 20 13 2 84 80 14 14 10 16 29 73 34 52 87 97 48 40 81 91 54 33 76 83 44 35 47 57 77 67 39 31 2 6 47 62 14 44 67 8 44 9 70 100 47 89 26 78 85 88 36 98 19 76 47 44 23 31 60 4 23 74 81 48 66 37 10 51 17 25 6 22 49 83 2 12 4 75 70 88 43 22 47 38 41 58 78 74 45 39 66 27 61 22 95 62 42 56 38 49 70 80 91 44 81 18 42 80 76 41 87 6 32 63 25 72 80 91 0 23 57 1 32 87 98 11 35 19 82 87 30 14 3 9 92 98 56 51 76 93 12 51 58 23 90 91 2 21 96 100 91 62 7 31 57 89 93 78 82 60 92 0 22 61 74 72 68 59 71 50 28 57 54 51 65 71 27 12 46 29 6 68 71 77 8 69 9 88 68 69 11 90 32 30 73 51 29 53 65 28 57 81 64 7 60 47 26 87 34 30 82 52 34 90 59 1 26 63 77 65 52 22 7 25 40 59 98 57 8 71 24 5 96 44 14 29 40 59 31 90 94 17 71 28 72 86 78 97 49 40 88 88 12 15 10 89 96 82 85 41 19 56 32 85 54 63 56 44 83 60 97 66 41 71 85 34 69 12 84 74 73 36 38 100 61 3 44 87 28 71 9 3 93 92 6 65 49 26 39 11 34 1 35 99 40 38 17 25 60 81 51 89 50 8 42 80 15 92 
29 45 34 17 48 61 87 87 4 55 48 98 46 99 42 28 76 48 30 96 50 96 10 79 68 96 27 78 74 77 42 45 49 36 78 100 93 59 36 58 62 48 53 2 5 11 88 17 72 68 77 3 87 56 51 41 62 92 64 98 82 79 20 86 25 29 13 64 94 31 70 21 93 98 49 12 17 67 44 76 79 28 56 77 58 15 66 86 40 57 72 74 13 83 7 45 49 18 63 87 78 74 27 79 92 22 90 18 18 53 21 80 97 47 89 1 33 74 90 23 21 28 18 86 23 36 76 45 65 94 45 1 88 30 28 57 86 86 47 26 4 71 76 39 73 0 75 39 22 59 8 25 8 81 60 53 24 70 65 9 73 15 85 60 73 8 38 49 13 87 58 58 89 0 96 39 58 0 55 83 47 24 56 99 45 21 25 43 91 11 96 79 8 76 64 21 42 54 89 47 55 41 55 67 5 37 34 3 13 82 79 74 78 54 19 10 7 86 42 4 46 78 98 64 88 94 11 31 51 20 79 36 47 63 39 55 14 41 37 4 2 34 83 93 44 51 48 47 74 78 38 77 22 77 33 35 17 19 37 44 82 31 8 14 24 51 99 64 77 34 95 88 65 87 34 29 4 44 18 65 49 24 5 52 62 84 17 94 89 33 87 98 93 14 30 49 77 11 32 27 60 84 34 25 97 58 43 97 2 6 40 72 52 76 34 91 85 52 7 0 24 4 79 25 31 88 26 100 87 86 15 51 15 74 14 96 24 92 89 7 73 63 69 16 66 45 31 29 80 9 87 74 87 38 89 55 4 99 73 43 43 35 8 32 20 95 7 84 47 62 50 89 79 53 38 30 84 72 7 78 8 8 86 13 26 58 74 26 98 91 99 40 70 62 84 94 10 94 98 67 10 36 52 97 80 80 61 39 29 17 75 78 47 1 48 50 64 92 23 91 95 35 86 70 5 48 0 2 1 40 88 46 26 38 28 90 35 57 78 53 40 83 67 73 3 3 98 30 12 15 25 69 94 66 78 34 53 93 88 1 7 24 38 72 84 55 84 11 77 19 37 46 4 10 22 14 12 52 74 37 99 1 27 44 91 59 9 69 48 74 19 67 77 67 16 61 60 35 81 30 
36 61 96 28 26 70 18 69 60 80 76 89 2 10 49 26 63 10 87 12 93 39 88 28 99 72 40 78 94 32 18 52 15 60 83 46 6 24 40 96 71 98 78 80 94 87 85 41 80 14 28 59 65 32 1 83 53 70 83 9 49 73 93 42 37 90 35 59 73 60 11 76 57 46 34 35 11 64 92 83 59 56 99 53 22 36 24 65 35 32 69 46 10 0 88 25 95 69 28 66 78 74 76 86 59 58 99 60 48 9 1 51 19 5 54 61 74 43 14 82 27 93 38 85 31 68 2 39 30 29 19 46 80 90 63 26 77 2 58 9 8 78 21 85 87 76 19 29 94 54 88 36 45 28 11 16 26 98 4 89 59 11 8 83 43 83 3 10 93 43 57 27 32 0 51 34 87 83 40 8 34 4 59 45 2 71 95 16 41 5 48 99 30 64 94 64 38 51 88 85 8 17 54 94 47 4 27 24 42 34 2 86 33 11 79 96 75 93 94 44 35 6 46 76 8 91 45 12 35 88 68 17 83 21 69 80 44 45 47 33 50 31 63 96 11 64 74 48 35 4 8 72 18 81 20 53 66 34 57 62 67 99 47 98 4 65 27 20 14 64 83 25 15 87 47 92 28 28 88 22 16 86 91 9 51 98 18 100 60 35 53 61 100 20 63 41 52 91 7 39 89 6 42 6 7 19 33 100 13 7 92 32 90 33 91 15 5 4 40 93 15 69 72 89 86 27 64 77 62 20 65 83 54 81 96 49 63 3 3 15 22 60 84 62 50 24 62 55 54 54 16 51 99 3 42 83 83 15 93 75 53 62 87 84 59 79 54 23 82 27 53 91 23 63 73 3 24 38 84 10 8 33 57 37 95 16 54 15 74 84 99 17 33 2 16 50 21 83 58 8 61 19 57 32 83 10 88 19 52 80 82 83 61 29 75 61 58 90 53 36 52 1 42 45 88 58 69 92 34 16 80 96 91 33 41 35 95 89 46 6 83 47 86 90 92 22 41 72 25 57 2 10 15 71 76 98 58 86 47 60 26 54 97 100 8 34 4 10 75 35 38 52 92 43 92 93 61 84 95 27 36 77 5 71 1 29 8 82 97 45 49 38 46 51 92 73 26 6 80 6 
16 78 40 81 11 62 10 59 9 40 54 41 91 21 31 19 79 29 24 3 43 45 12 63 12 97 64 94 86 56 50 1 65 48 84 90 77 37 17 31 33 34 70 60 40 65 100 58 42 95 73 48 98 61 57 63 67 11 98 61 79 60 15 21 82 92 38 69 65 9 71 56 48 39 87 49 6 33 15 4 84 31 3 8 36 72 44 11 22 60 96 0 31 66 14 45 60 10 58 49 77 19 48 97 91 18 24 85 42 83 57 54 68 5 80 78 4 39 46 75 35 40 21 61 92 53 79 30 25 80 52 80 21 72 99 50 41 80 59 0 4 15 4 23 78 1 13 74 49 61 11 59 89 84 31 63 46 50 85 78 19 35 58 94 58 18 62 24 73 87 25 31 8 45 79 8 49 69 64 30 0 15 71 78 2 46 3 67 89 91 57 34 47 99 29 53 77 74 99 0 59 16 36 48 65 82 49 90 10 30 53 40 40 21 83 61 99 71 41 13 26 94 65 84 91 60 7 79 56 60 80 94 38 66 22 94 12 71 36 76 45 42 56 7 29 71 76 80 35 77 86 85 10 47 91 87 26 1 80 60 12 99 97 78 38 53 91 60 46 87 81 39 19 88 67 24 64 98 3 38 87 77 10 12 49 59 97 18 36 90 86 3 98 45 64 71 95 5 42 30 62 96 74 50 10 12 9 31 48 11 79 34 79 62 17 32 38 54 33 58 17 45 45 60 100 45 74 25 70 19 67 26 98 89 72 0 72 55 98 51 21 47 82 83 40 82 19 91 70 18 80 82 19 35 66 67 81 71 83 60 48 29 18 81 17 6 3 86 90 39 2 40 66 1 21 87 3 13 59 6 68 98 88 48 55 85 21 3 78 94 98 61 78 76 48 9 51 42 32 83 53 27 87 61 78 5 88 35 2 29 66 74 55 19 70 29 80 67 86 10 15 85 11 33 59 41 80 61 22 97 77 98 96 19 24 30 30 88 17 44 86 95 17 100 65 73 14 49 46 82 35 18 95 9 48 72 87 58 89 26 97 44 54 27 81 63 34 10 35 31 19 26 13 61 32 74 78 91 70 65 96 8 68 45 87 7 16 100 88 6 39 47 53 10 24 58 39 58 63 82 
89 54 2 36 52 37 48 86 40 21 65 84 44 34 49 33 10 79 84 51 62 79 47 98 72 26 66 5 13 56 13 80 16 12 50 77 95 62 19 48 12 12 24 77 87 35 98 37 82 58 61 45 7 72 32 16 94 43 92 15 90 70 55 37 39 35 31 18 95 83 17 66 42 10 36 65 34 8 62 33 1 60 13 80 48 17 67 73 77 53 2 51 97 27 56 90 60 20 50 65 34 37 56 21 28 10 47 17 34 7 99 35 27 86 24 30 23 53 69 13 60 41 45 81 29 73 19 39 12 7 86 2 17 42 75 89 21 93 86 15 55 38 25 39 37 69 26 56 46 70 4 25 17 13 12 25 16 10 66 52 4 8 33 87 52 34 4 99 78 53 65 34 26 70 65 69 78 91 64 59 50 82 12 46 15 69 61 85 10 2 30 40 84 90 49 92 34 40 47 67 79 47 80 29 32 3 87 83 30 100 14 20 83 46 40 7 21 37 9 100 1 23 47 91 8 3 25 65 31 68 22 20 30 70 81 58 82 47 91 21 100 5 62 58 72 70 65 85 49 49 49 50 42 8 23 57 99 46 75 78 35 85 8 16 87 49 10 35 89 34 10 98 56 53 56 65 43 50 51 27 39 35 83 16 10 22 22 26 43 10 73 12 31 0 4 24 70 89 57 6 17 100 69 82 51 8 93 48 72 11 90 69 45 27 90 10 43 3 92 37 32 22 9 80 0 97 56 43 2 78 76 80 99 43 93 25 14 39 92 28 22 75 55 49 83 63 28 58 79 13 85 6 88 43 17 56 89 27 8 52 59 38 20 66 78 85 68 96 65 45 27 74 38 30 25 18 30 22 50 64 55 38 35 86 92 75 36 70 58 63 91 34 23 86 31 98 36 54 54 88 12 7 14 65 93 89 18 96 50 46 61 33 84 70 32 30 86 49 56 0 79 58 93 39 87 50 10 90 35 43 11 33 83 36 92 81 28 33 10 87 87 16 78 56 72 93 17 6 81 52 67 52 55 0 30 78 30 26 78 20 10 96 12 82 25 85 44 66 40 26 90 100 99 1 64 90 44 67 35 5 27 76 80 26 24 40 90 39 75 80 50 63 89 59 85 41 27 54 36 5 
80 93 57 35 77 17 18 79 41 77 95 95 76 0 54 21 29 63 30 76 20 85 3 99 26 6 52 99 67 32 4 78 77 17 37 54 68 14 45 8 28 26 0 16 83 66 5 91 25 12 75 34 94 17 97 63 68 64 77 51 17 26 61 8 64 89 97 37 16 61 26 57 3 52 53 63 60 5 78 27 99 80 74 85 5 83 78 88 57 62 28 68 31 48 99 85 21 87 85 38 45 77 15 50 24 79 7 28 84 76 94 46 100 80 6 80 79 8 58 72 58 2 66 52 63 96 93 94 16 1 51 85 88 100 4 59 2 93 43 2 53 87 25 8 26 81 85 26 57 14 18 33 49 36 11 49 39 80 88 31 23 13 38 11 13 69 27 70 53 87 21 36 29 16 47 50 49 21 10 19 31 51 65 18 49 96 1 90 85 40 33 40 99 71 22 82 32 25 54 83 60 72 33 60 33 85 56 98 45 50 34 95 66 99 91 31 31 10 16 49 84 69 92 42 72 40 1 57 98 53 14 53 2 68 33 82 39 41 16 12 58 38 48 16 34 25 39 38 69 82 7 81 23 81 28 75 74 24 25 7 23 68 0 19 62 41 17 43 11 100 8 27 41 21 86 63 59 86 95 77 80 78 73 24 41 69 44 24 98 50 91 2 41 48 42 86 29 7 42 94 3 82 100 91 86 13 61 85 45 84 41 56 59 34 100 53 76 67 99 20 14 57 10 31 4 14 46 6 89 32 45 3 74 14 15 18 62 89 100 31 88 87 10 47 31 19 45 53 9 0 45 48 79 26 80 17 59 0 44 97 92 44 92 98 65 67 57 55 64 80 83 94 58 75 15 50 98 53 41 18 87 54 62 31 55 48 17 66 72 29 67 73 45 72 45 97 28 13 15 10 73 49 9 42 63 89 59 84 3 23 89 24 2 75 7 7 18 13 22 41 11 24 21 44 21 10 37 43 44 97 2 92 94 79 77 30 86 2 5 97 33 38 46 97 26 87 8 22 55 79 8 15 65 32 80 98 39 82 62 13 62 33 16 98 19 49 55 3 59 50 75 65 43 48 75 54 7 61 79 54 86 12 91 84 45 36 8 39 19 35 58 82 34 96 32 66 0 93 11 56 
38 58 30 50 0 98 41 30 97 66 70 23 92 22 86 50 2 72 12 5 39 48 12 78 70 35 30 93 49 54 28 19 34 30 14 96 39 54 0 82 47 80 41 5 58 8 21 23 94 85 55 61 85 77 53 74 68 72 98 69 47 93 64 9 51 24 19 89 69 26 0 43 71 77 68 81 38 4 83 77 11 84 9 5 61 13 89 26 45 33 44 100 58 50 54 2 57 87 100 33 12 89 84 23 90 54 22 24 84 83 91 78 5 95 48 83 16 67 8 63 33 50 74 84 80 47 53 13 51 71 26 68 78 54 36 12 100 22 73 58 95 90 21 60 30 57 27 84 77 34 58 99 61 58 88 52 53 47 22 89 77 99 19 33 100 62 44 81 57 40 0 73 24 18 44 79 70 89 89 96 36 28 26 36 86 65 15 35 22 77 54 24 95 87 8 66 51 83 13 86 61 81 95 85 55 79 86 11 25 63 5 1 86 50 43 79 62 41 39 24 76 65 38 93 79 36 100 43 34 34 4 58 71 84 99 50 51 70 92 53 3 54 73 55 62 74 15 41 79 51 21 28 0 71 32 14 17 77 19 62 60 24 98 82 38 5 13 88 53 55 75 91 54 39 94 27 21 61 7 68 87 25 4 55 83 50 90 30 100 63 88 31 16 64 71 75 23 89 91 14 37 76 64 70 6 76 91 12 2 14 57 36 73 36 94 96 59 70 75 7 87 19 64 19 85 61 69 95 82 1 0 77 97 83 97 60 65 68 71 60 41 34 95 45 57 62 32 77 1 75 93 55 92 72 65 97 92 50 58 59 21 32 51 60 100 33 93 45 86 89 98 42 30 40 21 84 92 93 7 14 33 7 35 66 13 44 9 87 34 0 89 65 100 81 34 9 69 46 20 11 13 71 95 60 85 6 51 67 5 70 47 41 99 1 92 68 89 37 92 42 84 72 95 99 30 81 38 81 99 65 43 67 94 99 59 54 23 95 63 88 54 28 98 87 95 46 10 25 26 58 86 5 45 34 19 67 51 1 53 1 25 4 44 7 72 21 58 62 23 27 10 18 62 79 51 8 5 14 81 41 12 32 45 52 45 92 35 56 22 33 1 21 32 50 39 19 44 100 94 69 
15 3 86 20 12 2 96 20 0 50 65 84 70 61 18 13 54 80 69 91 37 11 96 1 19 26 21 27 31 12 9 7 55 62 78 14 64 40 98 62 45 59 45 87 97 75 1 32 59 87 98 58 95 43 44 32 89 32 1 5 66 47 82 36 46 59 20 53 5 24 72 54 82 50 85 60 37 55 98 32 48 27 39 39 97 55 61 1 25 66 15 43 75 42 92 2 53 46 76 78 7 77 100 7 0 35 27 72 74 83 52 63 60 84 23 75 94 24 16 81 25 63 80 14 80 44 83 21 43 19 74 53 63 38 35 1 13 21 83 42 73 55 65 98 89 61 1 41 1 71 23 51 53 30 91 10 45 11 0 59 32 55 32 48 23 51 68 89 48 24 42 62 42 91 23 55 64 31 37 56 59 91 95 46 15 60 54 62 46 29 0 12 96 78 76 83 2 6 71 12 25 87 66 77 1 75 14 91 17 61 2 27 90 41 14 100 30 2 33 17 76 3 92 42 84 97 89 29 22 82 55 21 43 35 54 96 40 34 40 19 77 12 3 87 46 10 93 26 50 22 81 86 41 15 65 31 2 75 29 41 63 92 37 36 71 42 15 73 16 69 88 30 72 2 0 11 89 92 25 77 57 47 36 64 45 37 27 42 12 43 100 99 97 40 88 35 3 47 90 71 12 35 91 48 17 55 91 6 24 84 87 82 76 55 16 65 20 84 71 2 23 71 60 11 68 26 66 8 54 31 26 50 27 65 59 94 96 66 90 48 23 53 12 37 23 71 77 94 5 64 5 26 33 98 85 66 66 53 99 45 85 9 48 2 56 39 74 11 22 49 20 59 48 17 27 74 83 87 81 78 5 68 32 1 50 0 16 88 67 81 93 16 95 56 45 25 33 69 41 49 44 13 56 61 55 56 32 28 98 73 16 96 60 81 30 54 28 4 15 77 82 24 31 38 29 98 90 63 7 84 48 5 32 92 80 23 34 38 44 33 64 92 76 28 37 53 44 77 7 51 1 55 11 18 75 31 91 72 76 92 90 90 94 91 68 89 3 73 40 75 67 99 16 40 16 37 53 19 77 64 51 61 11 28 36 61 58 7 47 96 63 81 18 32 91 24 29 15 1 46 
18 15 25 27 0 15 71 63 88 92 79 90 74 7 51 97 13 68 26 10 39 23 53 96 65 5 45 14 28 30 57 46 73 45 88 71 93 56 56 4 63 19 7 0 18 44 8 49 22 1 28 75 81 11 43 30 9 80 3 19 53 50 75 60 32 70 59 10 86 31 90 57 6 22 82 48 56 9 4 13 94 56 0 29 31 98 33 48 71 56 80 100 89 5 54 30 21 20 5 40 21 66 44 57 63 22 70 75 54 9 88 37 64 75 10 69 23 80 91 58 97 14 62 18 36 30 66 26 11 13 67 64 0 61 91 62 18 54 87 39 37 62 32 65 67 29 29 28 45 40 56 46 95 37 48 81 28 67 95 21 54 5 12 15 59 32 38 71 25 26 63 36 14 13 1 7 28 22 18 5 98 54 87 13 66 21 60 8 46 61 50 64 46 57 83 76 46 89 27 83 18 21 81 80 82 60 0 27 38 96 11 1 5 7 22 5 23 27 62 34 97 11 24 56 47 54 16 22 26 41 63 37 42 27 6 5 100 80 56 23 74 6 63 32 40 40 38 39 34 4 15 85 37 10 0 60 5 74 94 36 20 62 15 10 88 45 81 6 48 33 62 2 11 44 74 48 82 1 84 58 88 82 4 6 79 63 70 81 79 88 45 1 48 9 42 3 5 9 82 69 4 70 1 92 3 51 94 37 93 69 51 34 82 84 43 32 49 79 23 72 70 17 97 82 93 93 15 23 24 57 91 69 63 69 41 10 39 9 72 46 22 85 10 26 33 18 70 12 99 60 67 64 28 44 45 15 21 71 81 52 17 60 12 17 89 16 95 6 96 93 52 25 38 17 43 20 9 30 91 64 7 87 12 39 87 5 27 41 42 13 17 15 97 74 19 15 34 48 98 26 33 68 44 91 57 77 27 33 52 34 46 44 73 17 41 66 100 19 75 88 12 30 76 74 72 44 4 86 57 38 45 81 22 41 32 37 3 24 18 20 30 99 2 21 54 68 53 45 96 56 9 16 38 70 43 95 52 79 20 87 75 30 31 44 35 57 39 67 98 55 59 40 11 75 3 29 69 45 1 53 92 1 7 47 11 28 71 44 33 33 9 44 51 83 86 81 39 63 93 8 
71 49 43 98 41 64 13 93 81 95 61 33 31 73 58 55 40 16 40 68 34 2 5 76 1 95 10 1 84 8 48 44 51 53 3 35 33 17 63 78 8 21 15 54 28 65 76 80 86 20 83 57 72 81 33 34 33 17 93 53 100 93 2 84 33 76 72 3 15 28 75 42 48 95 24 87 93 7 45 23 55 21 93 64 32 28 37 49 87 14 25 0 54 9 54 60 55 45 23 63 29 79 86 66 38 42 13 84 53 45 13 23 60 20 43 73 29 40 17 71 16 42 28 7 11 71 26 84 49 59 90 100 35 13 24 29 31 7 37 92 5 26 78 5 83 68 72 44 26 8 77 53 23 32 6 84 35 64 79 0 78 94 11 61 17 30 54 85 76 94 94 71 17 15 73 71 17 46 34 91 55 84 18 79 77 16 50 5 100 49 90 78 29 100 68 91 8 65 57 15 97 86 51 40 82 60 15 55 97 91 2 25 96 53 82 50 90 63 26 77 99 15 61 99 61 22 100 56 92 52 43 60 22 70 6 16 91 29 68 48 7 73 18 100 77 63 68 83 17 73 75 47 48 80 47 7 77 4 92 39 89 34 26 82 47 93 84 11 34 23 73 23 82 44 38 76 72 35 0 98 76 26 80 70 42 98 35 5 33 66 44 37 73 98 70 12 67 83 13 66 54 94 47 37 66 54 69 81 62 42 40 77 76 7 12 50 6 95 32 92 88 1 93 36 37 59 5 35 24 32 85 96 28 61 82 70 86 34 77 1 89 97 79 4 51 84 66 74 6 40 74 9 66 0 42 39 45 71 83 91 1 63 42 43 23 93 32 14 75 8 46 35 92 65 90 22 89 22 59 70 26 100 10 20 96 46 69 30 68 38 79 68 78 52 13 47 85 99 10 29 54 94 46 5 82 31 75 33 62 83 72 97 60 69 76 86 84 11 57 86 32 10 13 60 20 75 81 9 78 21 85 86 44 98 23 78 89 2 46 25 94 76 71 24 83 9 49 48 85 100 7 61 4 51 58 16 32 48 25 50 46 60 57 26 31 65 54 23 42 80 61 31 15 5 17 57 45 50 27 90 4 10 76 0 8 34 0 54 70 28 3 54 81 0 13 80 65 90 48 57 
90 91 37 43 33 57 41 41 89 14 77 91 32 94 45 66 60 15 58 21 89 75 3 10 63 56 87 5 26 43 60 64 90 87 32 77 53 81 43 22 86 98 87 19 40 66 8 26 11 21 91 64 36 18 26 44 8 8 59 67 56 0 99 59 17 78 9 2 20 35 7 13 86 76 47 63 18 41 31 20 7 80 77 27 76 19 2 40 17 37 89 69 35 54 94 8 70 17 87 46 47 98 78 39 64 24 90 58 76 63 80 93 71 34 49 77 98 51 19 22 91 33 74 68 85 85 30 66 80 49 72 14 29 64 68 89 51 43 92 19 97 67 18 50 67 88 20 6 88 24 67 94 18 10 99 51 66 21 31 23 0 30 92 60 33 53 26 59 41 12 74 85 11 99 29 14 6 94 27 74 17 73 84 77 44 76 64 15 65 59 74 21 37 71 64 41 45 32 56 23 61 37 7 14 4 29 78 94 36 78 60 95 52 62 84 100 24 23 55 76 12 88 39 80 70 40 5 99 53 0 30 65 23 35 69 33 76 4 26 97 51 53 15 10 27 82 96 35 68 43 50 69 5 70 55 15 31 23 88 34 77 5 48 79 38 25 8 11 90 59 33 4 18 0 13 35 24 71 64 4 27 42 57 37 69 100 56 64 69 95 51 54 94 9 34 46 80 13 87 93 15 0 59 21 46 93 0 48 88 90 88 7 43 15 13 93 63 42 41 53 29 77 92 27 36 94 44 36 4 75 74 40 4 37 34 37 57 39 0 77 2 51 30 57 29 66 64 19 23 94 47 85 82 60 72 74 33 20 52 72 70 93 0 70 24 11 77 66 60 73 19 8 47 61 93 61 84 51 90 48 72 95 20 62 52 68 65 89 55 56 57 70 46 21 73 99 9 23 83 11 77 98 38 71 96 29 86 64 75 0 20 24 52 27 99 9 97 93 14 13 37 52 41 43 19 80 81 84 94 53 13 9 77 94 22 74 68 77 48 0 63 48 6 33 62 49 29 22 63 56 57 31 63 100 20 41 99 40 70 16 42 70 34 95 49 80 13 49 96 76 17 81 99 28 23 82 67 48 55 78 26 5 27 68 53 79 16 25 68 84 56 6 21 79 78 78 5 49 35 3 
92 38 30 82 62 6 39 0 40 79 43 96 60 85 0 94 81 61 52 43 5 22 29 23 94 44 59 59 16 50 68 32 32 28 63 47 49 31 72 32 24 75 7 67 93 38 77 86 91 42 2 8 31 78 30 47 58 79 85 76 95 55 89 8 88 25 78 20 87 57 15 100 51 80 42 93 63 28 69 73 31 92 22 39 89 29 47 4 69 89 89 24 96 93 45 79 8 16 42 46 85 63 87 26 8 30 82 3 90 27 98 86 42 74 68 34 5 94 69 80 79 30 18 79 13 99 90 25 10 87 16 46 97 70 92 94 58 27 30 15 33 12 85 11 87 36 7 92 4 5 45 43 74 22 61 58 99 77 35 80 88 53 48 84 25 23 46 65 82 0 45 19 57 96 92 18 4 25 75 52 58 83 71 75 97 58 53 82 31 100 58 62 25 51 56 88 40 93 80 91 17 81 28 13 69 69 94 72 65 85 92 84 40 13 8 75 51 65 20 36 34 48 31 60 29 57 13 28 65 42 35 39 89 27 14 47 40 47 98 56 83 12 99 74 6 95 12 61 79 16 0 17 99 92 35 18 44 52 65 29 77 58 95 52 61 95 77 45 26 30 11 93 72 36 2 33 21 84 22 75 85 50 98 51 39 54 42 91 76 11 4 34 80 40 91 77 18 21 5 19 14 16 48 58 66 79 68 54 6 47 3 87 48 50 13 63 29 13 86 68 95 59 39 66 22 77 45 3 84 60 88 70 0 2 23 33 26 97 30 98 21 7 25 90 49 6 75 91 16 27 50 65 20 92 71 28 33 37 21 0 13 17 28 12 65 37 61 95 44 39 23 44 9 37 57 5 14 54 8 72 58 87 30 9 15 37 98 96 17 19 33 62 28 37 40 13 84 70 96 38 12 21 90 71 42 48 45 52 4 25 42 85 81 0 11 14 93 69 3 75 75 54 87 80 36 8 99 20 58 72 89 31 14 6 12 24 96 41 55 81 50 78 10 35 26 26 55 67 68 99 68 83 24 92 79 58 47 6 30 2 87 25 98 10 19 82 3 74 86 97 35 75 71 44 93 82 22 16 99 28 67 67 61 76 32 62 39 37 76 50 95 72 30 43 85 83 21 33 43 61 
99 50 6 70 53 27 96 43 14 98 23 53 81 86 38 3 86 13 42 84 69 10 84 30 79 75 47 6 45 25 8 56 78 74 36 71 88 60 83 23 80 45 95 84 92 82 22 10 48 53 10 91 81 48 77 36 22 45 51 28 26 17 0 95 62 56 84 71 43 85 33 70 16 75 81 20 59 77 32 84 28 38 55 7 91 17 12 4 64 98 41 50 99 99 66 45 29 17 3 47 65 59 14 24 95 50 69 71 80 27 29 11 3 13 8 90 84 50 5 81 17 0 29 39 39 27 69 1 17 89 42 40 1 54 82 46 9 7 30 71 11 7 23 32 50 58 55 4 88 10 80 6 2 12 84 21 19 44 14 91 12 31 27 43 22 13 59 12 9 57 96 21 37 0 78 75 87 34 19 81 61 12 28 58 68 89 89 92 11 88 96 64 71 26 56 88 47 80 34 33 4 59 29 27 29 40 57 38 57 86 98 0 60 62 45 87 35 84 86 6 64 25 21 31 86 87 34 65 12 72 57 37 66 48 93 33 21 48 23 9 62 68 63 87 54 70 63 90 68 36 3 20 91 88 73 54 24 6 50 98 2 15 36 30 1 7 16 97 5 18 9 82 51 22 61 43 52 4 89 20 91 4 16 88 68 82 30 10 80 73 16 39 65 95 16 3 45 100 46 65 8 36 14 20 53 95 85 36 18 39 61 49 41 0 52 87 98 60 7 4 53 37 42 47 21 57 64 24 44 60 8 55 34 48 67 14 82 5 61 71 17 9 58 12 85 62 75 16 51 99 38 77 60 9 37 22 32 30 86 92 40 20 10 89 87 27 4 18 2 43 18 16 50 19 100 10 32 71 68 21 60 23 38 56 81 62 6 60 0 87 12 77 9 86 100 91 36 24 40 66 30 7 62 69 60 83 49 89 93 68 43 9 22 99 39 4 8 43 58 13 62 31 30 55 100 78 95 79 95 79 85 90 24 38 52 0 76 90 37 72 93 3 17 55 36 52 16 54 29 98 68 68 36 57 23 88 38 41 33 6 21 2 75 49 84 65 82 100 63 46 9 7 52 61 8 5 40 83 48 13 88 58 15 70 25 36 57 24 74 49 28 87 9 62 11 49 66 69 35 94 
3 22 12 78 69 87 83 20 85 15 73 57 40 98 0 13 11 0 42 89 8 16 37 16 21 97 10 95 93 28 62 72 72 13 26 57 59 45 55 1 58 62 91 82 30 26 89 32 32 25 97 59 21 15 35 100 77 60 11 73 27 89 63 55 62 59 35 22 40 55 24 85 25 62 88 70 59 70 64 74 39 47 45 55 86 24 2 66 26 7 68 29 85 61 93 42 91 51 28 9 84 52 21 66 88 51 68 36 10 73 96 86 43 61 79 6 67 60 26 30 27 86 92 78 43 52 90 31 54 22 46 94 98 31 93 98 13 72 42 64 95 2 46 95 69 100 15 98 67 70 6 12 6 17 0 28 19 88 49 27 49 37 36 71 23 97 55 59 17 69 77 32 21 50 77 81 23 51 43 1 45 97 5 73 7 16 19 79 29 71 25 12 48 51 38 16 73 58 56 36 96 84 37 4 15 19 91 80 87 64 96 42 45 65 4 90 33 99 91 96 48 100 6 9 13 59 62 25 14 36 97 47 4 92 51 87 36 3 33 83 76 59 85 94 98 37 68 14 26 90 7 17 11 79 40 65 66 7 33 23 41 42 11 32 92 18 6 36 31 60 47 90 69 77 13 52 60 93 68 8 97 85 68 34 41 2 82 13 82 26 44 14 87 84 81 87 78 97 52 22 99 69 30 18 58 66 13 32 40 90 9 40 4 74 28 42 82 75 28 48 3 58 81 33 19 60 9 82 20 1 82 52 8 72 20 75 12 12 100 17 22 8 2 6 45 91 38 44 31 11 32 56 96 82 68 58 50 61 47 15 31 4 66 59 11 78 38 8 69 48 6 75 23 18 15 10 70 97 32 75 47 9 68 26 83 13 86 96 58 97 35 90 4 46 32 38 33 97 84 73 11 55 49 73 29 48 51 96 68 39 90 68 43 85 54 34 54 9 87 48 19 20 56 4 76 66 76 8 4 73 41 7 68 11 70 96 8 60 43 0 40 33 39 15 30 3 90 59 100 71 82 0 51 58 44 50 60 86 29 10 92 71 68 16 28 35 94 42 50 61 61 67 18 33 39 67 87 91 92 63 100 71 68 44 88 26 67 34 91 47 68 30 38 74 56 69 32 17 43 40 
70 86 78 33 98 29 39 45 87 27 14 22 45 28 66 23 52 21 13 31 6 77 93 5 90 44 69 14 53 64 66 21 85 49 90 70 59 65 3 96 14 49 22 80 38 6 49 18 100 71 3 34 31 37 53 81 49 2 66 3 52 92 45 63 19 26 84 98 18 77 65 80 91 59 36 81 59 0 67 78 45 58 81 78 31 47 39 34 71 35 44 6 72 92 47 69 21 15 10 19 49 64 58 17 5 17 96 7 6 77 71 30 1 72 56 53 18 82 36 87 93 1 38 44 67 99 17 68 61 74 89 40 80 90 46 26 7 25 96 51 12 34 38 68 47 9 88 38 96 33 67 25 32 23 11 12 65 84 46 30 92 48 3 16 67 30 25 84 99 16 3 77 71 83 23 21 94 50 58 5 13 0 84 34 53 12 24 18 1 46 47 53 98 65 95 72 46 58 90 55 22 43 35 90 75 61 14 40 0 82 20 19 74 44 9 87 98 86 100 7 80 95 3 7 9 96 0 76 98 54 32 36 43 14 24 38 80 62 18 80 19 27 66 48 95 73 51 11 40 36 77 35 69 40 18 81 94 82 85 6 14 35 9 44 3 86 66 87 30 63 96 24 92 35 74 41 63 97 56 45 25 50 37 18 65 46 24 55 90 79 45 53 66 33 19 39 39 96 63 80 59 85 51 39 77 26 95 43 12 78 69 3 55 81 29 7 60 10 25 23 43 31 67 75 82 59 79 84 67 57 25 60 27 29 30 88 72 30 1 60 48 52 75 56 17 62 92 10 58 28 71 79 26 23 43 13 17 88 3 64 75 5 10 10 98 70 60 15 78 68 73 83 42 1 16 64 31 89 1 48 5 80 99 33 87 23 11 56 0 18 99 38 97 67 61 51 59 31 83 68 66 81 20 59 78 90 10 11 99 31 59 43 2 39 32 67 0 58 54 73 88 89 14 91 86 5 29 12 13 11 10 62 50 19 9 9 34 62 5 17 26 56 83 89 81 14 83 100 83 49 99 94 20 24 39 46 89 79 29 61 60 33 47 60 80 26 9 54 15 43 11 66 40 29 28 4 98 70 77 73 11 93 96 37 59 90 19 52 32 64 33 99 23 66 21 19 87 95 49 35 
56 42 74 12 76 99 41 49 36 25 25 96 60 58 14 35 76 39 91 80 49 55 54 42 12 2 35 20 63 33 64 11 21 29 0 26 15 59 97 69 78 25 75 6 65 96 63 70 86 99 44 71 35 83 47 98 52 61 12 41 82 51 24 60 82 87 26 89 59 30 21 42 49 75 13 86 66 54 86 24 70 26 0 9 58 75 1 7 2 79 63 46 20 95 84 96 100 17 18 37 66 29 31 57 3 31 25 80 61 75 3 9 100 38 38 100 41 56 61 23 39 46 96 38 36 8 54 13 81 65 75 48 44 40 62 69 42 24 20 45 86 43 38 89 58 55 97 93 54 69 99 26 98 46 71 4 20 34 51 25 57 23 34 56 12 89 52 16 93 49 2 74 11 57 52 32 70 65 53 78 34 80 46 4 36 86 44 31 36 36 86 28 13 41 44 76 74 26 51 77 82 79 16 73 88 77 78 56 82 98 28 11 13 65 93 0 36 47 43 79 53 76 63 61 56 73 13 58 40 72 77 78 80 72 85 10 88 9 23 95 89 56 78 38 1 90 51 13 99 9 79 21 94 80 96 76 29 51 6 98 44 40 55 91 42 4 67 83 52 85 55 66 9 50 54 66 36 5 100 65 66 64 1 2 28 43 49 90 60 30 98 51 16 26 90 82 4 21 64 21 17 58 95 76 8 19 98 12 23 76 64 91 84 82 11 78 3 11 59 63 75 91 10 94 12 95 65 41 29 61 53 58 23 19 68 47 95 18 69 54 88 39 36 34 71 95 36 11 64 26 98 86 89 46 51 75 78 63 23 13 19 95 61 94 35 34 15 13 33 65 46 37 90 51 71 87 26 0 98 77 19 14 0 88 20 61 4 71 33 34 52 75 17 11 5 60 95 81 66 35 54 61 57 29 75 71 42 98 48 28 68 79 27 5 34 78 49 19 81 38 15 93 45 75 11 60 71 18 88 23 33 46 58 59 54 21 60 9 57 88 48 81 45 53 70 12 32 70 2 43 58 41 24 28 4 41 9 75 88 53 62 55 39 36 92 41 85 74 87 21 68 96 33 13 6 38 92 84 64 99 32 44 12 60 18 34 13 92 38 54 46 31 43 85 89 16 90 95 89 60 
93 11 56 94 56 73 10 88 79 84 16 1 37 97 25 44 36 76 81 76 66 41 55 74 44 92 39 69 31 88 42 66 71 29 33 14 84 18 79 5 3 65 54 42 11 77 5 100 84 27 91 30 85 20 85 23 90 84 81 60 54 17 52 4 37 16 43 70 54 98 59 45 78 86 17 4 87 37 92 36 85 24 97 71 7 85 52 77 61 34 54 9 56 2 31 28 48 70 47 95 78 100 5 85 4 68 61 22 93 56 68 63 30 87 16 57 57 28 10 97 11 97 88 16 68 24 87 88 17 42 70 59 34 48 37 55 64 28 11 20 7 70 18 0 11 33 63 35 15 100 80 1 61 67 67 58 39 38 75 13 78 86 31 31 52 25 1 87 73 63 24 68 51 96 11 9 98 93 86 23 68 10 18 22 4 85 23 76 37 39 93 7 17 7 16 83 94 39 87 33 22 96 28 39 38 86 73 45 61 44 26 87 89 71 31 29 81 93 75 14 17 68 85 31 59 33 15 28 82 9 67 53 84 81 41 39 50 37 94 45 9 64 8 61 31 17 73 12 98 10 27 77 55 23 63 14 12 2 4 70 62 77 7 8 48 52 55 13 4 86 25 86 82 73 47 7 44 8 43 88 40 88 80 31 31 96 30 71 35 80 87 36 20 27 47 56 10 74 85 48 36 9 90 36 9 1 20 94 77 94 11 13 8 84 26 2 93 48 91 85 62 26 32 72 48 56 74 85 73 86 2 12 63 50 51 17 79 96 62 82 10 25 98 60 41 75 14 73 45 9 65 60 61 22 63 66 89 77 100 70 39 10 59 56 21 12 98 89 98 82 81 82 34 39 15 59 87 2 3 18 28 26 81 61 19 80 19 43 8 13 95 90 62 84 50 54 15 81 57 60 96 15 32 46 75 9 84 0 64 13 90 24 81 6 79 57 41 48 76 31 29 18 99 41 91 46 1 66 31 8 61 26 99 69 92 31 78 38 54 78 25 45 16 92 65 72 36 85 52 15 17 20 12 41 60 59 0 11 60 87 3 13 76 22 73 36 57 67 36 69 39 31 23 22 20 59 81 55 2 81 35 67 68 93 22 73 93 33 63 95 87 22 48 52 50 48 85 71 99 51 
62 84 75 52 15 11 38 84 28 68 56 66 9 78 53 44 90 20 37 75 45 70 23 18 33 20 54 9 33 56 6 46 83 30 78 1 55 5 77 92 96 69 22 85 44 39 83 82 40 41 9 48 41 83 11 68 68 38 64 27 95 72 37 88 7 0 64 74 58 1 35 39 62 9 18 43 32 64 88 6 55 76 75 65 57 92 70 98 81 16 17 47 19 51 80 76 31 67 35 38 2 91 11 77 41 46 37 49 92 55 87 81 93 46 47 21 70 49 86 25 59 82 63 96 72 60 18 11 53 56 23 0 30 2 15 16 13 52 36 20 7 46 79 30 67 11 40 93 68 42 38 99 10 28 59 44 50 65 42 20 72 9 94 93 26 19 83 7 7 14 100 90 86 73 66 100 60 61 38 6 18 100 28 69 11 79 96 52 33 22 14 68 34 35 61 9 69 25 39 22 25 5 91 12 45 8 25 86 86 58 2 53 11 13 92 75 13 97 55 83 97 65 26 55 55 53 49 66 100 17 58 93 53 38 47 79 37 6 0 25 35 90 52 45 73 29 25 89 36 72 25 14 44 4 59 82 47 39 87 63 75 45 24 76 26 52 97 59 7 41 86 85 97 14 15 41 27 26 19 6 61 71 98 12 10 52 70 98 69 38 26 93 39 73 16 57 54 0 90 87 46 26 67 32 3 56 53 95 45 40 85 31 35 35 26 58 21 77 68 46 41 66 68 3 39 50 91 8 59 23 31 43 86 27 25 30 98 25 75 43 85 28 36 44 89 72 22 67 2 1 6 75 75 72 27 56 69 67 17 11 98 29 76 33 44 48 14 23 86 79 97 88 77 64 30 60 68 53 89 44 69 42 97 53 100 82 47 16 95 59 50 63 24 22 80 38 19 56 80 20 50 95 82 57 96 47 60 92 30 9 88 33 43 22 48 68 85 17 43 7 20 99 88 20 74 1 68 88 38 14 29 36 73 4 34 71 15 93 18 25 84 62 19 92 78 32 71 7 11 94 46 72 8 80 68 7 18 19 6 11 13 99 62 48 51 7 74 83 30 76 83 26 5 60 63 54 1 25 43 23 99 5 88 95 55 86 67 77 93 69 98 73 68 71 5 43 93 81 0 25 
38 99 74 66 99 37 19 9 76 69 26 85 28 91 5 3 48 5 0 31 11 59 86 26 74 71 17 4 91 51 25 24 5 69 95 66 3 75 10 80 79 96 78 34 5 19 70 3 41 26 80 7 61 50 19 69 100 83 14 35 36 28 49 71 81 47 98 1 13 60 53 40 38 86 95 72 2 25 89 77 92 14 83 92 92 100 74 18 64 58 71 90 73 81 21 53 94 36 10 37 36 53 26 81 32 48 50 53 0 30 58 32 42 13 35 11 11 30 11 56 12 9 34 74 61 87 8 84 11 95 5 66 62 74 31 40 25 49 98 32 49 11 88 92 75 30 19 2 37 3 86 95 83 16 11 35 68 70 85 97 87 91 90 95 54 39 56 84 38 28 22 95 66 68 21 73 54 8 3 15 2 83 15 81 76 31 29 73 18 21 59 98 88 18 66 19 37 96 33 55 97 93 58 57 77 79 96 5 86 42 21 4 75 8 9 40 7 48 8 79 8 52 95 91 63 1 20 44 23 34 83 1 63 59 32 30 54 70 54 53 39 42 35 41 28 34 78 2 91 68 65 19 41 17 15 20 100 43 5 8 3 80 64 71 28 0 50 14 71 55 85 59 11 93 1 7 58 98 81 63 41 81 59 40 77 50 95 24 55 32 21 13 5 53 14 91 55 26 90 70 68 63 98 1 21 39 79 24 6 6 77 99 66 89 14 46 72 85 81 82 16 24 67 20 91 27 1 60 5 4 35 14 46 22 54 91 60 87 64 77 31 27 50 0 29 61 7 89 41 24 71 95 55 93 84 31 81 35 65 7 67 33 50 93 3 48 84 21 91 88 58 19 58 8 5 75 78 29 42 0 24 70 12 57 21 85 87 10 9 82 7 28 33 12 85 72 86 59 39 56 79 86 83 23 54 50 5 19 52 67 31 7 53 99 70 60 0 57 11 41 48 92 80 5 24 81 26 63 49 73 41 6 14 57 15 66 16 18 99 40 61 25 63 87 32 58 32 77 12 65 13 48 43 66 41 13 41 44 3 87 40 41 62 20 25 68 19 94 10 81 21 73 81 42 45 87 50 36 62 7 37 56 2 86 1 45 50 92 23 87 35 66 54 93 46 22 43 47 27 96 
97 80 74 39 26 100 83 58 78 81 1 46 73 56 26 20 71 44 41 37 24 56 51 18 57 82 46 90 56 89 34 51 60 71 80 76 58 4 95 22 50 53 20 37 44 71 37 0 94 51 72 72 71 44 75 57 76 22 48 57 15 88 68 86 63 94 31 27 69 71 19 88 71 9 16 18 92 44 81 36 7 72 71 62 38 9 56 33 58 12 90 57 12 71 3 56 5 85 17 62 18 76 80 42 47 21 13 64 7 100 43 72 80 19 61 32 0 2 25 62 62 81 85 19 2 38 44 81 20 50 46 13 23 27 87 16 20 22 16 4 24 3 81 69 6 5 13 9 7 33 99 30 100 65 64 57 23 94 65 15 7 90 32 52 11 18 11 78 75 8 87 32 17 5 8 77 95 36 57 88 31 44 95 70 85 64 58 21 3 91 87 25 17 86 73 61 69 100 63 58 84 84 49 74 29 56 76 22 72 63 26 86 83 39 48 100 93 19 14 100 9 53 87 47 19 79 63 65 29 30 7 44 77 76 8 10 25 38 81 10 11 20 4 69 50 29 71 97 62 17 32 93 55 30 25 93 98 71 47 20 96 55 8 86 74 86 87 15 70 56 56 97 53 45 32 77 50 91 28 25 90 71 95 5 35 71 10 43 63 40 67 75 51 90 45 40 39 27 57 35 54 98 34 3 13 56 49 51 35 12 48 0 94 45 65 90 9 71 47 5 27 8 50 25 99 72 3 43 30 66 35 24 76 65 6 67 93 10 54 1 54 2 45 77 78 69 31 26 24 42 41 81 81 84 60 98 59 36 66 42 45 1 82 85 68 28 91 13 95 77 41 79 99 51 71 50 76 82 33 15 76 84 31 27 83 63 65 12 12 40 24 18 30 39 53 39 53 92 45 99 2 61 37 96 86 92 83 65 3 19 84 0 26 1 78 39 71 10 83 18 64 12 86 64 4 48 7 8 21 99 43 5 52 84 78 23 77 47 59 96 55 89 8 65 37 68 69 90 67 22 58 95 75 87 20 44 84 21 52 25 33 19 35 64 22 17 61 16 43 16 45 72 82 65 67 99 15 23 38 43 47 20 39 6 43 92 71 83 75 84 4 84 85 76 2 43 38 86 94 45 
70 99 28 42 69 65 96 63 56 50 69 93 57 90 18 45 24 67 88 6 70 90 62 35 73 43 78 66 33 79 72 65 89 63 78 70 73 92 98 1 9 15 71 39 28 23 51 80 95 88 73 70 17 52 96 10 68 11 37 9 55 62 67 27 48 42 81 5 100 52 6 100 82 7 49 83 19 33 72 58 4 90 82 21 89 46 95 43 24 88 99 38 98 55 2 3 6 57 16 14 51 56 28 49 17 58 61 41 30 4 29 9 88 67 87 55 37 49 37 45 3 43 6 83 42 53 18 54 92 66 87 47 60 38 10 23 66 34 94 21 26 75 10 5 50 86 32 90 66 36 5 43 18 78 0 67 70 35 81 51 57 93 1 71 38 76 35 8 19 19 93 81 1 41 70 29 29 76 17 44 68 11 37 77 10 79 42 15 63 40 31 96 78 46 89 34 89 86 94 51 59 98 63 4 27 77 100 98 42 80 51 99 100 79 65 21 64 69 94 9 57 82 55 82 80 77 19 77 7 48 3 62 17 52 79 92 22 66 88 32 97 44 50 42 28 7 40 79 3 12 24 69 73 86 53 71 1 25 83 92 13 64 74 86 72 20 0 6 47 16 71 83 66 18 30 11 38 94 52 97 100 28 29 59 61 45 12 45 82 86 6 66 64 83 30 68 56 13 59 34 100 10 8 76 14 49 86 60 6 64 9 1 1 73 53 42 14 65 72 33 21 82 82 29 79 80 27 85 32 75 6 9 96 73 80 50 50 55 66 88 1 47 79 32 36 88 29 15 47 34 82 43 42 46 92 75 34 39 48 62 8 78 35 21 7 24 46 86 91 58 22 45 40 3 35 93 49 30 15 57 59 42 96 81 45 34 67 57 68 65 43 19 31 54 73 57 4 12 56 52 74 35 13 95 84 93 93 39 88 58 84 62 18 6 67 25 55 39 15 48 3 32 71 99 46 88 64 61 5 13 49 96 37 0 39 43 42 81 78 7 62 88 63 18 79 2 12 6 36 42 36 73 90 48 93 80 16 69 95 91 84 32 35 58 17 3 15 91 73 47 89 87 68 48 53 2 19 98 64 89 59 69 73 83 66 96 32 46 26 2 34 51 89 20 48 97 18 90 59 25 
94 31 11 58 100 44 77 87 52 38 25 97 26 65 86 32 91 69 81 54 60 25 4 78 30 56 36 90 9 24 55 16 10 14 28 27 8 90 30 35 14 40 3 18 27 52 14 88 1 52 40 4 48 27 41 71 97 92 94 66 95 3 54 75 48 90 57 70 60 22 65 64 31 41 86 98 22 76 20 69 13 94 97 35 46 25 56 19 20 59 13 65 19 74 6 27 4 30 6 29 26 50 35 91 49 96 2 96 58 97 67 94 98 21 87 21 58 57 22 32 95 99 43 43 29 12 34 63 19 56 32 46 50 38 98 39 96 32 52 57 75 93 18 4 92 17 86 30 13 22 82 20 97 48 68 84 92 69 61 40 97 46 79 95 65 14 86 28 58 94 66 73 89 60 76 5 41 100 82 15 30 22 59 40 26 11 49 27 9 63 83 57 29 29 67 11 25 90 38 91 45 31 16 52 12 11 22 65 84 4 39 81 64 76 95 28 19 52 31 79 61 99 20 62 85 77 42 77 12 56 88 74 96 90 59 31 70 31 57 4 67 95 68 14 87 14 89 36 12 48 97 15 97 98 8 81 36 29 90 21 82 84 76 99 78 15 15 23 63 16 54 26 77 60 57 82 75 68 52 34 55 83 19 70 79 1 12 1 0 31 22 0 64 70 96 36 71 51 51 0 66 63 57 14 50 79 25 50 47 98 2 31 65 19 90 20 32 61 3 3 19 93 34 71 58 9 34 91 7 75 78 96 83 56 86 69 81 37 61 99 15 53 49 5 54 77 94 83 96 45 32 90 83 1 76 16 71 32 41 83 27 75 33 80 86 13 27 23 74 26 5 47 19 30 58 53 39 31 22 54 40 48 27 15 37 37 79 34 29 67 63 72 23 81 26 28 27 14 89 49 37 86 82 47 92 9 65 32 11 92 18 1 16 71 95 26 9 59 15 75 28 27 93 59 35 86 94 61 31 44 5 69 61 23 2 42 79 89 23 57 52 0 26 32 66 89 85 15 92 92 70 6 86 90 81 46 81 38 80 73 66 68 84 30 92 43 10 58 40 7 48 19 51 70 12 20 16 44 100 74 56 89 28 64 37 45 42 0 92 12 74 15 83 5 88 60 80 26 1 61 
1 0 94 71 52 66 15 91 0 85 69 32 89 75 96 44 46 70 72 68 1 46 55 46 63 98 68 33 92 11 90 71 14 78 66 75 12 68 4 90 36 70 87 86 34 40 35 21 89 3 70 64 99 64 86 22 67 24 81 15 13 95 70 73 8 35 63 0 17 45 18 75 61 33 100 16 96 23 99 83 31 27 66 45 33 12 31 14 1 42 7 97 27 8 19 99 96 67 34 25 59 55 35 50 44 66 69 73 19 6 79 17 53 64 98 32 41 97 79 64 85 54 47 39 87 84 44 46 61 29 11 97 83 90 71 17 12 10 21 2 27 8 71 64 24 24 41 59 92 96 71 29 40 22 35 74 49 71 52 41 14 81 51 18 39 62 48 52 69 41 77 76 75 86 37 71 33 55 64 71 52 81 10 62 25 65 48 29 85 84 38 41 24 17 31 72 13 29 17 67 91 58 64 46 55 60 93 44 91 4 32 33 64 98 78 23 77 46 27 60 96 22 16 23 87 20 26 22 24 13 81 24 57 99 86 27 55 93 21 60 94 74 15 23 84 51 13 51 88 58 71 13 36 79 60 35 19 59 28 100 36 68 41 49 16 40 97 14 56 29 4 35 63 95 64 22 4 81 59 33 96 34 78 54 72 63 85 26 56 6 17 1 57 63 89 60 29 60 5 71 25 8 30 91 42 44 8 75 32 73 25 22 79 1 96 89 78 4 0 48 47 37 84 92 20 4 88 47 86 14 24 61 9 5 81 52 52 20 28 18 14 74 54 18 90 95 35 67 20 75 89 41 49 71 65 26 2 55 9 36 40 19 9 70 2 89 89 73 80 61 0 59 46 4 18 73 67 72 87 90 8 90 65 82 33 48 1 62 2 43 7 75 47 40 45 50 72 1 93 45 40 35 24 95 77 89 41 59 48 52 72 19 70 70 27 37 8 49 58 2 30 6 17 37 5 78 60 60 40 2 2 62 77 12 31 27 5 35 51 44 43 29 47 29 80 98 50 55 32 79 89 63 89 25 94 75 72 14 15 19 44 58 3 65 0 12 28 23 87 68 46 39 96 90 67 18 61 51 27 43 89 27 56 63 84 41 33 63 20 55 96 100 64 58 35 66 59 79 78 54 
67 57 87 53 33 16 10 33 79 52 17 18 54 64 0 97 33 52 6 31 62 41 92 70 40 23 1 72 49 39 40 41 84 2 67 5 18 19 69 18 10 72 94 12 84 14 71 97 61 95 21 15 90 28 51 16 86 72 99 100 58 18 91 69 75 23 92 55 84 88 49 49 54 13 28 84 86 65 74 12 35 23 94 59 80 67 10 82 33 42 93 48 78 58 40 92 37 36 89 3 2 66 3 90 18 75 71 57 94 59 6 90 6 72 36 52 1 39 27 36 53 24 68 59 34 23 26 63 44 42 3 89 55 27 50 24 48 91 65 94 67 35 74 18 85 53 25 54 19 60 83 51 49 71 30 40 89 66 48 28 84 76 3 4 83 11 43 93 2 0 2 52 2 19 62 99 48 95 79 4 41 86 24 97 87 20 54 23 3 96 48 13 0 54 91 66 56 89 81 31 54 0 30 39 77 47 93 20 85 56 96 45 80 23 89 41 93 57 15 75 27 14 71 66 88 47 89 83 61 29 22 97 79 29 38 80 26 49 86 17 33 77 86 50 67 2 83 13 3 42 65 39 23 53 53 7 60 79 24 6 77 52 60 16 9 18 39 56 73 95 14 54 33 57 10 87 40 44 35 45 87 83 21 27 64 66 87 14 64 64 33 5 22 55 17 92 100 85 17 7 9 28 7 48 13 80 17 16 67 32 17 57 84 56 4 91 21 17 32 23 59 33 68 65 20 22 48 47 27 21 64 12 43 66 1 25 27 76 68 79 61 8 79 65 87 82 79 29 64 17 43 98 97 59 7 59 74 24 86 97 72 41 0 23 51 63 18 56 37 11 21 76 40 63 79 99 35 70 0 74 71 32 15 19 9 21 99 78 6 45 12 72 84 69 56 65 28 22 67 5 22 48 35 65 91 33 31 24 74 8 79 58 20 84 34 7 89 6 54 64 64 5 27 30 55 70 68 32 53 73 5 83 39 59 59 35 15 2 80 54 86 82 37 30 2 25 59 45 24 71 29 27 3 38 74 7 44 88 8 37 38 1 22 70 27 82 31 57 6 70 36 17 10 21 15 89 6 55 4 54 14 5 17 84 94 15 5 76 72 89 2 45 23 48 5 30 85 28 56 13 
63 36 100 90 81 31 0 31 60 46 35 64 36 47 44 95 75 48 66 11 51 47 27 40 63 61 92 95 97 2 47 73 71 1 5 5 15 56 30 66 45 98 23 0 14 63 16 47 24 32 85 94 27 67 69 35 11 11 27 92 47 49 73 2 73 90 88 27 67 32 88 53 85 21 58 92 61 31 27 64 99 54 49 34 13 38 87 96 9 0 93 3 35 86 29 57 58 44 41 87 0 99 28 80 97 84 44 55 92 92 20 63 26 12 54 18 17 51 8 53 54 70 14 73 12 96 99 0 47 48 83 67 25 86 90 100 85 73 78 46 17 50 31 76 67 61 95 72 92 99 7 13 12 42 43 88 14 5 87 11 10 90 25 43 26 38 77 26 49 97 88 59 41 93 58 39 9 27 19 50 26 96 53 14 54 43 95 76 18 60 19 34 88 43 51 61 27 65 98 24 62 66 68 83 13 83 12 53 87 73 27 36 55 85 84 92 100 57 81 75 38 22 64 73 48 26 89 22 5 47 62 98 35 56 29 69 7 92 1 46 35 46 34 23 24 88 98 0 84 92 84 95 74 54 56 34 97 51 99 13 83 7 15 96 37 79 21 33 84 11 43 88 82 50 73 50 42 64 75 5 38 60 31 4 93 98 24 0 16 75 5 44 65 7 89 78 1 5 16 80 96 66 48 47 48 49 64 63 33 30 41 3 22 36 89 65 2 83 8 67 34 64 76 89 47 75 54 8 94 56 22 4 87 93 30 77 37 26 74 22 9 33 17 34 84 94 59 34 43 47 74 32 62 59 56 58 51 22 27 77 87 75 89 91 18 95 73 87 63 47 3 70 71 20 97 27 29 21 72 66 25 44 11 20 57 9 97 58 43 0 19 74 2 32 96 17 13 62 77 92 71 22 13 33 38 16 77 29 27 9 64 31 46 90 43 18 46 5 24 100 51 10 15 60 67 26 13 7 76 45 31 94 49 0 38 66 37 88 38 47 15 2 30 43 5 96 54 44 16 21 9 6 62 71 88 27 47 12 55 14 93 25 75 28 24 90 46 40 91 28 54 40 37 99 15 76 19 66 15 60 52 98 93 33 85 70 6 75 90 88 78 95 86 91 11 20 67 67 26 63 
24 70 65 35 15 49 2 16 35 6 32 76 68 99 34 15 85 75 78 33 18 14 25 90 95 50 62 96 90 8 14 14 35 65 72 86 11 61 23 63 25 53 97 40 59 59 45 9 51 79 34 46 20 58 86 14 88 16 54 80 48 22 30 27 2 76 64 73 94 20 33 79 95 55 49 1 27 70 4 38 79 64 71 10 40 5 53 46 96 30 93 63 18 47 75 25 86 35 43 78 43 52 89 75 94 75 66 57 63 65 75 71 71 67 14 80 71 28 39 79 27 54 77 39 81 62 5 26 68 30 14 40 8 28 73 21 44 17 81 80 21 5 24 94 24 66 63 7 75 70 84 73 33 39 30 51 47 67 39 10 11 35 73 94 40 36 67 98 94 69 80 58 97 78 89 95 83 23 91 29 7 48 42 100 25 20 63 12 75 84 39 58 44 31 25 82 66 80 7 79 14 76 28 43 34 4 82 83 56 0 23 20 65 32 87 69 63 79 87 88 64 80 44 94 12 78 79 51 55 37 66 39 98 73 13 51 64 32 48 53 38 24 86 64 33 11 81 79 61 65 41 32 96 85 78 25 47 79 38 42 86 44 47 56 68 29 95 22 78 22 87 35 43 13 58 5 74 68 2 12 37 85 15 29 72 57 32 3 53 25 88 38 95 42 75 0 69 93 84 54 98 63 50 19 83 72 75 80 92 54 80 22 67 57 5 37 26 87 16 31 67 76 74 34 9 36 90 97 43 69 83 12 44 12 47 91 67 24 70 35 54 28 34 48 62 15 94 36 14 98 65 95 32 85 31 92 84 28 83 8 57 95 60 55 36 24 7 71 98 10 26 53 2 74 85 54 13 59 61 95 36 19 25 99 50 62 73 63 14 41 100 69 74 21 22 83 28 72 11 40 96 13 74 2 1 42 53 81 76 60 9 100 59 89 14 51 54 56 83 13 25 2 97 9 73 30 69 88 94 5 25 28 7 23 49 7 63 67 17 85 44 15 39 70 69 67 75 78 9 16 18 13 89 44 92 41 17 15 26 65 0 32 7 64 11 75 41 37 56 7 76 9 24 60 19 60 94 35 27 70 26 71 45 12 80 23 85 78 21 44 67 66 36 36 59 47 86 46 33 100 
48 71 91 52 13 51 96 69 50 5 49 68 56 4 78 14 20 49 2 22 29 93 80 38 51 2 88 34 28 78 43 20 88 61 86 4 99 67 55 85 26 66 26 99 48 81 58 15 85 92 33 84 65 51 34 92 21 39 6 14 92 53 44 31 70 75 52 61 0 15 91 56 44 23 28 52 10 60 94 21 48 87 58 51 98 54 35 27 49 25 29 20 94 66 23 54 37 41 43 65 66 1 51 5 62 76 55 53 26 39 92 100 74 34 84 92 60 73 81 0 44 65 62 88 70 11 39 57 88 88 72 6 3 76 56 86 58 23 95 64 91 17 55 30 41 88 68 30 60 84 8 68 61 30 23 6 57 38 74 18 45 96 81 91 20 26 31 88 92 34 16 88 26 50 78 88 46 33 75 83 51 38 75 62 74 16 94 42 14 80 16 53 69 43 13 18 51 13 19 57 69 14 12 89 4 53 18 81 78 87 36 12 81 48 23 85 7 70 92 12 2 94 27 10 60 33 14 35 21 66 40 63 22 64 31 69 17 82 13 2 50 74 33 55 9 13 46 76 47 61 26 47 95 67 16 47 53 92 76 96 13 20 83 54 42 5 67 79 24 59 6 34 74 3 85 77 13 98 50 60 51 72 25 53 49 26 73 96 57 74 36 30 54 77 75 2 75 93 60 41 64 76 22 37 24 93 1 72 83 47 48 58 72 31 76 7 96 69 77 56 73 98 57 87 26 58 1 25 59 21 3 85 11 69 42 53 96 58 81 33 84 66 67 96 43 11 81 50 4 48 12 92 26 64 10 56 75 37 14 17 84 61 70 66 25 64 62 17 77 29 81 87 60 50 65 40 38 97 26 70 79 58 97 0 11 49 45 34 26 75 54 9 54 57 84 17 36 58 8 57 64 28 70 35 84 83 32 21 97 77 5 90 5 3 9 50 56 80 97 37 53 3 96 18 90 15 83 12 37 84 81 79 2 37 6 18 60 22 1 57 39 67 26 50 23 26 94 69 82 46 47 70 30 93 42 4 33 91 87 61 67 54 9 7 11 73 6 92 0 59 87 7 42 55 80 58 44 33 66 17 74 56 86 54 30 16 0 85 0 39 99 32 100 69 9 9 25 50 41 53 
23 63 39 16 47 70 68 97 33 37 4 34 92 92 10 18 2 9 39 28 4 19 40 78 72 53 15 77 81 84 85 46 13 61 70 47 55 77 12 55 86 77 36 0 2 56 52 59 86 24 65 27 16 76 29 74 100 44 65 52 63 32 8 55 75 25 3 12 24 77 43 2 60 46 79 80 62 30 91 34 13 11 67 80 80 23 86 9 8 11 75 32 79 90 67 77 49 55 81 44 28 58 73 12 7 84 59 90 0 59 94 64 90 60 68 86 20 90 7 2 70 0 5 89 96 73 10 86 19 98 88 43 48 99 68 54 11 50 54 63 99 7 38 60 15 74 4 33 28 6 40 41 46 28 29 20 66 67 58 94 24 43 71 45 19 69 5 16 90 30 48 2 43 85 47 61 43 33 20 11 36 97 16 44 88 67 0 62 70 65 50 83 74 17 16 25 72 38 19 31 51 61 5 18 12 2 12 5 18 90 2 26 17 21 24 58 43 57 74 52 56 99 2 10 78 57 86 48 30 1 68 96 45 42 5 32 5 88 34 63 64 41 77 32 34 39 62 6 52 60 1 32 81 41 61 11 80 62 76 61 0 34 94 93 11 11 52 97 54 23 29 88 76 56 0 56 59 96 36 51 46 98 86 93 11 92 20 5 98 90 58 76 89 60 29 99 96 78 6 15 78 93 6 66 93 70 97 75 8 12 24 78 86 13 32 12 95 75 5 49 16 91 3 41 65 92 34 17 57 44 26 22 45 64 32 55 56 66 23 25 99 97 91 10 48 39 61 0 21 57 83 19 29 12 84 39 46 22 72 66 0 45 49 69 49 59 86 49 45 28 59 5 38 67 14 75 74 31 60 42 84 17 73 12 83 77 94 16 90 21 59 10 24 30 94 20 37 21 58 75 33 50 51 19 63 8 25 43 53 70 71 94 99 68 1 5 6 8 57 6 65 14 86 12 31 60 43 66 60 65 25 97 64 40 54 47 39 96 28 96 61 55 30 79 1 90 99 69 79 24 59 28 69 59 12 27 17 25 27 21 87 48 52 54 85 26 24 21 23 100 25 95 32 87 14 74 92 50 79 94 14 54 60 86 79 91 64 24 8 86 97 47 74 8 46 21 20 71 89 19 
10 99 39 94 55 29 43 52 4 97 53 3 12 23 90 65 23 37 70 14 76 91 55 95 57 28 29 52 19 7 76 60 18 36 19 40 27 15 73 55 73 8 28 23 0 32 66 49 74 40 42 97 84 96 20 35 13 42 4 62 49 58 95 42 92 28 5 67 51 27 10 20 77 60 80 92 47 89 91 30 32 67 20 88 11 12 11 60 29 24 19 3 47 23 92 31 99 97 80 76 97 57 1 64 31 51 76 49 66 6 71 86 60 87 53 19 62 62 70 60 42 75 2 53 2 72 66 95 83 46 10 90 65 18 29 42 75 49 9 90 14 31 78 0 15 69 26 55 95 23 97 98 40 1 8 74 0 58 41 86 60 95 61 73 41 90 67 100 51 29 74 19 24 22 26 35 74 49 36 16 87 58 65 46 87 23 30 46 83 9 87 12 49 63 65 28 91 73 85 67 4 12 30 7 97 10 36 12 47 76 80 87 49 17 12 17 99 94 100 97 52 60 49 14 96 5 85 27 5 39 13 63 57 85 29 29 100 30 2 23 8 50 27 46 41 67 40 100 9 59 49 50 67 51 35 35 28 86 26 89 44 10 4 62 62 63 86 79 78 2 79 13 59 40 68 22 73 39 54 72 81 84 93 94 68 47 46 4 30 70 42 36 44 64 21 52 96 73 20 5 14 76 61 77 68 76 84 65 86 78 10 82 48 12 60 74 53 27 62 49 94 39 13 99 80 69 39 54 68 23 71 18 12 60 90 26 24 62 63 74 99 41 52 37 77 7 90 100 16 35 52 8 42 99 2 9 11 26 31 64 8 88 52 60 5 6 2 85 27 0 99 38 81 27 24 87 46 82 66 91 24 79 17 19 56 97 17 19 91 85 90 76 96 91 81 42 53 27 44 77 50 34 17 39 48 84 35 70 53 36 29 76 27 9 20 2 61 58 63 73 8 84 58 76 38 92 75 70 37 29 71 56 40 0 30 80 75 77 91 97 82 90 49 87 51 64 83 98 3 3 62 84 53 66 23 69 32 95 79 20 19 45 11 30 83 93 43 68 11 0 93 35 57 47 76 6 41 78 97 4 52 72 75 44 93 6 94 47 15 16 25 90 57 6 68 24 69 27 14 45 
61 75 94 72 32 6 33 0 4 16 19 16 20 74 14 65 71 92 43 76 21 52 80 18 21 43 41 7 22 58 92 14 66 48 11 41 67 0 60 90 2 20 71 75 84 48 20 78 50 34 80 62 78 16 20 10 80 49 21 62 44 54 40 69 27 17 47 38 5 52 6 18 73 89 85 30 11 88 7 26 93 89 62 97 86 81 25 72 100 13 64 3 28 2 46 88 39 39 37 40 30 47 47 26 88 48 10 42 57 1 96 68 53 8 78 53 68 37 94 51 7 41 58 21 68 39 62 16 32 2 95 62 100 65 59 65 35 92 90 65 7 79 34 63 39 42 32 64 73 75 22 63 13 19 50 91 8 23 35 27 71 21 3 97 30 52 85 92 76 60 96 70 23 90 76 80 85 70 80 26 40 27 58 1 31 34 52 31 35 80 51 24 6 100 0 70 69 10 16 79 79 17 50 32 73 48 49 6 39 5 97 50 18 67 36 98 75 0 53 70 73 27 72 53 27 89 2 29 78 25 47 48 78 58 88 1 52 56 16 10 75 48 73 78 72 74 92 87 1 28 11 88 23 27 14 9 71 77 94 42 92 100 13 32 70 84 76 13 29 76 70 7 34 85 4 11 20 48 16 91 94 90 4 41 87 52 15 69 91 76 25 89 49 12 44 47 20 65 8 89 68 47 67 38 30 36 3 53 54 12 7 56 15 35 2 62 61 2 8 75 72 21 36 51 16 83 54 2 87 79 74 60 27 86 86 70 40 87 88 99 85 37 25 21 71 31 54 16 72 20 31 15 47 38 70 87 20 84 93 70 56 18 66 73 71 72 3 61 58 49 28 82 85 20 63 73 23 97 90 24 19 17 63 12 65 50 92 88 3 8 13 36 59 48 47 5 94 42 88 67 43 33 51 24 12 7 60 88 100 33 58 84 73 7 91 13 100 3 5 55 77 10 20 81 47 83 95 51 8 40 41 88 45 74 40 51 48 99 78 30 63 27 96 6 48 36 28 62 3 79 70 74 55 79 33 28 83 77 64 10 19 32 76 37 43 16 55 80 92 12 48 52 52 48 47 23 70 50 69 79 0 59 76 31 30 69 66 33 79 47 89 49 74 41 83 76 59 43 14 92 
29 34 17 84 41 71 22 35 17 84 16 7 18 9 69 33 73 65 82 78 71 64 45 81 43 75 72 18 84 52 92 63 17 55 23 65 56 7 79 76 43 48 50 29 0 71 56 40 97 8 35 9 32 85 1 50 26 54 68 60 51 57 75 95 30 68 49 96 74 93 64 19 76 54 50 90 99 20 25 51 66 29 2 32 24 10 82 44 84 92 17 17 85 5 12 14 56 26 23 70 7 1 88 82 5 2 61 46 61 74 55 41 65 27 3 90 12 27 65 72 43 97 79 13 84 37 74 74 41 26 54 46 95 86 68 23 35 66 56 43 67 82 56 37 29 76 72 41 82 95 98 52 69 18 40 77 1 66 93 60 98 80 11 84 4 75 82 13 67 67 82 38 78 54 56 86 96 99 32 59 3 83 17 18 95 19 98 60 8 75 82 6 24 88 43 49 13 44 57 1 32 28 42 86 96 90 50 44 53 19 39 93 48 85 59 91 66 36 81 58 53 67 53 45 53 29 6 78 28 54 75 31 27 72 52 31 82 62 30 77 83 14 99 67 7 77 81 19 57 82 12 3 50 85 31 4 77 29 7 71 76 72 55 11 32 44 36 41 65 68 71 67 20 64 76 38 89 80 47 86 38 37 22 75 2 7 59 34 30 37 34 22 77 27 66 18 54 67 77 13 90 56 76 9 74 71 56 34 65 51 45 93 35 49 78 93 4 67 90 89 3 82 49 15 15 36 80 46 41 31 35 20 95 6 24 60 5 24 54 49 16 63 24 73 85 92 66 83 23 94 35 50 12 86 49 71 83 47 79 7 88 84 64 43 14 48 24 69 36 1 0 91 6 92 48 74 35 72 2 14 53 51 97 90 48 95 93 95 0 90 90 29 12 52 88 6 29 90 63 38 4 65 66 27 16 83 84 56 49 20 39 41 27 53 16 83 40 55 56 83 4 43 2 42 44 58 41 90 53 84 63 80 80 41 21 41 23 34 35 7 13 48 45 39 62 0 99 13 85 26 53 45 75 21 13 3 38 76 80 56 14 0 22 75 64 0 71 39 89 39 19 63 37 94 98 39 39 72 8 85 19 53 99 56 48 53 43 58 64 50 50 63 8 98 83 68 12 36 31 63 
62 88 29 43 92 19 33 82 91 52 82 22 8 30 16 40 80 14 79 78 65 27 39 71 75 84 48 64 85 40 77 67 23 94 33 54 39 9 9 35 57 0 4 60 67 3 65 41 26 84 5 62 58 89 23 91 87 65 2 87 33 58 12 31 0 31 54 43 21 29 27 88 83 31 22 0 43 11 15 85 76 51 79 42 43 7 56 93 18 53 87 32 46 66 33 12 20 27 10 39 93 26 61 23 46 7 50 50 95 91 64 85 32 95 85 53 54 70 51 15 21 93 93 4 27 33 100 26 88 48 77 22 55 76 100 68 20 29 92 14 62 13 32 66 18 18 30 11 59 92 68 29 65 50 84 93 29 8 87 6 57 4 11 4 46 14 26 3 41 48 18 23 93 25 38 52 28 29 22 57 43 77 93 30 57 45 1 51 18 44 6 24 48 56 89 46 97 37 78 5 70 34 99 49 91 57 59 23 87 100 0 58 13 94 13 88 82 15 28 12 29 81 60 47 45 46 34 97 30 57 82 3 25 26 0 73 39 96 92 97 60 60 34 87 61 12 5 24 46 33 18 85 2 75 35 78 48 96 80 57 23 35 1 20 94 65 0 45 98 84 55 68 1 42 21 95 20 52 100 20 75 15 63 13 66 90 70 88 68 34 36 57 51 17 35 17 64 0 68 19 22 35 50 80 81 21 3 27 55 51 94 48 61 13 32 20 79 86 29 57 3 43 30 42 63 85 6 44 10 41 71 55 99 98 83 69 57 2 66 71 26 24 4 80 93 21 76 64 80 76 0 10 48 42 10 4 80 27 57 67 7 83 57 4 55 9 56 98 88 68 60 34 10 67 24 96 89 82 1 93 38 33 83 93 87 6 89 85 56 98 65 3 88 49 41 76 7 97 96 42 33 97 82 85 96 28 37 80 12 23 18 96 14 65 58 90 31 98 7 81 13 23 27 62 45 10 22 67 100 81 35 73 80 6 82 86 33 26 84 54 38 91 73 71 29 61 6 53 28 52 96 58 1 49 0 48 60 67 23 42 99 43 68 65 38 17 58 56 34 34 67 55 75 32 71 48 66 37 92 88 49 48 83 77 78 67 37 11 49 67 14 58 45 80 86 35 77 29 37 30 
13 51 84 24 13 60 7 82 96 52 66 17 75 57 45 86 4 15 92 37 42 27 7 86 8 55 85 64 57 58 54 76 91 43 59 13 23 33 27 67 12 95 17 90 81 37 2 100 71 64 34 51 3 13 48 67 91 42 24 86 85 75 5 95 19 66 6 9 77 26 56 71 78 2 95 32 46 94 31 10 15 57 6 47 31 20 84 85 88 32 77 7 34 44 81 74 52 89 100 69 33 79 70 99 59 95 75 50 46 53 75 1 82 80 4 81 67 10 50 34 28 59 51 86 25 4 20 14 74 88 63 33 84 55 68 0 44 22 39 94 67 90 89 31 14 94 10 28 2 55 38 24 62 34 62 31 9 94 96 57 38 15 71 5 68 80 27 65 3 21 24 90 29 30 23 50 24 66 32 12 80 19 68 30 10 42 14 94 21 26 60 2 54 2 40 51 23 20 58 100 97 58 30 96 8 50 37 6 7 31 6 6 18 11 63 33 2 20 67 64 76 84 74 58 60 52 62 77 11 17 20 34 12 60 85 67 69 11 14 98 56 28 44 40 72 50 20 10 87 49 16 21 5 62 39 17 32 62 29 71 1 39 27 79 45 71 14 6 77 23 39 51 32 75 5 91 29 51 8 72 79 48 19 34 8 29 88 48 69 100 81 31 80 80 27 16 79 50 64 96 62 23 26 83 20 11 71 52 20 95 26 57 31 74 15 90 71 94 89 14 19 11 29 91 55 9 71 18 73 79 61 35 72 33 12 52 83 35 17 55 94 6 100 48 34 91 77 2 74 98 76 98 36 95 17 49 79 57 73 89 67 90 81 46 64 53 66 27 78 98 16 66 89 7 90 23 70 14 38 36 60 58 31 45 88 86 43 87 72 24 27 15 20 84 54 17 50 11 22 16 62 87 3 43 30 44 68 84 87 22 97 26 19 1 40 69 91 9 90 49 4 35 33 21 7 83 69 54 38 96 53 11 5 23 78 23 12 84 92 89 97 68 90 15 43 78 14 34 38 31 71 64 67 31 32 9 65 80 70 57 65 11 78 98 11 64 23 31 27 93 79 46 65 64 8 91 93 50 4 78 36 21 56 62 80 70 67 69 20 67 6 12 88 89 14 40 14 79 16 31 
25 33 34 2 66 98 62 38 54 69 31 62 13 31 30 71 94 52 12 73 82 25 11 27 48 34 58 93 50 70 8 64 73 88 51 27 89 50 78 57 95 99 47 11 87 32 92 97 59 60 81 6 83 66 86 45 91 26 85 33 43 93 31 81 65 35 40 14 96 15 56 26 86 80 19 24 50 92 73 53 34 23 19 12 30 78 18 95 92 24 14 32 97 91 77 85 61 37 76 14 29 77 92 30 12 99 5 76 83 5 48 12 70 88 38 85 78 36 73 58 32 69 64 82 3 86 45 75 1 65 0 87 86 92 94 100 22 14 50 24 44 37 99 70 31 96 48 69 32 27 69 51 13 32 18 62 9 45 44 15 77 10 67 8 75 18 37 84 60 68 42 17 62 95 45 66 44 80 14 33 94 63 45 48 89 27 26 38 22 19 2 71 39 22 20 8 90 55 79 0 21 12 33 100 38 57 87 72 28 51 5 3 14 2 35 23 89 36 35 92 78 23 49 1 80 46 69 49 43 71 10 15 5 77 4 13 46 85 52 54 88 63 3 98 1 82 45 30 94 2 88 9 49 97 75 15 56 24 86 0 56 91 54 7 7 98 99 58 58 32 25 25 36 60 26 37 78 43 34 42 35 86 53 67 25 53 55 77 34 38 1 94 56 29 19 45 50 38 91 44 60 42 74 23 10 93 14 64 31 65 37 13 99 49 37 17 23 94 97 59 96 51 72 34 9 6 34 0 92 61 24 9 24 32 66 95 25 42 14 22 73 56 23 5 6 49 1 52 85 2 100 73 22 98 8 3 15 63 8 49 91 17 30 74 13 67 4 22 56 11 22 18 41 79 100 75 75 64 63 43 0 14 92 26 61 6 19 74 99 84 70 21 60 91 74 75 37 82 22 56 13 21 73 21 64 83 33 42 63 96 19 87 21 9 7 31 90 46 22 96 15 4 8 54 17 33 20 59 45 51 53 86 25 88 6 94 25 17 27 75 42 35 34 57 83 79 77 49 63 53 97 7 21 92 50 84 64 43 42 85 25 42 65 10 35 30 63 91 94 30 19 82 76 22 42 92 86 80 44 73 60 71 18 65 66 86 76 38 38 44 72 50 60 94 79 87 32 6 99 97 
40 81 69 10 74 51 86 33 63 63 79 55 66 73 57 27 68 5 95 14 91 46 56 54 23 65 96 87 75 64 35 58 73 58 57 34 91 46 76 21 47 47 23 44 43 21 16 10 47 91 64 0 57 92 86 20 67 40 30 18 3 26 51 34 26 12 26 16 97 59 11 77 5 13 44 13 48 44 48 27 44 70 62 41 22 19 97 85 42 80 62 44 78 33 31 98 25 2 67 68 14 42 88 66 68 7 46 87 21 38 6 72 25 15 77 49 76 74 42 88 81 72 7 68 78 59 28 35 11 82 78 0 84 20 72 4 93 62 48 14 72 66 54 90 16 85 43 96 70 57 24 23 36 100 38 12 79 8 98 72 20 64 6 92 33 68 65 47 52 51 86 12 70 99 1 84 52 69 41 22 21 45 45 35 61 6 80 62 68 39 80 65 89 13 3 68 16 11 37 78 16 87 71 44 30 32 44 2 40 59 94 75 31 82 88 17 8 70 20 4 34 97 26 32 80 84 82 11 78 37 98 39 95 81 94 6 40 79 29 98 53 34 28 67 74 54 43 100 7 53 93 82 88 65 50 43 77 19 26 11 86 2 30 42 73 57 80 45 94 95 100 7 53 60 23 69 58 15 36 5 45 81 69 23 43 66 32 67 46 52 91 9 74 77 88 52 51 24 22 86 83 39 31 15 3 94 43 3 73 85 91 99 60 61 28 26 26 4 53 4 78 40 87 25 73 56 62 71 82 22 45 27 33 75 56 19 37 42 43 78 15 98 31 10 1 4 61 96 99 31 68 8 10 65 77 63 49 31 17 49 5 74 35 6 58 72 68 21 94 1 59 41 1 22 7 53 43 56 88 3 93 60 11 9 87 0 25 9 10 86 28 46 49 89 71 85 8 87 19 34 44 29 67 28 90 48 83 81 16 10 51 4 48 37 30 93 1 79 42 7 60 6 63 25 17 18 40 70 45 49 98 50 89 93 58 65 78 16 69 64 49 25 53 33 1 79 52 47 43 54 64 3 25 87 35 24 99 55 100 33 42 32 38 48 71 60 81 0 8 37 55 99 93 35 61 78 48 32 49 69 20 94 62 24 64 85 97 92 42 72 18 70 96 70 56 42 21 1 64 69 
31 44 76 74 67 21 36 43 100 10 34 1 34 82 78 45 56 21 51 75 71 0 69 70 43 85 88 0 7 32 35 72 9 54 17 42 10 73 36 79 19 65 79 82 49 70 26 27 88 39 43 28 56 91 70 89 33 6 86 24 72 59 91 23 98 77 14 43 13 99 36 83 39 74 81 82 0 62 53 30 19 61 24 68 21 64 6 78 83 14 87 66 98 67 47 49 71 90 57 35 72 76 20 44 83 43 80 66 1 59 22 59 58 78 78 19 67 29 88 82 92 58 31 44 8 44 82 55 20 9 54 33 1 23 41 94 96 38 84 56 38 74 55 32 32 91 87 72 25 95 67 38 25 94 89 80 21 26 63 32 89 96 53 31 22 17 19 10 7 42 58 28 78 59 11 47 18 21 85 89 78 89 2 7 98 13 94 53 23 10 26 10 16 27 3 52 16 24 34 28 35 21 3 72 74 17 6 27 2 25 70 74 92 31 10 42 35 27 42 5 88 84 47 16 78 82 68 73 95 63 32 60 41 53 42 57 78 4 97 99 75 8 47 96 9 57 58 89 23 33 22 16 49 99 49 30 71 80 97 97 100 23 58 34 86 93 62 22 85 75 54 23 35 97 63 88 2 49 61 40 92 44 40 3 28 19 5 78 63 11 82 4 54 18 54 9 15 30 76 42 53 37 11 58 12 11 64 46 33 46 54 27 94 93 3 8 83 86 64 68 97 81 0 64 34 74 49 42 60 38 16 23 21 46 57 65 17 16 20 73 41 49 34 54 31 71 71 76 4 30 60 72 31 78 35 56 3 28 40 31 7 37 4 61 70 90 53 57 17 87 78 89 93 75 25 12 72 55 61 73 43 89 73 63 5 5 47 52 95 19 47 39 56 75 35 38 39 92 6 48 22 87 73 2 64 73 66 52 30 21 20 49 42 51 67 68 7 77 70 10 86 69 90 74 88 79 0 59 85 71 3 1 36 32 88 95 63 12 46 12 86 87 14 97 54 34 59 24 97 33 27 44 75 10 70 47 7 48 69 62 20 9 89 22 74 81 87 87 64 84 21 27 38 48 14 35 63 42 24 96 13 56 32 19 20 8 99 48 81 50 88 100 16 36 90 52 22 30 50 62 
54 23 16 90 93 73 42 55 61 1 91 56 70 72 82 46 93 70 23 70 18 66 77 42 70 47 57 63 88 52 81 24 84 9 16 73 0 67 5 27 7 97 3 85 30 34 88 13 69 41 84 26 53 65 49 49 92 69 54 91 14 54 73 86 53 6 47 96 16 89 16 9 50 0 51 13 52 93 73 74 90 92 40 50 43 13 16 84 66 31 28 0 70 71 30 73 90 100 60 35 59 23 69 73 56 23 94 55 25 53 19 40 31 16 4 44 24 69 90 57 0 41 98 5 25 82 47 85 57 76 54 39 41 92 87 78 33 37 98 7 68 99 69 17 29 67 55 22 82 49 47 42 76 81 72 18 50 18 33 5 32 20 50 99 6 85 41 2 64 63 37 25 37 71 0 86 2 3 48 98 60 57 39 59 65 19 4 57 17 34 7 54 52 56 68 8 95 16 22 72 73 73 62 88 17 22 75 9 16 92 12 94 44 84 63 85 2 50 96 45 11 59 61 44 88 3 30 27 50 26 99 64 56 82 87 37 73 51 17 48 93 17 60 16 62 79 27 18 66 91 84 85 34 91 6 14 41 34 71 54 82 92 54 5 5 94 59 33 64 41 44 25 75 84 57 99 97 62 44 60 71 35 33 30 7 12 98 31 36 67 78 26 32 13 16 45 31 39 42 72 99 24 14 61 54 21 92 65 64 7 12 41 58 3 4 8 71 26 30 84 93 37 20 21 67 60 3 59 56 49 26 70 10 49 50 95 73 14 99 53 31 91 1 3 9 100 61 4 14 85 93 29 30 99 81 57 38 22 68 87 49 93 41 35 10 19 86 11 4 93 60 11 25 74 70 6 67 14 70 29 60 66 16 10 4 52 42 4 94 24 8 13 55 85 48 20 9 5 21 80 61 75 53 36 92 87 70 81 98 27 17 46 38 55 75 23 97 41 33 84 83 92 62 16 86 36 45 51 45 31 3 24 73 92 83 89 28 100 28 90 57 92 72 10 3 47 97 11 10 16 95 95 54 14 96 14 43 58 53 38 1 36 72 18 16 1 65 13 31 75 21 34 86 18 68 33 9 49 79 97 45 48 34 65 39 24 7 22 1 23 55 12 4 1 29 9 8 4 31 70 
18 34 22 40 49 59 67 52 46 94 63 35 54 29 21 79 64 22 67 20 34 22 59 75 23 76 89 29 81 84 96 2 89 40 79 54 100 67 3 55 65 57 54 59 58 8 86 85 83 2 93 21 27 39 90 88 56 49 48 9 54 74 58 79 21 56 47 88 56 31 38 22 67 54 31 58 85 65 67 22 52 7 21 78 15 80 23 48 57 41 25 70 70 62 7 68 30 100 26 74 81 76 2 47 22 22 1 6 81 34 53 19 37 47 9 15 94 9 71 77 50 52 76 82 35 41 31 85 67 53 77 39 0 48 54 99 25 88 32 80 92 95 61 93 27 92 63 22 11 20 22 79 29 11 46 75 67 97 71 36 48 24 71 79 40 92 62 12 11 78 79 9 66 83 44 11 30 3 42 21 55 23 78 96 22 13 44 76 0 17 96 79 11 68 90 78 86 67 77 70 95 88 73 16 66 35 90 79 16 44 61 70 53 28 64 91 57 74 69 25 22 86 88 86 21 17 68 5 55 66 52 5 97 10 74 26 22 53 19 98 35 75 49 83 19 89 51 66 70 60 96 65 33 15 52 67 52 64 36 54 82 51 78 95 23 90 57 99 52 26 34 95 41 60 3 66 46 94 57 3 16 8 8 97 73 24 53 70 10 28 65 14 26 44 67 32 78 11 66 20 52 33 49 19 99 21 61 11 71 99 100 13 18 94 41 28 55 94 64 53 46 29 4 14 3 93 8 48 68 84 56 17 1 42 80 2 89 15 58 98 71 95 42 25 83 17 19 50 23 1 26 96 97 5 7 20 88 13 84 66 46 0 62 28 32 67 91 1 79 3 20 78 34 39 43 44 87 71 47 6 68 84 34 19 5 54 1 4 63 34 78 11 95 39 41 20 99 94 2 2 95 28 81 60 72 73 71 96 75 95 17 64 80 71 15 69 94 41 77 31 59 4 10 48 70 21 40 79 55 65 4 43 32 57 76 46 38 16 93 98 81 48 4 69 43 33 10 14 40 99 98 73 96 16 99 84 55 48 33 31 39 20 15 53 73 80 37 87 67 91 80 10 87 43 95 82 78 4 93 69 93 6 79 25 76 46 86 78 90 14 91 70 16 5 72 24 80 61 22 30 
50 71 38 78 95 56 13 63 5 30 61 70 32 95 31 37 36 35 69 16 35 41 81 99 46 10 72 0 42 23 20 25 20 65 79 22 21 73 97 18 9 91 61 70 61 17 31 67 97 30 73 70 18 85 79 55 57 28 5 18 70 69 44 80 54 26 72 62 34 100 49 96 44 31 54 100 74 43 26 77 51 61 99 47 73 78 47 37 25 92 21 13 84 73 0 77 6 95 33 0 7 98 24 92 18 68 4 91 63 46 63 97 56 98 5 79 28 71 67 59 82 94 84 8 59 2 83 94 31 23 31 74 36 43 79 8 59 67 24 16 26 97 76 44 19 86 63 63 84 75 70 46 76 96 45 82 56 88 44 0 99 69 46 64 86 12 95 50 46 38 18 92 53 56 24 85 28 21 31 74 41 82 1 29 32 47 9 9 15 40 66 53 5 9 79 52 89 15 74 3 30 39 59 34 48 23 95 25 80 85 11 42 36 8 41 95 87 2 66 67 10 89 14 79 15 49 64 34 15 28 63 28 96 94 6 68 55 57 56 33 76 78 1 12 15 88 59 1 97 33 16 1 68 25 56 58 57 92 4 22 60 58 8 72 7 90 23 40 10 39 12 34 82 40 42 77 64 16 70 44 2 97 8 76 34 97 39 75 26 0 21 37 51 35 25 94 97 1 32 50 77 51 13 40 30 97 73 83 2 43 65 59 7 48 54 45 70 69 33 22 60 3 10 55 40 9 100 54 89 48 57 11 69 9 27 65 86 23 47 38 38 27 96 100 39 39 61 36 99 79 9 80 72 55 56 27 38 10 4 86 84 87 31 70 86 85 30 89 22 74 72 39 40 46 28 92 66 87 70 61 56 83 27 87 45 54 91 95 48 5 63 79 83 14 75 83 86 75 29 100 31 58 63 44 97 95 0 5 66 56 17 97 54 13 82 88 10 41 73 76 67 55 86 23 8 83 73 60 78 37 94 69 40 15 33 26 32 45 14 28 33 39 1 53 67 60 12 87 55 69 73 92 48 46 5 60 67 68 54 23 55 49 60 54 97 61 20 21 65 7 77 33 95 51 79 63 24 40 58 10 34 87 18 50 100 59 34 86 32 32 7 51 78 29 79 33 68 38 63 33 
50 35 22 67 92 50 38 51 10 48 33 29 76 62 43 11 38 34 12 68 88 90 80 0 15 76 10 93 95 25 29 94 17 1 47 12 22 40 86 23 20 46 78 34 13 94 53 100 85 27 36 16 28 56 12 26 85 14 4 94 91 29 79 81 89 53 30 56 75 32 21 90 52 63 27 46 18 14 15 50 90 42 6 78 17 29 22 91 70 19 89 83 63 85 66 29 58 65 74 57 66 20 25 100 78 40 63 3 100 18 23 68 75 99 65 94 83 72 63 87 92 45 61 40 90 60 23 30 3 61 99 15 60 75 97 52 10 87 16 30 3 29 70 33 84 90 45 16 44 22 39 36 55 5 55 98 98 77 44 81 48 9 74 3 75 52 55 94 49 12 62 29 15 34 48 7 67 24 38 97 84 51 37 23 14 94 95 89 6 60 9 90 99 41 71 99 58 41 90 25 35 68 31 56 78 29 59 7 38 15 24 26 46 73 19 98 61 99 20 78 45 97 84 58 84 0 38 65 49 33 64 17 36 72 27 40 82 65 83 46 29 80 63 40 6 11 12 41 37 15 75 59 10 0 18 26 69 10 19 5 87 39 5 99 82 33 83 86 50 89 48 88 79 4 27 80 38 75 25 92 6 71 27 64 91 5 44 30 35 9 21 98 17 41 30 16 49 28 76 74 86 12 99 69 41 94 91 61 24 29 40 75 91 15 99 27 14 56 30 30 34 43 46 26 68 66 44 65 5 68 13 82 65 60 75 47 45 4 10 26 58 79 4 43 51 65 1 78 44 50 65 51 9 18 5 12 22 42 86 47 24 35 81 25 26 84 66 26 70 16 49 6 3 59 39 26 26 35 84 43 88 48 16 93 0 100 90 27 29 56 85 6 2 37 19 8 14 88 48 73 19 79 32 62 65 79 3 6 10 10 91 13 32 53 46 0 7 77 90 41 78 18 82 11 16 79 45 7 21 88 80 35 52 56 83 45 33 33 35 6 52 30 9 36 36 86 45 64 20 44 60 19 53 12 56 81 12 21 4 9 81 82 65 48 1 51 53 76 83 18 42 35 77 15 70 0 26 77 80 76 64 9 96 95 84 29 20 31 37 88 57 56 14 2 88 30 1 59 15 28 
48 40 89 61 61 83 94 44 35 16 100 66 68 81 86 18 54 93 71 54 39 65 56 45 28 29 72 0 71 26 58 69 71 29 70 13 7 95 77 95 77 22 24 90 87 0 28 45 55 70 34 89 52 39 72 78 61 21 38 49 39 41 14 78 32 1 94 25 10 3 30 29 66 37 20 88 75 58 57 46 27 61 4 0 68 78 58 88 89 75 52 69 29 96 31 57 77 94 42 73 64 80 0 7 63 37 88 53 19 94 1 22 38 64 39 50 27 19 7 83 11 42 11 66 93 60 47 98 44 83 60 48 14 92 79 4 61 99 67 33 7 35 25 76 64 64 26 34 84 65 90 98 81 6 93 98 13 41 61 24 19 69 67 19 96 5 92 11 59 41 61 65 38 3 87 22 37 4 42 32 56 8 58 43 47 83 98 72 7 75 54 78 58 43 5 85 62 80 95 75 9 11 91 56 49 49 24 88 27 12 77 13 3 12 0 27 61 100 9 72 36 41 100 93 76 0 24 55 21 78 8 25 63 65 37 32 50 32 64 80 32 74 40 83 16 1 100 7 78 41 20 79 27 43 34 51 16 64 89 45 79 94 4 8 93 27 44 58 47 33 40 17 81 9 32 27 65 76 71 2 22 63 66 42 18 56 26 97 46 67 15 78 4 71 51 15 49 88 30 70 37 80 89 76 19 86 85 0 64 42 44 86 85 27 90 34 94 18 48 49 20 18 25 30 19 36 5 35 13 44 37 21 87 44 21 38 93 60 48 20 49 38 27 93 20 68 72 23 36 54 12 37 11 49 80 1 72 30 35 24 17 9 23 95 18 45 72 4 65 18 89 38 89 2 67 8 9 46 24 28 55 60 4 70 41 75 76 84 85 15 15 80 67 7 17 34 73 23 64 8 91 78 32 58 93 98 38 47 74 25 57 66 64 89 74 67 95 51 85 49 39 25 95 95 20 25 4 81 72 40 55 69 17 47 87 27 13 31 84 16 80 56 6 6 92 100 13 63 74 4 16 27 28 37 92 99 38 49 70 80 6 82 73 79 48 50 57 4 42 79 85 46 53 66 97 53 96 62 30 22 52 0 85 71 8 26 79 65 39 47 87 72 16 67 30 64 96 47 99 55 
84 43 79 10 19 45 60 51 82 93 43 99 89 85 71 90 13 81 30 18 66 81 92 58 54 17 82 21 83 69 72 29 35 8 15 77 56 51 33 84 84 1 88 24 50 83 2 85 44 20 96 51 75 16 44 38 80 27 12 97 98 29 45 47 63 79 89 66 50 87 27 72 61 87 87 26 48 49 83 75 9 29 3 62 83 35 80 77 6 11 21 81 79 82 99 84 73 39 96 64 49 69 89 97 26 4 25 20 32 52 53 6 63 80 65 81 76 94 82 74 67 95 79 79 93 19 26 62 7 82 4 58 25 59 0 74 27 40 28 40 42 37 29 53 20 45 4 49 50 20 56 64 18 68 83 96 69 91 90 21 67 46 5 92 83 89 72 38 63 12 54 72 89 99 92 16 95 83 98 92 37 93 18 67 18 2 19 39 74 83 19 95 18 40 48 14 21 33 94 81 80 96 13 80 29 8 68 38 44 74 99 74 29 38 44 1 12 77 44 55 98 71 62 66 97 73 93 51 95 28 56 22 94 39 38 73 41 85 100 52 35 28 4 42 45 11 93 72 96 2 80 95 90 96 48 0 66 98 29 1 81 88 52 42 65 32 100 35 100 0 55 52 73 9 90 65 52 22 72 96 91 35 52 72 77 99 51 71 49 87 1 42 63 15 7 24 95 74 46 46 35 87 35 74 45 23 55 25 74 41 71 94 78 42 51 17 96 33 78 42 58 11 88 82 98 90 61 54 91 16 22 67 69 71 71 25 15 21 95 45 43 16 31 62 71 91 98 5 70 18 70 95 37 100 37 31 19 91 18 7 49 74 28 19 89 99 70 16 25 65 64 89 26 64 67 4 10 8 88 82 38 30 92 16 32 34 23 70 9 17 45 54 0 6 79 85 85 94 36 97 79 91 38 37 4 94 22 66 89 84 17 18 6 13 49 31 72 94 11 59 83 98 88 20 43 84 41 31 53 80 92 3 30 66 50 37 13 75 33 19 52 2 8 45 37 54 46 91 75 1 100 75 28 89 65 11 39 74 27 98 67 53 72 0 22 45 95 77 54 21 0 91 40 31 56 79 72 88 18 69 9 9 45 10 19 88 34 30 77 89 77 20 73 13 21 64 23 52 23 0 
88 63 52 72 99 94 27 63 92 54 30 43 16 54 4 18 12 70 36 81 88 59 88 92 72 37 15 36 0 98 95 17 21 92 48 0 93 76 59 39 90 13 92 49 9 16 22 81 57 29 41 43 45 31 71 52 20 16 60 62 13 3 10 3 29 100 63 97 23 90 98 68 71 63 38 84 65 21 7 15 55 99 54 83 99 71 30 6 100 55 28 3 9 62 96 52 42 18 5 38 79 93 26 44 14 11 45 87 50 75 97 98 33 14 91 20 83 53 24 100 2 40 100 8 27 23 23 85 2 65 90 51 53 58 52 28 66 78 68 6 71 12 94 68 94 83 32 32 34 81 67 37 81 64 39 1 19 67 21 12 88 68 92 54 45 78 53 76 8 61 80 85 86 99 80 34 96 40 44 20 46 9 62 52 17 32 66 22 72 6 4 49 54 48 90 20 99 82 59 70 58 78 72 80 8 29 51 55 28 66 55 16 14 49 61 27 36 8 99 99 66 20 76 22 78 74 62 98 67 17 90 35 94 20 56 1 46 9 98 19 59 49 56 49 31 54 95 1 39 30 87 32 81 51 78 85 96 89 35 75 39 48 16 7 30 81 8 26 53 42 90 89 91 52 97 35 7 66 87 36 31 90 18 36 91 12 41 82 54 42 84 37 40 40 46 27 59 18 26 49 77 93 56 90 18 53 25 43 70 86 62 87 71 49 88 25 83 8 27 76 94 7 2 79 26 92 7 64 81 35 22 7 59 13 20 17 0 68 39 25 33 75 38 91 35 79 35 62 18 19 93 100 51 51 87 39 21 3 4 70 85 16 48 82 35 65 81 100 64 96 79 17 44 14 0 86 6 64 5 52 55 61 55 62 33 79 79 25 39 95 28 39 60 65 97 100 56 24 20 7 25 47 19 17 55 20 88 56 81 15 82 4 13 51 58 5 11 19 55 78 28 45 88 24 79 11 66 36 57 2 18 81 18 47 72 59 43 38 63 95 48 31 3 52 15 22 18 85 24 65 45 14 76 18 68 32 21 36 19 23 85 96 3 67 54 20 74 44 22 59 78 72 71 99 14 14 59 29 42 24 33 48 63 24 38 74 12 2 39 90 77 45 53 24 75 4 47 30 73 20 
26 41 14 69 41 51 52 89 87 54 53 100 27 24 32 62 98 2 15 25 75 64 7 74 61 59 73 77 21 37 38 30 17 19 53 8 41 20 7 16 14 77 90 83 42 86 71 55 46 96 4 94 14 45 50 65 46 60 29 29 6 54 91 94 4 65 37 37 10 85 49 86 90 52 68 4 98 53 60 74 57 48 80 66 87 51 74 92 60 92 75 74 74 14 23 49 87 31 72 7 63 72 11 64 43 7 20 49 88 76 69 100 95 73 67 72 90 24 75 57 26 25 65 95 23 5 65 26 52 77 41 79 23 5 88 93 53 42 56 47 4 62 90 30 85 32 56 65 17 30 36 55 10 89 54 52 40 84 7 49 8 75 75 34 65 9 60 74 2 16 41 68 53 51 35 37 19 22 32 28 99 14 53 89 84 62 20 45 4 99 2 47 85 89 57 74 25 5 16 84 56 80 21 23 66 72 44 89 3 63 20 28 31 74 91 63 76 18 22 88 17 83 62 43 75 9 92 88 50 76 51 53 82 9 34 90 70 13 2 80 23 98 6 59 45 16 5 52 75 93 92 97 45 91 25 16 93 100 36 49 89 48 51 44 21 65 2 68 93 21 38 66 45 32 99 62 69 89 64 62 23 18 24 72 84 59 78 79 29 61 67 5 34 18 73 91 68 22 88 93 23 94 38 16 73 47 34 0 83 73 90 7 64 79 79 16 10 12 65 69 87 28 39 36 25 23 34 40 71 17 20 33 18 94 74 77 46 43 82 2 74 2 67 25 85 24 85 36 48 35 41 76 78 35 97 28 34 14 31 97 26 88 65 76 48 50 19 8 91 52 28 47 46 88 59 50 98 26 11 84 17 40 8 90 36 81 31 73 5 72 0 32 50 76 91 42 74 20 75 93 26 39 99 48 69 40 62 12 65 84 28 15 40 60 69 56 37 35 78 29 40 55 20 32 84 42 10 84 89 66 71 6 32 14 15 88 44 63 60 86 79 46 63 27 95 68 18 34 4 69 36 25 86 54 8 34 21 2 41 4 73 29 61 17 76 37 10 1 21 3 75 81 40 18 82 1 35 73 23 28 35 31 99 49 36 4 46 53 56 41 8 49 63 54 99 98 98 5 59 22 
18 56 7 94 17 20 45 23 24 98 96 85 58 25 26 98 31 33 60 59 93 58 75 9 58 28 71 11 72 86 78 95 24 97 10 100 83 43 25 96 71 17 79 83 20 63 8 87 8 9 86 75 5 38 55 50 89 66 89 69 91 53 0 43 88 27 24 49 9 78 60 99 35 31 49 55 16 67 11 19 35 54 7 33 56 66 86 72 11 50 43 13 91 74 5 61 3 94 78 91 52 95 43 40 34 5 98 69 60 97 100 47 1 58 23 65 49 10 88 36 87 1 16 88 80 17 83 1 98 60 92 74 83 76 84 97 31 11 91 90 63 71 90 66 99 17 91 95 83 77 67 21 20 33 73 82 34 22 76 11 79 26 49 19 11 22 36 34 84 83 46 81 81 67 15 76 54 59 69 12 49 28 86 51 67 47 47 71 53 72 55 70 5 6 36 52 37 85 27 44 67 77 78 84 72 95 93 32 11 81 77 87 45 36 40 45 59 56 28 26 4 89 46 53 65 44 37 53 16 77 72 23 50 81 22 55 3 0 72 79 84 13 13 13 57 52 78 78 42 65 80 91 70 23 73 89 86 75 43 68 88 74 9 89 49 17 3 76 31 38 38 26 76 78 78 36 41 8 7 27 64 53 94 39 76 62 42 80 64 40 22 51 97 99 75 50 56 61 44 69 40 80 21 11 75 53 33 46 49 71 89 82 81 47 87 81 24 17 44 20 80 30 1 24 75 90 66 70 63 42 32 86 38 14 49 49 14 47 33 76 31 58 23 85 5 6 82 8 53 5 44 65 1 34 72 64 36 78 43 59 26 99 57 16 95 61 52 16 36 26 11 6 86 76 7 7 93 15 29 44 37 64 3 8 36 74 53 9 5 8 15 16 58 39 58 12 10 65 89 87 31 57 79 47 63 81 36 34 89 5 42 89 99 15 86 73 44 69 54 20 90 5 60 58 70 83 43 2 66 100 74 30 65 57 42 3 11 5 62 53 34 91 76 91 27 90 37 81 2 33 93 18 77 45 12 21 25 75 96 81 52 51 64 95 19 12 73 84 79 14 7 21 95 32 16 94 36 62 60 70 77 50 19 82 94 66 10 23 37 1 0 42 26 77 84 63 44 54 89 16 
79 48 90 97 11 45 25 69 69 14 16 61 100 9 51 89 82 88 97 58 79 49 89 20 52 31 6 60 81 0 33 55 5 69 75 34 93 82 43 52 55 69 66 89 10 38 24 69 14 10 24 81 48 11 82 79 53 62 69 64 93 0 32 35 88 30 41 38 73 65 99 9 94 88 31 70 77 47 32 43 61 44 17 16 38 49 61 85 33 0 2 77 20 63 82 64 50 32 77 48 97 50 29 96 26 94 70 21 22 7 39 36 64 32 37 60 87 57 39 20 61 38 24 23 78 82 57 80 36 41 3 35 53 100 52 10 60 71 58 30 65 27 36 79 28 44 43 18 3 25 19 67 96 29 82 77 49 65 60 38 37 45 54 0 43 10 71 33 35 38 22 25 8 24 65 23 88 95 39 66 75 17 82 80 86 21 93 65 0 85 62 74 31 63 62 22 86 28 88 85 53 58 75 24 88 16 6 10 80 5 17 84 23 58 98 20 56 100 54 56 96 83 39 53 19 67 37 16 99 3 26 75 0 20 11 2 11 38 48 28 8 91 72 28 47 83 84 27 58 32 72 66 82 13 90 2 74 94 61 53 51 63 16 25 83 59 89 58 72 36 62 54 85 93 0 33 24 39 55 74 35 60 27 1 20 2 44 92 66 60 62 5 10 2 63 76 8 60 46 12 65 49 22 34 58 46 9 62 91 63 6 30 42 55 65 95 53 59 17 75 68 37 58 100 64 10 42 24 55 27 87 35 29 88 80 58 15 31 41 83 85 62 91 65 71 1 99 62 99 59 63 59 46 50 81 25 48 87 6 84 38 30 76 97 17 2 54 86 36 12 70 13 53 37 47 73 46 53 18 36 47 37 77 59 60 9 90 81 65 69 48 75 24 23 83 29 75 29 100 12 94 28 88 88 40 17 67 74 47 94 39 28 87 97 54 17 87 55 57 36 88 79 32 72 78 44 93 34 46 56 87 57 83 16 59 97 97 21 29 3 5 34 28 17 45 55 77 16 9 0 33 75 99 78 4 57 44 82 21 27 77 95 54 64 81 58 55 71 93 22 31 28 25 73 13 92 48 70 29 69 16 3 96 94 13 72 8 35 19 82 72 23 32 2 40 50 57 98 96 73 
38 6 32 34 50 92 82 63 44 30 8 83 73 37 99 51 84 27 50 92 28 48 61 49 6 17 50 43 83 79 91 88 12 88 75 96 83 88 70 6 12 47 17 36 69 66 91 64 52 6 47 73 30 3 91 52 81 7 51 7 86 94 63 76 58 59 66 0 65 46 75 98 88 34 1 72 83 26 5 82 28 0 37 57 52 80 35 91 80 12 63 17 24 83 96 19 37 11 50 14 69 29 11 82 31 33 41 51 60 52 48 90 82 73 96 98 19 53 63 4 88 85 86 2 99 8 26 48 51 75 14 25 38 95 56 99 56 56 5 66 99 4 38 25 48 15 96 45 47 79 6 94 26 83 64 87 93 14 99 57 31 82 85 35 82 36 95 64 73 12 28 95 57 55 97 64 78 70 93 69 30 91 50 74 42 83 85 95 66 26 96 36 58 77 69 63 12 19 13 31 75 84 100 72 41 21 52 80 94 31 50 7 3 87 16 92 12 6 97 46 66 29 43 21 39 3 38 48 71 79 68 73 83 58 64 23 15 54 19 36 80 63 33 99 1 20 60 53 9 51 67 70 21 36 8 47 98 94 88 80 7 66 49 70 82 58 68 18 100 3 31 32 83 10 76 9 71 24 96 68 16 97 15 65 81 69 65 74 94 28 98 95 44 0 12 16 18 9 60 37 13 30 24 58 14 55 76 80 65 10 40 44 64 62 13 70 39 6 57 28 70 35 5 82 48 72 3 98 17 52 46 34 41 32 76 42 51 70 29 46 77 64 69 16 33 75 7 72 40 49 78 76 22 46 1 76 34 49 45 17 4 45 62 28 14 65 64 28 71 68 20 49 32 46 67 61 79 84 48 16 89 82 93 40 24 93 9 29 92 42 91 66 62 6 58 20 7 79 37 67 5 4 12 55 26 56 39 94 63 69 56 59 85 26 25 51 72 54 6 47 75 19 5 3 15 68 10 6 64 75 95 6 41 2 91 60 73 1 37 14 39 44 35 82 63 12 17 36 59 27 30 28 46 95 85 36 20 61 46 44 27 43 79 14 56 56 60 59 68 50 75 93 8 59 47 56 68 1 13 96 8 65 79 40 34 19 69 26 42 29 61 5 87 46 21 49 97 69 42 36 
90 41 73 2 65 60 36 69 94 73 45 99 10 54 44 15 75 40 73 20 38 99 29 37 6 54 69 53 80 43 33 47 85 36 41 45 82 41 29 96 27 70 68 8 79 6 54 34 7 75 3 4 80 61 12 31 64 50 70 16 84 95 47 20 22 43 99 75 84 98 84 73 8 30 65 44 32 5 7 84 34 90 57 9 2 76 73 78 38 8 100 50 79 20 88 78 0 24 63 37 11 67 16 81 38 58 68 74 98 9 35 7 68 2 5 79 42 8 83 92 46 25 93 73 26 27 41 65 38 46 14 13 20 75 71 19 13 38 65 3 14 93 8 33 8 84 64 83 12 28 67 72 17 9 13 13 22 28 94 57 94 98 97 83 17 96 35 93 47 37 92 44 90 51 70 3 59 68 48 88 70 0 97 100 58 49 70 35 81 71 62 34 16 74 62 69 96 54 23 35 31 76 60 68 32 68 34 14 7 5 81 64 84 14 16 51 100 74 45 24 90 68 77 75 81 3 99 77 94 40 89 85 55 36 17 91 37 93 88 25 18 19 53 96 18 99 49 98 11 4 96 0 66 12 70 18 56 38 13 78 8 48 24 23 20 39 23 68 24 42 61 34 90 52 57 91 99 50 67 22 15 22 22 23 60 29 90 37 36 33 84 83 70 24 29 12 33 73 39 32 68 23 13 94 60 52 22 16 78 15 68 24 25 7 25 52 62 49 57 18 24 65 61 26 56 63 42 8 73 64 38 43 13 57 95 56 99 89 53 63 10 41 65 35 42 18 48 34 91 56 43 6 74 77 78 66 15 1 81 33 61 68 7 27 57 34 94 19 0 19 21 42 72 30 87 37 17 98 63 10 32 19 29 43 84 81 32 100 24 58 17 69 68 22 58 64 47 22 90 16 78 88 18 27 32 65 41 12 57 63 84 63 26 75 71 22 12 41 88 83 88 7 42 32 23 21 84 26 94 24 48 91 73 79 24 69 31 0 48 93 30 62 85 39 97 63 86 38 20 5 26 75 63 58 11 79 20 6 79 18 2 98 97 72 17 19 16 87 22 92 71 71 97 53 71 36 79 100 69 70 4 41 15 53 15 9 100 88 30 4 41 88 95 44 89 17 27 17 16 72 
68 73 99 53 87 52 91 34 28 80 84 62 96 36 83 96 87 9 40 48 91 96 61 86 3 63 42 1 19 49 8 38 59 38 19 60 69 67 50 12 53 57 74 84 2 100 62 64 67 16 44 82 39 45 88 86 65 91 56 75 42 97 27 41 36 57 65 60 85 54 82 67 20 4 39 41 93 71 12 38 62 52 51 8 62 58 19 8 65 27 56 90 47 16 63 7 88 13 48 62 37 35 43 10 79 17 61 31 4 52 34 11 42 23 68 68 59 63 88 30 87 25 74 56 41 16 22 30 57 20 47 79 97 76 35 97 44 66 1 25 63 75 31 71 90 95 69 2 53 37 33 5 22 8 28 25 55 33 23 12 26 8 13 43 46 6 95 81 89 59 59 88 83 68 73 79 94 59 68 95 55 65 6 79 5 69 43 96 38 43 37 17 91 80 65 39 74 86 72 52 69 93 11 30 29 9 27 78 39 71 88 31 74 100 89 87 64 16 8 61 59 15 27 61 12 41 37 66 37 2 74 61 51 63 26 57 96 40 91 11 25 83 95 52 72 48 90 38 54 70 33 98 15 49 59 78 10 49 58 51 95 11 49 12 30 15 40 65 96 77 53 69 40 82 87 47 10 65 9 94 80 1 64 20 68 84 95 31 20 17 38 79 86 14 62 42 63 23 66 82 73 34 64 59 94 60 96 84 26 56 69 29 1 6 10 1 59 74 81 98 4 95 4 94 52 39 41 75 28 44 59 52 35 85 23 82 85 84 67 14 10 15 57 49 59 28 26 80 28 75 78 65 86 37 12 87 50 90 48 56 28 8 80 17 80 59 0 94 23 47 3 16 47 63 44 61 39 72 70 44 54 42 66 48 73 21 61 49 82 61 19 98 46 17 57 2 1 30 14 24 64 5 62 47 93 18 7 2 82 20 25 12 25 22 37 89 12 21 4 18 60 44 13 67 54 95 97 70 80 92 96 69 94 78 99 3 44 58 43 20 66 44 46 85 59 99 20 57 67 44 69 22 27 85 25 49 15 31 21 93 66 78 28 71 34 99 37 38 26 85 65 63 0 63 23 67 41 59 76 85 85 18 60 65 54 82 20 19 83 84 30 27 18 90 31 17 76 16 12 25 
