200 200
49 49 0 37 14 70 49 59 1 56 32 87 23 5 41 1 64 90 93 37 88 72 30 34 72 10 79 97 31 64 93 32 90 49 86 66 30 1 21 13 18 56 68 65 62 72 61 42 69 88 61 77 33 31 25 22 47 16 76 52 98 79 98 51 44 40 16 50 32 24 7 10 1 57 81 65 20 74 31 26 4 39 67 25 45 10 16 7 29 43 61 85 20 6 9 20 15 53 80 97 37 35 34 62 62 12 96 29 70 100 43 49 61 19 22 0 82 48 94 38 59 85 46 79 51 99 59 54 21 26 36 24 19 98 83 25 69 64 64 95 27 65 36 78 48 41 90 75 37 85 6 75 16 16 73 29 74 36 95 64 24 4 46 90 54 34 45 28 94 87 85 95 38 89 11 0 42 45 39 36 74 8 87 19 97 8 5 66 68 50 11 38 17 21 58 78 93 3 30 32 
49 80 68 100 55 100 12 36 33 69 43 25 73 50 56 60 53 33 48 1 46 45 7 94 89 90 93 23 12 54 88 10 50 62 57 70 99 64 9 91 46 29 94 23 38 37 18 86 20 33 92 73 8 81 49 6 14 64 10 5 85 6 10 21 78 84 52 16 94 28 13 34 30 100 3 85 7 1 27 39 28 2 67 22 9 3 2 99 43 14 45 2 94 87 49 65 26 17 17 26 35 82 8 100 29 89 4 41 8 21 61 97 10 30 72 19 7 46 35 94 10 49 79 74 25 53 97 70 3 15 35 72 47 57 90 88 44 24 78 8 49 77 46 12 97 91 19 51 20 48 62 31 58 21 44 46 74 87 33 38 70 71 24 85 39 18 37 61 89 29 70 30 2 84 74 61 25 73 95 71 80 46 31 37 67 2 53 36 12 1 46 46 42 58 63 92 99 56 3 78 
34 23 42 36 45 98 38 1 37 90 14 85 15 19 54 47 28 26 47 90 3 81 42 9 21 53 28 46 61 46 37 5 68 80 92 8 24 73 89 47 11 31 61 42 87 63 32 34 6 28 58 3 35 35 11 5 100 11 94 31 22 24 94 2 72 63 94 54 29 87 70 96 11 96 82 53 18 95 80 27 21 35 70 2 31 29 45 42 14 60 92 55 95 33 38 54 86 17 39 99 89 82 80 89 74 20 14 7 89 99 29 30 25 27 64 22 31 4 16 64 25 13 97 90 95 100 19 51 29 28 66 5 67 38 9 20 62 96 62 29 66 32 19 57 41 71 76 42 69 45 96 21 29 44 48 40 19 79 96 21 97 78 61 88 42 53 32 10 58 51 6 87 79 82 100 97 13 74 6 21 3 79 94 86 26 80 72 69 6 76 23 8 18 50 67 33 75 73 39 68 
75 77 48 65 6 81 24 84 56 41 5 79 38 75 76 4 80 17 81 44 8 55 19 71 91 94 84 16 48 89 3 89 91 57 38 84 25 68 76 5 51 68 41 5 73 4 88 77 56 94 16 47 70 95 82 58 59 5 86 34 94 80 14 26 69 96 88 85 50 90 42 79 25 100 57 94 54 57 73 45 4 55 15 42 2 86 57 17 27 29 4 16 76 12 95 12 60 54 13 100 42 17 51 62 20 30 38 19 85 72 65 12 100 36 13 44 98 48 91 11 86 100 51 38 3 37 69 46 76 56 4 44 22 31 13 25 14 68 80 4 58 9 93 23 39 73 75 24 41 34 52 57 55 3 6 98 37 46 58 66 50 47 91 10 12 63 89 97 32 38 16 49 28 4 21 82 4 99 72 93 32 11 80 20 53 39 47 26 22 16 78 1 63 15 77 96 5 46 39 24 
19 79 76 56 30 98 34 53 10 59 9 34 10 46 26 96 89 65 20 85 92 14 33 19 50 89 45 82 76 91 16 33 27 87 68 59 91 61 2 56 34 94 82 5 64 6 62 99 66 32 40 8 28 11 94 55 66 52 16 76 42 63 0 28 44 43 87 97 11 88 92 23 43 14 33 88 26 44 45 25 52 62 69 41 63 58 36 67 90 55 83 65 82 70 60 100 45 33 79 39 31 0 12 97 2 5 51 23 55 51 42 80 57 18 13 5 9 26 34 69 74 77 60 84 68 89 8 60 77 93 24 78 5 90 36 92 89 85 45 46 75 68 25 33 8 75 5 10 40 81 36 7 56 53 95 54 98 3 93 97 66 60 64 75 40 90 66 74 78 55 39 10 32 78 9 32 55 32 95 76 69 34 98 49 82 62 92 26 65 59 85 4 5 0 58 15 22 90 31 82 
88 32 13 55 75 52 54 58 6 0 97 23 78 45 82 70 99 20 2 14 89 23 79 56 88 93 75 35 37 94 6 6 97 0 23 2 59 28 96 78 27 88 100 99 52 19 40 80 46 34 35 74 34 62 72 66 41 38 47 3 86 86 31 13 88 51 100 94 39 67 52 20 29 69 75 88 92 84 22 72 79 4 92 97 6 3 62 30 19 80 27 85 50 27 91 32 6 55 31 50 56 66 15 69 22 36 43 9 58 10 81 18 19 24 73 24 67 71 8 94 61 74 24 58 20 90 86 20 38 63 57 65 80 61 3 34 85 81 4 33 30 39 20 33 66 33 23 99 63 73 66 72 80 37 65 76 21 86 11 26 24 80 27 15 27 72 7 79 64 65 22 30 9 26 36 20 86 56 66 36 34 89 62 56 30 66 20 41 36 91 2 8 79 9 88 51 34 78 83 83 
22 70 77 88 70 17 47 48 62 23 96 52 36 41 16 31 55 63 57 56 46 97 13 69 77 35 28 85 76 8 61 2 2 98 6 28 62 68 39 82 14 7 49 0 49 66 46 91 0 73 14 67 47 10 62 28 1 27 81 84 52 89 10 0 42 55 56 46 85 97 98 18 8 19 75 65 36 60 85 22 46 40 35 24 67 59 11 80 80 100 81 11 43 53 16 97 32 15 76 49 56 98 74 71 100 69 14 71 25 47 71 62 85 18 56 9 91 0 77 80 97 86 31 76 83 87 21 11 39 71 70 29 92 72 90 9 33 27 9 99 10 90 3 62 84 57 15 0 46 25 69 68 63 5 27 24 40 63 1 30 59 36 29 12 66 26 29 74 29 50 1 89 36 43 19 15 69 18 66 65 11 14 24 48 15 37 82 40 15 98 32 24 78 11 18 99 24 48 44 72 
3 29 8 93 96 72 17 95 3 77 98 26 1 41 28 15 2 81 99 97 62 97 57 67 21 7 96 0 61 53 19 13 64 22 6 41 32 18 20 76 47 39 41 55 63 62 59 81 57 90 57 84 32 7 78 94 64 1 23 90 93 52 38 89 5 31 5 27 73 20 69 3 61 2 75 36 48 53 16 55 72 65 84 61 55 13 85 24 95 47 96 21 87 53 8 98 96 66 2 39 90 94 49 26 33 39 73 9 84 67 42 87 3 38 96 3 27 54 100 51 27 60 87 77 49 69 3 12 97 2 67 80 38 77 25 27 95 31 85 81 33 64 3 88 59 23 21 73 45 5 16 68 80 20 23 84 85 49 47 55 70 100 31 53 96 70 59 71 35 26 61 28 6 47 11 11 0 85 17 15 23 68 63 65 74 21 11 58 9 24 17 87 37 84 93 86 97 9 74 51 
44 72 12 20 59 63 23 92 60 60 91 37 29 68 27 23 83 6 63 27 96 48 17 80 37 24 68 0 36 13 64 17 14 84 0 64 64 22 9 68 63 4 4 19 65 18 23 26 21 87 58 42 17 64 33 26 85 18 84 95 67 85 62 46 4 84 91 8 1 9 81 90 81 56 36 5 57 86 80 38 10 69 60 50 71 84 13 14 46 27 89 49 91 91 48 53 35 86 19 100 47 3 37 51 10 59 91 91 84 27 29 17 44 20 28 92 97 25 4 73 44 84 72 28 49 48 51 74 73 38 3 45 79 52 58 37 96 77 91 28 51 10 19 11 7 98 76 80 39 77 72 99 22 2 93 59 77 85 94 53 79 27 79 45 54 82 77 96 68 95 14 61 93 8 9 58 100 53 40 8 30 53 37 34 43 20 25 76 8 28 60 11 13 9 14 15 39 78 7 70 
1 61 41 34 89 26 61 15 19 86 88 83 11 10 8 23 28 42 61 63 14 23 32 36 99 93 71 96 3 99 87 9 61 46 41 62 26 71 82 23 73 7 38 18 24 60 54 3 56 17 72 57 57 64 13 10 83 69 5 91 49 88 87 11 64 3 13 57 32 12 57 78 64 63 74 29 18 98 21 17 96 52 78 76 83 40 33 62 98 78 75 57 25 5 64 23 72 100 29 90 64 55 94 21 33 93 86 17 77 31 87 55 45 31 71 62 69 21 23 40 12 29 65 82 56 20 62 74 44 36 19 88 47 75 27 28 42 12 99 46 13 30 80 17 97 41 64 85 62 90 22 98 52 55 60 63 27 45 23 74 29 99 82 29 4 22 58 94 52 23 13 51 98 20 78 26 21 93 88 48 40 20 19 84 11 61 34 29 38 43 54 100 1 78 68 34 79 77 63 68 
97 0 40 10 48 65 95 53 89 42 1 91 16 45 14 76 60 89 16 30 90 72 18 83 53 76 67 20 34 57 53 30 58 5 92 43 5 81 53 39 81 9 62 77 1 85 2 9 73 63 61 22 2 60 62 5 94 93 86 66 85 18 19 72 26 80 25 9 13 14 57 3 29 84 3 33 26 48 47 88 43 94 64 82 88 6 78 91 39 63 65 53 86 11 6 2 40 63 12 49 27 7 37 41 19 44 79 34 75 76 51 74 82 68 71 50 75 94 70 61 85 30 30 77 25 67 67 72 45 56 26 98 90 96 14 49 34 28 43 17 68 63 13 9 82 34 44 7 17 38 34 79 77 91 10 56 52 99 51 52 6 99 36 76 22 55 68 27 69 52 74 60 1 30 68 34 84 82 9 52 15 60 13 39 15 19 36 9 16 17 58 64 87 10 78 42 35 77 13 93 
91 59 31 47 66 65 30 90 73 40 19 52 5 41 11 92 65 75 5 46 37 6 91 5 6 38 40 59 98 54 0 88 55 44 96 35 35 88 14 45 100 84 60 64 68 24 26 33 94 50 11 91 47 91 88 45 1 27 19 94 72 11 8 25 35 99 81 80 17 53 73 8 51 79 47 17 53 64 17 78 35 27 15 64 15 53 46 51 73 90 92 6 64 47 37 80 50 79 93 83 85 55 10 13 37 85 69 66 94 57 100 30 65 85 57 22 22 49 32 50 74 16 91 31 67 6 82 31 86 10 33 6 56 49 9 43 17 12 86 57 2 93 12 34 86 56 96 69 21 73 4 64 15 70 13 31 45 92 68 7 51 63 6 15 52 19 23 76 23 55 79 51 69 62 35 81 62 5 23 58 87 58 25 94 76 29 15 5 72 8 88 19 38 77 74 25 36 6 73 91 
46 29 97 44 59 61 98 27 98 77 7 90 2 16 70 21 74 16 58 51 21 51 24 21 27 44 54 43 49 35 95 2 61 27 94 13 22 26 99 13 96 4 11 7 72 62 11 68 66 38 3 13 67 95 64 40 93 51 75 94 39 49 80 23 81 24 2 53 61 56 66 31 97 47 3 98 20 4 100 16 31 83 22 29 97 9 52 21 20 21 85 62 46 49 5 16 31 83 59 30 82 42 42 53 21 96 31 87 20 78 97 0 37 47 57 43 100 9 51 95 25 71 71 24 13 96 48 14 62 60 68 95 25 18 64 69 84 2 98 58 38 68 100 81 64 27 27 71 41 70 98 77 75 33 5 43 61 29 38 94 86 98 98 38 39 75 81 55 78 29 65 65 33 16 8 80 80 51 67 65 50 64 90 98 5 63 48 31 21 61 0 12 33 100 12 79 82 22 82 36 
1 21 37 9 19 38 63 64 34 90 46 72 3 65 58 22 56 38 73 90 91 84 48 19 83 21 82 24 78 94 89 0 79 45 0 53 72 10 76 85 28 9 49 43 4 32 33 14 59 59 11 94 24 62 93 46 79 39 25 9 8 14 61 56 99 47 83 50 30 37 2 2 14 18 79 90 84 95 2 47 94 78 74 89 65 58 23 11 26 47 100 48 68 11 0 51 86 9 20 95 9 79 83 84 37 78 15 84 35 12 40 25 17 35 61 6 31 12 11 32 67 81 72 55 78 8 78 35 23 10 21 70 80 0 65 39 66 38 50 52 64 62 33 62 55 73 18 45 58 63 66 42 73 1 71 79 74 61 42 85 56 29 56 30 7 93 71 0 12 80 63 33 26 34 35 100 87 86 50 1 31 32 11 19 10 30 35 39 24 52 54 10 6 62 14 83 2 1 51 85 
99 40 43 2 87 5 72 64 33 16 89 88 98 45 89 41 90 91 33 22 51 87 35 96 1 80 57 22 0 46 11 78 5 40 68 87 90 6 19 54 47 57 58 8 16 88 96 34 35 0 24 69 99 92 15 37 58 21 93 35 17 1 30 56 23 30 69 40 19 65 36 34 11 83 21 62 93 11 35 43 64 29 21 98 41 50 12 44 58 52 88 19 67 7 27 22 50 61 5 95 80 78 92 76 21 89 37 76 38 1 94 27 18 62 20 90 10 83 33 42 64 24 96 42 72 94 59 47 14 43 73 58 93 86 17 91 77 27 58 49 34 22 63 55 27 54 2 34 94 90 50 29 80 64 3 15 50 53 33 69 90 44 29 47 8 59 32 69 69 57 15 58 7 72 30 59 56 67 82 55 16 67 50 41 37 85 96 87 21 83 43 13 23 66 47 15 99 11 0 1 
16 77 80 93 12 36 85 47 65 97 3 35 20 87 54 65 58 91 3 77 59 11 69 33 87 66 24 44 37 72 93 5 41 37 76 96 27 33 88 70 10 9 100 41 83 99 95 61 44 54 26 4 87 41 42 19 71 13 55 1 1 54 89 47 76 97 16 88 8 88 55 32 84 100 25 59 65 28 75 9 8 26 71 25 71 79 52 65 43 35 31 20 13 39 88 39 5 35 82 81 70 70 92 45 10 26 15 61 4 72 26 81 35 20 23 8 62 90 85 80 95 96 3 61 49 70 88 90 70 65 7 7 37 59 100 43 40 87 42 44 64 7 69 22 93 73 79 77 90 27 27 7 20 77 39 18 20 17 56 69 73 12 12 13 27 16 73 55 100 3 32 2 19 89 60 36 50 55 45 14 86 61 73 38 83 16 70 77 37 14 11 21 57 96 49 55 44 83 100 13 
27 46 31 31 4 77 14 38 35 26 10 24 22 35 22 79 1 23 98 80 36 68 55 14 33 54 61 27 96 56 81 85 6 24 32 86 92 66 59 17 9 36 20 55 66 15 4 19 38 10 60 89 3 46 95 39 80 60 49 28 97 86 59 12 37 92 12 58 76 83 35 88 15 99 73 94 94 88 80 26 35 34 75 27 35 35 34 80 2 83 44 18 79 59 15 38 22 16 35 18 16 76 59 30 90 93 26 30 62 82 29 17 82 51 20 9 57 99 15 38 27 82 51 54 14 10 34 83 96 85 98 63 69 97 37 31 84 47 95 23 38 19 77 4 15 42 70 21 41 4 65 80 36 81 3 42 25 23 42 57 32 27 57 92 57 13 40 26 1 15 17 54 53 53 70 32 62 97 29 84 20 79 87 5 40 50 59 46 15 76 63 47 0 61 81 88 9 15 28 76 
96 87 53 89 10 89 8 18 16 11 97 76 88 12 100 16 61 93 92 51 29 35 99 30 26 20 88 23 32 73 79 2 80 50 71 56 23 23 32 87 45 58 86 58 43 23 63 93 2 17 27 42 51 90 39 88 61 37 55 97 92 17 72 64 87 100 91 78 33 48 14 28 26 68 65 96 54 96 63 68 54 11 2 60 53 87 66 55 27 97 6 15 53 90 28 74 11 44 15 30 70 24 74 58 83 51 29 26 92 86 92 21 27 32 64 33 88 17 50 10 5 6 31 10 44 16 85 3 65 80 30 76 44 60 60 98 26 15 95 95 25 89 49 40 11 58 76 26 89 94 88 18 63 65 67 100 42 77 2 94 32 81 47 16 44 0 71 84 61 41 100 69 50 64 0 94 2 50 90 26 16 3 21 59 93 69 81 50 55 87 15 1 6 33 20 99 63 54 80 62 
32 95 56 57 18 27 97 0 88 71 22 69 80 8 79 22 100 46 11 85 18 13 34 54 94 81 32 86 31 57 65 54 90 28 100 91 48 2 99 65 37 47 0 96 96 24 43 37 64 14 83 92 78 20 70 97 34 100 70 88 14 31 42 67 55 32 87 94 47 54 9 35 74 8 60 54 89 27 21 56 75 77 39 1 25 56 40 70 66 58 57 18 20 53 72 47 6 21 98 74 54 47 39 24 67 22 27 67 56 15 78 66 53 72 44 24 69 55 68 22 26 46 4 9 80 23 25 25 97 57 75 58 83 70 66 53 93 38 26 47 19 52 18 2 11 51 64 60 65 12 27 64 16 45 35 34 83 45 51 88 83 37 29 21 90 81 19 1 26 80 29 8 61 84 43 83 60 85 41 66 56 0 4 23 47 51 22 7 19 86 93 63 85 74 2 82 80 98 59 14 
47 0 26 16 1 13 18 41 26 68 100 18 35 67 45 34 93 8 57 43 4 19 88 100 71 57 96 7 55 98 95 36 22 12 63 42 77 55 59 59 54 43 79 55 59 3 13 76 48 77 33 49 19 68 99 93 49 74 55 93 24 32 22 39 23 95 5 19 96 37 47 15 73 55 22 72 25 21 35 31 81 37 89 49 83 51 73 3 35 36 64 68 40 77 37 33 93 37 40 82 90 52 8 60 4 19 89 40 34 60 39 20 77 93 43 84 98 24 32 56 57 0 2 71 40 21 27 86 90 85 88 71 62 81 30 27 33 67 18 77 35 96 36 88 29 78 58 49 66 98 96 46 92 48 48 68 18 85 60 57 21 34 30 26 36 56 0 86 75 0 23 89 23 18 42 26 40 92 19 93 14 23 60 24 91 84 76 16 12 48 43 77 17 12 96 90 79 62 30 55 
71 49 68 70 14 50 92 77 26 23 72 41 30 82 47 43 89 63 5 85 28 24 43 99 47 84 90 75 50 43 32 52 18 54 68 28 22 70 26 33 89 6 8 19 50 93 15 46 82 25 53 13 64 19 84 16 40 39 17 91 18 4 23 57 65 5 74 11 64 60 33 75 92 60 37 41 8 25 17 88 1 50 2 4 50 18 68 22 42 79 92 53 64 28 61 6 41 51 87 80 4 84 29 88 51 89 32 79 76 84 76 4 2 55 30 80 76 62 61 88 14 90 88 45 46 100 67 96 2 66 76 15 72 52 59 21 72 16 72 97 72 40 13 44 59 55 91 3 77 96 62 39 39 19 4 4 74 59 49 55 99 52 36 7 95 9 79 4 7 17 88 16 18 71 74 84 47 88 69 51 73 38 54 90 54 2 9 62 46 10 63 69 29 90 99 82 50 13 30 79 
59 5 71 60 53 7 42 37 14 59 77 49 33 4 5 58 38 47 41 68 8 43 64 53 4 73 9 53 96 39 64 86 47 58 57 12 17 2 54 25 85 47 5 93 75 53 26 6 61 39 81 99 60 33 43 57 88 54 21 69 0 15 45 93 46 62 49 96 14 78 69 34 18 100 94 28 52 4 67 83 38 53 22 95 40 75 37 3 47 6 5 70 96 59 36 77 78 32 85 89 97 50 38 4 83 22 28 84 0 45 35 17 13 6 74 46 13 55 25 9 13 29 37 15 13 92 54 89 26 45 52 99 23 24 89 12 35 85 65 76 94 68 82 89 0 12 26 61 69 69 9 76 57 82 31 13 93 12 65 66 0 21 27 73 81 63 3 43 1 91 26 36 82 51 62 35 59 91 50 44 68 50 29 6 75 22 66 82 51 24 8 87 40 18 61 90 16 13 70 80 
91 18 68 4 51 28 98 61 37 22 64 73 49 33 68 69 55 65 73 79 75 25 43 14 61 92 74 93 22 16 19 3 44 44 60 31 51 92 43 95 19 51 23 19 71 3 30 22 66 38 17 41 93 93 25 89 99 20 75 20 96 54 19 50 7 48 16 97 59 95 47 26 68 64 80 3 85 17 76 43 37 77 70 64 100 35 65 90 31 80 30 85 73 42 68 71 93 44 10 78 45 93 94 66 88 90 66 8 84 81 4 18 60 78 92 67 33 68 75 79 38 33 8 100 21 3 88 18 73 22 3 15 10 7 35 0 11 13 23 55 51 80 62 9 66 90 1 20 76 96 60 53 8 11 57 34 14 92 61 0 37 37 36 49 17 88 10 83 14 10 41 13 38 60 33 62 57 8 24 49 33 74 98 63 0 60 43 47 4 78 50 64 3 20 14 18 42 40 34 74 
81 50 83 10 17 26 57 54 60 13 86 11 80 28 90 75 35 0 79 60 87 32 79 78 15 37 50 38 47 17 39 70 13 73 31 0 60 68 4 61 9 95 34 12 71 26 86 67 77 1 41 10 59 30 18 24 41 73 46 68 49 99 54 25 65 60 28 16 90 33 98 21 69 30 90 5 30 99 68 59 60 20 15 87 6 75 53 100 55 36 10 86 62 66 24 39 79 14 23 79 67 78 63 91 9 27 85 16 14 76 54 54 87 81 77 62 44 90 86 87 35 58 31 31 28 27 98 17 48 55 94 71 86 58 58 1 95 66 94 21 1 43 34 67 52 47 75 3 99 28 11 37 93 90 23 62 80 14 64 28 60 3 78 23 59 27 86 48 9 72 5 30 84 67 87 22 30 83 59 31 5 72 22 77 99 54 21 55 35 94 45 62 31 88 20 67 88 19 70 26 
28 5 26 91 8 7 53 8 6 95 37 18 85 98 76 0 10 25 85 26 86 12 42 4 41 86 47 88 68 8 76 93 12 93 10 50 69 15 79 19 1 62 11 0 58 25 38 5 8 96 9 93 60 85 21 24 49 88 3 100 1 16 84 86 55 21 55 64 56 94 86 0 11 32 62 43 16 16 73 49 94 14 35 71 93 54 38 76 79 36 42 8 43 39 32 8 66 0 24 95 71 63 87 1 74 6 61 95 38 35 9 25 35 99 52 0 89 88 62 98 37 47 11 50 73 74 2 22 31 68 54 48 62 75 35 17 13 94 99 65 26 100 94 83 87 52 15 47 28 62 63 36 20 57 49 13 47 87 47 30 74 36 13 78 16 87 34 38 89 14 14 77 57 30 67 12 40 71 78 84 16 32 65 92 76 67 90 61 68 65 41 66 92 55 26 63 20 92 85 69 
57 79 10 98 68 6 58 76 69 44 73 6 18 36 19 33 39 31 11 67 30 35 93 55 46 25 81 34 93 52 22 97 27 39 66 64 43 3 70 84 74 22 31 11 21 0 66 85 66 1 4 43 9 87 89 74 6 91 5 75 59 90 23 42 93 89 33 60 30 52 26 66 26 75 93 59 19 78 55 77 41 17 54 96 86 11 76 4 22 95 53 13 57 91 70 5 44 86 33 49 31 4 85 93 29 71 94 33 94 45 68 64 85 53 2 8 7 46 95 30 0 18 70 57 43 11 100 47 80 43 79 18 23 26 36 70 60 27 51 48 70 14 53 57 23 6 6 49 6 85 83 95 14 66 54 95 15 48 69 20 20 32 79 13 61 70 35 60 99 11 23 94 57 21 56 1 88 77 1 31 60 59 88 59 19 74 7 93 22 33 78 54 41 22 57 48 16 19 42 15 
9 42 88 47 44 2 60 33 85 52 88 25 29 67 35 71 17 100 55 68 24 6 26 96 82 92 48 40 51 48 27 67 46 89 80 9 22 36 51 26 35 74 83 41 35 8 20 88 32 78 70 100 0 14 0 66 97 26 53 60 54 99 63 1 78 38 50 37 91 36 25 17 85 26 17 41 67 5 96 21 23 100 62 46 92 12 4 41 80 78 44 45 10 21 96 78 44 21 94 28 16 30 68 88 84 14 84 0 71 13 48 7 66 43 49 5 43 56 50 26 76 3 6 25 80 86 94 58 36 32 28 70 47 42 53 97 35 95 28 72 69 27 73 77 85 4 50 79 79 36 94 24 30 38 59 14 26 71 41 57 44 98 5 14 57 68 70 36 6 56 55 73 75 15 56 12 92 83 65 17 50 29 76 32 85 39 65 40 36 78 38 65 93 37 40 7 9 35 23 81 
96 6 39 30 64 100 80 72 78 12 11 79 73 29 92 74 56 41 68 81 50 0 68 17 13 20 56 51 77 32 50 15 60 81 63 90 76 38 47 65 90 0 33 33 4 20 87 73 39 12 32 49 44 98 83 30 72 97 69 40 30 10 36 73 43 7 69 91 9 22 6 40 73 35 39 32 64 47 91 61 38 15 54 94 71 30 70 60 99 24 20 64 52 70 15 55 41 1 26 30 22 21 26 61 39 0 67 57 43 87 39 79 91 12 97 22 6 21 42 15 0 65 61 55 79 94 45 2 98 22 48 29 60 90 62 43 31 24 52 63 52 9 62 56 72 17 20 38 90 18 67 99 51 2 80 13 36 9 13 25 94 53 85 57 99 0 81 82 31 83 93 75 18 76 4 5 55 78 57 80 37 40 33 87 33 30 31 84 54 37 26 1 18 14 50 32 37 26 57 98 
10 46 28 83 100 82 26 65 9 40 34 9 4 31 82 46 4 9 3 50 83 53 55 66 17 24 97 68 73 66 40 1 58 79 79 33 98 12 72 5 85 75 10 54 96 79 74 27 41 40 69 62 75 35 36 11 60 36 5 40 70 92 17 18 1 36 27 63 87 51 72 14 78 94 51 60 44 54 42 48 95 19 37 80 59 21 12 70 68 23 20 14 70 14 50 75 38 93 55 19 42 40 38 66 33 66 44 38 99 21 35 58 91 94 21 8 87 78 90 28 55 82 88 24 3 60 64 33 49 18 88 83 8 53 8 24 62 21 99 27 62 85 5 81 98 98 32 83 94 41 56 17 26 24 78 18 32 36 56 51 80 64 49 86 88 52 76 82 89 90 69 87 62 16 86 20 5 61 60 57 24 27 36 63 39 88 40 50 71 28 45 32 9 41 74 55 75 84 90 70 
68 86 8 12 22 27 59 0 22 70 52 54 80 35 71 75 23 85 91 34 10 0 0 100 0 77 58 48 7 59 74 90 8 66 21 4 21 11 37 96 75 67 19 66 52 75 53 58 96 93 7 81 61 80 6 17 52 15 81 30 82 17 29 47 80 10 40 32 42 2 15 21 19 51 92 16 65 34 91 14 58 62 29 56 36 17 69 29 67 42 50 84 24 18 85 84 47 43 51 71 33 58 98 16 94 91 1 88 11 21 88 66 15 78 44 61 11 73 11 57 22 61 64 86 75 7 3 55 46 14 60 0 5 57 98 45 77 20 21 7 82 27 61 17 91 69 45 40 5 19 34 21 71 37 22 8 5 91 90 12 33 69 38 85 78 47 78 25 10 66 13 18 31 98 8 25 15 38 74 54 22 100 13 40 24 28 53 2 24 54 63 97 36 5 12 75 35 83 34 25 
91 39 2 75 71 55 75 48 83 17 50 89 87 22 79 58 8 91 72 5 93 58 68 0 92 17 96 17 76 26 16 55 61 69 41 54 29 29 93 17 44 85 6 7 25 93 21 40 67 18 57 9 93 23 41 37 90 86 98 53 77 16 96 69 51 41 56 73 25 52 37 93 76 53 83 37 4 22 9 76 28 100 36 18 28 67 30 53 13 2 48 80 27 3 69 100 42 86 1 72 21 87 11 97 23 69 64 99 37 50 72 48 42 13 3 9 65 58 41 30 85 52 63 0 66 14 9 97 70 14 64 100 22 63 42 85 4 57 55 28 45 64 54 47 68 90 48 42 95 20 98 19 24 94 88 53 58 62 34 87 29 41 27 43 99 93 22 4 14 83 6 5 66 9 29 53 69 55 27 6 41 25 32 68 6 87 80 92 39 96 62 54 15 86 73 47 25 64 20 91 
66 73 96 28 44 88 60 44 81 30 13 4 29 66 82 34 41 2 3 12 100 20 41 39 71 70 74 32 18 55 57 47 58 1 55 15 73 61 50 48 11 56 54 3 90 2 47 28 72 27 81 22 6 8 77 21 63 52 36 100 52 42 55 55 89 97 0 57 63 2 90 2 44 49 63 64 12 91 7 55 46 89 9 90 55 8 86 55 90 55 72 8 13 50 59 96 9 93 71 83 87 0 35 45 84 80 46 70 63 28 31 90 37 72 85 100 36 33 13 91 7 64 54 44 12 14 73 18 23 88 43 18 62 59 13 48 71 98 58 94 8 4 32 70 1 37 93 20 46 9 94 96 75 76 78 35 39 5 66 49 79 46 12 50 16 85 86 5 72 37 26 8 8 54 66 22 94 37 83 83 38 15 32 22 55 37 21 88 21 46 85 50 4 77 41 34 6 10 54 100 
54 42 42 46 57 40 47 51 23 83 5 41 9 37 42 76 73 82 53 73 38 82 76 21 100 88 100 25 25 31 77 70 61 20 19 25 33 76 35 52 51 64 21 13 89 25 16 34 73 75 25 37 25 55 87 46 5 27 5 8 77 27 45 5 83 45 52 74 14 35 30 2 67 20 36 9 2 65 64 0 3 100 79 67 30 1 77 91 86 10 1 31 56 46 31 16 63 93 73 86 63 18 6 41 98 13 10 36 100 30 91 17 11 0 9 25 54 44 86 15 74 37 69 59 64 26 23 46 51 29 93 9 14 39 95 42 22 76 70 67 44 1 38 44 73 38 57 4 60 37 96 64 2 61 41 88 18 45 76 16 25 98 79 17 86 48 10 55 87 66 41 46 60 70 5 40 2 23 25 34 50 72 68 52 49 6 67 0 4 85 33 4 28 51 77 14 16 93 73 65 
11 2 99 65 64 74 86 0 48 46 3 60 67 50 51 18 33 41 76 74 13 34 61 67 97 84 59 98 33 94 98 13 80 60 77 33 62 4 93 75 6 87 90 49 5 94 66 81 0 78 50 29 17 39 60 58 10 87 89 4 75 55 36 45 93 38 9 61 81 2 83 73 1 25 15 28 96 15 31 54 76 30 20 26 23 28 0 81 45 19 98 0 61 48 43 70 86 85 83 35 99 86 19 10 67 56 36 66 33 66 33 97 28 28 33 81 80 71 60 80 87 87 76 79 79 57 55 63 45 18 93 39 60 47 68 43 54 34 8 8 29 94 92 27 22 16 34 60 40 22 14 56 73 73 65 56 29 0 5 70 38 27 37 16 50 5 6 48 72 40 98 74 56 100 0 79 1 82 36 11 54 14 77 86 23 4 13 43 22 52 42 15 69 61 36 29 91 44 35 46 
84 32 66 57 52 31 98 95 24 84 74 13 46 36 85 76 39 0 82 49 64 67 77 20 29 42 95 38 37 68 25 97 69 55 35 37 54 72 53 29 28 88 73 21 28 7 92 12 94 11 41 38 74 45 10 75 37 96 45 75 85 70 87 98 16 91 2 63 84 93 75 90 78 9 90 70 85 68 93 91 39 31 97 54 84 30 7 54 62 25 29 90 60 95 8 99 16 99 16 70 94 1 73 66 62 66 25 78 11 46 24 23 33 84 13 0 54 87 28 8 96 68 89 39 31 48 36 43 85 13 25 22 38 48 72 26 42 33 99 21 82 24 17 84 94 14 50 93 69 82 24 26 59 74 61 27 47 24 94 64 70 27 7 51 32 71 92 43 79 0 81 38 46 79 17 69 14 93 89 30 34 13 93 48 64 37 77 5 30 78 95 22 0 10 1 84 72 70 18 59 
39 1 71 7 16 20 73 41 27 24 93 35 14 46 44 10 15 72 93 28 46 66 69 42 66 76 30 81 62 10 43 37 19 84 57 60 0 25 76 6 72 16 89 99 31 9 54 80 70 1 56 12 55 34 26 10 77 15 77 21 28 75 75 44 96 45 73 63 19 64 40 77 86 78 82 92 52 28 44 30 57 91 86 42 55 37 84 15 5 29 3 51 1 56 24 78 69 61 56 10 15 92 4 26 55 24 19 23 66 94 18 43 31 55 42 96 79 6 40 19 37 87 50 90 48 34 10 66 79 30 28 30 84 85 71 25 49 98 22 74 71 66 70 86 72 6 70 48 71 51 38 34 0 79 45 68 88 29 25 52 73 12 68 41 77 66 49 53 53 51 6 56 64 30 23 32 14 73 91 88 9 65 63 18 42 26 20 77 81 9 21 24 6 25 85 31 87 8 51 47 
73 1 98 15 71 17 40 14 6 52 26 41 77 19 61 34 70 68 23 33 21 7 62 13 35 7 80 85 68 43 90 26 11 0 45 98 95 98 64 78 4 55 7 32 89 79 84 42 67 46 40 96 90 70 8 77 88 54 92 82 3 2 16 72 6 5 30 19 36 73 34 17 67 17 62 98 6 36 61 80 49 7 71 100 85 22 80 2 30 97 66 39 69 32 31 44 58 27 66 38 7 54 67 52 36 66 39 38 9 29 23 62 78 11 71 82 63 85 10 95 47 70 25 19 45 87 27 34 40 96 98 12 51 78 92 44 31 17 49 87 26 57 87 92 92 30 1 49 36 59 57 0 58 56 24 100 20 59 100 36 85 21 76 56 39 33 10 74 0 75 98 93 45 97 57 26 99 76 56 82 4 89 24 67 46 63 94 49 37 23 100 58 26 54 49 26 68 34 18 38 
81 49 39 16 39 82 58 50 35 48 61 15 0 24 58 46 29 11 68 61 77 82 91 18 30 73 61 70 94 83 61 17 97 82 63 22 97 90 97 45 86 7 72 36 81 76 100 37 98 91 73 18 18 87 53 43 6 30 40 53 9 83 8 33 55 16 45 39 91 63 74 21 52 34 61 84 54 19 86 10 77 18 17 40 1 69 71 80 5 58 80 72 60 10 29 37 10 50 40 69 21 18 15 11 33 91 25 27 19 12 45 85 76 36 80 79 68 59 57 19 10 26 51 100 94 93 56 8 90 53 54 78 59 57 89 50 35 30 59 73 83 46 92 64 81 68 76 48 85 96 16 40 23 93 12 83 89 93 48 97 21 97 66 44 23 33 78 54 70 97 8 67 55 76 11 97 73 0 46 24 64 54 59 11 95 56 27 63 29 93 10 64 73 62 75 7 18 14 73 90 
13 5 57 49 54 66 37 21 55 50 11 67 44 44 44 51 74 32 76 79 85 57 55 8 33 71 91 50 54 14 81 16 40 70 59 32 71 91 18 14 74 8 47 68 38 91 40 91 82 19 55 70 99 17 88 18 79 73 70 56 78 13 38 67 7 14 76 3 75 53 85 31 31 78 62 95 71 48 83 29 61 62 88 78 91 80 32 51 21 95 90 7 33 34 28 14 48 27 70 48 10 92 7 47 26 50 81 2 32 49 50 59 11 64 18 76 30 96 51 0 67 35 34 13 18 54 17 21 77 15 7 67 100 53 69 64 15 20 17 87 19 13 75 10 8 12 25 35 7 40 23 15 24 64 69 73 81 87 20 56 52 35 65 38 35 23 3 5 20 6 6 46 31 79 56 13 71 18 82 72 7 51 27 22 62 33 25 48 66 98 92 14 62 0 61 53 30 90 25 27 
83 21 14 42 28 57 82 13 92 21 41 85 72 81 81 62 43 37 82 55 91 31 47 50 76 33 64 6 12 90 84 99 56 55 33 63 30 55 23 80 66 6 4 36 72 65 17 36 29 32 16 83 58 69 15 30 27 99 60 61 36 19 89 2 46 71 61 31 18 73 30 90 83 61 86 83 40 88 53 59 67 71 64 31 25 72 76 75 81 25 47 32 89 16 83 83 97 48 73 5 63 79 76 95 72 92 39 87 42 100 46 48 92 66 44 50 65 46 41 13 94 86 38 99 80 79 92 82 76 9 62 34 82 40 62 87 58 52 93 93 20 95 55 81 23 91 21 0 23 67 56 80 76 23 47 93 71 39 49 17 4 92 57 23 17 87 35 76 43 55 32 62 1 23 17 98 57 11 65 79 83 85 64 88 54 66 54 8 7 79 82 95 72 64 29 28 27 64 54 43 
43 32 85 73 71 98 47 10 49 55 26 70 93 50 15 59 45 15 83 83 18 44 60 72 66 35 78 62 4 67 1 96 3 29 61 34 77 48 17 29 69 85 59 84 56 25 64 47 44 99 46 18 59 67 67 75 20 74 36 86 57 8 10 95 75 94 97 23 71 28 68 53 20 12 48 23 94 56 54 51 9 54 6 78 76 41 98 67 17 21 88 44 25 21 1 38 4 64 55 81 18 6 7 44 61 22 50 66 95 80 36 27 80 90 52 42 57 79 76 8 27 13 95 30 64 72 5 30 88 50 20 26 73 41 54 85 19 96 45 36 65 77 7 1 75 73 29 58 77 35 9 9 23 5 9 57 80 71 14 16 84 92 96 68 83 13 71 16 91 100 27 31 97 44 35 74 73 18 53 25 87 38 17 60 87 20 22 43 9 75 49 87 29 4 15 49 22 88 38 65 
12 75 94 14 86 67 82 33 94 32 82 44 12 76 71 51 58 26 83 91 5 56 63 67 74 46 50 12 24 30 22 100 96 7 69 71 45 57 0 89 69 13 83 18 75 56 69 56 22 22 60 66 33 98 88 92 61 51 86 54 75 8 77 50 68 83 92 84 90 43 26 33 72 80 13 12 8 14 69 5 85 82 79 2 20 84 59 4 57 100 100 42 2 77 76 5 0 84 3 85 10 35 48 96 56 49 50 86 43 93 33 0 19 41 59 18 43 70 18 13 65 81 1 51 38 35 25 31 29 80 51 1 74 29 19 35 10 86 60 73 68 82 17 23 23 35 80 96 40 1 29 36 38 30 60 82 54 11 86 64 80 62 5 41 40 67 76 56 69 4 39 75 69 94 71 68 12 93 29 5 92 39 10 41 75 97 63 46 63 34 42 82 67 4 24 90 14 27 20 12 
10 78 67 51 62 97 52 21 6 27 27 89 86 58 33 70 55 52 67 35 23 4 56 52 7 96 24 66 78 25 72 45 31 40 21 80 5 65 86 86 74 18 43 36 49 34 64 66 93 44 5 67 85 22 43 66 78 12 49 24 47 88 84 40 89 51 35 100 1 73 94 66 39 48 11 28 93 98 70 3 35 99 3 73 6 22 86 40 7 63 76 24 35 37 11 25 96 95 100 81 75 16 39 82 87 74 28 30 97 82 83 47 92 22 7 54 32 22 88 6 88 5 91 16 35 78 90 61 11 34 13 68 24 60 1 89 14 44 77 24 50 92 29 93 89 39 95 98 72 62 39 89 18 88 33 72 1 55 2 99 4 1 55 95 35 65 27 74 74 80 19 16 94 40 52 82 13 96 97 90 44 62 88 73 15 99 63 26 80 73 88 50 7 45 75 17 36 93 12 89 
94 99 82 0 60 95 90 8 12 84 44 22 88 89 40 9 57 76 12 33 47 33 72 73 41 88 26 22 93 45 1 14 55 71 35 49 44 89 45 42 12 2 43 3 11 23 41 60 3 2 75 83 22 34 46 2 44 33 3 90 68 22 7 100 94 21 0 21 96 74 58 61 26 47 94 59 24 57 32 63 58 85 22 49 74 31 16 85 23 88 12 95 97 70 80 33 67 79 28 5 61 22 92 37 91 32 17 71 75 19 34 1 86 30 68 94 28 45 20 98 99 85 92 51 42 79 89 71 13 71 11 81 49 80 0 32 86 47 49 61 69 100 93 8 32 29 50 72 5 60 42 39 76 79 19 65 13 48 77 52 29 13 49 45 92 98 95 23 74 75 45 83 51 97 13 24 7 31 71 46 40 64 46 85 91 50 12 48 12 100 61 79 73 78 66 22 53 35 50 79 
39 40 73 78 79 100 49 88 84 16 73 96 58 49 37 31 7 84 35 3 55 55 14 19 4 64 13 16 22 77 91 6 89 60 28 33 15 72 10 4 36 58 87 52 29 50 61 49 62 76 13 53 70 70 64 26 49 41 53 62 46 47 20 41 90 82 39 70 85 0 63 69 48 25 67 17 27 93 27 74 58 47 71 10 73 63 29 64 86 92 56 84 41 8 44 11 73 12 64 95 11 69 51 96 47 67 55 2 45 22 47 39 15 26 60 33 2 55 91 51 56 75 54 9 53 43 79 16 52 41 60 87 14 31 30 59 4 15 20 0 0 22 71 43 14 87 1 21 10 17 5 96 51 27 31 11 55 46 12 50 72 99 67 3 98 35 41 80 58 51 41 63 80 80 41 46 8 78 44 14 15 30 95 84 91 25 30 68 36 66 44 86 21 63 29 49 14 66 21 69 
51 67 14 99 96 29 87 37 18 65 21 83 1 89 31 14 24 82 84 63 33 4 43 57 14 89 55 72 66 100 72 46 31 91 44 80 31 58 97 37 82 35 78 7 52 98 24 17 34 3 75 46 96 41 72 35 86 58 61 68 49 74 8 82 21 21 81 73 9 92 28 13 90 86 63 29 20 71 20 57 65 96 34 66 83 96 58 57 72 56 4 56 10 73 24 11 34 98 86 50 49 49 76 38 7 35 1 6 99 87 87 100 16 4 31 84 28 90 33 89 5 38 73 78 88 93 90 12 63 89 16 75 98 20 23 73 3 24 73 59 41 65 38 22 42 5 59 78 58 90 8 93 18 34 8 54 84 7 44 43 0 17 0 29 93 63 13 60 55 95 58 64 10 64 68 84 4 61 28 77 42 62 30 54 75 51 8 45 47 75 25 33 91 70 37 35 16 48 82 25 
33 97 71 97 86 2 71 77 100 57 29 73 55 24 89 87 99 33 64 30 54 98 10 62 44 25 87 8 37 31 71 41 84 71 73 28 77 96 11 50 64 49 4 11 26 58 80 63 83 25 19 6 85 66 46 23 25 14 95 35 89 85 35 92 8 64 15 77 67 6 94 45 17 89 13 4 47 89 41 44 83 9 97 89 73 77 67 94 68 85 57 51 58 92 63 11 16 79 8 71 84 63 46 25 97 36 22 53 83 48 81 61 12 68 5 53 47 59 79 31 35 43 89 9 52 73 59 28 31 42 43 86 84 87 27 2 61 99 72 86 69 21 45 54 97 35 10 81 12 1 23 47 78 59 35 82 34 81 16 59 25 10 71 52 27 82 5 55 95 84 86 13 99 59 48 59 50 23 50 64 89 95 65 22 9 40 56 26 31 29 3 93 78 33 1 55 25 33 26 85 
66 89 60 94 86 78 34 64 38 88 38 12 58 94 89 50 25 24 26 55 84 97 72 40 95 81 10 70 69 80 73 19 12 98 62 85 9 55 75 62 7 99 49 22 6 66 55 93 36 70 54 91 70 37 16 97 70 28 37 11 65 20 82 91 38 79 2 91 69 48 96 41 30 20 29 65 66 33 7 22 97 78 82 0 18 12 60 74 99 16 71 29 77 84 88 6 38 88 60 43 67 9 6 57 18 31 16 14 98 47 41 90 55 50 69 71 4 84 22 95 72 28 100 44 90 59 68 93 63 17 8 42 5 52 37 67 39 81 98 67 77 55 23 3 77 56 28 48 85 47 44 21 83 86 38 30 16 50 88 39 20 36 25 2 73 73 32 52 9 34 64 80 57 66 28 47 52 66 56 70 36 99 64 64 96 17 28 77 45 59 40 1 21 12 77 56 79 66 61 83 
39 22 85 6 28 32 88 69 100 86 100 73 46 24 34 68 25 79 61 40 75 4 75 100 1 94 73 85 25 54 49 61 31 5 57 60 43 66 81 45 37 13 39 50 60 91 7 27 22 52 55 34 80 81 82 76 21 96 45 15 42 20 87 87 6 99 9 44 82 55 94 23 88 72 97 91 55 48 62 23 99 77 10 2 70 15 26 30 63 31 66 81 68 59 26 100 97 5 87 23 33 5 23 92 25 64 32 31 1 37 15 82 6 5 35 72 44 68 93 62 47 54 99 94 57 13 62 92 53 31 22 82 4 55 4 59 27 48 6 74 99 91 26 97 3 59 92 33 41 39 10 93 90 4 48 94 7 7 100 81 67 40 98 37 90 10 91 13 66 26 74 19 20 57 78 27 73 17 71 8 84 100 76 32 93 27 32 76 58 64 15 90 18 78 83 92 22 76 90 94 
89 95 63 27 6 39 52 41 71 43 34 29 0 2 74 52 38 98 12 47 17 28 67 5 76 61 36 95 0 23 0 71 65 64 81 54 18 6 56 45 98 1 68 0 69 43 71 66 67 1 48 24 13 27 22 5 45 4 8 93 56 3 13 49 10 54 14 56 82 63 71 60 73 39 23 66 17 66 98 29 84 28 22 30 30 5 39 63 35 32 24 38 19 41 58 49 90 61 37 6 79 95 85 28 63 51 19 42 66 76 37 39 89 35 34 76 17 94 64 87 21 22 4 5 49 41 53 32 37 24 54 96 33 2 72 20 76 8 33 99 2 82 51 88 55 17 14 60 34 38 78 49 71 18 58 85 14 83 8 91 16 8 20 61 55 74 18 58 98 21 66 98 71 56 53 53 8 50 25 58 13 17 71 69 43 42 62 32 39 80 83 10 97 82 35 2 44 91 74 10 
10 6 8 2 73 67 61 33 23 75 44 51 58 76 24 37 17 2 18 5 79 36 79 56 20 62 29 69 0 55 65 95 40 14 42 81 94 21 40 12 90 66 13 75 64 71 97 1 31 22 86 76 66 74 46 36 94 39 48 1 79 76 3 88 13 49 96 78 40 61 100 99 37 15 78 79 85 77 7 45 19 2 9 71 31 85 52 95 68 14 41 54 39 36 85 47 88 80 24 90 65 84 3 92 85 66 39 66 56 97 53 26 51 89 70 90 62 85 1 77 16 20 4 21 98 97 45 27 21 55 77 27 99 6 2 11 99 37 69 24 9 58 51 27 29 58 11 68 80 59 42 77 4 52 92 21 93 54 58 70 90 33 95 92 10 29 98 8 31 10 62 33 8 45 73 87 68 86 78 7 94 50 44 63 28 50 82 76 23 63 82 72 17 86 88 70 13 42 5 24 
71 95 28 91 44 63 59 71 63 48 46 3 99 34 12 73 50 70 88 10 76 86 64 94 69 50 70 58 24 76 19 83 63 58 71 69 13 70 24 65 72 77 72 79 82 56 59 94 68 86 35 54 33 89 45 51 54 57 2 59 1 81 58 8 59 87 30 41 25 49 88 20 42 36 8 99 54 18 96 11 51 10 25 43 84 20 84 63 33 78 73 9 83 97 49 15 99 50 16 47 2 85 3 63 49 84 1 42 53 72 49 71 17 76 26 43 50 32 5 100 29 10 4 80 21 64 43 2 46 73 56 54 13 32 100 44 10 35 49 89 15 11 10 91 80 31 38 75 13 88 53 30 81 94 46 95 3 0 78 61 58 82 66 44 59 29 16 30 85 56 45 18 32 62 72 45 88 87 11 6 79 22 50 57 57 87 19 43 30 8 40 49 19 58 98 25 18 24 37 89 
3 89 38 37 41 17 60 32 88 81 18 74 62 77 60 69 79 34 44 28 89 73 68 51 79 53 42 58 87 21 32 11 82 26 92 54 69 17 2 33 96 24 54 95 23 88 20 61 32 27 80 60 85 56 2 19 22 96 90 42 78 78 4 55 68 60 25 41 44 18 18 7 1 21 71 25 95 54 80 61 4 45 83 77 73 18 94 34 57 69 97 75 96 12 44 4 0 41 22 52 53 88 19 94 50 58 41 37 4 77 49 98 43 49 39 35 35 35 100 59 12 2 70 91 12 2 64 9 87 0 31 62 9 36 96 13 4 47 84 4 75 30 2 33 31 14 75 5 88 41 93 12 68 24 65 22 29 36 16 44 14 15 33 56 75 43 76 52 14 35 13 28 45 57 72 15 41 77 92 80 49 61 53 95 79 62 12 35 53 93 90 96 37 3 96 15 15 16 20 5 
7 32 98 37 20 39 69 54 51 25 47 10 11 26 87 31 4 10 29 38 20 85 78 43 32 72 84 82 61 88 69 87 52 64 82 27 73 29 96 50 100 4 99 72 78 55 9 64 60 50 24 11 34 15 35 76 37 5 74 57 19 64 26 30 13 25 64 65 60 37 100 9 75 25 30 95 59 27 71 44 33 26 16 57 44 49 88 23 30 4 5 16 62 13 53 17 79 43 81 52 52 19 37 10 0 49 73 68 33 50 13 66 90 50 78 88 70 97 14 81 83 3 0 89 48 97 18 36 78 51 94 94 85 26 31 16 61 87 61 53 63 40 12 30 62 8 95 20 79 56 26 6 29 77 74 57 67 96 24 58 48 65 13 57 34 71 12 5 7 78 55 17 17 57 71 59 82 70 38 24 86 55 77 5 48 82 21 82 14 43 32 45 65 80 3 66 44 54 83 53 
91 30 51 12 79 71 71 63 69 89 15 3 17 3 22 5 76 5 13 75 77 72 65 33 86 85 52 94 41 37 60 86 16 27 17 69 23 95 18 64 49 32 98 84 92 73 95 76 18 55 56 3 79 5 89 6 73 89 82 23 74 60 63 83 20 64 5 46 13 27 66 8 63 60 22 19 45 37 13 1 35 62 94 35 16 54 63 29 4 76 21 1 11 61 15 12 83 83 76 71 91 38 99 77 6 20 66 76 75 19 75 29 26 28 64 53 58 87 34 5 9 62 6 3 50 14 66 93 77 46 44 100 83 3 46 34 35 69 56 98 25 47 23 16 49 82 11 98 26 58 98 33 94 40 47 61 98 84 53 28 28 41 54 98 32 25 73 10 90 45 23 64 25 99 34 72 54 63 60 32 4 5 39 75 68 44 42 47 51 86 15 76 2 84 2 87 19 39 78 59 
2 45 39 19 40 37 7 30 59 87 57 80 93 57 67 76 77 94 90 56 88 49 75 69 75 11 78 13 59 39 91 94 47 2 13 40 3 55 86 32 47 17 58 23 34 5 97 83 53 48 89 74 99 88 36 0 77 75 33 68 57 60 17 94 22 100 2 79 21 57 66 63 76 52 53 91 1 19 14 92 82 41 22 100 94 35 8 63 83 84 51 64 98 7 65 66 24 31 44 5 38 26 79 95 96 16 45 33 10 99 42 51 30 1 84 0 59 69 38 89 29 48 2 8 3 80 10 98 64 5 75 68 60 95 7 47 30 67 7 35 63 45 33 1 38 88 14 20 29 94 68 97 10 60 1 7 68 35 79 83 23 51 55 96 45 98 77 23 3 50 10 74 26 69 2 83 59 97 44 82 84 20 54 64 49 100 23 97 79 100 58 81 32 80 86 25 85 83 25 57 
69 86 100 13 32 71 54 95 11 68 10 23 51 4 23 74 63 50 44 4 29 55 56 1 95 87 97 62 1 94 96 50 68 11 28 57 29 52 89 10 28 72 32 88 77 93 37 85 75 96 88 3 42 54 88 78 3 79 36 27 91 0 2 76 82 89 75 16 73 54 60 47 95 32 88 14 18 50 85 100 70 71 15 12 93 61 27 34 79 30 31 97 94 71 68 52 67 18 75 65 28 19 24 48 60 27 98 77 39 82 0 60 49 29 50 48 66 74 29 85 91 51 90 98 71 8 43 5 94 29 34 71 78 29 54 63 4 18 18 98 56 67 45 21 60 64 81 30 66 22 46 35 87 49 14 14 40 31 80 17 91 23 79 9 99 50 29 76 100 25 19 81 14 86 35 77 59 90 62 47 37 5 39 11 79 72 76 80 67 0 6 95 24 46 84 80 60 88 56 47 
60 51 35 37 51 30 23 7 38 49 93 71 36 5 90 94 43 59 20 37 24 40 67 52 13 99 18 31 27 35 100 67 77 88 79 62 63 96 82 98 25 3 18 84 100 78 7 9 78 81 23 76 87 44 85 72 11 17 80 37 74 84 68 72 85 81 41 8 15 12 73 52 69 33 7 7 73 24 94 89 36 95 28 50 36 39 25 52 97 99 100 21 64 2 81 22 71 43 71 12 21 70 38 11 56 66 69 77 32 94 73 3 97 18 96 49 54 14 3 44 74 44 98 63 36 56 55 73 52 98 29 24 98 60 43 11 7 2 11 12 9 10 39 68 13 21 97 86 51 71 39 8 59 94 92 53 47 67 65 28 21 94 51 23 5 70 39 52 79 65 58 0 48 32 81 87 75 99 22 35 97 0 78 77 6 66 49 38 26 39 0 24 92 51 10 6 48 36 32 44 
24 24 88 100 79 34 54 77 53 70 55 44 20 55 18 90 63 26 22 51 30 82 56 99 68 87 73 48 93 20 17 78 90 54 8 32 38 30 12 50 27 47 65 68 69 37 38 73 21 44 68 53 14 8 86 31 54 82 39 37 40 7 89 40 93 90 95 34 22 2 39 78 54 43 84 0 89 84 62 60 3 18 70 11 6 25 90 100 48 88 39 29 65 96 85 99 100 32 64 24 93 6 75 56 76 81 44 58 76 16 0 76 44 55 28 83 69 9 4 39 59 94 60 98 20 32 56 67 44 77 99 13 20 8 100 79 19 18 99 51 97 68 62 64 9 20 46 98 25 20 73 41 41 79 88 16 42 85 29 28 38 90 60 24 34 28 44 80 67 34 51 11 48 40 18 81 93 59 85 12 30 8 32 42 71 41 20 19 52 54 24 50 52 11 35 2 40 99 33 30 
19 91 16 27 40 24 49 78 95 31 69 20 65 24 65 79 86 66 94 9 41 58 68 71 56 58 16 96 44 95 65 68 10 45 23 62 100 91 85 8 6 40 36 71 49 81 37 79 40 7 32 18 87 92 95 37 12 21 38 12 80 66 33 41 46 88 70 12 0 3 58 75 40 16 11 24 1 89 95 20 43 42 93 18 49 15 48 4 38 16 9 65 44 71 72 98 27 30 2 18 38 47 1 45 78 55 60 23 4 70 58 55 65 6 72 77 17 71 90 3 52 90 99 98 78 47 54 8 1 5 20 78 39 13 16 42 50 97 25 7 6 73 99 66 85 76 30 62 4 29 2 30 14 87 32 54 40 76 22 11 36 81 94 79 49 66 18 95 5 6 100 58 64 93 14 10 28 51 55 96 48 11 8 68 11 96 50 10 84 20 13 24 42 82 72 8 84 34 32 23 
56 10 97 7 57 53 57 25 94 83 96 100 46 74 33 81 36 64 64 55 49 95 75 43 34 91 69 8 98 100 28 71 77 58 80 97 90 24 97 69 33 16 54 74 26 13 68 84 3 27 90 92 48 92 88 77 85 31 15 75 26 33 0 11 35 78 54 14 46 50 3 29 23 30 7 65 86 67 21 31 10 23 54 97 93 47 44 13 43 21 17 8 61 76 99 77 89 25 84 20 44 22 55 2 61 76 51 42 50 59 71 1 33 66 23 34 72 41 64 60 55 25 96 0 53 44 96 88 44 14 54 90 76 100 37 61 41 75 47 26 85 73 93 54 70 14 95 86 31 32 52 50 99 60 6 36 47 10 33 84 30 32 99 84 88 15 9 42 84 10 61 99 65 74 96 72 29 45 60 64 67 38 4 59 91 54 45 89 43 37 33 58 76 62 80 70 92 80 67 85 
66 49 15 29 62 81 20 51 52 85 83 7 24 30 35 37 86 75 13 47 42 75 20 40 27 63 82 58 49 48 60 83 85 97 71 65 77 81 9 0 76 61 75 89 43 92 6 57 95 96 93 56 68 81 87 32 75 85 66 74 32 51 16 87 8 84 10 53 0 1 50 75 26 56 100 76 40 37 83 10 41 93 10 39 48 33 62 73 82 60 72 73 45 49 47 77 30 39 25 70 13 75 20 96 76 76 71 53 10 60 90 51 27 60 66 88 8 93 43 59 39 33 43 80 63 55 82 75 78 81 52 47 98 10 54 2 6 82 90 83 69 46 77 93 77 80 97 51 16 65 49 39 18 51 42 62 37 67 78 12 15 93 6 0 83 28 88 13 100 23 43 99 57 7 76 60 59 4 57 77 83 98 72 45 82 9 70 65 90 0 21 38 68 59 42 85 71 2 11 43 
71 14 83 84 84 46 73 93 12 71 99 5 75 6 56 83 10 98 59 86 51 61 13 62 65 2 52 50 14 4 33 1 34 32 68 44 75 30 30 79 44 100 24 39 64 77 35 14 78 40 8 12 43 22 55 34 35 28 30 42 38 37 21 48 0 77 48 50 2 22 79 90 83 90 5 38 6 54 64 59 2 80 99 75 44 3 34 6 34 30 42 23 100 56 25 89 63 8 40 40 32 63 10 16 20 41 52 74 40 42 65 2 31 23 78 90 27 94 70 34 14 33 25 61 79 11 7 21 14 28 76 82 1 71 91 31 38 20 60 84 31 12 19 73 39 28 11 30 90 39 39 68 66 3 12 47 25 60 45 46 37 26 31 70 41 86 93 26 59 25 58 69 40 100 8 22 46 69 43 45 2 99 22 11 67 51 86 93 71 17 28 15 79 22 47 44 10 36 62 34 
76 81 4 99 10 34 5 2 33 5 88 3 66 84 87 68 74 6 1 59 35 96 89 4 53 62 49 78 61 1 62 60 66 31 18 14 35 28 85 80 4 97 72 57 83 80 51 4 4 63 57 26 0 15 35 19 43 95 73 46 30 31 22 43 73 67 2 45 55 46 67 4 91 55 75 100 87 92 88 42 82 26 28 33 20 6 31 50 95 88 68 74 87 81 33 58 74 18 65 24 54 45 53 50 96 15 99 95 1 43 58 85 88 84 91 8 61 77 11 60 53 40 100 10 80 88 72 45 21 71 42 22 29 96 96 2 83 44 62 40 49 42 51 38 15 33 84 67 37 2 60 94 24 23 87 33 35 75 46 23 14 63 14 5 56 12 79 46 76 59 20 31 70 74 96 37 4 80 43 54 100 73 46 26 68 14 35 79 84 99 25 36 31 1 63 36 91 29 13 38 
80 62 83 66 11 10 34 96 26 68 56 61 4 68 12 78 70 95 49 12 46 34 65 89 79 47 90 100 87 60 89 58 36 13 1 54 31 76 38 40 21 16 78 83 84 55 75 69 35 94 57 99 97 72 42 47 4 48 71 2 51 2 1 21 16 78 48 80 28 94 83 19 54 32 7 99 22 38 77 15 11 34 55 75 49 0 82 37 63 53 36 40 69 86 13 42 68 92 31 51 31 15 81 40 0 18 76 6 5 87 48 47 66 100 70 4 90 70 70 27 18 22 38 71 13 70 64 76 11 25 78 11 42 53 85 43 10 61 12 55 65 27 52 78 97 21 30 92 34 2 28 18 96 45 100 76 40 51 77 3 18 48 20 14 16 93 24 56 22 40 80 77 38 84 44 9 77 30 9 5 78 76 48 51 47 5 79 13 6 25 4 48 61 26 29 77 39 32 46 73 
54 21 32 8 16 3 17 91 65 32 53 83 16 79 57 6 7 49 36 3 20 89 67 15 0 6 4 91 20 92 14 73 52 59 31 11 35 12 23 97 0 90 99 67 26 0 12 99 54 46 56 20 52 10 46 32 63 54 55 25 73 21 64 59 24 73 26 63 26 92 98 48 99 100 41 100 70 68 45 53 6 95 3 15 97 44 97 10 87 79 58 14 94 92 58 75 47 47 3 30 94 54 31 25 15 76 1 13 56 31 81 30 27 93 2 68 56 36 2 22 31 59 45 79 74 99 74 86 68 35 9 33 97 47 62 20 60 24 81 39 37 15 46 3 67 91 37 6 84 35 98 30 31 55 32 72 6 9 17 28 61 59 12 23 0 78 34 68 19 94 90 73 31 7 30 64 24 80 88 25 11 12 91 37 64 17 55 100 24 25 74 73 54 88 9 22 71 2 72 25 
54 55 57 93 14 60 71 32 50 40 91 46 35 85 53 42 64 2 25 55 58 85 52 78 62 88 53 69 65 60 59 34 4 37 3 49 100 97 98 0 80 97 8 100 93 1 98 10 100 31 42 18 98 91 41 78 53 52 47 95 69 72 31 6 20 86 71 52 70 98 16 87 43 71 70 40 33 98 9 86 78 45 1 73 100 14 47 41 25 34 22 71 83 62 37 6 64 51 14 47 47 38 73 69 81 23 49 24 83 6 1 19 28 76 87 37 75 33 19 82 32 82 13 23 49 85 67 3 23 83 2 32 71 96 83 48 87 100 89 48 88 48 95 50 43 16 23 66 74 56 70 74 100 88 21 22 56 92 23 77 13 5 61 36 1 3 11 32 59 78 74 29 13 90 2 69 46 44 11 47 87 92 100 23 61 57 76 63 13 54 29 86 30 74 32 48 32 90 83 20 
40 43 35 68 31 61 38 1 77 16 90 71 67 47 5 48 59 51 14 79 26 94 94 29 41 9 81 19 24 92 13 72 24 54 8 50 28 98 25 51 89 48 79 39 41 20 66 43 87 82 5 76 30 38 92 9 56 44 59 92 41 79 11 92 35 90 92 89 18 35 81 62 61 24 66 89 0 29 6 5 83 52 57 49 66 88 20 40 62 5 49 23 97 34 93 55 0 92 60 81 40 78 58 71 76 0 56 28 49 58 2 80 41 74 36 98 68 69 53 83 42 5 44 38 31 9 28 31 8 96 1 65 41 71 46 71 87 89 65 50 17 61 68 7 2 26 27 52 17 52 46 5 68 60 26 29 16 89 16 59 67 46 83 12 33 38 0 20 1 90 90 37 92 77 13 20 18 66 26 38 75 33 55 7 95 91 5 30 37 45 12 56 38 88 7 55 15 63 13 66 
64 83 60 28 85 75 9 69 91 98 65 94 37 56 95 42 96 38 52 35 64 15 17 2 78 68 31 19 18 88 34 52 40 93 91 23 57 46 19 67 67 33 84 13 59 24 75 13 50 100 20 68 16 25 61 86 71 55 100 52 31 58 59 20 73 16 38 56 56 48 48 31 68 92 9 100 34 48 31 16 71 86 48 29 82 94 71 89 75 23 43 93 84 31 28 42 62 4 25 20 62 36 45 72 4 38 10 37 85 32 100 65 74 30 76 45 34 80 5 91 74 26 70 94 7 89 5 72 85 74 36 71 1 67 71 30 81 87 65 73 69 25 30 61 12 20 87 47 70 10 38 45 27 38 16 76 87 29 37 66 32 34 100 57 63 62 99 14 56 74 56 31 86 10 94 0 36 93 10 25 31 8 53 72 80 44 93 29 90 41 0 14 76 38 9 27 72 91 82 91 
18 21 24 19 5 87 13 87 80 48 22 49 69 79 2 25 40 18 21 14 28 19 28 75 86 30 94 66 28 48 51 56 3 78 34 61 72 40 0 93 69 70 41 9 62 95 35 92 27 60 29 34 79 33 8 49 9 47 1 88 36 13 20 47 65 63 37 77 31 19 77 13 55 32 30 26 58 94 53 14 81 70 65 78 61 51 34 29 68 99 81 18 22 93 0 99 88 9 59 82 17 48 63 41 0 71 12 76 37 15 7 57 21 48 7 23 81 66 68 1 64 79 92 43 23 7 57 61 59 92 41 42 3 75 70 47 61 93 57 66 59 53 81 12 41 41 14 46 93 67 100 64 42 57 33 46 0 70 84 25 40 60 94 22 5 5 40 43 59 16 38 3 14 90 22 22 50 81 18 10 70 96 92 80 70 98 59 55 46 85 9 7 23 6 23 18 72 89 51 52 
52 33 21 20 97 75 91 25 27 9 58 64 72 98 90 7 2 81 86 20 98 60 32 10 45 5 100 95 12 99 71 100 89 45 39 38 55 18 54 60 82 34 88 48 39 38 52 41 47 14 28 9 73 2 34 76 26 58 47 37 88 38 3 21 46 33 10 58 47 85 42 18 21 87 76 74 13 26 52 92 7 31 44 41 75 54 86 30 47 79 47 13 55 41 21 41 51 93 100 3 48 69 79 76 79 0 29 29 36 61 21 70 29 79 33 76 79 77 98 35 97 94 11 81 98 34 56 43 21 39 38 38 81 26 48 93 82 18 72 14 24 73 38 91 97 22 41 1 61 44 55 100 84 56 16 37 66 27 26 58 71 70 53 26 24 75 9 30 1 60 53 1 87 37 65 73 85 63 52 92 60 65 15 20 38 42 69 32 58 90 58 36 64 16 41 75 39 67 4 21 
93 27 95 61 18 71 66 58 55 16 86 95 29 60 0 44 87 45 18 56 50 50 43 51 29 63 54 67 24 76 23 97 5 22 37 45 8 86 71 22 30 98 82 25 86 36 35 21 99 100 100 85 43 65 84 41 99 68 58 87 25 3 88 96 71 89 88 67 51 9 86 60 51 11 78 15 76 23 13 61 69 7 79 22 2 19 2 74 49 37 66 87 12 13 49 70 16 65 42 65 88 28 22 76 18 63 34 37 54 38 20 95 5 77 79 33 31 47 14 42 59 40 81 41 77 59 81 55 21 67 7 26 44 60 75 23 88 46 89 72 30 46 34 37 7 100 61 43 79 73 94 16 36 58 12 85 17 27 74 65 29 84 28 78 25 93 97 24 9 65 83 97 78 32 15 79 22 76 12 51 67 60 36 34 10 56 7 32 96 45 97 86 7 94 74 25 34 36 40 33 
93 58 9 77 75 100 33 27 10 14 83 86 75 40 59 94 76 61 61 74 60 33 22 18 54 79 34 65 13 79 80 6 36 65 54 69 45 26 26 26 25 97 99 100 78 33 100 42 60 63 92 88 80 8 8 9 80 83 96 87 81 96 80 92 75 24 87 100 71 42 65 46 61 14 20 38 35 22 75 56 86 79 29 89 22 52 16 36 22 88 40 36 4 24 53 17 68 31 31 99 54 31 85 88 86 25 73 59 34 45 58 23 49 57 97 31 6 33 94 61 52 95 97 36 99 7 0 64 58 50 77 92 34 61 89 4 40 15 6 2 60 9 8 75 13 66 29 48 25 20 5 47 33 28 39 87 76 92 68 25 7 16 77 74 9 43 45 99 92 32 85 31 13 90 53 84 66 52 52 79 59 74 21 48 15 36 24 85 36 63 6 73 71 72 34 43 3 16 61 44 
0 57 54 88 11 65 92 25 80 63 57 96 1 27 84 92 22 55 40 64 5 50 55 42 0 61 78 45 53 58 89 66 21 15 9 14 31 46 55 41 26 91 6 55 50 3 38 95 47 86 88 38 26 53 2 39 87 48 58 89 67 73 72 96 14 96 29 85 2 44 84 31 57 44 11 57 79 66 64 36 86 52 7 64 5 24 37 73 11 24 30 39 87 50 91 64 97 42 3 83 32 70 72 97 10 88 45 67 20 8 81 42 93 67 52 61 26 43 54 54 52 78 76 24 92 15 71 98 75 41 22 18 29 28 12 95 89 29 20 6 24 18 83 96 73 100 80 57 12 66 35 46 30 40 46 43 80 12 86 15 80 97 24 37 13 96 17 59 66 87 91 90 23 13 34 85 0 18 88 7 18 70 71 80 56 78 51 39 42 62 70 95 8 90 69 30 41 64 52 6 
41 73 68 97 34 28 58 92 66 39 51 31 86 60 16 34 39 14 7 5 38 98 64 75 74 91 66 7 48 67 1 52 75 17 8 64 26 9 34 17 57 95 6 43 7 8 69 26 67 10 43 15 64 74 30 34 28 13 93 92 67 72 91 29 19 33 67 44 35 69 79 38 96 51 11 88 100 93 47 27 65 86 95 43 45 44 97 16 37 73 58 13 67 58 98 74 43 53 10 11 2 53 10 86 36 16 50 10 59 71 11 40 17 17 46 31 39 61 44 76 24 77 42 1 48 81 19 30 80 94 19 43 95 92 81 33 9 67 89 100 70 38 11 69 42 78 84 94 87 84 69 86 1 82 52 96 22 15 24 84 70 89 73 58 89 94 70 81 4 29 14 7 82 24 65 99 69 13 82 17 28 86 99 74 90 3 98 39 18 46 95 49 40 43 3 73 77 73 4 29 
28 47 29 90 48 8 25 21 8 54 82 15 25 12 28 100 82 66 35 35 52 41 6 24 49 53 99 69 54 85 5 6 87 19 92 18 38 85 55 86 40 27 4 68 54 28 13 24 70 41 42 32 62 76 51 79 36 62 98 24 45 3 35 38 55 10 21 100 65 74 66 64 30 66 55 74 62 12 71 43 22 41 81 84 99 69 91 40 77 0 85 66 15 41 71 8 81 16 31 82 25 81 52 73 27 6 15 9 50 78 12 59 65 5 100 27 22 84 86 81 12 19 98 75 17 84 40 79 28 41 59 50 62 21 98 18 79 35 61 39 27 23 50 82 83 81 83 99 47 24 57 42 83 80 81 43 56 37 46 69 30 68 29 1 57 52 54 80 55 27 97 87 74 38 76 32 42 53 68 12 43 55 54 33 97 91 30 84 88 36 78 79 11 26 0 48 98 5 82 36 
2 57 45 55 16 91 36 21 39 30 10 95 7 11 40 59 73 97 91 83 14 35 63 13 28 44 33 81 68 94 31 24 1 79 29 20 91 48 38 53 74 20 61 31 47 92 95 60 52 52 66 44 14 63 6 39 8 16 12 12 64 3 35 66 1 30 44 42 93 40 29 68 84 27 18 73 63 10 53 0 46 93 32 86 69 20 30 96 5 47 30 90 80 81 13 17 45 66 56 57 38 0 28 44 40 36 21 39 84 38 33 63 86 96 88 0 59 3 40 38 6 13 15 21 57 90 55 42 11 27 83 41 92 86 70 16 69 44 98 48 11 30 8 5 58 11 4 67 28 0 85 0 20 80 32 73 72 9 1 79 42 70 32 4 81 98 89 9 29 39 33 15 39 40 36 59 91 97 12 100 5 39 97 47 67 32 14 39 48 39 23 57 69 25 61 85 17 37 25 39 
88 26 68 17 41 54 87 67 65 41 25 100 66 12 22 56 44 4 10 5 27 3 53 43 76 36 75 56 86 90 27 9 62 67 50 24 87 93 61 28 65 34 5 40 61 38 25 6 52 6 33 17 88 21 16 96 58 80 42 14 39 15 90 34 37 5 42 20 89 23 17 22 63 56 94 52 23 97 74 54 18 8 42 84 20 74 22 16 0 67 41 48 22 44 42 70 72 67 98 62 49 5 94 0 40 64 80 43 47 50 13 86 4 77 10 68 48 61 14 56 51 75 20 67 11 80 48 74 25 0 98 78 80 8 92 74 52 13 88 98 100 55 78 12 6 82 36 8 85 10 58 49 58 76 49 72 21 27 18 4 11 73 74 86 58 42 43 29 38 75 72 95 6 2 94 33 93 80 41 90 31 56 32 64 29 18 41 35 37 63 63 55 52 9 58 45 20 31 43 74 
7 59 32 40 95 65 61 73 49 21 69 83 37 87 24 89 49 62 13 2 92 26 20 35 52 25 74 53 16 84 12 18 78 50 16 81 47 91 22 17 36 94 100 88 28 78 53 98 33 72 24 33 31 63 70 29 81 23 38 75 63 9 100 92 67 0 85 17 48 32 58 7 80 9 9 29 18 78 65 37 39 93 64 51 74 36 82 36 61 53 41 55 60 82 63 6 12 48 38 34 72 70 10 59 13 22 85 94 23 87 58 15 78 61 16 58 24 8 31 30 75 0 13 45 41 85 52 6 48 62 17 7 49 88 12 54 78 61 74 78 73 22 61 85 68 70 12 90 67 19 66 1 11 55 55 89 8 80 72 23 69 14 23 0 52 74 65 0 79 5 31 87 75 92 88 43 15 65 91 12 4 99 68 77 33 10 62 89 81 24 27 73 62 30 4 92 23 1 77 90 
14 54 95 15 42 69 24 95 50 17 11 14 99 71 100 6 2 73 81 71 35 55 5 4 20 16 68 96 32 24 15 27 93 33 79 95 95 76 100 74 4 54 66 22 50 70 92 20 7 85 36 67 14 2 44 44 2 98 81 14 30 1 26 60 100 7 78 86 55 92 43 23 2 43 29 57 57 59 65 70 5 47 80 21 86 10 50 36 81 55 78 51 1 12 54 10 52 24 15 99 34 78 94 8 1 3 71 94 9 38 95 15 87 35 37 77 28 77 8 51 81 90 54 23 29 73 10 59 68 6 99 99 17 75 91 35 88 88 6 4 69 56 20 39 75 96 33 28 37 14 96 77 62 48 89 65 40 19 2 19 67 78 41 0 67 97 66 44 4 81 38 89 8 0 37 41 50 35 8 37 7 44 29 51 7 71 52 84 94 10 80 91 37 19 47 9 59 30 33 47 
100 0 32 32 64 4 7 15 92 16 13 44 94 83 27 17 72 86 57 64 44 100 65 3 94 95 77 82 94 15 35 53 29 86 40 75 68 32 32 55 88 37 89 6 39 97 8 43 12 46 52 70 93 38 31 93 23 76 62 45 90 8 38 87 50 96 21 16 21 81 0 83 16 27 18 71 70 23 69 90 54 40 50 41 93 70 42 34 93 9 13 98 79 96 80 48 1 57 37 17 84 94 84 34 27 38 93 94 98 32 42 99 19 96 32 33 97 63 27 98 68 50 15 96 50 64 21 86 87 43 73 47 64 9 0 20 61 97 67 2 95 69 52 3 15 12 73 88 52 30 0 0 85 18 85 9 59 61 44 80 63 86 90 15 58 25 3 54 69 45 0 91 79 57 52 100 65 73 67 31 12 32 10 89 76 98 20 98 44 50 13 74 99 18 57 50 22 24 94 22 
50 98 87 79 55 3 18 41 43 73 98 68 95 64 19 39 8 73 84 5 76 37 31 17 74 35 60 59 44 12 26 32 49 44 78 3 49 79 11 72 55 18 23 51 63 18 76 24 13 98 55 27 65 33 92 73 29 11 45 99 74 56 98 28 75 28 17 15 16 60 15 97 90 21 8 40 17 43 17 53 72 76 44 76 26 25 19 98 9 63 36 45 67 99 82 24 46 83 50 76 72 69 98 20 79 68 79 23 61 39 25 67 92 60 51 26 78 22 75 64 70 22 94 18 57 50 32 5 87 10 98 23 53 62 87 68 72 69 57 44 12 65 29 73 42 19 100 62 25 77 67 95 94 70 87 1 16 83 0 79 63 86 21 40 41 52 22 27 43 83 80 24 50 75 85 32 55 28 82 70 59 17 71 35 69 1 83 4 86 55 80 9 43 36 29 29 60 43 84 81 
86 78 82 45 98 61 65 14 27 84 70 18 58 46 94 54 29 81 50 93 45 77 90 11 55 49 5 17 65 39 30 15 43 38 87 59 5 50 72 97 73 35 73 50 31 90 84 80 96 53 34 88 18 17 52 81 74 0 16 17 98 59 43 40 60 24 90 82 100 8 34 37 53 34 70 7 43 49 10 55 53 100 24 73 13 67 82 65 78 93 31 99 6 70 90 81 41 35 5 82 12 1 16 25 60 36 88 21 38 56 57 47 28 11 0 6 34 49 22 63 48 42 46 16 58 11 11 26 41 80 99 9 55 9 33 38 81 39 53 32 17 71 1 55 28 10 37 23 81 43 76 98 49 26 22 21 45 42 40 61 18 66 48 94 10 63 12 84 52 46 39 98 95 90 36 10 97 4 72 48 93 90 98 32 98 19 32 50 40 25 53 76 92 32 36 84 22 95 71 85 
38 2 25 3 64 11 99 10 29 26 70 74 70 29 39 59 12 69 100 91 21 61 57 84 78 9 91 53 1 60 32 89 41 80 44 11 76 75 93 72 70 15 35 47 14 75 65 91 75 50 76 95 32 34 63 25 37 60 65 89 42 55 38 50 8 7 79 99 27 99 49 30 80 33 21 0 43 47 21 56 80 56 19 11 41 18 32 54 3 93 69 99 66 54 5 74 98 21 82 59 4 97 78 10 48 62 98 93 87 59 14 41 4 90 93 55 97 27 71 63 23 57 29 84 49 68 93 67 58 64 78 5 91 41 91 51 13 41 80 70 53 42 10 19 25 43 29 69 65 7 53 6 100 20 64 37 41 26 29 37 27 100 0 53 10 36 84 6 35 77 66 56 7 38 69 37 56 31 49 64 46 47 2 29 95 32 14 91 89 92 81 32 11 78 38 55 72 93 46 66 
36 58 17 48 85 68 9 84 13 41 29 3 85 81 43 32 99 30 15 99 45 91 40 74 27 13 56 13 43 28 68 61 63 56 14 51 30 100 90 5 29 23 83 34 74 10 72 15 20 73 57 81 7 81 45 64 66 61 83 18 81 10 52 99 3 28 45 30 80 40 77 99 12 95 3 37 2 47 55 20 18 11 89 90 57 12 76 12 83 94 6 46 58 82 99 8 29 29 10 67 11 26 37 23 90 50 15 66 88 22 36 14 27 23 73 16 27 65 70 49 54 64 75 28 13 50 15 21 85 65 8 79 15 90 68 12 77 18 0 99 20 92 33 51 65 26 87 48 96 70 29 40 88 24 20 57 24 97 26 26 3 76 2 88 81 85 39 16 12 52 94 26 91 15 39 41 3 40 1 78 31 47 24 58 10 50 60 68 28 12 17 55 77 69 52 47 54 81 26 22 
29 26 94 76 89 35 85 27 46 13 38 14 43 79 9 89 64 23 91 50 86 25 67 89 19 47 76 62 44 50 12 26 50 28 0 86 100 16 30 92 63 34 49 76 25 85 50 68 2 34 91 96 0 71 62 58 25 30 75 40 13 10 82 64 2 40 51 92 93 9 57 61 23 71 66 38 40 73 92 43 4 72 18 13 95 86 97 52 39 14 31 28 30 66 98 33 65 59 20 73 94 88 82 8 97 35 2 29 20 57 30 100 57 21 78 22 29 96 85 43 16 78 13 24 49 34 29 13 82 86 54 29 70 45 82 55 20 10 68 70 64 20 81 12 83 71 84 69 49 96 29 86 51 87 33 31 38 31 29 40 38 62 64 30 48 76 55 69 30 8 10 71 34 10 28 77 72 54 18 18 79 30 77 33 65 20 99 90 79 46 68 10 80 48 5 29 70 60 18 0 
53 30 25 23 21 85 35 76 55 36 52 66 32 38 17 100 94 68 12 49 64 26 85 89 80 53 86 53 88 53 40 13 4 13 31 99 87 37 69 79 92 77 98 75 75 78 25 12 62 32 19 31 66 72 40 1 58 70 93 56 78 99 51 73 66 80 96 3 33 22 26 85 79 82 35 99 53 45 18 84 37 69 62 33 11 100 14 54 55 25 100 69 76 13 48 99 83 53 37 2 61 12 65 64 92 54 68 63 12 60 7 86 41 25 28 0 21 37 81 32 50 47 70 97 16 27 94 21 77 60 6 53 57 55 89 43 19 5 63 26 45 40 50 78 75 53 89 46 4 53 54 99 17 35 62 76 7 86 19 30 81 57 51 22 88 34 76 12 2 83 92 27 18 45 51 60 82 57 34 0 51 23 71 98 93 56 85 43 80 14 17 25 29 39 33 15 8 76 60 50 
51 90 46 79 63 51 65 64 20 84 56 53 74 71 90 96 45 86 79 74 74 38 30 57 1 92 31 21 81 100 79 75 48 36 55 81 41 91 11 78 92 60 55 44 66 94 17 3 20 73 35 68 18 56 9 64 47 39 79 78 34 73 81 96 86 46 28 26 38 74 21 72 57 34 51 19 46 2 7 2 0 79 92 89 58 42 53 74 51 85 91 20 30 29 7 34 47 74 17 69 59 58 51 1 66 66 1 77 28 31 35 65 55 47 99 26 97 19 64 53 78 11 72 23 9 19 16 87 8 79 96 97 42 47 81 78 75 86 67 95 25 60 66 49 52 52 52 83 42 22 28 55 76 31 67 42 8 12 89 88 57 12 84 15 10 84 74 33 15 37 52 67 48 32 4 97 31 39 93 60 13 33 78 27 55 92 31 94 14 78 21 35 48 61 20 56 40 38 95 60 
88 55 70 54 97 4 73 2 20 15 13 25 9 14 68 9 59 44 31 43 22 43 88 27 22 0 100 72 57 53 54 14 56 97 63 7 59 5 70 12 48 9 33 94 30 70 39 15 70 58 65 68 28 39 61 50 28 74 37 85 30 84 0 23 47 35 15 66 66 13 81 52 63 45 43 26 69 63 94 31 42 63 88 86 66 18 72 49 97 92 59 15 30 39 64 93 85 14 42 36 39 46 85 68 88 65 32 55 40 0 63 51 21 69 39 46 34 0 17 46 27 91 89 32 57 0 9 27 44 32 78 88 25 48 18 12 78 32 57 2 38 43 75 75 83 39 29 8 9 77 80 13 59 63 27 88 77 72 0 21 57 53 78 43 79 36 94 67 96 73 20 96 95 73 74 69 92 96 90 40 25 58 75 40 48 83 76 75 29 95 5 0 88 71 28 83 26 99 8 45 
79 91 47 30 37 54 73 86 5 9 87 54 15 48 52 6 75 3 28 10 86 74 5 51 54 8 53 55 43 61 23 93 9 81 41 97 56 16 74 22 27 76 61 69 66 74 58 1 75 82 67 6 78 10 86 58 86 93 49 80 26 25 38 70 81 70 34 47 3 26 0 37 60 93 13 80 68 91 19 52 8 51 79 53 90 70 95 16 18 26 53 46 35 7 51 51 55 68 91 0 82 74 34 31 1 0 55 89 62 92 48 32 25 19 28 81 58 57 71 32 11 42 58 57 84 57 7 19 54 7 7 79 96 55 22 1 59 64 50 39 30 44 84 73 43 23 42 70 73 97 91 95 68 33 63 83 29 88 81 13 21 57 9 38 18 46 36 40 61 64 60 50 95 30 40 60 39 83 48 62 50 68 21 43 72 22 62 81 32 47 29 86 71 53 70 57 84 57 96 44 
82 41 60 60 76 69 37 61 99 21 44 48 41 31 42 33 11 88 81 48 11 60 77 98 84 15 41 30 88 16 31 86 52 85 60 26 50 97 56 85 100 83 42 71 2 0 3 28 45 56 28 21 98 85 35 85 62 50 26 55 88 54 34 91 56 3 64 86 73 67 30 61 26 40 47 33 76 73 27 22 3 7 16 43 67 98 36 72 37 75 57 16 67 58 61 1 99 80 82 50 19 76 51 27 63 83 29 29 27 64 72 28 72 34 25 80 0 89 26 68 78 66 28 94 48 64 52 48 22 100 18 38 9 19 62 91 80 89 73 39 98 71 78 38 100 58 83 38 91 83 33 32 24 41 27 75 39 38 42 76 5 55 27 32 73 0 95 31 44 75 12 80 24 27 71 82 24 87 63 61 61 77 84 72 3 87 98 90 92 87 94 59 83 11 51 93 92 34 46 72 
95 38 39 83 14 76 95 92 77 80 89 26 97 93 41 63 33 59 17 69 44 41 56 70 29 77 93 28 27 32 48 77 15 11 18 37 100 96 84 39 24 19 17 86 7 52 0 42 29 92 50 86 11 97 96 96 72 55 78 92 52 91 1 81 5 93 96 41 4 79 5 20 65 90 31 82 93 74 86 12 80 54 8 16 66 97 40 29 91 17 81 30 82 32 9 67 76 65 31 57 80 9 15 19 4 79 31 51 49 80 38 18 96 24 95 14 64 26 78 61 21 29 55 81 92 39 57 22 1 78 42 0 66 42 73 14 73 57 68 95 100 36 72 20 73 13 40 15 5 75 87 73 43 79 76 29 0 91 67 76 27 24 27 15 25 95 25 59 62 73 0 60 28 46 3 64 64 61 51 25 10 72 52 23 37 58 82 96 98 93 70 25 63 31 87 81 5 71 84 99 
39 63 87 11 35 1 17 4 41 47 49 64 75 56 4 19 49 77 92 24 43 12 38 76 76 13 89 13 60 12 63 19 43 9 7 91 8 74 55 7 16 51 60 82 28 58 89 61 59 6 56 100 7 59 59 41 31 7 94 51 19 88 24 52 3 32 27 64 18 9 94 95 46 89 0 32 57 35 44 66 61 44 97 55 68 19 79 47 24 41 57 93 35 9 2 12 62 87 11 100 34 75 12 26 89 38 35 72 32 82 80 70 63 90 33 32 23 37 97 69 18 56 34 70 86 14 46 39 54 18 24 74 14 96 11 40 75 56 60 24 11 52 25 18 56 30 68 12 69 39 100 16 11 24 0 57 59 62 85 44 50 87 82 28 91 74 65 79 19 50 95 29 51 91 54 83 71 25 66 39 43 98 48 53 9 96 30 73 67 91 93 55 56 34 34 39 15 30 12 40 
2 70 40 77 81 3 8 62 72 10 46 61 14 55 10 88 40 84 93 53 71 87 3 98 0 78 32 77 91 75 3 9 42 9 99 89 57 82 17 32 97 91 58 71 19 62 89 59 96 90 86 36 35 67 69 24 53 38 95 100 33 75 96 95 84 58 50 68 62 97 71 78 36 34 31 98 21 28 98 16 43 40 40 61 69 58 34 54 96 70 28 66 86 18 95 97 18 67 3 10 39 46 38 58 15 37 9 20 22 1 51 69 17 52 15 13 39 85 1 22 90 3 62 100 16 46 91 60 58 71 85 23 16 96 42 64 91 43 15 37 4 18 97 59 58 89 4 98 7 95 86 58 73 26 56 14 72 70 97 28 90 88 27 51 1 17 75 78 32 55 75 48 68 3 57 0 70 27 55 62 0 36 7 57 75 38 98 52 6 71 64 47 84 16 61 41 100 16 56 66 
42 45 37 10 26 2 71 80 85 29 57 34 1 1 64 45 32 67 13 25 53 2 98 26 41 51 70 43 52 0 13 91 46 63 67 28 27 96 62 93 21 50 15 29 75 86 75 76 53 5 58 23 51 36 15 62 80 64 5 89 57 74 1 66 24 0 31 43 9 10 58 45 41 71 88 1 85 34 87 46 85 52 50 30 81 74 86 42 63 15 83 91 82 94 75 93 99 42 37 44 40 88 89 97 30 85 19 77 4 40 17 26 34 34 72 96 27 91 8 58 82 70 68 66 35 88 4 63 31 51 51 5 14 100 8 83 79 10 24 76 8 45 0 49 60 3 74 9 34 35 19 62 81 41 98 41 74 71 20 100 94 62 53 27 29 35 2 96 31 21 31 60 17 25 65 12 34 38 2 79 75 48 63 50 6 17 47 15 58 3 13 38 100 98 55 85 50 47 39 60 
28 37 38 5 8 51 20 99 7 85 72 2 72 44 16 24 68 10 42 88 79 4 34 95 1 31 39 20 100 59 83 14 88 4 21 53 98 33 41 95 19 9 94 68 39 54 6 96 0 81 59 68 14 84 35 67 1 83 19 14 1 71 17 16 86 61 18 20 92 19 24 62 60 1 19 30 84 10 98 80 10 57 0 32 69 85 96 60 65 34 31 29 13 38 60 22 1 20 32 63 71 86 48 38 4 55 7 21 75 72 15 81 24 99 99 38 73 67 79 94 4 86 49 100 29 39 72 12 96 62 76 9 47 98 40 71 70 34 91 27 24 88 70 51 77 41 66 29 47 22 18 10 58 3 75 36 68 14 88 45 71 81 30 37 87 49 79 4 2 5 88 94 4 54 94 15 31 36 16 76 57 18 6 55 41 29 24 39 11 39 19 61 82 13 40 95 15 66 63 18 
17 4 46 69 35 30 51 43 99 73 64 36 48 92 65 44 0 57 69 57 6 88 91 10 60 16 9 67 26 23 85 83 10 56 12 98 96 86 0 94 10 31 9 47 36 49 54 36 25 26 79 7 61 6 37 71 33 32 0 6 93 37 56 67 11 34 90 4 20 67 8 63 19 67 92 73 3 39 64 66 18 33 69 88 52 63 44 38 21 9 50 48 76 16 47 97 80 86 22 36 74 7 46 4 65 0 75 62 79 34 96 62 76 34 86 50 100 17 8 60 11 1 39 47 46 81 78 34 10 8 96 94 77 9 3 47 20 2 46 72 18 2 57 55 55 41 6 0 24 2 16 73 61 49 32 12 33 16 91 88 91 9 8 23 97 74 63 73 45 86 92 49 45 68 60 0 94 68 51 61 34 79 90 19 57 41 64 63 16 26 19 7 8 89 22 57 71 82 90 30 
96 76 27 5 75 24 12 45 49 23 42 86 34 13 92 56 67 11 5 65 19 25 38 26 29 87 63 65 14 100 64 75 48 19 67 5 18 48 28 7 55 94 33 14 99 12 84 87 82 55 0 45 16 2 28 43 47 22 71 52 92 92 92 79 61 95 30 96 20 94 77 100 92 67 76 46 26 49 28 9 15 96 98 45 61 98 13 89 70 3 27 65 62 54 41 3 2 6 98 75 49 58 93 15 97 77 86 75 64 83 50 69 33 85 95 33 96 17 41 31 66 90 48 51 18 52 77 53 67 47 98 4 65 65 68 3 24 63 76 68 62 59 52 21 14 6 50 49 6 87 69 26 71 46 75 5 98 27 15 12 52 71 90 76 95 12 28 72 34 0 24 80 59 78 49 47 1 79 57 4 1 61 88 32 47 48 41 53 51 45 11 29 59 98 27 37 43 39 55 38 
57 93 1 91 6 19 9 49 2 97 26 63 56 27 24 64 12 94 72 67 73 32 39 28 35 58 45 10 92 56 88 32 6 12 50 22 53 69 92 8 64 5 100 35 19 65 63 43 99 62 50 85 13 8 76 65 35 21 37 78 40 60 53 57 12 35 22 48 45 30 71 33 41 39 85 47 24 6 98 51 59 100 29 53 17 50 23 2 91 88 42 59 83 91 11 82 72 21 40 34 5 1 22 54 89 83 48 88 99 91 40 65 77 99 28 47 99 38 1 52 26 79 40 64 16 51 67 23 55 61 17 38 3 4 59 29 91 25 9 97 75 66 57 81 6 62 24 53 57 74 88 49 29 89 73 14 41 82 9 32 17 14 47 26 2 86 37 60 85 34 75 4 73 5 24 71 49 15 37 20 91 91 93 54 60 37 94 82 68 41 83 74 98 9 75 83 48 61 51 87 
18 82 38 59 83 2 31 52 88 59 91 25 65 16 79 15 26 69 7 81 47 14 28 10 81 25 57 5 72 3 40 54 75 34 49 22 24 83 15 9 75 89 32 8 73 54 29 41 18 10 57 39 18 16 5 31 6 85 58 89 72 81 51 50 85 13 70 63 48 44 94 41 73 15 40 26 27 72 10 52 78 76 39 64 14 20 78 49 24 85 12 24 73 39 78 90 80 58 97 93 67 59 28 11 23 45 50 39 41 33 47 49 40 46 1 18 66 66 74 86 45 46 1 27 30 98 30 45 80 98 56 72 100 50 18 4 77 55 53 32 60 100 24 51 82 93 97 24 96 59 36 80 83 27 14 15 85 40 16 30 77 100 2 2 31 85 33 4 35 35 89 50 9 64 36 33 95 51 77 39 63 45 72 52 42 97 15 86 4 42 74 63 54 89 74 73 29 28 91 81 
42 23 46 94 56 56 81 84 99 54 28 10 89 70 90 66 75 31 61 26 57 90 86 73 12 58 25 72 39 71 33 46 85 44 94 38 30 25 58 23 57 9 77 87 84 99 73 53 53 75 51 3 64 86 49 12 43 62 25 50 40 55 61 25 78 47 63 92 68 70 25 52 84 60 3 52 19 90 9 81 93 81 95 2 81 52 72 40 54 21 40 7 12 7 56 19 76 6 99 98 24 27 79 3 41 9 30 59 79 8 58 99 19 93 4 57 22 56 37 39 67 54 45 98 12 61 52 3 29 11 92 14 15 28 1 53 80 74 50 63 59 44 69 89 35 80 37 11 47 28 6 85 10 48 20 95 57 84 95 68 75 57 43 16 90 41 19 100 22 13 20 82 59 61 88 39 47 80 16 56 22 12 20 65 67 73 89 21 54 80 23 15 39 18 89 35 94 86 84 28 
73 28 14 83 22 33 75 41 83 100 57 48 64 18 19 32 4 39 72 14 74 95 61 16 91 20 40 77 31 85 19 14 54 76 69 81 72 58 34 53 54 71 23 46 70 9 24 90 80 3 85 65 0 69 29 93 91 97 73 58 8 58 96 27 11 96 17 92 81 34 39 79 33 88 73 73 79 57 42 48 53 18 25 41 91 72 2 93 59 25 34 41 2 32 55 94 50 71 62 60 0 77 40 63 100 47 36 25 63 65 45 52 97 41 34 74 4 36 90 48 64 35 100 85 54 89 44 26 93 54 15 2 59 91 60 20 61 27 20 31 60 55 79 74 36 99 38 48 28 87 13 44 39 56 95 99 15 22 73 54 1 86 78 70 90 72 14 14 14 22 89 32 29 1 38 7 96 54 81 61 19 99 34 33 73 35 23 49 67 64 9 24 27 68 38 14 35 81 11 48 
6 1 94 82 84 33 8 85 49 68 11 47 29 29 16 8 64 100 53 38 7 85 32 15 98 2 95 94 82 11 94 87 27 5 7 38 89 87 25 41 65 65 2 66 35 18 72 79 52 16 0 98 28 79 79 56 41 3 58 27 52 98 93 64 10 66 4 58 90 71 36 16 71 58 33 65 32 50 20 77 2 27 75 5 23 57 21 43 29 56 83 55 31 14 75 40 28 17 85 88 85 88 47 15 63 22 76 43 18 5 27 47 75 60 66 15 79 15 20 84 97 12 1 83 56 71 93 54 23 58 65 66 63 39 4 94 6 52 71 95 95 21 36 82 28 16 0 24 34 44 17 75 2 61 39 85 31 47 45 70 91 17 61 15 45 82 56 53 69 1 5 12 14 90 56 68 24 11 45 16 58 86 66 71 56 31 58 10 77 75 34 65 27 27 93 58 85 99 5 49 
56 67 50 41 3 61 24 28 29 50 59 51 4 71 44 12 64 29 62 75 100 48 60 24 70 30 7 75 9 54 83 89 87 70 44 30 2 29 42 91 6 76 86 59 32 36 22 40 89 93 27 69 56 62 24 80 79 57 38 8 69 60 51 43 100 96 65 98 22 65 23 89 46 89 71 78 78 82 1 33 70 97 47 86 6 44 93 97 56 63 78 76 83 57 21 71 25 25 37 99 36 96 51 32 45 70 96 11 46 3 48 0 15 99 81 4 77 38 89 16 62 36 69 95 80 83 19 36 77 66 88 62 54 54 55 14 58 18 0 14 1 10 69 22 89 10 6 90 62 88 89 28 95 6 89 90 29 96 51 1 79 81 52 33 22 24 44 64 63 36 59 1 27 35 90 17 53 83 31 65 70 4 4 76 68 49 98 19 55 83 64 7 72 74 88 81 98 14 58 36 
68 36 15 1 1 98 52 65 18 27 48 45 23 87 94 84 95 95 11 80 1 62 55 63 98 33 13 47 16 28 58 8 64 23 23 67 12 18 69 29 99 91 35 63 92 40 73 35 67 37 61 80 84 16 61 17 18 51 21 98 14 66 86 56 5 66 78 23 19 64 69 28 85 48 88 51 75 100 49 27 89 86 47 1 61 20 65 8 20 76 84 12 16 74 12 95 15 5 15 56 0 33 41 9 42 85 56 80 17 95 78 66 89 53 84 53 48 40 7 37 54 21 51 59 71 54 82 32 71 14 53 16 35 68 30 14 84 52 46 93 59 10 36 4 100 18 47 76 84 57 13 10 92 45 99 29 98 26 15 51 43 10 19 38 72 90 13 9 34 39 97 57 4 10 16 75 59 22 69 89 84 11 91 26 97 92 59 36 60 40 43 14 62 92 75 85 10 95 67 13 
93 66 35 5 23 57 67 57 90 7 63 5 85 28 66 55 26 67 81 70 69 17 95 52 2 67 48 33 4 85 29 71 62 92 2 19 83 67 16 84 21 99 55 94 85 51 10 50 56 97 54 61 67 40 1 60 56 80 43 82 55 18 24 74 31 94 17 61 45 67 33 89 94 50 67 65 53 50 45 77 8 46 54 46 98 56 52 29 80 46 98 55 39 44 70 73 36 19 86 96 27 88 63 84 23 35 85 49 81 2 3 62 46 59 33 32 27 6 26 11 0 100 85 33 27 76 75 7 46 88 73 64 50 50 54 100 15 30 95 34 92 19 100 37 10 39 41 57 7 72 74 60 74 17 61 50 21 42 81 56 36 78 35 63 84 48 60 29 20 49 86 77 11 46 90 70 77 38 27 52 82 51 53 6 5 79 9 52 96 77 81 90 12 69 63 44 69 65 98 1 
39 83 84 62 37 46 73 5 60 57 88 62 37 83 98 38 17 56 45 34 61 2 16 30 77 80 92 2 13 85 23 27 83 13 19 0 40 7 93 8 72 95 28 43 78 57 26 37 94 11 83 63 18 82 46 16 90 54 62 71 17 48 28 80 82 53 41 6 96 52 25 88 28 45 27 15 21 26 95 90 93 37 12 79 74 11 81 54 31 50 36 73 18 37 97 38 79 10 19 96 52 8 5 64 26 41 49 87 62 85 59 74 60 49 80 43 51 15 65 1 88 65 41 59 41 98 47 26 17 57 39 28 96 64 77 62 8 44 19 36 60 76 41 95 22 59 88 74 12 1 44 42 35 65 1 78 96 89 64 32 50 34 33 66 47 48 59 4 66 40 82 41 21 10 98 72 31 76 54 53 76 79 54 86 26 0 46 74 42 6 55 32 94 10 23 56 43 2 4 2 
54 3 27 21 26 67 29 70 2 32 15 50 74 29 1 39 25 11 62 91 96 77 75 100 84 70 94 8 28 15 39 30 10 65 77 61 37 12 53 85 28 61 79 46 61 86 28 88 69 12 90 15 44 36 62 80 29 2 72 66 98 93 94 23 21 40 49 37 35 28 60 76 33 26 40 42 38 78 16 97 55 60 37 73 57 78 40 35 40 46 79 45 33 24 7 43 19 26 99 11 59 24 54 42 41 40 71 44 77 69 33 61 97 40 5 89 51 74 44 36 98 58 4 73 33 70 61 21 44 65 69 36 52 100 45 86 63 65 24 34 90 67 55 53 96 56 15 14 79 26 48 80 96 23 77 25 83 75 34 28 65 3 97 60 71 63 49 80 61 63 8 15 55 0 44 33 17 6 11 24 86 64 88 99 67 96 72 18 93 91 81 6 97 94 90 79 13 61 0 77 
2 99 36 16 7 34 31 60 87 58 12 84 39 65 63 76 3 47 21 40 94 81 81 34 8 27 38 57 30 54 70 26 24 32 20 85 59 52 1 96 94 75 93 87 39 48 95 62 2 6 99 77 9 48 80 38 63 72 68 27 29 58 4 70 55 31 51 45 38 31 95 54 64 77 45 50 99 22 19 29 10 2 51 34 61 86 36 56 70 13 63 24 30 85 69 27 4 74 95 21 64 13 22 68 30 99 49 60 27 1 44 56 19 78 34 22 84 4 66 63 96 57 68 95 55 32 28 84 3 66 89 33 96 88 70 19 79 29 25 34 31 41 45 76 93 65 4 44 11 90 14 26 28 52 92 64 15 1 79 40 78 71 17 23 0 4 45 81 12 70 88 94 28 96 40 62 8 20 74 18 5 4 67 46 84 64 22 86 47 78 42 56 40 82 11 57 7 34 19 88 
87 5 54 22 90 30 9 76 73 97 75 58 63 18 60 3 76 70 67 43 42 93 24 34 59 53 24 83 43 70 31 73 85 100 42 84 53 94 55 0 79 35 99 23 62 28 77 86 1 4 10 79 31 16 92 9 54 19 25 88 33 60 1 46 87 62 95 93 71 68 81 49 39 32 77 86 1 96 89 36 73 34 47 27 94 22 23 78 13 55 39 65 78 47 65 3 97 33 100 15 37 86 52 77 15 21 37 24 67 71 67 86 59 78 35 68 55 16 99 55 12 49 37 68 9 15 9 26 56 45 51 3 4 100 89 47 35 72 39 35 95 75 62 81 83 34 32 6 40 69 1 53 73 34 18 59 49 31 12 30 15 7 57 77 53 18 58 70 20 60 64 34 42 84 23 21 16 11 98 63 47 10 9 63 17 11 84 26 63 93 91 44 41 14 69 91 47 61 57 2 
7 6 4 53 10 49 19 87 43 7 77 85 45 92 50 58 86 51 46 77 40 70 97 53 56 50 9 74 92 83 1 93 74 22 98 69 29 27 37 61 39 37 41 44 63 86 44 51 33 21 45 5 22 21 5 0 52 44 73 37 69 37 25 29 91 62 31 3 82 20 63 76 83 40 20 46 9 54 0 26 21 24 38 34 51 52 23 37 33 3 70 98 48 54 31 63 25 53 48 4 56 83 75 61 99 69 52 35 6 40 4 66 91 75 64 8 0 87 7 74 30 80 25 89 74 89 85 73 16 8 95 9 82 41 99 3 96 46 37 11 14 38 52 9 61 57 72 4 52 89 39 82 38 30 67 38 92 87 42 58 48 61 92 98 18 56 100 28 8 90 41 52 5 50 77 7 42 20 52 97 35 21 7 46 34 12 66 37 60 70 97 82 21 89 38 41 9 97 17 63 
30 46 56 89 96 14 78 47 26 72 43 59 24 94 53 94 46 43 59 52 35 85 57 51 50 89 65 29 20 15 41 3 54 80 82 14 53 43 1 19 6 43 12 83 3 95 31 26 51 68 85 72 1 29 57 35 77 3 27 87 6 20 19 84 78 9 42 45 1 64 85 33 26 26 6 43 79 53 22 13 85 50 2 25 41 45 6 75 23 92 56 16 13 1 45 5 80 50 78 92 10 68 54 50 81 19 79 100 10 28 72 0 68 13 52 5 99 60 38 96 60 47 96 3 30 16 39 27 70 71 87 4 100 79 39 81 39 69 40 53 82 56 42 40 73 49 56 96 62 77 89 76 82 11 19 55 89 38 94 82 59 17 80 60 6 20 32 14 87 9 42 90 99 89 21 22 77 15 64 0 49 32 7 65 31 38 69 29 60 27 68 69 54 88 6 30 28 59 1 24 
74 2 79 45 67 35 98 62 52 24 80 29 2 85 50 5 71 42 75 18 23 38 70 21 47 44 23 47 83 49 35 27 4 25 88 79 15 47 38 96 38 57 21 62 89 59 18 55 36 22 51 79 86 17 10 76 34 89 95 43 36 28 34 27 36 48 84 13 7 42 52 78 68 84 18 46 37 55 4 31 48 5 31 0 48 35 2 76 32 85 84 11 53 67 21 0 78 89 0 96 32 78 17 56 68 88 7 8 36 59 56 68 3 19 71 83 77 9 15 5 70 93 58 73 33 76 65 50 38 35 30 43 9 68 29 72 19 1 63 91 52 42 76 69 33 64 81 27 28 22 95 58 38 18 89 68 11 1 57 87 86 99 94 94 26 74 43 11 29 57 22 56 84 17 35 11 87 11 45 3 79 90 74 78 40 33 60 55 15 82 54 34 31 48 20 6 96 44 93 35 
39 19 78 89 0 39 91 49 82 52 47 42 62 44 89 38 16 0 77 88 57 19 7 28 7 39 26 14 7 15 8 67 45 12 82 73 98 0 53 0 65 39 35 46 11 52 25 51 17 91 45 58 87 38 44 58 85 7 35 67 34 43 35 59 14 1 95 37 60 55 54 37 3 23 40 24 93 50 35 1 54 15 73 38 2 95 89 14 78 68 99 71 29 48 0 6 61 30 21 81 91 71 33 90 75 48 59 94 16 35 56 22 85 66 58 5 58 85 19 33 45 45 25 83 82 33 99 73 42 38 34 41 8 72 70 32 41 5 3 60 32 19 37 18 92 44 93 49 27 100 42 87 33 94 67 38 25 75 63 94 92 43 3 73 5 99 96 83 45 81 9 36 50 14 15 47 78 83 67 40 1 55 20 95 95 54 7 65 33 24 64 65 48 15 58 92 64 57 25 51 
87 76 48 43 80 96 41 26 2 99 33 74 8 8 46 93 69 67 22 25 33 100 2 36 66 65 43 27 18 53 70 18 76 43 3 97 90 5 74 36 69 84 68 72 19 30 77 98 50 15 9 94 61 100 94 82 97 48 72 45 5 89 22 67 100 34 97 58 71 61 10 93 46 84 64 23 57 79 80 29 33 78 2 83 61 79 66 96 73 27 61 73 23 7 7 79 37 25 0 87 78 1 66 90 24 85 94 37 94 83 10 40 49 14 10 85 22 64 82 8 31 23 4 66 22 16 27 31 13 42 11 41 90 26 66 98 33 47 25 34 46 42 33 8 70 1 79 28 63 47 63 25 73 34 12 78 61 99 75 31 85 23 76 16 87 36 6 38 92 39 36 58 99 28 80 82 46 50 37 71 44 37 55 74 16 94 51 83 7 11 90 68 7 79 43 38 55 54 25 73 
34 100 53 34 53 12 12 61 38 82 28 39 67 62 51 0 64 63 18 21 92 17 58 43 82 77 66 54 81 28 6 36 4 48 56 54 37 49 10 31 77 81 5 98 7 48 66 46 17 15 33 65 61 34 36 48 7 51 28 61 83 31 82 63 86 84 82 42 87 47 46 24 27 36 6 25 72 28 40 59 87 86 79 67 100 57 75 72 52 40 39 8 93 6 25 94 13 34 26 74 48 22 96 33 19 27 65 35 92 21 55 28 50 70 60 7 46 30 91 4 41 3 14 54 52 55 61 21 34 57 80 51 88 81 13 87 33 51 42 91 30 19 38 27 15 81 76 97 13 88 67 56 70 92 43 98 100 62 62 22 26 6 53 31 56 55 12 56 100 88 74 24 55 98 90 0 78 100 16 80 24 13 63 38 51 88 51 90 15 30 75 47 55 43 11 72 1 100 89 79 
74 77 4 91 84 80 50 45 54 88 42 82 40 100 86 60 88 1 61 39 44 78 27 98 94 22 31 67 48 13 93 17 21 57 97 99 63 98 27 49 86 15 55 17 91 45 14 55 89 59 35 76 58 83 68 69 62 41 11 42 39 57 73 84 97 67 95 50 100 47 12 46 85 3 65 2 97 43 82 16 20 95 66 15 46 49 61 49 18 13 8 38 100 78 91 70 19 55 14 22 59 62 86 50 0 98 45 79 28 2 99 73 66 24 64 49 47 21 40 5 95 71 28 44 44 19 95 76 59 0 43 32 89 83 13 92 41 43 40 78 70 62 13 43 62 72 9 31 78 35 57 13 99 91 93 62 40 48 63 97 61 58 91 90 10 81 34 84 89 73 5 32 25 11 68 50 36 85 33 14 26 21 79 32 44 23 51 15 37 38 21 40 6 77 62 65 6 44 9 59 
3 92 17 50 24 12 13 37 98 13 39 25 52 52 42 35 16 63 30 41 93 33 50 44 31 93 20 3 83 91 48 76 7 93 17 95 12 55 19 92 74 33 41 29 84 26 40 0 14 55 7 33 13 79 93 53 81 30 15 13 32 92 70 57 14 18 68 4 48 18 19 75 76 44 84 90 17 42 71 45 78 97 91 72 88 65 33 89 26 9 13 77 94 11 12 33 38 33 39 58 54 13 11 88 47 44 91 93 64 83 38 61 98 29 95 6 25 48 59 16 64 16 79 50 6 99 6 69 77 71 91 26 4 39 49 37 80 69 29 11 69 14 69 79 21 1 36 21 40 4 35 40 66 25 96 25 79 65 50 6 30 55 49 96 44 66 89 66 53 32 56 2 13 88 73 97 39 18 99 75 10 53 83 53 5 95 81 31 88 42 97 76 93 4 45 10 25 99 10 72 
98 31 3 88 60 13 49 41 54 96 84 97 39 94 9 90 10 33 40 66 34 47 87 83 39 62 8 75 24 86 46 26 78 54 22 1 1 36 10 100 98 90 51 17 91 20 16 43 75 66 76 48 96 28 2 89 10 40 7 45 83 0 70 43 60 24 84 47 83 37 52 71 24 44 34 96 45 72 68 81 63 37 84 2 62 87 34 71 8 36 87 91 24 28 45 38 25 57 59 73 15 8 38 69 50 72 52 6 55 74 42 96 86 7 76 55 6 20 100 32 14 40 56 62 53 94 14 99 79 97 2 15 46 54 84 74 21 82 9 75 95 77 38 21 14 33 67 9 84 55 26 89 83 45 38 54 58 61 86 1 6 89 6 20 97 3 73 12 94 44 69 42 13 46 73 35 70 78 24 100 26 19 89 77 11 21 97 50 24 42 8 28 22 79 8 2 27 10 98 32 
59 38 55 56 52 38 39 10 47 4 84 77 47 96 23 35 89 26 78 63 14 14 48 8 30 25 57 15 13 66 60 26 83 75 17 78 31 39 6 36 1 16 33 100 64 8 63 85 8 32 30 42 49 6 57 19 8 43 77 53 3 92 93 33 77 11 19 25 43 92 41 75 21 74 36 38 54 77 21 29 17 23 75 16 46 49 93 68 93 83 74 75 41 92 53 85 9 67 71 78 48 17 22 60 84 82 60 93 91 64 74 90 69 8 24 65 54 87 60 97 56 87 2 88 96 0 25 1 42 73 24 36 84 57 3 79 8 100 90 44 40 76 21 8 41 19 59 43 7 25 9 21 83 84 22 13 33 76 89 74 23 54 89 92 39 65 46 38 67 77 96 16 78 36 58 40 9 99 88 99 65 3 43 84 81 10 82 91 72 18 66 78 64 80 68 44 87 5 26 87 
24 85 37 1 8 11 84 53 63 84 58 15 73 85 0 24 83 25 89 20 27 17 34 99 72 85 90 52 86 22 79 77 75 72 46 52 70 92 68 23 84 14 23 94 98 81 41 93 1 64 9 49 68 31 72 59 75 82 77 95 66 8 80 51 94 33 20 97 2 86 66 47 61 26 29 57 58 73 86 100 32 49 23 74 97 89 5 97 18 6 16 30 41 98 100 79 71 64 76 91 41 38 89 2 9 39 31 78 29 0 73 19 83 67 23 59 51 94 33 23 7 69 57 8 22 79 53 2 44 11 0 47 10 37 23 16 56 9 66 66 68 43 100 54 45 52 94 64 56 2 35 14 46 39 33 23 89 61 95 23 89 52 23 70 65 7 44 27 79 44 84 68 7 23 78 83 98 67 55 66 93 9 1 0 25 29 35 36 18 42 53 6 10 51 8 74 18 47 10 95 
1 47 25 59 66 93 71 61 60 7 83 8 39 71 46 95 59 65 72 77 40 63 40 3 4 10 35 68 57 28 60 90 83 6 94 34 35 69 79 43 57 12 82 62 47 62 25 27 73 30 97 54 83 44 76 58 14 24 48 2 4 3 95 7 56 24 75 16 62 5 87 17 57 27 94 69 30 58 84 96 65 48 65 54 60 45 45 92 91 82 78 91 43 11 77 11 94 92 78 39 85 43 71 6 53 86 21 61 98 61 61 91 91 26 25 19 35 29 42 48 88 72 66 92 85 63 26 40 92 51 85 97 79 60 65 41 27 45 83 69 37 21 39 12 70 52 97 91 90 39 83 19 57 33 5 15 73 19 75 21 78 61 4 11 90 67 27 80 42 67 1 71 97 59 40 0 11 85 2 39 45 1 88 30 13 70 95 17 4 81 45 78 89 15 19 19 1 80 19 85 
8 10 84 53 66 73 82 73 2 35 50 59 88 27 22 25 80 1 99 56 81 15 74 20 60 17 75 7 63 41 83 30 30 37 67 55 83 80 94 51 73 68 14 24 49 0 1 98 30 59 40 99 80 3 15 53 58 36 69 30 40 45 23 31 30 26 40 20 28 75 6 57 27 19 44 24 41 43 77 12 11 53 86 53 70 7 66 95 42 69 94 52 1 88 45 29 50 71 40 29 23 39 100 82 46 97 37 15 7 94 3 72 77 13 36 96 83 14 60 78 37 65 72 39 77 57 49 58 71 48 89 9 83 74 58 50 3 62 22 32 36 42 59 70 80 52 40 49 92 18 0 71 94 44 62 26 37 39 86 3 48 57 25 80 55 30 97 15 17 23 72 45 48 58 49 94 44 63 77 43 2 69 79 36 34 75 47 44 6 56 19 86 46 55 27 68 89 8 32 41 
3 4 54 91 46 39 51 57 6 36 15 49 97 9 92 36 75 45 48 16 90 34 84 95 77 59 51 99 26 89 21 7 66 50 59 12 46 9 1 89 77 70 15 68 44 100 70 69 33 56 84 91 19 73 45 3 78 30 55 6 1 27 28 70 85 8 51 48 62 33 27 60 28 3 55 69 88 43 29 91 94 21 10 5 89 44 11 16 27 6 76 61 8 10 60 79 34 46 52 32 87 12 70 13 15 56 2 18 51 65 84 62 86 63 15 51 48 58 15 18 92 51 9 73 67 92 61 88 9 27 61 66 51 6 61 44 78 15 82 50 83 44 43 96 40 84 67 96 66 4 16 4 28 96 28 43 59 62 60 39 25 53 40 91 77 11 31 62 8 81 51 98 9 63 65 15 95 21 75 9 33 64 23 11 92 21 74 55 29 52 70 32 94 25 52 96 90 21 79 55 
19 54 24 79 73 67 31 66 68 91 85 98 50 55 87 16 12 21 53 12 93 13 28 33 70 100 5 69 40 9 80 1 55 7 15 73 37 47 94 45 24 22 77 64 11 52 61 64 100 38 99 2 82 86 99 46 37 30 20 42 87 0 44 25 72 13 52 1 49 99 8 50 86 95 87 5 28 52 41 94 41 72 100 30 81 49 65 9 27 50 7 44 15 17 71 95 42 60 38 94 42 33 84 33 28 11 81 45 61 54 8 25 20 39 50 47 11 21 27 24 50 90 32 68 48 85 5 23 96 44 30 24 81 93 56 37 56 89 37 95 51 70 23 0 11 56 60 20 8 49 14 95 62 66 8 97 18 97 52 24 32 47 7 88 80 35 29 71 91 31 56 98 58 31 19 51 71 63 45 17 2 64 65 81 49 62 64 56 50 93 85 9 99 31 81 22 22 19 42 46 
56 19 23 89 70 84 65 26 92 53 71 59 23 44 28 80 91 42 41 57 77 95 59 0 6 39 89 87 81 70 92 94 36 58 52 17 6 85 79 92 55 64 92 100 41 84 11 47 84 82 16 58 47 59 65 56 57 41 77 51 75 5 33 82 62 70 99 91 23 13 49 42 4 43 27 42 46 48 67 45 28 48 62 47 17 10 13 99 85 97 77 54 17 14 39 50 27 26 0 98 67 50 39 74 52 4 19 7 52 37 48 57 73 28 20 1 81 41 7 37 13 66 43 69 95 81 34 68 86 71 43 89 3 63 73 74 36 33 56 94 55 85 48 68 17 6 63 52 11 83 13 53 73 27 77 34 20 29 59 25 100 81 12 32 30 19 86 76 54 97 7 3 1 69 52 19 52 56 64 14 16 63 19 92 36 29 85 70 66 40 41 57 84 61 80 1 18 38 93 50 
74 58 41 7 64 90 45 96 25 1 37 12 28 72 33 37 89 30 44 0 27 87 36 99 32 39 66 24 72 20 77 94 34 61 32 51 29 90 60 19 27 90 58 6 90 90 27 76 72 38 66 63 6 15 24 35 69 4 34 5 96 32 87 86 75 3 52 91 31 5 13 39 11 100 43 97 34 8 0 86 11 15 8 56 66 10 28 67 15 33 67 21 41 52 33 83 8 14 73 62 26 62 36 19 26 68 29 70 41 6 75 7 79 8 6 22 96 50 65 45 21 57 84 63 75 11 16 95 93 4 82 58 73 68 79 63 13 22 83 1 8 83 67 24 29 31 34 53 83 69 80 55 98 15 72 31 48 16 72 28 90 1 86 29 58 61 98 21 2 41 57 27 75 8 22 86 81 8 18 14 48 52 74 86 10 47 73 3 56 94 55 30 99 37 54 74 77 8 44 32 
34 58 98 86 17 30 37 2 6 29 34 12 93 81 44 67 91 98 14 55 88 41 90 28 85 8 62 96 12 55 37 64 32 18 10 89 56 37 100 78 17 3 11 59 86 86 63 88 23 85 66 10 95 24 13 55 15 7 92 39 49 74 34 69 32 90 100 10 4 26 26 63 0 93 8 60 3 27 32 80 6 60 67 50 46 17 22 37 64 16 6 33 35 85 48 8 28 100 64 40 16 14 89 42 72 0 14 82 74 54 48 74 73 48 20 19 31 12 41 83 45 92 63 56 9 14 93 25 43 35 65 79 51 41 80 51 66 24 72 68 56 20 84 95 76 51 36 57 52 20 74 54 27 39 57 62 89 4 0 44 76 77 39 8 44 54 99 97 44 34 93 94 73 53 59 82 41 24 16 28 67 24 40 23 65 17 53 23 41 6 72 8 87 79 12 76 20 10 57 27 
1 38 64 18 20 18 32 60 86 98 71 57 45 4 88 18 61 0 100 82 62 87 90 72 34 39 78 39 37 9 72 61 47 76 59 41 54 42 59 3 96 80 30 0 52 56 59 37 89 74 20 5 10 0 92 95 83 66 50 8 80 86 74 14 100 83 2 88 85 15 19 21 53 0 76 64 96 61 13 63 31 27 34 77 88 76 37 93 20 93 11 80 60 23 3 33 3 66 11 97 22 67 60 29 1 2 0 75 82 63 2 27 30 86 56 95 30 42 42 44 78 23 76 74 33 64 17 12 79 89 96 88 86 69 28 58 17 21 88 85 32 52 62 87 50 82 78 58 99 20 22 27 69 36 72 5 91 31 61 14 74 0 51 77 10 17 4 65 25 46 37 93 85 86 14 30 75 7 67 22 70 100 41 88 58 25 47 21 7 60 78 28 45 44 76 28 32 57 15 95 
37 23 70 17 33 59 74 95 71 33 93 66 0 84 0 42 56 31 70 49 49 32 12 70 94 65 77 61 66 93 38 72 2 62 75 32 16 58 3 29 49 12 34 61 75 7 50 1 59 71 54 88 32 30 4 31 4 95 20 46 37 45 16 89 62 28 18 84 8 54 77 34 41 99 70 67 30 68 20 67 28 67 79 96 42 59 84 37 56 7 48 72 23 77 59 23 1 13 89 64 40 57 28 10 95 49 33 89 36 85 55 84 50 83 57 65 86 64 59 75 40 86 54 53 23 48 56 81 22 59 83 27 78 28 78 71 2 81 47 60 63 45 56 69 43 10 19 6 50 54 89 94 56 82 77 31 67 60 86 54 33 53 2 53 59 19 66 99 38 62 78 54 40 90 1 0 29 48 34 46 16 63 30 22 18 22 23 46 89 87 90 5 97 95 83 40 4 7 64 91 
90 3 68 95 57 74 34 23 99 81 86 73 3 38 52 10 63 76 99 47 45 64 54 83 5 90 26 12 14 2 53 49 70 31 28 34 98 72 20 91 32 55 71 83 56 46 15 11 94 86 56 32 11 33 47 47 95 6 10 69 6 37 45 65 27 44 14 83 9 67 87 12 7 71 42 91 78 89 50 36 31 34 66 26 37 29 4 16 88 88 74 41 88 4 79 3 25 37 29 42 25 36 26 40 26 69 49 34 51 41 46 91 26 73 91 85 27 83 69 63 83 32 40 60 56 64 24 44 74 100 6 38 61 24 33 39 64 47 63 82 26 33 82 22 88 80 7 8 65 30 7 57 6 51 83 62 19 62 100 22 71 82 1 82 22 100 85 32 72 24 30 57 0 56 84 81 81 67 44 66 25 100 55 87 11 29 20 96 79 93 20 62 94 50 55 85 99 60 79 65 
71 56 17 77 27 35 48 82 73 64 34 42 41 47 55 37 68 78 21 4 2 38 29 3 79 25 77 2 82 89 87 58 6 23 90 35 7 82 38 4 8 1 14 40 86 76 3 26 33 73 55 83 44 48 11 58 89 6 24 11 24 53 23 54 0 17 71 74 47 33 53 97 17 71 59 22 17 21 51 31 28 79 47 72 3 18 67 10 51 91 16 4 81 55 51 59 53 45 49 47 66 5 35 3 18 71 53 63 6 86 19 37 100 63 42 79 67 96 4 6 89 83 86 16 46 15 61 15 32 74 11 86 32 93 7 20 90 71 66 50 22 30 95 75 42 24 93 66 43 51 20 24 52 96 12 69 38 71 10 5 27 58 44 91 63 87 82 58 99 90 66 7 80 71 93 75 80 19 89 71 63 94 94 12 40 92 25 52 82 36 96 43 40 10 31 71 66 41 50 16 
4 51 77 98 57 89 64 63 53 43 42 13 82 74 6 48 14 46 16 6 31 79 10 57 14 5 17 58 31 16 21 97 33 7 42 19 92 28 52 22 14 39 25 94 3 47 77 0 70 71 16 46 75 19 36 49 58 52 50 63 56 30 21 93 53 42 74 9 0 11 8 33 80 55 26 52 22 62 69 84 32 31 98 42 66 28 97 7 36 61 14 30 56 87 74 69 11 98 23 72 57 0 21 69 2 99 47 55 8 53 69 91 31 27 83 98 92 82 23 45 52 25 64 34 97 1 65 59 86 96 78 5 59 54 91 49 42 99 3 30 65 49 79 67 37 89 32 95 85 52 96 30 91 23 12 81 26 68 16 36 98 12 69 42 14 26 70 20 42 42 3 59 8 7 12 72 2 88 89 40 71 82 81 39 48 61 42 70 56 6 97 19 20 21 82 49 27 74 42 85 
73 77 96 36 37 55 40 50 1 21 85 20 99 30 46 46 56 63 31 76 49 72 11 5 77 53 63 80 35 39 73 45 47 55 29 53 28 93 52 97 31 84 27 50 69 38 64 49 58 98 42 25 10 12 41 82 92 31 13 31 78 42 97 55 54 85 70 58 33 45 75 57 55 63 73 62 29 63 93 92 6 19 4 45 66 59 93 36 58 13 87 39 89 50 4 97 47 49 50 35 83 85 48 78 86 89 33 49 84 53 20 26 67 60 1 41 12 17 30 65 35 60 54 18 86 21 55 55 18 44 76 33 42 21 9 25 2 31 97 16 39 28 100 48 3 9 99 54 89 19 25 34 53 1 35 17 4 61 78 84 93 22 16 83 54 98 4 18 15 97 6 0 99 1 34 67 86 90 6 36 80 16 54 99 71 89 79 71 63 30 9 92 28 88 4 66 44 99 40 28 
31 8 75 65 40 79 40 68 38 4 12 88 26 27 42 69 32 45 35 2 23 99 95 2 72 99 9 21 73 72 60 29 25 3 50 36 43 94 46 48 60 48 79 48 98 40 45 76 32 10 89 31 71 47 90 80 17 41 39 87 23 38 68 4 7 81 6 89 88 71 68 58 34 24 38 99 94 58 32 84 12 30 12 57 19 40 15 71 88 100 43 62 70 65 79 60 29 30 34 22 14 9 97 6 67 36 68 66 31 61 46 87 100 93 53 21 96 93 66 89 59 98 5 31 34 35 51 63 50 85 5 32 40 39 63 27 34 21 6 83 21 82 39 9 81 54 25 100 81 37 46 24 19 17 83 89 45 82 90 25 34 93 20 26 41 42 40 41 6 100 75 38 89 0 31 29 94 65 87 94 5 16 92 82 96 13 74 7 67 73 15 66 41 11 51 35 48 70 1 20 
6 30 52 5 8 36 18 26 81 93 9 50 3 82 73 96 54 14 66 29 29 70 84 31 89 21 62 63 13 61 45 97 33 41 16 47 88 33 81 67 81 16 3 72 12 42 47 54 68 3 89 95 100 4 84 19 53 18 24 82 58 9 96 90 94 55 58 7 26 93 29 95 10 85 74 33 88 74 32 70 10 64 21 29 49 76 66 52 98 43 46 26 29 53 22 29 71 38 33 30 44 19 42 73 46 8 20 29 87 83 1 52 4 91 90 13 25 96 99 58 58 94 35 80 52 65 80 34 53 35 76 12 70 93 35 16 46 56 4 60 35 52 86 82 85 5 21 56 2 40 56 88 60 34 18 16 46 92 51 22 10 92 62 97 98 4 65 52 82 34 4 93 71 10 5 12 26 98 61 35 76 47 100 38 82 28 29 58 97 7 46 68 7 70 71 7 45 16 30 91 
46 6 42 47 25 36 34 77 34 22 18 69 97 64 69 60 22 92 52 100 23 8 40 14 24 95 44 37 57 66 80 37 7 33 68 2 44 46 68 80 6 22 90 22 52 66 38 35 91 87 28 38 96 49 31 8 28 83 66 32 83 61 26 51 97 53 36 73 6 28 61 51 75 80 76 98 39 7 12 20 81 74 3 78 68 64 12 99 17 13 75 16 45 30 27 97 27 62 4 14 71 27 35 86 86 70 31 81 57 61 46 21 28 45 67 99 37 58 82 90 53 7 81 1 34 42 59 24 76 95 7 57 59 100 27 32 52 44 86 29 36 28 24 75 91 83 43 7 34 92 59 14 6 66 46 39 62 66 45 71 42 46 44 41 62 4 11 86 4 49 20 45 86 75 34 66 6 86 51 11 82 26 53 26 49 2 73 24 52 96 89 97 65 24 33 15 89 91 2 13 
100 64 67 16 89 52 33 86 95 98 33 76 54 92 4 48 62 27 28 75 40 20 74 15 62 8 5 98 39 33 44 30 90 96 58 35 51 12 27 1 54 10 7 39 16 48 76 33 34 49 44 32 80 45 48 79 51 49 39 51 98 17 18 54 92 96 47 27 46 28 72 56 27 67 13 83 65 20 8 94 68 30 60 18 56 1 45 54 11 30 23 80 48 40 77 85 19 66 37 60 3 34 17 63 98 54 47 64 57 54 21 76 11 70 19 98 84 5 31 62 65 44 55 14 53 89 48 54 19 83 50 15 87 3 61 12 18 45 81 41 78 27 58 48 54 47 24 23 39 92 9 10 12 18 20 32 94 1 55 77 1 91 83 84 10 13 65 15 91 1 22 68 97 52 5 55 28 1 7 95 40 86 42 57 78 59 67 10 10 5 100 41 78 82 86 63 79 31 38 66 
53 50 12 70 74 66 48 92 40 58 60 48 72 74 50 39 78 85 55 36 77 99 87 32 67 13 52 99 28 97 92 35 83 2 80 99 64 13 77 63 54 36 0 29 90 89 48 92 93 98 48 41 90 4 91 19 49 82 90 77 77 59 71 30 96 84 3 30 6 34 65 27 7 26 32 16 63 35 78 21 61 29 100 87 46 76 31 85 42 79 19 29 49 17 90 12 26 64 84 60 85 26 36 67 14 20 6 65 26 36 38 53 90 90 92 63 1 90 94 21 24 90 43 55 4 39 42 79 64 99 85 3 91 20 74 13 88 7 42 78 76 73 44 14 43 57 32 18 26 27 100 99 80 68 42 60 60 7 51 93 95 95 98 82 74 11 69 0 55 34 75 91 17 60 11 46 79 95 17 94 27 21 69 43 14 33 61 24 23 82 39 70 99 72 3 45 38 33 28 21 
3 12 76 54 47 87 40 99 15 40 9 99 56 82 82 73 82 28 78 35 99 28 53 75 65 50 30 10 69 96 37 97 90 26 63 78 83 1 36 50 22 98 88 51 24 91 33 14 28 5 40 74 17 5 9 53 7 44 0 49 6 84 50 25 57 24 23 0 75 10 7 86 36 37 39 22 21 39 79 73 55 62 48 10 24 50 87 84 21 25 81 9 25 17 30 89 4 62 43 80 83 100 4 33 100 56 46 73 98 99 61 60 21 38 56 47 74 43 24 3 82 50 75 60 57 32 9 90 27 35 72 69 31 35 55 9 71 96 85 82 92 73 67 26 67 50 77 47 54 13 95 55 67 77 74 49 19 20 4 23 28 62 37 69 44 51 86 56 50 15 74 66 22 82 51 71 18 26 100 24 10 2 45 69 87 30 43 36 68 88 89 20 27 22 50 63 65 36 74 63 
31 30 10 80 62 94 95 55 79 18 44 37 41 50 55 5 43 63 10 56 56 82 41 8 38 36 78 65 38 60 26 33 4 52 22 30 37 67 41 69 74 52 92 10 23 97 71 16 36 74 36 32 10 81 54 98 33 47 87 30 20 94 24 5 29 18 62 56 21 56 95 63 42 29 0 39 19 18 8 93 97 50 23 2 89 53 58 52 98 57 22 19 33 60 85 24 26 81 93 2 33 94 70 48 41 96 70 57 14 60 78 65 4 5 19 74 37 76 44 34 46 13 81 76 62 72 41 32 21 21 86 51 34 73 74 24 56 4 53 62 32 89 10 42 5 77 17 15 96 6 4 79 19 3 21 89 21 84 94 50 100 78 86 11 32 82 61 60 48 90 59 87 28 16 72 98 38 96 42 72 57 81 26 17 26 21 53 52 38 24 40 86 5 64 37 5 68 76 17 93 
56 63 31 13 64 39 17 36 67 54 82 86 79 54 39 25 66 90 27 42 3 37 33 65 23 33 55 19 14 13 84 21 57 54 12 52 15 26 90 31 85 72 87 93 81 27 38 35 35 19 63 69 68 63 81 80 1 8 42 89 37 87 7 7 25 14 21 41 15 9 61 32 16 100 76 49 58 79 4 71 11 87 9 59 83 69 68 22 91 48 60 42 41 12 72 40 65 38 81 19 98 32 15 40 100 47 78 47 76 7 89 59 19 75 10 99 2 32 0 24 2 44 51 28 97 69 99 88 7 8 58 50 53 65 2 43 13 43 66 30 0 69 100 6 7 61 61 100 26 91 5 94 35 45 38 68 11 14 16 44 25 18 48 44 58 97 4 95 21 19 15 60 6 14 13 26 53 82 60 38 49 0 49 79 33 57 44 78 56 80 4 12 76 95 80 61 36 14 83 3 
20 2 99 86 63 9 64 56 90 20 88 17 77 40 92 90 85 0 29 82 44 69 27 91 25 15 26 19 96 1 76 5 45 54 81 97 47 20 40 7 53 58 67 9 14 31 34 100 89 77 96 23 0 30 57 63 59 34 93 58 77 89 56 40 49 63 87 35 80 1 15 86 34 50 72 99 66 16 96 84 6 64 67 55 87 80 38 6 44 13 71 98 46 94 94 56 53 3 12 72 3 89 34 88 85 99 86 88 65 76 42 45 62 4 98 12 88 35 62 74 49 84 0 65 11 28 12 87 7 21 26 36 31 14 63 86 13 86 71 13 97 99 83 49 62 72 34 35 99 94 100 0 98 17 73 6 65 3 47 92 43 92 29 2 94 89 52 24 72 39 15 99 12 92 91 85 97 77 12 78 11 55 37 68 74 4 78 40 49 64 14 65 84 6 78 29 31 27 72 4 
24 23 10 28 29 45 51 6 89 10 3 33 36 73 60 18 73 39 19 92 77 92 40 93 2 86 69 4 55 93 93 81 63 66 29 18 15 62 22 18 29 83 27 49 94 17 79 87 84 44 100 94 93 98 89 0 57 77 74 61 55 47 27 73 56 20 100 65 0 29 95 21 56 38 57 69 24 83 2 50 9 76 27 72 29 38 35 75 20 26 67 88 16 86 63 29 88 61 3 54 58 83 31 88 92 93 84 91 100 71 5 6 25 81 50 81 99 27 63 66 94 78 5 88 82 53 42 84 35 69 42 3 36 42 60 14 82 16 47 28 73 21 78 71 52 73 94 100 52 32 11 34 44 55 49 80 90 52 51 38 1 2 37 89 94 40 78 11 9 66 9 36 99 85 53 99 88 94 78 33 59 26 98 66 71 69 15 56 33 39 28 51 13 60 50 54 64 15 8 54 
7 39 84 51 46 89 99 46 54 38 23 32 35 84 32 17 18 14 64 6 5 26 16 56 52 79 50 35 6 22 15 34 98 27 79 18 59 3 40 8 4 3 83 34 48 49 87 0 29 40 99 81 24 47 85 93 83 40 43 42 43 42 81 77 90 20 72 45 75 48 7 55 87 64 11 43 76 56 11 69 92 28 97 10 44 95 10 17 96 59 1 22 13 72 6 89 0 23 68 53 68 85 27 90 95 77 11 38 97 11 26 56 74 52 23 22 93 11 72 78 77 75 36 46 97 97 9 97 50 98 29 96 67 74 24 82 91 74 16 21 70 41 70 57 39 9 42 26 84 93 24 56 99 12 93 73 34 92 87 28 15 46 94 67 55 71 40 42 93 7 98 67 29 13 16 54 46 29 50 25 37 20 25 95 77 93 0 71 88 76 79 90 45 82 14 63 85 61 73 99 
20 48 23 9 65 33 28 39 76 90 96 95 37 37 51 1 45 34 20 44 64 5 80 76 99 65 14 81 81 14 4 95 42 91 62 39 79 41 50 4 100 37 18 33 75 57 9 94 46 63 71 9 25 84 2 98 85 51 10 75 11 60 41 19 0 97 77 26 44 12 94 84 2 24 72 83 75 15 7 30 2 38 75 90 37 55 85 34 94 8 26 44 5 36 82 62 97 78 11 95 100 40 59 49 94 28 98 6 81 14 70 2 32 86 5 55 20 94 22 73 63 73 37 5 82 46 28 2 54 9 93 2 1 75 69 80 6 52 96 1 91 47 17 85 47 84 85 65 32 23 18 30 40 23 46 75 13 92 14 72 17 1 17 58 69 68 100 51 0 1 59 46 38 87 47 18 35 60 11 0 42 89 29 15 85 40 27 10 36 91 93 29 60 22 83 53 87 18 36 30 
100 8 8 53 59 35 47 81 52 47 81 65 87 70 34 49 56 73 10 72 45 73 32 6 20 71 24 38 11 16 12 3 87 51 57 71 71 88 91 85 50 28 81 4 54 6 87 12 59 35 61 99 4 93 90 26 67 89 72 8 34 65 61 29 64 43 26 21 98 46 75 24 53 92 8 99 84 100 74 40 89 38 88 16 14 10 85 8 47 90 50 90 60 62 35 47 99 64 31 10 56 28 65 24 63 24 50 28 1 28 74 94 21 54 12 9 79 32 75 63 16 75 100 8 22 48 73 18 57 86 10 10 77 29 67 43 45 57 3 15 97 31 17 83 33 49 61 94 50 3 33 32 94 75 7 24 32 60 54 56 68 24 30 60 30 34 66 62 75 12 22 94 9 12 8 98 6 86 99 28 52 60 74 89 74 55 68 86 64 57 36 20 70 30 40 30 0 75 94 17 
8 72 50 42 76 81 99 70 24 64 74 34 25 34 81 70 22 52 15 56 100 8 69 51 74 61 65 51 90 37 13 91 8 61 68 18 78 98 83 93 40 5 43 41 11 38 14 94 23 22 85 92 78 6 79 2 22 29 91 66 33 4 57 92 11 56 100 54 98 72 57 71 29 6 19 22 70 55 74 37 94 57 45 59 92 65 60 4 27 11 14 59 98 87 10 84 4 42 98 29 12 22 82 100 53 33 72 2 45 52 81 26 23 94 34 12 54 12 89 98 67 73 66 63 12 47 14 33 58 23 37 57 69 97 82 41 12 15 32 79 61 31 45 39 96 58 100 48 45 100 50 7 9 69 46 8 59 40 90 2 65 38 12 95 36 29 90 38 10 55 63 92 32 14 46 55 72 41 66 95 9 50 57 100 61 17 66 4 70 3 51 20 0 76 71 73 89 38 76 41 
25 55 92 100 79 37 13 18 67 67 82 67 44 0 34 70 90 24 70 44 84 49 18 96 6 45 12 79 10 99 9 58 97 54 18 59 90 29 15 98 65 50 19 45 25 15 49 23 58 18 80 61 54 100 8 4 64 12 83 31 92 56 19 5 38 28 45 67 57 14 4 57 0 71 53 24 99 30 26 47 10 37 8 1 26 45 58 48 38 24 69 52 24 55 91 3 70 81 57 92 71 84 89 70 24 7 7 24 93 95 11 14 25 38 2 89 53 44 38 12 22 7 93 56 13 7 92 84 0 39 24 8 51 47 39 51 5 41 0 100 4 6 68 51 69 50 7 57 67 9 83 25 18 43 35 79 0 80 85 35 51 36 83 81 36 74 42 70 83 55 90 93 28 97 11 16 20 80 67 46 46 24 51 15 35 6 58 26 30 4 82 78 73 41 67 13 84 34 61 65 
24 51 38 14 57 1 88 14 56 90 79 13 88 84 25 97 49 65 19 23 15 4 46 21 32 46 96 60 87 52 64 15 4 48 22 23 0 16 50 57 24 81 1 73 9 29 48 76 4 39 27 9 68 87 67 72 0 2 83 39 60 80 82 13 45 24 42 87 19 73 0 48 52 83 38 72 41 42 73 62 99 21 83 17 15 5 38 8 72 10 23 89 35 2 49 3 62 42 61 1 61 89 49 1 92 31 39 87 90 54 74 20 41 55 36 97 87 74 11 6 38 93 68 89 71 33 24 56 96 56 78 40 74 47 47 27 76 25 74 59 75 43 100 67 90 58 0 86 1 35 59 22 35 50 62 10 33 61 27 57 74 63 4 84 35 89 73 29 99 55 72 8 20 75 21 78 23 10 36 37 82 42 62 33 81 7 53 5 70 79 61 7 54 35 98 79 15 79 62 8 
93 9 30 7 93 52 30 48 48 28 21 89 9 81 73 98 14 40 33 31 47 20 69 68 45 77 40 69 45 61 40 73 19 7 33 42 6 19 47 88 87 58 3 26 14 45 70 12 31 88 27 48 18 42 85 78 49 30 14 73 9 58 33 12 6 60 63 16 54 73 68 55 87 22 77 70 100 41 44 94 100 11 14 32 3 82 9 45 94 67 65 24 29 87 30 37 80 56 19 96 46 38 68 48 71 40 100 95 15 39 41 92 65 2 21 20 79 90 1 90 91 56 7 21 92 3 68 35 49 48 21 98 19 72 16 59 61 5 21 38 40 84 5 69 85 56 100 44 73 53 77 10 18 74 87 79 47 98 52 99 13 14 95 84 9 59 93 65 68 1 69 46 42 3 17 97 57 83 51 44 58 88 23 7 74 53 1 45 34 12 64 61 86 64 17 9 0 47 44 26 
70 13 97 84 84 25 98 44 70 53 100 51 17 47 34 96 54 71 40 82 91 10 90 51 33 70 82 82 92 79 83 73 78 4 18 25 3 11 61 5 65 9 55 34 81 15 33 94 92 47 73 13 15 99 49 7 3 95 46 44 7 47 48 31 35 50 95 88 66 66 72 44 97 39 33 48 92 65 5 51 50 53 16 76 95 87 24 36 26 88 33 75 6 64 22 35 92 63 17 71 40 78 85 41 70 38 31 87 43 67 75 76 38 41 87 50 100 85 38 50 67 72 68 45 9 23 40 8 83 44 78 89 97 6 83 81 31 80 4 57 33 87 72 99 13 86 32 26 96 42 77 27 69 2 49 19 38 97 19 57 29 33 95 45 21 13 92 32 49 62 62 99 51 3 95 65 83 63 60 81 61 38 87 5 7 36 35 56 51 8 18 83 79 3 72 15 41 42 36 44 
26 37 67 14 53 46 86 95 88 76 68 49 23 88 83 42 88 54 69 29 42 56 15 76 10 71 16 100 67 60 0 29 85 84 15 4 73 83 73 20 27 33 68 25 75 67 4 44 30 15 34 69 59 47 26 52 49 14 11 11 11 45 1 93 36 61 2 88 90 86 18 63 15 61 42 13 5 35 14 86 27 91 49 12 31 78 18 73 34 29 80 39 32 97 14 57 68 24 42 60 36 31 41 59 56 32 55 24 11 48 17 14 2 83 4 77 20 38 0 87 36 63 88 79 85 46 94 56 3 86 96 42 83 5 97 69 10 21 68 8 91 68 94 82 45 67 77 60 55 28 3 89 50 98 57 91 0 61 34 83 6 28 86 38 32 67 98 60 16 34 63 14 71 53 26 43 30 14 53 4 97 80 33 98 92 33 87 65 36 97 37 63 69 92 10 70 66 43 68 99 
52 29 26 30 59 92 26 43 31 47 99 8 66 51 26 30 60 89 58 90 90 46 29 65 100 84 75 90 93 70 13 8 56 43 56 37 97 4 46 26 88 63 67 7 29 9 55 17 83 27 92 51 54 27 20 98 3 27 14 70 33 28 15 81 34 52 24 77 64 9 31 10 76 41 18 69 34 78 21 39 51 82 51 11 9 59 54 0 67 21 39 87 73 88 58 99 91 64 1 39 29 5 57 41 50 48 36 100 84 14 37 17 96 28 41 1 8 46 25 19 76 73 2 88 18 100 60 77 51 25 44 68 44 92 10 76 98 93 94 17 28 51 83 100 22 80 7 75 77 44 11 96 15 80 24 51 24 27 10 34 71 7 74 42 84 79 82 93 28 64 4 100 36 71 4 52 13 51 42 10 70 31 57 91 93 19 24 75 60 20 58 94 21 94 32 39 41 8 86 40 
100 18 36 34 31 7 12 63 93 64 90 80 39 47 43 6 29 56 61 59 100 87 31 92 7 88 36 85 76 50 17 15 90 63 18 80 48 79 6 94 26 37 41 18 82 46 94 17 1 16 86 3 88 32 95 40 23 94 34 45 100 96 18 34 74 71 80 66 29 6 65 50 59 9 15 94 4 33 3 0 55 24 2 8 85 96 70 12 86 7 27 29 85 48 36 78 90 19 81 50 69 41 95 11 15 14 75 27 92 71 11 43 63 62 39 90 53 36 74 89 100 19 57 45 15 87 0 99 72 40 24 56 74 0 36 85 90 19 75 69 72 21 35 53 22 13 70 66 37 29 11 39 93 66 47 98 60 31 74 34 47 64 64 93 85 1 22 92 64 89 9 55 92 30 67 100 81 27 38 48 76 3 8 6 34 4 94 2 38 1 76 34 23 32 100 90 85 33 22 32 
33 83 1 13 76 84 45 40 6 56 23 75 52 16 68 23 0 26 7 39 18 56 85 17 58 73 49 3 42 0 92 86 60 74 56 92 84 21 41 90 58 23 42 94 3 52 99 4 1 17 62 49 18 70 80 83 6 51 11 52 7 26 98 17 85 100 74 11 43 95 30 27 14 32 22 89 35 34 11 69 68 16 90 30 67 83 27 33 13 50 43 4 42 64 54 42 7 45 91 51 90 25 84 54 66 51 17 61 57 50 28 30 6 8 8 83 23 18 80 63 100 40 92 0 63 30 32 91 26 66 21 24 68 38 20 49 59 4 5 67 97 41 37 57 86 32 58 74 15 72 5 64 70 34 10 49 81 86 48 36 42 30 4 50 31 64 24 59 89 2 88 78 51 0 10 12 24 31 36 48 10 77 35 32 25 14 74 75 91 79 17 46 12 95 6 25 73 29 53 93 
37 96 43 59 58 98 92 99 61 54 70 41 86 85 85 22 89 87 67 71 43 13 99 14 51 90 58 21 51 37 36 76 13 41 95 91 100 21 1 94 72 96 62 22 21 55 43 98 80 18 64 69 44 81 98 51 2 72 83 97 98 3 0 73 57 76 29 70 70 86 11 24 42 93 22 87 89 62 69 47 35 52 96 86 11 60 89 88 45 44 80 38 50 28 27 70 33 97 0 95 41 57 23 94 92 63 86 78 62 83 60 87 52 60 66 65 12 5 7 54 83 78 39 72 19 12 2 82 23 80 96 58 93 67 100 33 37 69 77 57 77 69 90 94 26 51 1 90 83 18 14 96 88 5 74 50 2 0 66 10 82 51 82 54 58 36 70 18 92 61 24 35 94 3 78 50 68 44 15 65 83 61 79 24 26 43 31 60 27 66 17 49 58 56 53 1 13 75 20 83 
28 88 9 53 7 76 93 23 67 85 56 71 56 7 81 84 69 74 91 27 15 0 50 44 35 48 62 7 28 80 56 0 85 66 12 32 71 21 76 74 73 94 74 42 88 15 4 10 47 31 18 62 14 21 46 10 66 22 70 91 34 0 39 84 63 45 62 18 14 9 65 66 12 4 2 41 85 79 6 91 0 7 48 52 49 7 55 39 25 76 99 16 25 27 9 93 79 1 40 29 10 44 69 17 26 49 86 57 30 97 83 51 20 68 16 76 31 71 1 71 66 94 46 31 34 6 100 80 19 64 74 88 88 35 64 4 97 55 8 0 2 5 45 100 10 6 70 78 46 55 57 53 92 33 28 22 89 4 12 21 66 32 36 36 42 100 62 50 20 10 38 33 61 60 79 72 2 35 0 41 87 69 7 35 79 77 53 2 81 74 65 17 51 40 85 29 24 90 34 76 
24 16 45 26 53 28 17 81 58 51 65 54 81 72 66 75 54 61 62 16 50 96 11 51 60 5 32 99 47 78 44 39 97 91 47 28 51 84 38 58 22 54 62 99 48 38 33 61 73 82 23 81 74 66 47 32 95 97 4 74 87 33 45 54 47 54 54 8 81 36 66 82 100 73 17 92 11 58 86 100 86 39 20 15 53 12 4 39 74 28 77 39 87 12 100 70 66 53 29 67 27 1 51 0 67 26 12 23 92 21 36 70 96 23 43 18 73 59 51 54 8 13 48 57 58 58 85 64 39 37 64 54 12 19 32 64 57 35 70 68 88 78 17 57 80 80 61 87 2 54 88 64 12 88 80 69 14 77 2 37 59 75 91 48 12 80 24 42 60 60 100 93 22 34 29 74 42 68 60 56 70 4 38 11 65 33 38 66 14 48 89 72 70 59 68 42 60 20 62 7 
6 60 2 57 97 17 49 95 39 91 25 58 70 70 54 64 86 93 89 57 30 21 0 74 81 21 82 0 39 30 15 4 4 67 25 85 85 86 84 18 34 72 36 100 33 80 88 23 11 81 54 6 11 39 46 49 94 53 96 21 26 58 93 99 57 43 48 85 73 63 71 17 24 17 38 69 79 11 62 84 30 25 88 22 33 3 31 68 96 44 89 15 37 0 54 51 95 100 35 40 81 85 64 1 98 55 64 52 38 44 70 53 21 7 33 60 69 64 39 94 66 48 54 11 74 87 50 7 43 65 85 6 40 68 16 57 15 33 75 46 27 73 77 91 9 58 55 68 0 97 86 70 60 5 39 62 81 75 34 66 8 27 43 79 34 47 76 35 60 99 61 23 71 49 47 85 0 34 55 16 56 8 41 81 6 32 82 39 28 70 82 12 2 31 40 66 48 94 38 68 
64 97 4 61 86 11 95 96 72 96 7 95 34 28 24 61 77 46 4 22 4 24 22 27 38 89 29 38 73 77 70 91 28 75 85 66 8 13 7 40 53 93 14 70 14 99 97 1 61 64 10 89 59 56 42 22 67 64 50 59 24 4 76 38 32 22 63 41 27 2 92 3 10 99 35 66 53 56 15 13 1 38 89 35 95 56 3 94 2 34 81 41 42 15 45 98 59 86 83 35 47 44 49 37 91 50 65 23 69 75 14 43 93 88 42 72 18 14 63 30 39 40 6 44 82 18 25 54 34 85 59 7 85 32 3 13 93 1 65 12 64 54 97 21 29 48 6 69 80 66 62 68 96 1 4 65 82 83 38 24 5 60 15 67 89 19 62 54 54 24 35 82 52 49 16 25 43 37 74 39 50 17 47 55 98 55 21 47 88 60 44 13 26 64 36 58 40 67 26 85 
0 65 97 38 22 21 55 11 41 1 73 33 15 17 44 70 49 28 69 6 20 31 24 36 78 33 97 21 99 61 45 31 24 99 11 5 86 10 32 68 64 62 76 82 43 78 37 17 82 68 26 30 89 93 85 70 85 35 65 70 37 7 53 12 28 12 91 28 86 71 69 22 3 0 20 5 28 46 52 97 73 20 92 16 38 89 69 82 41 89 32 94 18 60 83 93 77 55 46 70 10 28 9 8 31 1 75 32 69 30 83 97 71 0 4 71 36 80 25 17 73 10 83 92 88 57 85 46 93 99 53 39 83 91 96 82 98 55 51 34 11 45 40 8 69 46 26 57 15 8 14 75 33 86 61 24 57 81 28 42 22 71 40 7 33 53 56 18 10 20 13 51 6 26 20 87 23 84 31 72 73 30 95 23 35 100 46 2 7 19 17 83 76 95 90 45 24 84 81 100 
56 37 55 34 84 22 29 25 30 20 70 51 64 33 93 70 44 80 33 56 18 8 39 53 39 68 83 76 91 66 6 72 13 76 56 65 84 15 98 41 57 79 62 82 52 63 61 32 89 2 44 69 39 94 86 99 86 95 81 17 74 65 10 9 34 70 36 90 79 70 12 1 91 88 63 67 72 55 38 7 65 36 79 34 8 7 67 19 98 8 81 47 83 22 23 96 50 58 100 55 92 91 14 71 16 55 51 26 64 78 22 40 81 8 51 55 80 39 24 75 15 44 7 98 65 23 89 44 85 41 85 82 24 4 81 94 94 66 93 15 34 17 89 31 27 20 22 79 42 91 50 43 57 87 7 45 50 24 99 98 83 83 32 25 80 31 63 61 2 76 49 79 46 29 77 40 40 94 100 85 30 97 9 42 23 97 52 57 93 21 60 22 76 88 3 25 37 29 14 50 
25 0 17 6 10 47 19 86 55 8 87 3 20 57 68 97 16 98 30 53 21 35 40 17 56 19 96 59 75 39 8 98 64 57 40 74 88 95 27 22 11 34 20 46 46 4 89 60 100 8 96 37 25 16 45 11 65 84 66 58 61 64 53 18 29 23 53 70 36 40 76 57 94 26 0 67 86 44 81 26 9 8 60 39 35 0 96 67 3 21 18 15 41 86 59 77 93 3 46 59 71 64 12 45 11 20 20 11 68 98 24 93 79 52 92 88 3 30 38 7 0 37 41 95 20 1 49 21 32 90 14 62 49 67 91 60 91 17 85 10 59 36 15 33 91 91 23 87 98 10 50 46 70 86 27 46 29 65 86 50 90 68 51 57 7 91 20 62 3 27 58 58 48 96 78 35 97 40 31 96 88 47 58 18 62 24 80 96 85 44 37 9 86 41 0 11 85 77 93 70 
90 95 14 26 64 87 87 45 24 62 45 41 41 62 95 52 1 94 75 74 1 54 91 29 95 82 88 97 17 48 49 50 76 45 82 46 52 1 7 96 54 37 92 99 40 90 56 18 11 76 40 51 47 80 14 78 83 82 57 66 38 61 95 58 30 12 71 42 44 98 98 2 100 20 57 55 49 92 35 63 19 69 60 64 86 12 26 92 0 57 36 12 65 58 6 8 98 25 15 41 30 63 18 91 71 28 13 13 86 15 98 51 73 4 0 65 77 24 17 80 39 28 28 46 58 87 64 52 46 84 34 25 93 45 12 53 56 32 97 36 15 81 57 43 41 23 21 48 9 71 3 27 26 8 52 59 10 95 51 57 69 28 76 89 36 77 55 38 23 22 100 82 14 72 54 62 95 24 15 9 65 96 41 14 41 37 31 42 57 35 98 10 61 44 45 66 54 12 60 71 
39 62 5 86 59 49 92 58 54 29 16 76 41 35 50 11 76 54 34 47 61 87 72 53 0 21 9 49 92 24 90 75 57 22 81 4 61 95 5 67 62 87 33 29 21 31 24 95 20 82 16 10 76 7 48 77 58 75 47 93 97 100 67 34 5 59 15 88 53 72 5 1 91 78 27 22 80 2 49 1 88 45 44 59 63 42 83 87 72 18 20 72 81 76 4 45 76 2 100 61 93 44 62 19 71 37 33 24 51 70 83 61 41 46 70 37 35 69 85 85 60 22 7 21 66 63 60 17 82 48 69 52 88 86 1 15 30 84 45 22 57 63 100 28 77 57 75 12 77 33 3 12 11 4 61 15 59 29 93 71 0 10 3 5 11 14 44 97 82 8 43 62 23 67 55 22 51 62 78 60 29 89 7 62 44 55 2 3 12 97 93 20 5 49 71 38 73 25 84 45 
75 22 5 49 85 96 14 32 17 71 60 73 26 49 88 94 27 7 11 66 89 68 13 70 33 64 87 3 0 85 52 15 68 20 26 47 2 97 0 21 40 97 39 14 70 36 34 74 65 78 45 79 51 0 71 27 27 0 16 85 66 45 42 97 53 70 33 56 25 75 74 1 98 89 5 1 22 85 37 6 43 18 24 97 88 23 70 85 64 67 88 80 76 33 22 28 42 15 0 8 45 39 27 53 26 93 78 4 75 34 72 5 83 80 13 84 100 7 4 39 83 86 70 3 55 5 33 86 9 50 45 28 36 45 62 89 89 62 34 8 50 93 12 24 58 60 94 98 1 9 24 93 92 16 53 60 72 57 30 11 95 99 6 29 51 6 58 95 15 29 99 39 40 77 31 34 100 71 54 69 97 40 23 80 22 67 24 62 0 9 75 10 85 1 20 88 30 7 12 44 
52 60 91 40 5 69 25 100 62 60 37 82 58 84 75 76 12 75 1 97 93 34 46 83 76 72 51 43 13 11 84 36 2 4 98 72 6 99 22 34 95 10 82 72 13 4 48 99 67 9 94 48 52 17 24 34 10 26 71 85 84 19 81 58 88 42 38 5 87 21 87 74 12 45 80 65 1 61 70 99 57 66 72 65 17 74 42 45 97 30 18 41 65 14 14 55 35 82 3 100 5 100 28 28 27 37 36 79 75 22 55 92 32 52 64 88 81 54 92 6 60 24 82 43 7 88 77 21 35 44 71 18 82 67 55 76 19 51 89 56 79 20 71 19 3 41 92 87 89 3 65 97 76 30 24 0 41 59 96 70 53 14 26 75 11 23 2 60 62 61 73 13 72 42 78 62 18 46 35 49 57 72 96 66 4 35 38 12 100 2 32 3 33 62 38 36 63 48 49 43 
84 74 88 4 89 53 43 12 46 84 79 50 88 20 92 31 5 64 41 64 11 96 6 84 31 60 72 37 83 90 5 56 48 3 80 9 2 49 24 24 25 83 63 14 61 97 41 90 3 30 18 8 88 0 59 16 15 69 72 95 3 19 82 40 5 92 29 39 63 4 46 26 42 79 33 81 76 14 11 77 92 4 61 31 45 64 87 28 60 81 58 39 90 75 70 78 33 36 52 42 31 87 69 0 12 12 55 89 78 70 28 78 12 87 27 51 54 12 25 16 28 29 26 94 70 78 79 98 37 97 73 22 74 42 64 13 36 32 26 34 34 87 79 60 60 7 85 95 85 38 29 29 56 85 90 54 84 67 26 100 45 68 20 16 16 3 16 27 85 1 13 0 54 38 93 56 54 74 10 54 18 75 54 95 1 20 2 59 77 85 45 7 27 77 85 57 80 19 4 68 
20 57 49 63 73 56 75 8 39 35 31 42 100 36 72 30 33 82 54 63 29 78 13 99 91 31 21 37 47 14 51 27 76 66 43 21 57 82 4 44 8 81 62 78 34 37 0 44 53 78 76 28 48 2 51 42 32 55 4 48 52 54 27 27 94 64 76 43 34 16 39 55 25 70 45 15 65 85 67 41 51 18 14 5 69 66 37 66 5 99 60 27 29 60 48 69 22 95 66 49 93 95 15 2 74 48 92 61 26 4 30 20 39 87 31 51 86 31 24 88 71 65 38 1 29 30 81 3 22 42 14 23 53 25 69 58 0 58 91 53 62 12 89 0 59 30 82 35 57 54 3 63 10 49 49 98 1 53 9 84 46 44 0 95 87 64 55 48 86 84 18 5 81 27 25 54 100 52 61 34 10 3 16 66 34 4 3 34 64 40 37 88 16 72 68 51 5 88 40 6 
6 66 91 4 23 41 23 71 3 89 14 17 99 78 50 77 17 22 38 76 59 92 52 59 25 24 60 12 23 12 44 80 41 14 72 83 41 87 5 53 58 74 92 14 6 80 8 88 33 9 31 63 70 84 59 13 40 73 10 58 77 7 76 78 56 54 70 6 80 47 89 68 5 12 4 5 90 99 86 16 0 22 86 71 94 70 53 27 98 29 78 2 81 70 17 71 92 25 95 82 31 100 6 65 46 74 35 49 17 49 50 75 52 69 77 91 20 26 33 87 39 100 17 73 32 89 68 3 2 85 34 53 83 33 71 76 21 83 84 67 11 93 53 98 79 36 76 59 56 82 25 38 9 87 50 49 56 98 35 35 57 52 60 25 70 68 15 28 13 57 94 48 0 77 56 26 13 83 98 96 5 13 61 77 52 16 95 63 8 14 96 25 56 89 50 46 24 32 57 47 
41 20 22 100 98 1 7 66 90 94 86 19 94 74 41 68 5 21 37 50 56 82 5 88 53 17 9 36 97 88 53 32 23 77 83 37 100 17 42 89 36 28 70 45 85 32 35 93 40 18 92 78 8 99 13 27 100 10 100 25 79 64 59 94 81 57 68 43 35 20 15 63 13 29 41 77 42 10 14 35 67 93 46 64 26 92 47 39 91 63 47 20 14 13 15 43 78 66 9 38 3 42 28 39 59 44 55 19 95 42 12 23 25 93 82 98 40 12 98 16 55 31 83 44 100 32 43 69 33 23 17 55 29 72 7 6 79 44 26 16 8 57 3 20 20 38 50 100 15 73 62 72 30 20 46 66 73 3 14 22 23 89 13 66 89 37 35 11 43 36 85 46 84 18 63 22 37 62 44 27 55 58 56 46 86 22 33 34 34 97 68 99 3 20 60 50 17 52 72 78 
57 52 77 54 49 88 77 42 55 85 99 50 78 37 19 84 41 88 76 100 55 26 45 90 84 26 51 33 33 2 24 63 87 100 36 1 86 34 91 7 25 31 78 18 34 5 32 98 91 18 54 83 45 92 92 38 74 76 69 95 86 7 73 87 53 91 87 8 33 27 52 87 17 14 73 27 7 76 54 9 81 16 81 83 19 19 20 52 47 26 6 8 26 40 10 21 81 46 48 48 28 67 77 34 57 80 67 80 59 31 67 89 8 69 86 78 48 72 61 87 65 38 20 12 79 19 75 66 41 17 2 15 21 60 66 31 90 20 46 49 10 41 10 56 24 42 17 5 60 50 27 0 26 62 69 72 53 8 71 15 41 33 25 22 15 91 92 53 99 0 97 12 2 92 64 41 78 78 65 8 4 0 37 29 73 16 31 38 29 18 44 81 53 14 14 82 23 22 13 82 
94 1 73 62 23 9 86 42 15 47 94 98 30 36 60 25 42 96 48 1 88 50 22 44 41 19 68 38 81 82 44 74 13 45 65 16 22 78 32 100 99 98 9 4 74 5 28 95 68 34 92 58 79 49 57 75 13 82 1 50 47 100 31 14 65 13 29 98 81 98 27 19 31 46 17 58 66 54 72 78 91 2 57 28 50 75 42 86 69 76 78 8 98 9 36 70 46 23 74 1 31 16 93 85 49 56 42 61 94 97 38 29 67 53 64 36 18 31 96 92 50 87 62 61 49 68 78 86 96 45 54 73 32 70 17 11 25 24 64 30 24 97 81 86 10 42 39 2 97 49 82 77 94 22 47 35 2 65 27 10 82 6 52 43 99 46 1 75 9 75 55 57 12 52 36 29 61 69 81 6 85 65 82 0 12 41 90 8 22 18 52 80 41 5 85 44 86 80 52 82 
65 5 72 77 47 86 62 42 83 33 91 100 95 49 91 19 31 46 92 48 66 20 96 95 27 16 80 81 72 81 53 2 21 58 22 77 54 33 43 87 14 34 49 49 76 40 24 34 5 66 9 55 80 15 46 54 79 83 83 36 69 17 14 91 92 71 39 42 87 9 62 47 76 29 33 55 96 72 3 88 7 83 42 82 41 87 79 84 47 36 46 5 21 87 79 66 30 21 80 97 21 73 64 73 50 52 81 77 28 87 15 32 74 24 80 91 88 98 66 49 6 12 52 40 82 46 50 41 20 66 81 48 38 89 51 99 86 30 70 47 7 54 88 61 38 52 17 66 69 79 31 75 91 83 74 93 4 10 54 56 41 80 88 35 33 37 13 66 76 6 47 92 95 70 74 42 67 27 15 92 81 49 47 59 87 59 11 43 14 68 59 75 64 96 36 8 10 54 76 40 
14 35 18 79 28 89 19 88 71 55 40 52 14 19 65 20 51 93 96 74 99 65 21 69 50 20 69 27 32 60 86 37 48 22 95 66 65 20 65 13 71 12 73 57 11 72 94 6 29 6 85 80 28 98 97 29 80 40 86 54 66 8 7 12 67 84 25 63 73 15 99 73 71 88 32 0 68 84 67 48 0 27 52 54 80 39 74 96 41 63 73 68 77 66 59 7 93 90 18 34 89 12 21 18 73 58 70 40 25 92 79 90 14 97 44 16 83 6 23 22 100 22 8 72 78 25 23 42 71 91 14 35 53 36 91 32 93 75 69 91 38 47 55 6 37 100 77 27 79 44 3 89 14 75 9 5 97 90 21 68 47 59 71 48 29 82 33 47 20 50 78 92 47 11 82 43 38 38 83 30 8 15 9 73 27 40 73 81 5 53 56 96 38 63 36 55 73 32 71 11 
36 18 98 87 23 38 45 8 86 75 72 85 71 74 80 88 91 88 83 48 30 74 81 18 53 47 33 43 47 34 96 21 97 13 51 55 4 31 78 46 6 71 96 76 96 39 16 0 79 17 35 1 2 67 20 69 47 2 21 61 88 94 41 98 42 95 41 48 80 36 8 45 99 42 33 21 95 10 85 55 45 68 28 46 91 51 77 86 23 10 56 11 23 53 23 47 47 77 28 60 51 35 44 85 69 81 98 93 74 66 0 48 80 38 21 70 25 69 21 26 82 54 21 4 21 100 69 82 75 62 74 34 70 84 57 28 65 80 82 100 50 61 97 32 75 92 87 58 4 23 54 98 14 55 16 49 87 11 85 12 96 21 45 99 86 58 38 84 12 67 44 37 82 26 99 96 33 54 93 22 39 93 19 60 6 79 96 23 66 64 95 73 47 52 63 98 81 71 97 83 
91 21 96 96 95 37 12 45 44 52 8 15 64 71 56 53 47 26 82 26 27 77 6 85 68 63 94 88 5 79 26 73 87 5 20 22 34 31 59 23 8 21 49 1 70 9 22 45 0 8 94 89 25 66 60 44 54 0 15 89 54 6 61 88 6 91 92 49 5 38 32 57 100 9 18 46 65 8 35 53 94 18 14 15 57 83 67 86 29 67 39 7 97 67 85 60 6 15 24 91 95 77 39 95 80 18 74 51 82 20 91 42 8 5 80 60 20 17 13 63 23 15 29 13 22 42 25 52 26 40 36 42 32 9 30 37 68 98 33 43 98 6 91 100 83 91 36 59 72 23 76 53 44 1 82 98 99 20 82 0 14 93 43 25 52 72 46 59 16 54 63 33 43 30 43 3 19 69 35 96 90 25 36 74 15 19 75 74 84 6 60 30 12 3 36 65 57 21 51 75 
76 3 32 1 1 95 89 14 30 4 73 79 58 89 53 99 90 91 11 5 78 39 17 64 3 92 32 61 55 48 14 6 73 35 64 99 72 40 95 3 25 31 17 81 29 62 37 58 58 29 8 21 95 100 19 10 9 51 22 13 71 24 71 23 65 65 20 86 57 46 40 29 26 10 73 23 95 98 4 21 73 43 7 68 79 47 77 26 6 76 26 98 4 21 38 55 48 95 44 51 98 17 74 89 27 21 91 15 93 6 20 48 56 82 47 40 69 94 13 58 52 52 83 33 87 11 76 80 95 41 80 50 77 91 62 28 69 31 41 65 37 20 8 79 32 74 17 78 52 87 16 58 62 69 9 8 33 21 5 16 84 6 42 71 79 45 6 17 84 18 42 22 33 81 65 84 91 60 59 66 2 81 50 78 61 61 18 38 92 38 1 37 76 19 56 99 74 19 42 10 
46 10 33 4 34 19 45 68 61 92 31 71 18 29 93 75 68 46 31 16 50 33 94 54 35 86 39 82 23 88 14 79 5 72 99 31 74 43 18 53 29 93 42 51 66 34 44 62 10 32 52 2 35 40 29 36 14 34 99 63 65 0 88 90 43 66 56 58 2 63 22 94 77 57 69 47 15 86 38 51 14 23 44 29 56 59 60 14 9 84 35 6 76 14 48 47 64 96 36 59 53 0 62 95 16 71 4 96 7 9 51 62 72 3 73 54 75 80 7 90 16 67 53 47 23 95 43 49 30 32 59 28 99 4 2 65 22 31 81 28 73 16 5 87 36 98 39 5 9 23 33 79 87 49 73 50 19 14 64 35 29 67 49 31 17 43 46 65 43 72 98 70 72 92 63 12 19 25 59 51 52 39 84 81 76 43 96 18 82 84 41 37 99 33 31 40 10 43 24 32 
13 37 13 26 76 95 89 99 42 44 21 58 56 98 3 43 54 8 65 46 47 97 0 37 61 28 59 87 0 50 69 36 65 68 3 66 64 39 12 79 44 36 10 77 56 49 13 47 56 20 73 86 82 83 16 89 14 68 90 8 31 37 62 60 70 12 29 80 58 56 86 17 3 79 78 2 34 100 29 24 41 30 82 83 16 100 84 59 64 23 88 90 10 69 38 64 27 24 25 55 58 41 6 65 28 46 8 91 60 61 4 89 69 38 1 67 48 66 86 81 67 15 82 38 39 73 19 63 6 100 16 43 85 70 29 32 43 24 17 6 87 33 66 32 34 87 91 66 2 35 98 14 99 5 94 29 36 3 20 92 69 82 70 61 46 18 19 60 15 27 57 30 14 74 89 46 80 95 38 99 3 41 32 81 73 39 46 3 84 55 76 38 72 50 37 55 31 16 31 39 
82 94 37 45 97 87 2 21 84 28 21 84 45 19 42 52 55 51 20 50 12 64 78 30 12 81 64 45 95 4 74 48 1 22 65 68 33 45 92 34 11 70 54 55 18 31 88 45 37 28 100 66 100 85 81 89 4 10 72 48 44 75 76 45 72 56 31 48 8 17 27 17 98 57 49 5 50 65 71 86 8 9 99 36 38 85 38 28 16 9 16 33 35 48 47 20 85 75 28 97 40 2 44 46 59 63 80 27 70 77 84 17 0 0 94 19 78 29 80 5 78 32 12 83 78 24 9 97 23 59 56 96 91 37 40 63 13 62 92 52 14 52 12 22 29 52 43 42 40 84 56 82 51 63 74 86 21 22 64 78 34 37 61 87 97 51 41 100 76 47 63 64 38 27 47 6 25 33 29 46 25 34 19 20 26 71 16 44 43 1 65 16 42 20 25 98 31 68 56 20 
25 84 67 82 31 69 44 45 44 24 5 66 80 2 10 49 85 66 66 40 11 13 1 55 67 88 46 74 37 47 55 10 80 66 19 52 22 32 26 48 67 91 21 24 77 96 26 84 100 66 65 13 76 29 37 39 54 60 86 77 20 37 34 13 10 89 76 30 5 80 83 89 70 50 96 63 5 33 86 2 77 49 95 62 99 82 86 5 100 16 69 80 39 33 69 0 1 15 6 48 67 47 16 100 60 66 27 84 75 38 9 2 69 79 86 87 50 67 27 54 64 64 34 50 97 4 3 60 70 79 67 98 77 80 97 91 70 1 11 40 22 26 25 89 79 54 49 8 17 50 12 80 12 39 39 67 86 48 85 46 79 49 72 49 6 9 54 91 65 23 99 59 22 16 44 61 9 28 89 16 85 33 70 2 53 77 53 82 45 2 13 47 30 46 73 8 67 72 21 71 
35 80 44 79 27 92 82 60 96 43 5 1 10 10 45 54 68 72 51 8 56 73 77 99 66 88 11 4 91 39 31 68 45 58 97 75 51 79 69 94 94 89 56 15 18 47 95 93 26 92 85 96 63 14 20 13 17 57 0 58 4 7 8 64 49 18 48 72 33 24 12 67 20 74 85 40 77 21 55 2 93 9 24 37 69 5 46 61 31 1 16 90 2 27 95 62 6 20 50 27 37 17 96 87 66 79 83 30 29 9 16 4 84 3 81 29 6 26 94 100 42 3 55 19 97 99 58 1 27 39 32 67 22 10 31 77 21 20 88 23 64 68 26 51 96 69 25 95 49 37 49 38 94 23 92 26 33 70 57 25 67 97 9 34 14 73 71 70 18 78 89 77 50 95 92 25 46 86 43 2 67 50 92 57 15 24 57 9 42 11 2 89 20 51 38 94 25 1 69 13 
50 88 27 26 2 30 72 28 55 39 60 67 78 93 5 81 70 32 35 35 78 85 75 73 59 85 38 77 38 16 89 65 6 93 56 69 20 43 31 86 36 64 100 57 5 65 8 69 5 86 35 94 100 55 27 92 89 44 5 36 26 22 39 93 85 51 47 73 62 22 82 65 22 58 49 90 5 18 5 78 79 49 5 26 84 86 29 88 47 3 91 41 83 20 44 41 13 37 45 73 34 55 8 90 69 56 50 86 21 26 28 11 6 9 1 58 14 84 69 84 50 82 96 80 16 81 47 93 27 18 63 13 89 51 38 69 87 29 66 69 30 7 1 81 60 5 30 47 1 82 62 67 18 43 15 56 21 50 77 8 81 9 18 98 39 43 32 88 50 87 35 47 79 81 25 11 90 82 79 61 37 87 2 56 28 85 64 18 47 4 2 42 38 10 6 16 14 77 73 88 
16 86 52 75 30 36 42 74 59 27 92 30 92 81 24 8 56 6 65 92 63 77 5 44 90 91 65 59 71 90 35 30 0 35 86 69 74 58 98 70 32 74 16 37 38 28 13 51 20 46 42 38 79 51 58 15 33 84 86 96 71 37 39 84 2 88 27 7 57 23 99 89 96 17 68 30 69 68 81 59 26 59 90 59 32 56 25 66 89 9 76 54 87 1 8 50 87 91 19 43 40 32 38 82 31 44 69 7 96 23 2 54 18 46 24 26 41 71 15 71 12 18 53 50 67 44 46 85 79 62 48 94 78 81 81 65 91 28 24 3 83 8 87 19 31 65 42 3 6 8 88 32 41 25 28 12 32 42 83 31 99 31 64 56 33 19 60 13 51 44 39 75 98 43 94 46 35 47 37 18 14 74 27 23 45 23 23 25 41 48 8 98 16 93 29 14 51 63 33 30 
74 67 11 39 7 71 99 58 99 17 46 56 61 100 70 17 41 10 67 57 99 1 19 63 63 77 29 84 32 53 26 43 27 59 91 14 94 29 82 63 94 46 51 64 54 97 95 65 66 13 96 84 41 91 88 78 99 82 26 7 99 56 37 1 98 38 4 17 26 31 45 18 77 56 10 47 13 25 40 35 75 81 31 0 0 100 80 44 34 89 54 69 36 62 79 69 68 98 41 100 89 91 48 30 79 92 22 72 66 5 42 43 60 18 63 89 5 13 12 90 56 81 5 66 5 78 95 92 27 1 43 54 70 10 33 38 2 90 76 95 65 9 39 13 80 69 12 54 69 40 87 62 21 31 42 46 42 80 37 86 19 22 78 70 32 40 97 67 78 74 12 72 52 78 92 55 87 65 79 96 16 18 4 71 34 15 57 48 76 91 23 34 64 55 16 100 97 62 40 25 
61 97 72 48 41 24 27 99 24 80 27 43 66 9 2 44 22 97 77 93 13 52 57 16 62 52 17 43 61 57 92 62 86 76 65 73 45 37 88 52 3 61 19 42 46 3 94 63 96 81 60 97 98 26 46 6 63 42 10 84 54 99 16 36 21 8 58 2 73 5 28 0 2 62 59 72 30 38 47 44 12 33 95 20 35 91 78 14 75 32 37 84 64 79 72 3 90 96 15 85 75 53 4 51 33 92 46 23 90 75 97 20 36 13 68 44 5 94 96 67 30 38 92 82 11 95 15 62 49 15 43 73 67 21 6 75 79 20 96 40 52 0 83 26 43 76 22 29 97 58 5 37 16 48 86 9 100 82 54 12 65 50 79 92 18 47 23 8 78 76 83 62 94 93 87 58 17 41 15 67 16 97 76 2 29 29 79 57 57 2 92 11 87 55 71 88 91 90 77 42 
77 29 88 7 33 52 47 43 55 51 54 12 29 61 98 46 76 48 58 10 82 6 76 33 35 2 80 68 45 59 88 38 6 76 15 50 18 82 72 1 38 26 36 68 53 91 17 49 50 30 23 32 52 44 17 67 99 88 60 91 55 77 95 70 61 83 13 21 14 25 16 6 76 74 97 13 0 24 98 57 66 24 97 62 15 69 54 17 47 56 80 40 70 93 57 8 63 77 42 11 0 49 34 27 76 59 55 1 41 39 68 14 11 31 86 56 56 96 66 100 2 36 7 52 96 70 68 4 87 24 25 61 47 95 60 67 5 43 22 56 36 88 33 26 1 46 31 33 91 74 98 42 56 45 26 84 46 10 94 71 64 7 70 62 5 71 89 44 66 26 83 79 100 18 77 48 68 100 86 62 25 50 27 99 58 60 67 75 85 11 25 75 43 15 31 64 45 60 92 92 
93 59 15 62 71 44 10 67 5 71 74 69 75 88 58 50 82 58 60 78 83 12 66 89 65 2 73 7 81 67 5 41 88 15 4 93 30 61 60 20 75 47 31 1 74 35 82 58 83 21 63 100 65 96 57 5 94 34 35 56 86 60 34 83 53 53 98 32 71 50 46 28 77 0 86 71 73 73 78 57 52 91 99 59 66 34 96 100 56 64 50 41 85 40 53 93 24 59 32 6 16 1 98 39 100 50 22 30 11 99 80 97 48 78 77 57 31 17 5 63 27 70 31 80 76 0 74 85 79 28 30 2 63 73 65 57 25 30 54 11 25 41 14 76 19 27 53 28 85 59 6 86 89 9 7 60 20 57 99 66 6 51 73 93 74 41 19 86 20 74 80 21 83 66 9 7 21 7 83 85 98 43 75 10 53 47 28 13 15 36 11 88 9 69 47 79 69 95 75 42 
34 40 17 93 0 37 45 37 61 17 90 30 44 52 87 89 2 88 65 41 86 25 45 8 95 35 43 50 92 25 25 0 100 45 9 66 21 15 13 26 50 15 5 63 22 69 99 26 58 65 36 33 45 53 28 7 42 12 40 7 88 97 66 95 22 96 78 57 42 27 43 99 79 60 85 43 74 41 59 89 35 90 67 8 89 80 4 27 74 34 46 25 9 83 69 47 54 53 47 16 30 52 33 78 83 11 90 9 44 96 99 14 64 74 80 34 67 75 97 19 53 6 90 17 91 69 26 94 19 56 47 99 57 86 58 70 45 99 80 60 19 86 62 68 50 45 79 66 43 51 48 19 7 57 72 26 30 40 58 12 22 40 24 73 77 57 55 1 73 79 15 81 37 89 62 63 20 93 17 23 19 2 30 32 33 90 61 96 80 63 54 20 89 32 35 87 65 90 9 3 
17 13 100 36 5 53 96 14 21 66 66 72 42 8 29 60 42 18 51 100 30 1 67 69 71 34 76 63 28 26 11 80 34 57 12 28 37 73 19 35 23 33 95 98 77 80 9 69 80 77 46 7 79 11 13 69 93 34 91 15 23 20 63 45 32 54 82 49 39 50 77 98 22 23 66 61 38 92 43 81 50 9 10 92 26 91 4 48 6 36 85 62 24 43 65 74 9 22 51 68 99 15 80 98 23 27 80 51 76 95 60 44 58 50 61 18 1 44 27 7 68 94 84 53 58 11 64 22 41 84 37 27 40 97 38 8 16 60 54 93 72 6 34 77 72 73 75 76 8 85 89 63 48 3 88 59 8 6 84 47 99 23 9 85 58 18 10 62 49 8 29 12 58 58 63 2 35 86 98 49 12 52 7 82 58 59 33 88 48 19 84 9 10 77 76 69 4 9 70 16 
42 9 21 83 42 59 75 43 98 45 58 48 56 77 95 54 20 75 40 6 19 64 27 46 32 64 99 78 17 48 65 80 95 78 44 68 74 43 57 73 51 90 32 49 44 21 70 58 100 61 54 87 96 11 99 19 32 27 13 70 73 5 35 24 51 81 88 19 84 75 86 38 44 24 68 46 86 30 34 76 66 16 84 61 95 51 28 87 18 54 18 60 91 82 50 19 52 29 98 68 57 88 5 35 28 70 92 16 67 92 62 52 8 73 17 58 91 6 15 82 80 71 51 16 3 2 89 8 4 30 62 11 96 73 100 51 75 44 13 53 16 65 21 97 96 11 28 28 13 78 48 52 69 98 16 69 63 9 63 41 55 62 72 57 94 45 92 67 16 83 15 80 20 80 89 38 59 55 61 77 21 30 23 84 38 7 90 44 26 13 4 52 5 80 4 42 10 1 9 2 
63 37 12 23 68 91 29 14 99 67 31 83 52 91 85 48 86 90 68 82 32 50 37 12 43 16 6 34 31 32 54 26 6 1 49 12 41 76 19 43 89 2 80 56 0 38 13 50 75 64 7 23 78 41 2 14 59 48 81 83 59 41 40 70 61 93 86 3 2 14 34 80 4 19 3 73 22 41 16 1 40 79 44 17 91 54 61 52 48 76 82 99 84 93 12 98 67 8 98 8 15 34 84 23 28 74 77 86 94 65 58 37 85 93 32 16 71 53 99 32 3 72 73 76 60 45 34 38 19 64 47 54 0 37 93 59 60 5 94 20 18 96 58 18 93 43 90 21 45 15 67 68 74 98 35 41 49 9 21 48 11 63 84 7 2 37 11 21 77 69 65 50 92 32 61 80 90 89 44 20 19 87 97 33 70 99 44 94 34 47 59 5 68 49 76 47 66 14 30 48 
95 3 1 65 50 79 60 47 21 23 14 5 62 68 56 50 57 66 48 67 47 48 97 94 92 99 69 74 12 43 0 55 71 81 54 58 41 4 5 62 43 100 100 11 52 69 16 24 15 21 59 17 13 5 93 93 46 44 81 96 6 97 89 89 72 2 60 41 87 0 88 62 54 65 73 14 38 35 74 88 82 55 20 50 4 6 80 51 34 84 39 45 51 88 31 26 44 100 70 62 79 60 36 71 100 97 63 35 82 43 94 99 8 69 91 97 40 33 74 81 83 10 21 62 16 82 71 75 67 60 80 18 26 45 58 94 41 88 65 71 94 67 36 58 73 46 36 17 43 89 5 43 38 49 83 36 74 56 42 26 95 25 55 49 26 48 84 81 86 49 4 98 28 23 7 88 81 93 32 85 63 6 4 34 5 74 25 72 52 75 24 58 65 4 100 8 10 20 36 49 
21 37 90 42 0 78 95 59 38 9 40 63 16 14 64 85 10 54 56 19 28 20 99 88 90 12 87 25 46 68 1 54 94 65 7 4 60 93 86 96 71 82 52 42 30 39 23 41 72 43 36 0 95 5 71 20 19 85 85 69 66 51 95 37 22 49 66 58 4 89 36 92 85 86 1 92 11 9 25 6 82 87 3 35 13 22 67 47 40 57 13 36 78 53 23 15 19 98 53 86 77 80 82 94 59 30 100 56 64 33 12 84 6 53 30 64 89 33 75 69 50 13 65 40 52 38 98 48 89 36 64 83 59 42 46 21 40 84 71 54 97 74 86 100 17 50 46 75 18 88 0 14 84 37 83 93 23 57 65 17 75 45 61 55 82 68 72 70 22 59 49 53 29 30 58 10 90 18 12 83 25 55 79 46 0 98 17 69 42 3 23 58 55 94 47 41 19 27 3 5 
49 53 27 22 18 53 61 39 59 71 31 60 25 34 59 57 7 3 46 0 47 94 42 66 97 66 80 61 91 28 54 65 8 44 84 22 74 64 34 85 33 96 50 69 3 35 27 17 75 81 2 8 67 7 62 61 42 61 6 89 76 72 73 100 59 64 13 87 88 94 59 10 52 53 40 56 41 34 58 51 30 86 86 11 9 8 28 18 9 44 83 23 90 5 86 12 96 77 3 42 37 50 16 90 55 92 25 70 59 22 9 43 4 57 80 53 2 73 9 25 82 13 44 55 37 39 25 3 71 8 63 89 65 58 27 40 40 97 22 76 64 79 96 94 19 3 14 83 69 4 63 16 19 83 89 5 9 31 11 80 9 23 6 76 18 14 61 51 37 21 17 57 61 41 88 4 69 55 69 92 88 68 3 55 47 100 81 100 71 55 86 5 14 63 90 99 28 64 68 23 
94 4 4 98 32 50 89 92 31 69 26 100 92 87 85 66 13 99 94 42 16 81 15 66 94 13 33 67 1 85 28 9 41 49 28 75 91 85 15 66 48 46 34 55 94 39 86 83 35 98 68 96 99 74 22 12 16 80 29 7 92 38 30 82 54 51 51 22 28 23 79 78 4 50 70 96 73 30 25 74 97 17 29 33 96 86 52 66 77 50 5 70 4 81 94 7 32 16 40 9 93 49 47 92 74 89 85 17 34 46 33 65 29 1 14 49 94 35 35 44 93 15 78 95 71 4 48 31 67 54 67 75 35 86 11 85 92 60 75 85 68 46 37 18 32 64 76 94 60 9 25 40 6 18 92 46 25 77 30 97 84 31 80 48 1 37 87 40 49 99 100 51 16 46 62 64 42 10 25 51 2 47 43 20 11 88 2 62 68 37 55 61 44 72 1 60 49 52 1 72 
62 49 39 50 19 97 88 76 89 79 6 53 53 92 58 64 58 56 14 36 5 90 77 25 80 96 24 12 73 100 62 58 96 86 97 41 91 29 3 11 73 31 92 43 79 75 90 64 89 76 44 64 67 57 49 17 2 29 1 98 88 71 96 39 43 95 47 58 90 45 53 32 6 73 85 85 99 15 66 17 67 94 7 45 64 9 96 37 54 38 43 87 11 39 9 47 49 74 78 21 66 17 96 66 23 41 16 86 76 59 74 20 90 0 27 17 7 41 86 82 70 6 93 51 37 36 90 12 64 41 32 77 44 95 25 17 33 5 18 59 61 84 14 59 45 19 45 29 5 37 62 73 35 57 92 73 70 16 40 79 58 52 70 30 41 69 6 38 3 96 18 0 98 60 13 91 79 17 97 49 94 77 72 79 33 14 99 94 50 3 27 94 40 39 29 19 34 30 21 74 
94 8 71 7 39 67 32 54 46 11 7 33 26 67 35 83 63 17 17 92 96 12 76 47 83 95 15 83 88 98 69 21 36 92 67 6 40 37 86 5 70 82 39 31 99 20 23 44 84 68 52 15 60 48 92 60 29 58 57 42 54 27 99 18 51 10 16 88 54 61 20 7 64 52 47 13 53 16 15 46 63 78 54 2 22 57 85 33 22 63 90 43 100 96 57 47 37 74 78 2 81 19 65 97 44 49 44 36 74 51 23 19 18 1 93 47 61 57 81 22 15 61 0 9 49 31 66 23 91 95 73 62 16 10 33 47 28 61 8 56 51 99 73 63 0 13 42 36 48 38 56 57 12 3 16 94 64 27 15 27 32 13 17 82 42 63 38 73 85 82 47 58 65 29 85 23 36 93 42 53 41 85 79 45 78 34 22 0 19 8 45 38 60 35 37 12 81 50 75 25 
