300 300
99 33 85 50 42 52 69 11 18 53 7 100 70 59 26 29 13 32 22 58 95 64 6 22 60 31 46 14 16 5 38 55 85 60 70 77 8 82 95 14 76 19 66 58 20 97 63 78 69 68 16 5 45 84 2 75 9 27 67 15 54 44 33 9 87 95 7 44 58 8 40 39 99 48 16 2 54 15 95 53 62 86 93 17 72 70 21 24 53 16 60 98 36 87 15 23 19 84 37 88 43 69 16 19 80 45 56 7 13 31 74 54 31 96 74 1 38 56 17 81 80 83 46 58 46 81 57 10 72 77 51 83 92 11 98 0 75 100 27 51 72 41 62 37 4 30 47 87 2 93 30 44 66 43 77 41 100 94 16 19 17 42 58 63 63 61 28 90 54 70 27 59 47 5 23 37 24 20 64 63 35 68 59 70 10 20 47 23 41 96 71 50 29 84 68 96 18 97 16 48 22 69 80 10 78 40 88 3 73 52 43 68 88 31 86 16 66 26 17 18 68 71 21 79 36 91 85 61 60 94 16 82 57 91 83 77 47 53 53 75 72 84 87 57 89 41 9 91 62 71 63 14 44 13 100 70 20 46 29 62 82 17 87 21 2 83 78 22 12 93 80 38 84 71 86 95 26 94 70 78 71 59 3 61 91 11 21 19 79 1 71 93 5 2 18 24 97 100 26 75 
96 3 56 45 80 23 83 9 65 22 60 80 64 72 68 28 12 77 26 51 73 99 64 64 3 36 11 46 90 8 1 7 58 61 80 36 83 52 45 15 90 81 40 28 54 34 42 33 26 42 79 74 33 74 24 50 22 33 74 35 65 39 26 23 39 12 35 22 62 98 79 57 79 37 7 70 47 97 5 6 42 74 22 65 46 4 89 79 97 88 63 75 40 74 72 20 85 69 71 78 12 69 7 48 40 85 69 73 87 36 21 26 99 68 91 74 22 93 89 44 1 14 50 7 73 55 31 84 56 67 73 76 55 56 55 90 92 37 24 95 38 95 91 55 40 39 5 5 93 6 8 3 73 80 74 0 3 24 75 20 81 42 52 22 57 9 47 87 71 12 86 54 82 43 69 39 3 32 5 37 35 68 2 31 35 6 81 64 2 40 82 4 56 71 79 61 41 43 73 64 84 44 35 71 44 40 21 55 99 84 29 76 97 7 41 93 95 43 95 46 58 83 98 91 43 38 95 43 33 32 9 30 5 56 24 58 11 95 45 99 96 14 76 49 4 57 91 53 23 30 25 25 63 10 11 62 80 6 13 47 86 97 50 69 13 49 44 43 81 65 13 3 45 34 12 79 73 70 72 19 5 93 80 21 9 84 10 6 71 90 19 48 4 10 37 87 64 41 4 30 
50 80 25 46 48 51 37 61 46 75 1 71 74 90 10 88 89 34 32 48 62 42 95 16 1 100 4 71 8 15 15 82 72 38 41 64 36 17 3 58 29 6 55 23 5 64 34 78 20 64 75 14 21 6 45 60 100 98 6 59 76 11 38 40 60 75 81 74 16 10 95 50 86 89 40 54 26 2 23 82 7 4 16 33 12 91 52 99 60 53 64 40 23 66 95 5 99 63 86 74 45 86 75 68 17 23 34 90 64 74 37 57 17 74 74 75 17 81 62 26 58 99 56 99 87 83 63 90 47 58 76 92 6 75 53 83 50 37 91 35 65 3 71 82 74 61 77 100 42 65 29 97 100 66 14 46 20 43 11 74 16 4 3 100 90 8 25 89 69 3 65 3 32 70 71 81 61 23 26 85 8 28 67 28 14 72 6 42 76 96 80 41 89 15 67 24 87 46 10 9 15 14 17 66 98 96 4 40 100 56 70 94 25 83 11 96 74 38 42 78 87 53 16 33 36 45 31 55 64 50 50 16 37 22 60 76 92 83 51 88 79 74 70 41 5 3 12 57 47 69 9 83 94 53 54 1 58 97 97 74 98 14 1 25 12 0 86 56 43 88 93 43 85 40 68 69 9 74 64 90 68 61 96 84 65 5 45 42 32 37 48 83 47 38 49 28 100 33 3 95 
79 16 50 94 40 67 72 11 50 92 46 67 29 70 35 24 4 3 84 9 82 65 18 47 54 11 72 9 1 29 90 40 65 74 41 60 51 31 6 89 24 91 78 13 82 95 61 69 54 59 26 86 34 64 0 1 86 38 89 47 80 84 27 67 37 33 19 31 38 83 6 56 41 75 16 67 51 70 95 66 33 54 76 8 31 77 53 47 33 8 12 67 78 37 82 91 68 97 31 10 72 79 28 22 36 5 26 89 93 67 65 36 64 34 40 26 46 5 65 95 25 44 91 46 63 19 16 58 43 66 31 5 30 61 48 2 59 17 25 48 0 15 90 29 64 42 84 98 77 74 42 18 15 55 20 7 3 52 4 59 10 78 42 86 54 30 77 40 45 50 44 20 100 11 82 27 12 30 99 37 90 40 14 9 100 40 25 96 72 66 57 12 39 8 71 43 66 63 80 43 35 88 63 13 76 77 67 80 5 59 22 4 68 32 40 81 97 16 46 82 95 68 54 6 95 66 9 0 9 12 3 93 53 78 4 50 61 91 35 96 80 10 34 3 10 28 44 15 5 51 76 95 93 38 19 47 34 11 62 8 69 12 91 61 97 89 90 67 92 84 48 22 16 94 50 99 69 17 98 88 11 42 33 99 29 45 53 28 35 16 76 100 48 19 25 96 10 76 58 21 
2 87 99 83 91 52 81 93 94 36 97 58 22 3 9 47 24 84 49 82 34 90 94 74 34 5 45 75 47 5 98 91 41 50 6 87 48 96 84 49 25 40 83 15 60 28 64 54 17 70 39 12 15 79 48 1 29 89 44 92 11 34 23 83 20 46 17 100 95 5 59 31 20 55 47 61 43 78 9 8 76 62 15 19 71 77 98 78 35 18 53 29 79 34 93 49 3 15 23 19 37 60 47 2 27 78 68 3 34 38 86 60 17 28 8 48 8 53 96 69 69 32 45 60 11 8 61 43 57 72 69 92 38 85 70 75 10 36 76 91 73 24 17 64 21 37 49 53 31 83 21 14 79 93 77 15 10 66 46 5 59 70 94 76 80 75 54 89 10 73 71 23 5 58 26 74 15 7 76 81 12 20 41 53 42 75 97 64 82 95 15 81 38 93 38 59 68 94 4 25 60 100 78 29 24 36 67 49 77 33 76 13 44 24 66 67 100 33 5 71 90 75 33 0 48 98 20 80 26 100 22 66 90 53 94 63 41 63 74 4 48 45 96 34 13 15 61 47 83 85 35 87 8 21 43 78 38 68 49 91 33 36 65 1 55 52 54 44 66 73 38 9 69 44 95 98 43 79 77 59 28 35 48 66 75 41 91 82 1 14 52 63 28 0 11 79 6 56 7 84 
9 62 70 59 53 5 17 67 57 57 14 96 72 22 96 91 9 5 61 94 62 80 98 33 60 58 74 44 58 65 20 76 41 68 99 49 19 34 5 32 38 81 48 69 63 29 67 55 64 67 63 36 16 78 32 21 78 89 25 33 20 96 92 40 5 5 24 67 38 29 11 80 33 72 35 3 93 36 73 21 66 24 78 63 50 85 22 44 5 55 10 32 10 18 14 32 33 54 41 76 85 48 93 16 40 50 88 61 97 43 40 96 13 48 52 38 66 88 88 100 5 46 67 12 16 50 77 84 49 62 56 7 36 46 85 47 87 88 26 40 77 38 63 37 64 71 65 81 54 13 66 40 84 53 3 31 65 76 50 67 35 96 42 58 57 82 91 68 45 68 94 2 80 70 44 11 36 18 12 99 47 19 68 38 86 89 4 89 100 57 41 15 76 48 24 66 40 56 40 45 8 89 65 3 49 48 1 84 83 47 67 90 25 53 38 62 89 5 35 91 38 11 10 58 71 84 76 99 5 97 58 26 85 37 76 22 13 34 65 25 64 49 100 0 97 4 72 28 18 7 43 100 90 56 54 53 28 91 40 81 30 61 22 26 47 87 48 41 16 37 95 68 24 31 79 46 16 59 97 54 79 82 85 55 46 87 57 24 10 49 36 42 5 69 25 8 87 48 64 5 
55 75 46 36 40 25 91 6 66 18 40 33 7 45 77 94 32 93 23 71 65 75 91 76 28 79 97 83 54 54 12 63 65 89 98 76 2 32 55 45 13 91 71 25 23 34 35 31 66 36 85 42 73 77 35 57 12 52 41 73 18 98 13 93 12 50 52 56 21 98 60 63 54 22 43 51 87 59 55 96 74 8 57 11 75 100 73 54 38 84 25 13 33 59 22 98 22 62 84 13 31 55 84 17 74 44 4 92 74 53 63 96 76 11 85 42 0 77 6 70 35 20 33 20 45 16 82 8 42 74 90 45 17 97 82 56 28 21 91 28 38 69 84 31 88 51 39 53 2 94 46 63 33 41 49 90 78 35 19 32 28 2 36 44 66 65 86 18 69 0 1 34 73 92 40 22 37 32 84 5 4 30 53 79 13 33 65 96 94 55 65 64 70 4 19 70 90 21 86 63 72 52 54 79 71 31 31 11 39 65 3 69 2 15 79 45 59 25 61 1 53 25 18 31 33 50 63 85 87 71 67 77 56 68 21 21 14 72 15 7 89 1 13 82 69 80 88 38 85 45 50 45 87 69 18 1 61 50 8 87 61 1 90 51 60 42 13 27 1 78 9 68 75 35 28 41 86 67 5 66 16 0 92 51 12 41 79 68 23 17 5 45 42 31 24 100 84 77 42 26 
58 47 53 21 10 56 100 92 91 35 69 89 99 68 29 63 2 2 3 33 83 90 47 90 94 9 97 13 23 85 27 18 48 71 20 24 72 49 8 0 76 55 40 57 92 39 28 17 53 44 46 73 100 22 40 80 10 54 56 95 31 43 37 91 23 57 97 30 44 36 63 48 36 95 56 1 31 92 44 50 2 28 60 43 56 34 11 60 73 41 85 65 70 98 55 16 53 49 79 31 61 75 79 8 100 61 53 80 71 19 99 5 48 100 27 38 96 33 89 1 77 9 27 68 88 79 53 83 32 91 80 11 72 78 35 87 82 99 86 53 5 12 19 13 57 44 13 2 91 77 85 41 7 14 46 30 90 31 30 38 1 47 46 40 77 84 46 49 29 20 35 45 16 4 25 3 63 88 43 23 83 92 81 0 46 41 35 89 96 66 91 96 0 70 47 55 84 47 29 21 71 15 19 53 89 41 50 20 68 3 30 52 52 96 61 91 7 43 98 25 17 12 99 2 77 40 50 72 12 37 84 32 52 75 63 80 98 48 71 88 76 13 61 70 11 49 12 100 97 87 57 22 61 93 70 29 94 92 69 79 19 66 17 18 85 87 86 75 87 20 62 50 37 51 52 66 35 98 81 66 49 72 8 58 80 34 12 2 53 1 33 20 32 87 34 5 30 34 40 64 
13 44 67 83 25 28 33 85 78 50 44 96 44 42 4 79 79 46 44 87 8 68 16 39 69 91 78 99 5 57 94 96 41 68 88 36 22 74 39 69 81 9 41 43 2 45 74 78 6 17 69 33 81 75 61 50 76 31 19 10 43 1 27 99 23 5 25 0 9 96 0 45 100 98 96 58 16 3 60 43 41 16 82 75 52 76 78 9 93 43 49 60 39 73 9 92 49 20 77 93 14 59 60 44 83 7 46 84 29 59 1 69 89 87 33 98 26 8 74 33 47 86 32 12 56 63 45 95 80 92 58 64 20 29 38 0 39 40 90 1 3 61 16 90 46 86 80 5 94 26 33 45 77 93 85 100 95 75 34 96 72 3 82 28 65 24 27 98 100 39 76 68 10 25 65 100 37 66 73 15 99 14 71 44 59 91 19 42 86 67 15 94 65 68 97 23 55 3 45 76 47 85 22 31 51 14 76 87 28 82 47 37 26 97 66 26 81 92 40 87 1 78 78 6 45 35 61 64 30 24 78 98 94 73 86 26 34 44 1 1 77 53 6 34 30 53 50 58 24 0 88 75 45 40 68 9 28 0 23 73 44 73 70 33 53 83 69 44 68 75 88 75 37 70 2 89 35 9 51 80 64 5 37 52 37 80 2 52 37 44 98 61 71 41 37 91 56 41 1 62 
85 29 75 100 84 21 20 12 67 71 75 94 84 31 22 0 24 86 64 74 26 100 17 51 92 65 58 97 89 78 62 80 89 83 23 61 28 68 61 50 35 53 99 49 78 94 10 94 83 58 26 23 92 77 14 57 73 54 58 88 5 91 97 29 20 58 26 27 83 58 19 26 87 23 24 63 90 35 97 53 55 16 8 0 15 12 91 10 51 68 40 18 91 87 19 72 88 62 27 29 15 21 61 39 100 11 0 4 13 42 76 63 54 24 34 0 9 55 19 54 8 96 76 79 37 17 76 100 92 38 1 71 52 89 83 20 75 94 98 4 92 11 100 89 94 67 55 70 84 59 44 0 72 24 48 19 56 22 20 91 7 50 1 35 31 24 71 69 56 25 8 84 32 68 34 58 6 34 32 23 43 48 43 87 5 39 32 95 57 61 74 32 7 63 79 67 72 0 41 96 46 20 51 72 6 54 49 76 66 59 60 76 33 6 16 76 38 95 10 81 76 90 1 72 19 36 80 25 36 12 18 33 74 6 58 83 7 70 21 17 48 39 35 62 92 68 44 18 33 44 57 22 44 46 68 79 36 85 56 41 91 92 76 45 4 84 91 76 32 4 14 59 51 18 51 5 79 16 1 19 83 36 17 80 14 10 99 82 68 0 16 18 27 1 69 88 81 86 26 83 
23 69 8 11 46 48 83 2 94 20 54 34 30 43 62 71 44 75 45 64 45 36 81 38 43 86 26 64 1 1 46 51 29 12 96 22 14 72 36 30 76 31 17 67 26 25 32 93 36 71 58 20 46 41 46 19 14 52 84 11 54 63 41 53 7 2 42 72 26 19 48 34 20 67 8 74 69 38 46 75 60 35 58 39 59 52 65 43 36 8 27 51 2 12 89 21 17 58 68 12 4 73 91 14 48 10 17 37 10 94 90 20 17 46 28 50 20 33 31 5 41 82 73 19 27 12 13 0 54 33 49 16 52 36 21 17 28 11 57 16 35 42 100 64 78 74 50 19 18 53 58 85 80 21 64 98 98 41 33 23 33 95 24 65 91 58 41 35 30 65 61 12 27 74 93 42 96 80 10 23 2 81 85 39 96 22 9 10 59 38 54 81 88 24 79 46 65 30 9 72 71 99 58 55 48 96 68 83 93 86 89 54 100 87 23 55 7 83 33 93 32 64 68 64 88 7 50 84 85 46 64 71 56 15 59 14 26 64 24 22 33 90 98 41 38 55 23 98 100 22 46 55 7 36 8 91 0 10 23 7 58 36 21 58 55 83 13 55 15 97 62 30 11 37 10 9 37 33 31 63 72 45 42 37 97 44 53 75 78 76 16 7 82 90 23 74 49 88 4 54 
53 49 41 51 42 67 53 16 15 92 55 72 20 89 43 38 51 68 10 60 85 27 31 13 30 82 80 19 99 6 2 65 93 59 14 25 44 6 52 9 50 12 14 74 54 5 93 88 12 7 14 56 53 21 44 85 43 8 21 55 71 52 21 19 31 97 88 6 12 9 62 87 26 43 20 70 86 100 87 14 85 30 54 21 49 40 10 68 42 2 58 97 17 11 37 80 8 29 34 18 24 6 28 21 67 13 86 38 64 7 8 89 95 16 32 28 26 53 63 89 86 60 94 65 30 27 69 21 83 92 79 75 59 90 1 47 73 89 15 96 75 59 30 30 26 95 96 3 23 19 6 63 33 44 97 58 94 11 80 43 40 59 56 72 35 36 88 39 4 30 72 60 8 55 16 81 90 83 20 22 57 52 28 24 8 16 16 11 66 23 20 60 82 98 15 79 60 38 32 50 33 30 77 22 100 63 43 67 46 6 62 66 67 41 43 55 4 63 83 24 89 53 80 38 76 84 23 28 6 81 64 56 20 47 83 9 31 85 68 93 19 9 71 31 40 36 58 96 44 50 74 0 79 90 30 68 35 0 9 82 18 49 76 50 7 32 58 63 2 83 6 59 75 25 88 5 91 67 24 41 11 36 42 58 60 22 19 97 93 77 1 92 25 58 37 85 29 30 88 57 
94 82 8 96 42 84 64 16 78 27 66 58 80 70 78 11 15 49 53 86 49 75 34 91 57 5 31 60 33 84 18 53 63 35 3 60 79 79 6 47 42 82 93 30 62 82 70 81 72 79 28 99 32 65 53 44 90 24 98 33 60 27 44 61 77 94 73 75 37 76 54 96 71 92 50 29 39 8 59 81 0 0 8 34 12 91 92 84 59 64 21 73 34 12 91 57 38 60 36 9 67 55 2 37 32 95 100 64 17 50 94 5 7 8 83 76 56 86 94 98 9 77 40 64 84 44 1 72 44 47 84 92 27 99 5 39 41 91 59 82 68 43 92 47 61 54 44 73 69 9 66 30 68 39 65 17 8 17 7 44 89 2 77 11 26 32 98 27 61 63 76 55 24 51 66 68 15 94 68 59 77 53 99 29 95 89 42 13 52 8 28 19 86 69 42 72 18 22 10 75 62 41 82 99 86 32 64 49 20 10 39 21 56 48 96 33 90 96 77 49 70 63 6 79 17 43 20 57 21 49 80 85 61 27 77 75 86 36 78 33 2 94 48 33 94 92 47 32 23 5 90 37 82 70 28 89 14 79 5 56 61 9 88 42 6 31 45 7 69 99 12 25 90 30 23 36 35 2 1 73 41 19 28 37 48 45 59 24 64 90 91 3 95 99 75 19 83 34 99 90 
47 50 45 49 35 47 97 61 15 96 84 32 85 20 16 73 80 19 23 80 98 34 5 93 28 97 4 65 49 99 61 82 42 50 60 53 70 44 26 41 91 87 91 42 58 6 67 13 95 88 82 90 54 43 98 50 11 33 73 62 10 27 91 77 22 46 54 20 87 9 43 11 88 6 73 0 72 5 12 42 25 10 78 42 51 95 58 83 22 39 22 23 83 84 24 99 25 77 61 44 37 9 78 94 85 15 42 67 2 96 77 98 5 1 91 14 0 91 25 71 31 62 52 14 56 5 99 89 25 6 3 44 87 94 10 36 99 33 50 16 45 89 48 30 18 36 58 91 14 62 71 45 25 51 81 0 56 95 33 63 94 70 23 90 20 3 12 29 76 4 88 70 30 34 0 63 55 23 95 29 92 28 6 62 78 77 99 25 31 24 85 38 74 37 39 90 86 74 45 77 75 32 3 90 71 83 63 91 69 83 33 21 19 20 8 52 24 97 11 40 16 4 86 84 86 18 3 69 25 93 97 16 35 84 14 30 59 83 16 61 8 44 66 18 50 51 23 74 65 69 29 62 57 91 69 36 7 93 54 69 41 31 25 33 35 37 63 26 78 33 14 68 56 1 0 94 33 76 35 80 23 13 44 65 100 12 30 20 27 37 2 21 4 4 42 57 5 32 47 72 
66 12 30 19 5 37 79 71 48 31 14 36 34 93 97 57 7 32 52 26 29 32 16 93 60 97 38 28 22 33 95 40 75 95 81 41 57 5 69 67 7 78 63 70 93 93 88 65 82 23 13 68 95 7 77 31 21 12 85 8 90 96 89 99 3 27 12 31 29 78 34 64 32 29 58 35 85 99 82 36 61 34 16 71 43 99 10 20 24 64 66 15 6 99 38 33 78 48 1 71 58 15 42 74 29 61 20 55 58 33 24 37 48 4 75 15 90 0 81 25 5 82 88 44 50 87 81 32 25 0 11 15 90 53 82 28 98 65 72 70 77 22 85 73 7 100 54 41 12 76 45 50 26 24 92 9 3 45 47 21 60 11 48 57 81 40 97 8 100 48 38 74 22 51 45 80 19 98 68 87 0 97 26 67 43 62 100 30 86 65 62 7 90 0 67 26 44 4 5 96 95 45 49 26 95 53 44 40 18 89 0 91 7 72 91 34 1 98 50 18 38 2 72 97 33 54 40 97 61 64 91 72 42 12 79 48 55 83 79 84 4 99 64 18 62 36 94 48 44 27 69 79 14 73 72 10 40 30 20 4 36 30 97 41 0 53 24 83 36 66 84 65 90 27 26 54 22 76 61 92 63 47 56 30 100 56 99 73 9 52 63 47 68 22 95 62 23 92 46 25 
33 88 23 43 97 38 26 9 19 85 60 17 91 65 6 74 94 44 17 37 9 92 15 87 51 2 22 87 0 84 13 32 71 77 57 99 92 31 98 31 0 35 13 1 33 74 39 66 11 13 33 42 35 51 66 11 78 63 37 3 30 75 84 25 95 2 64 47 70 4 63 63 84 3 30 14 17 10 52 92 52 25 12 40 53 51 77 46 89 28 44 99 60 84 25 20 14 53 7 91 51 78 21 62 52 8 6 75 88 87 75 87 69 95 97 90 9 67 48 75 30 1 86 89 49 0 7 21 87 4 16 10 65 92 86 36 35 82 38 51 58 27 72 98 49 1 72 32 39 25 46 98 2 89 90 86 77 61 42 18 66 97 50 82 37 78 26 21 56 20 96 55 66 31 51 26 21 73 50 23 24 90 100 22 71 86 17 38 72 22 64 9 52 81 62 70 95 65 1 8 79 33 52 50 28 75 0 60 57 52 66 92 35 7 32 11 4 84 23 61 29 46 79 7 87 20 58 23 20 42 80 91 22 89 78 34 73 34 56 62 6 0 13 21 19 46 47 89 47 95 29 36 79 0 19 19 48 73 82 72 76 2 98 66 51 67 43 20 79 29 33 19 43 67 34 26 13 46 52 27 54 83 16 93 82 85 74 99 28 2 58 46 49 91 7 24 67 73 84 2 
62 63 66 4 98 97 98 78 77 5 51 19 61 86 35 19 38 34 62 56 41 96 42 95 85 6 41 55 6 1 99 21 59 86 10 3 73 32 90 46 92 5 48 7 19 50 64 57 76 47 84 25 27 95 88 66 6 40 89 82 17 13 91 29 24 46 66 39 82 7 77 69 5 33 63 68 10 57 84 76 67 70 85 35 98 83 82 83 53 15 33 44 36 19 52 54 91 20 54 19 57 88 65 20 85 40 64 70 82 85 4 54 45 33 6 9 94 81 31 2 12 13 47 94 68 100 62 58 86 74 63 40 60 47 56 73 57 24 61 34 98 81 49 39 49 25 33 11 41 66 67 19 56 73 21 44 40 60 12 3 68 56 14 81 80 99 83 7 61 65 31 82 92 8 76 99 90 54 72 99 32 77 37 15 6 12 92 46 68 68 73 26 55 28 53 3 42 81 66 75 38 55 44 90 8 54 96 51 54 16 90 28 98 83 49 98 34 19 46 27 58 40 90 20 98 45 29 41 30 82 47 23 4 54 47 5 97 32 46 42 15 64 59 50 2 32 50 25 65 67 47 65 75 43 49 77 35 84 3 97 45 72 48 23 77 5 68 71 51 58 17 88 29 36 77 28 19 57 7 91 71 23 15 3 61 82 28 19 89 26 23 4 81 40 32 94 93 87 87 61 
2 83 56 53 41 6 79 45 52 12 27 70 67 44 46 65 3 84 25 38 89 48 55 2 11 76 50 52 84 12 25 40 39 89 57 15 42 56 74 13 8 78 31 58 89 32 22 48 72 50 6 48 0 5 5 18 3 8 71 35 94 48 60 15 80 99 69 70 30 93 77 90 10 73 60 50 40 40 41 28 74 1 4 17 14 36 47 82 72 7 95 25 49 67 20 98 73 58 45 68 54 79 63 34 25 74 37 85 79 40 83 15 14 11 40 34 17 45 89 28 36 36 74 96 84 0 74 11 13 22 76 37 84 40 29 90 86 32 66 57 67 80 77 88 5 22 45 75 57 73 38 86 48 72 99 94 100 62 40 34 4 34 49 64 47 86 34 27 65 52 76 39 100 22 80 46 46 64 84 21 45 100 81 22 89 44 9 40 5 82 3 79 34 35 66 38 90 13 74 90 30 100 44 74 31 84 8 34 14 28 69 20 86 68 12 56 55 79 5 89 92 39 44 89 31 74 82 46 42 9 96 66 76 41 94 84 3 77 70 3 89 15 11 28 16 57 87 59 11 39 41 15 1 21 12 15 89 75 44 12 38 75 51 67 82 16 67 75 18 47 63 60 37 55 22 68 89 71 59 44 55 74 0 53 43 39 63 57 10 75 10 48 61 18 6 73 87 52 56 76 
65 88 65 36 18 66 26 19 52 90 70 87 70 61 72 35 10 61 17 1 44 45 69 50 75 89 59 57 58 70 87 16 35 32 66 26 86 41 17 56 5 90 1 98 68 17 29 78 76 40 23 12 48 92 3 14 23 75 50 18 39 2 19 25 57 44 93 100 49 24 9 47 18 47 86 13 40 88 17 13 100 0 0 64 73 30 16 38 5 1 27 60 31 69 1 97 25 4 24 56 92 30 8 37 53 15 33 23 29 67 7 92 11 83 63 10 53 28 32 92 25 46 77 48 53 6 52 91 75 94 15 61 27 17 48 77 68 51 27 17 84 84 8 90 82 87 57 57 36 98 95 44 14 92 73 61 77 4 17 20 80 0 32 56 67 7 96 92 2 96 4 1 23 43 32 71 58 74 40 9 84 75 24 75 33 43 28 7 99 60 11 10 54 58 68 38 75 81 45 44 34 60 80 61 84 92 24 3 85 31 36 95 30 85 6 100 15 53 73 73 70 12 78 31 20 38 17 18 85 40 44 86 0 19 81 5 44 22 33 60 44 91 39 11 78 44 5 17 38 70 66 10 68 1 74 47 79 100 15 56 4 72 37 14 34 7 27 71 59 13 52 57 71 60 92 0 1 4 54 64 79 50 56 53 52 24 14 1 33 12 59 36 51 90 78 92 63 86 26 100 
16 0 5 29 33 48 76 17 18 86 89 19 49 94 21 89 20 44 74 73 54 93 19 94 89 0 91 75 73 97 25 36 47 53 62 10 76 46 2 1 93 8 61 76 62 70 22 39 56 100 99 81 23 73 42 7 86 52 22 54 26 95 100 78 21 77 50 8 71 79 44 41 16 32 64 21 87 4 13 17 70 71 14 80 52 4 35 70 68 99 44 76 98 37 62 25 23 46 87 87 77 36 62 95 52 95 83 79 95 44 46 57 31 16 23 54 29 97 76 41 83 27 98 53 44 49 75 32 32 50 5 86 58 31 19 7 12 58 63 73 36 26 49 57 4 40 5 99 42 46 71 8 95 46 22 72 13 41 59 54 27 13 43 85 64 54 32 49 32 93 55 39 64 45 81 3 36 35 32 17 72 0 16 93 18 68 15 17 95 38 32 29 63 35 63 69 45 43 27 98 9 57 35 53 61 60 80 60 91 89 56 90 16 36 40 78 49 22 99 11 40 82 80 3 94 61 56 79 37 11 93 64 44 31 50 99 83 83 19 35 42 69 32 90 37 30 23 0 47 99 87 23 81 53 50 82 18 78 29 22 28 10 0 7 83 100 39 53 75 82 30 62 34 55 91 79 92 20 46 58 58 99 14 13 11 21 52 5 2 68 55 79 36 22 65 70 37 21 57 97 
1 52 37 68 65 20 69 12 91 55 40 17 13 98 8 16 22 26 29 81 35 67 46 53 45 82 84 48 73 71 24 20 100 15 31 69 5 1 73 81 98 65 59 25 27 98 54 82 67 94 19 3 62 2 52 49 23 33 100 6 50 19 32 92 82 29 11 39 49 57 17 88 91 20 0 76 44 93 58 9 91 32 69 86 42 44 25 9 75 51 19 51 94 76 67 16 49 9 66 40 77 49 47 65 34 73 19 29 83 77 23 19 35 70 22 9 46 27 44 87 97 57 8 69 95 98 65 77 16 72 63 44 6 91 89 40 50 14 24 25 82 16 14 8 15 51 93 50 91 87 56 79 6 10 73 78 60 61 33 45 55 60 53 4 54 38 53 56 51 22 67 15 100 43 5 9 71 0 9 89 40 58 80 36 10 35 80 22 33 17 51 61 80 6 88 19 96 100 15 38 45 14 40 57 48 44 5 25 32 46 13 14 15 37 99 56 55 64 11 67 95 48 83 95 38 80 73 78 10 58 83 96 70 39 83 79 86 82 23 95 26 8 78 31 60 59 14 88 93 22 47 65 5 64 13 1 31 61 26 94 8 45 58 48 95 39 7 68 65 74 15 19 6 54 30 94 87 26 76 9 76 74 26 47 93 68 87 73 52 21 72 60 60 49 34 42 26 84 20 99 
67 10 62 77 69 18 93 49 20 42 53 97 63 44 96 65 79 42 53 38 24 3 45 25 54 88 25 10 84 28 44 87 35 74 22 37 39 76 15 84 51 31 33 7 80 2 51 59 27 70 96 83 7 72 66 61 32 15 80 41 4 77 4 40 18 15 61 63 73 10 6 7 40 23 21 12 71 83 24 71 11 60 74 98 69 22 56 77 10 27 41 46 4 99 50 11 35 57 74 91 53 55 18 75 63 9 26 54 58 63 34 48 85 100 65 22 40 37 7 91 1 9 67 42 9 55 25 55 50 84 44 46 82 64 95 75 60 13 58 39 34 50 7 2 85 46 74 40 83 58 97 4 91 62 10 3 100 94 25 68 96 72 55 59 100 49 8 76 75 16 63 82 29 88 6 13 65 93 52 74 64 55 1 32 95 41 21 25 73 9 7 61 43 66 30 97 83 30 10 46 74 19 66 29 43 21 46 97 53 43 16 31 96 23 7 53 0 23 64 27 35 13 38 55 67 37 12 84 77 38 85 49 82 56 41 33 98 34 98 62 41 97 60 26 40 6 58 82 73 87 48 48 77 33 44 90 40 69 72 79 91 62 75 30 36 7 54 3 85 81 58 81 2 95 81 45 43 7 28 38 6 72 81 49 74 31 18 16 12 19 29 94 28 58 100 75 69 58 11 80 
2 25 66 58 51 81 52 10 54 89 24 74 90 6 52 82 18 19 85 77 63 75 79 82 94 6 78 20 46 42 84 65 81 71 23 55 45 18 81 49 82 94 92 8 53 36 48 6 49 79 53 46 99 29 62 51 14 81 56 47 38 30 32 12 100 31 87 57 7 85 69 19 44 62 58 92 11 94 31 55 62 64 78 12 53 99 8 68 6 41 37 76 10 73 55 83 51 39 94 51 39 65 77 8 84 27 93 57 58 1 93 87 32 0 69 88 36 5 56 21 96 96 62 18 71 55 15 59 52 42 19 47 29 14 47 2 66 15 80 31 76 79 66 15 1 9 71 54 95 35 64 16 81 89 66 67 56 82 9 65 54 37 48 74 51 16 58 30 81 14 87 40 18 65 80 57 25 96 79 24 7 38 36 86 74 31 46 4 74 79 94 6 6 79 34 98 82 74 41 43 2 81 23 72 71 9 19 71 29 54 93 0 6 24 73 17 63 4 69 12 77 55 35 35 31 66 49 49 88 99 42 1 81 36 91 30 30 22 75 50 7 16 62 11 25 23 88 92 78 75 51 19 9 34 94 96 54 34 88 62 44 93 33 65 77 85 70 76 23 56 55 37 27 77 13 48 56 12 76 41 42 90 55 26 33 70 8 14 55 84 96 74 63 44 80 74 41 86 79 47 
14 32 78 10 49 75 33 55 79 23 31 39 56 50 90 11 80 42 91 96 27 7 44 20 37 84 12 41 16 34 67 51 100 16 52 40 37 7 57 29 56 81 70 53 70 74 4 40 16 82 37 18 44 82 2 31 94 33 26 61 81 77 3 0 35 55 71 54 17 27 11 82 66 38 82 87 74 11 71 34 35 50 86 53 95 64 66 54 66 13 45 28 43 16 7 52 71 75 20 54 3 25 66 35 9 2 44 63 78 21 73 26 88 94 36 17 87 60 77 47 31 84 88 2 86 95 15 67 77 71 4 59 92 84 74 89 73 30 1 77 65 99 49 87 11 41 45 83 9 4 33 1 56 31 89 98 95 27 88 99 35 66 88 62 71 15 91 43 69 78 54 48 63 70 67 61 100 36 29 82 4 26 17 40 22 15 88 22 44 96 5 82 51 87 1 16 100 100 22 31 15 29 21 46 12 22 4 22 37 100 83 13 76 11 24 59 86 29 98 15 80 87 36 16 18 96 83 6 94 91 72 90 67 61 41 81 17 34 41 19 69 92 31 1 26 20 75 10 41 4 9 3 58 5 51 48 42 18 37 80 33 83 57 85 24 74 7 0 63 57 44 98 54 6 20 50 76 9 27 10 42 17 9 56 88 7 92 93 29 54 98 79 69 32 67 44 58 67 25 55 
32 18 55 68 31 77 92 27 84 8 96 2 42 43 32 46 1 27 99 45 95 84 97 58 40 7 71 91 5 54 48 60 7 60 57 10 63 58 12 80 20 5 54 14 68 6 75 65 92 28 74 31 36 46 10 21 0 3 18 47 18 35 10 70 88 96 34 13 3 90 98 69 47 70 55 28 56 56 16 73 35 87 16 51 42 81 42 36 90 88 25 14 88 9 80 91 91 57 32 98 39 47 12 77 68 20 65 40 43 54 60 19 88 34 25 68 30 39 12 6 54 71 45 3 92 62 7 100 87 93 90 38 64 65 13 97 72 29 94 86 59 83 69 43 40 96 61 73 99 92 33 37 66 88 61 4 10 64 28 37 38 48 1 5 40 4 98 31 29 0 100 63 19 45 96 77 26 89 48 97 52 75 52 46 56 50 10 2 66 70 72 92 62 52 35 42 36 63 84 40 84 72 25 9 65 54 30 22 76 39 95 36 18 43 53 78 83 16 79 12 20 10 94 26 61 64 11 41 60 65 77 96 83 51 25 31 36 93 33 40 40 47 97 29 11 90 23 8 46 8 92 81 26 41 85 88 15 53 31 69 86 15 9 86 56 34 56 31 95 89 28 63 53 96 23 76 66 97 93 41 66 79 66 78 90 79 48 47 51 87 90 51 48 42 90 3 51 57 98 78 
99 13 65 7 19 5 67 48 94 70 77 78 18 67 5 82 56 84 13 94 13 89 79 29 31 65 3 48 43 80 6 97 60 2 70 88 53 30 57 93 59 70 21 71 79 0 70 70 75 23 81 58 2 10 46 22 13 4 40 52 17 62 87 10 90 73 50 84 7 73 96 37 63 56 66 50 54 11 48 57 49 96 22 29 55 98 19 66 75 2 68 15 65 16 57 22 90 95 53 16 0 10 78 83 51 61 77 26 68 49 11 70 4 62 13 66 65 74 36 60 66 4 85 88 66 65 92 87 9 66 17 2 99 25 36 96 3 39 52 33 51 21 30 71 96 53 83 13 74 78 36 68 38 76 25 6 97 59 63 25 25 67 29 12 76 74 28 19 44 13 12 68 0 91 59 61 88 88 94 90 9 1 56 79 13 75 78 39 98 69 40 59 48 52 49 93 78 40 46 34 47 42 100 91 52 49 6 49 56 53 1 36 51 97 30 96 78 7 14 69 83 83 31 93 83 66 26 20 85 27 54 97 66 45 11 18 16 90 10 90 78 55 14 6 39 91 67 76 23 60 44 2 21 69 31 51 8 62 2 98 43 16 49 5 46 94 60 52 13 14 57 9 92 19 75 97 0 51 48 90 66 74 10 23 57 40 69 83 41 79 25 23 33 50 72 62 41 67 59 42 
40 42 14 99 35 8 5 3 50 69 0 52 46 44 3 34 77 80 67 11 36 94 79 30 2 41 69 39 75 24 27 5 24 67 54 72 17 95 38 52 3 43 0 77 92 94 23 34 15 51 64 7 62 52 87 6 87 69 94 93 61 52 25 80 93 47 89 73 53 82 29 70 28 69 62 33 82 99 98 68 55 100 87 85 28 32 93 97 93 89 27 38 14 98 32 23 7 9 53 43 22 4 83 30 94 58 75 94 8 9 61 19 48 4 46 64 74 51 40 50 95 67 44 89 71 72 36 92 42 66 61 63 78 84 34 80 84 78 41 36 100 20 46 6 29 13 28 49 92 64 86 29 95 17 38 80 72 57 76 66 40 34 46 13 5 51 85 45 51 49 53 76 16 53 89 51 11 16 78 29 55 34 82 91 2 4 86 77 15 86 12 5 66 20 60 98 84 76 23 56 82 57 2 46 42 79 70 47 27 84 72 89 86 83 79 27 10 44 13 99 84 6 80 71 68 98 5 35 64 59 40 74 62 89 72 92 60 15 98 40 68 8 73 86 53 16 66 20 26 83 68 76 9 92 15 73 72 73 92 56 28 89 54 29 99 66 80 15 32 17 33 5 69 59 91 97 42 96 71 3 98 56 32 72 65 15 43 47 34 65 72 43 60 54 57 67 27 97 72 89 
23 21 18 9 88 82 29 31 12 96 82 4 91 34 61 3 58 92 10 25 62 79 50 44 51 35 8 34 71 55 6 20 38 97 39 54 100 88 60 30 58 56 92 73 57 55 79 52 96 67 85 26 75 4 83 15 52 32 82 28 62 84 97 98 72 23 13 26 2 83 71 28 88 69 63 71 6 41 38 73 86 53 100 68 4 21 1 6 53 95 38 17 77 55 99 56 92 56 4 69 91 26 55 47 49 27 65 58 76 37 36 77 46 57 44 97 17 4 53 60 53 13 33 46 57 53 78 90 63 63 5 76 97 60 51 36 23 59 99 79 73 100 6 89 48 73 50 0 11 7 18 46 100 35 34 61 76 83 29 43 35 92 20 81 41 27 83 4 59 36 65 97 29 11 35 31 23 83 28 97 99 93 76 38 87 56 73 97 39 13 79 81 34 18 44 45 49 42 14 93 80 94 3 30 59 77 89 35 53 30 49 98 30 6 79 54 63 91 54 78 10 16 92 42 38 40 19 11 97 88 89 95 66 22 47 30 60 51 48 2 71 63 40 27 78 47 94 55 61 30 97 26 3 3 55 71 30 7 28 91 4 95 40 62 4 98 14 75 47 37 71 6 51 75 98 71 31 16 87 46 91 26 29 59 43 80 89 97 36 4 27 33 39 58 73 21 7 94 56 90 
68 80 71 86 15 33 23 43 92 3 54 71 27 91 19 9 96 64 62 61 53 27 15 38 90 72 31 80 87 28 71 18 60 57 12 64 48 98 15 87 100 73 14 16 5 71 80 2 91 77 77 38 99 32 75 40 7 76 37 8 58 66 51 48 13 32 13 15 39 46 74 33 93 20 28 94 94 61 94 90 52 25 5 85 55 10 92 35 55 88 11 64 53 66 46 17 58 30 81 71 4 33 72 42 42 95 82 55 48 86 17 99 8 91 99 79 19 56 65 63 99 50 81 5 73 66 16 55 86 70 36 84 11 20 34 70 99 72 79 96 77 77 84 72 77 55 76 59 3 74 44 91 27 39 88 45 16 29 7 14 94 65 15 25 45 47 73 81 93 53 45 78 83 26 99 64 93 7 19 17 41 87 77 60 34 1 51 78 46 45 58 43 5 27 45 99 68 24 86 78 58 36 91 27 1 99 45 41 15 32 38 6 10 58 93 0 75 1 19 97 39 3 41 2 17 76 55 90 91 16 34 88 11 54 9 48 7 15 38 33 77 93 68 62 87 48 62 4 70 81 57 33 75 43 12 57 35 71 89 5 77 21 12 33 3 74 89 21 43 24 59 88 44 18 74 76 26 51 9 10 79 23 67 18 66 14 72 38 75 18 90 93 5 34 64 11 53 19 31 36 
95 94 46 86 24 49 44 58 15 98 67 32 80 43 75 24 59 15 12 67 50 93 99 37 20 32 67 11 60 41 22 56 3 50 38 54 89 45 83 49 45 11 26 29 32 49 79 54 99 20 56 29 40 54 100 18 16 26 58 65 40 24 0 85 79 5 89 91 45 4 30 35 51 61 57 16 43 85 70 94 33 19 80 41 8 69 68 83 82 80 12 57 45 94 89 7 91 16 91 37 49 64 50 74 77 71 93 0 86 24 58 69 62 25 41 91 57 24 25 56 68 67 54 66 52 14 65 30 18 87 53 93 68 22 84 44 93 90 66 3 46 79 65 91 33 66 38 11 83 71 45 52 13 11 22 42 91 24 68 4 36 10 66 19 34 71 26 15 19 34 12 10 48 49 73 46 58 42 72 22 46 7 25 67 40 48 79 8 40 24 97 76 96 94 80 40 35 58 0 25 88 72 100 18 67 60 99 11 5 8 51 49 37 35 79 67 84 70 0 65 91 95 47 95 75 71 1 58 32 42 7 96 32 80 60 90 14 33 17 32 95 72 57 8 98 80 61 35 53 11 61 12 37 98 2 82 80 47 50 57 33 59 87 9 38 85 51 46 8 85 70 78 55 24 88 66 3 62 75 57 70 0 10 31 1 34 69 13 32 83 34 58 24 4 84 83 54 70 4 98 
22 23 20 39 8 39 1 87 21 70 41 74 40 26 92 7 48 40 87 26 1 51 82 89 97 94 88 56 84 42 12 54 80 40 96 76 35 40 15 65 84 39 67 9 65 12 97 8 13 51 99 90 34 43 16 2 13 10 87 89 11 36 95 82 39 42 81 87 62 32 28 85 41 22 1 28 73 12 10 27 57 86 42 93 37 63 4 31 77 38 49 0 11 31 32 41 41 78 68 48 11 24 29 50 42 4 87 29 26 92 15 66 29 36 39 37 26 8 65 36 10 93 11 10 16 78 58 99 0 76 64 80 58 79 61 7 9 47 29 13 3 30 57 31 34 66 31 13 95 75 51 97 17 15 15 8 44 9 67 6 39 94 25 19 58 49 66 77 25 92 49 24 82 55 29 92 86 43 89 41 65 46 55 71 88 66 39 29 92 69 86 2 19 32 49 80 72 18 47 65 57 5 23 15 87 62 84 83 44 15 64 32 11 12 80 9 73 19 50 75 44 55 68 16 81 18 80 97 46 87 72 24 53 38 17 76 43 14 95 57 69 12 82 14 8 43 85 13 75 87 49 95 1 8 97 31 7 30 37 15 26 61 38 13 37 54 36 93 28 44 38 93 43 44 20 76 62 26 55 53 23 83 61 73 53 13 27 79 58 30 41 51 81 34 69 99 39 31 56 30 
63 82 76 32 3 88 20 63 19 23 98 39 17 81 71 13 1 73 6 2 13 59 60 30 95 19 23 75 87 88 66 16 48 11 9 86 72 47 97 95 10 38 42 57 98 29 33 89 68 71 47 1 53 85 21 75 94 96 20 2 3 43 65 83 45 71 98 82 81 62 41 96 93 40 69 11 97 10 71 6 50 73 70 8 79 57 16 85 14 29 32 38 92 89 75 73 51 67 80 97 27 83 82 93 93 35 56 4 15 63 58 75 72 34 97 56 58 79 99 91 39 55 72 72 90 73 48 8 0 84 35 96 63 10 1 70 96 45 68 86 35 59 93 36 15 77 13 64 42 58 32 40 9 89 94 61 73 7 46 34 65 0 39 90 26 64 67 54 22 50 83 96 88 72 37 58 21 23 33 94 24 75 83 20 33 91 55 95 17 81 62 1 86 2 87 34 68 60 28 9 98 11 92 60 50 86 12 59 79 25 9 95 20 73 36 73 85 82 7 53 55 68 59 24 96 58 66 9 81 14 46 75 52 13 96 13 86 17 94 38 38 61 17 36 70 34 66 25 80 7 56 49 0 50 5 70 56 90 63 38 41 38 20 13 99 19 98 68 33 26 99 58 27 94 84 73 72 30 61 35 78 33 1 66 93 28 64 33 92 42 60 16 68 2 5 16 3 95 63 81 
74 27 49 83 25 36 59 3 42 13 47 2 60 31 47 8 7 64 73 55 48 89 67 77 20 32 100 6 76 87 56 48 8 42 25 51 69 14 98 57 45 86 30 44 94 25 96 98 31 39 1 30 62 30 12 81 84 70 43 93 70 74 3 38 94 73 88 60 50 44 87 4 65 26 85 62 53 5 80 5 25 56 82 23 83 92 10 34 83 22 80 5 74 98 34 29 22 50 50 89 80 76 42 31 27 17 23 4 88 17 8 15 77 83 72 97 62 46 54 65 63 44 88 23 28 57 48 5 100 2 10 76 37 65 79 65 41 13 94 65 75 14 69 22 6 74 8 26 58 4 69 23 36 75 70 67 15 78 40 48 72 18 63 75 27 99 46 50 38 28 62 77 21 94 58 98 86 23 37 44 83 95 65 30 74 18 52 1 41 95 16 38 36 70 34 15 60 95 41 76 6 76 62 65 36 55 60 22 71 52 99 45 41 38 54 35 19 56 42 67 20 78 22 85 3 91 18 69 50 71 99 75 18 97 13 94 19 1 78 15 47 78 74 62 31 76 91 93 71 58 45 33 56 14 19 36 82 38 9 91 98 87 89 91 18 48 57 68 78 74 57 31 91 19 59 66 62 27 52 86 51 83 60 24 17 12 86 83 25 44 13 9 59 100 14 1 1 4 10 96 
22 89 91 24 6 64 86 76 22 35 59 18 77 3 8 22 87 24 63 84 93 15 41 57 36 17 14 59 24 51 37 89 87 51 78 18 88 36 59 78 23 47 15 51 43 1 33 61 95 89 66 52 46 73 69 59 79 32 28 61 32 87 96 35 14 30 53 61 69 26 48 2 83 4 71 23 39 45 77 38 47 82 43 78 14 67 44 59 79 56 76 97 71 21 9 79 91 68 94 45 89 48 43 58 17 34 9 63 63 62 38 81 75 74 12 26 57 20 28 91 82 13 87 32 44 52 30 59 56 95 72 10 4 46 56 68 75 41 36 84 75 84 29 64 63 56 73 99 77 36 23 65 91 23 10 49 15 69 48 72 88 78 85 72 100 33 68 92 21 99 48 45 88 14 75 13 14 41 39 64 58 97 16 21 5 28 15 59 3 55 38 85 31 23 86 18 65 28 86 100 23 68 50 89 94 86 85 36 38 24 27 30 3 49 74 13 11 30 90 47 1 2 41 49 89 73 48 61 82 90 80 12 30 97 37 86 27 6 14 84 2 36 78 98 15 43 15 76 31 66 59 41 51 90 8 85 100 93 54 52 65 56 74 81 15 8 84 31 97 67 5 75 9 91 42 35 48 7 59 43 88 54 7 21 68 43 11 34 68 1 35 52 99 64 74 92 39 99 91 90 
83 27 68 92 65 76 95 62 43 18 73 68 25 72 70 92 73 34 54 39 70 72 89 32 27 83 27 73 14 60 58 48 76 78 65 98 92 96 25 93 75 21 99 88 30 22 20 14 50 47 28 12 32 88 55 2 23 92 94 67 94 63 40 83 13 93 5 4 31 76 4 67 21 79 15 48 31 6 97 21 60 67 49 46 25 63 53 57 34 5 68 78 48 6 38 87 90 38 24 83 63 46 49 65 6 4 1 0 36 92 78 82 40 94 54 55 19 100 39 94 95 6 35 20 99 79 52 11 47 13 81 91 95 42 30 54 35 69 88 70 91 93 57 63 24 56 58 3 68 70 60 31 96 51 72 75 4 78 97 19 53 78 41 78 18 54 23 46 68 13 55 73 17 93 39 8 11 13 17 69 3 96 96 76 60 28 87 41 34 63 66 45 93 52 14 49 43 9 32 63 6 6 30 50 89 9 19 96 61 73 38 85 26 61 73 71 9 33 66 74 96 53 79 4 44 3 44 68 68 84 31 94 48 73 62 82 10 18 48 46 8 99 6 10 91 95 83 36 56 39 19 12 84 76 70 28 99 35 42 98 33 90 37 26 16 99 84 52 11 79 29 93 73 35 99 27 39 78 34 97 40 99 86 85 27 72 95 69 16 83 9 75 36 66 19 58 11 14 82 56 
1 90 76 9 48 67 85 69 25 49 55 75 93 57 31 30 19 24 42 56 26 14 68 4 42 17 36 22 63 4 80 44 100 39 89 34 18 95 42 86 62 12 50 1 62 14 48 93 36 15 91 76 95 1 53 76 10 97 17 54 47 53 91 2 94 91 87 7 26 80 82 27 64 16 61 73 6 3 8 87 84 4 51 24 13 36 52 49 68 60 70 55 27 24 89 52 76 2 11 63 49 9 21 22 11 24 9 36 10 85 34 84 85 63 91 47 49 84 99 25 22 80 79 81 70 40 13 97 44 76 53 59 22 54 19 60 100 86 29 22 30 9 8 35 91 52 53 46 10 78 59 86 44 70 16 18 23 21 44 5 93 10 99 2 79 24 77 100 7 98 72 94 79 91 13 77 73 13 13 97 0 54 71 53 73 61 19 62 76 91 84 26 51 53 56 0 40 82 29 13 30 36 43 3 6 34 52 75 57 20 90 21 69 21 79 81 93 70 85 14 29 99 5 83 45 69 95 17 56 11 85 97 3 23 62 38 46 6 14 7 4 60 56 65 14 16 28 39 100 5 11 29 29 70 99 78 64 24 52 1 51 46 24 22 38 25 97 96 69 91 30 25 94 81 82 34 19 62 15 15 64 14 5 90 69 44 41 51 67 31 68 41 33 93 26 73 25 19 14 32 
5 23 76 82 51 12 55 9 100 9 45 27 99 10 89 73 2 99 57 43 58 34 94 91 4 64 6 70 62 73 11 100 7 72 65 28 44 40 42 31 78 93 69 57 49 75 71 34 21 81 22 70 3 81 0 78 25 63 37 40 91 14 33 34 100 16 78 83 99 2 82 7 15 15 84 64 65 22 70 25 28 76 62 37 39 50 10 26 78 91 43 3 83 89 55 42 10 13 70 97 41 42 93 40 47 4 46 14 9 76 28 77 5 95 99 11 14 2 6 6 94 36 52 87 90 85 45 60 43 69 16 53 50 31 44 70 35 14 10 92 42 45 62 32 22 45 84 40 50 62 83 13 72 40 87 44 9 82 25 75 97 88 69 4 7 31 12 1 63 61 55 83 0 71 39 53 2 29 85 16 61 40 66 71 21 50 5 50 37 44 40 59 95 57 84 83 61 62 99 48 86 64 64 47 98 23 39 0 79 64 70 16 72 96 57 82 88 14 35 89 84 2 7 32 95 57 72 15 90 29 42 34 37 1 94 22 50 31 65 5 71 2 98 16 81 74 56 66 53 57 61 40 66 100 56 1 83 49 73 32 28 19 50 9 60 70 11 60 12 78 43 7 4 47 65 6 71 24 32 98 1 9 33 49 16 43 46 62 65 25 43 18 16 15 41 68 71 17 28 72 
61 10 52 18 1 62 43 11 97 16 83 81 66 60 43 50 69 75 7 89 76 19 80 92 75 88 13 3 47 10 94 87 50 87 80 71 78 19 37 78 13 47 2 6 75 9 36 16 53 38 94 15 11 46 64 10 66 93 39 27 38 89 81 39 26 16 61 41 11 4 55 26 2 46 61 100 98 71 90 40 68 43 98 53 56 3 19 4 91 81 86 10 83 56 66 77 70 44 56 92 2 71 22 36 84 89 98 92 66 29 8 95 64 94 20 93 29 6 49 26 97 65 82 16 33 0 11 19 8 14 68 77 58 23 49 98 13 84 37 1 65 46 98 32 47 85 77 85 69 0 47 97 98 76 10 43 27 78 76 17 50 10 48 73 81 13 5 69 65 15 42 86 60 32 59 69 77 82 76 93 8 42 50 74 27 12 22 84 7 34 61 41 1 3 78 15 82 73 23 25 60 95 69 95 87 85 0 4 59 90 19 60 95 28 34 91 99 70 48 61 6 80 28 55 90 61 47 61 29 43 98 26 31 82 10 3 100 37 36 80 38 63 54 26 45 21 70 60 33 66 76 30 29 1 85 45 85 16 62 39 53 40 82 75 95 70 56 47 69 17 89 5 67 56 83 81 95 3 98 27 13 33 83 37 67 4 32 38 27 44 70 98 71 74 18 36 20 54 81 81 
3 98 41 91 73 82 82 67 82 21 79 1 67 93 89 92 14 3 27 36 99 16 89 78 8 97 70 72 58 82 2 34 60 8 27 62 42 25 50 85 74 98 82 81 65 81 27 28 59 50 23 94 18 62 63 20 88 72 50 83 71 59 96 46 78 41 99 17 26 95 98 99 9 79 41 41 26 92 34 85 48 40 46 70 12 60 23 81 41 87 77 36 51 93 56 86 24 70 16 99 23 76 14 28 55 2 55 79 95 6 48 87 100 0 44 94 72 47 8 96 58 100 45 19 18 51 79 7 40 99 77 87 60 11 61 54 57 13 20 55 2 7 5 30 87 68 56 62 68 45 42 86 93 15 95 62 61 88 70 27 97 17 68 40 22 85 74 41 24 55 36 52 36 39 30 84 59 13 23 33 29 77 22 36 6 88 100 26 13 89 21 44 47 47 6 93 86 34 22 35 59 17 34 39 24 65 33 1 33 68 62 86 12 65 90 6 65 0 28 1 90 11 40 98 44 90 53 90 70 22 60 49 13 49 50 24 96 27 22 63 23 74 80 93 83 27 52 95 90 60 76 50 93 50 78 93 28 19 99 59 65 0 76 27 85 95 5 89 51 34 66 85 57 16 65 72 20 79 10 28 40 4 96 1 6 60 7 26 41 66 46 92 37 64 72 8 52 26 81 64 
14 81 17 55 77 68 80 10 91 75 76 53 79 14 100 68 47 27 50 69 4 97 59 51 24 50 68 32 34 20 9 38 89 46 20 38 64 9 26 79 5 81 31 94 62 93 56 72 58 95 36 77 21 46 27 65 84 53 70 19 17 44 10 70 35 42 95 90 13 32 85 96 47 41 42 99 59 2 72 8 1 61 25 38 19 100 12 63 69 90 27 45 86 96 4 37 65 72 55 35 90 19 15 11 41 18 87 5 44 74 68 8 89 58 1 86 23 49 31 89 57 36 77 62 17 31 1 75 30 68 34 89 92 33 10 47 82 7 27 43 5 47 53 85 96 24 12 18 73 32 20 10 64 38 3 24 24 85 24 80 30 41 34 45 63 86 21 65 73 6 55 14 95 63 54 49 39 5 87 62 27 84 71 2 13 81 18 21 24 40 67 32 4 60 21 79 66 52 41 15 90 5 27 64 68 60 47 50 9 68 90 10 44 87 74 55 78 78 54 89 10 77 87 72 26 46 94 9 24 11 55 84 12 89 40 63 8 11 62 9 66 52 33 53 37 80 75 38 88 69 53 12 9 76 59 74 39 0 51 70 72 95 84 29 70 47 95 78 56 37 30 26 92 93 85 51 66 73 82 63 77 21 49 20 21 82 62 11 97 74 93 57 15 12 99 61 36 60 1 44 
1 17 1 94 77 21 7 56 10 39 3 17 74 2 79 72 24 93 44 96 2 46 9 57 27 10 76 22 3 33 18 82 63 49 42 100 44 93 28 41 94 46 13 61 39 38 9 71 27 59 2 77 22 42 83 100 5 30 36 60 68 84 68 89 35 5 13 99 71 98 6 59 16 76 53 53 4 70 38 83 87 55 79 4 24 19 16 65 24 95 86 81 18 19 55 29 36 53 66 50 32 7 52 3 3 17 53 65 48 19 8 22 79 38 22 12 95 35 8 17 27 57 72 28 97 23 59 42 42 8 75 12 47 36 88 86 13 77 71 62 10 13 51 25 53 3 52 51 2 36 78 40 64 78 13 100 91 82 25 61 57 82 88 81 33 17 0 99 35 95 34 62 82 37 82 62 4 21 78 73 6 64 67 15 85 44 17 29 100 69 16 22 71 93 62 72 23 75 48 33 11 12 92 96 56 72 52 77 47 38 55 44 44 14 22 27 65 68 75 68 1 12 38 80 24 70 48 13 44 58 51 8 38 76 25 20 90 51 32 61 65 28 95 54 70 11 76 23 47 5 54 53 10 95 57 95 83 28 16 62 15 20 14 99 40 7 91 33 63 46 38 69 69 63 51 17 76 78 28 91 95 3 6 78 56 3 42 62 91 9 37 79 100 98 81 99 82 19 38 31 
23 90 41 88 95 8 11 60 99 7 69 95 32 25 44 0 77 28 82 8 72 63 47 14 25 47 76 13 43 43 6 5 23 81 15 60 26 70 12 5 0 95 25 23 77 84 74 14 36 69 55 100 10 46 72 65 12 48 57 18 37 89 5 71 90 47 13 75 93 10 47 30 25 36 35 30 35 43 46 55 54 11 87 71 33 28 39 89 45 33 5 23 67 39 15 45 3 8 62 39 3 60 18 5 60 100 59 66 44 81 94 74 43 54 19 0 32 80 75 70 61 41 16 58 48 47 76 34 53 46 77 21 12 66 96 8 87 70 52 1 79 96 75 30 5 70 81 18 61 65 74 82 25 82 53 26 49 70 45 82 59 29 12 40 45 80 30 90 15 56 9 41 20 50 22 13 27 24 54 31 49 87 40 14 92 62 8 58 28 84 30 48 85 29 6 64 25 3 67 2 65 44 100 50 73 3 54 13 6 81 17 98 2 4 45 41 45 59 34 70 93 5 60 70 21 19 44 60 74 22 100 39 4 97 90 49 2 64 67 60 80 18 58 16 94 37 98 38 43 71 50 80 89 42 16 21 86 60 93 26 35 98 99 91 63 80 35 11 94 27 38 46 92 34 12 38 89 7 18 75 100 22 76 16 13 39 24 32 24 99 10 46 22 67 80 40 2 54 56 39 
25 25 15 89 37 64 11 13 38 8 70 14 36 7 3 25 78 88 74 48 84 62 82 86 75 47 90 63 82 17 26 0 0 27 58 99 10 64 10 19 49 66 11 100 93 71 21 35 58 23 8 71 76 28 6 95 24 54 58 73 85 30 72 18 51 16 20 10 82 17 50 96 9 77 98 55 17 42 81 94 63 44 100 43 35 14 66 97 83 41 4 5 65 26 38 78 34 0 83 26 22 23 41 22 22 16 44 78 62 95 1 38 53 56 54 6 25 13 85 90 47 21 11 37 49 91 54 88 24 91 50 79 35 52 0 39 53 48 15 78 34 68 72 74 51 47 1 25 67 35 7 85 67 48 97 64 74 48 17 32 42 68 65 41 3 50 58 5 6 69 16 86 50 44 71 62 26 3 14 5 53 11 63 11 35 21 40 72 80 47 82 19 14 51 67 69 67 20 85 25 15 4 70 47 31 33 72 74 41 98 35 26 15 77 89 66 84 16 66 54 97 78 21 68 10 53 24 7 84 47 49 41 58 60 41 52 81 52 83 67 52 58 55 16 81 18 2 24 98 86 94 69 67 15 46 11 50 56 35 79 70 20 76 71 25 98 38 38 25 84 70 66 4 93 34 31 2 60 24 18 41 45 55 31 70 2 92 28 6 95 14 27 35 25 40 85 66 56 3 41 
57 60 59 63 66 44 99 92 75 0 8 66 84 42 2 37 79 28 28 53 30 52 82 48 32 91 81 57 43 85 21 62 16 76 100 10 21 14 34 23 8 48 76 96 13 39 81 69 56 32 6 21 6 68 7 41 27 6 27 87 25 62 82 18 80 23 77 74 60 24 24 26 71 22 4 27 29 70 34 86 87 49 36 13 62 76 69 60 74 9 12 32 91 48 85 90 79 31 98 99 5 46 60 90 39 32 26 84 1 57 77 5 10 43 16 25 28 40 7 69 90 66 31 76 77 10 38 60 73 5 40 24 40 94 34 27 94 21 59 41 89 12 4 11 57 59 71 33 90 89 73 87 77 91 34 79 27 2 42 70 29 65 49 79 15 31 85 5 87 6 35 44 56 64 30 64 50 56 23 95 5 53 58 90 81 79 57 53 83 82 50 4 70 86 15 67 0 20 5 58 86 66 59 14 63 31 20 32 93 76 33 23 85 12 12 64 37 39 37 49 43 11 47 28 53 30 78 51 95 52 59 27 51 20 9 96 79 71 11 31 22 41 15 46 11 2 10 51 44 12 59 35 89 27 48 7 86 20 76 82 5 17 97 29 75 4 74 15 62 52 43 41 57 46 11 52 55 23 10 7 5 87 58 21 46 79 15 87 39 44 42 8 17 76 19 35 86 30 62 71 
19 100 27 82 30 8 96 26 27 8 20 9 42 38 51 57 45 60 66 95 66 51 35 64 47 69 57 72 47 73 7 83 39 60 50 53 51 16 90 89 1 76 60 54 19 62 16 97 58 67 60 55 51 32 19 48 41 25 16 5 22 36 76 87 10 40 4 96 97 99 27 37 81 5 27 6 62 31 95 44 94 24 46 94 62 44 18 95 98 56 57 55 24 14 23 70 50 65 24 100 4 74 45 50 60 45 96 16 51 100 20 62 25 32 99 26 55 73 72 16 22 7 17 50 26 12 92 78 93 11 27 25 36 13 6 75 49 6 89 40 87 84 2 65 4 55 77 22 49 65 21 92 2 85 45 56 50 51 71 85 90 48 49 8 54 98 19 49 44 58 0 9 39 95 80 19 37 39 3 82 16 52 3 89 7 98 72 6 18 97 44 36 53 89 55 0 16 18 17 44 72 66 36 63 28 60 97 97 16 1 14 93 37 72 29 42 67 42 44 34 65 13 18 45 16 63 90 96 24 60 69 68 39 82 0 69 69 74 53 32 44 49 31 57 37 70 6 11 28 86 14 19 58 65 58 84 6 69 14 41 14 16 61 51 81 56 51 16 64 19 19 37 68 80 6 70 29 43 78 69 12 60 32 92 14 61 79 81 58 51 4 10 13 23 34 87 86 25 57 47 
69 95 1 45 87 98 6 27 68 65 96 87 29 47 33 24 6 6 80 73 65 92 4 11 91 0 99 45 96 25 52 38 26 34 24 48 15 59 43 98 71 32 28 13 48 45 70 80 73 49 76 55 88 6 99 60 41 54 49 38 77 95 56 22 53 56 68 68 23 50 1 94 66 38 20 80 41 90 63 72 12 96 31 99 60 13 49 98 76 56 56 21 19 32 16 89 41 72 64 100 67 21 31 45 60 18 76 82 89 27 64 93 62 19 93 38 25 85 75 86 13 49 64 76 85 92 99 4 61 71 51 86 72 76 22 13 45 32 28 26 0 23 29 73 53 82 52 37 41 84 93 37 29 51 15 87 3 52 85 81 99 62 89 79 90 29 57 6 18 48 35 44 78 47 43 92 37 36 2 51 61 1 55 37 98 57 26 92 59 80 51 25 13 75 30 19 75 53 62 28 17 86 79 58 34 42 97 39 60 28 53 64 19 93 35 56 14 19 71 11 73 4 57 48 56 95 44 28 29 95 74 13 96 42 99 96 83 37 39 12 46 56 92 11 72 61 96 67 12 24 16 42 61 26 28 85 35 93 59 42 47 87 40 49 0 26 93 86 23 82 92 81 66 24 36 82 57 60 49 29 81 85 69 70 48 7 20 26 92 86 93 100 29 23 88 39 16 80 21 16 
95 90 46 33 8 69 35 93 68 68 75 82 28 28 97 87 36 95 52 31 68 17 82 74 76 4 51 100 58 34 83 79 79 3 32 74 68 51 90 90 96 4 34 20 67 92 22 27 62 68 37 10 15 93 14 96 18 40 60 37 57 22 40 99 88 50 41 47 75 27 8 75 72 3 7 71 88 90 93 80 39 30 78 1 92 58 8 36 57 20 86 72 46 32 33 95 93 23 26 84 82 31 71 39 48 5 89 97 2 20 9 76 62 29 17 9 29 66 49 92 27 19 42 18 23 0 59 13 33 64 77 58 61 40 59 77 15 67 8 90 88 65 68 46 33 72 78 1 54 23 61 15 90 31 66 23 6 33 63 16 36 1 32 85 63 89 51 85 75 87 6 22 32 89 23 37 68 90 41 70 78 58 7 85 72 80 20 38 78 18 66 23 54 6 19 57 2 20 2 37 10 44 84 61 63 64 87 22 45 1 94 88 55 69 85 96 4 50 33 78 4 19 61 11 79 46 81 11 41 51 3 32 42 54 97 90 60 29 71 1 18 13 83 85 74 79 46 16 50 69 40 74 39 44 76 81 50 60 28 48 29 5 59 6 15 16 78 57 99 35 4 49 56 36 43 9 25 88 30 45 32 89 45 91 39 78 91 49 43 36 97 56 2 63 100 15 4 1 30 100 
48 78 1 58 41 70 59 71 13 68 12 27 98 38 71 11 21 30 32 49 20 57 66 97 24 36 53 22 47 17 15 20 26 15 40 74 29 68 77 79 20 44 58 42 9 85 52 82 22 56 78 61 77 99 65 31 85 72 73 87 90 92 45 66 32 7 5 93 54 26 32 99 25 43 80 97 66 86 80 87 23 81 77 91 84 79 2 37 36 97 84 80 86 95 66 1 66 42 61 54 47 98 32 86 35 19 99 36 25 18 91 42 51 81 45 62 20 71 18 100 15 16 55 58 90 88 42 74 4 46 100 82 45 21 79 87 96 50 100 52 52 42 94 23 35 77 55 18 96 49 83 1 92 11 63 55 84 24 63 62 55 57 45 0 18 75 97 83 98 52 42 75 62 9 34 3 12 87 56 39 3 20 90 26 91 73 26 97 14 66 68 60 82 57 74 99 65 25 82 62 3 15 6 8 80 68 83 92 51 93 89 75 45 73 50 84 85 33 30 38 97 59 63 47 96 82 76 54 79 60 54 70 94 17 30 88 59 90 12 50 79 37 17 34 30 59 84 41 95 64 48 58 28 59 26 86 35 79 99 11 43 60 91 59 64 39 28 19 71 45 41 78 52 39 47 12 37 65 44 65 86 98 72 86 6 3 38 32 13 37 56 92 53 62 5 87 14 65 83 26 
91 97 26 66 14 15 32 22 43 73 69 39 84 31 82 40 96 69 50 41 51 29 84 16 44 71 33 46 82 72 86 61 83 28 76 31 43 10 65 52 72 26 84 58 31 21 47 29 90 17 87 76 90 53 87 21 51 10 3 58 94 68 99 27 89 95 56 84 30 78 69 48 0 25 35 70 22 77 30 2 65 92 13 45 42 61 50 83 100 82 10 25 66 40 83 6 43 71 23 74 8 95 31 8 79 51 35 38 17 64 33 94 96 26 3 33 12 40 63 98 12 34 1 21 73 54 16 26 8 24 77 80 78 76 78 22 87 72 24 53 19 28 3 24 64 8 55 77 48 98 4 82 98 63 58 78 66 19 87 14 50 79 74 36 51 28 40 53 22 35 58 54 37 59 13 99 37 48 75 5 3 97 87 24 33 11 82 52 32 63 78 97 31 48 42 84 11 98 0 39 88 50 1 14 83 52 96 6 45 29 17 93 17 39 11 64 12 19 42 7 22 11 92 16 83 65 5 16 83 79 7 99 91 60 26 1 57 19 73 38 15 32 96 72 75 50 54 39 92 30 11 17 12 37 18 97 70 12 22 25 68 57 40 79 93 3 62 16 18 21 66 84 98 69 58 100 24 53 18 42 94 71 84 36 53 65 7 62 94 50 22 94 36 93 31 89 65 75 28 79 
96 25 69 50 52 76 41 88 97 79 62 96 82 95 52 36 97 3 13 34 60 52 76 88 99 50 88 75 46 41 72 84 72 56 30 53 83 29 3 0 75 83 37 23 50 95 43 83 65 28 22 66 37 8 55 45 67 67 50 21 49 13 75 95 83 90 92 48 36 12 73 95 59 83 79 58 65 70 12 2 94 16 82 3 49 83 98 95 54 37 2 59 52 83 44 87 96 18 60 2 35 50 34 43 70 6 37 24 8 72 98 36 12 49 22 22 43 72 34 34 44 97 99 21 64 2 34 64 36 6 23 68 8 85 93 68 2 49 89 89 84 38 28 42 49 68 18 95 30 30 2 31 59 8 7 68 30 89 25 79 25 28 79 65 94 57 10 47 29 63 20 84 32 84 64 16 82 46 90 100 25 42 35 78 94 21 79 68 93 61 85 74 86 94 16 23 65 0 89 21 10 84 24 40 21 39 58 80 86 47 61 79 51 68 56 49 80 85 36 36 88 93 16 8 33 98 78 25 0 65 64 93 86 26 48 90 78 46 19 31 32 55 84 0 35 98 55 99 4 39 80 93 77 95 90 8 14 90 73 98 88 25 61 88 88 60 46 54 22 0 12 7 77 62 12 80 86 47 37 97 71 83 64 37 49 92 97 27 18 53 50 43 67 46 33 99 58 78 9 44 
31 28 95 34 63 39 38 48 89 78 31 97 52 6 32 23 15 38 11 77 60 15 45 99 12 90 78 49 62 0 52 92 5 42 81 77 74 86 78 37 74 39 60 86 13 39 32 48 44 31 39 15 52 42 73 86 40 93 74 100 21 1 30 27 43 10 55 5 59 72 3 11 46 72 41 13 82 54 34 69 16 14 4 67 43 15 24 89 14 11 19 75 86 72 36 9 51 79 27 94 21 79 62 17 9 97 96 93 55 28 73 14 70 80 51 24 94 7 11 95 96 45 36 90 43 94 72 34 45 35 67 12 76 27 36 64 84 87 43 86 30 90 27 83 46 85 89 20 41 65 1 71 33 48 63 72 26 44 29 44 40 38 0 52 1 20 33 85 72 67 23 44 4 6 13 71 54 20 32 27 40 61 51 3 71 48 15 28 48 82 90 31 75 63 31 96 90 10 74 66 20 23 12 95 92 60 84 48 52 14 52 65 63 71 81 86 31 58 38 85 40 85 19 1 69 80 29 96 96 59 10 34 78 74 57 76 78 96 30 52 69 25 62 49 93 81 55 44 66 71 93 7 10 78 17 3 16 9 64 40 43 49 89 44 19 93 43 76 71 12 60 74 65 87 65 59 92 68 3 42 69 87 82 37 66 15 16 27 52 25 48 68 68 75 38 17 52 80 24 19 
65 68 69 42 59 21 58 27 37 20 54 44 61 86 19 87 38 22 23 3 95 9 10 58 35 9 3 72 8 63 98 9 43 9 69 21 54 36 98 60 45 64 78 37 67 43 85 54 59 21 87 62 24 84 54 26 25 55 23 17 27 92 28 13 44 86 57 0 21 3 9 85 55 74 8 61 10 82 73 19 60 79 4 64 99 41 81 62 42 1 59 37 48 61 33 22 97 65 73 39 82 8 21 12 93 22 49 54 46 72 43 35 70 55 38 44 14 80 13 98 48 40 23 69 25 31 54 29 76 99 59 75 78 16 38 9 96 7 28 11 75 22 93 99 24 40 95 45 38 24 83 53 16 1 40 85 19 99 18 54 86 53 49 56 81 51 26 8 60 22 91 38 65 9 73 49 51 80 66 90 87 45 98 11 100 46 13 49 67 95 98 67 18 52 42 86 34 48 59 75 27 61 32 14 57 94 99 85 62 94 98 0 52 96 1 85 19 17 28 90 84 23 31 33 46 38 94 28 94 98 75 97 27 98 67 22 98 0 92 31 59 84 26 13 27 56 25 37 76 18 76 1 53 25 36 5 22 72 87 89 51 19 62 44 38 93 87 99 18 16 38 94 85 84 74 52 23 55 25 42 30 62 44 56 26 52 12 89 74 20 41 90 90 45 26 69 75 95 9 68 
5 23 93 87 44 20 92 84 78 22 71 41 9 31 3 28 46 38 76 93 93 81 1 40 55 73 27 37 47 36 33 26 66 36 46 90 11 54 26 87 41 74 40 1 66 18 60 80 96 74 5 27 98 24 14 95 93 53 53 94 6 8 92 96 12 71 57 8 41 12 40 68 2 10 47 14 58 73 52 29 6 99 13 73 58 34 82 63 77 88 3 19 74 0 56 13 40 9 22 84 9 15 5 5 70 85 39 56 79 49 3 31 52 20 70 85 70 37 35 57 19 77 4 77 33 60 22 85 59 40 45 9 52 27 83 40 63 91 51 23 92 60 77 27 88 0 92 83 27 5 18 92 9 11 70 13 68 32 96 16 71 48 35 52 62 29 19 87 47 44 82 28 49 94 52 60 38 40 75 57 63 11 85 81 16 77 4 86 86 85 9 83 95 75 9 31 27 29 39 64 0 26 45 34 21 58 58 25 97 93 41 34 31 30 71 54 48 65 50 76 7 75 46 65 49 89 16 51 94 82 77 85 60 3 39 68 54 100 10 28 90 19 13 35 33 38 94 15 98 16 65 7 51 48 52 79 96 10 80 20 96 63 94 51 62 100 41 31 83 73 2 64 96 84 8 92 100 30 0 100 65 32 79 60 30 36 82 15 71 5 47 87 9 2 2 63 17 63 81 19 
70 70 63 67 91 25 35 76 97 61 68 59 85 58 22 20 71 80 94 81 44 56 24 92 12 16 20 28 64 22 14 72 95 57 52 64 50 38 0 36 3 22 24 44 39 8 21 86 43 31 45 19 67 96 56 99 37 62 68 44 100 94 50 16 30 61 66 74 50 31 38 4 25 94 36 25 66 86 13 18 32 13 46 90 19 57 2 14 10 67 65 35 30 63 41 45 83 19 65 2 56 41 41 29 61 75 63 37 17 69 16 63 50 65 73 24 84 93 1 50 64 15 24 15 42 20 94 94 27 90 26 26 64 3 62 10 66 72 90 46 77 35 41 81 27 15 61 48 12 32 73 36 42 85 32 39 5 57 70 41 38 64 49 68 63 39 36 6 51 63 94 62 33 98 35 38 45 34 90 37 2 97 47 66 61 93 78 72 0 34 31 39 63 48 93 18 20 3 74 78 65 29 16 32 8 37 14 100 97 38 30 48 28 94 59 61 71 59 73 10 94 20 48 83 61 34 53 98 99 70 45 57 33 61 79 16 7 16 20 63 55 62 51 23 45 4 4 43 32 97 85 42 73 2 6 37 83 74 98 55 40 43 49 94 79 84 9 11 67 36 89 44 56 30 92 18 54 23 34 23 88 50 10 9 24 48 97 28 15 50 68 91 12 30 3 61 49 54 23 70 
24 86 0 55 23 54 8 66 62 47 41 47 84 26 98 7 91 8 27 48 31 12 40 17 10 53 73 64 3 44 84 4 99 18 91 18 96 49 10 53 18 66 32 29 71 42 3 84 44 49 98 25 22 56 46 77 53 84 7 13 88 53 59 32 45 76 39 63 13 1 88 47 23 75 90 9 14 71 46 83 78 57 91 94 42 61 37 8 34 21 83 95 22 64 0 14 85 30 53 55 21 93 42 42 79 6 13 8 61 28 20 100 91 8 95 45 62 76 47 20 72 72 19 14 42 11 43 31 54 59 70 25 74 39 13 63 19 92 64 40 87 68 86 26 4 75 3 13 52 79 28 95 0 42 34 33 98 45 98 6 87 48 67 30 100 80 100 17 78 38 23 64 70 48 97 93 15 36 84 20 56 78 96 32 65 31 62 75 1 64 73 6 89 17 26 81 31 24 53 95 4 65 11 27 40 29 98 97 48 25 14 15 84 49 96 16 77 11 36 17 65 69 89 8 61 85 6 57 69 98 49 23 1 73 100 61 72 38 57 81 3 97 89 1 17 19 60 29 23 13 37 20 5 2 83 71 33 73 78 98 22 31 50 94 30 0 45 5 76 56 45 72 76 42 0 89 17 39 18 55 1 9 17 7 94 34 51 10 78 72 40 24 33 61 18 92 46 26 4 85 
31 26 22 70 58 70 13 8 91 2 11 8 73 8 64 90 29 30 85 82 33 85 29 41 84 79 43 95 91 85 52 34 22 52 6 6 98 37 8 72 53 90 41 16 94 78 26 100 70 81 55 20 3 80 0 12 92 44 43 57 40 100 40 89 41 6 81 8 8 63 44 72 88 50 48 42 1 5 3 78 99 53 71 84 60 33 76 97 94 99 48 12 73 53 44 44 34 0 47 9 39 69 57 76 37 96 27 16 92 99 83 93 50 37 22 28 40 42 51 17 39 66 37 82 4 9 30 11 42 55 0 29 99 89 91 5 39 11 87 15 78 33 58 12 5 49 55 56 12 64 41 22 29 79 55 52 54 71 92 72 18 95 14 93 78 82 62 97 12 20 5 1 29 12 33 37 66 30 1 77 66 35 94 75 11 28 74 37 83 28 26 42 68 44 64 8 77 42 46 82 71 49 27 95 99 40 14 36 50 58 4 27 61 42 78 55 82 44 92 13 15 98 51 8 11 25 67 99 31 83 75 59 33 25 87 47 24 49 30 70 5 75 63 33 44 39 51 39 86 19 8 71 85 97 26 73 13 4 3 4 20 53 58 82 60 84 65 18 54 61 94 92 41 13 90 0 28 55 88 46 58 39 6 21 95 33 39 40 34 36 59 46 67 25 50 69 0 91 13 1 
92 6 78 95 64 20 88 22 62 94 93 63 41 55 13 84 60 73 74 85 77 47 31 53 81 57 48 1 0 24 33 29 73 12 81 65 53 59 47 99 61 34 15 43 7 57 96 35 25 86 69 15 63 75 14 91 49 49 13 52 14 63 8 90 30 10 48 94 51 5 33 55 14 58 72 44 63 42 93 45 19 79 0 11 64 34 55 5 42 65 27 6 80 75 67 62 92 34 31 30 0 86 22 48 78 14 13 80 18 82 65 93 53 31 6 63 33 23 93 44 1 3 80 44 24 17 87 40 29 43 67 22 18 55 58 15 93 29 45 48 98 24 77 87 55 44 62 48 54 67 3 93 28 14 82 53 71 14 55 33 75 8 95 95 3 86 80 81 59 53 4 44 93 62 55 96 27 53 22 27 46 41 57 4 76 71 0 16 24 11 38 93 1 75 70 50 89 4 99 73 14 43 48 5 44 73 5 14 49 33 13 23 33 19 9 24 10 96 0 39 0 26 24 31 5 98 2 70 25 65 60 16 31 77 56 22 38 2 84 36 41 67 28 24 70 2 80 3 49 84 100 19 49 67 54 64 61 29 99 4 12 73 68 65 94 50 16 76 49 43 49 68 34 27 5 5 97 79 76 9 58 2 100 10 82 56 0 44 60 57 5 15 81 35 13 35 96 96 10 95 
17 67 5 85 29 72 65 67 74 96 83 94 85 85 86 17 20 44 18 84 9 31 38 34 39 55 31 98 4 85 16 71 49 78 46 9 10 7 16 0 61 68 8 7 38 85 15 38 37 87 62 22 85 94 61 43 52 31 21 88 68 62 38 61 93 62 1 89 21 58 87 68 80 20 13 23 28 96 56 21 3 55 43 93 34 11 20 94 96 92 2 54 29 75 60 84 84 30 3 73 46 67 36 26 93 53 64 72 12 24 43 26 12 48 72 92 87 97 10 15 59 19 27 82 9 58 6 67 47 88 31 45 87 61 30 12 41 89 67 4 64 96 36 39 95 13 37 1 63 36 77 55 14 75 83 20 8 51 85 73 57 50 100 0 76 57 65 68 87 78 63 5 49 29 11 63 95 4 13 0 30 28 32 83 53 14 65 74 59 33 18 54 97 46 65 83 45 40 47 80 33 2 87 14 15 42 86 82 84 12 9 2 84 29 27 75 51 32 99 50 60 3 40 51 76 66 26 16 0 56 57 32 32 46 71 58 17 78 98 41 49 92 10 40 13 89 8 35 23 93 86 2 52 49 16 24 89 15 47 37 69 50 2 25 98 3 30 97 18 26 76 64 95 4 9 7 33 66 57 6 90 6 90 32 28 90 89 28 91 78 76 99 8 39 99 63 11 62 65 7 
23 74 95 83 44 44 20 5 42 55 93 100 55 13 84 52 46 85 30 4 59 20 97 85 33 57 46 90 99 47 65 76 51 70 34 15 100 78 40 12 44 23 9 4 73 52 68 90 62 20 31 64 8 7 59 36 34 0 96 89 48 47 41 22 44 30 18 25 97 23 17 36 47 36 79 26 48 28 49 87 46 18 98 76 3 10 68 17 88 40 46 70 91 63 33 30 23 39 19 31 90 88 98 39 24 74 39 35 9 11 37 28 55 96 21 8 94 68 33 7 62 40 74 30 79 82 49 16 3 24 29 21 89 9 90 26 22 4 44 52 18 95 81 43 20 89 85 73 70 75 70 17 26 8 24 46 41 10 83 100 29 48 47 58 78 93 47 66 59 97 67 79 73 58 44 31 4 6 57 47 20 36 58 51 53 11 78 46 47 76 92 61 34 99 74 17 90 19 57 60 45 78 33 33 49 68 42 92 21 50 94 40 86 54 23 91 32 94 31 11 66 63 14 19 21 44 56 17 35 67 61 42 44 4 0 72 95 70 11 42 0 1 82 99 53 7 36 0 76 43 36 0 25 97 30 94 51 62 58 81 90 2 41 57 47 65 90 18 28 31 38 4 0 99 65 18 24 8 80 44 45 17 46 82 86 23 59 50 12 88 9 33 14 82 100 81 59 93 74 44 
18 5 99 3 22 69 26 32 82 91 7 68 20 26 81 92 36 95 99 45 37 90 86 93 50 84 45 99 56 56 6 7 20 33 59 94 97 75 90 87 24 45 96 45 8 87 57 84 65 18 48 27 90 58 39 20 88 50 66 99 92 24 45 38 38 53 2 12 43 79 12 21 25 62 47 55 14 22 14 50 22 50 92 19 39 23 37 47 36 57 15 15 4 29 76 25 1 56 43 14 79 77 94 27 24 44 54 58 62 68 48 26 80 55 50 53 90 77 86 89 28 69 93 3 74 42 80 26 84 50 87 15 13 84 18 31 94 46 44 62 69 11 47 14 32 89 41 78 54 66 39 88 87 0 97 38 7 74 38 88 100 62 33 77 4 24 36 16 28 38 60 81 43 56 40 65 0 73 33 7 65 39 98 79 22 50 85 77 69 64 17 88 46 42 49 5 1 20 64 41 40 55 43 95 2 5 99 78 76 40 86 45 66 76 95 79 31 65 80 26 97 31 17 75 80 59 39 36 11 63 34 52 97 8 43 25 34 65 47 10 1 25 82 63 83 87 5 68 39 32 51 42 38 7 44 73 43 54 36 39 82 65 78 3 27 3 86 0 53 99 79 69 5 60 95 32 20 27 96 50 67 40 74 74 9 73 57 66 7 19 47 64 58 23 47 26 1 72 85 100 
14 58 23 70 61 7 19 80 2 53 9 37 58 27 3 51 25 93 52 97 12 86 57 64 43 34 28 40 64 0 60 98 55 65 72 85 68 60 60 28 92 10 71 69 80 47 20 73 38 10 54 54 93 100 16 20 25 27 16 32 90 49 90 64 26 96 85 90 12 13 7 32 39 9 57 2 23 59 70 46 97 51 80 85 60 85 79 88 36 44 44 89 50 68 68 16 15 1 3 52 39 71 14 58 41 94 63 99 25 75 80 47 6 58 87 45 28 10 58 2 75 47 98 80 100 39 23 82 23 0 92 33 44 87 9 33 34 16 15 26 18 98 13 10 68 51 24 16 49 34 61 82 40 30 65 91 99 7 49 74 92 98 55 74 77 31 78 32 35 21 53 30 66 9 49 46 41 33 41 26 60 63 4 78 5 41 95 20 75 47 44 32 15 77 91 100 50 85 56 7 87 24 41 31 39 3 75 24 79 68 12 53 3 60 43 28 60 5 37 23 40 52 85 20 25 8 6 24 82 16 33 22 14 98 13 28 34 3 99 32 57 27 19 15 40 64 48 54 54 58 84 70 92 58 11 35 84 98 46 61 3 91 3 40 67 4 52 20 31 47 16 55 99 52 54 95 19 86 90 25 89 10 32 83 31 30 0 12 76 28 66 51 36 11 27 73 63 94 76 96 
45 30 23 100 73 76 41 32 75 34 55 54 83 90 31 56 84 64 57 22 37 40 76 13 22 29 59 24 23 78 84 50 14 14 34 85 41 46 24 47 35 82 54 25 91 98 81 55 47 17 34 91 52 91 0 42 60 43 43 56 2 32 58 74 23 66 41 17 58 18 66 71 100 69 23 36 49 58 70 24 8 3 33 35 69 64 93 5 0 19 18 50 83 1 17 32 4 67 61 60 84 8 19 88 63 75 26 43 24 81 20 31 51 84 78 60 85 34 41 5 10 65 22 57 8 39 43 20 57 51 73 97 91 21 93 98 56 24 51 85 94 16 7 29 99 11 58 84 36 14 26 29 43 31 31 68 66 23 70 16 7 94 37 18 40 54 19 85 87 63 85 54 30 8 17 78 16 98 45 58 52 1 58 61 60 36 22 60 4 95 38 40 34 66 45 81 48 59 5 76 22 64 42 22 59 69 68 31 53 46 34 15 11 40 62 83 42 11 50 42 21 50 6 62 38 76 61 60 92 57 82 63 60 98 93 64 71 42 69 78 95 75 56 8 15 85 15 83 90 54 50 51 94 59 72 57 3 16 47 7 22 51 21 79 50 72 55 52 24 51 83 29 23 54 59 59 51 49 83 23 60 52 93 56 31 74 88 51 25 47 9 91 5 66 5 89 6 48 95 68 
18 59 28 12 38 28 5 91 25 74 76 20 45 5 88 50 88 96 98 65 31 42 79 29 31 4 71 14 22 67 27 18 93 63 38 64 59 56 84 36 45 62 59 0 90 71 89 1 18 4 24 13 19 91 30 49 0 21 86 5 29 85 87 65 26 80 68 19 31 3 24 89 98 2 18 43 28 94 69 15 38 40 59 14 10 18 95 18 79 97 81 78 71 2 47 96 76 78 76 36 17 4 59 58 59 66 96 37 76 74 47 86 84 94 0 52 99 58 14 38 64 16 16 82 51 66 84 85 15 5 7 51 100 32 69 67 41 14 94 21 33 83 74 19 55 51 49 48 35 69 78 42 70 60 86 90 95 11 54 45 13 71 55 82 60 38 29 38 42 86 54 70 88 29 43 76 1 9 46 87 12 90 39 34 36 6 67 9 63 36 79 61 25 22 7 47 75 89 27 2 93 90 60 82 54 71 4 79 36 39 94 31 85 21 11 29 15 74 0 49 59 38 69 44 26 14 22 17 57 21 74 12 28 30 24 9 16 4 71 39 65 56 24 67 4 18 52 38 19 79 98 15 46 88 89 71 60 37 76 18 5 44 66 69 97 35 44 45 32 42 61 12 12 64 34 98 80 72 4 35 10 83 66 68 86 29 32 61 33 5 19 17 82 58 47 67 11 12 50 22 
12 48 82 33 32 11 19 15 91 18 44 56 19 0 16 9 69 18 93 41 18 43 22 63 7 86 25 12 93 95 73 78 67 99 55 7 3 55 0 55 60 48 92 7 14 4 79 55 41 49 95 80 29 88 53 70 82 46 83 40 5 99 34 16 75 87 49 25 60 15 95 85 10 56 51 61 50 10 99 62 78 23 85 11 72 36 32 85 37 22 22 80 95 58 0 86 97 25 19 23 26 2 48 53 57 13 91 31 97 88 17 66 76 74 47 42 68 28 8 55 2 91 62 80 74 62 77 26 5 39 25 66 70 84 93 68 89 2 4 7 65 52 59 8 14 20 7 52 21 23 7 23 30 81 44 15 31 44 64 10 78 63 5 93 71 16 47 1 3 15 96 32 47 14 78 77 6 29 83 4 29 48 31 76 46 99 21 39 24 2 19 26 65 92 56 85 2 100 19 49 14 49 75 29 36 79 35 85 22 15 96 91 19 14 73 87 57 37 17 72 100 56 36 59 5 80 53 11 100 53 34 11 39 36 55 86 76 11 15 9 1 68 17 43 44 94 93 56 59 15 76 31 53 27 28 52 21 69 96 61 55 70 5 45 23 64 4 66 40 51 33 69 35 19 31 32 27 1 81 8 26 38 24 26 19 50 100 15 20 21 46 66 47 13 44 5 58 45 68 62 
7 63 37 64 73 2 62 90 79 82 13 33 59 87 74 45 61 4 50 16 39 88 91 81 85 25 83 16 34 13 63 66 65 89 89 9 66 82 65 27 48 27 63 77 3 74 48 71 85 42 40 71 81 96 44 67 7 76 21 12 92 59 51 61 5 30 14 31 99 14 65 48 0 67 17 43 100 43 8 88 0 48 42 97 25 27 54 74 93 98 22 59 84 62 67 14 1 46 79 61 37 47 68 40 21 53 56 31 59 50 11 77 47 11 13 13 80 94 3 45 74 1 26 79 24 49 81 62 11 51 79 25 63 72 10 23 31 9 31 31 76 26 32 49 76 66 94 6 42 1 4 46 52 30 81 72 18 92 55 62 76 50 63 67 42 35 90 92 25 29 98 90 19 17 77 26 65 19 53 22 14 81 18 60 65 79 47 30 22 20 2 14 83 57 60 77 63 55 37 22 50 95 18 71 2 94 18 62 38 60 28 86 63 42 38 37 91 48 96 96 14 78 8 92 57 70 59 68 71 100 12 23 4 88 94 72 53 62 79 88 36 16 61 62 12 40 43 88 62 89 49 68 74 79 30 47 55 49 6 73 90 47 79 40 70 74 83 11 29 73 45 55 67 56 88 34 62 69 40 72 9 33 74 31 56 94 11 68 0 70 82 87 75 2 68 91 14 83 79 89 
27 50 5 21 2 74 21 75 79 56 88 52 73 66 89 12 98 40 61 98 1 33 73 14 100 86 73 26 44 80 73 98 18 56 69 2 20 94 78 15 30 73 61 34 0 53 28 60 4 90 35 1 78 100 6 22 43 12 15 58 96 63 74 88 30 72 94 6 63 89 9 85 97 72 20 70 0 66 65 1 10 91 41 51 100 60 64 47 25 13 22 3 22 42 12 66 17 33 47 54 98 1 99 73 75 48 61 46 19 72 30 99 68 17 7 58 5 12 29 54 71 29 3 88 48 78 3 31 56 40 52 76 4 23 49 74 0 20 14 4 28 16 15 94 25 86 86 20 70 14 90 97 16 66 35 59 80 73 35 72 23 73 42 96 45 0 78 17 51 87 28 10 45 76 84 47 64 39 17 87 25 35 16 64 9 100 21 71 93 3 50 4 66 70 29 50 81 66 32 87 97 56 33 76 19 100 35 17 67 25 14 30 46 78 68 26 28 6 31 19 64 7 66 33 24 8 97 62 55 57 75 50 54 62 97 75 41 22 37 65 69 16 7 11 39 54 37 88 76 61 94 62 8 31 33 10 54 99 7 53 75 29 32 75 96 8 8 16 51 40 19 25 42 96 7 16 34 42 12 40 42 96 68 33 83 98 83 64 10 96 71 44 93 17 37 1 38 43 3 76 
88 99 6 33 59 40 91 71 11 8 84 46 48 68 52 23 23 27 40 38 20 46 27 40 20 39 30 6 37 54 97 85 47 21 73 34 60 86 29 65 9 100 91 84 77 49 12 90 72 63 13 21 2 23 59 77 7 27 53 41 31 85 76 71 84 50 61 31 41 72 86 73 17 67 11 80 53 56 84 76 34 19 99 63 33 74 98 56 17 41 97 78 29 31 22 47 69 83 18 67 10 25 15 29 8 58 97 17 45 34 8 56 86 51 72 67 0 73 44 67 2 93 45 50 51 30 63 4 34 20 52 83 99 96 52 14 79 38 76 61 96 99 16 96 89 25 32 19 75 100 60 100 15 53 22 33 60 26 77 72 88 92 44 18 6 15 72 2 17 88 20 31 16 18 8 95 96 74 7 62 87 73 76 34 24 61 29 65 86 0 6 70 3 18 32 12 0 13 24 72 21 97 8 12 62 49 92 52 90 74 70 78 56 54 27 43 82 47 71 21 14 22 43 97 55 54 26 49 18 12 55 44 4 67 16 63 19 87 68 64 68 34 22 81 14 45 79 34 47 24 63 54 50 8 37 12 44 12 87 77 49 35 63 43 38 49 75 32 83 62 58 53 8 11 31 8 34 86 0 47 53 28 95 98 57 99 48 19 98 59 47 84 49 11 71 97 72 88 5 38 
3 0 58 90 68 72 23 23 94 53 18 2 6 73 27 69 19 32 73 22 7 40 61 25 51 33 12 7 78 99 99 25 95 77 94 58 21 11 79 13 24 68 34 52 9 7 68 82 28 5 67 43 35 50 87 9 61 91 32 16 43 65 63 53 56 69 17 79 79 73 8 28 23 5 95 46 15 3 93 96 20 54 55 16 87 30 79 61 88 100 60 60 5 47 22 68 1 12 16 35 89 17 18 24 29 46 35 34 44 0 65 25 77 93 9 53 25 5 75 17 9 4 7 21 48 97 91 48 78 21 79 84 100 24 60 41 16 25 100 90 37 99 84 84 83 37 55 50 75 93 46 88 53 90 78 92 1 64 51 70 59 98 9 48 37 1 26 60 100 31 60 5 40 23 33 35 34 58 25 97 100 29 52 0 73 29 75 20 19 88 5 42 26 51 45 63 64 45 3 31 86 9 64 86 13 89 67 60 6 6 28 64 65 34 49 76 74 77 90 5 70 95 73 51 32 78 50 59 7 44 82 39 2 46 89 91 66 64 19 13 90 81 81 80 35 91 69 10 84 11 26 47 81 93 51 34 21 4 59 59 13 88 53 18 81 13 26 15 12 25 20 6 6 52 87 51 13 24 21 67 52 87 91 69 86 65 95 95 48 87 12 58 94 74 25 93 63 94 92 11 
46 36 80 60 66 73 85 79 43 35 82 43 70 5 0 60 58 59 24 74 58 50 80 58 17 21 83 12 36 86 61 63 10 63 20 100 23 95 47 2 66 54 54 79 63 50 57 86 72 0 74 55 81 49 89 4 98 53 55 92 77 89 9 36 19 80 19 86 12 18 68 75 81 58 3 46 7 31 59 9 96 30 98 14 31 12 95 45 71 17 56 57 28 17 9 95 25 82 55 19 7 94 31 70 18 21 79 52 46 20 14 92 35 33 10 12 5 13 47 65 13 81 90 86 67 11 0 29 63 42 31 78 14 62 85 69 7 84 73 66 73 78 7 32 99 6 35 72 33 28 23 9 46 62 34 95 9 17 91 39 22 69 27 52 55 42 43 9 18 51 73 31 36 27 44 88 43 98 85 68 83 29 78 36 7 25 86 98 89 58 31 7 82 39 50 17 33 54 17 51 6 53 16 57 41 84 16 72 24 93 17 96 34 95 36 17 27 67 15 56 1 34 76 94 29 42 79 88 51 25 13 37 22 24 38 84 9 3 81 95 12 71 25 61 59 73 85 72 67 43 71 0 66 90 27 49 85 69 94 92 55 64 80 77 47 5 98 13 88 37 79 18 63 61 19 58 1 3 29 55 54 13 34 50 58 6 38 41 21 93 12 4 33 94 23 54 17 27 29 11 
45 99 77 90 43 84 79 46 30 68 73 31 94 22 93 66 98 71 51 47 32 87 97 35 65 46 73 12 4 28 44 7 21 63 41 18 28 66 92 21 51 25 29 73 13 24 33 4 60 24 41 30 21 14 48 43 8 97 64 51 3 13 6 76 42 84 13 3 73 82 52 13 3 12 84 43 95 37 68 80 99 8 21 71 48 42 18 41 20 47 17 67 40 3 41 82 2 31 65 68 9 32 76 42 56 51 20 59 59 90 59 92 1 100 61 51 17 68 40 4 25 53 97 78 12 40 82 52 15 94 22 67 40 63 90 61 44 50 68 59 13 6 26 48 94 96 79 82 34 59 34 65 43 75 33 92 68 84 7 99 77 27 35 29 70 59 24 0 60 83 34 11 63 87 4 100 58 25 27 68 96 31 52 89 10 19 39 75 18 25 70 88 45 36 97 80 39 5 24 73 1 14 57 90 22 52 38 76 78 19 3 72 19 94 34 55 40 37 72 91 52 59 27 57 24 97 49 83 65 24 81 56 73 63 90 39 30 67 88 80 93 69 92 80 39 53 41 49 15 95 27 47 64 0 88 8 65 8 53 92 31 32 21 46 29 51 15 63 12 0 77 74 62 40 42 97 37 40 51 32 49 72 29 71 47 42 35 46 23 28 32 62 25 13 74 11 35 40 96 60 
10 38 14 43 66 70 88 63 29 31 37 3 87 15 59 55 12 66 80 38 20 51 94 60 59 51 54 18 55 47 97 8 73 42 63 59 4 4 98 75 67 97 5 58 1 38 38 37 99 97 31 93 89 3 45 2 69 85 48 26 49 69 76 80 22 37 71 59 10 73 92 70 70 59 88 28 7 23 29 75 96 83 33 7 16 91 47 72 71 100 4 49 85 82 97 84 100 9 10 88 25 56 22 26 77 57 40 99 10 50 62 75 91 78 53 13 71 54 3 43 63 26 38 30 20 52 81 5 49 1 38 33 54 78 90 74 7 30 98 59 8 42 21 89 94 49 90 33 59 1 75 42 7 52 72 42 36 41 77 19 99 63 31 93 57 97 17 75 93 76 84 52 56 31 80 18 30 38 52 21 65 15 35 65 51 96 66 10 27 8 46 77 26 45 47 84 11 2 61 71 71 78 97 1 10 69 33 93 54 91 46 56 21 22 17 78 25 53 79 85 27 37 29 0 77 2 65 7 40 38 30 75 21 41 47 8 82 56 10 54 74 20 57 83 11 16 78 93 80 42 51 90 47 9 79 2 5 42 59 3 32 74 5 74 38 98 55 2 14 2 60 73 31 61 25 96 12 91 48 9 55 32 92 95 58 100 61 74 73 10 63 73 72 84 56 11 3 33 66 43 
74 57 67 84 37 7 88 98 74 30 49 83 81 7 80 60 97 18 67 61 77 69 86 12 14 26 96 29 66 86 54 16 88 76 71 2 2 67 74 83 48 95 43 3 97 11 40 9 3 42 13 43 17 58 84 80 82 50 25 98 12 65 26 32 86 70 28 79 62 36 93 72 89 39 71 50 68 43 18 65 54 91 90 4 36 3 15 71 57 74 35 10 36 41 61 74 11 31 68 63 21 95 6 29 72 37 67 18 58 35 17 49 76 43 2 13 74 23 65 100 6 17 63 54 8 99 88 100 6 100 59 7 10 81 50 70 13 36 15 26 63 5 90 46 33 95 92 87 66 23 91 55 70 73 31 47 12 35 42 78 54 92 46 77 39 84 20 32 33 62 43 94 57 42 4 36 93 87 28 89 50 57 6 98 5 33 73 94 70 89 82 43 41 73 72 94 69 89 44 83 44 28 18 86 76 38 53 20 91 51 10 27 80 45 67 30 2 17 21 46 47 63 99 75 97 88 71 69 43 99 20 76 80 79 32 47 89 2 73 82 24 63 33 100 94 63 24 32 35 68 28 98 54 9 72 91 11 84 75 69 28 76 100 26 90 95 19 76 77 4 86 86 67 87 23 28 7 36 5 70 75 32 74 47 23 6 34 69 55 25 47 0 77 20 88 85 9 88 29 41 
41 28 21 86 67 11 99 2 80 37 97 13 35 68 38 74 75 89 76 37 86 26 11 49 52 4 11 8 67 14 57 26 72 80 60 91 44 76 26 83 52 44 49 31 86 50 32 6 43 95 58 94 75 23 93 44 87 66 61 33 56 76 90 46 1 74 44 76 1 13 17 39 49 85 70 33 83 63 48 20 73 34 15 93 61 88 94 22 24 94 53 1 30 67 91 51 67 64 96 7 31 98 71 64 6 50 81 57 10 26 91 24 71 27 14 87 10 16 96 99 99 18 15 86 76 42 72 80 39 67 2 98 61 84 94 71 86 73 48 31 58 76 13 33 44 77 88 40 0 67 82 75 71 95 83 94 41 39 37 78 52 59 53 3 82 81 73 8 76 50 10 71 63 4 76 32 9 41 51 84 83 56 75 55 30 32 20 100 33 34 81 17 77 67 6 17 9 9 4 34 83 91 84 75 84 56 30 73 90 30 54 73 76 20 37 47 15 85 4 63 60 19 69 81 43 86 58 48 79 46 18 70 39 32 95 98 24 75 67 28 25 65 99 58 94 45 12 33 26 71 60 15 72 20 74 33 3 71 17 77 23 35 9 54 56 69 98 75 86 60 100 43 20 81 55 33 49 42 9 70 91 90 16 73 77 15 99 49 52 5 98 45 51 70 45 37 42 61 55 40 
82 88 49 18 97 33 48 100 79 68 9 84 19 54 86 47 21 12 99 88 43 19 87 26 48 78 31 21 37 43 20 27 100 18 82 68 90 7 74 51 61 56 57 72 20 45 7 64 13 65 43 70 100 99 75 26 2 14 87 84 29 78 27 61 99 47 86 7 38 75 5 50 28 75 45 23 26 7 23 77 61 0 43 17 85 28 58 18 64 33 86 29 4 15 84 96 54 19 15 81 33 67 6 44 88 6 34 37 40 14 88 68 20 24 0 28 39 28 93 19 99 1 41 53 12 26 42 76 45 53 84 27 76 74 4 22 78 87 3 41 75 65 11 91 83 79 81 84 15 78 44 77 79 43 6 79 42 19 28 57 15 16 23 35 39 11 18 86 69 64 2 43 100 70 26 49 16 18 30 24 48 75 67 54 75 57 47 10 80 49 22 85 74 78 17 21 41 20 39 84 4 22 31 95 56 74 16 75 15 57 16 49 48 50 79 70 19 99 96 81 28 48 78 72 72 67 34 96 24 37 78 6 60 59 36 21 22 72 87 4 18 29 16 97 30 21 83 22 78 80 76 78 13 10 83 2 5 71 27 89 98 7 64 52 83 27 36 8 87 31 61 30 0 30 0 10 44 88 14 72 18 58 25 11 31 9 88 76 26 47 4 87 86 98 32 87 57 86 78 73 
58 75 88 52 69 81 27 29 61 29 63 35 98 58 8 88 18 27 47 88 36 13 78 17 1 3 40 70 21 83 75 81 12 98 35 20 42 31 99 3 7 60 4 98 22 46 60 13 90 97 47 20 52 29 48 76 63 52 18 2 92 24 74 12 4 65 6 54 40 71 9 21 75 78 59 97 15 94 58 93 21 18 91 92 99 65 6 24 58 20 71 96 0 98 98 88 74 36 19 86 39 49 2 33 44 67 95 86 46 18 4 84 71 8 22 85 61 38 98 92 71 88 1 56 53 34 64 39 18 70 62 85 2 15 21 40 58 9 98 63 36 10 90 65 49 98 6 26 92 85 23 63 17 16 88 92 39 52 39 75 6 92 23 4 61 10 99 7 15 74 34 66 22 36 79 42 36 14 56 72 38 49 33 67 35 90 76 50 21 40 29 95 54 40 28 17 65 8 81 49 52 71 36 38 24 83 21 49 90 94 2 13 4 39 23 4 43 13 13 69 59 98 47 16 22 99 45 51 22 45 60 35 11 23 5 54 17 73 36 76 3 4 65 24 6 76 23 34 57 28 57 67 10 14 21 97 97 91 17 56 9 54 39 36 49 32 99 19 25 73 36 66 25 62 31 60 51 25 6 91 63 73 11 95 20 40 5 11 87 18 20 52 52 19 59 5 34 65 43 50 
53 36 24 89 61 26 97 2 29 20 46 48 28 86 18 58 77 67 14 58 69 69 86 30 27 27 4 43 0 85 70 68 94 92 27 16 60 26 54 4 75 38 80 68 2 10 51 49 28 100 47 21 62 46 21 13 83 2 49 60 29 30 14 70 13 64 32 43 66 37 49 80 61 80 75 80 13 18 100 79 36 93 95 58 49 58 33 77 38 0 65 20 0 14 78 61 92 90 66 33 54 96 84 92 90 22 61 28 10 65 36 87 9 27 81 57 56 28 32 86 16 81 96 62 77 93 22 55 34 8 53 78 74 88 3 94 56 82 99 81 64 60 73 1 64 76 41 53 71 16 14 2 51 19 22 40 1 33 86 16 60 77 63 28 26 98 38 73 87 93 38 68 74 35 96 75 92 40 3 71 94 18 64 1 33 67 27 30 55 66 60 72 51 52 5 14 62 60 18 96 19 66 34 41 82 60 9 98 7 44 89 80 85 89 26 97 27 1 10 20 47 1 54 52 53 21 54 38 85 80 37 63 90 21 27 59 70 87 45 19 87 54 62 29 65 44 35 54 94 93 89 29 22 27 88 88 98 98 49 74 68 25 90 18 88 98 1 77 64 9 92 87 93 83 97 42 3 13 49 55 63 8 91 52 39 11 12 68 94 10 60 46 70 83 10 95 52 80 97 100 
29 78 77 77 100 96 78 16 81 6 73 87 3 5 50 24 13 22 92 74 93 72 19 100 19 27 73 66 42 14 68 24 24 56 60 99 51 72 80 58 22 20 77 76 55 92 10 43 65 51 72 41 85 97 99 22 84 80 16 16 4 15 28 45 20 21 11 78 62 8 21 38 96 26 87 66 48 17 25 9 98 44 12 13 25 36 64 95 20 50 87 97 10 10 2 84 40 18 65 35 32 87 79 64 1 44 0 34 6 54 59 65 80 44 57 6 22 91 64 19 98 79 60 41 98 27 24 61 57 95 94 98 1 9 9 72 28 64 57 24 68 30 0 23 50 73 27 67 67 91 77 92 3 4 36 24 68 100 11 23 52 87 20 19 42 51 36 95 65 39 19 7 63 76 52 91 90 9 25 10 71 11 45 39 80 22 37 18 48 81 81 82 12 78 43 63 95 56 4 9 4 61 33 57 100 27 3 20 50 85 64 28 59 50 54 42 70 98 65 66 67 88 91 26 59 64 81 2 0 34 70 92 72 20 64 73 37 98 52 14 85 96 22 53 49 45 46 44 64 54 4 33 4 8 60 85 11 98 72 12 30 7 28 78 75 36 83 48 19 61 96 28 7 74 21 63 93 28 33 80 80 75 8 23 77 10 40 76 23 77 55 46 1 22 49 88 7 10 1 69 
95 12 52 32 45 21 88 16 38 14 53 16 7 50 32 66 43 59 52 100 3 42 71 57 19 1 52 27 42 35 82 22 54 99 76 47 0 93 8 9 35 17 11 29 52 17 85 15 96 17 61 16 27 92 60 10 22 58 79 70 26 91 0 16 4 65 70 57 91 32 46 25 43 26 18 46 67 37 82 78 100 24 40 38 44 39 0 28 43 49 65 69 28 18 86 66 16 52 64 87 40 51 93 8 51 0 71 33 61 10 58 51 46 89 44 74 96 95 91 28 39 89 1 98 7 0 51 43 89 81 5 88 38 86 23 41 14 90 57 94 95 81 25 83 90 49 47 1 31 65 53 84 69 73 91 94 38 83 90 98 100 74 66 80 40 3 27 71 21 7 84 38 73 0 78 23 90 18 99 28 96 50 21 36 49 72 92 5 54 44 41 39 49 19 45 40 75 92 62 58 33 56 90 72 17 89 90 79 57 48 94 18 98 86 40 34 95 39 64 16 80 100 11 84 41 51 46 10 59 91 40 96 60 48 17 96 30 98 62 3 10 27 67 24 8 71 81 83 50 99 65 6 32 65 84 7 5 60 45 83 79 24 81 46 15 27 80 70 22 92 5 75 97 43 63 34 76 88 5 10 92 25 60 36 5 92 14 3 54 98 11 18 13 0 68 63 12 57 74 70 
2 28 92 60 44 66 7 3 46 64 100 46 13 2 41 37 73 63 3 66 50 57 27 87 22 15 38 98 78 77 70 99 65 95 29 97 53 90 94 0 62 56 72 2 47 14 53 17 88 35 96 90 12 61 33 19 30 74 79 69 29 47 64 87 19 12 24 96 64 29 56 64 92 26 56 66 84 72 14 68 1 50 62 57 66 95 70 77 31 60 68 86 3 89 39 16 54 71 60 4 43 6 63 11 84 49 14 59 23 100 2 84 5 10 79 32 8 16 7 8 24 31 22 56 92 32 54 12 12 12 24 48 24 97 65 40 65 1 11 6 69 89 92 74 47 49 67 54 36 57 27 43 38 59 82 67 77 77 60 29 40 97 36 16 33 82 90 24 29 57 65 26 0 57 94 38 30 88 78 1 70 58 50 39 3 19 90 31 59 52 27 63 91 68 55 74 38 82 50 17 42 9 24 18 90 94 82 75 57 50 13 62 23 20 53 98 85 55 95 45 80 77 91 25 17 13 85 3 11 34 90 34 61 58 39 29 44 95 38 56 84 89 29 74 7 70 32 70 26 78 76 43 15 0 12 42 15 71 91 35 7 36 16 72 56 56 12 71 98 68 89 44 70 94 5 3 27 72 79 70 98 46 76 31 68 73 70 94 79 1 23 24 8 34 49 95 85 12 42 28 
61 66 2 3 36 1 55 24 10 48 19 19 54 18 94 19 61 8 98 74 72 33 83 74 68 91 99 84 83 36 38 51 35 11 23 71 74 86 93 29 87 58 73 37 66 81 93 23 61 59 40 66 27 36 36 60 18 99 65 77 10 57 57 47 99 39 10 90 83 9 94 56 30 86 9 26 83 57 25 4 40 100 40 60 100 68 67 19 64 5 10 38 52 45 84 24 4 6 10 84 13 67 82 91 58 58 0 16 53 20 24 14 60 82 93 80 77 88 4 41 67 59 61 83 94 60 96 39 18 23 29 2 58 10 81 42 45 41 46 28 18 97 92 72 48 39 91 37 25 91 22 69 75 3 5 85 33 20 4 93 100 17 55 34 9 55 88 23 99 33 42 85 75 60 0 57 45 32 64 79 77 30 35 13 33 80 39 74 38 11 77 41 87 35 7 84 62 81 100 36 39 35 44 71 85 35 13 14 41 66 98 72 72 33 26 83 40 34 81 69 35 54 100 38 71 78 91 93 95 18 44 6 4 21 65 24 54 41 77 19 38 93 48 0 68 41 14 82 95 55 36 100 13 25 92 22 86 15 74 45 85 32 88 70 92 10 29 96 28 65 5 19 78 49 33 13 20 86 28 83 99 6 24 92 1 97 42 88 66 4 19 81 62 52 99 97 95 72 16 18 
32 54 9 89 99 34 70 60 18 43 18 70 11 39 65 48 17 81 24 54 41 28 80 40 4 15 100 27 5 62 97 30 53 93 10 51 70 78 83 66 99 17 26 16 34 60 60 90 6 26 10 24 9 20 50 0 29 3 60 36 47 67 82 9 31 79 37 95 38 47 65 5 37 54 88 41 33 19 64 80 97 92 85 70 39 62 45 80 90 17 43 50 42 35 87 4 62 91 22 24 35 97 96 80 13 72 80 42 48 28 37 3 53 86 80 34 69 35 28 49 87 54 2 21 1 63 1 39 47 13 83 62 15 38 83 94 49 95 41 76 43 99 51 96 71 42 8 54 47 71 47 44 86 34 25 77 94 15 60 50 70 70 78 30 85 85 32 14 58 77 80 23 32 92 86 84 43 16 26 33 51 100 2 66 4 83 67 44 53 79 78 85 98 24 56 54 36 75 19 36 52 62 82 72 59 24 88 28 38 43 8 27 66 48 29 51 24 18 23 30 93 52 53 62 11 71 32 94 69 28 96 25 34 23 78 65 82 51 76 77 17 44 30 16 29 0 20 28 82 73 57 57 9 44 0 17 26 22 16 64 1 83 66 39 31 91 71 11 21 3 11 30 89 36 73 79 16 35 31 50 64 49 53 88 46 63 77 48 66 98 78 23 88 34 78 15 57 41 34 88 
52 14 25 64 37 60 71 57 22 24 33 9 70 28 30 59 57 75 28 3 24 62 3 22 96 21 52 82 97 22 10 48 70 97 33 6 86 37 26 15 20 74 83 1 39 46 7 71 81 84 84 82 47 29 99 37 100 94 91 13 43 22 14 19 60 96 96 73 51 92 63 76 29 40 72 23 16 39 76 97 47 28 44 4 82 18 93 77 24 48 27 66 45 25 82 61 38 44 86 37 81 83 19 17 30 61 64 50 38 41 80 40 70 11 57 82 66 33 91 99 33 97 82 95 82 54 100 38 77 76 3 22 13 81 3 49 59 10 59 43 28 94 5 9 91 34 47 37 94 53 94 81 61 29 25 40 43 6 78 0 0 96 35 84 93 54 1 37 83 99 72 28 1 22 4 22 34 39 91 27 42 79 63 27 24 43 26 51 4 66 42 63 19 18 96 56 25 15 34 31 91 100 83 72 37 10 11 90 72 8 89 98 94 40 27 83 68 86 26 71 18 80 56 49 73 81 5 33 95 49 72 18 57 28 36 60 12 95 89 8 52 17 28 27 44 20 18 99 46 33 4 78 31 67 4 94 30 0 20 63 71 86 58 58 64 6 86 57 72 12 21 25 83 18 99 47 22 30 36 12 53 53 2 90 87 34 1 88 52 66 2 53 17 90 42 21 67 85 53 50 
35 58 18 94 10 18 26 52 1 82 0 43 83 94 21 74 24 78 35 68 87 92 35 56 24 4 84 70 17 2 54 62 47 66 95 14 2 94 65 33 5 69 72 16 76 26 92 96 53 91 11 42 24 78 82 97 34 22 58 89 24 22 24 23 72 86 84 69 58 52 76 77 31 88 31 3 19 89 27 28 6 94 84 14 7 42 5 25 99 8 33 93 9 94 5 53 4 81 49 64 76 1 68 71 95 95 87 54 81 73 98 88 38 70 45 24 98 9 21 74 74 85 13 54 3 56 34 70 72 75 81 31 59 80 82 18 91 100 51 71 70 32 43 33 39 28 99 16 73 3 8 75 28 87 41 57 92 5 62 66 50 83 97 94 64 8 87 21 3 94 5 28 20 40 38 1 49 85 65 16 75 52 14 76 42 52 93 31 53 69 70 25 12 6 31 0 24 14 53 83 13 82 7 93 0 6 30 43 75 93 21 12 28 9 85 25 9 52 27 93 36 77 42 4 91 21 45 57 3 78 1 48 58 56 48 23 93 86 87 95 85 95 29 98 26 59 87 88 64 80 51 94 42 24 31 29 92 47 13 13 8 17 51 11 18 31 93 69 26 93 26 0 80 54 17 20 71 31 6 42 85 3 43 97 86 88 99 4 67 64 78 40 65 60 77 69 53 8 53 4 
34 38 90 83 63 45 50 40 55 8 5 100 6 33 50 85 39 10 98 60 20 13 16 32 89 100 58 26 13 28 54 92 34 49 63 77 48 42 59 52 21 87 85 88 70 76 9 33 88 15 24 6 65 27 32 11 98 36 36 61 75 0 51 62 58 48 45 34 49 3 83 54 78 31 37 87 92 66 37 90 29 18 87 8 90 37 46 69 63 29 25 87 15 49 15 43 75 42 57 41 27 14 75 8 58 11 54 25 99 61 84 6 92 36 13 85 21 88 34 31 6 5 45 2 40 68 73 27 15 39 4 56 74 13 1 77 44 63 98 69 39 88 83 6 62 45 80 75 1 81 3 39 75 6 13 27 55 74 13 16 80 98 35 85 53 55 9 91 89 41 44 3 27 71 27 64 20 91 88 67 8 1 68 98 95 58 92 15 24 24 33 97 1 17 32 12 92 100 69 56 5 7 3 79 0 96 42 21 12 91 56 64 89 95 97 87 59 35 42 38 42 88 52 22 35 27 58 74 96 8 24 98 97 98 36 24 66 57 59 18 2 41 67 85 35 2 24 71 56 51 61 73 99 65 84 70 83 44 71 56 65 3 46 29 16 34 14 21 26 83 63 22 73 16 26 32 97 73 14 10 91 21 26 84 89 87 75 16 55 42 30 32 64 30 19 32 82 64 6 14 
69 94 52 51 19 82 75 39 0 34 33 45 48 11 34 73 76 28 72 82 71 6 14 0 1 2 95 15 62 13 3 52 31 75 18 81 78 34 12 99 33 19 95 20 60 23 72 44 66 57 93 16 71 21 96 58 52 22 77 64 34 24 37 19 30 47 9 68 14 85 32 81 0 28 72 0 83 68 61 45 22 98 23 6 20 78 38 83 1 20 34 15 41 11 60 11 33 49 98 20 10 45 9 26 33 92 86 94 45 99 35 78 25 15 59 32 98 17 38 47 32 45 46 65 17 0 70 64 19 11 63 80 29 99 41 34 92 10 22 32 96 87 67 65 96 100 95 52 8 23 25 60 24 97 42 53 31 26 29 72 44 78 20 0 100 3 19 67 17 61 14 6 69 19 54 69 60 19 31 80 93 82 21 20 80 16 60 34 74 57 82 82 7 52 92 81 43 19 92 56 88 24 38 16 33 18 90 56 2 53 99 14 44 12 89 41 41 68 82 51 30 94 48 95 21 50 64 91 87 88 7 58 26 73 81 44 16 6 54 93 84 87 75 66 96 16 67 48 87 23 28 52 59 53 77 11 99 0 67 92 60 26 98 18 6 1 79 97 58 84 51 45 47 37 82 12 7 15 13 10 27 92 10 44 82 44 71 17 33 35 41 26 70 72 14 56 38 59 9 93 
99 63 99 98 19 34 55 18 77 1 42 89 32 22 26 32 5 91 97 36 30 75 78 100 100 18 13 68 54 2 25 44 82 95 66 10 57 96 66 68 13 37 88 53 68 84 58 55 13 58 27 71 26 33 44 22 65 81 12 88 36 27 42 100 96 77 52 58 36 47 60 83 5 70 64 24 25 58 95 81 52 98 77 65 76 29 14 28 40 3 99 40 35 67 29 3 81 62 38 90 35 25 29 99 20 94 12 78 17 72 57 34 59 7 37 97 98 50 5 48 24 11 100 13 6 49 88 66 2 75 31 91 48 81 54 75 28 68 91 80 99 52 28 84 40 39 16 41 43 12 82 10 99 83 77 78 87 2 23 11 15 43 57 52 47 60 99 47 13 36 43 90 69 45 32 54 57 11 15 75 54 84 27 24 54 65 12 70 15 48 27 0 65 37 60 24 19 62 82 33 4 5 38 15 50 71 49 30 17 2 5 13 63 74 53 40 65 12 72 31 91 75 81 46 39 76 91 72 10 10 36 45 31 78 44 31 41 39 81 53 5 13 80 93 68 62 33 35 76 55 37 80 100 59 8 66 92 46 21 33 65 10 73 1 93 84 44 82 73 46 76 48 59 48 15 95 37 16 73 1 68 79 28 9 65 31 15 61 80 55 27 21 68 24 50 15 1 51 71 57 
32 42 2 69 51 35 21 89 7 90 48 97 70 11 15 78 34 65 62 76 78 32 42 87 63 47 2 32 67 12 60 17 97 39 87 10 90 94 86 63 74 51 91 93 64 72 1 41 2 9 97 21 89 11 15 15 83 17 92 59 95 70 77 74 49 24 56 57 3 10 27 87 81 84 18 45 34 72 98 58 23 28 98 86 5 5 13 39 86 6 13 27 26 38 14 60 25 19 36 2 94 57 91 37 15 67 73 11 36 19 42 87 5 28 53 3 16 44 68 77 81 74 37 87 51 23 42 5 52 54 66 31 74 75 64 43 34 1 31 53 88 52 67 10 44 86 3 7 93 33 84 92 40 86 79 27 83 78 50 66 62 2 51 14 66 35 14 8 30 11 53 72 27 30 27 16 2 24 36 27 23 57 10 21 14 39 37 24 21 16 1 25 95 65 68 79 77 36 91 9 92 37 62 44 44 92 33 33 37 69 52 4 96 23 51 82 74 12 65 73 10 43 48 17 68 82 92 28 44 51 34 78 49 19 87 39 14 9 57 40 12 89 25 11 15 36 1 28 19 93 82 34 99 18 63 11 70 63 23 94 61 74 72 31 58 10 58 54 44 77 69 70 35 16 77 37 76 36 8 99 97 95 68 0 30 49 47 50 98 78 31 26 82 6 87 95 51 88 94 37 
10 41 45 62 90 39 67 80 7 27 22 70 100 42 67 86 98 2 62 11 53 27 11 4 92 26 1 42 82 97 57 64 64 63 12 48 65 4 24 57 23 92 78 21 36 32 28 29 23 53 72 12 88 27 24 9 43 34 87 99 83 86 82 66 68 89 5 32 14 77 76 69 34 2 52 52 54 90 84 98 1 42 99 74 33 59 34 5 15 84 55 11 49 29 27 87 30 6 77 56 60 6 70 1 1 78 37 56 29 20 87 39 97 35 42 4 99 55 24 21 35 85 80 80 47 9 17 1 67 54 58 85 81 92 66 71 91 37 27 91 86 48 14 57 54 70 29 29 57 24 13 41 73 44 50 45 5 27 34 60 94 42 70 100 92 97 14 5 94 8 34 60 93 9 47 85 0 16 23 32 82 72 23 30 31 6 91 40 16 91 63 27 93 47 42 51 16 48 21 83 1 92 84 55 21 62 88 19 29 51 73 38 29 21 62 96 100 86 46 80 31 1 14 9 61 37 88 44 76 65 36 2 5 35 35 93 41 12 82 82 31 49 78 63 64 49 17 35 34 91 43 18 28 66 0 0 84 31 79 5 20 46 49 76 60 0 99 66 99 45 36 29 65 37 10 98 65 35 77 72 37 12 13 58 95 67 72 17 80 90 95 4 66 1 15 52 7 16 90 82 
84 44 73 21 28 88 84 10 4 94 94 75 10 36 89 86 100 99 53 54 64 20 69 36 39 13 35 38 16 28 55 8 46 13 39 5 32 6 24 88 24 27 55 32 91 32 58 40 61 0 13 15 17 66 44 50 98 0 75 45 82 1 8 28 34 26 59 27 30 97 49 71 73 90 14 65 25 29 13 28 44 91 79 8 80 90 82 84 26 98 84 67 66 62 40 42 77 93 97 24 34 9 16 98 14 19 58 32 99 11 18 96 48 69 2 49 32 42 77 37 1 80 73 18 90 26 40 53 85 3 95 83 69 66 25 39 70 93 31 50 35 38 25 94 61 51 29 39 63 4 34 45 23 29 17 75 46 70 52 53 5 27 64 40 5 4 10 95 81 85 68 15 56 52 61 0 50 94 75 20 89 47 43 53 85 67 18 10 34 74 56 8 83 30 65 93 72 100 10 1 3 41 68 60 21 5 91 34 32 21 34 56 52 99 34 82 92 65 73 96 10 32 24 29 85 27 29 17 30 100 95 33 77 91 13 54 23 91 71 2 98 48 29 89 62 68 100 9 18 28 72 80 23 27 86 77 83 29 100 9 91 63 68 48 71 84 56 46 51 17 32 91 64 78 40 14 17 17 0 7 9 29 71 27 5 52 5 9 24 0 15 73 27 19 55 14 70 79 9 0 
74 31 92 92 7 32 19 81 89 41 67 43 9 9 91 61 40 31 84 91 87 45 67 34 55 40 5 12 49 14 76 74 27 62 89 65 46 84 17 22 15 16 28 56 29 97 66 77 52 61 50 2 82 74 10 17 1 33 9 21 53 66 5 86 70 6 3 16 100 3 8 35 96 93 86 70 75 91 95 99 77 59 11 68 23 92 20 83 80 73 27 43 50 57 30 7 69 75 67 63 29 35 6 3 100 46 45 100 30 64 81 62 5 12 26 99 72 67 1 59 4 73 89 92 71 3 71 79 83 42 44 81 60 32 38 95 48 55 10 63 37 23 3 76 55 21 26 47 0 74 10 79 20 37 26 61 69 94 47 36 2 87 98 44 61 51 12 80 3 5 40 26 43 86 41 28 90 93 13 72 29 16 31 28 41 44 94 55 69 82 62 45 18 73 17 37 88 46 83 40 24 52 34 91 93 65 8 47 35 57 43 94 51 31 80 84 48 84 16 86 77 25 41 92 54 6 97 71 38 40 73 97 4 69 87 74 9 90 15 8 14 9 90 88 78 81 64 46 32 20 74 62 19 44 100 88 42 92 40 42 60 9 37 4 23 46 87 98 87 14 66 72 58 53 96 20 48 88 72 95 61 94 67 93 90 73 80 29 13 75 8 62 23 5 61 51 77 39 77 1 
67 100 58 75 79 16 43 49 77 5 45 51 24 50 1 73 28 47 42 53 58 24 50 54 25 14 19 65 29 1 94 80 93 66 1 14 9 9 64 98 55 67 1 92 29 83 47 20 76 80 16 54 49 68 35 18 79 84 88 92 18 71 72 17 75 34 49 87 27 93 38 70 61 48 73 87 51 86 15 54 50 89 53 83 4 97 75 92 62 24 40 9 68 49 9 4 33 68 79 41 23 13 28 60 81 80 22 12 49 63 16 44 0 99 82 71 15 1 66 30 76 44 91 17 12 24 94 34 87 56 47 94 50 96 54 82 36 30 99 32 79 71 85 97 99 6 91 47 86 16 58 55 55 99 68 14 98 56 96 48 68 68 97 20 51 9 83 10 23 91 92 75 82 84 90 69 80 8 95 71 20 85 31 100 98 29 43 35 66 72 47 62 50 10 97 49 26 75 90 48 39 86 56 79 5 13 63 40 42 92 45 17 32 37 68 57 97 86 85 50 97 19 52 85 54 93 49 84 1 26 36 40 1 63 76 49 41 17 53 44 22 74 63 77 64 69 33 93 82 87 21 60 44 82 17 37 85 75 90 97 30 91 11 27 73 55 58 9 67 24 10 58 38 69 82 14 98 75 7 2 89 95 36 72 69 63 81 52 42 95 8 97 48 23 45 16 5 71 77 46 
32 14 71 52 66 62 73 33 13 66 99 91 89 46 7 84 26 37 41 41 29 88 9 92 89 80 86 85 91 82 57 100 2 1 21 90 64 2 76 21 47 26 98 85 55 82 72 4 69 26 6 62 57 58 4 47 0 8 68 93 61 63 39 97 18 22 67 87 98 76 1 14 20 72 24 68 4 95 41 19 37 94 35 18 99 91 69 92 31 34 37 28 87 6 68 24 72 18 28 37 3 52 3 5 11 39 67 19 97 5 0 79 61 32 14 54 17 10 47 95 32 20 71 83 53 79 27 62 73 45 61 35 69 14 1 65 3 38 50 80 57 33 48 78 60 1 11 51 76 55 100 31 90 19 0 16 87 4 26 85 43 81 26 21 53 34 66 32 65 14 45 98 0 82 46 4 5 15 25 56 54 3 81 94 6 9 13 24 76 78 4 15 10 16 89 30 7 49 28 100 80 98 44 11 89 44 69 3 49 36 24 69 60 27 13 17 74 82 34 82 4 80 30 53 57 84 48 99 6 60 36 50 61 3 94 61 60 4 4 14 1 31 36 94 39 14 27 91 78 57 53 79 11 86 4 14 23 19 11 46 75 41 2 89 38 61 46 36 36 75 52 63 99 71 95 54 86 64 87 100 57 37 37 93 46 13 44 55 44 9 6 42 34 65 12 36 85 7 22 93 
97 26 66 29 20 56 2 69 59 56 8 59 47 71 68 14 94 94 79 0 31 83 48 14 55 27 30 57 78 44 77 58 22 61 28 56 94 88 27 49 28 26 29 23 72 5 8 52 71 67 36 94 58 88 76 9 96 44 75 86 61 70 63 70 81 44 25 40 91 79 88 17 20 27 73 63 35 93 14 51 30 21 30 59 60 54 37 20 84 88 79 31 44 70 42 4 100 58 31 21 21 99 83 47 32 56 72 3 30 84 6 14 57 4 22 49 85 19 5 54 75 98 94 83 68 54 32 63 57 55 61 49 58 23 60 60 94 20 18 93 97 6 32 59 44 74 20 20 44 62 64 77 59 11 22 8 6 20 6 54 35 99 31 8 93 42 54 69 96 91 12 15 87 63 48 4 59 61 38 34 90 55 86 77 90 0 82 17 87 20 86 49 78 16 52 58 91 55 73 28 44 17 71 92 11 39 25 8 77 90 88 85 12 92 41 54 28 93 81 38 97 100 50 81 82 89 29 79 25 27 88 19 0 17 12 81 62 74 13 96 37 28 64 4 82 60 15 34 37 72 39 0 4 12 38 63 66 100 26 50 84 5 71 35 52 9 40 84 99 78 18 70 15 54 76 18 41 64 79 32 64 89 35 68 47 70 83 71 74 20 13 66 87 34 57 60 31 99 49 25 
59 51 39 38 20 62 70 31 30 82 80 15 61 16 48 8 76 7 74 81 74 28 61 78 70 62 13 28 58 0 32 92 19 62 90 46 52 69 35 3 79 96 25 18 41 89 72 0 27 90 58 63 59 49 10 0 99 28 5 59 83 84 56 95 53 28 68 92 56 22 31 21 68 89 43 96 55 70 100 12 46 92 93 57 10 44 91 19 33 0 54 1 16 45 81 55 75 95 99 23 92 1 41 53 87 57 7 35 16 56 53 49 96 77 15 47 100 94 8 0 60 20 59 40 55 32 41 13 64 100 82 75 49 63 85 55 38 79 50 43 2 56 80 10 66 34 46 62 4 50 1 79 92 12 18 11 97 85 4 76 9 73 93 38 12 27 65 17 14 96 71 36 80 37 1 44 16 100 53 1 39 80 39 47 44 8 48 13 50 12 58 27 45 39 37 81 21 91 6 8 26 60 60 100 76 22 95 63 46 11 94 87 29 99 66 58 55 84 77 54 16 73 70 60 25 31 22 49 23 36 66 74 86 66 94 33 52 99 73 79 6 54 53 59 74 11 70 67 23 36 92 96 97 36 93 32 84 66 94 18 2 29 61 94 5 98 49 58 26 44 55 60 8 11 94 19 46 50 58 85 39 54 25 51 62 32 2 25 3 1 78 21 55 81 95 28 89 32 47 14 
12 0 72 55 37 68 93 3 22 77 79 13 60 69 47 84 88 26 95 62 40 99 59 28 91 91 53 7 31 32 78 57 5 70 32 30 33 55 88 81 2 31 30 43 71 21 34 60 93 70 97 45 22 98 90 42 41 82 38 4 68 60 32 35 74 93 7 91 11 44 93 18 83 88 38 36 2 90 17 13 97 4 65 34 6 8 36 68 26 66 20 24 74 48 55 89 44 100 56 98 4 8 85 39 66 98 43 62 41 87 91 53 67 25 26 15 67 32 74 10 2 70 88 82 71 56 95 71 0 84 97 15 33 6 23 67 81 3 1 8 51 53 38 58 42 10 5 34 76 24 63 62 26 74 18 92 13 86 28 3 2 98 67 63 57 63 60 17 93 34 53 86 73 84 57 88 11 84 16 13 74 53 30 24 2 9 21 96 34 98 55 68 43 87 20 92 75 59 83 22 9 93 66 85 56 70 55 42 72 72 56 49 11 23 91 89 53 55 7 33 47 28 10 14 92 79 0 45 52 31 100 62 33 60 25 33 79 36 54 46 84 96 7 80 73 72 63 59 72 69 10 10 85 11 34 67 22 62 59 96 52 98 17 87 54 21 35 37 25 14 54 13 49 16 93 10 93 68 21 59 85 6 92 48 47 81 47 59 89 74 83 11 14 88 36 38 84 97 84 30 
94 82 10 61 99 56 90 13 45 40 9 17 88 62 97 54 82 19 15 8 65 65 73 59 1 22 93 47 80 76 9 24 36 29 30 24 29 92 40 82 84 9 45 99 3 4 70 10 89 53 30 68 3 76 47 4 89 64 62 86 50 58 85 67 57 79 17 52 29 18 5 91 68 96 99 85 43 48 10 29 74 18 53 18 38 28 58 72 36 39 78 67 34 27 35 77 58 75 16 80 82 23 26 71 69 47 78 7 71 63 53 11 30 51 29 52 32 55 85 34 69 20 53 34 33 79 15 64 47 80 56 10 74 91 88 25 7 40 2 56 85 21 34 59 37 0 80 87 74 81 23 97 61 100 35 65 61 47 80 11 75 69 63 27 38 3 79 27 89 19 75 60 96 49 100 68 59 97 67 87 86 94 85 5 83 92 72 66 50 75 76 64 60 88 77 4 15 96 2 84 77 24 35 0 19 49 80 24 38 85 62 37 54 95 12 9 78 67 87 40 3 62 0 79 72 94 28 86 18 30 24 29 9 22 47 88 53 60 51 27 45 91 90 36 6 86 64 43 91 97 38 55 13 0 17 30 16 29 41 49 60 12 5 5 56 49 0 96 44 41 75 53 66 73 14 95 75 60 11 94 71 21 31 54 23 48 36 82 77 40 7 59 10 18 23 77 9 82 60 28 
70 90 31 76 4 32 67 83 49 67 80 27 23 17 71 69 67 60 64 97 91 71 8 19 25 76 69 72 10 42 15 93 68 59 34 61 36 84 43 85 2 75 55 98 48 83 0 98 72 58 27 17 23 94 16 21 68 67 62 78 48 49 61 96 60 75 97 65 9 90 72 36 51 48 71 40 53 38 86 63 27 50 26 91 19 10 24 61 76 43 13 35 2 81 58 1 5 84 95 77 57 85 49 97 66 7 68 56 18 39 70 77 35 3 33 76 54 0 39 48 84 84 84 61 87 28 50 77 52 55 95 77 43 20 60 12 44 96 38 72 66 60 98 78 1 77 7 93 90 4 88 26 15 30 31 100 60 89 97 0 63 23 4 1 28 80 20 78 12 21 43 31 82 15 74 61 43 2 76 98 44 18 86 10 10 8 42 36 77 67 76 19 1 88 39 24 27 94 38 22 60 96 47 49 63 10 16 18 0 86 36 74 40 21 93 91 29 75 32 3 85 89 47 24 72 22 21 39 22 65 49 4 78 65 28 77 75 2 41 21 40 66 57 54 45 86 82 87 95 94 19 43 52 69 20 74 30 30 99 26 46 75 75 3 5 71 7 95 27 53 61 75 69 98 64 79 34 5 4 53 15 37 100 95 62 4 87 79 47 78 30 23 100 12 26 47 35 41 88 86 
44 39 55 29 93 80 30 37 32 23 49 59 49 59 61 35 55 2 35 32 85 88 23 21 57 49 97 18 40 69 9 45 23 28 68 18 10 20 28 17 75 96 38 71 44 97 13 46 71 8 17 66 50 4 31 59 37 44 92 31 48 46 82 71 25 93 7 46 39 17 26 51 16 11 12 16 28 1 65 39 57 24 56 74 45 44 34 69 90 84 89 85 12 62 25 91 62 58 100 81 6 87 86 63 38 75 34 73 78 86 10 50 31 2 64 62 55 6 56 97 64 98 3 7 26 68 36 18 75 17 56 36 96 7 70 7 45 10 49 41 88 55 9 92 57 39 79 82 5 45 17 91 66 59 2 95 12 54 26 68 48 100 61 91 78 29 94 20 22 9 43 46 16 56 62 61 24 6 58 25 28 80 87 49 48 11 97 36 11 98 4 5 73 81 78 52 30 24 58 8 15 71 95 6 38 55 42 84 63 31 57 62 52 27 8 16 37 49 11 1 54 78 93 21 7 80 99 74 39 50 85 10 31 11 11 70 23 76 16 75 85 76 30 36 97 47 93 62 96 94 82 93 91 57 50 59 96 17 84 27 57 10 50 63 87 95 13 3 49 89 35 74 75 81 64 17 44 73 65 80 21 3 30 88 11 70 68 98 11 7 27 98 21 68 2 27 53 19 65 60 
11 5 55 8 12 40 29 97 19 18 58 40 52 6 43 32 49 1 86 9 9 34 35 79 3 18 93 47 10 77 81 66 2 19 63 40 68 92 98 68 52 3 74 59 18 54 39 7 76 31 93 52 79 53 86 87 15 97 74 25 47 48 48 98 46 26 13 94 30 71 72 51 9 76 95 64 20 41 8 77 49 66 87 35 54 84 2 71 77 40 65 11 21 50 33 73 56 32 99 83 55 0 80 91 28 27 57 23 3 49 56 33 46 71 64 61 75 100 72 67 68 73 82 60 100 89 62 41 1 42 18 48 11 5 37 45 73 93 54 62 40 3 93 69 78 10 71 1 96 81 28 81 41 54 64 92 94 76 100 26 51 58 17 4 67 33 29 48 83 21 93 7 70 97 99 7 63 34 29 42 50 9 91 68 19 74 64 45 66 41 99 79 35 81 43 16 99 33 60 12 57 85 66 30 62 3 51 28 71 51 36 3 51 41 51 70 57 79 23 4 67 92 56 70 56 81 72 41 27 34 52 51 80 54 51 90 76 86 45 52 80 8 12 58 5 6 10 40 47 61 38 36 20 61 80 93 70 80 17 13 37 43 44 90 5 47 92 36 45 21 79 87 19 81 6 18 46 14 48 96 62 62 50 6 98 42 39 42 54 8 98 38 38 54 90 41 32 92 25 53 
98 10 31 35 83 70 99 20 56 74 56 96 97 51 50 91 94 31 66 12 6 21 17 69 5 67 69 22 50 99 56 78 62 79 54 68 15 80 51 41 31 59 17 46 79 2 72 49 84 0 48 90 70 6 14 40 89 94 76 3 42 90 47 83 40 83 60 79 84 85 15 95 79 68 37 97 52 54 15 75 48 100 27 29 46 49 76 68 90 83 63 8 98 52 19 7 74 57 28 39 56 41 72 78 3 41 89 36 28 43 89 22 4 22 94 79 26 77 86 66 80 37 24 25 97 5 83 79 0 58 44 100 75 71 22 89 99 28 87 6 58 44 15 68 35 29 89 10 82 18 95 20 42 77 23 91 78 51 98 10 99 36 73 41 33 38 36 8 63 81 83 98 50 46 99 16 62 21 34 15 52 31 61 6 17 40 31 9 6 48 31 98 41 23 54 66 88 85 11 97 67 25 76 57 97 72 66 99 62 31 57 1 13 52 94 33 76 3 72 43 59 82 56 59 25 5 57 42 20 5 98 62 75 64 21 50 30 94 29 56 19 85 44 4 13 48 40 25 75 40 79 86 4 44 91 13 74 29 38 62 22 7 17 76 4 21 26 17 25 56 35 4 0 10 33 63 53 16 42 72 91 80 35 48 86 35 4 18 70 77 81 10 82 36 40 29 68 85 14 7 
17 87 40 61 56 84 0 34 36 8 49 66 28 28 40 78 38 63 5 57 56 5 39 87 30 8 47 88 80 50 18 73 51 56 64 63 6 39 50 42 17 20 58 6 1 37 96 18 71 22 36 55 68 63 41 16 67 6 65 58 79 89 42 4 11 22 71 97 20 73 76 61 39 2 35 84 56 19 22 87 37 71 66 3 94 30 57 38 76 40 61 4 43 0 60 21 13 92 14 13 24 24 92 56 53 75 1 27 11 25 11 17 95 71 86 85 66 10 25 51 18 7 26 74 14 13 45 44 32 91 64 5 11 13 36 7 14 29 56 26 46 70 87 35 8 79 31 33 63 91 87 21 11 56 39 45 22 37 40 66 51 35 94 17 78 83 63 87 53 57 31 88 4 79 49 23 36 48 74 20 88 23 37 15 86 18 65 99 3 62 10 69 92 46 72 38 94 46 74 68 35 97 59 79 0 12 7 20 91 15 45 50 63 76 64 18 96 85 29 36 48 73 68 69 8 40 59 47 23 52 49 35 72 47 70 53 23 50 100 69 43 55 33 36 3 85 30 98 86 64 87 20 90 38 63 5 27 42 23 13 31 1 20 95 56 99 76 87 42 30 100 13 71 14 59 77 68 75 93 70 73 17 64 17 97 69 8 80 66 90 31 40 8 96 74 90 31 90 30 38 
83 91 28 79 50 95 7 25 33 25 22 40 45 32 49 39 50 81 92 77 33 27 80 81 38 23 68 71 29 59 10 30 36 68 75 50 23 5 47 12 37 20 69 27 22 14 91 91 38 20 87 28 47 56 70 88 37 56 11 39 40 15 75 81 71 9 78 24 81 64 57 10 25 9 85 54 96 6 3 36 91 89 99 3 0 41 82 19 86 92 76 27 35 92 100 54 12 92 96 17 32 7 87 27 42 55 50 7 6 33 31 42 56 69 67 45 27 71 98 20 57 24 46 14 70 15 72 38 11 54 90 97 30 79 43 58 40 70 26 29 18 78 68 87 29 34 43 49 54 68 19 61 24 22 2 94 67 44 27 89 55 58 29 16 24 65 42 3 76 78 40 88 41 30 67 16 52 48 38 49 66 43 87 6 36 65 44 89 99 12 60 30 48 99 61 67 28 7 61 100 54 61 93 43 45 96 70 10 76 22 69 76 31 94 32 38 26 16 13 45 62 56 57 21 74 66 7 88 53 54 59 40 9 67 50 16 43 98 27 22 12 70 0 98 100 39 13 35 60 18 2 81 30 52 96 61 75 22 61 47 41 8 21 74 13 34 10 93 30 12 14 64 85 67 22 84 76 49 88 68 70 89 62 98 99 61 13 0 92 83 90 25 91 83 100 92 22 82 37 52 
91 84 77 44 75 30 60 96 0 28 72 90 20 52 24 47 54 14 16 56 55 11 89 67 28 13 72 54 72 58 5 46 65 29 57 34 75 89 44 80 64 2 70 32 11 18 66 27 60 14 48 92 46 36 84 63 65 39 41 3 24 49 88 21 24 80 10 76 84 2 54 17 22 51 36 4 80 23 70 61 91 77 42 32 86 63 11 34 57 36 56 22 4 76 91 43 1 81 94 87 71 24 70 79 0 35 91 18 95 58 18 97 7 87 65 33 37 85 66 91 57 23 100 40 41 9 30 29 90 53 44 72 14 24 95 33 29 32 84 90 92 44 94 26 37 26 62 31 76 16 67 57 4 45 23 2 0 67 16 9 20 19 37 0 69 95 58 4 53 22 76 51 63 8 15 35 30 80 42 64 60 43 72 19 6 66 97 34 10 29 28 74 16 97 83 58 52 18 49 66 47 47 57 64 83 71 36 83 22 74 47 14 49 62 13 63 80 14 2 6 100 78 12 54 16 82 30 22 94 75 38 32 65 100 8 36 77 36 46 3 48 58 5 68 80 93 20 33 62 68 65 21 32 82 36 50 83 58 14 47 42 18 58 13 26 69 2 66 13 78 21 1 56 28 33 14 30 80 34 73 16 66 57 24 86 0 36 69 35 20 57 78 57 42 6 3 98 98 93 49 
43 34 51 76 64 38 94 75 39 88 71 45 83 17 72 83 45 90 5 88 55 13 95 47 0 2 38 80 1 89 59 51 91 68 36 45 95 59 91 47 59 28 20 94 59 23 1 43 53 71 90 37 26 44 35 6 28 6 92 18 64 42 29 41 21 13 65 78 61 42 17 79 85 47 44 83 80 88 63 82 27 51 18 60 27 73 80 19 14 45 2 58 91 18 48 4 14 76 33 75 56 42 44 55 80 10 70 31 66 87 25 5 99 22 96 80 82 30 91 51 47 77 98 51 71 1 53 14 12 96 93 16 98 38 16 89 25 11 87 91 26 67 69 13 25 16 69 82 65 9 54 100 87 7 68 13 96 73 73 80 100 4 42 46 51 16 70 91 19 48 54 61 89 40 33 59 44 4 11 21 8 79 78 31 3 1 17 42 53 95 90 15 39 87 67 35 13 18 98 57 81 85 24 94 62 90 26 56 65 96 2 55 49 66 45 35 79 76 15 36 5 97 20 34 15 16 42 99 61 25 22 45 52 30 0 92 63 87 43 60 37 18 32 49 66 5 44 45 22 28 17 6 86 3 21 55 57 50 13 83 68 9 8 8 36 34 98 19 20 63 74 99 31 98 0 97 7 43 49 42 94 24 32 58 38 88 41 50 90 0 40 92 82 83 80 1 90 13 68 33 
21 47 92 55 13 41 3 39 36 4 78 45 28 9 19 11 60 83 78 50 37 90 12 64 38 70 96 77 23 14 41 98 24 34 15 17 74 54 1 13 61 97 25 85 89 98 76 51 78 34 87 86 42 94 20 74 96 31 34 54 39 5 37 8 97 91 52 7 8 30 65 62 4 59 83 59 100 87 89 40 17 8 59 34 49 71 12 79 68 39 49 77 35 67 38 100 8 36 69 71 79 7 86 99 7 76 31 89 88 93 10 37 2 51 88 45 40 10 10 78 51 26 92 45 27 37 4 25 58 20 26 15 65 31 55 50 76 19 90 9 28 86 88 13 28 93 50 36 83 73 32 42 2 3 80 100 16 86 19 79 25 29 71 3 38 28 36 28 32 18 58 88 74 24 3 37 73 17 30 99 74 66 79 58 98 15 15 20 27 1 99 99 30 30 41 7 74 44 63 68 7 79 86 55 92 43 51 94 92 42 0 32 96 86 35 77 98 36 12 40 77 8 94 3 43 96 53 50 80 52 65 6 2 63 64 46 35 97 55 21 40 27 66 85 33 14 75 49 42 0 41 89 77 80 14 25 53 91 39 49 83 65 80 88 50 2 30 22 82 98 99 51 49 28 66 99 90 35 90 10 83 58 27 50 6 66 20 22 56 3 12 56 93 14 66 76 13 4 21 57 
17 8 86 29 25 81 60 2 32 60 91 95 49 53 24 49 67 46 76 6 32 87 35 34 1 72 8 6 42 2 56 73 72 65 0 14 9 10 47 31 22 89 39 40 63 73 60 32 93 46 2 7 45 90 18 37 77 51 27 38 59 3 72 82 35 63 80 34 7 41 96 4 86 35 85 83 33 61 44 44 8 75 16 39 46 12 100 31 74 19 51 61 94 31 90 64 28 7 5 11 81 56 45 58 100 56 15 99 61 89 80 18 40 52 84 33 34 7 41 81 15 12 84 0 73 40 67 8 6 23 18 25 26 66 28 87 79 97 92 36 67 71 96 8 80 31 95 31 45 78 61 25 66 51 52 95 10 68 70 56 50 20 51 22 40 84 12 95 19 16 13 31 1 9 98 31 37 22 30 93 12 56 63 36 24 43 93 24 80 87 13 30 48 99 91 83 94 91 65 9 60 50 17 47 29 6 59 23 50 17 80 55 71 69 48 12 29 73 54 70 24 86 6 36 60 75 64 54 100 52 73 83 95 20 4 82 83 37 5 67 14 28 41 3 69 74 27 35 95 56 48 3 100 25 58 40 92 89 57 28 75 21 5 53 86 50 75 45 34 56 100 90 76 66 37 52 98 38 64 70 14 37 54 11 63 67 18 74 53 26 63 65 5 45 24 90 49 16 70 6 
19 36 10 81 71 18 74 72 90 22 60 89 36 98 78 69 26 70 11 3 100 76 46 65 40 35 73 71 90 35 97 27 50 54 1 90 85 96 43 99 96 48 36 77 87 91 24 1 23 96 52 15 73 42 79 63 49 26 1 59 72 21 72 67 62 56 29 4 29 47 47 76 30 81 9 45 2 39 61 20 30 29 81 50 70 31 13 21 58 98 75 29 39 32 46 59 99 35 62 14 87 57 81 78 13 86 38 77 29 39 95 59 6 53 96 98 6 63 31 94 74 75 7 7 7 70 14 18 17 19 20 12 69 39 42 53 6 0 18 50 65 0 84 75 55 32 82 13 13 1 2 99 4 72 37 62 11 68 0 20 38 18 92 37 22 28 56 39 100 40 50 17 29 1 63 10 100 43 87 1 83 73 77 34 44 38 48 48 65 10 9 75 52 33 84 80 55 86 84 49 98 68 42 43 35 12 93 91 30 46 5 23 91 47 69 76 23 87 94 63 82 14 62 48 95 56 97 52 5 46 45 11 98 11 27 47 83 61 78 96 9 36 22 95 47 95 39 35 9 22 62 43 11 92 6 86 94 1 81 94 24 64 42 59 64 39 91 66 5 63 93 69 66 45 14 46 88 15 50 72 18 93 0 95 43 28 36 53 12 89 3 62 65 42 68 92 31 24 57 23 
79 54 94 95 36 34 99 0 73 25 94 3 51 54 18 39 41 27 97 100 63 95 16 3 90 20 69 22 77 42 92 17 81 40 8 5 97 54 99 93 77 65 6 57 20 42 6 71 76 13 36 51 79 31 85 91 92 58 12 73 48 79 30 26 38 48 100 28 33 70 36 12 85 15 68 24 17 11 31 23 77 71 46 83 80 41 34 0 16 65 63 7 32 46 21 13 52 19 69 15 20 18 8 90 90 26 35 71 13 100 60 90 98 99 49 87 55 82 100 59 77 72 50 93 75 69 99 51 40 63 66 61 47 49 0 96 12 17 2 87 64 23 18 83 21 11 50 17 37 34 95 98 52 13 65 20 21 4 45 91 48 25 30 38 27 5 62 90 8 34 69 72 62 18 26 83 60 32 20 58 3 7 28 81 29 95 27 18 99 18 97 45 40 82 12 40 90 67 98 58 66 54 71 62 88 62 94 46 58 68 46 48 60 60 54 44 43 2 1 37 21 88 1 81 2 51 95 42 39 49 8 86 61 39 11 2 80 64 90 14 21 27 35 24 73 52 54 69 92 36 9 32 97 0 16 59 83 87 1 91 28 100 35 55 39 1 26 77 98 2 52 34 31 84 20 73 29 70 80 44 59 34 83 72 0 90 37 50 92 89 32 62 91 71 25 72 11 21 76 0 
31 15 18 0 85 7 54 84 24 3 66 15 62 58 6 96 11 63 34 2 17 42 93 64 69 99 84 75 24 2 2 1 39 99 55 96 18 23 73 90 80 21 8 0 40 54 54 64 92 51 34 28 63 28 2 44 97 31 14 55 91 0 27 9 78 94 99 70 12 30 83 42 92 82 88 48 90 21 9 45 16 55 70 43 68 66 45 9 86 78 50 12 66 47 84 25 20 67 30 53 16 78 78 45 64 44 46 9 96 76 38 49 9 61 35 33 7 11 25 1 49 51 81 49 98 99 27 79 81 18 4 24 66 0 95 72 35 1 42 84 0 60 91 90 16 54 27 5 10 47 33 49 44 82 1 59 40 55 12 81 63 15 21 34 74 48 65 3 30 82 88 81 87 46 55 29 72 95 18 69 6 58 0 48 7 70 26 34 57 43 68 86 96 38 46 90 36 87 0 63 87 100 9 32 47 25 3 81 91 73 74 33 22 45 14 44 59 91 43 60 48 30 63 68 90 95 35 99 29 77 27 36 40 95 29 33 69 47 89 30 15 47 74 34 82 45 80 23 76 52 63 8 78 40 69 51 39 48 36 61 81 92 27 49 65 21 24 94 95 65 68 10 32 39 38 91 4 39 21 19 17 29 54 23 2 29 2 72 82 59 94 9 83 80 100 59 41 71 66 39 
49 65 83 59 64 1 51 79 6 53 68 27 99 60 93 52 15 71 73 85 67 41 63 99 73 29 65 84 61 20 74 35 10 10 45 64 36 18 15 24 95 17 2 94 38 9 71 27 76 17 64 66 83 86 49 16 81 88 84 43 12 91 44 1 98 52 100 100 46 19 94 27 82 99 33 74 84 81 25 57 43 3 80 5 5 62 54 38 35 77 37 8 37 83 86 92 14 94 99 70 76 34 78 61 56 99 77 37 68 90 47 11 60 56 74 99 85 30 100 87 39 85 55 1 59 22 71 90 10 44 2 99 40 98 82 57 100 84 88 56 11 80 26 79 79 54 46 78 90 67 72 50 41 51 21 13 86 38 58 42 76 25 0 80 75 24 73 65 81 45 21 21 72 71 28 61 61 81 18 95 76 85 70 20 1 56 20 26 90 83 66 67 74 35 9 21 92 92 61 47 81 58 5 61 16 49 84 82 42 6 88 74 13 23 89 41 81 29 100 73 37 23 21 27 89 74 88 28 88 59 27 88 87 80 54 27 99 32 29 43 70 69 88 37 78 29 79 39 19 57 17 98 59 66 30 37 46 92 94 53 4 93 13 20 10 5 13 89 64 63 47 90 35 64 69 10 93 85 100 50 98 89 66 3 62 72 42 13 24 75 55 89 41 68 8 4 84 97 84 58 
3 24 89 0 52 33 26 9 96 14 45 2 6 46 27 51 6 94 97 6 31 35 73 75 42 24 79 57 62 34 68 54 92 56 26 56 26 16 36 23 83 66 82 69 82 29 9 88 44 37 33 58 51 20 11 32 63 30 70 19 0 82 91 93 88 95 88 81 0 26 46 94 79 18 5 60 94 18 29 83 81 5 4 61 33 99 19 12 98 24 61 37 88 19 57 74 36 26 28 24 22 28 66 69 63 5 25 71 61 68 87 41 46 86 94 53 5 34 98 29 87 7 30 17 91 21 47 48 66 22 76 3 64 31 65 54 94 14 76 34 6 79 88 81 45 66 22 26 95 6 34 5 95 10 98 21 45 34 50 46 48 13 50 54 17 24 73 70 38 64 94 79 21 89 90 95 22 40 78 56 17 86 4 34 57 45 8 1 100 47 47 57 55 31 65 50 88 32 28 23 86 53 29 23 41 97 34 41 20 9 15 74 43 47 54 3 53 84 24 27 61 57 95 53 25 19 13 74 36 37 77 87 32 85 67 61 53 34 89 31 70 15 58 53 99 93 34 39 6 6 93 88 33 3 21 44 32 61 82 87 68 35 63 18 73 94 90 59 33 62 56 69 70 44 27 54 100 35 100 10 19 99 10 19 9 90 89 70 92 64 95 39 47 1 90 38 13 87 13 46 
11 75 72 96 0 13 51 7 39 100 16 5 49 81 30 70 90 54 40 71 24 76 38 57 46 69 53 27 37 65 55 57 36 98 7 35 11 27 62 90 76 100 48 54 96 44 47 25 21 50 85 4 54 11 79 72 43 4 5 0 22 16 78 44 57 45 53 19 73 48 36 15 15 16 5 89 6 11 51 65 58 78 42 68 81 95 1 72 63 30 40 83 78 23 63 30 85 49 14 26 5 43 28 6 22 95 37 25 62 75 62 57 68 75 38 91 38 72 100 20 29 89 70 35 11 100 40 25 16 62 17 54 1 34 37 26 64 19 13 92 42 38 51 40 74 7 47 27 83 38 34 76 54 38 75 99 13 75 75 69 40 4 66 57 5 33 60 93 50 98 91 70 98 56 96 41 81 36 21 12 0 79 99 69 91 65 58 80 91 95 16 38 52 95 5 76 18 76 47 52 44 64 6 58 16 80 19 45 4 6 98 25 68 33 99 27 12 59 68 12 32 60 61 12 85 21 27 81 21 87 70 98 30 76 85 29 62 70 46 41 87 10 95 5 94 69 38 62 35 50 12 69 71 36 54 92 50 48 65 49 47 92 84 35 56 78 8 67 87 42 27 55 4 68 20 18 39 16 40 30 30 55 21 30 89 58 90 33 86 17 26 63 68 36 98 7 74 88 76 74 
45 43 74 62 75 79 84 74 58 21 23 10 78 13 100 54 25 75 20 12 57 98 50 99 61 31 3 20 47 65 1 76 26 55 94 33 44 91 24 50 85 37 86 37 77 24 44 73 27 91 61 27 78 97 96 39 36 81 45 93 80 76 72 74 62 99 25 52 27 94 22 40 38 92 67 52 14 72 42 80 82 68 98 23 66 27 12 10 24 90 7 2 52 43 4 39 16 100 44 60 86 22 92 94 13 53 14 13 100 92 96 86 0 79 71 33 21 40 7 47 13 63 5 59 95 33 68 44 66 86 55 48 38 39 49 23 78 19 7 33 38 72 68 92 75 25 67 0 59 71 11 1 75 10 98 33 34 68 12 63 82 4 82 46 24 62 54 5 45 49 30 98 22 74 47 96 4 37 83 18 41 29 80 28 66 23 15 65 70 46 2 84 43 69 72 5 47 35 99 69 21 51 67 93 69 2 76 92 98 51 82 21 39 16 78 69 27 42 74 0 26 21 83 57 96 47 56 41 51 71 91 23 43 98 44 42 76 68 93 31 83 49 6 3 96 91 70 83 89 17 47 57 6 2 36 80 70 5 64 93 75 13 95 89 5 50 5 93 57 10 95 45 34 85 66 63 83 65 68 33 100 1 8 30 71 1 4 35 51 91 61 61 84 86 36 91 8 60 27 46 
77 43 49 84 0 73 53 5 6 41 96 25 32 92 41 7 53 75 94 50 97 24 84 67 30 30 46 100 54 53 60 91 53 16 29 20 29 69 64 36 51 19 86 46 30 24 58 13 19 10 79 5 8 65 98 55 81 89 67 27 81 68 89 50 74 6 40 92 0 61 14 28 29 100 98 97 7 65 91 52 5 2 13 83 79 83 69 34 47 85 93 2 30 100 55 20 50 68 61 37 49 11 5 67 18 6 21 5 53 49 92 71 95 96 44 28 13 43 65 90 20 15 98 18 94 53 64 61 52 28 79 43 72 18 41 32 43 47 38 46 90 61 61 61 24 40 92 5 15 33 76 19 69 34 6 35 33 25 67 70 78 51 38 47 34 24 81 36 71 14 100 84 55 38 37 43 76 65 24 87 1 36 8 49 58 5 51 81 38 98 1 79 56 97 51 58 26 31 59 58 12 67 71 86 93 74 12 30 55 54 26 79 93 31 72 14 56 90 67 2 80 10 40 82 77 65 10 54 80 50 87 99 0 11 8 74 52 97 97 30 49 81 25 66 9 61 71 99 58 11 2 91 91 22 1 55 13 75 63 61 58 40 29 44 3 3 42 88 75 53 41 45 50 7 91 93 74 2 39 74 8 74 8 44 52 51 42 57 44 54 98 11 51 70 32 64 79 67 75 92 
27 51 57 39 3 38 12 80 58 43 87 93 14 33 2 32 64 42 38 99 55 69 77 99 93 6 100 11 4 2 66 12 41 97 17 62 18 27 65 74 39 26 87 5 79 97 81 3 76 87 69 97 69 91 43 98 96 9 58 2 2 64 52 64 78 41 87 33 37 92 90 34 13 32 87 7 63 28 49 68 54 63 48 81 28 86 17 36 72 24 59 44 54 63 47 34 68 85 91 32 19 56 5 9 58 33 97 72 48 100 66 37 26 38 6 47 59 91 39 54 10 61 14 34 51 28 53 90 44 90 30 67 97 95 12 45 15 49 42 71 44 43 87 50 93 92 70 6 58 80 100 57 37 30 72 73 39 53 8 13 14 62 70 97 50 5 15 89 51 27 62 96 92 72 30 4 1 39 69 71 55 9 69 34 19 30 61 44 55 0 38 31 94 6 46 11 34 51 3 42 72 88 47 76 11 50 100 27 54 1 68 87 33 77 61 34 35 0 11 71 39 39 16 53 93 2 20 62 33 12 83 59 23 85 76 6 83 0 62 52 56 41 90 19 69 39 2 94 33 50 21 24 0 31 51 80 9 88 29 2 57 74 76 49 11 8 16 31 17 6 10 6 30 34 61 72 18 79 65 49 57 32 95 100 87 5 25 29 36 69 37 37 80 66 85 88 22 89 53 83 
40 2 47 6 61 11 93 52 0 29 97 96 24 92 25 75 10 60 28 62 33 77 8 3 56 18 70 82 64 61 91 99 9 43 14 99 22 24 72 72 33 98 57 99 82 82 60 3 95 68 81 65 35 14 68 49 4 43 19 55 87 56 41 90 34 6 29 35 45 72 56 83 52 19 88 66 67 19 33 19 31 60 67 75 78 50 85 23 38 49 44 63 57 93 18 86 34 11 84 46 31 88 36 49 93 96 76 39 14 3 75 82 82 40 99 15 5 48 20 46 43 54 79 100 19 73 87 18 39 41 90 49 93 95 47 49 37 86 67 13 91 75 41 24 7 50 74 82 75 49 25 2 89 50 38 79 84 2 92 66 6 5 86 84 1 95 12 72 31 78 91 2 91 97 48 98 4 78 87 59 53 37 82 6 15 69 15 56 58 87 36 21 27 5 4 95 14 88 73 36 31 6 59 96 4 83 13 82 95 80 75 7 38 46 77 30 47 98 8 30 9 95 99 81 67 77 14 34 49 3 45 41 12 17 26 69 73 30 38 79 77 67 61 19 87 11 40 22 64 71 24 24 62 94 46 92 85 59 64 92 45 14 26 57 24 13 53 1 64 49 78 50 70 59 64 63 81 97 20 95 17 95 6 81 55 29 64 0 29 34 29 37 70 57 1 88 18 84 73 9 
54 4 45 50 1 86 94 50 28 91 35 82 24 56 4 77 94 18 49 51 28 74 96 85 88 19 33 55 76 99 23 65 14 25 16 62 9 1 51 34 84 49 76 14 90 36 37 90 16 79 77 82 56 9 82 84 1 95 94 39 71 99 79 10 81 91 12 93 78 48 22 92 58 93 0 40 6 10 1 34 95 94 5 77 3 34 41 8 96 79 57 0 28 67 57 89 84 77 2 41 25 4 28 12 46 96 67 77 68 81 88 69 11 92 39 44 70 22 43 84 32 44 14 43 100 57 93 85 81 61 88 83 19 12 32 95 57 82 77 53 27 8 54 44 59 20 34 33 29 43 30 61 32 62 47 51 73 13 68 71 49 73 36 49 100 90 7 77 2 97 65 55 68 76 50 70 32 90 1 11 100 64 41 24 6 10 91 72 59 5 67 13 44 96 57 19 12 95 83 99 88 19 78 45 76 16 10 18 98 86 15 66 30 63 36 2 41 42 17 40 50 10 77 70 21 14 58 48 69 64 82 91 83 79 12 92 70 16 14 61 96 66 65 66 57 67 73 5 50 22 66 72 94 55 0 10 73 60 2 58 95 24 72 33 12 56 30 56 24 70 42 76 36 70 78 20 53 89 99 26 62 48 52 80 52 48 18 79 7 14 10 90 99 0 75 9 19 58 14 64 
71 52 93 18 97 3 100 44 75 64 16 51 59 93 58 60 69 1 60 89 24 64 48 88 67 48 55 87 4 100 36 4 73 75 72 12 81 79 23 22 22 23 89 38 75 34 11 33 22 19 17 75 73 46 71 70 51 0 83 65 45 33 75 0 96 69 84 68 42 59 28 20 55 32 73 16 96 42 97 78 44 62 34 9 43 91 69 42 95 51 21 42 46 70 40 91 69 43 23 40 74 38 13 34 63 58 77 35 84 70 15 68 6 77 84 61 82 32 8 93 69 91 51 20 94 50 64 17 54 59 70 89 31 61 27 13 69 50 59 9 36 16 56 42 31 100 5 56 85 95 69 85 65 71 38 61 15 83 82 100 28 80 62 65 11 22 60 51 97 7 52 9 96 9 18 40 67 6 2 69 84 69 78 7 87 7 60 67 37 34 39 11 19 68 67 59 44 68 27 97 36 35 78 33 8 15 77 23 36 16 14 22 17 92 44 59 75 71 27 82 92 37 77 69 74 97 53 6 58 42 49 57 68 71 93 94 92 26 98 20 56 35 19 16 59 44 55 9 94 72 12 32 33 82 82 4 24 28 55 6 73 32 25 78 63 85 46 31 34 70 32 82 65 13 71 35 13 76 40 8 6 55 39 11 32 0 100 4 9 64 24 57 84 31 79 73 8 58 15 89 
31 40 54 19 54 92 79 74 29 3 82 55 4 25 70 41 96 26 19 8 22 18 77 42 95 13 73 27 62 84 14 89 3 50 43 53 46 64 98 1 98 97 68 73 20 40 91 91 18 23 77 30 99 45 88 8 31 99 71 13 64 68 82 14 6 69 16 68 40 35 32 13 86 75 76 23 53 70 25 61 2 37 80 8 46 66 89 0 44 85 6 13 9 37 56 45 59 16 16 77 23 8 9 32 0 88 82 18 71 30 12 5 9 38 87 36 27 53 95 72 38 48 75 92 66 7 9 86 87 26 54 54 45 85 87 16 67 90 98 71 88 61 52 84 85 35 18 44 91 22 83 62 5 37 22 74 21 43 28 87 76 99 67 22 98 16 1 86 70 93 80 27 91 97 77 95 82 40 71 76 36 65 5 78 90 97 26 4 74 86 21 52 21 33 0 6 45 26 40 46 9 31 23 1 86 68 25 53 54 85 35 93 31 43 99 54 85 100 41 80 8 85 73 42 28 36 5 64 74 78 71 64 8 0 78 43 23 61 89 33 53 25 63 65 35 28 20 50 86 83 79 55 5 2 72 89 78 35 34 39 24 99 73 28 24 47 3 78 45 16 100 72 77 24 89 58 3 81 31 66 38 72 87 27 99 19 16 23 33 28 94 53 74 1 91 86 89 65 69 47 
91 50 78 2 55 100 100 89 98 72 73 52 92 65 92 49 61 33 37 78 54 21 100 14 81 37 58 74 62 6 54 98 81 4 72 87 48 35 49 39 38 55 76 67 4 86 52 68 30 38 7 91 16 52 3 35 69 11 19 69 33 64 98 36 28 42 50 43 73 73 95 99 61 46 37 53 70 100 3 98 50 56 83 13 90 99 44 79 93 60 9 93 31 17 8 46 49 100 67 71 52 21 9 13 88 4 18 85 34 72 61 25 15 93 9 40 79 59 55 67 15 97 22 66 51 31 2 48 39 79 51 69 52 92 85 69 21 9 17 16 14 52 10 34 74 78 21 33 71 15 54 57 99 91 75 94 81 80 56 54 77 40 82 16 64 89 7 25 92 34 27 61 49 30 41 32 92 82 95 6 2 8 60 35 99 24 98 85 5 43 40 52 83 6 10 60 94 46 76 70 76 87 5 62 18 45 48 42 32 48 11 15 12 56 78 93 93 71 56 45 26 46 28 3 8 10 77 35 58 88 96 91 43 74 100 56 1 66 55 87 42 91 15 53 9 33 67 66 56 75 78 43 100 87 81 85 58 59 69 4 94 40 67 76 96 22 56 15 76 12 61 57 70 97 10 8 50 50 87 84 55 87 73 5 65 87 72 6 51 13 22 53 14 43 17 95 41 57 72 12 
89 59 90 36 4 25 20 27 98 43 30 11 10 29 73 25 25 38 81 60 99 88 17 80 6 75 84 100 68 84 14 20 70 91 22 48 2 83 88 69 10 76 76 13 33 73 32 84 6 62 51 3 100 51 80 40 68 72 73 2 31 40 81 68 4 50 100 62 4 6 23 90 73 34 90 13 37 30 44 87 26 91 98 30 45 95 66 58 13 74 10 29 47 62 27 27 46 43 39 98 25 75 83 94 5 90 60 33 99 40 15 36 99 38 23 61 75 55 9 81 69 10 62 61 28 12 72 14 20 5 38 25 75 54 3 48 75 89 8 41 1 94 100 92 89 15 14 44 84 57 61 69 78 9 12 41 42 94 6 75 54 92 6 92 69 14 22 3 78 73 82 72 38 47 82 8 97 37 22 53 79 38 56 13 4 68 22 11 51 8 70 15 3 46 64 59 77 84 79 76 40 88 78 64 84 69 54 33 67 53 25 92 64 60 39 61 47 65 73 79 9 14 27 32 82 55 98 28 8 43 79 74 36 86 57 36 65 57 18 0 45 63 7 62 0 16 85 33 90 29 4 97 50 6 99 20 14 30 15 4 26 57 84 57 36 38 67 4 61 83 59 48 83 92 21 70 68 59 26 43 55 54 70 88 49 52 32 17 54 78 11 58 25 90 58 94 37 89 68 48 
66 53 40 41 31 20 20 27 59 5 48 26 35 44 66 6 99 48 86 95 16 44 67 94 84 63 70 66 46 57 71 46 42 95 44 18 31 78 30 74 51 23 47 37 40 12 13 36 5 31 88 54 35 14 90 41 29 82 34 91 49 6 46 38 52 100 35 33 36 68 53 39 40 42 34 23 29 74 63 19 77 32 2 62 95 37 20 76 58 98 70 1 46 89 80 74 19 7 98 4 21 81 27 57 25 9 11 97 2 93 38 35 52 84 73 56 17 57 27 58 50 99 49 42 27 28 38 64 89 97 40 25 76 53 94 25 35 13 11 29 4 48 59 46 50 34 35 15 13 2 47 10 9 85 65 49 8 44 2 14 61 93 48 7 86 17 6 44 93 99 87 74 21 91 91 46 28 26 31 59 100 64 77 81 33 15 3 62 3 85 7 51 57 15 100 67 58 22 26 83 48 6 45 26 8 29 5 15 41 66 6 50 0 78 66 81 43 35 6 33 40 29 46 96 40 75 72 26 89 76 16 26 95 11 22 61 57 82 22 83 42 69 9 86 42 20 82 22 77 89 34 27 19 80 52 29 88 81 33 7 67 97 52 55 33 3 74 65 37 99 5 22 21 77 1 38 66 36 44 38 23 37 70 11 24 72 90 1 28 25 64 74 89 26 50 31 70 24 82 96 
51 71 98 20 73 16 27 16 44 23 83 77 28 94 39 0 35 84 76 8 23 72 50 82 91 55 17 4 95 22 2 58 46 94 29 65 92 62 92 60 24 44 5 47 59 14 20 96 41 21 75 39 3 59 42 22 25 2 92 90 46 64 10 89 96 36 11 33 72 46 76 83 14 48 95 76 19 78 68 26 58 9 48 82 21 40 3 8 17 26 0 52 99 34 68 65 29 100 44 96 9 55 8 16 86 59 88 31 66 49 0 41 38 9 52 32 31 91 44 73 86 22 33 65 59 6 59 57 92 26 66 40 53 91 91 48 82 3 98 82 98 92 17 89 10 65 1 77 29 1 0 28 41 60 52 77 93 22 24 39 18 24 54 100 87 2 61 12 17 25 54 54 15 41 28 74 16 47 65 44 47 49 41 6 75 61 63 97 89 38 61 95 92 82 58 70 26 80 60 59 63 24 54 74 63 20 58 44 88 74 81 29 58 8 57 13 89 55 71 6 98 9 81 91 66 7 50 17 42 10 82 63 12 40 82 41 22 66 62 93 63 22 99 49 73 72 1 30 98 96 39 26 25 39 34 10 55 10 55 12 6 82 22 89 94 97 5 7 9 13 31 95 52 44 85 53 84 56 3 41 14 29 19 33 26 90 6 9 31 20 87 89 27 89 16 50 40 29 37 14 
34 29 52 26 93 37 58 84 66 88 55 60 56 26 51 100 3 2 92 56 41 2 27 89 71 100 75 96 57 16 98 66 29 23 12 38 85 47 38 0 64 0 36 41 56 49 89 15 28 13 50 5 88 23 64 52 25 62 29 33 7 72 35 36 6 47 45 73 83 14 86 9 83 8 49 97 22 30 64 34 67 81 49 67 55 57 53 82 34 47 6 7 71 82 98 34 39 25 95 39 18 66 28 48 15 97 84 57 87 6 32 3 48 90 69 80 88 64 72 60 43 44 30 37 31 71 84 94 71 47 3 100 3 13 22 0 66 62 2 54 17 40 50 95 91 100 13 68 26 72 10 91 100 0 17 37 33 18 86 48 24 88 23 21 6 0 54 23 86 89 29 89 51 42 25 57 56 57 70 74 3 62 79 49 46 85 57 7 39 9 100 47 70 16 87 71 7 58 37 49 32 30 70 70 31 4 8 69 71 82 52 92 8 88 91 99 21 48 7 44 60 71 30 50 20 78 51 49 16 31 83 75 97 78 25 39 49 41 73 70 54 78 10 88 75 69 10 18 64 85 21 63 38 1 38 23 62 30 20 10 67 29 19 15 19 24 77 43 74 36 81 70 98 36 60 64 41 34 83 55 71 21 59 52 53 88 58 7 73 3 49 5 0 25 98 39 84 20 80 95 
71 74 50 65 39 23 65 72 88 33 22 41 64 91 68 78 13 95 36 69 74 94 49 49 5 86 53 51 46 14 2 86 63 11 28 80 27 22 13 78 86 64 97 39 25 82 54 58 56 55 39 16 49 36 72 70 23 58 62 70 94 71 46 28 31 53 63 15 85 84 90 7 70 85 86 1 2 85 17 27 84 56 35 93 3 52 39 75 81 67 53 85 54 81 100 19 28 62 72 90 9 82 87 99 9 91 34 40 50 48 19 47 86 3 64 67 56 95 96 35 58 83 54 41 3 74 42 69 68 38 34 74 56 45 36 30 37 33 55 62 10 43 10 35 69 14 17 96 27 81 22 81 27 5 85 31 77 1 72 21 45 71 46 52 13 54 56 16 86 92 18 4 28 65 31 28 76 32 40 34 43 78 93 62 77 53 64 41 52 20 59 54 38 54 77 34 89 67 81 74 62 48 44 5 80 91 49 70 58 64 71 9 48 97 80 85 20 58 88 90 19 31 82 81 42 82 38 73 92 44 39 91 99 25 2 62 81 98 24 8 39 25 10 22 33 26 54 13 25 99 86 87 49 51 55 62 100 41 91 56 54 77 56 85 80 17 7 0 0 22 91 7 78 68 84 42 72 99 10 18 70 39 40 87 90 52 11 1 26 77 9 52 49 59 13 33 15 5 83 13 
53 65 9 39 28 78 79 43 85 35 8 44 90 15 3 38 28 53 84 48 48 6 21 72 68 77 57 43 79 73 57 24 68 54 17 66 59 32 17 73 38 89 51 76 18 24 63 42 6 66 83 45 50 36 89 67 7 49 82 7 82 69 15 85 34 76 17 19 14 17 10 18 95 95 64 27 2 57 86 74 6 41 18 33 65 70 89 49 39 42 17 35 6 88 49 14 100 89 65 49 48 84 66 70 13 45 85 20 69 11 18 34 16 99 19 35 41 93 69 72 83 60 64 70 40 18 53 56 47 40 1 30 8 64 33 59 44 97 45 19 89 61 50 70 60 44 60 61 47 23 44 9 99 25 42 69 6 59 45 24 72 14 38 5 67 50 26 94 8 53 62 78 63 19 19 81 78 68 6 79 12 2 90 31 36 66 31 15 61 87 32 19 26 92 13 46 66 37 88 41 40 65 39 52 90 58 98 49 22 16 35 5 25 33 36 43 63 55 46 58 15 93 84 97 78 13 18 49 68 10 33 1 40 29 12 81 50 87 37 78 87 67 17 98 27 42 38 33 50 79 29 66 69 24 85 28 4 65 84 100 33 15 13 37 73 16 95 100 22 47 20 98 76 60 82 24 65 24 60 90 45 32 17 91 36 99 93 51 60 32 30 57 15 21 50 88 45 20 20 20 
4 91 61 67 64 60 88 76 94 74 11 31 29 1 15 25 99 96 81 14 77 33 9 56 13 94 87 22 60 34 24 80 25 79 43 96 84 73 81 86 19 16 79 87 24 28 12 27 2 56 47 86 8 16 36 53 57 60 15 3 35 38 80 29 12 70 27 36 19 86 35 25 0 72 20 41 50 52 57 89 87 14 38 94 21 86 83 31 51 52 43 77 9 72 6 2 73 6 86 30 1 3 83 65 62 58 58 77 27 25 41 25 48 27 35 30 98 76 92 1 74 83 47 28 23 3 65 62 93 69 0 60 40 91 31 68 21 11 71 76 98 21 89 48 37 29 32 6 51 94 97 79 77 6 3 85 98 56 9 27 15 43 13 2 1 4 39 100 37 85 28 43 31 76 46 84 49 69 70 38 75 18 100 54 92 28 86 46 7 10 4 93 77 6 32 64 76 66 90 91 28 95 54 55 59 14 7 64 11 9 8 89 100 64 78 80 26 5 89 11 8 100 96 29 23 0 36 86 64 40 58 74 86 17 97 20 99 75 45 93 80 90 58 62 72 50 17 98 75 66 55 19 65 18 95 21 84 13 63 93 25 1 7 69 8 35 45 76 92 49 28 32 48 63 100 58 62 62 56 16 40 4 75 77 68 61 97 52 4 47 91 47 8 99 88 94 4 52 64 67 
16 8 48 52 9 28 23 36 28 32 93 47 90 10 68 66 28 88 87 50 94 43 90 69 75 36 84 22 90 49 87 2 80 34 63 10 70 94 8 75 52 43 27 75 53 61 42 89 38 29 17 3 55 45 82 0 39 65 49 91 97 69 47 49 31 75 83 91 57 65 48 24 82 42 11 15 50 2 87 15 45 83 62 51 94 22 42 44 75 38 37 38 1 63 24 12 23 68 58 53 45 43 86 94 56 44 8 27 71 52 87 89 61 18 70 21 6 54 89 54 47 28 100 14 91 50 60 68 57 9 98 51 72 51 67 47 43 55 9 19 30 62 45 94 45 84 6 10 29 75 37 47 28 63 64 52 21 90 2 38 4 20 76 95 40 65 79 17 30 40 12 81 55 95 42 3 14 31 17 46 12 86 58 100 62 95 33 62 11 74 8 58 42 86 57 92 99 16 96 42 54 67 100 58 55 13 32 70 1 83 37 32 52 69 4 74 0 58 89 33 14 45 71 69 15 63 97 44 29 75 55 74 72 54 93 86 59 58 17 44 32 9 85 30 38 11 56 2 5 65 9 51 1 28 19 46 79 53 88 27 57 23 93 83 41 31 7 16 11 79 59 40 54 87 6 93 78 58 82 34 66 56 33 15 14 3 1 47 100 48 59 72 2 30 88 16 89 61 43 19 
35 65 34 26 57 54 21 58 37 92 72 38 14 88 69 55 11 79 57 52 68 52 18 47 68 11 9 95 36 37 67 0 73 19 19 10 72 49 13 20 19 52 21 81 73 17 58 47 7 4 49 74 26 96 27 98 14 30 93 37 34 67 86 16 68 98 82 89 38 100 46 49 38 27 93 55 53 51 52 32 40 29 100 49 62 21 11 96 55 99 80 43 84 66 43 14 35 45 95 78 60 50 56 76 70 29 43 15 81 7 65 7 76 8 29 37 22 79 2 81 54 25 54 40 73 52 84 96 6 46 26 35 31 39 82 23 66 73 57 33 81 26 87 70 47 77 54 3 36 24 50 18 53 39 66 3 26 45 34 79 92 14 35 34 86 43 35 35 50 37 91 22 71 14 90 95 26 67 92 7 80 40 78 8 73 21 63 5 34 86 71 77 69 26 88 50 16 35 94 19 80 28 23 28 77 24 90 45 84 4 75 31 89 23 59 92 45 77 83 86 67 95 18 36 7 7 26 67 78 75 77 29 1 16 41 75 90 64 44 73 82 1 40 53 85 48 77 33 52 7 71 7 57 35 56 3 58 82 34 79 34 38 4 47 76 52 77 28 6 43 9 97 84 49 29 41 7 76 94 2 47 6 96 5 27 18 3 65 45 47 47 46 70 11 47 44 95 26 78 55 
70 55 95 16 93 4 39 77 4 100 99 10 21 1 24 36 89 96 5 78 5 42 14 0 63 21 49 31 96 16 64 19 12 56 98 89 52 14 46 79 5 89 2 26 29 50 7 6 34 40 49 13 47 51 41 58 93 42 64 30 83 40 69 39 33 8 35 89 31 87 3 96 67 56 33 32 30 78 3 78 19 27 64 97 94 17 9 13 39 88 62 2 20 2 67 25 69 86 68 22 94 59 98 77 62 12 14 3 87 89 47 37 0 52 40 3 91 57 77 84 21 84 84 64 91 85 45 87 54 11 12 76 5 97 41 62 23 80 98 48 33 31 82 93 50 15 46 71 7 88 13 84 63 81 65 82 17 41 81 89 51 37 11 35 19 42 51 56 53 66 42 49 59 21 0 60 40 20 57 29 48 39 72 98 48 24 63 51 25 44 15 18 17 27 27 18 83 72 46 2 3 72 46 22 93 16 71 86 67 1 91 72 88 32 26 69 53 86 88 66 83 68 12 43 56 59 46 60 11 5 41 93 22 85 17 84 50 38 19 13 46 56 71 17 66 42 4 25 30 64 82 81 20 100 57 82 26 16 83 88 44 5 44 48 3 10 38 37 56 67 30 74 85 6 16 94 79 26 16 43 33 54 7 48 68 77 66 54 17 69 31 42 61 32 99 93 58 13 97 13 
23 36 31 70 49 27 86 89 74 81 94 97 56 45 67 36 2 12 87 68 51 36 16 98 28 65 11 73 95 0 0 68 81 2 46 79 21 36 81 16 97 54 67 89 48 72 37 52 1 39 6 0 96 97 30 25 41 10 48 71 5 95 46 0 7 8 38 19 71 16 26 26 19 9 96 68 66 18 100 41 19 58 79 52 49 93 34 35 60 77 97 19 25 81 55 98 6 58 13 75 50 42 29 82 51 22 81 42 81 83 86 57 34 34 25 57 81 58 98 99 42 39 12 44 54 59 11 20 63 22 28 4 77 26 18 53 75 65 41 65 14 98 9 81 43 72 96 21 4 57 93 14 38 100 3 45 38 88 7 35 79 30 61 82 24 16 28 19 47 84 89 61 47 51 15 45 79 53 39 79 32 20 32 12 50 23 21 80 57 10 15 22 14 9 15 40 41 75 64 89 75 10 99 84 28 44 89 63 61 82 70 14 91 31 73 96 83 65 95 12 71 44 8 100 2 17 31 25 68 41 61 91 76 6 95 29 86 9 88 70 67 73 48 62 4 43 73 82 47 61 24 54 76 96 26 90 97 91 6 5 81 33 49 87 89 86 89 74 96 93 8 9 86 55 86 50 75 20 48 32 71 59 46 38 24 15 98 60 49 83 34 68 24 29 79 12 96 57 52 21 
41 44 5 78 62 53 85 100 7 76 10 29 44 53 50 20 57 41 34 43 56 49 57 85 73 36 90 25 80 14 16 19 37 56 73 78 18 70 98 0 84 58 93 27 100 77 70 21 10 88 71 3 92 36 31 2 3 88 35 91 24 89 43 73 32 40 12 98 4 47 90 86 53 54 40 67 0 100 5 79 92 16 73 6 69 35 60 29 82 64 69 1 60 44 96 1 15 87 77 79 45 63 75 78 62 8 55 37 100 25 78 4 32 47 87 30 38 33 21 88 65 9 14 7 32 48 4 77 1 84 56 61 85 77 84 78 70 51 81 69 79 10 91 95 25 28 56 55 45 63 75 34 40 0 9 18 10 30 90 60 14 71 3 36 86 89 41 35 61 5 62 9 19 17 36 90 26 98 18 76 62 9 97 11 49 2 99 95 32 60 75 62 66 25 13 4 50 2 85 35 17 57 2 44 73 88 29 18 29 91 92 84 55 22 32 57 88 41 75 8 57 34 18 75 88 68 12 2 23 81 23 82 84 27 99 99 85 41 30 42 62 65 55 45 81 66 91 38 80 94 79 59 14 57 81 17 17 29 26 62 77 16 65 7 29 79 29 55 13 89 92 19 20 79 20 43 54 44 44 74 64 99 18 96 90 6 99 51 82 46 38 9 1 9 26 28 19 100 54 34 
4 87 78 14 28 88 90 69 5 77 4 47 94 45 23 6 65 68 56 31 5 94 22 65 70 99 20 37 25 43 61 89 8 64 95 89 26 80 73 79 35 81 75 0 90 73 69 71 40 85 1 7 63 68 90 7 23 6 50 97 49 68 67 66 44 68 62 17 57 23 50 14 78 46 28 11 38 31 61 81 88 37 96 94 41 6 95 64 37 13 38 1 97 27 6 29 0 95 73 84 36 97 80 4 11 72 20 52 49 24 8 32 21 56 11 43 17 23 99 19 76 61 38 92 49 68 87 30 61 92 82 73 67 96 27 96 76 64 37 77 27 19 59 57 68 36 61 46 62 26 23 61 84 74 12 10 50 80 50 33 7 29 98 76 97 97 67 83 31 99 88 11 83 0 3 86 61 42 35 6 100 15 24 27 12 83 51 1 72 50 83 97 24 83 88 38 48 45 26 59 99 19 49 68 49 64 46 7 71 13 56 72 56 95 39 93 97 32 41 2 24 28 66 34 54 77 80 90 49 24 5 64 0 78 37 62 3 45 92 85 74 33 88 26 58 43 81 77 51 20 25 42 73 91 36 52 10 37 49 14 90 35 20 32 73 34 89 10 10 45 48 28 41 69 36 97 8 68 55 91 49 61 91 63 100 36 45 65 32 99 89 96 74 30 42 25 25 63 9 62 
19 18 66 17 9 18 44 68 69 69 39 71 93 74 85 69 42 66 27 8 50 47 13 1 73 70 66 17 48 10 45 10 45 100 100 71 45 22 63 67 40 55 88 40 76 4 4 69 54 16 46 66 23 29 37 85 5 3 81 40 65 4 47 15 68 97 35 48 95 33 86 63 61 88 71 26 48 11 91 8 32 67 40 81 81 60 5 47 68 39 40 36 90 56 32 92 0 97 33 80 62 20 94 22 77 49 11 40 92 64 24 65 6 16 34 43 99 41 26 40 9 22 40 21 76 35 41 43 45 7 62 42 72 47 67 34 22 34 8 79 11 24 98 59 16 69 41 32 54 5 32 38 76 89 60 22 64 45 43 57 28 43 41 12 20 75 27 93 7 99 78 20 64 8 42 26 32 46 62 100 80 39 31 33 64 98 8 16 31 85 12 49 1 31 38 71 2 65 51 59 1 35 41 7 54 21 59 20 93 92 87 95 90 77 70 26 6 50 5 84 90 58 20 7 20 94 16 95 38 59 47 74 33 86 22 95 51 49 7 66 37 43 99 71 31 100 21 88 36 21 67 29 76 39 42 51 61 12 62 2 3 7 39 5 28 52 46 86 47 94 42 41 71 23 69 85 13 18 47 24 88 95 44 38 63 34 98 83 27 52 4 84 71 69 76 8 54 90 20 39 
70 44 14 23 68 79 96 9 41 22 86 16 13 96 96 30 11 64 97 18 62 0 92 78 73 26 56 11 59 43 75 41 29 92 71 8 14 66 75 68 68 65 54 81 36 21 39 89 26 97 81 75 19 97 34 77 39 1 73 98 90 69 93 44 41 90 62 40 87 34 59 83 36 51 74 2 81 71 74 54 40 26 64 14 52 28 48 59 20 17 31 56 19 92 50 90 95 20 66 49 52 72 3 79 91 49 27 18 91 55 53 0 80 43 7 78 89 98 60 68 87 9 73 7 74 59 79 47 81 21 41 37 31 67 26 8 3 92 12 74 3 88 74 82 97 29 80 33 68 89 35 49 13 20 19 94 20 76 19 32 82 90 75 100 57 96 33 19 38 83 32 27 36 73 13 53 74 35 86 89 100 60 96 57 17 0 78 75 28 50 81 11 42 78 41 97 2 30 87 33 88 81 60 21 46 60 63 97 64 36 30 38 25 48 58 100 19 2 70 91 41 63 49 64 1 62 52 32 40 43 60 97 51 62 47 83 42 64 88 35 39 18 32 98 62 22 53 49 25 53 75 50 9 67 72 11 6 6 70 93 6 26 69 27 82 70 28 98 25 13 53 77 91 42 98 66 69 25 98 62 95 62 91 75 3 24 56 75 87 20 67 47 83 19 53 37 21 67 2 76 
30 34 99 75 36 57 74 100 44 32 25 42 45 45 28 33 44 4 24 92 94 27 40 99 11 75 43 27 57 44 49 29 48 61 69 97 3 29 68 14 68 29 98 60 43 64 26 15 60 50 40 49 75 52 63 76 60 91 60 0 92 89 49 93 74 30 71 6 95 84 96 27 35 83 90 54 13 50 45 38 63 35 90 22 56 54 66 69 44 58 98 28 61 3 75 6 27 52 45 89 26 7 84 60 89 5 53 89 34 9 86 51 90 54 36 4 37 1 20 14 91 57 48 84 24 61 16 9 94 0 83 28 69 8 26 10 64 31 21 53 30 35 99 24 36 91 93 22 88 27 16 71 78 19 58 39 30 69 57 94 31 25 85 44 14 100 1 71 77 12 38 92 47 27 68 26 39 94 48 83 50 88 0 6 100 64 29 16 51 82 72 90 24 70 87 60 99 91 94 32 12 79 54 54 12 100 31 100 62 62 98 30 36 1 90 55 74 84 96 52 28 89 94 45 57 68 7 38 65 6 30 31 25 63 52 96 5 3 39 50 39 19 57 50 91 64 55 41 16 92 10 30 91 28 99 47 93 89 8 75 36 98 84 8 95 15 15 98 100 56 52 83 28 71 18 35 48 5 38 65 72 56 42 65 62 45 86 93 54 16 5 1 79 83 99 40 53 17 48 60 
83 77 30 72 53 75 13 27 29 51 60 44 45 52 94 13 70 53 98 8 90 59 88 42 97 3 21 41 14 92 5 47 16 26 18 99 54 16 64 71 40 49 71 55 11 93 41 14 97 98 84 50 44 75 87 87 74 97 1 29 100 84 27 68 40 57 14 65 67 36 79 50 26 90 61 95 100 88 40 24 46 58 8 71 88 63 92 50 86 0 42 79 29 34 48 18 0 12 13 48 52 88 49 49 75 16 42 90 87 68 55 99 26 63 70 39 95 29 58 4 91 21 40 18 64 86 25 86 61 25 2 21 75 14 47 39 42 75 37 76 14 42 86 65 46 88 90 64 67 88 1 81 15 51 36 7 33 49 18 87 66 42 70 5 42 57 92 0 83 33 49 62 36 11 42 70 41 89 36 29 75 88 12 33 51 38 98 99 33 55 70 38 61 16 96 5 11 22 55 37 15 42 73 53 17 68 99 51 33 3 11 88 52 64 56 95 67 100 64 94 10 43 47 2 92 100 39 9 86 84 95 74 71 97 35 44 63 49 96 34 87 31 39 45 55 84 8 98 98 78 21 40 43 78 13 70 55 94 63 32 65 50 54 41 14 94 81 88 83 61 46 18 16 84 7 67 88 61 55 49 16 9 44 21 2 47 30 32 44 61 83 42 84 12 88 73 80 16 58 76 
62 87 56 86 74 14 29 71 36 32 66 40 33 69 58 35 16 15 84 91 13 73 86 81 0 99 88 66 67 9 5 65 94 57 96 97 55 90 62 81 46 81 52 85 90 5 15 37 75 50 29 86 15 96 93 34 53 50 29 39 12 89 98 5 96 82 52 89 20 15 59 45 58 56 83 63 74 22 43 20 75 49 98 35 100 87 59 92 67 27 56 22 15 59 1 23 79 0 78 66 96 96 16 39 96 78 81 1 45 53 57 23 32 21 84 28 9 79 39 5 60 36 16 50 75 49 11 15 87 92 70 41 96 79 91 70 25 99 20 30 64 31 21 86 4 50 91 19 87 30 43 87 40 27 98 9 6 57 83 80 11 92 90 35 7 25 52 25 15 78 72 45 25 13 32 23 52 31 34 34 76 77 100 58 64 41 89 42 77 9 87 20 56 88 14 42 53 4 15 36 56 88 96 98 41 15 85 83 60 25 85 59 8 43 32 97 27 83 61 98 2 86 93 85 97 79 77 12 21 43 46 86 92 59 28 4 14 18 48 99 77 90 67 5 56 4 79 24 60 67 74 18 55 74 11 50 6 58 6 72 76 60 70 63 71 94 25 76 74 95 95 10 87 82 88 65 50 13 92 72 36 99 33 63 98 16 51 6 62 39 57 64 58 8 24 18 15 73 12 86 
53 46 59 16 0 98 20 19 47 39 87 33 50 60 3 64 16 33 2 37 83 11 57 58 68 100 36 3 12 33 18 18 55 97 17 27 7 40 84 12 7 99 69 37 23 4 5 100 46 63 83 75 4 62 4 9 55 20 76 96 48 22 90 24 7 47 15 30 92 52 52 78 29 60 25 79 3 56 46 67 96 46 95 7 36 31 42 21 37 17 21 97 28 69 86 23 12 49 55 18 24 59 59 25 33 21 78 49 45 93 81 25 51 11 30 89 84 37 66 22 94 69 36 28 48 41 43 16 16 75 86 44 82 83 51 47 83 79 22 40 96 77 53 56 75 98 62 53 51 13 68 47 94 82 68 28 10 96 42 11 2 74 21 58 74 55 74 70 22 13 43 52 71 47 48 52 28 15 83 66 90 71 57 30 94 68 27 22 11 77 69 77 62 44 19 21 31 47 96 86 30 13 12 50 4 25 74 62 49 8 68 75 76 47 45 97 10 67 63 48 2 27 47 60 0 52 35 63 3 83 76 99 96 14 87 47 84 62 38 55 82 11 89 29 25 30 87 2 20 55 100 34 11 78 44 36 6 21 65 74 51 62 44 55 66 52 76 7 14 91 93 48 78 7 82 50 16 34 14 19 72 67 88 85 35 85 50 34 98 41 94 34 44 13 5 5 23 32 59 98 
94 68 9 75 76 33 91 71 19 17 26 18 52 33 62 57 52 78 4 76 31 19 41 19 21 100 42 15 69 56 48 17 13 22 67 82 28 27 70 56 25 62 51 75 3 50 68 69 2 77 32 40 100 28 85 96 85 4 55 99 60 25 11 35 11 76 70 63 25 10 42 67 83 24 63 55 51 54 13 79 62 47 62 22 37 5 29 30 11 30 20 75 11 22 23 9 1 90 59 85 53 41 64 71 53 39 16 51 43 66 29 2 51 91 58 40 57 97 44 40 27 0 77 12 26 75 8 47 2 8 29 45 32 86 54 23 89 96 97 24 50 9 89 10 33 8 14 69 94 34 26 54 54 46 14 58 75 84 2 44 81 53 54 15 0 89 82 20 24 51 15 28 16 15 92 98 19 48 5 82 96 45 100 69 26 29 6 64 96 66 69 76 38 30 94 5 13 60 7 18 81 9 94 92 82 70 78 75 27 18 99 51 86 11 11 57 72 81 51 71 57 19 71 83 99 28 28 47 64 8 88 2 19 17 18 65 5 81 8 39 14 74 36 49 42 87 73 80 22 1 60 58 66 36 96 67 37 87 13 39 16 84 22 45 98 40 17 57 86 34 34 27 51 12 76 55 83 13 12 35 14 27 12 16 24 36 42 49 29 91 0 51 50 19 51 93 53 9 2 19 
92 86 47 65 17 5 51 35 53 49 27 64 95 38 28 98 90 90 28 4 43 39 70 16 76 73 40 39 80 72 60 11 34 88 76 44 67 90 32 22 28 85 92 10 8 60 75 14 6 23 28 11 0 32 32 64 53 59 87 0 98 54 96 23 3 81 9 89 49 40 45 58 37 47 59 13 0 93 44 52 30 24 26 40 3 85 61 99 8 11 64 14 42 94 51 47 16 97 25 39 23 64 63 28 51 92 83 54 33 91 40 55 2 64 53 96 89 44 37 60 64 69 46 99 16 98 87 69 40 85 69 41 23 21 2 41 91 46 17 27 98 59 70 87 31 18 59 63 24 64 76 100 94 90 36 27 86 13 66 50 62 43 74 64 40 93 15 45 39 7 11 77 19 53 63 36 38 40 71 46 0 17 83 73 38 54 14 45 26 5 29 46 10 1 50 26 86 36 91 75 46 74 45 22 71 31 77 58 62 57 25 36 64 6 64 0 68 36 0 91 70 80 92 15 71 73 29 38 31 54 59 64 38 48 52 56 27 15 11 33 59 11 22 83 67 54 46 53 86 74 82 71 45 16 9 91 79 20 74 47 19 47 22 71 6 29 49 86 88 20 73 41 46 91 49 60 7 0 44 58 99 77 99 92 91 26 5 18 91 86 93 23 35 83 81 66 7 36 61 64 
86 100 8 43 22 49 90 45 23 72 24 43 65 86 14 29 76 76 21 3 12 59 52 14 62 25 78 72 59 7 64 100 50 41 90 18 87 65 97 88 22 43 49 87 98 58 99 64 95 14 70 69 22 13 61 72 70 27 20 89 66 39 28 61 76 94 61 42 20 83 19 24 69 53 22 72 49 45 100 54 29 23 81 21 4 9 96 80 35 25 64 90 12 64 18 43 21 68 6 59 82 67 91 76 6 59 96 78 28 4 55 51 2 55 48 13 30 70 35 7 33 99 81 27 39 52 96 74 10 13 40 53 94 32 98 96 88 79 48 1 48 31 7 28 20 97 20 61 95 50 88 43 35 56 47 62 62 33 44 100 62 35 0 51 90 95 47 22 95 70 30 66 34 63 39 8 72 68 44 38 28 57 20 74 45 62 26 95 60 21 98 67 42 38 81 3 99 47 94 11 74 48 44 19 95 44 79 7 0 13 92 46 84 27 0 2 61 4 40 98 64 5 68 77 88 63 70 6 75 53 34 81 92 14 47 97 16 73 54 40 78 77 56 7 7 59 42 29 62 25 17 61 84 85 97 24 17 59 69 87 2 76 29 87 19 12 65 46 76 44 8 8 54 21 75 58 19 43 71 24 47 88 95 22 98 79 80 80 58 14 34 18 72 10 50 69 75 100 27 2 
28 24 12 38 27 89 78 63 23 44 48 8 88 63 20 67 11 57 87 44 72 96 91 82 69 43 17 49 85 62 71 47 29 62 10 17 47 12 76 4 68 43 32 26 36 3 49 43 0 0 66 13 37 3 17 21 77 13 97 28 38 51 100 25 22 20 78 95 88 67 29 86 60 58 86 72 77 72 69 98 74 14 66 92 91 62 55 95 68 78 76 15 18 56 45 60 25 47 82 83 24 25 83 78 17 79 32 37 4 26 12 33 5 65 59 27 70 7 44 14 99 2 73 34 35 28 73 21 2 30 46 14 77 98 41 31 97 23 74 33 80 87 58 89 11 21 18 23 82 96 35 24 83 12 46 10 58 97 82 61 55 5 64 17 70 34 63 72 42 37 0 31 5 86 12 20 29 32 84 64 26 57 55 46 4 20 70 66 59 82 40 27 97 34 77 69 72 65 26 11 39 6 17 64 33 79 77 39 46 15 46 23 70 70 7 86 25 29 49 22 67 58 45 84 61 44 16 73 78 38 57 50 75 80 45 15 13 90 55 7 84 78 68 57 36 32 4 0 80 74 8 38 41 91 52 63 17 76 35 4 33 3 69 1 90 0 50 68 61 58 58 88 81 59 46 100 93 99 83 35 71 43 100 39 84 69 22 16 32 80 0 38 61 93 22 29 17 91 84 46 
98 40 6 20 41 86 92 28 16 76 37 79 16 54 96 29 7 43 58 85 13 9 46 49 60 1 52 83 46 98 78 8 35 59 25 86 64 37 89 59 7 61 5 7 98 35 11 80 25 59 62 19 14 10 66 7 42 8 18 50 96 24 16 8 47 44 93 6 52 97 56 20 79 17 50 42 2 51 11 5 42 86 3 30 1 80 71 84 84 92 18 40 28 96 23 43 70 19 69 21 43 7 80 5 81 86 31 35 94 80 23 27 63 30 78 100 15 12 41 28 88 34 26 48 75 72 8 64 12 0 18 7 50 4 20 47 84 29 49 18 26 30 1 72 14 96 38 48 85 92 14 12 0 44 100 98 22 36 50 15 93 43 82 48 63 65 88 82 30 16 89 29 35 10 44 51 76 63 39 18 13 63 74 96 25 54 38 28 14 62 70 55 10 56 58 57 81 68 24 86 44 56 88 63 4 84 99 72 3 18 19 84 68 75 66 48 55 35 41 57 88 29 84 26 30 12 78 81 71 17 47 88 98 30 76 93 13 40 97 67 23 20 44 38 52 35 49 4 71 22 1 29 3 63 12 28 26 59 73 71 37 38 99 29 30 65 76 6 83 24 52 59 82 71 67 56 92 42 77 23 35 4 93 50 48 42 21 1 0 47 65 85 10 36 55 56 87 76 90 90 
97 27 54 12 38 87 37 45 0 25 13 71 66 63 37 67 84 62 77 69 43 8 38 79 67 60 33 70 5 6 93 0 64 41 95 88 24 70 51 39 52 44 37 17 60 36 34 37 37 56 3 9 17 16 63 49 77 2 79 85 85 55 1 45 92 8 17 22 30 23 34 17 7 93 31 43 51 43 36 36 100 36 14 79 46 91 99 33 36 100 2 30 69 40 26 50 64 89 54 71 67 97 60 1 92 86 94 64 49 49 68 1 32 43 24 7 7 8 19 90 92 33 16 60 79 71 37 83 15 56 67 57 100 72 78 98 76 27 22 35 99 67 97 80 76 91 75 9 90 92 89 100 80 88 83 54 44 19 80 56 16 16 66 54 46 82 82 14 61 86 4 97 89 89 81 99 41 66 54 92 96 7 78 22 18 61 70 50 35 20 44 78 29 30 22 50 38 3 40 3 10 57 8 13 2 54 28 83 86 37 38 83 15 43 10 37 44 15 28 40 90 14 65 82 83 91 16 67 6 64 87 51 37 67 45 76 97 21 83 42 38 52 37 97 46 67 72 29 14 82 25 65 68 82 46 45 49 45 75 40 3 68 73 5 7 84 9 62 39 38 52 39 60 73 52 19 56 71 15 14 64 7 95 42 93 54 67 24 35 37 43 30 91 98 45 28 16 42 1 10 
4 80 57 26 49 66 60 83 19 78 13 54 91 70 5 96 30 38 5 32 55 15 38 17 83 35 65 79 82 78 95 83 44 17 93 92 18 88 79 12 44 56 74 50 86 7 60 52 10 45 66 94 81 98 94 15 91 68 29 68 83 75 79 98 81 11 25 100 35 14 89 74 22 89 84 46 46 45 42 31 6 79 16 18 64 18 63 3 32 2 83 15 57 0 16 93 26 100 32 75 88 54 71 7 62 80 11 78 82 67 96 76 63 88 95 74 62 67 15 9 91 34 77 37 59 58 44 12 41 2 51 68 77 80 8 97 55 95 87 2 32 98 41 11 100 60 3 30 76 95 14 30 10 20 33 47 99 96 5 47 70 89 67 57 62 78 94 42 48 36 53 30 20 11 58 64 49 43 14 29 76 52 90 60 29 79 27 93 71 31 7 5 91 34 77 75 81 96 55 46 5 43 6 19 66 54 50 61 44 79 58 20 75 28 32 24 6 59 94 97 98 13 27 6 99 69 47 19 98 99 30 48 82 85 90 82 6 25 15 33 98 1 14 83 60 66 56 15 16 10 22 92 79 34 31 10 13 92 59 47 0 59 38 92 35 48 96 48 3 42 49 75 97 95 81 32 15 5 31 90 13 24 64 74 22 84 87 97 7 27 11 21 23 1 27 93 78 86 42 95 
81 49 49 96 77 0 88 14 36 34 59 15 49 21 87 9 78 18 59 51 60 4 56 36 83 5 55 51 13 8 64 30 64 40 5 65 100 81 45 93 58 13 44 73 1 57 38 15 26 86 27 61 74 95 4 61 87 83 90 73 7 90 59 60 71 68 40 71 69 26 27 53 15 25 97 80 48 60 15 38 3 90 47 24 31 15 0 77 83 56 80 24 20 61 14 73 51 76 5 57 6 72 1 84 26 89 94 6 1 92 7 51 95 27 73 14 28 61 28 88 18 46 82 74 66 12 27 8 95 57 64 78 4 81 66 40 3 16 51 54 41 28 72 93 4 7 19 52 65 19 93 64 43 68 65 57 60 80 16 45 3 65 13 2 8 23 94 70 88 24 2 0 32 91 54 62 48 72 27 51 28 52 87 84 3 51 88 42 57 47 66 14 91 88 5 61 71 8 37 20 66 19 20 53 51 81 41 1 78 75 32 70 12 20 1 93 28 36 74 47 92 61 92 57 30 12 52 27 96 22 76 74 17 56 69 61 55 18 65 97 85 54 74 78 94 19 22 43 88 38 30 18 81 22 95 28 44 64 88 42 15 94 95 16 25 43 79 98 16 77 60 25 23 57 41 76 42 88 79 35 36 73 41 30 65 98 56 67 16 6 100 75 36 9 46 49 15 4 45 1 
88 85 21 69 52 0 53 82 39 72 72 52 49 75 52 76 72 91 82 13 83 9 27 10 9 61 37 32 36 79 54 15 68 26 86 38 56 6 58 46 59 2 32 78 40 90 99 31 29 40 57 35 96 38 51 52 76 89 47 81 80 71 9 12 19 52 3 34 23 18 51 27 37 11 42 46 71 83 48 56 36 14 61 48 45 42 33 59 72 89 26 10 49 75 83 39 79 24 42 38 67 31 13 82 13 86 30 40 48 89 80 32 8 51 61 89 73 24 93 7 35 94 91 97 20 30 62 33 85 50 48 90 94 10 25 88 29 88 97 51 73 38 43 38 95 40 31 65 77 16 47 72 78 37 90 1 93 89 84 85 72 96 19 95 79 83 84 48 94 31 21 40 46 15 39 65 91 57 66 58 40 37 20 36 25 15 81 100 48 38 71 60 44 41 97 87 50 5 87 47 58 21 77 49 54 23 85 67 3 53 36 78 100 27 61 86 75 49 81 24 71 95 62 79 86 48 25 13 94 86 33 13 53 93 77 91 47 76 27 49 55 56 24 40 3 2 47 5 16 71 25 37 52 71 54 59 73 20 8 30 58 14 14 60 65 94 16 31 80 48 65 87 93 18 27 16 3 94 99 60 48 55 51 56 45 68 71 20 18 55 70 88 13 63 37 42 38 55 37 7 
42 30 11 45 14 13 18 73 56 17 20 22 11 5 22 76 63 10 29 25 88 79 1 32 11 89 0 57 16 59 61 48 39 13 89 4 95 60 99 5 91 14 100 81 66 100 70 5 41 95 25 19 96 62 28 3 16 0 95 75 38 80 35 36 74 30 26 81 74 80 34 14 12 98 79 12 68 62 0 63 53 65 83 76 69 98 23 72 47 66 62 51 4 56 65 77 44 4 43 94 94 43 44 62 7 46 65 72 2 15 72 95 71 30 61 69 47 66 70 32 100 10 44 23 61 22 39 31 2 83 7 31 88 77 26 59 84 75 55 51 61 28 32 83 67 49 30 46 34 49 29 54 52 65 6 51 57 59 44 82 7 90 14 44 26 22 44 56 84 58 17 85 32 80 15 35 92 21 53 7 37 55 27 31 36 69 90 19 29 3 54 77 67 74 90 66 44 26 22 70 78 96 14 14 87 72 72 95 9 89 0 75 11 93 34 20 20 28 24 90 8 69 78 38 93 22 56 24 64 52 36 13 73 46 40 53 78 48 52 19 94 46 23 69 66 82 16 13 88 82 10 87 57 80 27 8 79 41 20 88 52 65 57 20 70 82 98 41 82 93 5 6 95 28 89 36 36 92 45 94 14 65 39 14 73 22 23 2 80 63 14 39 22 70 82 62 7 95 62 26 
48 77 11 48 52 50 27 48 16 78 37 21 48 77 14 33 74 18 23 7 25 45 55 39 80 92 59 96 64 15 17 74 28 83 97 72 19 52 74 51 7 56 28 37 74 5 72 14 27 4 27 37 1 97 23 61 54 38 80 80 66 79 52 89 43 60 52 69 10 52 51 6 36 31 50 75 97 95 36 61 35 90 25 18 5 82 24 9 80 19 7 15 12 75 33 57 100 90 31 56 97 4 68 7 21 38 6 91 80 98 31 67 38 20 46 83 66 52 0 92 81 77 17 72 90 60 66 70 26 52 26 18 2 18 21 97 22 11 45 13 26 47 29 20 23 28 60 16 66 87 96 43 48 58 82 60 60 99 18 74 24 96 8 33 65 5 62 86 8 7 4 100 96 79 52 33 73 79 78 90 37 10 100 39 76 19 73 44 67 31 99 1 87 4 52 95 0 48 60 68 79 21 51 6 65 97 38 35 55 47 9 39 47 72 9 42 90 30 82 62 32 21 7 32 15 1 99 43 11 24 32 5 33 98 7 69 75 18 54 18 49 14 16 0 35 19 90 8 34 86 35 26 73 26 35 74 21 27 13 56 36 60 77 65 37 85 74 75 4 97 66 52 31 90 46 6 65 36 19 55 95 97 34 25 47 13 22 28 43 39 60 9 83 60 31 66 31 31 10 53 
1 70 32 43 99 37 39 43 55 99 69 16 35 83 26 93 9 77 7 87 31 70 4 57 38 30 25 58 75 84 82 18 91 9 43 90 22 68 43 33 39 84 45 13 62 23 15 25 85 52 25 5 54 55 94 16 17 60 51 48 40 97 92 41 37 28 75 25 40 71 73 56 99 9 41 44 95 37 59 20 33 22 11 41 20 13 57 45 6 67 51 12 74 75 91 23 90 62 100 14 55 89 9 43 48 29 39 91 97 39 49 24 47 64 69 3 96 50 41 52 17 11 65 23 87 68 83 100 78 61 34 59 5 54 76 10 88 68 52 28 43 90 48 68 51 56 70 14 34 65 40 70 33 31 75 11 21 78 36 2 47 47 62 25 95 71 10 100 90 47 2 5 37 10 67 43 22 48 56 15 98 83 80 62 43 97 88 73 68 46 35 57 99 12 51 99 50 49 91 72 51 95 83 96 24 1 66 82 79 39 29 27 56 71 34 23 32 92 44 92 72 40 66 27 6 10 24 88 14 66 64 73 66 53 97 61 71 3 19 11 12 46 25 26 89 57 57 88 67 38 9 35 76 12 18 54 69 11 80 22 79 33 24 58 49 93 2 28 90 6 87 8 64 87 41 26 29 52 58 47 54 13 10 87 51 43 19 94 68 12 31 18 19 51 67 47 69 43 28 35 
61 81 46 43 52 21 69 90 92 32 71 14 81 27 94 12 88 51 91 76 1 7 76 10 79 62 67 52 11 16 65 41 64 86 4 41 70 60 52 42 60 47 87 29 6 25 38 14 33 54 58 72 3 92 22 48 50 38 43 60 23 35 48 88 78 14 86 61 72 18 13 25 50 2 28 66 38 89 61 93 39 30 90 38 48 7 15 1 67 38 95 32 6 48 39 20 6 85 84 26 37 93 71 27 37 68 53 86 27 12 6 33 70 52 69 30 2 82 5 49 79 80 9 86 60 4 59 57 5 1 87 4 12 45 97 44 9 40 83 92 63 76 37 27 42 1 36 88 19 65 42 3 73 54 63 62 14 41 52 17 94 39 82 74 45 6 82 66 38 35 44 90 27 89 86 56 38 30 92 63 37 69 60 82 91 75 20 53 76 31 95 90 29 81 61 10 6 37 49 63 58 16 42 96 35 78 40 33 48 71 27 0 55 59 89 39 56 44 47 88 27 33 18 62 14 52 9 38 98 72 15 83 81 22 93 57 49 19 96 82 52 11 77 43 54 43 85 19 64 39 98 0 15 60 21 89 14 34 4 96 28 68 87 94 35 85 52 76 96 76 76 20 47 12 62 35 5 16 31 22 99 23 34 15 71 11 82 52 2 13 30 32 47 14 17 44 86 32 22 65 
29 79 20 89 82 63 3 65 81 14 44 3 73 44 46 91 91 8 2 36 56 38 46 26 65 24 78 4 25 76 53 35 22 7 50 51 30 73 81 10 51 56 9 22 25 65 67 99 39 2 11 51 66 67 27 72 84 34 33 56 48 29 60 31 96 81 33 92 66 70 92 14 79 8 71 46 16 16 65 13 75 90 1 2 9 94 40 24 89 93 11 48 99 53 88 94 56 58 27 70 48 39 50 74 40 6 79 87 39 31 92 15 8 49 70 84 22 62 19 19 83 5 20 87 92 42 47 3 17 56 38 87 83 43 85 87 11 44 40 82 62 34 14 25 18 66 0 85 98 82 81 54 99 75 12 12 22 98 48 41 25 91 69 98 45 62 3 38 73 63 11 40 76 59 38 96 33 97 100 62 81 7 52 65 63 32 25 69 97 51 33 52 72 49 12 41 65 28 6 72 29 15 97 12 25 74 21 5 6 82 65 14 31 85 67 85 35 96 29 61 44 9 80 74 17 83 9 83 18 28 66 87 53 28 22 62 43 100 90 92 70 94 53 74 64 14 9 75 74 29 66 94 85 17 19 27 55 64 61 5 96 72 46 100 38 43 63 84 6 13 12 37 44 64 25 63 19 34 34 62 58 31 0 17 83 89 53 18 19 46 2 38 31 62 72 52 92 41 41 46 
25 6 38 22 97 17 42 35 19 27 69 77 48 88 67 9 89 38 54 69 33 49 41 53 50 4 60 63 100 75 57 70 27 99 65 72 51 65 50 73 36 15 82 73 39 0 68 19 8 76 67 23 11 63 3 8 56 56 83 42 18 87 20 72 4 53 51 50 84 11 97 67 12 43 35 94 55 96 39 16 2 99 96 27 11 68 91 20 79 51 3 39 77 45 8 99 26 11 62 53 49 2 37 94 70 24 87 99 31 0 12 83 80 19 83 99 69 7 15 93 56 33 39 4 67 4 72 10 0 48 88 26 88 36 24 58 80 7 42 31 81 83 53 76 7 25 51 28 24 19 24 13 45 89 32 96 39 40 7 96 31 8 95 56 63 63 15 32 26 55 18 72 0 45 56 41 77 79 93 74 29 68 96 17 6 18 44 83 5 94 98 39 22 97 74 28 47 84 10 60 13 72 55 93 30 9 2 53 76 76 76 73 30 91 5 14 72 86 85 49 97 62 79 81 47 41 44 3 39 48 14 84 94 64 41 41 8 69 57 17 92 52 94 96 97 10 28 95 81 35 0 49 69 73 19 87 53 50 44 13 7 56 26 4 60 78 96 66 100 17 12 52 73 60 52 92 17 60 26 4 65 84 81 5 45 63 78 84 43 3 16 60 92 58 48 5 57 57 20 29 
89 76 12 9 45 57 22 94 34 32 96 91 6 33 16 83 93 19 95 27 85 74 41 42 78 94 61 58 47 87 34 12 89 18 47 9 84 48 51 59 71 79 39 22 94 22 89 85 56 81 42 76 43 2 0 83 25 10 86 74 18 15 87 23 3 27 25 84 94 62 88 0 15 35 43 6 79 90 48 13 13 19 18 84 16 70 87 79 4 37 34 53 26 19 88 73 78 62 66 50 53 2 44 11 89 33 71 27 41 6 96 50 65 83 83 85 70 74 86 61 84 40 50 20 61 11 97 15 47 19 57 20 74 7 46 53 56 26 25 80 88 63 95 11 36 90 31 17 9 53 69 47 69 17 40 87 78 62 79 42 58 1 96 41 67 17 82 93 30 18 68 98 2 11 10 69 55 75 25 83 25 29 61 19 62 64 51 81 24 23 5 93 55 48 88 90 99 55 98 89 78 51 12 14 95 64 78 47 27 68 9 42 5 50 76 2 82 0 35 85 100 37 76 7 90 79 83 23 14 4 88 57 57 65 82 72 81 90 62 49 69 58 18 41 71 46 20 80 54 21 88 58 11 63 6 94 1 98 47 69 93 26 29 91 100 26 45 85 46 89 54 22 95 32 97 96 88 39 92 17 31 69 6 59 77 32 58 62 29 75 22 85 82 98 0 17 61 66 98 73 
60 84 29 91 73 54 56 5 82 7 44 52 43 76 3 9 49 86 80 91 26 58 81 60 21 89 56 38 12 23 32 92 13 50 92 85 52 9 24 41 10 87 8 68 34 27 21 25 11 67 46 96 62 41 36 8 59 82 80 34 13 0 80 62 77 13 98 5 78 59 44 55 74 6 99 27 38 77 26 92 70 37 44 1 88 70 89 9 37 3 30 74 40 68 18 70 5 22 61 89 25 66 98 94 10 32 3 88 55 2 70 28 29 1 27 83 81 26 84 67 68 79 61 54 41 66 15 29 38 3 85 86 77 48 33 28 8 7 84 36 48 89 79 78 90 75 35 39 68 33 22 10 81 66 30 98 15 51 32 72 57 4 14 59 86 39 6 11 18 19 15 46 20 90 32 39 71 27 40 44 97 54 2 65 0 25 33 32 44 39 32 24 89 54 40 51 10 39 66 11 60 41 63 50 53 71 8 49 34 13 51 54 53 69 56 43 53 72 2 11 69 19 75 77 15 93 3 43 31 39 88 89 86 73 74 66 83 3 93 26 5 4 45 52 76 72 50 64 25 76 70 87 99 51 91 3 91 4 62 55 28 3 41 87 14 77 66 23 56 11 26 83 78 49 17 16 58 80 35 9 49 19 20 85 13 62 5 10 50 4 28 87 71 49 8 27 16 1 63 17 
79 98 44 75 27 28 21 16 30 45 97 28 94 27 44 16 70 89 71 93 45 82 87 29 20 19 65 24 62 36 71 35 30 96 75 31 12 89 23 9 38 8 92 82 2 59 98 28 61 84 74 8 48 36 43 13 38 35 77 56 87 28 66 27 6 34 76 60 63 93 61 88 99 81 44 73 63 38 18 10 94 67 92 11 25 86 63 37 82 10 9 7 5 8 95 9 55 96 67 61 55 54 58 13 49 67 67 28 34 40 75 6 20 89 93 17 38 0 51 53 50 56 65 97 63 51 53 16 39 46 94 61 31 90 34 76 97 49 54 0 33 79 68 50 26 43 32 3 59 30 47 39 68 80 70 72 18 50 51 54 48 30 32 51 36 65 46 70 24 59 43 48 87 69 99 97 33 7 11 63 29 73 49 73 13 34 52 51 0 96 19 88 77 52 10 48 18 46 44 89 44 67 86 70 82 83 12 0 38 72 22 63 5 65 20 5 28 91 97 28 8 61 19 76 73 55 3 88 6 96 49 27 69 7 56 60 74 1 75 62 61 44 5 23 87 20 43 51 20 15 10 1 93 39 72 29 16 82 40 75 63 17 70 40 94 46 17 63 1 35 83 44 71 19 99 100 96 73 30 18 41 12 72 37 38 24 80 14 74 5 14 28 87 2 45 77 3 36 57 68 
48 41 61 27 90 31 48 100 48 41 85 54 2 23 55 42 16 87 57 23 72 50 20 67 11 8 78 56 78 90 35 7 57 77 28 69 28 22 32 94 70 68 24 73 14 29 23 89 62 21 85 3 1 100 76 54 5 60 78 91 64 77 55 44 79 61 100 45 29 13 82 12 15 10 52 59 82 1 56 31 40 79 49 63 69 100 3 10 85 17 97 66 92 55 43 24 54 71 1 25 13 2 31 56 75 39 73 81 67 96 80 48 79 39 74 57 34 62 47 19 99 58 69 36 19 32 86 77 96 91 78 91 55 92 81 37 36 58 2 70 91 23 89 69 3 13 16 89 46 70 36 8 80 18 11 90 66 34 52 9 70 86 93 19 89 11 79 23 82 60 0 88 28 79 9 41 63 41 44 85 25 18 65 68 19 97 100 81 89 61 31 42 0 93 70 63 24 23 100 53 96 81 98 8 99 15 4 95 57 93 25 10 73 96 12 34 22 92 40 47 76 0 91 98 51 52 15 93 48 58 9 64 14 84 48 33 26 66 28 26 10 23 65 63 63 76 6 36 86 73 45 2 2 10 22 11 33 97 91 34 56 87 72 23 85 85 43 49 99 80 5 49 39 18 42 81 48 37 31 16 29 83 73 26 41 11 98 65 25 55 81 68 44 26 57 70 71 39 54 54 
16 36 14 17 73 14 32 41 30 38 38 83 89 45 68 96 2 65 78 21 69 63 2 36 41 26 49 92 54 62 32 85 24 11 74 56 67 70 71 32 20 20 37 17 41 60 87 4 2 10 50 74 78 13 50 6 83 64 58 55 79 16 7 10 49 40 87 87 97 58 86 2 2 78 97 77 13 37 4 60 30 56 43 52 69 50 46 16 65 46 48 96 13 40 98 23 8 47 45 72 48 56 26 31 44 72 70 18 11 44 26 12 54 41 73 8 77 23 84 90 99 61 62 2 36 90 77 83 41 14 89 43 40 27 84 83 93 53 36 1 78 75 11 82 24 67 38 1 7 20 41 88 0 98 29 54 18 22 37 38 25 69 92 9 48 41 59 58 89 18 86 9 64 32 58 58 11 44 0 97 22 73 66 32 28 3 91 29 47 20 90 45 57 80 2 14 63 24 41 76 58 36 94 30 52 7 48 19 80 81 91 42 32 20 87 53 77 98 78 95 53 95 50 61 37 67 74 46 0 8 95 83 11 79 43 58 17 58 17 0 87 18 0 44 63 41 20 39 5 34 3 41 83 20 31 58 74 85 96 13 35 75 4 32 55 9 52 29 19 18 70 49 46 1 41 3 49 20 46 81 95 6 37 81 6 38 32 90 62 58 37 62 52 18 24 73 15 32 19 39 
10 23 92 63 6 50 52 76 19 34 92 35 40 35 2 56 30 86 67 66 69 5 97 44 5 28 69 30 12 3 36 82 69 58 5 69 79 43 25 87 24 59 29 72 86 9 55 37 34 16 54 13 72 81 33 52 31 64 72 14 43 11 66 47 38 89 79 25 62 92 58 40 72 0 17 95 57 8 77 6 84 40 49 32 58 39 96 41 66 3 45 45 72 73 45 88 48 83 64 5 50 53 36 45 9 31 80 38 55 49 67 30 4 49 3 49 48 32 82 20 30 73 61 97 79 40 69 100 98 6 10 66 87 7 28 77 15 22 80 98 64 53 23 59 71 85 16 18 22 83 48 39 86 97 31 55 63 95 9 73 53 36 0 4 84 3 63 55 88 52 51 59 82 29 17 70 41 81 77 13 33 6 99 70 13 92 51 70 8 92 44 75 36 19 91 25 91 23 11 28 19 74 67 56 43 96 42 68 36 37 36 82 71 76 99 48 5 30 71 55 71 58 11 90 93 88 1 82 24 98 58 89 55 25 96 41 44 62 47 85 43 6 81 72 42 90 83 99 15 45 50 66 65 28 100 37 46 98 99 43 33 78 40 6 71 50 92 36 53 46 72 47 40 33 39 8 33 64 18 15 4 61 59 37 93 58 20 33 53 37 3 66 0 70 100 73 8 57 45 27 
11 94 94 70 7 27 85 45 75 90 2 33 87 85 25 6 50 44 92 26 43 9 66 14 50 20 31 94 42 54 45 55 59 83 68 97 54 39 67 3 53 29 35 48 49 21 35 99 81 75 29 68 55 85 100 85 19 24 89 11 26 46 95 20 65 12 61 89 81 90 15 3 50 91 26 48 80 89 44 46 5 1 18 39 4 16 75 49 13 80 9 18 42 44 26 35 13 45 27 5 38 89 12 84 78 69 3 24 18 21 60 67 87 14 26 21 90 51 59 65 100 35 97 63 75 77 43 82 24 7 88 53 75 10 50 11 7 47 1 72 95 9 46 52 69 27 57 40 73 5 78 94 50 19 70 67 10 98 59 96 32 36 99 18 33 69 16 46 76 93 50 27 34 22 82 57 97 39 17 32 37 5 41 20 16 13 91 35 25 90 50 48 73 42 56 95 18 32 100 99 54 31 86 81 4 5 2 29 10 77 96 55 12 39 69 33 60 96 58 58 17 78 70 47 85 75 4 69 51 69 36 3 58 96 52 28 100 60 77 9 14 40 0 26 29 22 52 33 78 50 0 26 91 59 81 36 46 29 75 30 6 49 56 26 68 91 39 42 19 25 64 70 20 21 20 19 20 98 23 79 44 83 39 56 61 70 21 67 76 21 21 1 11 1 20 59 37 47 85 93 
92 4 24 56 51 96 60 4 82 71 61 3 27 76 29 89 24 75 35 98 72 28 71 80 86 6 19 61 1 4 30 23 40 75 13 88 42 4 66 83 13 0 87 51 48 96 21 72 34 43 27 71 55 36 14 56 43 98 24 70 97 13 99 78 25 17 43 24 64 14 66 68 65 17 62 18 31 17 18 92 51 17 77 7 37 100 0 97 42 30 87 79 43 31 19 89 76 51 95 33 99 33 21 94 41 32 27 28 2 37 67 81 88 3 57 76 44 87 95 24 71 40 57 44 6 14 24 17 96 90 99 76 30 57 57 15 64 28 49 39 15 13 59 92 63 45 7 12 24 58 50 70 37 54 31 91 93 96 74 17 15 87 95 73 51 11 94 76 30 53 3 25 91 14 30 40 61 67 46 86 20 80 49 52 64 70 32 57 93 92 43 86 37 18 0 28 4 80 33 53 25 19 19 47 9 4 59 26 5 24 96 45 38 22 56 24 90 50 45 59 33 73 47 55 14 26 25 4 69 94 5 9 50 76 27 19 74 96 37 1 5 87 90 77 70 82 82 2 85 82 44 33 43 96 49 86 31 22 31 22 54 71 10 46 50 49 94 43 49 58 48 70 72 76 80 98 17 13 84 19 73 23 80 75 44 46 86 49 61 91 99 44 92 41 68 32 49 83 75 37 
35 63 81 0 93 83 68 68 69 11 0 51 55 35 55 1 92 0 21 6 23 61 84 98 9 44 78 67 11 77 75 6 8 58 84 40 5 48 62 42 14 94 74 92 47 13 54 53 92 75 58 48 0 16 4 74 19 45 83 40 57 25 36 56 52 89 91 23 92 41 22 87 63 66 53 39 14 14 20 90 27 28 14 79 25 67 76 73 57 24 74 19 31 39 20 26 60 9 61 37 27 83 89 21 1 95 57 49 12 41 59 40 56 11 38 12 17 0 84 85 23 38 7 2 16 83 0 84 30 32 64 29 49 52 37 100 23 7 49 30 81 78 20 92 45 24 22 77 79 16 28 9 66 66 62 11 48 55 19 92 71 30 38 53 23 7 94 23 9 68 44 59 93 5 45 44 85 56 51 34 34 51 33 15 50 9 21 38 26 82 88 64 79 34 24 49 48 95 70 7 84 93 83 33 89 16 22 78 55 33 48 47 79 86 20 70 81 71 25 29 30 78 14 94 38 66 87 68 11 99 55 35 3 61 69 95 96 87 20 13 34 54 55 79 42 81 77 87 88 72 0 19 94 22 13 81 25 44 64 88 20 47 55 26 30 18 80 14 19 53 72 34 91 61 61 87 46 38 90 10 64 42 57 40 37 4 100 1 4 29 35 27 73 86 86 11 6 87 49 72 
15 91 57 12 20 37 83 92 9 23 97 12 47 87 69 98 78 6 52 30 48 38 81 27 19 92 8 14 90 15 8 3 97 54 28 93 93 17 80 41 39 25 41 38 79 3 58 14 24 47 82 4 19 4 38 28 21 79 91 63 21 54 50 43 57 67 41 93 42 8 88 99 59 16 79 69 77 63 51 84 74 4 78 27 68 49 45 49 1 54 76 17 47 35 54 60 58 52 70 47 23 66 74 93 16 42 86 73 84 59 72 19 91 30 96 53 23 92 12 25 16 19 86 42 14 48 41 25 99 86 16 50 6 70 3 44 80 29 39 25 55 37 60 65 8 5 78 33 26 21 98 38 62 61 11 62 1 14 19 68 19 10 20 56 27 97 5 62 59 71 6 37 43 95 9 61 38 34 47 93 20 93 54 8 87 59 58 100 47 23 42 60 78 24 33 19 49 1 89 64 5 57 49 72 32 51 80 59 70 73 55 82 33 25 6 17 7 78 53 33 14 68 100 1 40 31 66 77 59 83 57 47 34 10 74 38 37 81 32 17 65 71 50 31 52 36 40 94 66 76 61 58 72 86 11 75 31 83 77 100 28 97 71 47 3 76 32 20 64 33 20 34 94 85 77 0 55 63 84 52 55 90 46 71 99 97 53 22 15 69 79 32 23 63 95 79 47 5 41 15 
41 46 20 22 23 16 78 53 40 40 50 50 3 53 83 6 60 83 75 74 18 47 74 59 47 90 62 73 74 33 51 78 53 42 76 36 7 2 17 17 93 23 85 33 28 60 8 68 37 47 55 79 57 99 23 18 76 16 65 91 23 42 98 5 91 55 58 79 73 66 73 13 91 27 84 66 72 21 22 50 20 80 100 87 54 0 7 59 16 43 28 20 69 31 25 17 16 74 17 49 64 79 81 46 83 60 69 3 99 37 68 19 58 84 1 35 26 60 37 24 49 59 54 86 22 28 59 16 7 67 38 12 6 24 53 46 98 7 92 55 55 50 90 61 13 1 46 44 97 89 44 24 47 24 53 95 22 51 34 2 21 9 68 48 93 82 24 16 18 58 63 3 19 77 90 13 35 62 66 26 97 20 12 15 48 99 75 10 99 58 41 0 28 99 66 84 55 77 88 66 16 99 25 16 26 35 83 43 39 7 49 11 46 83 99 87 84 44 35 41 39 53 49 41 62 20 87 78 9 88 74 21 38 65 18 79 31 78 95 94 83 89 84 84 3 65 80 2 5 99 41 24 40 94 16 50 11 97 41 9 17 11 100 58 35 1 3 35 6 2 11 76 50 31 35 1 20 48 60 100 98 13 15 56 29 72 82 61 86 93 91 52 97 83 18 1 67 63 59 47 
80 0 61 82 0 58 69 41 23 63 87 69 85 46 93 71 14 41 100 69 23 39 74 18 67 11 44 92 1 87 12 91 41 24 42 95 75 5 22 33 36 85 20 22 70 71 4 19 74 97 65 12 7 11 46 77 69 90 33 31 13 62 38 38 2 98 81 8 76 83 8 3 68 6 98 49 37 92 12 60 19 83 58 35 1 76 61 30 81 36 44 20 18 33 99 55 69 86 6 98 5 47 25 95 28 14 71 29 61 8 47 13 44 18 6 22 34 40 17 9 33 19 2 11 11 77 50 70 91 94 63 89 86 23 23 63 2 39 73 42 3 85 72 46 92 5 80 30 13 59 16 81 72 99 24 11 74 71 97 71 38 77 4 74 91 34 77 75 100 24 30 80 59 1 2 25 76 54 89 47 81 82 88 71 72 9 15 69 88 95 90 47 74 91 61 42 66 68 28 70 68 6 56 53 97 40 49 38 34 98 64 52 75 33 26 89 71 44 78 28 7 16 86 4 9 5 66 32 45 84 29 25 89 13 33 16 76 24 94 22 43 29 98 40 54 20 74 32 49 22 64 44 90 60 72 59 61 32 48 25 11 59 90 9 17 28 73 7 100 62 68 24 68 69 41 95 53 72 31 57 22 37 75 97 64 50 74 78 6 82 6 81 81 86 100 17 96 42 33 49 
19 54 78 75 16 30 57 71 21 38 8 33 25 25 11 59 65 85 32 56 49 23 13 25 24 66 19 36 89 75 68 55 24 27 5 55 25 92 87 84 11 96 49 8 46 35 97 36 37 5 88 15 46 46 32 28 44 88 62 0 29 41 15 97 94 48 48 26 11 91 16 96 23 92 28 90 88 82 24 72 8 99 87 71 81 28 19 100 49 23 86 1 89 88 93 8 20 61 36 65 8 75 68 85 10 0 11 13 8 20 37 76 31 68 10 87 52 39 74 76 62 56 6 6 32 76 39 41 77 11 85 82 99 50 11 84 30 63 36 57 90 12 25 44 87 40 49 6 32 35 70 1 19 60 70 27 89 97 93 31 4 90 30 62 21 31 44 27 85 93 32 100 3 91 51 34 11 13 12 7 42 51 77 3 7 64 14 25 48 65 64 24 97 50 44 26 8 52 11 87 99 55 91 97 4 58 70 59 90 86 11 4 41 42 64 55 84 2 41 54 25 15 14 15 10 82 88 58 98 51 7 79 91 10 68 79 0 18 88 16 55 36 17 58 13 20 66 24 13 42 4 17 67 68 81 91 59 41 21 40 89 20 30 24 12 83 46 44 69 84 49 24 15 7 43 22 32 98 17 88 21 70 60 1 31 30 44 15 73 90 36 22 36 95 74 30 47 11 56 24 
81 34 89 36 49 5 81 99 92 60 61 60 95 56 40 2 62 84 74 79 50 20 28 13 0 25 42 15 84 55 52 36 60 27 80 61 86 80 17 65 25 46 40 20 49 58 22 37 27 2 69 39 39 79 26 46 56 52 8 60 63 84 32 0 13 96 18 2 67 42 78 63 3 34 24 76 55 24 60 67 91 89 87 63 64 2 90 13 86 29 70 11 48 29 25 34 43 78 94 84 5 10 53 90 75 82 87 4 19 85 57 78 41 37 31 89 78 6 72 72 34 38 0 68 62 82 34 96 73 25 72 10 96 16 1 33 57 61 6 41 95 56 82 56 79 69 45 65 30 13 31 96 19 45 31 12 32 50 45 50 67 64 96 5 76 13 74 56 42 68 5 98 18 57 77 11 90 24 78 30 12 70 41 93 54 7 14 82 68 49 61 49 77 56 20 88 5 85 87 26 54 67 5 14 79 97 13 61 99 99 75 26 29 80 67 8 5 35 32 29 40 58 77 73 2 43 81 92 8 82 67 98 20 9 78 51 22 20 34 62 30 64 4 48 60 34 24 2 49 74 65 78 0 33 89 9 53 48 48 33 40 79 67 2 61 30 88 52 95 53 66 24 45 89 55 74 34 86 60 67 8 80 53 99 34 27 14 7 15 60 14 77 9 21 44 86 62 42 12 77 
0 52 54 41 83 89 72 89 68 60 67 6 25 100 81 78 24 69 97 87 51 93 35 65 30 97 50 80 19 51 90 53 19 100 42 19 87 82 90 34 53 33 80 83 14 97 23 0 80 77 75 14 25 27 79 98 99 15 52 93 8 28 1 16 0 3 36 56 98 18 65 12 45 33 17 33 57 61 3 71 27 64 57 94 27 55 86 22 6 68 26 97 34 56 92 20 28 1 21 15 96 83 22 58 83 100 19 30 58 89 19 8 62 56 6 16 45 71 74 55 13 2 0 0 44 53 45 22 53 13 87 52 31 97 69 74 3 55 78 54 24 76 34 61 95 90 25 96 91 46 29 18 43 94 77 31 4 48 79 18 58 36 54 80 56 52 69 32 48 80 84 69 43 79 38 42 83 39 69 55 9 29 80 77 47 5 16 67 12 0 45 94 100 53 80 9 51 78 77 50 34 86 21 34 11 67 74 0 98 27 36 19 7 65 58 60 85 3 76 50 90 1 76 57 30 65 48 0 29 91 73 73 68 42 22 94 85 57 42 62 29 36 82 53 83 82 48 0 82 68 97 94 12 22 3 11 64 20 99 58 59 24 30 68 37 57 90 98 66 86 75 13 61 6 29 77 19 48 51 51 82 7 19 62 58 27 8 44 52 79 75 78 90 74 28 77 64 23 94 8 
3 23 74 44 70 36 67 88 70 40 28 76 43 15 62 44 73 74 70 27 84 92 48 41 19 33 37 69 56 29 56 26 93 95 2 99 70 36 3 24 85 26 94 33 76 90 5 73 97 17 62 19 84 64 98 53 45 84 61 29 82 75 84 20 21 76 85 40 39 27 53 22 21 74 35 63 47 53 92 91 99 15 61 38 13 77 74 100 36 22 74 39 46 28 58 65 93 91 81 26 19 72 77 10 36 48 62 4 82 80 96 30 52 87 36 78 74 64 34 4 44 42 17 86 3 7 18 56 49 23 21 34 58 70 56 56 60 39 38 22 5 69 17 92 50 37 90 38 80 23 8 2 2 48 47 23 54 58 62 80 12 39 93 24 0 93 92 41 34 17 12 25 31 49 38 74 2 9 70 39 43 89 27 74 37 3 37 88 72 44 63 68 100 99 46 69 9 7 84 83 65 21 47 15 28 54 56 14 28 88 1 90 94 71 52 1 93 7 84 86 34 85 3 37 68 64 48 28 52 32 15 52 39 83 20 73 29 6 2 29 8 12 37 12 66 94 36 0 51 56 47 2 53 57 33 11 27 79 94 42 81 31 40 76 95 91 66 76 11 94 90 41 4 98 88 26 74 9 13 26 9 15 40 25 36 57 21 27 100 100 73 55 60 95 100 78 67 64 45 57 
89 9 9 84 6 1 6 84 77 34 41 62 11 53 42 7 47 92 85 63 91 30 81 47 41 11 54 60 4 78 43 34 34 76 35 50 83 84 21 63 20 38 94 45 25 35 80 24 98 86 95 58 1 70 53 78 23 38 54 39 12 83 23 2 72 70 87 6 83 15 54 58 42 48 59 92 61 13 93 69 10 12 47 52 72 59 52 80 69 45 77 82 16 5 51 73 37 38 82 71 29 6 97 73 52 47 9 20 61 9 28 45 82 91 54 50 33 23 78 83 86 59 67 89 78 46 89 13 29 84 39 48 36 65 41 76 100 82 100 85 22 40 14 62 21 97 0 29 12 80 89 52 1 6 64 20 82 4 37 71 5 56 60 71 14 70 19 20 83 56 25 61 28 9 5 23 67 8 73 25 45 73 68 5 58 82 81 89 30 63 0 9 40 31 23 49 91 60 39 52 18 50 58 51 22 56 51 27 66 23 56 51 26 73 70 43 90 11 71 25 44 7 72 24 41 31 56 72 21 39 68 99 61 10 5 71 11 2 42 56 5 38 75 7 59 52 35 1 16 53 15 36 91 75 13 2 34 91 74 41 45 54 0 88 42 43 53 36 71 60 91 36 64 85 96 26 68 11 12 14 56 44 96 88 56 25 85 78 77 59 0 50 96 6 22 91 6 21 55 57 
68 20 85 10 24 34 85 7 13 5 95 22 90 20 14 65 39 97 11 24 90 46 23 17 58 39 29 46 38 82 62 44 11 80 96 37 71 79 77 87 3 99 54 77 60 40 52 94 5 9 19 83 5 89 57 8 60 68 27 83 3 49 80 87 36 60 19 91 51 100 34 63 99 75 27 74 58 42 24 8 24 36 48 32 98 41 96 14 67 48 5 95 21 25 64 3 54 41 28 6 81 85 14 63 1 89 42 57 29 4 50 67 34 98 8 87 72 67 83 31 85 83 39 79 48 28 90 81 58 78 84 23 40 49 25 32 26 25 9 41 62 94 59 30 97 51 75 83 19 54 53 89 68 21 31 99 11 76 100 70 16 89 3 46 27 22 63 59 69 43 48 82 86 31 47 52 80 40 54 63 45 48 81 66 97 0 34 10 35 94 92 52 52 0 92 49 87 40 41 46 65 21 73 52 55 57 72 8 5 96 25 82 62 67 99 6 50 72 89 40 31 95 38 1 88 49 92 36 81 52 2 44 34 37 48 9 44 34 59 41 66 95 25 93 71 64 65 72 84 87 24 13 87 49 35 61 88 57 16 82 59 97 83 39 87 78 63 62 21 1 47 89 45 78 93 75 14 44 84 50 15 28 49 48 70 32 11 94 95 39 96 65 43 32 47 61 74 44 76 67 
55 81 23 46 21 33 82 79 49 92 15 89 21 98 55 3 67 34 7 99 97 56 3 87 72 77 1 41 23 65 97 37 84 78 41 94 1 93 100 100 24 87 6 1 46 16 95 83 74 51 26 47 26 40 90 85 53 13 41 8 25 98 3 3 76 71 29 10 23 73 15 41 14 45 28 49 25 65 40 99 86 71 65 12 0 53 42 63 5 71 31 83 56 99 16 8 62 95 2 77 24 18 39 26 95 89 0 24 46 89 71 18 68 4 72 30 98 41 3 91 9 38 24 98 32 11 72 50 84 94 75 73 41 18 82 40 87 83 77 86 69 17 8 85 52 100 77 89 67 42 17 76 57 8 80 86 36 81 52 58 85 7 95 28 31 0 47 80 1 81 7 10 65 67 86 70 44 41 75 18 16 61 58 54 67 75 75 40 24 65 14 96 30 52 91 53 94 69 50 40 64 42 9 66 28 89 92 50 99 30 20 41 97 91 14 26 41 38 65 75 25 8 84 28 100 87 1 2 62 7 29 93 91 33 66 54 56 54 81 89 85 75 57 89 16 6 22 21 96 38 67 1 14 59 88 45 56 59 64 86 65 27 0 18 22 38 30 60 39 64 32 79 52 21 84 51 85 54 88 77 0 70 16 82 28 99 13 26 55 30 29 47 41 49 29 22 75 92 23 90 
76 65 29 3 63 97 99 1 69 13 21 67 89 2 43 94 30 51 54 65 82 49 41 90 78 60 53 0 0 75 58 53 42 51 22 92 49 83 18 95 72 70 81 75 65 6 65 92 14 30 23 59 96 0 55 65 1 87 77 55 11 94 94 77 91 88 63 20 62 62 38 84 6 31 34 76 12 87 39 36 22 87 82 91 10 88 96 60 51 14 90 80 5 26 61 43 16 38 9 4 48 91 86 1 90 16 95 52 58 29 2 56 87 26 98 49 71 73 48 84 45 23 71 7 91 62 0 37 88 7 73 44 63 30 57 73 15 12 69 43 43 96 7 62 77 87 10 53 49 81 30 82 24 58 43 84 69 78 29 46 32 12 12 28 67 30 93 4 3 11 49 62 80 59 92 85 92 90 29 33 7 71 53 96 45 14 88 81 24 2 43 43 21 59 33 20 18 6 59 70 75 73 32 61 40 39 24 23 14 10 59 72 2 88 75 81 44 54 40 100 44 25 16 54 52 36 72 43 68 57 65 9 57 95 73 25 70 24 92 53 29 100 48 78 90 73 19 60 79 78 57 27 85 80 62 43 13 90 89 48 83 74 76 19 64 67 85 90 17 64 33 26 21 11 3 97 71 61 54 6 12 90 12 34 34 13 91 80 20 27 33 60 55 20 18 66 84 90 31 58 
79 40 9 73 53 76 57 38 98 59 90 82 2 72 94 10 82 84 4 90 2 54 14 34 27 81 33 63 57 80 42 10 26 96 25 69 97 72 48 30 34 17 63 90 68 86 36 49 19 74 86 92 94 100 85 71 79 17 74 40 28 66 76 33 7 98 89 95 3 92 73 31 26 73 74 47 80 48 24 17 84 17 67 79 98 82 81 13 59 94 50 77 45 32 57 19 34 12 36 97 20 68 99 48 53 52 78 93 60 41 81 30 41 32 68 28 73 8 17 77 71 97 96 55 79 100 92 15 13 44 79 50 59 7 78 46 6 84 25 22 74 0 28 72 80 36 75 53 82 67 79 42 33 1 2 3 34 22 93 14 53 72 89 67 45 7 83 8 44 11 3 83 28 93 20 2 55 26 96 89 7 9 99 64 35 37 46 64 45 38 7 93 45 60 76 60 1 43 11 84 86 61 4 7 97 0 47 25 29 60 47 27 14 62 89 46 47 8 18 2 39 50 49 81 26 22 51 39 12 10 70 5 67 70 39 87 29 49 8 60 10 32 73 88 100 70 74 21 53 51 77 98 63 5 9 83 16 54 24 8 7 64 57 76 86 38 17 70 10 63 46 62 45 6 66 84 6 10 9 62 63 15 23 23 62 94 15 43 79 54 72 57 3 35 38 9 62 20 16 72 
12 32 32 78 30 77 95 14 40 95 64 25 82 25 26 87 2 31 53 79 73 16 81 8 58 53 3 19 52 29 61 67 96 2 66 15 46 80 41 42 3 83 21 36 27 95 68 13 30 68 24 30 27 63 3 95 91 78 30 97 11 21 93 15 50 90 99 17 58 10 70 77 70 6 59 98 97 23 29 79 4 8 30 26 48 71 23 62 27 85 92 45 100 87 43 25 8 65 98 87 60 64 51 65 18 54 13 84 7 55 50 83 17 32 73 88 52 69 7 18 80 48 74 83 25 46 41 55 31 72 12 62 75 76 94 68 34 43 99 0 17 37 66 94 70 1 53 1 83 90 90 54 18 42 27 72 25 64 4 46 94 50 30 51 7 46 98 81 21 11 60 58 95 98 23 64 30 86 81 77 99 10 7 84 11 68 98 61 57 100 76 82 43 30 62 87 56 81 26 87 86 82 48 36 88 69 77 74 81 66 86 34 39 17 62 78 83 62 22 18 1 22 48 38 36 23 0 93 10 63 100 53 13 54 60 92 76 51 99 68 71 90 29 50 74 83 59 46 8 30 2 37 2 63 47 91 68 61 79 98 90 8 35 55 73 77 48 86 4 49 48 8 56 68 56 18 0 95 84 65 71 42 53 32 55 29 73 87 42 74 25 27 17 72 94 67 28 77 32 14 
47 67 39 0 79 28 46 90 37 94 77 48 42 48 72 5 73 24 47 72 92 58 80 96 96 5 7 13 23 24 72 84 83 32 71 83 92 82 59 8 5 21 87 13 31 67 16 52 56 29 75 4 56 45 4 21 7 23 2 72 82 41 0 100 93 92 34 54 87 43 73 48 78 28 53 34 34 67 15 23 92 76 42 1 25 94 44 88 11 57 61 18 88 80 34 57 65 10 20 80 20 76 27 14 30 75 50 51 90 98 29 34 63 14 60 47 29 77 1 72 38 10 44 42 13 43 10 55 44 91 97 35 91 7 88 30 74 63 59 74 88 63 63 90 90 98 35 79 0 23 46 32 11 31 60 56 21 79 41 35 95 41 51 91 95 69 34 68 11 39 73 28 44 75 36 83 66 69 36 6 81 79 26 91 81 34 47 64 15 44 3 29 4 1 83 46 34 95 1 67 20 42 23 91 96 7 80 85 9 33 68 93 94 55 18 17 70 21 33 50 43 10 33 48 96 49 84 90 79 11 15 1 85 4 89 74 52 82 77 76 95 86 21 38 6 12 61 86 74 21 18 9 38 0 55 69 20 34 65 19 79 89 18 30 97 78 83 46 57 64 5 81 91 26 35 54 1 36 55 14 78 9 94 50 45 28 63 37 86 86 7 73 74 14 48 20 36 86 9 29 
4 31 43 19 24 50 45 3 79 23 16 67 75 77 82 50 53 6 98 34 32 82 36 68 21 48 9 49 87 47 93 47 43 27 38 1 1 56 28 0 45 3 89 75 47 85 23 25 79 88 70 4 53 53 13 19 100 51 65 51 91 22 31 4 49 34 16 3 39 12 35 99 8 82 41 41 60 69 46 66 80 34 29 13 95 57 84 29 78 28 90 45 38 60 75 12 11 88 44 6 7 34 6 44 17 7 19 44 80 71 94 26 18 76 76 69 93 83 80 56 46 49 29 5 40 32 94 13 51 23 12 1 66 97 77 80 27 81 63 8 24 97 25 9 1 2 6 98 73 17 84 9 35 2 34 0 17 83 39 60 64 98 20 100 67 34 59 32 60 30 12 44 79 21 28 56 29 49 43 5 88 32 26 4 73 48 46 72 8 85 85 39 10 8 83 53 22 92 86 17 92 48 72 60 54 24 84 67 65 59 23 35 25 20 19 82 74 24 87 75 34 17 59 45 84 79 4 29 100 92 17 64 3 4 31 2 37 58 82 90 44 3 76 63 5 67 8 0 90 44 86 70 11 92 6 23 18 49 86 93 1 19 1 75 18 40 83 31 57 76 28 69 65 60 80 47 64 47 9 30 74 0 56 44 9 75 53 51 34 7 75 99 88 59 46 99 55 78 60 98 
81 36 1 100 64 26 38 90 100 80 44 57 45 19 82 77 85 99 89 40 16 49 67 29 32 96 98 75 45 0 37 37 16 37 82 16 24 76 20 50 54 43 45 59 76 96 7 49 20 54 22 57 36 6 97 75 75 14 91 36 4 69 32 59 39 90 39 68 51 100 26 79 44 59 24 80 48 72 55 38 57 88 86 57 53 80 92 50 60 23 71 69 3 21 41 90 35 55 3 10 93 76 98 42 99 0 74 10 96 24 51 10 13 95 10 54 24 78 2 25 22 47 24 97 98 68 68 8 70 84 67 82 14 48 1 53 50 30 99 24 34 65 46 49 58 0 5 75 27 24 77 63 100 66 90 72 24 68 41 32 19 62 59 58 80 81 24 75 17 59 57 95 24 18 67 55 63 49 58 22 42 67 39 9 73 74 13 48 3 85 50 85 3 44 30 21 56 41 61 100 62 19 55 55 37 10 64 12 88 97 15 80 90 66 89 91 68 100 1 11 79 79 50 80 56 26 82 90 5 32 99 58 94 97 91 78 85 49 22 47 10 99 44 4 65 86 62 36 65 76 60 46 30 19 51 9 51 32 35 79 24 74 51 26 88 46 9 71 52 19 14 57 44 43 39 37 69 5 89 5 36 96 47 61 8 81 12 25 86 97 17 72 31 58 68 7 97 50 61 64 
93 83 54 69 36 30 43 1 72 5 30 25 20 25 83 48 41 6 71 2 6 57 15 8 57 53 13 71 76 47 51 25 93 19 32 12 62 42 30 16 51 67 87 92 0 26 82 5 8 68 68 19 93 77 70 50 2 15 50 1 41 17 57 4 24 97 85 60 92 26 10 58 68 30 38 77 69 84 22 53 97 62 72 44 7 35 11 74 50 2 82 95 77 72 52 46 26 43 34 71 39 86 100 56 96 88 76 61 82 16 55 46 97 59 82 19 17 15 31 99 60 100 11 81 52 57 91 63 74 13 47 79 29 60 96 14 72 51 55 91 66 61 44 33 0 29 40 98 1 53 82 88 44 70 60 35 58 7 7 56 56 61 61 45 30 74 16 35 10 75 32 34 52 60 4 96 51 42 35 62 76 8 54 96 64 66 78 85 82 85 21 47 81 26 42 53 94 59 18 28 7 14 54 66 30 39 60 1 9 51 89 95 88 79 72 9 34 53 84 97 49 43 80 12 100 52 25 42 44 64 39 81 1 16 65 9 32 6 14 14 49 48 43 74 37 1 95 95 15 61 38 46 88 62 21 36 46 44 79 5 65 32 70 14 45 56 94 31 67 59 7 28 95 4 81 0 32 41 2 23 61 38 92 98 74 96 6 82 62 25 48 55 73 50 97 33 9 98 96 6 
93 55 56 19 79 91 48 24 60 44 18 22 53 16 49 56 48 41 45 88 1 3 51 3 15 54 40 15 60 59 0 86 4 44 92 96 14 29 43 70 6 39 72 2 76 48 26 26 86 50 97 42 15 73 97 42 27 73 14 64 47 11 60 40 3 17 18 69 68 40 69 80 27 45 60 12 40 17 82 15 10 21 96 83 67 48 95 9 59 99 26 18 52 52 41 71 68 77 23 50 47 80 81 44 20 12 24 9 20 83 28 4 93 27 86 23 85 18 3 37 2 22 29 74 37 92 63 85 68 43 99 88 4 67 15 7 2 27 21 86 24 55 1 15 81 27 18 37 47 19 64 40 73 10 1 69 17 17 60 49 15 2 40 84 30 71 66 93 14 31 87 7 34 13 77 1 41 54 44 57 13 82 17 95 81 4 58 100 43 82 29 22 73 34 2 81 31 34 90 78 88 60 95 10 76 64 68 4 62 94 92 68 93 2 25 85 72 37 63 37 65 24 75 49 24 74 76 25 56 96 14 8 27 69 72 25 30 94 64 90 32 10 40 38 78 86 88 75 98 75 92 8 24 64 27 9 27 48 79 34 62 25 61 27 10 81 65 49 2 69 27 46 75 85 50 47 26 4 75 92 63 5 65 92 36 54 14 52 31 3 39 45 56 30 78 4 75 3 66 78 
55 78 41 30 31 99 73 41 70 20 46 99 68 0 88 64 59 13 26 11 5 48 74 66 83 2 39 0 52 37 52 78 12 78 52 37 27 72 8 52 23 65 37 51 25 5 55 0 87 67 25 87 52 94 99 97 81 55 88 27 29 88 50 10 10 95 93 77 91 68 60 61 18 61 98 6 84 9 26 64 44 2 65 31 96 24 50 6 83 73 8 37 16 82 18 30 94 11 71 91 77 44 36 52 99 70 61 84 30 66 37 7 37 83 78 83 11 85 69 95 88 99 90 71 6 23 75 24 23 55 36 94 82 79 67 63 15 26 96 39 8 61 30 66 64 11 27 7 22 98 73 21 86 46 31 59 11 43 4 86 59 90 55 95 54 96 68 7 63 5 44 41 68 27 68 74 43 63 51 3 94 50 30 39 52 99 28 33 0 40 34 28 12 80 37 28 4 91 33 41 15 52 46 22 78 11 27 84 91 74 24 88 22 45 65 45 20 87 7 88 26 31 21 5 19 26 19 54 54 57 60 69 28 18 35 90 50 71 88 37 57 65 24 22 40 43 44 68 35 4 0 33 35 60 57 58 97 52 58 10 67 12 40 98 33 68 33 85 70 78 69 65 28 36 58 22 25 44 47 80 88 86 69 23 29 31 97 37 64 35 47 52 16 1 82 80 0 46 11 11 
4 59 63 3 97 9 73 40 0 66 77 82 97 3 22 20 36 75 9 4 36 34 17 62 63 71 8 37 12 48 25 42 24 15 75 72 62 38 29 4 57 41 99 57 5 87 68 82 45 81 33 95 19 35 96 15 32 0 25 25 39 30 91 27 39 35 70 44 8 100 3 93 35 95 67 21 70 92 15 73 70 54 91 14 68 60 44 40 100 70 86 81 19 77 45 53 58 47 97 6 59 59 15 100 81 81 64 99 92 50 55 3 25 19 58 79 42 11 17 41 49 66 78 8 84 87 18 45 19 43 61 5 38 98 91 7 95 13 61 94 67 26 95 49 5 95 69 70 11 57 7 32 61 43 38 91 8 98 9 95 25 45 69 61 30 23 73 49 17 48 1 4 13 69 45 6 88 36 11 41 64 91 88 20 18 89 91 56 5 80 77 85 59 87 61 15 79 60 94 78 57 40 73 6 49 44 88 6 70 39 5 87 84 100 96 3 55 22 42 57 73 48 34 64 55 17 64 58 72 36 24 56 44 42 23 38 15 76 90 38 83 93 78 99 2 8 16 70 18 99 56 35 24 77 42 25 45 34 61 3 21 71 87 89 74 86 55 64 58 17 15 22 30 54 25 97 68 25 29 49 48 47 72 98 80 53 35 9 8 34 77 36 62 13 37 57 34 36 92 11 
10 5 21 18 69 97 60 64 41 56 57 91 12 38 83 25 5 85 86 16 20 11 87 55 83 32 98 98 24 95 67 8 5 75 37 19 48 3 4 41 75 100 57 93 76 5 26 30 27 65 95 36 6 31 37 59 21 100 63 76 21 22 45 83 92 72 46 52 9 62 57 27 23 73 51 24 69 26 55 58 97 28 72 84 61 22 69 59 49 82 0 23 30 67 9 49 34 72 10 45 62 75 65 25 79 62 12 63 73 72 22 72 19 74 52 98 83 7 36 42 83 36 63 69 48 49 26 33 48 4 69 42 19 90 32 97 27 29 19 69 62 41 35 39 21 60 89 79 80 29 19 52 62 46 43 22 3 64 12 87 22 71 53 37 2 18 65 85 100 32 58 30 96 72 46 46 68 33 90 29 41 96 66 53 30 16 31 1 46 49 77 5 15 69 89 49 75 78 8 72 62 80 49 96 56 70 33 14 67 24 77 13 9 91 68 31 30 36 44 18 53 21 98 19 42 14 80 86 83 20 55 53 47 95 61 19 51 23 49 29 60 42 43 79 54 54 45 27 70 30 30 67 63 50 87 65 40 30 63 46 83 0 72 8 50 29 74 66 35 38 14 68 89 1 44 46 46 57 69 92 73 70 52 62 67 53 53 80 19 35 56 38 93 33 52 46 73 10 83 52 
0 48 20 79 67 48 48 88 83 53 24 69 86 74 45 81 82 92 25 77 63 10 31 29 6 23 77 31 96 23 86 3 49 94 12 5 58 36 57 77 42 96 91 17 56 81 30 3 90 17 60 9 24 19 44 17 71 17 25 74 19 87 35 98 27 84 43 15 17 67 69 74 66 41 83 82 68 93 7 41 53 50 18 56 80 31 90 40 6 18 81 63 20 89 12 85 30 11 7 36 86 91 31 43 55 82 5 22 15 67 35 69 4 25 66 100 88 19 2 32 63 81 11 88 18 66 32 56 22 28 76 77 43 0 72 60 34 5 79 95 98 56 22 14 29 99 55 8 39 63 96 84 76 90 83 11 24 80 23 23 19 96 49 57 30 16 3 37 94 41 13 38 17 12 11 62 59 83 33 22 30 99 46 88 43 81 1 25 96 10 56 1 11 7 37 83 12 52 32 18 21 58 45 58 8 87 0 87 30 88 31 71 99 59 51 46 77 60 62 26 72 26 33 35 36 29 78 54 46 67 34 49 20 21 57 76 37 17 14 23 20 88 75 61 42 96 67 29 52 100 97 55 64 36 11 42 49 75 3 96 57 26 85 0 71 64 81 100 99 70 16 94 30 13 72 25 5 58 70 82 40 55 23 17 80 53 89 55 22 19 26 82 47 90 96 97 13 22 21 2 
16 62 88 32 57 35 86 82 70 6 24 72 11 100 71 82 34 86 91 1 68 56 90 17 24 38 79 89 25 73 81 37 80 3 44 46 52 80 53 65 91 29 83 95 26 96 31 88 42 83 79 10 91 3 92 8 91 73 51 75 53 3 23 45 88 65 65 76 16 45 2 44 61 9 43 63 71 59 55 50 66 8 1 74 60 25 77 16 20 48 71 70 25 86 78 16 16 15 12 10 13 76 22 27 10 92 74 84 69 84 83 34 28 81 3 97 54 29 56 10 81 11 51 68 91 94 50 71 55 25 45 7 20 43 64 77 74 8 15 92 66 63 66 70 68 16 40 64 72 7 95 80 80 100 38 11 36 8 34 95 90 67 94 90 15 46 81 97 22 52 34 95 14 84 20 78 53 92 52 44 32 30 14 0 6 94 18 52 92 42 62 70 94 9 15 50 69 89 39 76 18 72 18 97 33 69 63 60 83 73 81 38 95 16 47 48 32 76 83 83 90 90 83 71 34 32 68 59 57 95 74 25 69 25 95 70 99 38 92 84 76 49 4 4 49 33 4 53 12 98 86 42 41 46 79 84 24 40 92 58 0 24 19 96 75 81 42 39 54 66 43 78 7 60 50 61 95 8 48 97 86 75 5 80 77 50 79 73 12 62 59 76 51 90 19 18 98 31 59 78 
64 94 76 41 36 61 87 21 44 19 83 9 12 85 6 6 69 97 54 58 17 42 40 83 0 90 34 29 34 6 9 50 46 62 41 97 21 41 83 73 70 67 2 40 33 67 36 49 4 23 8 60 32 54 30 31 32 85 7 88 16 56 87 28 59 9 19 48 92 41 45 43 28 43 40 25 22 11 94 58 33 81 10 39 2 31 93 43 42 8 48 6 42 23 18 95 37 45 46 58 52 55 76 16 43 77 44 9 6 92 33 100 1 26 55 19 8 76 32 5 3 8 23 81 90 54 5 79 81 99 63 61 31 78 67 82 5 81 39 64 81 16 63 58 16 27 26 40 81 49 86 24 45 95 96 56 62 83 75 78 3 18 26 16 4 13 29 16 64 96 46 70 50 7 89 90 59 31 84 72 18 58 24 18 68 100 1 84 8 13 86 23 20 35 49 50 69 81 96 60 63 71 66 65 88 35 96 34 77 80 99 51 83 86 77 33 96 6 44 80 9 57 20 80 73 71 6 31 65 46 20 4 27 9 86 38 59 33 20 90 24 58 36 43 80 37 86 88 91 3 70 67 60 3 85 87 93 45 98 96 100 78 96 55 17 9 100 46 3 6 72 88 30 88 0 49 19 9 7 21 85 68 31 44 89 28 71 23 77 51 12 31 96 31 77 51 26 100 62 45 
95 59 40 67 67 98 54 24 89 53 59 8 33 15 49 45 11 92 39 85 15 41 13 34 13 31 38 16 44 8 65 66 96 69 86 28 19 95 0 63 98 3 37 70 57 34 78 79 82 24 36 70 3 21 2 52 33 33 100 52 67 44 31 60 86 49 30 38 85 91 19 61 98 36 87 12 26 2 74 42 96 68 72 0 2 33 30 33 37 54 6 39 10 3 91 62 73 49 96 30 6 47 38 99 50 72 63 47 63 31 6 26 1 32 40 41 38 23 93 0 14 57 1 100 6 16 71 34 20 5 84 15 92 2 84 80 16 3 2 17 34 11 22 28 23 1 48 48 34 65 66 78 26 55 46 11 40 47 52 40 64 70 79 61 41 79 23 31 19 71 7 90 17 44 29 40 91 15 87 92 28 12 66 9 79 32 13 54 56 85 37 87 82 69 73 57 39 63 63 45 98 43 92 95 47 24 44 5 13 89 33 65 71 89 23 52 98 31 68 44 25 23 27 93 0 25 68 9 41 100 55 26 52 94 86 100 52 0 50 36 0 71 12 85 93 71 49 21 25 41 89 94 76 87 59 12 36 47 12 87 49 40 98 45 56 50 74 8 82 1 49 38 73 24 88 37 54 68 25 69 38 28 0 33 66 46 35 60 65 19 69 22 55 54 32 7 53 37 5 71 
30 60 26 6 15 40 7 49 50 31 76 87 72 71 22 32 98 82 17 89 22 62 40 54 13 33 0 66 100 52 47 36 17 43 45 65 69 46 10 46 20 48 90 5 92 62 84 7 59 39 100 64 87 81 48 94 53 86 42 42 53 94 46 84 0 84 28 61 45 19 48 96 8 66 97 14 37 94 26 7 67 2 37 100 41 13 18 43 81 7 85 38 47 66 45 50 27 82 1 9 43 35 92 97 78 35 56 66 33 99 34 79 24 94 23 39 50 31 67 94 62 96 24 35 43 95 49 98 19 33 60 56 42 72 96 30 35 14 46 40 99 21 5 37 0 71 59 62 99 17 77 69 61 12 56 72 27 22 10 60 93 0 39 28 84 47 28 19 90 96 80 63 78 46 52 38 25 79 83 88 79 49 5 13 72 2 59 53 7 18 89 69 15 76 86 2 89 69 83 43 1 73 35 48 38 91 43 90 53 25 29 26 57 55 17 52 89 9 0 1 60 21 37 97 27 36 81 58 89 47 31 72 98 23 40 93 4 8 22 45 77 54 3 77 48 12 60 50 29 17 55 86 24 48 81 13 15 3 55 44 73 83 42 96 14 69 29 53 47 91 98 59 15 20 91 38 43 66 82 90 74 36 78 61 43 57 34 46 26 2 6 67 15 34 71 6 95 69 66 21 
80 74 22 49 32 26 11 8 40 31 95 84 26 29 12 84 71 16 100 28 76 37 4 29 96 79 93 58 40 19 14 93 69 67 69 64 34 25 11 84 6 73 35 51 10 59 78 14 77 17 76 31 84 21 86 84 88 87 99 92 56 17 75 95 23 38 83 12 2 15 93 6 89 77 71 90 77 60 23 34 26 90 51 31 61 51 58 53 69 89 87 66 49 11 74 21 78 38 11 73 85 79 74 5 68 49 4 16 65 97 30 18 92 74 86 53 74 38 88 28 77 8 5 96 37 22 23 13 61 24 44 84 47 83 98 90 17 80 1 8 80 46 90 63 38 74 37 67 18 2 45 13 18 82 85 9 82 27 13 49 14 83 60 78 42 9 39 84 19 20 21 43 15 52 67 46 75 23 73 6 70 7 18 88 97 37 29 44 33 23 73 57 44 23 83 25 41 50 77 72 42 59 69 24 29 85 48 49 69 10 44 90 19 41 8 85 84 46 74 7 72 48 7 28 82 78 81 41 95 36 3 70 67 63 20 66 52 92 100 0 3 1 27 53 94 13 30 65 72 62 46 46 95 74 94 100 24 47 44 93 12 98 85 95 52 44 8 99 98 64 57 44 17 17 25 51 39 87 9 68 72 52 11 67 8 56 74 76 81 80 34 83 35 84 31 0 38 35 12 4 
73 58 91 90 31 28 22 9 48 5 92 65 35 85 21 12 12 48 32 67 4 42 87 48 31 69 74 59 3 80 26 91 86 57 72 58 49 97 7 57 83 24 66 11 3 37 42 73 2 48 29 75 95 45 27 83 70 4 13 11 74 45 100 69 50 64 95 98 84 16 97 87 85 20 9 87 86 51 85 95 33 17 91 76 19 79 0 4 80 7 61 32 52 28 19 60 46 61 49 66 66 63 75 10 93 58 59 50 87 54 8 52 75 22 25 99 55 26 35 97 18 29 62 54 91 20 72 8 96 65 14 18 93 76 11 29 32 98 82 80 43 100 56 96 76 80 54 91 94 84 15 37 87 61 94 59 43 81 86 14 87 52 93 40 73 38 30 96 58 46 84 92 100 85 20 97 18 31 93 74 32 86 5 90 78 87 3 54 44 28 85 43 21 13 50 28 10 16 1 38 80 74 60 63 97 3 48 82 67 27 59 23 17 36 98 95 75 8 84 62 95 16 21 62 86 15 76 76 46 16 61 58 10 93 6 72 49 19 32 78 53 79 85 46 97 51 98 51 27 63 7 1 55 93 68 9 13 74 91 95 46 7 97 9 61 37 26 95 0 2 94 26 34 63 21 54 46 21 50 24 6 99 53 46 38 45 31 87 22 17 52 18 35 67 49 63 29 77 93 46 
63 98 59 100 32 16 70 47 85 98 2 7 80 73 25 82 5 79 21 85 54 56 18 86 40 80 20 95 63 4 55 72 29 44 76 22 19 45 98 85 49 63 51 31 56 69 92 74 17 48 20 1 68 10 40 15 54 26 87 94 83 23 22 40 99 65 13 37 84 20 82 5 78 21 95 27 78 28 90 84 44 84 69 86 77 81 8 95 1 55 91 79 35 61 25 99 51 84 20 61 43 46 65 14 51 26 40 40 33 38 56 60 20 78 98 28 39 28 59 71 36 64 65 70 15 36 59 9 57 80 82 39 51 33 37 90 45 32 28 87 38 44 68 2 53 48 26 16 95 8 94 22 79 94 95 51 62 28 24 98 100 59 68 18 86 41 63 11 16 4 85 26 57 86 47 46 28 63 76 44 79 21 100 6 16 47 26 85 43 54 38 50 55 93 95 78 74 77 45 32 12 45 91 97 85 81 87 2 60 18 5 0 35 60 47 62 40 81 94 74 78 78 95 3 30 60 65 51 97 40 27 57 58 51 93 93 30 61 53 97 54 15 29 35 43 25 18 0 20 74 34 47 66 95 26 5 38 49 57 66 65 34 57 24 35 56 50 46 15 0 36 87 13 17 87 88 14 98 85 15 73 47 49 17 4 33 48 87 61 12 90 62 22 18 16 1 78 75 24 15 
97 5 59 18 80 32 60 8 54 74 50 41 28 94 83 100 55 7 63 75 47 81 83 22 87 7 3 46 54 0 40 1 39 74 62 75 5 81 85 33 64 17 42 75 37 10 92 1 53 61 90 84 61 43 11 19 17 89 66 56 9 45 44 7 64 35 36 8 3 33 13 18 20 81 35 58 12 16 68 15 43 19 81 18 29 57 67 98 59 4 6 63 100 82 50 0 37 90 86 66 27 12 27 72 74 82 39 56 89 83 37 57 32 47 64 92 94 42 83 71 41 74 26 60 31 34 5 47 60 39 72 20 60 12 61 56 98 10 58 30 38 66 49 18 60 34 38 10 14 82 34 54 81 49 86 80 54 68 71 43 72 39 43 72 100 98 63 64 39 72 100 82 63 51 41 62 13 57 79 77 13 35 98 67 86 84 4 66 63 24 28 51 68 89 50 31 84 73 97 68 28 33 53 59 89 26 48 45 41 68 39 33 65 92 77 40 17 24 53 97 5 29 15 56 1 2 87 56 10 60 68 49 39 100 26 39 34 77 20 70 67 75 43 76 81 47 84 4 65 92 22 72 69 99 62 1 67 77 20 34 29 70 4 75 43 71 58 43 5 64 55 71 83 44 30 64 87 45 89 100 25 3 86 16 78 75 95 77 59 77 61 4 67 58 49 89 5 57 39 77 
46 56 67 47 19 77 86 77 68 36 100 17 14 81 28 24 61 7 27 65 19 40 72 93 8 65 81 66 99 5 0 50 34 11 64 9 33 0 87 37 55 47 11 12 42 94 52 16 56 39 2 73 28 22 18 20 19 99 29 81 82 89 73 97 11 10 49 17 51 24 46 73 62 43 17 23 6 61 41 98 80 16 14 84 88 6 86 87 13 71 24 14 69 94 36 41 93 92 94 88 54 56 53 18 27 44 55 71 63 100 3 75 86 27 55 35 34 97 71 83 63 21 93 54 69 80 13 37 12 10 99 11 81 48 26 22 53 15 16 96 44 62 80 78 70 15 66 73 36 76 32 73 86 45 27 65 44 24 75 42 86 79 60 35 44 75 1 17 97 81 25 90 69 21 55 5 34 69 46 4 79 58 81 32 61 54 100 16 26 86 37 31 24 95 93 64 68 59 41 89 39 29 42 75 4 26 14 27 23 5 96 56 24 28 76 19 13 16 64 32 91 70 56 72 99 89 87 82 13 15 45 97 52 3 58 92 91 88 28 73 5 3 21 64 81 43 92 42 29 96 54 95 47 53 100 45 87 57 29 61 18 69 88 59 54 86 99 62 80 18 39 60 64 75 93 72 89 23 22 84 5 74 29 22 97 19 77 98 89 93 78 29 80 3 94 53 9 70 87 1 
73 60 53 1 86 66 17 79 23 44 24 89 11 87 19 4 18 9 89 15 17 50 21 67 58 41 20 44 58 42 18 100 100 30 100 11 42 44 20 65 76 95 33 52 85 30 0 92 44 55 78 67 95 17 25 79 86 94 96 100 41 41 31 37 71 11 71 99 9 81 94 4 76 53 62 2 31 41 45 16 51 83 12 28 91 17 52 84 59 0 8 40 46 82 50 19 96 61 21 100 11 35 56 6 0 16 27 81 69 50 65 13 19 2 70 27 25 77 4 69 49 15 26 81 71 50 51 42 30 8 73 62 67 99 1 11 82 33 50 81 25 54 45 51 42 3 19 43 73 54 97 91 58 69 93 8 37 40 11 53 25 46 76 80 89 31 98 77 83 39 59 56 67 9 19 43 55 33 43 29 41 100 33 28 23 78 59 34 8 66 95 50 25 98 26 73 40 97 64 62 18 21 19 11 2 93 44 36 66 97 8 36 87 63 97 16 41 94 10 51 34 94 90 37 83 80 63 89 41 21 76 46 64 91 41 93 51 99 17 25 73 9 11 46 66 47 91 36 55 58 5 33 79 83 54 30 46 92 21 38 29 3 42 3 83 16 64 98 25 50 42 100 94 34 37 36 78 55 8 26 25 61 75 92 78 80 76 24 3 27 5 71 34 52 11 38 34 80 98 47 
87 88 6 33 16 2 49 61 77 74 3 9 67 26 50 5 45 80 42 97 67 33 13 54 53 44 62 67 2 84 40 41 47 99 92 29 79 5 22 27 65 99 72 48 61 86 31 57 2 76 50 5 93 85 1 45 47 11 36 8 36 75 89 47 15 98 81 83 92 33 76 38 20 35 34 57 58 80 78 75 49 29 20 65 49 64 75 83 87 75 82 98 64 47 88 29 25 100 22 37 43 94 88 91 41 30 6 45 56 58 83 93 76 33 68 38 79 43 43 60 20 67 65 61 84 15 57 17 88 83 6 51 34 70 73 12 69 36 66 91 12 16 85 94 48 42 69 4 63 29 52 72 62 43 64 22 57 95 56 73 49 39 92 27 42 100 33 92 29 40 33 29 69 71 37 83 56 16 16 57 76 70 33 11 62 26 75 65 35 10 55 91 92 56 59 72 47 34 17 15 67 90 91 82 97 43 17 25 20 23 66 79 43 67 45 13 63 20 22 82 16 87 34 72 16 0 57 80 0 9 2 26 51 81 64 70 15 4 77 99 39 96 11 37 34 35 68 57 52 72 78 80 5 3 34 100 65 83 11 49 47 57 51 48 17 21 35 94 14 67 29 15 89 4 33 22 83 52 93 37 53 10 76 97 61 45 28 8 45 46 38 20 61 62 33 92 35 95 21 24 
80 94 82 64 99 62 30 5 89 36 32 59 66 87 52 16 91 3 57 64 98 5 87 12 78 77 24 60 16 46 83 4 18 61 17 30 87 6 10 2 11 52 80 25 56 40 56 47 0 47 72 94 53 77 70 21 72 17 49 54 1 86 4 76 14 99 59 82 8 59 45 61 16 65 76 36 60 91 60 69 44 28 13 68 55 13 61 7 67 3 43 14 33 48 80 40 54 95 14 51 23 78 50 25 24 49 60 3 14 71 3 79 29 25 85 28 71 52 83 28 26 42 44 63 42 1 25 96 74 89 40 54 1 41 61 96 61 75 87 70 95 93 65 67 69 23 52 30 61 52 97 58 16 11 31 73 63 95 36 10 75 44 6 75 69 21 20 52 100 9 66 28 49 83 36 65 99 96 41 76 14 11 62 35 69 86 23 27 57 12 54 42 99 74 92 1 93 66 21 100 16 64 23 32 86 25 5 25 34 23 50 24 37 14 53 12 6 41 26 61 87 18 91 99 56 53 79 89 52 60 27 15 22 95 56 86 97 42 76 90 86 97 48 57 18 44 92 77 9 71 50 10 19 51 68 44 91 99 85 68 87 0 73 42 73 48 85 80 44 31 15 47 72 31 61 0 71 47 25 75 78 43 94 49 34 78 33 89 70 37 19 95 70 99 46 95 56 95 85 3 
58 26 94 14 86 75 63 6 71 7 40 38 11 49 61 18 45 63 34 41 24 34 8 47 1 73 39 97 44 78 75 99 88 74 33 11 94 78 59 57 88 24 3 91 59 86 82 42 99 74 66 82 64 46 45 8 29 34 100 89 27 70 19 11 20 83 44 55 86 80 34 0 7 19 71 20 71 1 82 86 51 75 83 68 44 59 53 36 87 39 63 99 96 73 93 5 13 55 60 75 78 34 85 45 57 27 72 31 93 73 29 71 3 92 66 44 38 62 68 67 16 79 53 11 10 63 13 25 5 30 91 37 51 94 91 79 99 68 29 7 68 28 45 12 0 97 60 36 4 14 88 75 98 7 48 43 7 67 68 95 64 29 70 37 40 58 14 64 6 28 55 32 1 63 0 78 34 32 95 77 34 60 3 70 88 88 13 7 5 95 71 31 87 30 3 71 98 62 55 45 9 10 94 79 39 53 47 70 78 89 52 77 67 88 45 59 45 88 66 6 55 62 72 25 4 27 56 55 69 36 64 12 56 94 70 1 39 41 76 60 14 44 32 41 31 97 15 38 0 83 69 9 82 59 41 19 63 67 89 14 64 7 79 85 14 38 17 64 79 71 33 48 46 95 39 20 18 72 23 3 7 12 60 54 49 43 64 66 20 100 88 95 97 56 94 39 58 99 20 72 
80 26 65 35 74 55 81 0 7 15 22 53 24 56 21 39 73 33 28 6 77 73 34 8 91 65 84 6 100 56 17 87 67 12 31 26 2 66 50 73 19 34 10 93 74 88 60 15 10 36 86 5 75 83 46 39 5 89 55 16 96 43 83 4 32 6 72 24 93 20 30 92 3 3 91 18 12 23 93 68 79 27 62 99 5 68 73 65 13 87 50 99 98 19 1 93 78 98 35 85 40 4 75 57 80 56 96 2 32 90 60 87 36 25 51 86 1 44 34 53 98 2 100 48 6 0 81 33 55 28 41 57 78 59 84 40 21 47 48 60 1 67 70 22 84 13 93 93 77 48 42 78 81 25 47 24 63 16 7 48 75 90 78 34 75 85 16 82 17 87 73 24 31 79 43 86 80 46 40 40 19 68 43 57 25 13 100 53 74 71 30 47 88 97 29 17 17 59 30 93 81 33 39 52 33 90 39 25 13 59 44 24 80 89 36 31 18 58 3 80 81 74 66 99 53 58 85 5 25 86 85 74 91 65 8 67 37 3 97 22 96 12 85 64 38 35 27 71 97 36 63 73 72 69 32 74 26 52 1 75 23 81 86 13 48 7 63 86 92 43 66 78 78 5 73 8 35 0 59 23 55 16 1 22 17 15 30 10 37 78 23 24 20 21 94 98 99 79 73 87 
25 35 86 58 53 47 23 49 51 62 27 43 54 29 18 43 59 7 32 22 57 85 46 75 49 100 75 5 42 73 30 15 90 1 14 0 22 66 30 15 61 67 17 4 68 25 31 1 28 27 69 90 6 54 49 49 32 76 38 9 40 10 31 80 68 96 54 4 39 36 66 91 38 3 38 47 33 18 77 41 57 29 47 35 33 42 87 12 39 51 32 72 39 79 32 96 22 7 95 16 65 60 96 6 6 6 25 97 6 44 97 71 52 52 82 32 65 94 25 58 77 68 87 98 31 71 43 40 36 99 66 37 76 30 19 57 64 78 3 39 83 99 64 66 74 63 2 23 51 11 14 4 43 19 51 26 73 45 57 78 100 100 64 62 72 71 27 11 40 75 11 55 71 65 62 46 33 62 69 45 15 53 21 23 8 40 76 73 68 94 91 46 28 91 74 50 68 0 93 24 51 84 42 15 65 88 14 16 32 24 44 27 21 63 88 23 74 30 95 93 37 26 65 76 53 98 94 55 31 88 12 74 99 99 81 66 25 3 39 14 98 5 64 37 99 95 27 83 55 55 10 83 52 15 92 56 77 36 16 66 18 63 29 78 85 60 39 33 40 76 79 83 14 70 73 88 86 15 93 18 14 88 28 52 63 45 35 15 46 63 80 100 93 96 2 64 13 17 16 66 
56 28 63 49 85 66 77 46 9 22 58 52 72 69 80 79 16 80 99 55 40 25 16 75 70 6 54 77 9 78 59 96 46 71 67 29 54 49 53 73 5 70 44 65 53 20 57 71 16 14 6 73 89 2 29 23 71 31 38 1 21 61 39 58 91 83 36 34 93 58 13 12 29 44 97 28 98 1 57 16 51 15 4 43 33 100 92 64 14 10 3 93 44 35 34 86 91 41 14 30 92 36 66 94 70 86 64 12 42 37 88 69 28 20 74 70 17 75 60 66 100 49 36 71 97 71 93 2 28 54 88 68 97 32 51 58 55 93 60 46 11 76 49 88 25 20 26 59 63 48 89 0 14 56 76 58 65 50 86 58 25 37 62 61 33 12 72 65 59 36 76 33 82 11 22 3 55 24 7 87 65 92 63 54 84 19 60 48 41 15 64 52 83 68 6 99 51 83 94 97 27 25 64 77 56 70 27 41 45 88 19 37 14 12 0 59 96 58 56 11 75 23 71 87 72 53 88 63 62 2 18 93 40 92 20 49 52 62 48 86 30 97 95 95 12 51 5 29 67 77 53 67 56 63 84 64 37 13 88 71 76 77 82 53 42 30 56 0 29 31 15 7 86 90 67 24 46 1 96 52 85 46 68 23 90 56 3 99 93 83 34 10 68 39 98 44 34 11 85 5 
73 89 47 11 40 32 73 21 67 3 30 22 44 94 91 85 10 4 77 81 66 99 16 44 46 63 31 79 1 30 70 86 71 8 51 36 41 11 89 31 68 1 38 67 68 100 21 31 46 19 49 90 92 85 98 38 41 33 96 86 24 63 6 77 48 12 23 86 80 34 8 82 94 68 38 98 62 33 76 68 99 65 30 36 77 57 66 54 37 49 77 7 64 73 89 6 87 78 59 68 80 26 69 49 20 78 77 87 31 85 85 33 1 95 72 84 74 69 5 63 42 65 77 47 68 68 30 74 63 12 91 8 72 5 3 57 69 73 60 82 88 54 67 23 93 33 33 80 11 64 9 42 74 52 59 64 95 87 45 34 95 62 84 31 70 61 8 46 85 7 22 21 55 64 29 81 24 27 77 73 66 96 9 45 9 76 75 66 72 8 88 0 28 19 56 84 65 12 26 94 86 95 67 28 71 26 22 98 33 81 49 90 58 24 34 19 4 93 3 10 67 33 10 59 39 81 59 69 65 99 0 52 58 92 71 28 55 51 78 100 22 12 64 80 60 45 93 12 100 43 34 93 15 36 16 57 85 31 88 95 88 65 66 74 34 22 40 8 66 14 52 35 68 18 94 27 78 89 43 11 25 67 10 34 97 35 43 7 83 39 2 33 57 79 98 5 59 19 43 86 
51 88 15 46 38 14 50 88 34 76 14 23 49 28 58 35 31 37 51 11 17 26 32 30 1 65 92 4 71 26 36 67 70 71 6 79 52 23 48 73 52 98 23 100 54 33 75 38 93 64 70 9 24 61 20 72 92 6 7 66 12 8 20 91 100 86 12 85 9 41 26 58 56 23 20 67 17 32 100 10 14 33 15 7 65 73 82 42 39 25 95 55 98 71 8 35 88 54 85 83 39 53 64 17 91 46 29 55 65 15 67 29 91 86 18 59 74 32 91 5 48 96 35 50 87 22 65 49 26 84 16 93 46 7 7 56 16 3 39 2 47 97 32 0 82 15 65 95 1 70 62 14 48 57 66 23 65 3 23 89 42 14 9 5 37 34 27 25 79 42 4 10 68 37 92 8 58 61 15 3 79 54 77 61 29 100 74 49 66 60 84 85 36 63 18 100 24 18 10 14 14 18 10 61 34 12 89 38 36 100 86 75 85 69 3 44 98 53 50 2 18 93 79 87 70 73 87 71 77 1 74 2 76 84 68 17 81 2 15 25 7 13 55 70 57 10 5 23 95 38 13 42 84 31 78 69 93 34 33 69 51 37 27 27 70 16 93 98 73 64 53 19 65 29 29 55 7 88 40 49 75 23 91 11 68 55 89 12 74 62 82 53 16 39 77 80 21 49 93 36 
13 86 66 62 14 90 98 42 72 94 88 5 41 34 48 21 47 21 97 68 63 2 84 49 5 67 13 13 29 9 20 35 67 26 30 46 100 82 36 87 71 19 74 8 46 84 69 80 97 29 93 5 64 49 78 53 44 65 90 20 4 86 2 32 90 3 38 37 75 17 94 20 12 95 16 75 4 39 98 39 0 1 32 69 38 0 13 27 67 98 20 78 91 19 80 33 0 6 95 50 12 90 90 72 83 10 61 0 7 25 5 25 20 47 86 73 42 58 64 2 58 77 62 91 42 87 88 10 94 41 55 51 21 21 51 72 33 31 64 59 100 63 34 45 29 62 74 52 69 39 52 56 35 0 27 74 13 90 46 62 93 49 13 51 61 60 45 17 54 79 49 80 75 68 60 91 2 31 22 64 4 79 73 39 31 6 93 85 63 20 49 45 78 12 9 98 17 41 58 14 44 27 34 22 33 96 22 84 19 72 36 64 62 26 81 69 51 40 14 60 89 98 91 25 9 91 17 0 19 24 77 46 39 71 46 70 34 22 97 86 52 97 53 68 50 3 18 28 87 42 95 44 23 53 87 53 65 21 86 57 85 96 51 56 55 89 86 8 69 40 88 43 77 43 71 61 43 81 18 14 12 34 95 47 9 93 96 40 42 81 70 7 45 29 24 99 94 6 12 72 
3 57 68 98 18 77 57 16 51 36 37 90 90 16 96 67 53 30 72 28 94 83 2 36 48 86 57 49 85 96 68 18 14 55 33 96 31 61 74 47 14 78 39 32 96 47 33 24 17 69 50 40 17 82 82 45 89 25 36 57 18 28 17 47 92 1 15 4 29 37 21 69 99 18 93 10 5 99 2 14 6 82 28 21 12 85 29 60 72 52 64 63 35 26 72 81 34 43 87 67 13 71 36 54 76 32 93 11 16 99 52 55 0 1 70 38 70 95 90 53 4 6 12 84 37 85 40 11 8 79 73 31 64 17 75 59 25 47 73 77 95 2 74 78 8 90 23 1 5 100 19 39 86 12 43 87 2 20 83 90 95 52 19 35 10 32 48 70 25 17 65 77 22 72 14 58 32 88 90 65 33 100 86 94 80 75 35 8 30 38 58 21 12 55 69 38 1 97 72 58 99 10 97 66 48 12 95 77 8 88 14 37 4 24 86 64 18 88 12 2 94 48 86 83 36 39 52 41 0 17 100 38 99 76 67 99 86 0 26 64 56 21 32 22 8 23 99 82 43 31 38 82 46 62 59 51 23 18 83 42 40 90 72 99 97 49 15 70 99 59 67 88 66 70 2 90 45 23 49 81 40 33 22 93 67 87 66 1 95 79 88 87 5 45 86 43 63 85 90 33 
2 9 68 67 28 23 92 74 46 86 9 2 18 78 12 88 18 86 56 19 3 52 0 38 10 35 43 100 62 63 12 30 66 65 53 17 5 61 69 97 5 75 28 59 25 7 87 38 31 25 20 35 47 83 4 14 34 60 48 3 22 3 98 76 72 68 8 3 26 65 88 0 22 0 35 2 5 54 10 65 36 64 47 38 4 97 59 81 0 51 86 57 86 1 25 99 25 88 93 56 88 30 54 25 3 25 92 9 75 21 44 41 28 8 46 75 69 61 80 72 42 53 97 67 50 61 61 43 63 81 89 73 55 32 38 20 61 23 42 70 58 57 99 76 25 30 70 54 74 72 35 10 14 13 68 78 0 94 16 15 2 71 25 45 95 18 47 87 21 78 75 100 6 83 6 99 57 20 3 58 95 8 4 10 92 47 64 31 51 39 3 8 6 78 11 6 93 60 99 52 94 72 71 88 51 68 83 57 11 78 12 47 86 22 65 74 42 49 34 46 87 45 37 100 24 96 89 75 72 19 91 63 67 17 40 76 54 21 38 2 78 68 17 70 87 79 19 21 98 96 99 11 65 55 52 26 22 61 80 24 32 92 70 7 100 86 83 52 24 67 99 66 59 88 100 60 63 24 19 73 33 69 15 53 29 65 88 54 83 62 44 99 41 7 95 26 66 39 10 13 
84 99 55 31 37 72 33 3 5 59 39 0 70 100 55 57 74 69 8 94 4 7 16 44 26 76 41 39 27 45 79 33 44 58 84 3 62 7 33 51 9 25 7 11 6 35 84 78 75 42 51 28 98 8 96 31 46 45 93 17 76 0 42 86 18 6 60 60 14 76 57 79 73 15 4 52 99 20 96 75 69 22 37 85 4 43 74 21 50 30 40 27 31 19 92 95 70 31 100 17 14 96 85 77 79 49 28 31 60 52 82 93 61 58 50 84 26 50 22 94 76 90 38 38 15 45 59 8 16 97 91 9 60 89 50 0 71 84 58 16 19 57 60 90 79 5 19 40 39 16 6 84 59 75 37 84 78 27 78 85 24 20 86 16 99 71 41 85 99 56 38 68 98 63 49 3 86 19 0 29 41 40 89 72 24 0 18 88 13 19 24 15 5 44 83 44 22 40 6 15 96 28 57 69 29 31 51 46 97 33 54 58 82 43 95 82 56 48 58 8 11 27 67 53 24 61 50 33 3 78 30 66 100 56 47 0 15 84 94 79 88 87 12 15 6 46 98 85 85 2 15 98 57 58 18 51 18 25 32 67 0 54 88 32 64 10 38 34 88 74 28 20 13 20 87 39 20 48 98 11 71 40 67 83 9 35 14 9 12 47 10 1 47 44 69 37 80 89 59 5 
80 91 18 59 94 27 90 98 16 78 7 78 75 18 22 11 10 80 13 46 15 28 21 23 62 24 18 71 85 59 7 100 72 48 17 13 32 89 93 60 78 53 68 79 9 27 12 1 91 11 16 63 2 67 97 14 60 30 75 79 29 86 35 89 90 95 58 11 44 53 13 50 35 37 32 59 55 84 38 2 88 13 19 4 55 45 58 11 67 95 19 65 5 75 49 49 16 76 64 38 62 59 100 34 46 22 38 35 59 31 2 63 62 76 92 85 60 32 60 76 18 77 93 20 45 4 9 18 83 92 95 82 50 98 21 34 51 51 36 34 79 83 79 70 27 65 79 3 35 90 35 33 56 49 54 16 28 74 77 11 72 74 48 88 83 72 89 30 12 48 52 99 8 7 21 4 44 65 19 30 96 47 65 68 46 79 24 61 90 83 100 28 53 56 9 93 71 51 38 88 59 42 64 46 56 57 5 99 56 25 69 59 58 90 91 88 5 10 16 81 48 58 17 36 24 92 77 21 43 41 83 54 16 57 91 50 9 22 60 11 85 73 68 57 86 93 77 5 85 14 45 75 29 10 85 67 82 19 40 78 27 29 86 68 39 83 76 89 38 48 52 27 22 10 18 90 10 6 49 15 36 0 9 67 9 98 78 3 2 35 39 16 87 59 88 81 50 8 11 38 
99 24 93 7 68 61 53 27 58 66 67 19 31 31 43 26 77 32 8 26 5 51 6 73 56 56 51 90 8 87 85 16 45 81 92 73 89 77 47 52 74 43 66 65 70 69 85 38 54 5 37 42 98 94 54 43 14 63 66 78 83 16 82 77 39 100 30 7 3 44 96 62 20 89 66 68 41 11 83 61 40 56 86 95 34 50 26 38 15 79 70 27 100 8 68 88 19 8 58 99 10 31 11 6 60 95 67 15 19 79 76 64 38 41 39 98 14 81 68 40 88 88 87 87 71 45 49 37 91 36 74 86 6 76 47 62 37 24 92 82 96 63 69 41 23 11 54 25 18 62 8 79 58 76 50 57 71 6 31 100 45 48 39 33 87 81 49 49 22 90 21 63 36 6 56 29 53 41 20 71 11 32 27 60 56 67 52 32 16 80 75 8 5 84 78 67 99 100 66 29 23 75 29 26 7 28 17 0 76 38 100 81 20 57 55 74 70 56 99 27 6 88 10 0 64 23 47 10 76 89 24 59 31 57 43 40 90 53 39 51 54 93 81 32 75 92 46 3 44 72 56 31 9 94 23 49 45 8 84 63 3 53 97 97 13 15 8 49 72 23 63 30 76 16 68 9 39 16 14 6 87 100 1 53 15 58 39 98 76 43 88 17 51 85 40 16 68 35 79 88 
23 87 14 15 72 42 90 33 7 23 16 88 43 87 30 63 70 65 25 64 8 78 22 32 74 100 49 90 91 4 71 29 29 74 28 13 58 4 51 65 67 67 73 29 86 36 10 86 26 40 79 81 59 59 42 92 85 16 73 15 24 63 23 36 24 26 77 30 45 95 15 69 2 90 37 21 68 46 38 66 2 32 47 1 10 39 33 57 9 7 94 33 96 58 16 81 9 34 98 25 0 48 28 6 69 96 40 45 29 48 21 6 52 16 83 38 9 89 6 96 15 27 16 46 42 37 16 34 78 11 11 0 75 27 22 7 59 30 83 33 63 86 100 53 59 32 52 18 79 43 54 97 18 78 3 31 97 22 2 27 77 69 35 95 33 16 43 33 69 33 84 16 92 1 99 32 40 63 71 59 88 48 34 67 5 55 1 18 74 77 98 43 54 55 83 21 82 80 44 93 22 5 65 21 65 20 29 7 93 23 93 67 100 68 26 22 45 34 69 20 32 21 82 58 58 84 67 58 74 37 90 7 21 44 76 100 44 23 68 64 70 96 40 73 44 97 50 18 14 75 53 31 94 58 61 66 42 42 31 62 91 32 38 68 58 46 49 10 20 74 10 78 47 95 90 79 86 51 76 14 28 95 71 70 2 5 26 14 54 57 100 95 96 72 23 100 61 80 82 67 
13 95 0 86 37 34 96 75 57 90 48 50 25 21 69 36 95 52 44 78 48 19 91 45 93 17 99 50 87 30 14 62 51 22 35 26 55 50 15 1 79 88 17 25 32 47 45 40 20 14 15 63 35 88 74 43 79 30 27 79 71 54 76 33 92 93 88 38 80 88 31 34 39 37 66 33 75 8 72 79 84 24 31 85 75 14 27 85 59 32 15 53 66 55 67 95 90 94 61 95 44 9 64 63 60 33 27 71 83 13 33 44 82 38 76 96 14 1 69 74 82 53 26 19 64 57 79 53 61 76 85 100 38 43 60 18 0 72 42 56 14 39 6 48 3 50 13 10 2 90 64 93 41 23 92 37 40 23 27 57 100 11 91 96 80 15 52 47 57 92 1 86 6 5 7 76 90 93 100 34 92 91 100 30 4 1 73 78 8 69 22 24 92 14 62 46 84 48 64 29 65 17 100 7 36 93 90 76 34 40 89 42 42 58 93 18 98 96 45 31 2 89 57 96 47 66 69 46 21 20 62 69 68 18 12 12 78 21 41 33 97 6 5 68 28 11 2 98 4 78 80 22 18 59 71 79 82 52 14 8 70 56 28 39 82 100 56 71 13 66 91 65 8 100 36 12 39 34 18 59 7 78 22 63 3 23 63 10 76 76 95 26 63 54 39 46 26 4 74 4 
41 52 8 58 17 94 77 53 97 15 67 20 46 24 58 3 65 27 84 37 35 12 79 38 24 36 35 94 17 95 82 96 40 35 2 56 32 28 58 59 93 1 11 27 57 43 57 28 45 75 98 80 41 50 27 31 86 46 86 15 35 49 48 83 25 2 4 33 89 79 81 92 97 4 25 3 50 78 44 25 89 99 93 59 41 58 45 59 38 57 12 4 87 45 49 52 17 86 37 4 3 26 31 1 22 59 79 90 0 83 0 98 29 13 58 57 25 92 16 40 97 20 70 37 43 53 28 36 66 8 2 56 31 93 90 0 10 25 62 75 27 66 13 88 67 2 40 77 100 86 4 47 65 7 82 91 16 28 8 84 86 68 24 51 25 69 83 85 57 44 14 51 37 77 56 10 49 62 23 41 37 36 3 97 58 64 30 50 0 18 20 70 69 41 0 9 81 63 87 22 97 93 49 64 56 27 55 1 89 48 30 63 93 47 99 9 13 92 40 62 24 32 76 34 65 76 50 68 60 54 52 69 95 62 59 20 52 7 17 36 45 34 64 17 81 80 34 38 62 81 15 97 31 63 15 6 9 35 45 85 92 49 18 49 51 23 48 31 55 23 11 78 32 10 6 38 50 39 71 44 36 56 95 93 22 60 19 58 66 4 12 93 12 35 18 30 81 47 61 84 
10 73 84 24 39 82 11 48 73 36 78 86 54 17 68 98 14 28 26 2 24 95 90 28 68 33 27 0 91 84 50 39 8 75 10 92 92 90 89 61 86 88 98 96 20 74 1 18 88 70 1 47 94 99 62 44 36 14 60 18 40 14 68 44 75 17 25 67 37 8 81 81 21 95 57 35 44 24 79 76 83 87 60 79 16 61 6 56 24 67 93 79 37 18 6 21 25 32 18 50 94 64 30 19 23 1 98 48 28 26 43 87 56 43 47 63 83 3 53 61 100 45 75 82 23 33 84 35 51 50 5 93 21 28 70 63 91 86 38 85 18 82 36 6 43 66 76 81 87 18 11 2 97 11 79 8 88 73 93 77 36 96 19 49 45 48 23 15 99 21 26 100 14 87 81 3 34 43 10 36 69 32 77 86 47 48 0 29 42 86 16 24 25 75 34 7 98 46 70 40 37 23 69 67 26 34 63 11 73 79 6 81 11 11 87 60 98 60 63 97 98 31 87 12 22 13 64 32 4 46 93 61 35 18 62 5 85 79 32 97 34 40 17 93 19 26 56 11 55 8 25 39 92 93 41 26 40 76 6 72 4 39 30 4 89 1 18 52 22 18 40 68 21 79 74 21 2 69 72 99 5 10 78 19 93 28 34 36 14 52 31 6 70 74 77 3 47 1 41 95 
36 1 59 0 37 85 31 41 60 49 36 100 41 95 32 66 76 28 12 71 83 67 98 72 53 92 76 53 91 35 51 59 22 81 85 3 77 5 74 87 54 50 20 78 74 60 61 86 21 78 67 89 71 81 47 73 25 31 96 41 79 40 79 28 21 2 9 6 78 2 48 45 5 98 49 16 60 29 29 43 73 1 11 19 41 22 30 1 13 51 14 18 23 76 1 99 92 26 100 54 46 78 15 50 49 82 98 67 21 47 78 82 57 3 69 41 24 84 58 0 19 10 16 11 29 78 32 100 57 1 78 61 40 70 3 28 13 28 27 71 23 29 74 49 99 7 43 83 12 40 84 27 90 5 36 42 71 59 96 49 59 52 40 26 19 52 67 68 20 70 94 4 95 6 47 78 18 33 74 60 21 73 33 5 94 1 14 24 78 45 99 63 100 50 14 95 83 94 73 94 4 27 60 63 78 56 54 33 0 51 1 42 7 50 22 97 86 29 91 61 95 13 93 45 86 97 25 43 64 76 39 74 70 14 22 94 70 56 11 18 98 48 30 49 52 25 41 47 74 62 38 54 0 50 6 81 32 54 82 3 27 34 51 78 27 40 10 95 1 88 68 45 79 47 32 16 61 84 10 97 43 20 41 62 52 18 18 54 97 60 35 63 11 68 63 43 76 80 69 73 
59 91 46 82 100 88 93 92 93 12 43 22 84 35 55 41 49 43 83 39 74 62 19 77 44 80 96 9 56 65 62 37 81 67 95 45 17 29 61 10 26 36 30 35 42 84 59 5 8 78 49 10 26 15 43 50 80 70 96 25 45 20 35 5 95 94 49 30 93 81 52 22 84 69 32 97 93 45 90 22 41 1 27 91 39 25 80 70 83 94 65 64 73 32 28 87 42 76 88 15 56 1 8 13 95 29 32 86 45 19 73 46 29 36 93 40 38 79 88 65 78 12 3 71 4 20 66 86 82 38 31 59 5 60 35 62 28 51 97 58 86 16 27 28 7 63 47 9 91 35 96 52 35 52 9 1 72 80 67 63 81 43 76 43 75 95 50 51 22 82 81 58 46 25 2 97 81 14 41 22 54 63 54 78 7 76 79 62 80 8 14 15 54 59 0 30 43 21 64 20 97 10 40 3 88 53 27 60 2 13 99 1 37 85 24 66 27 41 14 44 97 4 72 16 65 30 19 83 84 49 19 38 40 87 50 77 50 74 22 80 13 5 36 15 92 96 40 48 84 87 39 77 78 26 57 66 28 87 63 43 97 15 15 77 86 22 12 14 50 72 67 47 45 33 45 22 62 22 16 64 38 56 66 76 38 24 31 92 22 45 24 77 69 20 29 99 79 10 98 11 
47 0 43 79 30 89 9 22 73 25 35 7 47 12 97 38 71 67 62 62 27 27 70 76 51 51 55 30 59 88 95 87 37 79 49 83 26 5 16 78 74 61 30 93 79 11 64 23 64 47 2 95 57 95 86 60 100 41 88 27 10 29 80 84 92 51 17 69 74 72 67 86 21 77 5 36 39 45 64 20 34 36 17 26 85 68 1 56 45 8 88 31 15 93 92 69 43 2 71 84 100 56 76 97 86 91 33 6 51 13 15 23 1 45 91 73 88 82 90 43 21 73 82 91 94 62 57 45 1 62 59 7 77 81 74 25 6 79 78 35 26 42 37 44 27 73 83 11 31 26 94 63 76 16 96 10 35 0 73 70 40 85 21 15 98 1 79 26 32 19 2 61 76 65 33 88 18 85 91 93 65 76 93 24 88 50 56 2 95 63 62 17 36 37 27 84 88 25 60 46 81 5 6 46 56 62 63 97 0 79 38 70 2 22 64 19 2 15 81 68 98 70 31 33 22 49 23 14 28 43 55 95 79 8 94 41 14 62 46 8 66 40 71 37 58 41 60 99 80 33 87 7 15 40 55 12 39 3 29 56 30 94 46 40 56 73 95 68 9 75 95 82 27 30 67 66 93 62 68 94 38 0 39 39 17 95 13 13 9 29 39 82 76 1 12 48 30 92 3 51 
50 57 100 8 84 63 16 32 94 63 94 5 17 49 38 6 70 28 33 64 1 8 30 78 61 32 60 3 4 96 7 64 62 95 92 53 25 36 7 4 12 54 58 92 53 24 0 35 61 39 73 55 15 97 35 27 5 72 73 94 36 37 91 33 48 63 27 64 83 67 24 36 2 69 91 83 39 34 37 44 66 54 11 6 10 95 26 80 51 11 68 95 25 68 1 3 33 0 20 99 20 76 71 34 26 14 54 75 71 13 63 58 14 27 66 69 100 68 37 47 97 74 26 22 0 65 41 57 83 28 73 69 60 42 77 21 22 60 64 47 12 75 1 81 90 68 71 48 45 68 21 42 35 9 75 13 83 94 17 74 92 52 16 33 51 80 71 64 2 64 28 24 68 96 63 34 8 37 26 84 4 77 77 48 80 91 45 58 42 58 90 43 61 1 35 63 71 17 71 91 85 29 94 91 29 56 68 16 93 50 16 66 51 77 38 94 49 40 77 98 55 50 33 56 23 92 20 71 54 18 27 31 68 83 12 100 43 54 87 59 19 87 16 93 12 35 77 31 36 65 71 65 23 76 77 2 85 70 11 61 86 48 74 88 92 6 52 60 53 73 98 33 86 6 7 6 25 92 65 73 86 6 9 34 30 16 13 33 54 56 75 7 39 42 0 43 54 24 46 21 
81 62 40 1 58 89 17 50 79 44 44 65 61 92 49 81 26 41 51 44 94 93 6 58 28 93 38 86 78 50 72 36 34 88 25 22 53 99 21 22 3 29 58 66 69 8 66 4 62 45 45 61 95 38 96 15 100 16 51 79 97 16 84 49 60 53 86 96 87 68 11 68 43 17 90 43 32 32 56 17 24 18 65 58 50 84 55 50 71 11 75 89 92 58 8 0 13 72 18 99 87 94 68 93 53 25 12 32 68 81 33 6 6 60 100 16 48 25 45 87 8 2 95 29 49 38 10 63 95 99 71 20 24 98 11 87 67 30 32 37 36 52 53 34 98 31 3 11 50 18 34 85 70 65 78 65 75 99 35 14 2 13 56 25 14 33 75 86 51 35 77 89 92 27 41 35 40 89 99 2 96 89 75 51 79 95 59 30 65 40 20 12 12 11 3 53 29 24 85 22 93 11 79 36 96 49 35 90 27 66 85 91 56 12 76 15 0 66 2 49 67 40 83 9 41 17 83 75 17 15 84 35 12 77 46 17 83 27 56 64 58 13 83 63 32 83 9 52 17 53 42 13 54 2 42 2 55 9 47 1 25 79 54 39 87 79 50 3 65 34 51 80 45 3 90 51 47 42 72 62 81 25 76 64 74 14 96 1 61 6 79 42 57 15 25 35 34 65 12 11 
18 66 85 89 100 74 8 57 91 28 27 82 4 85 58 68 26 39 32 76 53 64 83 49 57 56 61 41 82 38 22 29 11 10 20 57 58 26 30 70 74 67 48 98 75 22 93 96 81 25 35 36 73 78 88 52 100 0 50 25 17 30 14 36 54 78 10 46 37 76 4 83 43 35 52 81 73 53 58 80 61 39 20 88 42 72 98 91 73 23 51 83 69 36 30 58 92 39 66 8 4 97 21 94 77 77 91 18 85 26 76 46 9 85 80 7 59 57 19 77 39 95 37 66 90 90 77 82 25 33 57 32 13 32 13 76 95 80 76 66 62 63 96 93 58 56 99 90 89 79 52 20 80 74 64 46 21 12 27 13 73 92 17 66 68 83 20 12 52 91 73 91 34 9 90 75 9 94 87 72 10 4 85 3 71 17 49 43 14 79 91 75 35 44 80 33 64 100 70 17 31 8 34 67 21 23 11 91 75 73 4 8 85 48 74 63 87 100 3 87 95 28 10 6 50 32 16 70 25 32 49 17 53 16 86 25 65 35 58 20 6 81 42 99 63 0 61 28 48 58 24 38 63 92 49 76 3 60 88 72 96 5 64 36 12 31 100 74 79 79 29 65 54 98 16 49 93 39 36 100 49 90 8 45 88 7 29 15 40 55 86 14 15 98 33 17 4 78 17 45 
66 33 11 74 22 94 94 18 47 39 50 33 57 28 18 38 31 100 83 62 85 14 27 82 77 91 58 90 64 25 32 76 27 18 78 36 84 95 92 74 82 93 44 27 71 14 20 70 99 34 47 100 75 20 22 63 32 50 26 98 24 13 84 17 32 55 35 65 9 71 64 72 35 94 55 77 28 78 43 67 64 52 82 71 16 94 25 82 7 62 47 9 42 31 41 41 16 50 56 20 44 83 8 2 6 27 26 76 99 59 77 72 29 81 83 71 30 43 78 48 0 44 49 64 11 31 75 31 75 4 2 40 72 70 90 58 8 68 0 43 84 87 65 30 49 16 4 53 0 88 57 24 20 70 38 20 16 56 64 42 79 66 21 8 5 49 15 56 35 86 79 50 36 44 18 87 73 41 67 34 77 46 76 40 82 10 6 10 60 41 90 89 7 75 3 31 94 53 1 90 10 52 11 82 17 6 90 95 91 94 24 10 0 23 35 87 61 7 44 70 41 32 41 30 42 44 85 67 30 84 86 54 4 82 15 27 63 49 45 21 76 87 53 89 63 78 92 59 7 31 98 73 96 36 19 11 20 55 38 25 90 74 20 38 69 64 27 79 15 90 70 30 22 73 36 27 79 58 53 14 55 81 14 93 79 82 9 61 76 37 63 65 28 45 81 81 30 13 5 54 
31 8 9 2 87 73 61 68 67 10 47 95 83 23 38 54 48 76 88 99 7 46 91 48 12 1 84 79 45 48 63 85 70 31 91 28 78 70 36 81 31 66 12 47 55 9 100 66 60 30 7 100 31 14 15 71 29 65 58 70 14 38 23 97 48 89 73 9 54 31 0 92 65 80 25 46 52 22 25 79 3 18 30 47 90 77 34 99 32 36 27 80 71 45 40 29 87 7 79 41 36 6 95 0 61 13 6 57 72 79 15 43 45 44 80 40 45 0 84 13 28 49 73 76 89 92 74 47 73 60 10 78 49 12 38 76 96 1 80 78 8 45 86 84 43 24 83 88 94 43 15 22 99 64 13 80 15 64 19 57 6 63 38 42 0 9 59 45 98 44 86 99 93 99 12 30 15 98 63 6 47 72 39 0 87 43 22 97 21 68 86 100 54 57 54 99 87 81 18 59 8 82 21 11 9 74 76 62 90 25 45 83 81 33 96 19 52 79 88 54 27 68 95 20 53 71 94 93 23 8 92 33 84 51 58 47 99 75 19 98 55 22 47 83 74 72 91 39 13 97 74 63 73 31 94 99 57 1 66 80 90 62 11 89 57 6 91 33 16 89 74 55 90 31 12 5 72 74 26 61 56 16 83 72 78 45 95 55 91 67 4 24 53 43 90 23 54 94 35 92 
53 7 37 55 45 5 48 93 59 60 57 17 76 70 51 68 98 15 73 78 73 27 64 48 29 99 37 66 53 89 55 66 92 87 51 10 38 58 95 16 9 3 38 68 20 74 97 54 94 2 69 96 31 49 73 15 34 17 89 79 46 94 66 16 89 33 39 38 5 43 53 39 22 11 57 88 76 97 32 61 42 78 100 45 45 33 8 21 63 7 37 71 24 93 90 76 57 82 23 37 21 11 71 47 83 55 62 56 96 73 61 69 75 94 64 45 66 0 92 18 93 52 65 25 85 31 26 19 10 38 25 95 64 56 8 87 65 17 46 51 46 55 10 10 20 79 48 63 96 77 100 14 55 56 64 68 21 36 22 48 89 95 47 17 6 66 51 1 73 46 13 82 82 96 41 6 70 61 77 31 19 80 89 45 34 30 0 78 59 89 88 32 49 66 36 10 82 18 100 72 43 0 58 31 79 84 86 11 100 34 80 48 28 100 53 33 88 68 23 14 78 78 47 6 86 79 78 80 26 3 30 61 57 9 61 64 41 42 6 71 14 38 88 17 100 16 87 86 30 37 50 89 85 58 94 19 70 46 72 0 95 10 80 92 80 34 13 2 38 9 10 68 45 88 55 73 3 49 9 88 51 62 79 72 52 51 34 15 34 8 25 41 79 34 94 81 31 11 77 55 
68 53 84 38 14 42 91 44 63 84 69 95 99 57 33 86 69 10 56 21 92 33 69 46 87 81 29 36 64 34 29 33 21 37 19 7 35 9 42 54 47 55 90 72 88 51 63 59 55 69 10 87 75 59 36 40 45 95 65 73 44 67 90 67 65 88 31 87 83 8 82 20 12 69 49 13 59 60 26 78 83 40 75 39 12 79 27 19 6 90 7 65 6 96 57 22 15 9 55 82 14 51 69 32 37 90 70 31 15 22 91 82 44 79 19 78 72 98 17 59 43 95 32 27 86 20 7 25 98 70 4 78 45 3 77 23 0 96 33 73 44 57 85 81 3 57 1 76 58 84 41 61 11 70 37 32 21 37 35 94 30 90 27 31 95 29 42 33 80 62 28 51 69 5 62 73 66 56 50 4 15 60 72 38 30 83 61 42 32 64 46 2 95 46 72 82 11 25 28 95 32 68 44 100 75 54 77 7 4 30 69 36 16 13 35 77 1 58 88 34 67 87 10 89 24 89 42 30 3 68 6 27 18 100 47 65 73 21 4 50 40 89 83 55 13 30 51 41 87 85 77 88 77 92 12 41 58 42 78 84 23 53 10 61 90 10 27 11 67 53 99 21 44 19 12 84 68 9 55 87 6 16 18 93 11 35 78 58 58 17 11 2 29 49 47 93 71 6 62 3 
45 10 47 63 57 12 25 12 95 90 55 96 86 92 45 71 30 60 81 77 16 54 55 36 86 38 91 56 2 46 6 93 8 2 15 5 30 30 71 44 93 13 53 44 24 70 41 25 66 93 81 9 11 12 81 73 44 81 86 3 98 59 54 22 30 91 64 34 68 3 100 87 5 9 5 73 26 56 44 31 30 59 5 1 62 92 31 29 17 65 59 79 24 65 44 11 92 9 40 40 98 60 14 11 50 46 93 47 74 98 6 87 76 75 58 89 76 3 41 69 88 65 77 42 1 10 65 70 34 56 73 43 97 37 27 12 31 79 29 81 56 71 83 99 61 72 37 66 47 73 25 69 3 22 96 72 90 64 56 53 3 90 32 98 79 53 27 93 30 41 51 57 20 33 80 71 52 88 95 61 63 32 94 13 0 18 17 35 10 39 39 9 80 96 56 11 4 74 92 35 67 0 13 60 51 96 68 36 17 45 32 80 9 15 11 32 95 5 12 13 79 27 3 40 29 66 27 42 52 76 59 85 21 78 65 74 77 35 45 41 86 85 88 92 55 82 10 20 27 74 50 68 99 27 11 38 19 22 63 8 93 63 84 45 33 10 15 92 39 99 58 86 83 98 9 89 15 68 10 66 17 41 78 95 59 57 53 95 60 77 13 38 93 73 55 81 43 28 32 74 
96 90 59 46 41 48 27 92 77 83 36 53 28 7 68 21 70 19 70 72 14 66 45 71 54 37 95 62 22 22 68 47 63 78 100 16 17 6 58 47 74 58 74 55 35 31 49 69 10 74 34 19 2 18 94 69 77 75 32 39 13 25 82 31 4 0 75 92 91 39 55 96 93 70 59 34 87 54 53 96 77 35 16 55 52 78 7 27 53 66 6 40 71 43 34 47 69 81 30 58 27 8 91 92 71 27 10 34 64 60 25 33 92 52 83 93 19 83 3 90 13 4 50 42 81 23 74 49 81 80 16 97 20 90 49 84 20 32 23 59 99 71 86 45 99 95 97 59 40 39 57 10 13 17 76 26 67 18 100 98 1 71 2 97 57 11 86 94 39 8 60 69 48 16 41 45 65 35 8 67 41 47 33 82 77 77 88 21 79 43 91 66 97 63 41 55 53 2 63 58 36 18 12 24 19 58 81 48 59 91 60 50 68 85 69 76 77 43 65 80 67 93 36 97 3 82 30 68 71 5 80 73 94 63 83 66 57 85 90 53 45 39 37 91 45 94 76 23 62 39 38 97 59 20 69 9 93 50 16 52 94 31 4 61 90 74 40 84 40 77 90 81 99 35 20 98 2 15 65 43 79 31 73 65 40 48 38 33 90 64 71 10 3 96 32 51 52 92 30 83 
7 98 35 39 89 70 18 32 70 93 16 62 76 49 67 45 69 83 14 51 65 10 87 7 56 89 89 8 75 90 93 30 68 67 63 43 44 27 39 13 13 9 41 67 33 24 90 29 9 61 87 92 28 16 55 40 48 2 84 2 91 67 69 48 53 74 53 95 14 28 27 54 80 36 37 80 6 95 93 14 20 1 4 34 73 58 16 76 70 40 32 17 22 61 17 92 10 51 79 49 45 5 79 12 84 49 64 54 74 84 73 47 36 75 13 15 89 55 46 92 23 35 31 96 8 35 88 60 2 28 91 75 55 60 41 82 98 50 15 28 88 4 80 56 39 45 80 21 51 50 12 42 98 11 66 58 18 56 33 49 91 44 31 36 74 9 30 21 88 97 46 80 41 79 87 86 41 5 25 74 5 4 38 77 8 69 26 28 56 25 7 70 14 5 92 58 94 64 0 86 67 38 99 25 69 55 52 39 1 96 64 11 12 2 41 59 73 65 35 45 35 51 19 56 93 7 76 87 9 30 11 0 74 54 79 44 17 75 71 86 37 57 40 70 42 71 22 86 32 79 30 53 70 14 72 43 12 73 42 92 46 19 45 21 59 40 68 56 27 60 38 10 99 81 4 74 15 0 52 77 15 45 23 25 74 33 45 3 34 21 66 94 53 38 75 48 46 48 3 35 
88 97 20 90 67 100 69 82 30 59 5 36 95 12 11 20 4 2 73 60 29 72 2 54 42 24 17 88 92 32 52 98 43 50 59 24 19 48 41 64 8 54 71 23 32 77 100 1 93 34 66 16 67 38 18 98 32 71 26 2 86 94 75 50 4 8 44 32 52 43 87 48 18 85 76 46 81 78 39 22 64 86 52 77 20 68 65 40 35 83 52 77 8 1 2 77 69 72 47 82 82 11 53 7 58 46 23 38 44 50 61 61 80 57 3 97 37 96 92 61 91 72 72 44 37 40 46 5 81 29 81 60 61 62 87 66 78 99 77 64 23 62 73 61 68 18 31 62 70 91 54 64 97 95 10 77 37 47 89 33 81 12 74 11 33 36 5 85 45 11 36 92 56 15 81 2 61 33 36 38 66 25 45 45 65 52 58 40 8 15 76 90 23 61 76 87 94 73 9 34 32 4 2 48 6 38 45 58 25 9 29 80 98 62 67 50 0 75 34 92 46 33 68 51 13 45 87 93 60 49 83 48 35 61 55 34 51 8 81 92 8 27 25 76 72 85 18 88 45 52 41 43 45 97 18 15 30 2 81 85 67 12 92 44 64 56 3 31 34 70 95 21 37 85 77 51 85 45 29 46 70 48 13 1 28 21 53 32 93 75 39 79 41 41 59 61 98 26 2 86 
19 59 46 55 5 75 72 16 49 42 46 37 93 61 99 79 19 50 63 62 9 26 61 40 29 58 91 89 31 94 52 30 47 21 24 18 91 45 36 61 13 51 3 98 67 58 28 63 73 6 57 71 85 4 77 18 77 12 86 47 3 19 57 71 6 80 44 4 12 13 83 78 77 27 39 80 62 57 79 70 28 33 78 45 15 48 0 53 51 92 82 83 94 23 7 37 45 95 22 39 16 15 88 2 39 74 14 68 16 2 42 76 88 14 5 7 39 34 9 63 45 25 63 24 78 12 63 40 74 43 23 61 56 45 92 93 74 93 73 7 52 69 49 44 11 24 17 68 22 21 23 95 37 27 89 40 61 82 56 33 46 86 51 8 98 89 99 96 90 82 40 26 39 85 97 43 50 1 8 20 91 17 93 22 29 25 24 66 84 12 2 73 0 46 74 61 95 32 75 54 75 71 85 58 96 84 73 71 9 18 43 64 25 73 77 3 74 77 78 34 70 69 23 77 15 65 15 34 11 86 96 99 72 20 20 81 10 79 50 27 87 98 81 27 57 86 59 78 73 73 75 68 15 45 45 95 99 54 44 97 68 88 8 61 80 93 16 6 48 38 26 20 84 15 17 52 47 77 65 73 25 33 63 49 40 3 75 24 42 28 10 48 65 5 27 78 81 67 46 60 
85 47 26 23 31 59 24 33 48 12 1 9 61 74 65 11 87 59 82 15 61 100 73 48 80 53 34 18 75 46 99 48 60 65 2 28 58 56 44 73 36 34 51 34 8 52 17 70 34 82 8 25 84 15 19 43 35 8 48 88 33 99 92 72 30 15 21 96 7 6 42 74 71 72 30 20 31 9 68 67 35 68 6 35 73 2 37 55 75 39 43 64 17 91 5 35 54 98 69 98 78 54 80 2 11 97 85 93 36 93 18 34 13 19 8 49 16 7 4 6 9 21 91 36 70 22 23 74 77 90 85 23 76 80 96 11 97 83 30 72 90 91 92 34 62 13 58 42 30 67 6 89 2 7 44 88 51 46 79 48 49 53 94 88 23 22 82 85 23 20 60 98 94 19 59 40 7 22 51 3 14 88 84 91 33 51 51 53 7 83 57 99 30 72 36 27 64 49 47 79 32 22 78 75 67 39 8 28 30 47 67 10 95 71 77 96 73 63 55 37 86 80 87 3 49 2 66 58 30 82 8 42 72 73 4 76 29 41 67 16 58 6 16 28 19 20 100 17 68 67 65 65 60 60 48 21 14 3 66 53 55 45 81 44 2 81 76 72 69 99 10 73 16 8 94 72 82 42 65 23 3 46 11 41 14 72 78 81 42 34 61 87 20 90 87 71 7 35 38 85 
56 57 31 65 7 27 39 13 73 90 99 2 91 3 66 1 29 36 8 1 65 88 7 70 3 4 48 0 32 2 95 59 18 47 22 94 43 30 45 59 22 36 76 94 52 92 80 56 34 53 74 80 70 57 27 43 100 73 25 60 94 63 7 42 61 77 41 93 54 30 73 99 19 99 41 66 89 64 42 66 19 97 100 89 82 11 70 98 80 97 76 92 47 64 96 57 8 52 7 79 87 15 66 59 42 68 83 80 90 23 1 49 31 64 30 73 4 62 85 31 65 88 1 60 62 62 2 9 53 39 100 37 43 74 16 37 6 19 53 36 34 71 41 20 65 3 30 44 78 55 73 91 54 27 38 54 18 70 70 39 69 80 89 55 74 30 60 48 82 84 0 48 94 69 97 65 36 25 74 68 2 22 89 19 46 100 73 63 77 29 41 79 67 10 19 39 61 63 19 17 59 4 26 100 13 100 100 6 95 12 63 58 15 80 80 45 42 45 59 15 43 59 0 87 48 40 24 39 34 45 91 88 65 24 38 66 34 49 43 51 88 72 48 95 98 10 60 67 92 81 91 95 57 76 52 66 24 38 95 82 1 29 40 85 5 81 4 98 28 58 86 34 0 96 32 40 52 76 85 38 78 35 76 65 93 59 46 47 33 91 12 68 56 32 83 76 83 90 11 98 
45 15 16 74 50 87 17 33 59 26 1 80 14 58 80 11 91 44 32 9 69 52 100 91 12 45 55 12 47 82 80 44 30 42 83 87 67 85 86 90 28 22 92 28 86 39 1 88 12 45 88 9 64 1 2 25 9 47 3 1 99 39 95 64 64 54 60 86 52 91 68 87 2 66 91 24 52 60 74 43 1 45 82 10 59 95 49 5 43 77 32 87 21 15 36 42 91 72 61 6 3 31 21 60 41 64 39 97 32 54 94 86 46 77 90 53 40 21 55 10 3 15 99 4 98 28 80 4 41 11 73 50 29 0 38 80 88 77 61 0 25 16 76 93 15 80 97 26 13 6 61 13 41 71 17 97 13 16 84 15 15 91 42 28 32 94 29 58 81 21 50 19 99 36 64 85 54 50 88 28 56 38 28 73 53 82 59 100 59 34 33 47 28 30 48 24 28 85 77 57 60 97 8 94 35 8 32 17 41 73 54 81 76 81 16 49 18 50 14 10 70 99 41 35 98 96 18 7 22 13 37 70 48 99 44 73 89 49 100 4 4 23 93 70 70 50 22 69 69 10 44 62 22 20 74 12 14 42 41 14 13 72 4 70 97 49 61 45 60 43 42 99 44 87 92 38 50 94 44 21 73 33 32 9 1 29 76 44 29 62 41 54 41 58 44 70 77 23 77 17 
72 45 49 5 5 11 27 97 91 53 13 13 60 92 1 94 86 24 37 21 7 84 35 5 90 45 92 41 7 64 79 3 47 9 13 81 98 6 23 74 10 63 88 8 49 74 1 64 61 67 16 24 88 22 57 99 60 6 27 58 84 19 61 44 51 21 25 46 26 27 74 37 6 51 14 39 78 14 72 20 49 85 95 2 33 25 4 97 16 39 71 85 74 24 75 14 95 92 46 92 72 99 62 56 67 43 75 29 37 3 33 16 70 1 3 83 2 41 16 9 49 78 14 90 33 27 52 18 73 12 51 21 10 89 34 58 54 3 90 58 34 50 35 80 67 9 52 39 92 29 24 42 30 37 69 63 47 62 14 81 45 77 50 92 16 66 80 96 78 65 39 15 41 92 59 24 10 17 99 43 96 6 33 39 68 70 52 4 97 27 20 14 5 91 80 98 60 84 26 10 70 21 94 97 96 5 22 97 80 9 62 49 18 58 31 50 25 60 72 98 68 24 50 48 21 23 12 29 32 57 77 94 44 10 40 38 2 26 56 4 8 95 96 47 60 7 73 74 22 56 18 36 6 36 17 4 22 82 81 65 74 4 27 86 96 66 7 94 43 77 74 67 37 54 56 81 24 45 71 40 88 20 55 45 95 77 73 25 31 78 12 97 73 81 17 48 80 69 29 15 
66 21 90 29 57 15 5 20 29 68 100 39 85 69 22 9 22 42 63 17 12 18 82 88 27 47 39 58 5 59 68 92 84 48 3 96 21 85 95 23 77 6 54 1 68 39 72 57 82 60 78 35 55 57 20 14 49 65 33 88 21 44 1 57 72 77 11 5 2 3 42 86 87 73 14 14 87 60 61 37 76 18 91 76 7 80 69 53 60 58 41 82 85 3 91 91 26 78 29 24 42 76 0 85 30 22 43 35 78 5 26 24 98 73 46 96 80 87 64 49 34 51 30 7 39 64 80 79 25 24 6 72 89 52 19 51 18 94 87 87 62 9 91 48 26 28 48 14 75 62 45 6 87 21 10 0 99 34 30 57 23 60 72 4 81 43 16 87 73 60 68 79 23 56 99 43 8 74 75 80 56 68 77 33 44 31 86 56 33 74 4 5 53 70 42 12 3 76 74 29 51 85 76 33 85 17 84 93 58 37 18 11 80 44 42 65 77 52 77 49 12 92 75 37 99 9 69 65 60 13 65 22 48 49 77 13 71 36 9 72 15 71 28 93 71 19 94 71 9 27 52 83 21 58 69 50 24 11 81 27 64 6 52 11 39 10 55 10 96 51 99 33 70 51 24 70 97 62 47 100 97 2 46 94 36 11 100 99 61 23 53 20 82 55 3 19 76 10 18 3 
69 94 2 40 75 76 29 84 20 59 100 47 92 85 55 59 85 70 36 57 29 46 41 79 5 90 83 36 24 46 5 41 49 44 67 35 51 37 70 33 29 45 15 71 69 19 73 50 71 84 14 40 93 8 23 99 62 89 75 74 25 18 85 2 72 12 51 20 65 25 32 13 52 41 11 39 30 49 73 98 41 92 50 12 24 25 12 45 6 51 46 3 50 60 43 99 25 21 89 27 22 37 51 32 66 74 57 56 0 12 59 52 68 22 82 66 43 66 50 83 69 17 33 54 61 63 0 45 12 47 42 32 30 97 96 38 5 72 43 34 80 9 1 66 47 97 5 14 89 88 15 14 71 41 18 81 85 36 90 12 75 34 96 24 12 93 67 86 16 75 97 56 73 10 67 36 84 71 34 25 1 32 32 82 11 4 50 94 81 39 27 41 13 56 93 71 90 88 16 41 57 22 31 46 5 16 3 44 22 13 18 41 78 28 10 64 99 92 35 68 95 78 0 72 37 92 34 70 77 30 62 65 10 81 59 94 75 32 34 68 68 65 39 80 22 24 37 26 85 62 13 11 42 42 12 95 23 31 10 58 93 96 58 32 13 71 78 83 27 100 41 30 59 32 28 94 39 20 2 97 18 41 84 97 58 73 67 95 90 69 98 69 89 43 63 7 72 81 78 54 
24 45 66 14 99 41 60 8 99 39 55 2 5 79 10 69 66 10 65 21 25 72 61 6 60 61 99 11 66 62 51 18 40 70 97 5 68 37 60 86 72 96 90 59 22 27 60 94 67 60 80 41 14 99 82 48 42 57 96 81 95 63 48 44 70 53 2 22 76 21 5 48 87 95 68 51 79 92 26 42 25 30 72 94 36 79 7 71 14 60 93 93 49 69 65 31 55 89 79 6 62 96 70 54 76 70 25 92 28 69 13 85 1 39 61 16 69 20 83 51 60 94 18 96 81 30 59 84 11 9 36 13 68 90 73 51 0 56 15 14 98 18 68 92 42 83 49 54 65 23 57 84 51 53 66 59 60 65 0 77 32 21 12 39 80 5 32 4 36 90 55 73 25 7 73 75 95 10 74 32 94 26 7 1 55 36 86 32 20 3 75 12 11 97 75 60 100 4 75 54 13 39 6 49 26 82 6 88 30 14 78 30 94 93 79 1 35 57 10 43 6 33 68 79 93 72 36 35 32 80 15 14 66 69 94 65 10 19 88 43 13 86 58 98 48 67 19 34 23 53 91 48 32 46 77 50 91 61 94 34 14 27 38 89 24 95 75 18 0 53 15 49 98 68 63 20 73 34 53 98 1 25 67 62 40 54 42 74 86 64 100 14 38 24 42 67 65 17 65 84 
74 39 30 95 35 13 36 83 30 34 46 91 58 67 8 34 50 48 27 69 41 27 96 55 85 43 51 60 91 58 9 14 88 12 36 54 43 29 28 91 54 27 63 25 58 8 82 93 99 88 91 67 38 64 28 60 14 17 99 45 10 36 39 34 64 37 47 64 88 88 95 22 59 60 6 80 46 3 50 35 0 48 25 2 15 29 75 79 55 32 97 19 26 72 16 58 4 62 27 73 87 76 10 23 93 20 61 17 86 67 52 17 46 82 83 6 16 40 26 40 11 12 63 9 71 54 75 44 81 66 79 99 39 12 26 13 33 93 98 81 68 86 31 32 59 33 53 38 53 73 8 32 77 86 3 88 6 61 11 21 25 18 74 98 70 6 50 45 15 13 50 59 61 88 77 0 80 70 53 23 71 24 69 26 94 41 24 97 49 84 19 29 9 39 55 24 65 52 97 7 27 32 20 33 25 95 87 20 14 87 83 80 23 12 34 51 91 44 23 1 89 2 63 42 40 63 45 68 58 98 10 50 70 12 100 74 84 18 61 31 92 81 41 48 20 21 63 16 21 57 88 13 86 48 35 18 40 10 46 81 37 83 32 57 29 79 16 39 55 5 61 51 44 71 4 78 66 7 54 53 96 40 86 55 76 37 60 51 90 6 34 95 6 80 73 26 5 75 94 71 
30 21 89 13 59 44 1 31 24 5 6 33 76 70 17 51 95 29 58 3 20 95 6 83 44 30 19 85 97 19 23 20 11 37 99 65 90 26 76 73 77 74 77 62 89 13 45 36 85 68 83 83 75 45 71 88 87 62 59 14 30 65 60 11 72 82 94 82 59 58 24 17 88 65 1 0 57 71 13 16 47 38 30 60 74 15 72 24 10 49 19 78 68 83 50 73 70 21 53 31 68 73 64 74 28 49 59 0 93 38 83 24 47 29 52 42 51 52 44 7 3 17 38 16 35 52 10 33 48 1 84 97 15 31 29 41 38 8 21 12 7 42 92 99 83 3 30 87 98 28 16 55 36 63 52 40 73 20 50 44 80 63 4 83 31 78 33 17 25 61 45 39 83 58 26 27 72 5 73 42 43 95 95 55 91 45 13 38 61 27 83 79 82 21 10 37 25 91 45 33 56 24 62 96 19 83 48 31 99 38 68 10 45 83 100 81 98 38 2 45 87 14 56 38 46 100 10 29 59 57 2 13 94 8 99 68 36 56 50 5 34 23 36 69 5 66 16 50 10 90 52 29 94 59 82 16 17 27 29 95 10 34 4 29 14 66 96 57 21 2 57 23 29 85 88 76 2 1 53 3 7 79 16 21 50 64 39 75 88 2 15 42 39 3 93 8 93 79 8 72 
3 62 81 69 51 98 96 68 16 82 9 9 38 48 64 58 83 62 34 13 51 44 64 8 99 87 14 5 37 47 65 65 76 30 10 16 22 2 66 21 26 76 1 54 100 89 85 77 48 32 53 87 46 98 2 35 50 28 2 65 77 51 46 68 23 70 65 13 10 2 45 2 98 67 65 51 50 23 81 93 66 63 38 23 23 87 18 86 84 44 53 22 25 2 90 90 33 85 75 51 38 11 47 53 70 71 66 46 14 92 6 2 9 64 24 3 24 71 83 93 66 84 26 88 35 16 7 71 10 56 62 6 77 47 62 21 29 42 18 39 27 48 42 11 72 25 19 11 8 98 1 99 9 49 17 29 36 99 3 26 69 19 39 1 47 62 45 11 75 100 1 2 37 59 75 75 52 21 53 32 15 15 47 42 25 47 63 19 12 32 99 60 5 61 27 93 6 37 61 85 62 91 10 92 61 3 23 25 15 20 9 4 48 58 11 52 61 10 5 26 19 25 46 80 12 99 94 55 28 39 22 87 15 69 11 88 45 53 94 0 2 47 21 49 48 79 79 60 71 58 18 93 58 24 98 41 78 46 2 20 56 47 4 64 84 27 86 43 48 31 34 50 88 64 60 57 11 31 29 49 37 44 40 13 31 69 31 88 21 63 41 5 99 57 9 70 85 87 48 51 
71 32 55 55 44 91 10 55 70 10 69 73 1 60 43 5 98 14 66 92 12 57 88 98 97 7 37 23 41 12 4 99 34 12 34 4 1 84 32 56 50 31 40 57 63 46 4 52 91 86 34 38 29 94 84 98 83 81 20 54 70 96 33 76 27 29 32 76 41 85 91 56 50 8 48 86 9 63 2 68 13 38 99 51 5 29 8 68 99 97 96 50 67 84 75 67 25 25 92 74 89 39 15 31 35 41 86 10 33 98 76 51 87 85 5 50 78 7 57 98 55 36 55 0 77 39 56 98 77 81 1 61 25 83 24 47 26 4 50 59 21 21 31 46 89 73 25 81 74 95 24 89 84 25 63 31 91 87 32 96 94 12 20 33 46 53 42 69 72 39 41 41 22 61 6 100 49 24 24 43 93 29 100 83 31 31 49 69 28 47 53 32 82 72 91 42 36 91 38 38 16 98 50 93 29 60 2 61 32 46 76 13 6 24 46 36 93 22 75 23 70 76 71 57 79 3 47 41 44 7 63 84 88 97 87 72 98 54 7 28 57 5 21 8 94 89 53 100 91 4 73 72 14 40 19 53 48 72 22 46 15 31 66 61 46 6 9 35 75 68 68 59 41 28 74 84 15 32 99 5 98 36 73 88 47 87 43 66 47 35 93 19 42 30 57 0 77 15 78 46 
88 62 15 71 6 92 83 48 26 40 87 33 83 22 59 63 6 62 74 28 58 71 30 63 35 80 82 9 52 69 38 99 99 6 9 98 29 9 39 64 89 52 11 12 21 17 69 82 9 29 33 77 74 4 55 37 61 43 1 19 90 16 63 49 95 94 2 26 39 20 100 54 95 69 84 58 20 88 33 70 16 76 14 16 81 50 84 100 44 57 96 45 66 43 75 57 29 2 86 3 70 80 60 97 6 5 67 89 2 34 77 12 67 65 60 73 60 6 54 9 20 30 56 89 100 56 56 69 9 88 52 7 68 52 28 84 34 86 91 99 1 74 1 52 60 17 59 8 19 40 24 90 5 33 23 91 90 71 7 24 73 3 43 24 20 97 12 12 9 16 67 82 3 40 26 48 85 64 40 82 19 77 50 32 39 21 81 12 26 5 30 77 17 53 30 63 8 6 1 57 3 12 55 11 6 21 41 56 60 84 65 23 38 67 13 68 35 98 67 51 71 22 40 41 94 6 61 67 91 97 5 61 37 54 59 74 10 72 6 17 92 51 56 57 18 28 45 7 17 97 44 98 40 18 48 84 56 61 31 98 91 5 67 27 37 59 84 39 46 10 56 55 67 44 52 28 19 52 91 73 16 100 74 74 1 5 67 76 69 83 91 3 51 73 30 100 25 7 67 5 
95 69 14 46 54 10 100 79 21 70 13 74 43 10 19 45 50 16 29 11 63 1 99 39 56 92 82 68 14 24 8 27 35 78 45 70 56 95 52 12 64 59 31 7 95 77 49 100 95 47 79 100 91 75 36 91 79 15 20 71 64 5 13 42 81 11 44 41 17 25 88 88 6 71 82 66 20 21 81 3 51 94 90 66 72 90 77 8 68 7 76 51 43 0 37 87 56 8 16 6 26 21 21 47 47 61 73 18 45 29 92 31 60 26 94 36 29 43 30 5 72 15 75 21 91 59 4 7 38 15 45 82 39 78 3 3 99 26 96 100 81 99 30 77 37 12 36 42 74 39 54 100 7 19 88 73 100 46 18 90 93 75 94 32 30 82 64 35 74 34 42 47 57 84 12 41 94 74 70 97 5 32 46 0 59 82 72 48 80 60 59 13 66 64 92 42 82 74 36 85 71 10 76 18 8 68 61 3 64 91 32 33 15 74 100 98 35 38 15 80 36 65 52 80 69 9 74 86 56 80 14 0 38 90 65 69 19 54 100 38 67 41 36 93 73 52 88 20 39 32 98 5 58 45 79 67 79 42 75 60 100 68 81 50 70 68 99 24 34 37 79 59 72 16 17 52 91 9 25 63 82 7 83 43 8 81 41 87 38 48 14 71 33 32 60 70 82 93 58 13 
25 71 5 73 10 83 13 32 62 62 45 34 62 16 0 76 62 73 16 42 19 44 57 6 24 51 66 25 70 39 45 70 93 72 55 67 48 80 7 94 36 51 77 33 29 50 63 11 16 3 47 83 38 44 81 86 56 18 38 38 61 97 91 76 51 85 70 74 9 6 40 97 31 6 51 0 69 27 57 29 84 51 56 17 65 76 7 27 17 24 58 60 41 82 58 99 41 20 65 67 42 78 10 0 38 81 2 36 52 83 38 11 21 29 43 76 86 15 40 35 85 13 2 80 87 97 22 18 51 75 47 83 92 94 31 94 23 13 68 9 80 90 68 72 100 31 62 47 60 56 17 51 78 13 34 37 41 65 88 94 95 71 68 25 13 52 91 43 44 23 14 41 19 39 14 98 100 25 86 20 29 38 74 18 15 82 78 43 84 69 13 72 65 22 72 29 88 58 10 82 96 91 41 83 74 75 52 23 92 34 63 1 38 31 52 27 47 88 75 53 39 92 98 56 45 45 96 88 75 16 79 67 48 43 0 76 49 51 27 7 43 6 14 81 15 96 76 16 9 59 15 69 16 66 56 66 86 86 30 79 4 33 9 43 92 26 53 4 78 70 26 89 88 18 8 53 89 54 37 77 74 54 78 27 0 74 17 86 60 87 71 1 50 36 8 10 68 35 98 19 
88 61 86 20 95 2 88 45 65 83 78 9 22 22 73 34 22 61 2 3 46 39 66 68 68 86 12 20 58 90 14 35 19 82 93 85 26 5 39 50 67 57 4 33 98 5 29 39 4 74 90 3 57 39 38 47 51 38 19 8 59 10 86 73 80 62 21 32 55 0 88 66 31 17 22 22 14 12 19 39 65 94 44 8 67 38 38 23 75 96 97 63 41 4 62 84 41 19 39 90 81 4 96 37 24 93 37 92 43 70 89 56 1 32 56 31 51 23 65 69 49 76 7 7 40 75 8 50 99 93 36 52 95 41 11 55 87 45 94 0 54 18 95 43 86 23 44 20 87 45 18 8 44 16 45 69 38 29 6 56 55 40 88 95 71 81 42 79 36 55 82 13 51 63 82 53 2 69 37 81 75 79 9 9 54 44 47 53 9 23 50 16 55 10 38 49 89 1 32 80 36 44 6 94 88 90 4 26 47 43 20 56 100 8 18 58 62 55 26 24 67 41 40 31 97 20 46 25 40 56 97 75 21 83 20 37 15 30 29 40 9 54 57 7 98 3 12 56 17 87 92 76 87 87 5 50 32 35 78 97 55 63 51 53 25 1 16 43 14 16 71 73 33 51 53 83 39 97 18 95 8 92 54 26 16 98 68 87 26 9 17 41 14 94 44 38 99 23 54 40 
7 35 61 51 57 22 6 25 38 42 6 82 72 17 63 63 8 18 48 6 83 88 62 13 93 62 29 10 72 99 29 85 38 40 24 82 3 87 49 37 83 70 50 31 95 51 33 90 44 18 35 69 74 32 19 19 14 54 89 99 70 25 61 16 72 34 40 58 69 11 75 83 53 71 11 31 44 17 19 95 18 96 79 62 19 98 59 49 87 50 70 40 4 50 82 99 63 79 52 99 95 3 57 70 73 70 55 48 65 39 31 53 64 94 47 40 100 92 46 60 40 3 82 0 41 45 63 78 38 14 23 92 14 95 88 63 75 58 42 75 88 29 100 46 11 63 21 8 94 97 70 60 32 72 17 80 96 3 71 35 51 96 11 72 22 18 81 70 67 90 14 35 9 78 97 52 96 66 54 75 82 77 9 56 14 47 98 28 100 1 97 8 92 35 21 80 84 35 8 72 57 19 23 82 49 90 93 94 96 54 6 9 65 58 80 41 99 48 3 56 78 33 96 79 21 91 59 45 27 69 20 77 16 67 77 52 74 89 74 70 7 66 48 62 87 0 31 5 76 61 0 0 54 52 85 60 25 20 39 13 76 31 12 21 46 66 64 71 16 71 75 21 91 10 38 82 31 37 53 79 89 73 3 16 17 62 92 71 28 57 53 79 83 24 37 46 26 15 51 51 
22 6 69 59 86 59 97 87 88 54 95 52 39 86 61 37 22 80 27 61 50 67 40 16 48 72 23 13 100 41 93 69 11 52 95 17 35 98 8 35 79 25 12 97 1 70 24 97 6 33 53 50 60 50 91 99 87 68 65 43 91 23 19 35 84 32 66 31 95 69 47 53 50 70 6 26 28 88 85 93 6 46 58 24 15 28 1 7 22 23 46 69 22 70 96 1 44 19 48 14 52 21 53 6 1 82 76 13 91 28 68 68 53 34 53 28 3 39 75 53 99 69 46 59 84 30 41 2 23 64 66 33 37 70 42 81 91 45 31 47 0 74 95 24 1 16 71 77 31 39 10 43 32 8 83 13 86 54 29 81 90 79 14 52 70 5 89 53 30 74 2 55 11 70 14 100 68 28 41 43 49 0 38 47 60 53 19 77 75 83 61 55 45 69 44 83 25 71 54 100 72 51 75 75 75 41 98 19 4 34 0 41 47 46 20 34 41 68 63 58 4 69 8 41 44 90 0 53 10 4 62 86 28 41 12 24 57 2 44 34 24 87 25 76 7 94 2 26 44 2 70 25 72 48 50 12 83 94 81 90 1 62 95 32 17 83 88 98 92 66 6 52 2 39 76 95 75 14 58 23 92 87 32 58 48 8 87 93 13 29 52 11 78 53 57 22 98 70 20 18 
50 44 96 4 78 56 35 74 34 95 44 36 2 15 43 42 32 45 68 47 66 67 10 3 91 3 93 68 29 84 2 69 49 67 45 96 3 8 85 76 62 38 77 67 26 16 5 77 12 52 67 46 26 1 96 31 0 10 35 46 71 39 90 33 32 2 31 6 34 78 72 10 6 83 94 69 69 1 7 92 23 59 8 11 92 63 94 9 42 2 71 86 24 76 94 36 89 48 61 10 47 6 77 76 22 18 47 21 38 50 53 82 30 63 70 82 95 7 36 72 60 23 29 49 1 38 58 36 97 96 91 6 68 85 61 2 2 17 99 79 23 76 98 63 14 54 61 83 40 71 18 31 16 89 73 21 67 11 33 85 93 7 10 41 99 37 27 24 5 4 61 18 52 92 1 75 10 97 98 97 1 57 87 19 58 88 52 71 51 35 78 19 86 25 11 59 93 34 62 41 1 41 34 47 81 83 29 28 88 99 100 86 54 93 100 96 6 74 21 24 36 63 10 81 4 50 95 96 83 38 68 73 43 78 71 97 59 26 41 1 7 21 31 35 74 55 76 6 80 98 62 16 51 71 37 94 77 47 16 45 70 9 42 51 88 4 28 98 71 20 34 77 86 45 32 66 43 73 56 75 11 60 9 94 91 45 83 64 0 70 46 15 13 88 88 79 50 87 39 85 
22 99 63 15 59 0 31 74 85 100 74 57 45 35 62 32 24 75 89 36 5 6 25 38 26 82 97 36 85 58 90 46 1 70 24 71 100 60 75 90 8 42 2 49 89 9 31 26 60 68 60 51 30 24 67 25 32 99 15 60 60 38 93 57 98 87 24 28 37 71 98 89 59 27 30 93 7 80 50 13 49 84 88 11 70 93 39 61 17 77 60 58 86 32 16 62 44 63 97 15 36 41 16 9 94 52 57 27 69 18 57 63 31 82 52 75 100 55 87 92 80 52 60 5 39 52 0 54 45 1 72 80 3 74 77 54 18 83 79 96 14 20 30 41 26 19 87 99 64 28 10 85 16 37 65 61 83 45 43 87 43 94 51 30 61 40 98 37 22 37 68 61 24 4 48 51 35 35 85 16 52 88 1 14 34 84 64 87 18 96 79 87 12 98 89 16 49 52 53 55 60 84 63 31 13 76 27 25 1 36 38 4 4 77 63 35 8 97 72 21 67 29 71 65 51 60 64 27 43 26 44 82 79 71 66 15 22 26 55 34 96 4 86 92 6 74 45 57 98 32 89 16 68 18 14 27 13 86 63 38 11 6 31 68 2 4 63 19 92 59 48 55 36 22 97 77 77 35 28 46 97 99 89 76 15 46 0 80 91 80 41 43 14 5 0 7 73 61 61 86 
18 37 95 99 42 21 8 73 48 18 65 43 69 50 11 55 91 87 36 15 28 7 83 86 61 58 90 51 2 75 2 4 2 83 71 89 52 41 96 42 23 68 77 9 91 44 19 16 6 9 39 7 4 49 34 67 71 46 86 48 25 8 91 50 98 95 48 42 78 53 15 51 93 73 74 78 70 47 4 86 78 34 44 35 25 94 87 85 84 95 41 40 18 6 87 64 14 88 22 31 1 13 17 7 44 83 54 28 41 46 3 3 42 82 48 77 56 3 68 11 97 34 84 65 33 48 10 2 73 28 50 11 94 7 53 100 56 73 51 63 28 74 45 82 43 15 52 85 68 95 94 51 78 18 23 12 100 69 60 30 97 43 59 75 35 71 82 71 1 12 92 83 29 73 66 19 30 20 74 20 52 48 49 25 40 27 34 4 58 12 63 98 25 69 64 58 76 65 75 33 13 92 30 29 23 48 17 76 68 72 87 4 22 81 95 70 51 99 84 98 22 92 60 72 93 10 48 0 45 50 19 86 80 69 40 1 9 32 86 22 5 7 74 99 39 80 75 4 95 35 54 81 96 39 28 82 55 24 40 96 69 7 34 69 22 93 95 45 52 87 46 79 25 54 65 36 40 32 39 34 58 7 34 2 70 19 15 39 32 3 33 11 93 71 15 98 40 63 33 71 
63 62 72 65 57 13 90 74 32 69 12 10 94 92 50 14 59 8 43 61 19 62 92 58 72 14 2 21 63 30 94 21 14 74 74 83 26 60 56 18 35 22 49 49 89 11 95 21 5 36 34 52 61 34 34 68 83 30 70 56 97 63 17 52 55 10 82 61 71 32 42 32 24 49 55 67 71 63 11 99 3 94 1 68 80 33 76 61 88 17 41 12 48 69 79 84 4 30 78 7 15 38 40 93 10 43 44 81 100 32 65 49 68 48 14 51 50 28 45 44 59 0 1 66 60 12 90 27 49 37 9 2 3 51 84 87 55 89 11 26 72 30 69 29 2 44 71 99 36 47 30 70 16 89 100 53 72 45 72 10 31 3 86 35 17 99 41 87 86 22 99 9 83 15 42 88 98 1 91 13 35 34 90 43 5 56 59 42 53 26 24 55 29 71 14 84 4 15 74 91 32 22 51 85 76 10 99 93 44 4 21 88 95 50 17 58 93 88 4 86 77 34 47 93 16 83 45 13 48 26 37 52 26 27 62 0 34 20 4 39 17 87 65 33 20 43 70 56 16 43 17 55 70 47 3 9 39 65 66 26 94 3 98 39 10 8 29 28 28 20 75 36 26 9 21 68 43 50 39 98 74 1 14 91 90 90 82 36 100 37 14 4 2 81 97 66 55 9 17 45 
7 9 63 9 59 24 70 93 31 98 16 19 93 64 60 76 6 92 88 7 62 61 14 32 69 82 31 2 8 14 86 32 21 3 31 38 14 60 22 35 49 83 1 22 41 80 65 34 55 100 92 100 53 90 4 97 51 27 64 73 93 43 91 27 41 99 71 60 0 88 56 8 99 55 15 79 3 99 28 61 9 36 78 32 25 72 55 23 86 1 57 100 82 27 8 67 9 16 11 16 90 54 5 25 15 49 85 19 50 64 91 26 65 84 91 60 59 80 92 95 31 1 31 2 72 42 46 16 48 82 30 55 23 57 31 83 16 47 77 39 97 89 1 81 57 7 54 18 19 66 54 38 18 50 80 99 80 61 47 71 14 42 76 30 38 0 35 56 21 12 50 98 84 39 9 72 34 6 63 93 42 75 78 80 81 97 56 53 71 90 82 48 22 62 48 27 52 98 66 57 16 40 62 90 60 4 66 34 79 30 37 26 75 54 28 99 86 70 33 87 16 6 52 83 30 32 28 96 68 15 6 70 19 43 13 72 35 48 94 54 47 7 61 37 38 7 95 67 56 58 39 32 33 38 83 46 81 79 83 50 78 97 67 68 45 17 25 0 87 48 17 9 28 29 37 64 85 23 36 15 76 72 78 83 43 4 26 13 83 38 76 19 66 2 9 41 83 75 27 21 
65 58 11 4 86 74 29 44 9 95 100 87 89 29 28 20 51 56 39 37 79 42 65 41 22 33 83 23 8 97 73 97 16 83 89 53 21 95 13 76 57 91 73 14 1 1 84 59 34 9 40 34 73 71 70 95 66 65 84 38 17 55 28 98 95 93 72 78 17 64 60 15 89 71 84 6 19 44 22 89 59 91 67 48 56 48 23 24 84 100 61 24 84 34 26 0 32 40 51 87 56 58 80 33 88 86 29 84 88 63 84 56 48 86 98 49 70 13 38 27 78 53 31 97 64 78 13 30 22 50 1 39 24 83 61 91 20 27 92 55 1 83 21 49 69 63 65 31 20 15 10 13 76 87 61 47 20 75 37 64 75 56 52 7 92 23 16 12 50 79 40 91 35 81 6 5 27 55 10 22 14 88 93 50 10 10 22 76 48 71 6 23 95 46 93 34 23 83 59 92 68 82 68 22 9 8 32 5 60 57 60 60 1 67 99 99 57 73 46 97 3 71 3 38 8 73 56 85 52 20 31 89 97 36 51 46 82 34 14 45 49 28 16 99 53 77 14 48 76 26 87 51 93 17 80 0 49 87 65 49 85 33 6 99 55 24 95 59 28 3 21 84 32 17 42 28 56 100 13 7 64 43 25 43 62 69 24 89 2 78 45 53 45 43 83 13 90 75 35 63 
52 88 67 58 13 22 77 9 3 58 63 37 23 47 2 32 35 85 43 81 53 96 27 72 75 72 100 10 86 89 42 55 29 26 45 6 6 62 45 33 10 51 38 45 74 91 82 76 95 66 40 55 40 77 5 9 31 12 87 83 32 80 49 17 79 63 57 96 24 3 81 26 41 57 98 61 88 91 96 66 77 43 37 80 11 72 53 87 9 84 88 31 18 26 60 30 73 0 92 69 34 81 44 25 29 98 96 7 55 59 82 38 85 79 14 84 35 21 27 99 66 0 68 34 8 13 65 16 29 18 57 11 21 82 41 1 26 50 62 70 9 19 30 93 9 97 66 41 97 39 100 57 85 68 17 64 19 61 69 89 30 16 25 77 11 49 60 36 5 35 97 41 62 77 41 7 1 64 36 92 15 57 20 41 32 82 96 99 89 72 41 92 20 41 54 93 99 42 25 15 66 83 31 73 43 29 26 3 70 34 69 59 48 41 12 49 6 18 85 11 45 78 91 3 30 89 70 23 93 84 18 31 8 80 67 40 29 42 87 17 59 43 90 28 73 33 40 35 90 96 45 79 35 56 58 7 16 39 60 77 24 25 86 12 6 72 84 22 6 1 30 72 23 47 19 90 45 52 67 23 55 39 99 12 11 84 79 13 0 41 95 58 50 58 15 9 27 96 26 28 
33 78 31 24 86 87 43 75 5 41 47 68 66 34 99 100 6 90 24 52 27 23 18 19 7 82 48 82 49 17 35 17 4 19 7 92 4 13 90 23 91 99 62 48 65 71 99 85 9 92 71 52 88 40 73 76 99 70 83 42 89 19 35 23 52 79 5 18 62 89 83 16 27 13 44 78 38 95 55 0 41 63 60 11 58 70 32 77 77 14 54 68 44 10 33 44 73 23 33 3 29 71 85 73 59 32 66 34 74 61 85 65 86 25 15 92 91 36 28 25 56 98 81 31 47 78 4 24 81 28 54 44 8 24 26 63 29 68 81 82 91 68 77 88 25 2 60 62 9 25 29 65 5 71 38 97 60 62 30 49 69 75 38 19 77 68 12 3 56 12 63 8 9 57 4 8 27 46 3 90 48 97 72 28 37 47 98 1 13 68 99 8 34 56 39 69 36 46 10 75 4 37 89 99 83 13 22 97 70 32 42 27 52 15 35 65 26 39 75 69 72 44 33 59 47 73 90 32 69 96 88 24 3 17 35 99 5 92 44 27 52 61 22 91 83 79 59 56 14 69 9 55 88 29 60 43 14 56 32 63 75 31 33 44 76 88 53 44 52 83 82 94 75 52 29 31 74 9 94 75 57 100 93 84 25 15 85 19 45 30 39 1 31 44 87 19 58 43 87 25 
35 44 24 19 93 33 30 75 32 9 69 75 70 83 32 33 34 73 20 5 42 42 65 21 4 84 74 15 37 76 17 13 69 18 19 58 17 14 74 2 12 22 85 16 78 97 59 25 97 43 83 98 76 92 18 98 31 59 75 34 58 12 61 38 37 3 99 62 54 82 79 19 90 3 35 0 22 25 78 84 19 62 35 7 82 98 67 56 54 97 74 92 66 13 47 86 69 92 86 24 53 70 65 71 74 2 80 77 62 48 88 22 15 90 61 46 32 98 35 85 75 64 42 42 13 67 49 35 57 73 43 25 8 16 91 27 60 86 91 69 46 42 10 5 88 17 86 7 61 53 14 2 78 44 45 33 5 73 77 43 78 17 85 97 36 61 13 88 4 40 66 79 38 54 30 100 74 74 63 76 37 73 23 80 30 92 29 35 9 13 55 72 55 23 15 30 61 96 9 51 48 13 88 76 37 44 98 95 2 22 42 47 22 71 87 18 47 98 25 11 64 50 31 98 14 23 56 85 6 5 66 56 42 32 70 54 9 68 94 26 45 10 22 82 87 62 17 29 94 30 11 40 25 29 22 84 57 28 4 4 29 72 46 44 28 11 62 69 34 56 76 26 41 100 83 17 39 44 81 10 83 13 54 57 64 100 66 34 55 8 5 54 18 14 94 39 50 81 22 85 
95 96 57 17 67 13 81 38 37 27 99 32 65 33 53 6 76 29 94 45 89 32 81 80 39 15 39 93 78 20 57 22 75 71 69 7 64 56 43 94 59 25 49 0 46 70 38 20 54 92 14 30 47 91 59 35 35 65 68 42 0 71 50 33 6 42 6 42 33 10 3 75 77 99 18 0 66 30 100 23 91 100 100 14 19 54 53 0 87 1 87 47 0 19 31 50 1 94 43 35 95 33 69 98 45 91 39 67 91 74 13 23 52 35 54 60 75 6 56 11 10 52 82 35 72 49 3 90 40 13 16 77 6 57 57 50 48 54 20 29 90 99 21 44 95 33 31 58 14 78 17 31 42 57 6 7 99 44 11 69 62 26 19 69 85 30 52 91 73 8 2 0 62 21 45 66 11 67 80 53 19 21 19 61 74 72 12 7 91 31 51 89 85 63 51 26 86 73 66 99 78 37 100 65 9 47 49 43 31 80 44 16 1 38 13 2 11 6 62 53 17 85 72 84 8 94 93 6 23 68 92 11 74 17 41 30 84 11 71 41 42 49 29 2 5 30 62 25 33 61 40 16 53 81 17 22 26 33 2 2 99 13 41 2 53 13 56 55 13 47 90 27 67 36 54 70 70 73 53 91 96 61 96 14 16 3 78 44 77 84 100 80 45 85 29 95 41 60 67 43 
75 83 85 71 13 13 96 48 61 92 45 39 91 53 13 67 65 27 23 29 67 91 79 13 54 80 27 49 48 0 76 66 71 17 57 41 31 28 69 95 12 20 46 47 95 41 30 45 1 5 70 93 80 84 92 33 31 55 30 36 53 46 42 96 42 44 6 8 96 100 26 12 75 82 89 82 69 22 53 91 30 10 26 0 55 6 84 34 9 81 99 79 49 27 74 1 42 41 23 38 89 11 84 89 29 66 100 66 80 82 54 83 90 30 38 42 14 94 48 20 26 92 45 73 95 87 94 95 18 13 47 80 24 54 11 68 4 95 81 91 97 0 100 74 50 58 41 16 73 8 8 59 30 30 67 31 1 33 5 22 78 100 12 18 97 26 22 44 34 41 34 26 31 32 61 17 79 91 43 12 5 74 39 47 79 60 65 90 6 6 71 23 96 24 21 85 25 85 43 72 24 3 83 87 30 6 47 57 95 42 28 87 47 91 6 95 87 63 81 31 28 45 52 79 17 16 69 22 83 27 0 73 80 32 77 40 27 77 3 72 26 59 89 6 86 41 46 23 89 54 16 8 86 47 40 62 55 31 13 28 62 10 88 33 48 67 3 86 89 19 38 30 91 17 81 32 80 30 87 61 79 83 25 77 79 66 2 5 53 42 43 42 67 39 47 92 37 8 8 19 
34 92 62 1 46 97 41 69 19 81 27 57 46 87 12 52 79 48 84 42 15 63 71 30 98 64 7 50 0 91 46 60 77 64 51 20 68 54 30 22 86 13 80 89 68 49 82 85 72 39 2 19 5 41 43 47 44 4 46 27 51 79 62 82 83 42 84 17 25 98 21 77 58 47 16 42 41 23 73 71 48 95 51 58 81 1 90 99 43 12 19 38 95 64 70 41 96 94 83 13 35 92 95 7 53 73 39 18 52 75 87 48 41 32 72 83 97 10 92 3 57 11 93 91 96 20 95 96 48 5 78 14 27 96 36 32 75 6 77 1 41 63 59 49 33 93 30 94 46 68 4 20 96 20 34 98 29 49 23 34 68 24 30 98 95 72 7 59 75 15 36 17 82 54 83 91 29 52 33 52 14 69 78 64 93 95 47 40 55 57 64 55 77 24 59 32 49 38 48 46 65 74 72 7 46 53 58 55 9 34 80 18 46 73 31 18 58 82 49 12 54 80 56 8 26 40 39 66 97 82 23 40 59 80 44 2 42 70 96 61 30 82 63 64 94 3 35 54 56 15 26 71 24 23 95 89 9 99 95 83 15 51 15 84 11 81 28 69 4 84 78 72 64 92 97 42 71 98 23 84 9 52 95 22 1 43 90 22 99 27 25 44 59 99 11 93 100 30 64 75 
44 33 56 31 49 42 2 48 63 74 4 76 99 85 46 73 77 20 77 81 87 13 58 51 82 54 80 5 64 54 64 9 57 88 100 59 71 66 37 16 84 82 79 43 30 80 39 39 97 40 69 59 60 24 62 48 33 68 79 86 82 57 83 77 57 60 74 47 42 47 75 81 37 73 73 46 26 29 7 15 98 30 57 86 22 64 28 42 29 17 96 52 7 12 98 69 89 62 79 67 38 23 10 38 90 31 42 30 23 21 42 70 56 16 97 48 25 30 8 30 100 95 48 91 65 17 50 42 20 40 94 70 83 88 54 4 67 15 51 51 37 38 51 30 69 11 41 59 54 6 0 45 40 58 83 12 15 99 28 12 67 87 83 57 6 93 33 22 44 0 49 59 12 41 27 81 53 94 49 68 79 78 87 3 50 57 83 80 88 91 59 17 83 12 38 69 57 81 31 4 3 98 70 53 69 81 21 50 34 35 45 87 40 57 5 35 76 98 19 98 96 34 24 12 37 58 24 96 67 58 44 71 86 92 15 76 67 35 41 57 10 78 22 42 7 46 49 50 50 62 45 6 26 52 63 37 61 75 58 6 99 28 84 39 52 42 41 66 68 29 15 44 15 46 50 7 84 68 81 85 36 14 97 11 60 61 54 87 6 3 34 64 43 8 45 28 1 45 100 49 
28 1 87 38 76 83 9 39 70 90 68 84 74 66 0 62 2 7 35 72 32 91 83 12 64 50 20 97 99 54 90 22 16 21 84 82 36 73 78 22 31 50 11 50 48 95 89 84 0 51 56 66 29 96 84 97 45 30 59 77 66 93 74 75 66 20 43 91 68 31 29 39 43 15 37 11 11 88 87 95 89 50 90 11 53 99 99 66 70 6 29 89 98 11 99 16 49 66 52 87 14 28 53 61 46 94 40 45 97 62 5 27 26 33 17 52 95 72 81 79 4 97 91 40 75 71 96 100 49 81 76 83 80 43 76 10 4 35 85 23 51 55 55 95 67 44 55 4 76 55 24 15 5 64 99 23 37 88 83 47 67 54 11 92 34 62 21 96 94 27 18 15 71 7 13 54 46 40 60 64 29 80 86 68 76 38 73 17 50 0 8 99 40 9 55 84 38 4 92 2 44 11 44 26 59 87 45 30 7 65 24 43 29 52 51 59 95 64 37 6 34 20 49 88 19 0 43 22 64 33 68 96 57 76 15 49 37 6 32 94 100 32 81 23 28 35 31 12 54 66 29 28 40 77 32 44 33 11 43 62 48 91 43 29 3 62 60 85 4 41 56 97 31 24 75 34 71 92 82 20 79 46 80 100 41 30 4 48 18 38 82 38 86 19 35 65 79 48 24 30 
26 72 16 96 42 10 61 16 98 68 42 20 42 18 46 41 93 65 17 26 36 71 74 70 91 93 63 61 78 72 6 53 45 87 71 53 61 5 6 41 62 42 13 66 55 56 66 45 0 41 49 26 69 93 94 38 16 80 47 73 7 86 32 74 36 81 100 9 52 68 10 48 5 86 93 56 28 66 17 49 87 62 50 35 91 6 61 74 11 65 80 98 62 52 83 32 86 38 36 21 99 64 86 28 80 72 11 51 39 62 51 13 29 99 88 26 97 2 39 3 80 7 66 42 100 50 68 24 84 15 88 60 55 54 52 69 80 73 99 47 23 25 94 9 75 91 65 95 84 75 73 20 93 14 78 26 17 70 37 28 99 68 68 3 86 45 35 79 80 66 27 16 98 95 59 32 100 82 49 60 14 63 79 27 29 68 46 49 17 64 84 91 12 79 66 95 36 56 38 34 100 66 65 6 94 34 2 20 19 51 32 29 69 2 22 73 79 70 59 60 20 91 17 47 3 83 24 4 76 30 81 74 3 97 71 43 15 38 64 69 21 80 44 11 89 58 16 41 49 74 76 16 4 94 15 52 24 3 59 38 56 58 31 93 63 23 47 15 82 94 43 52 58 28 62 63 54 12 44 81 43 17 72 69 41 11 11 43 48 61 21 98 8 68 19 7 41 19 93 82 
45 9 82 79 95 64 72 74 70 37 34 56 88 76 86 83 70 42 83 28 51 36 52 21 88 65 63 50 0 91 9 90 62 32 97 25 45 99 77 41 29 73 95 52 75 10 44 89 82 26 29 95 83 18 77 60 88 40 77 100 24 20 63 64 94 2 13 89 35 40 44 65 21 45 81 47 34 59 36 71 16 0 98 53 63 82 87 3 1 41 99 53 41 17 22 84 46 18 6 43 98 58 16 25 39 99 93 12 32 75 14 43 19 70 87 88 99 93 23 19 97 23 81 92 9 27 50 22 2 63 24 23 36 68 50 36 57 32 45 61 28 63 78 96 23 52 54 50 71 78 65 54 40 21 37 80 84 24 42 88 76 6 72 84 28 91 86 51 54 59 42 11 42 67 22 74 34 63 41 1 85 86 60 44 90 65 82 50 2 74 65 44 22 38 43 49 18 1 22 34 16 73 44 11 64 67 10 38 75 1 80 71 82 16 3 96 4 97 26 70 72 31 46 22 80 40 41 28 86 79 86 60 13 52 65 99 23 58 47 96 23 48 53 90 60 33 92 25 3 0 60 46 79 30 39 5 100 6 51 45 62 80 99 42 26 49 50 6 27 86 82 14 83 78 33 94 76 46 52 64 22 69 46 81 72 7 77 62 83 59 100 21 38 68 29 66 77 39 96 44 
95 39 78 60 57 12 50 86 35 11 0 11 40 20 17 38 8 77 100 44 5 5 21 43 67 41 20 50 79 61 11 6 48 13 100 51 75 45 31 65 5 62 90 14 5 11 65 18 58 61 100 9 68 10 93 88 58 54 8 50 33 85 97 97 4 60 15 15 2 49 79 1 94 77 83 76 9 97 55 49 69 88 91 92 46 59 4 50 32 46 46 65 6 77 94 6 67 74 9 7 86 97 16 18 50 6 90 6 63 34 12 9 83 36 20 33 84 21 42 57 17 37 76 77 25 98 17 6 31 46 7 28 97 14 23 100 45 78 78 83 2 86 15 1 76 91 39 49 48 61 42 92 79 11 87 1 57 68 75 30 98 45 41 63 73 3 73 55 83 94 89 15 54 97 72 7 42 15 13 63 59 48 58 7 40 63 51 70 71 32 35 86 61 51 48 90 85 75 77 60 90 13 17 69 29 89 71 83 35 84 28 50 40 22 60 86 68 4 80 42 18 95 11 5 64 14 93 47 24 22 47 74 53 44 12 93 46 76 60 43 80 68 97 53 10 27 53 91 1 75 15 11 33 78 92 23 33 97 20 1 28 63 24 20 66 67 52 86 74 35 19 5 2 91 3 85 97 69 60 72 93 1 33 69 82 79 0 8 64 47 59 71 62 69 58 48 68 71 85 82 
94 35 44 44 92 51 96 52 27 13 4 89 80 5 72 74 16 47 84 9 54 75 74 90 0 43 13 59 28 1 60 78 72 100 52 25 48 47 64 35 36 94 52 21 73 96 66 17 48 6 49 0 60 4 62 36 33 82 50 70 30 25 43 100 10 21 66 67 30 37 28 31 79 82 85 64 20 80 11 22 60 52 16 77 59 16 68 58 1 18 48 47 76 94 12 27 42 37 84 93 54 54 99 41 10 69 10 26 51 85 63 89 91 76 40 25 24 9 52 52 92 57 45 32 79 12 47 39 5 29 52 11 58 75 72 55 1 88 62 31 87 42 43 96 95 97 78 98 38 16 30 96 54 5 49 86 79 36 28 71 46 1 86 100 91 63 32 53 13 66 22 81 28 100 41 62 7 58 34 71 45 19 47 10 83 3 34 65 46 59 2 57 23 10 77 5 29 17 52 15 52 59 61 4 25 40 8 55 67 21 69 47 37 74 10 58 91 25 27 35 22 71 39 42 47 73 17 86 27 37 86 78 86 5 43 49 41 65 32 46 15 26 60 12 79 28 74 51 29 92 47 4 98 66 96 78 18 44 44 15 28 33 8 53 71 97 84 64 60 15 37 13 76 39 49 31 16 96 88 15 76 83 20 27 48 51 17 0 91 72 74 48 23 67 23 42 79 72 16 12 
31 89 51 19 6 97 67 74 83 86 57 40 73 9 52 97 50 14 86 65 97 81 39 51 9 79 76 54 80 39 36 3 4 14 15 51 68 72 58 67 9 77 23 24 57 82 92 4 62 90 7 53 40 15 100 4 15 32 29 26 70 65 69 8 39 61 65 14 5 72 18 81 21 64 28 33 61 57 26 49 5 25 31 8 8 98 60 46 87 70 90 96 31 93 60 91 25 28 68 79 79 14 39 82 9 46 7 24 58 37 52 65 31 31 79 60 96 12 87 72 24 95 16 20 63 2 12 75 9 73 42 34 17 42 43 81 99 41 32 22 82 58 55 21 82 7 71 59 31 52 23 91 46 57 21 62 100 40 26 41 48 72 13 46 89 1 13 75 78 49 55 75 82 35 68 51 13 55 44 79 97 2 62 94 61 11 83 81 43 66 41 44 6 50 6 16 81 12 50 79 99 68 8 93 2 100 45 41 73 98 90 7 79 85 61 11 62 81 80 19 22 68 91 62 66 31 40 29 47 83 28 67 33 71 49 40 99 49 92 30 55 11 24 21 46 93 40 74 12 89 31 8 31 92 25 22 8 24 81 53 88 69 44 17 22 67 70 40 84 42 86 97 6 96 24 44 80 11 6 18 45 5 4 85 46 80 75 2 92 84 32 97 1 65 49 9 42 23 17 53 
32 69 94 27 79 76 57 61 66 86 23 40 47 36 20 96 90 51 25 6 34 86 87 54 26 21 41 97 37 26 57 35 6 71 29 97 14 37 37 22 96 5 61 14 4 60 85 49 10 14 82 66 43 53 17 30 80 44 33 22 57 92 23 15 59 49 89 41 67 62 21 22 49 48 96 71 21 48 42 43 96 2 38 16 12 72 73 9 49 66 87 78 59 10 23 39 25 46 33 26 63 35 88 60 42 42 81 39 45 70 42 14 88 62 36 22 62 37 91 72 21 78 44 21 60 19 41 71 95 18 13 89 24 14 36 82 12 83 57 68 18 96 2 55 93 97 98 34 77 49 16 63 52 24 72 66 94 100 33 61 47 63 68 1 81 16 35 69 61 40 99 51 59 98 80 27 37 77 39 23 78 97 35 20 26 31 14 8 8 58 23 26 38 83 1 12 95 21 54 40 89 63 54 71 80 39 82 23 87 0 73 85 57 70 88 59 72 36 43 15 62 88 42 51 39 100 44 89 66 25 32 58 92 67 90 19 30 37 48 89 64 16 52 91 95 28 57 63 12 53 61 51 79 42 7 24 99 0 79 8 40 66 37 20 3 43 52 18 16 97 47 31 27 55 67 87 11 97 78 43 53 6 11 92 25 47 53 99 82 82 78 18 0 61 6 95 87 45 93 13 
32 8 10 88 0 80 57 74 79 42 46 34 4 80 4 91 80 61 46 73 57 33 36 40 78 14 33 65 68 7 27 89 43 6 28 22 32 82 44 39 12 84 47 73 13 64 11 85 87 29 68 92 59 47 73 3 72 60 13 3 39 37 59 8 48 77 33 39 2 61 72 61 50 65 10 97 35 91 99 92 8 33 6 3 33 45 4 0 76 0 56 99 15 85 61 0 59 33 25 37 30 36 80 36 80 57 33 39 4 87 98 50 31 62 81 10 62 40 12 38 43 96 19 66 46 2 35 92 35 18 31 9 32 43 28 40 85 86 50 63 35 22 79 63 24 84 61 83 92 56 53 15 52 11 68 80 98 10 46 86 28 13 92 70 11 91 92 40 12 72 84 100 68 36 57 41 12 34 13 49 70 4 38 82 97 88 11 22 92 67 1 42 21 98 23 20 93 47 85 57 76 6 44 16 98 59 70 84 97 45 71 25 0 91 28 54 63 0 16 63 61 60 26 34 69 93 67 4 83 30 21 55 43 93 97 34 12 13 49 92 71 61 44 7 33 69 58 22 47 7 41 14 84 1 60 19 89 63 58 13 70 89 49 37 70 42 33 57 0 63 34 87 73 3 8 73 64 39 23 9 35 67 26 79 95 67 18 77 10 75 58 67 60 59 1 6 57 9 35 80 
9 38 94 69 82 44 77 89 37 10 73 22 42 89 71 21 100 64 0 42 72 58 77 99 3 91 65 67 73 52 84 50 31 32 54 71 80 18 53 62 67 18 90 74 60 41 59 10 90 45 69 11 49 82 45 60 54 3 1 76 87 91 93 99 45 21 89 9 25 32 85 14 43 53 9 58 25 73 23 32 28 89 12 99 31 72 79 3 65 61 39 94 91 28 43 70 73 25 0 46 35 51 19 2 7 18 92 12 8 89 47 30 20 27 80 56 14 53 69 65 74 25 33 80 3 56 12 43 18 87 23 75 17 56 30 7 69 60 76 35 80 27 50 61 59 18 93 88 64 96 31 21 99 62 43 42 84 4 14 52 15 21 3 96 17 34 57 99 42 63 6 18 78 31 97 26 67 71 10 1 1 21 46 96 11 50 90 6 24 35 84 51 85 86 45 54 90 83 11 89 8 13 7 98 28 3 81 88 35 51 66 10 10 19 26 82 31 52 51 3 26 39 43 4 100 36 66 39 56 67 59 66 39 25 57 45 66 0 2 47 8 63 96 25 31 72 26 81 61 90 58 74 78 69 56 89 71 11 3 91 92 28 74 5 89 13 97 83 90 49 5 22 82 25 23 75 34 63 18 42 35 59 51 7 73 1 98 22 48 73 80 89 76 8 32 43 22 1 36 46 
24 92 9 80 76 41 58 100 31 16 70 87 12 49 36 73 74 81 85 84 67 70 29 74 47 14 43 24 56 91 81 82 83 31 80 32 98 13 19 55 35 91 14 14 62 86 40 84 77 27 52 69 68 39 29 50 72 49 21 33 97 89 32 0 2 53 96 55 55 11 47 37 94 68 58 37 5 84 73 84 82 74 25 48 87 27 88 68 51 37 42 44 46 37 91 59 88 88 53 44 92 17 83 85 52 49 57 21 22 21 42 92 99 37 8 86 9 21 54 46 100 41 52 98 43 9 94 62 33 60 26 15 28 87 57 10 77 20 70 29 79 62 95 91 55 87 44 92 19 55 93 28 20 4 0 21 23 54 22 10 65 54 66 32 94 0 78 9 7 74 63 63 91 0 80 83 93 42 96 27 8 28 8 94 51 5 87 86 63 5 14 8 63 41 55 99 75 98 29 95 22 83 82 24 42 44 33 82 97 48 89 57 7 59 54 39 38 1 22 75 7 70 52 75 31 84 37 70 2 5 99 70 30 46 13 36 10 75 44 90 15 31 85 10 19 100 83 65 24 32 19 14 59 64 88 42 52 66 99 83 18 68 53 4 96 31 73 15 27 0 81 2 0 44 82 34 8 38 27 21 91 2 97 57 1 21 75 72 31 48 50 80 48 72 26 74 81 34 75 35 
24 100 92 87 80 22 99 54 74 10 65 56 34 37 61 97 72 9 63 13 28 64 18 90 20 26 60 21 19 56 9 18 61 31 21 85 63 84 45 36 56 63 92 85 68 4 72 62 91 100 18 9 21 39 70 87 87 92 58 40 49 30 75 31 89 76 78 56 22 9 16 69 88 79 73 46 69 48 10 19 68 11 16 49 8 70 27 6 42 6 97 6 28 61 7 15 44 19 49 53 68 76 15 12 91 69 62 31 76 8 98 65 5 44 72 48 60 5 56 89 80 88 37 91 69 99 82 90 96 90 98 90 62 87 75 92 37 75 60 96 50 69 1 43 4 44 33 56 24 62 44 80 44 100 81 99 85 50 32 48 61 36 49 12 44 10 7 96 33 52 34 81 71 5 82 74 11 93 11 0 72 0 22 77 8 89 56 76 32 47 44 65 75 67 19 67 89 79 38 43 80 38 98 6 91 39 59 95 89 63 20 95 69 47 65 82 2 79 25 20 47 80 27 2 70 3 97 96 55 63 14 89 69 72 5 88 82 17 87 94 8 40 55 47 56 61 47 1 31 55 22 74 63 95 13 34 55 9 29 32 43 5 10 50 89 7 30 84 64 38 68 74 10 73 43 80 85 27 28 47 86 30 68 71 61 20 64 79 57 95 27 2 38 51 85 100 39 46 93 6 
85 74 94 5 42 62 93 14 39 56 68 61 13 45 13 17 3 21 75 79 66 27 48 68 91 76 14 95 36 40 70 0 73 32 31 23 72 46 38 70 76 65 21 57 37 59 34 43 46 22 29 85 0 48 39 31 54 78 100 52 48 31 68 80 41 83 53 0 51 69 99 61 74 30 92 61 10 61 32 44 95 65 66 66 53 88 70 51 17 35 11 89 47 89 17 54 80 28 80 89 6 80 40 99 36 56 37 21 16 15 28 69 79 20 45 0 17 25 40 4 17 32 44 27 26 44 63 79 24 74 35 72 62 48 68 15 55 26 77 12 99 85 14 34 53 61 47 99 80 27 68 20 99 19 42 20 50 86 93 28 9 62 42 39 43 46 45 30 97 17 85 1 64 48 87 32 65 34 17 3 95 27 33 40 89 59 47 27 73 9 82 86 97 32 47 39 62 97 30 12 86 66 28 5 33 78 14 71 40 33 50 64 19 49 54 9 52 6 63 66 17 86 77 95 81 80 14 19 71 41 90 2 99 46 27 2 99 7 11 4 13 86 70 41 62 25 67 57 17 58 51 45 29 19 62 2 48 70 77 58 44 62 9 56 10 60 27 72 83 8 17 22 71 44 69 15 9 47 88 55 23 6 23 14 82 76 14 83 74 74 83 38 46 51 3 88 76 11 20 36 
34 42 78 8 32 66 23 93 39 85 44 58 17 14 97 93 58 32 61 43 17 9 76 77 73 20 49 23 45 57 49 24 23 4 15 32 93 44 62 99 99 82 25 59 73 56 36 1 24 47 16 15 62 65 95 35 4 52 90 52 40 83 91 3 42 12 51 68 20 34 35 1 0 12 76 36 42 73 39 88 52 9 51 15 89 5 84 30 20 48 72 73 97 46 26 20 14 24 46 4 97 62 18 49 49 24 61 15 85 5 97 53 93 90 3 73 4 49 88 11 41 95 60 44 91 41 27 73 34 26 8 77 19 84 26 55 7 2 60 46 59 52 76 64 92 37 3 9 41 96 31 64 51 76 99 92 36 73 85 41 94 7 36 8 22 15 51 97 69 30 63 48 19 36 91 44 44 64 79 81 72 99 77 75 91 67 28 18 97 60 79 36 15 88 29 0 87 56 68 75 96 61 92 68 24 91 33 32 98 2 96 6 86 7 33 67 26 55 35 22 41 86 57 27 97 54 98 26 94 8 44 88 59 80 62 96 40 70 96 15 36 56 17 75 61 74 76 13 94 1 32 22 37 44 45 54 28 81 87 99 19 2 96 34 76 38 93 30 15 91 30 85 93 38 97 46 0 51 17 100 0 27 97 63 29 39 90 4 43 5 98 25 53 60 1 88 87 12 77 32 
33 63 36 24 14 81 78 85 32 75 39 92 66 39 5 48 80 26 58 98 68 10 66 45 23 59 12 22 91 59 41 91 6 41 71 95 47 43 24 34 54 61 89 6 27 78 100 10 31 35 42 27 97 3 5 50 10 31 75 46 64 6 83 52 59 2 28 91 57 41 9 1 91 25 63 83 93 90 22 85 77 94 23 28 76 57 47 42 23 81 9 64 39 95 84 94 54 68 4 40 24 78 37 40 93 35 29 32 61 74 63 44 67 16 63 40 38 21 31 6 90 90 28 80 47 81 39 23 31 92 94 74 63 81 40 99 85 12 27 44 74 17 54 90 48 36 34 6 9 22 39 71 39 67 64 17 74 5 48 94 25 85 59 11 65 56 24 83 89 54 21 82 53 94 18 19 97 70 91 34 74 10 95 19 56 14 33 38 99 93 54 70 3 53 72 7 83 70 91 90 75 65 10 78 22 72 5 25 1 24 67 25 29 73 34 81 99 72 5 18 2 17 92 59 8 90 98 10 68 47 63 79 74 0 55 18 51 12 43 20 54 58 89 19 88 8 92 99 21 80 81 66 97 92 23 22 38 91 57 2 47 3 82 6 79 55 93 6 16 73 63 22 94 43 77 29 11 55 48 98 30 15 85 39 87 65 92 9 8 50 83 65 43 56 53 30 49 71 74 96 
37 70 91 42 57 43 55 15 90 48 41 21 19 27 15 44 38 84 50 31 49 32 26 98 65 59 39 17 50 19 41 51 63 51 22 85 60 56 83 83 64 67 80 21 53 52 68 59 42 77 99 64 75 90 67 98 47 28 10 96 9 59 62 95 66 25 80 69 39 34 24 5 22 52 69 31 95 2 34 11 34 56 63 73 50 83 52 3 100 18 19 60 49 28 3 66 63 67 30 96 32 94 73 74 60 19 10 72 17 4 46 90 50 34 81 43 65 59 88 84 77 25 83 31 100 12 54 6 90 66 10 88 100 73 83 91 76 48 67 93 52 35 61 68 65 70 68 72 95 59 2 25 56 52 17 95 36 49 29 45 7 55 87 8 24 58 30 52 28 59 26 44 40 32 9 90 60 9 53 39 11 63 10 48 76 4 91 44 24 28 68 99 28 74 2 67 12 35 38 87 85 33 53 73 94 5 93 99 54 81 32 94 34 73 42 88 80 61 57 48 2 66 59 59 24 39 79 100 76 93 18 67 82 17 22 49 4 84 83 20 28 23 72 1 14 50 67 71 0 39 36 44 8 61 88 25 55 75 85 35 54 21 98 81 52 38 46 7 64 7 94 39 97 89 93 14 55 87 29 81 12 38 42 91 20 75 35 56 74 9 14 18 92 39 6 44 36 42 46 16 
79 38 74 61 43 41 0 1 66 33 66 67 82 30 88 6 65 89 59 51 38 73 34 13 9 8 64 60 42 68 75 68 21 53 85 8 70 79 6 67 44 35 84 1 58 58 57 66 100 22 54 1 7 15 53 94 97 34 83 78 31 90 37 34 80 44 32 11 8 9 76 65 13 31 52 32 23 98 85 47 79 40 78 32 8 11 82 24 24 96 28 68 27 13 30 100 24 22 25 16 23 82 43 44 55 44 50 99 52 86 53 88 93 54 70 22 12 65 17 100 21 37 37 84 90 58 25 1 41 51 62 51 39 10 11 35 55 18 59 86 48 100 18 89 30 21 63 61 95 32 41 14 31 17 31 10 61 14 1 21 91 69 18 70 51 85 82 24 96 79 2 10 90 18 92 22 6 69 5 75 25 35 5 32 3 88 30 85 53 67 84 28 36 92 56 40 24 2 8 95 5 8 41 51 19 5 70 41 83 86 99 59 5 13 35 68 42 88 70 91 90 76 13 98 75 9 90 28 82 70 68 13 70 25 64 68 55 4 54 44 37 12 63 67 18 85 44 66 40 74 91 32 99 58 5 30 58 68 3 78 13 87 23 89 78 49 86 42 63 57 66 71 53 62 2 96 81 46 16 86 77 7 70 53 0 15 65 37 56 87 91 41 23 81 56 91 34 51 10 43 
5 64 55 78 50 85 65 29 33 78 2 2 69 4 73 47 28 64 47 63 25 59 69 1 38 8 14 14 84 39 77 67 49 83 60 17 57 32 91 96 4 22 87 96 0 54 74 31 24 62 80 59 11 42 84 12 28 93 46 24 29 79 26 95 39 54 22 40 4 22 42 92 8 76 30 57 25 96 64 33 91 63 57 75 4 51 85 36 15 80 46 47 11 35 33 14 74 75 39 82 6 80 78 95 82 50 23 3 90 17 72 23 27 29 40 21 60 19 43 61 84 97 87 50 99 58 30 91 49 50 85 6 20 49 91 63 2 32 82 77 71 15 34 73 79 90 39 52 37 63 36 72 85 54 72 10 10 57 64 68 74 70 17 59 88 8 56 76 11 80 21 92 23 0 89 70 5 35 77 99 59 66 0 25 97 19 92 69 35 31 52 64 0 41 38 64 66 87 80 89 96 51 62 69 38 55 41 34 57 98 73 2 25 25 95 18 30 92 56 90 68 79 29 41 65 41 68 81 57 11 64 67 77 6 23 90 81 65 1 24 6 3 11 77 90 65 50 6 59 44 1 57 3 98 14 14 72 93 7 72 12 16 99 11 23 27 8 61 75 23 52 5 56 48 71 54 81 60 40 73 72 43 72 6 28 9 16 78 10 50 90 71 7 43 83 46 50 74 77 50 
18 29 32 54 17 38 16 26 28 97 87 47 45 45 18 18 58 38 73 13 80 39 63 45 48 51 89 41 68 6 49 63 21 51 47 78 45 96 42 65 17 14 68 46 35 9 59 58 82 98 95 12 2 76 0 67 16 36 38 75 4 58 91 89 96 86 84 48 14 100 12 91 75 44 54 78 34 95 61 28 22 14 19 96 41 67 5 89 75 6 23 33 31 60 87 30 43 85 44 44 72 62 81 55 49 89 82 86 63 72 30 20 79 61 98 36 33 52 42 34 81 48 53 59 55 63 85 6 43 100 21 100 15 91 53 100 49 1 22 18 3 3 93 67 86 78 41 39 20 54 65 86 46 28 19 70 100 26 30 29 75 49 94 26 73 86 44 73 3 14 35 52 35 16 79 58 35 23 48 5 49 61 64 27 46 18 17 18 87 73 100 46 46 85 100 66 38 71 58 53 97 17 40 41 42 100 18 26 58 49 96 28 9 56 95 87 18 10 75 12 94 10 26 87 99 34 60 33 40 86 3 28 39 100 24 94 28 79 58 66 63 21 82 22 68 33 33 28 97 80 45 83 19 70 27 68 64 24 14 76 65 99 74 89 77 52 0 31 55 93 69 78 73 59 36 79 65 57 64 84 94 71 26 53 3 88 7 62 5 47 44 73 67 93 33 16 93 72 92 73 
65 28 75 76 49 37 30 27 42 39 19 60 43 17 67 60 74 47 38 1 2 22 51 15 1 79 92 52 61 58 19 91 39 64 99 81 7 39 75 17 70 69 29 5 23 36 88 43 65 68 52 19 93 52 37 53 53 71 62 0 14 80 96 36 76 14 83 60 99 98 16 33 68 66 60 72 13 29 98 92 40 59 59 10 98 7 70 85 84 46 14 66 100 55 40 45 12 77 51 17 74 49 39 81 54 94 51 47 50 17 15 5 42 18 69 52 31 82 46 94 11 58 16 84 72 62 49 84 73 89 48 18 38 75 30 63 39 32 12 79 93 42 61 47 77 29 18 86 58 22 62 84 22 33 80 97 19 34 79 36 63 26 85 83 9 91 93 43 31 60 4 32 88 56 70 89 53 48 87 36 70 20 19 11 51 66 26 74 59 57 45 77 22 59 98 88 98 63 8 37 72 40 32 68 5 37 7 42 73 6 90 77 71 69 43 30 66 38 56 65 57 19 85 32 62 22 31 61 63 54 64 21 10 65 40 42 64 34 34 17 73 22 70 84 77 29 69 93 3 82 63 71 49 21 34 55 73 21 41 58 0 56 22 88 26 17 17 34 6 53 46 1 17 41 43 89 51 74 14 42 14 4 96 36 42 58 69 56 46 49 65 40 76 27 28 1 21 77 8 19 
86 98 38 27 5 52 87 69 26 48 54 99 65 99 31 6 36 54 24 93 57 31 58 82 9 99 22 74 66 11 32 94 45 17 22 13 88 19 98 15 4 92 48 41 49 55 54 56 100 51 2 36 54 48 36 69 62 30 38 29 63 3 85 87 67 49 57 87 54 5 52 49 80 65 32 27 6 32 52 89 0 65 2 94 50 89 25 22 35 35 59 3 41 5 8 27 99 49 20 64 53 98 26 67 94 61 99 57 39 79 73 89 1 10 35 10 50 58 57 87 57 20 43 34 0 88 31 59 62 1 38 13 57 72 4 50 74 88 67 99 75 30 77 58 69 92 38 30 1 89 27 76 53 100 18 62 56 81 92 36 50 72 78 92 89 36 31 53 85 65 47 61 82 95 39 81 4 64 15 73 98 8 24 85 43 42 95 65 69 40 9 3 92 90 66 92 38 27 70 38 56 38 41 72 35 18 92 90 92 45 91 15 43 2 35 25 58 34 66 61 15 54 86 4 63 56 25 35 44 4 1 67 23 98 16 74 37 23 49 59 62 36 82 68 59 92 79 32 48 80 92 9 76 38 39 73 30 73 86 73 62 71 83 12 7 60 23 35 48 91 25 98 33 56 31 20 2 75 71 100 9 99 53 66 91 29 33 65 78 1 68 50 97 83 0 58 16 84 80 29 
26 89 28 10 57 97 53 58 43 43 28 58 82 63 15 69 42 52 2 66 83 52 17 64 66 6 46 97 71 74 37 9 21 13 29 8 65 29 59 50 1 17 22 56 79 56 56 62 25 69 28 90 10 27 11 60 57 55 92 26 10 41 96 25 82 67 78 41 77 96 56 10 39 69 56 20 30 72 69 1 26 3 10 35 95 13 100 36 65 43 4 100 28 69 22 11 49 36 34 8 83 100 28 42 76 53 92 89 33 45 44 52 11 70 4 86 92 51 20 75 58 73 43 9 21 1 67 33 92 47 94 40 49 91 2 70 59 48 3 83 9 85 10 90 59 29 92 86 77 60 97 86 87 57 65 12 22 16 98 4 39 19 11 40 9 55 38 4 49 80 55 56 14 78 39 29 13 93 36 18 89 62 20 15 34 10 48 66 23 82 49 65 98 62 47 33 28 57 94 68 50 52 15 35 22 60 84 100 61 8 87 98 69 16 86 57 84 33 83 22 13 0 99 33 68 1 41 25 20 26 34 16 45 1 30 9 35 19 80 58 30 47 36 13 74 6 70 11 95 50 9 79 62 45 72 36 50 67 49 57 16 85 82 71 70 44 80 34 46 6 32 85 64 13 22 62 15 56 46 23 60 16 6 76 0 51 61 94 71 11 20 25 8 66 99 94 51 20 16 89 
93 53 49 64 6 78 86 82 95 91 41 43 98 96 86 62 73 99 75 24 53 52 85 67 22 17 40 87 26 45 87 13 13 48 76 11 49 1 35 60 75 16 94 23 57 95 81 23 100 54 28 98 98 8 82 40 99 11 95 77 34 92 85 72 51 92 66 35 32 26 70 55 93 15 15 31 74 42 73 78 61 25 71 68 23 69 96 58 74 33 92 0 68 100 79 21 8 67 11 27 26 22 16 98 79 20 88 60 9 30 66 9 86 11 32 82 36 65 55 43 54 83 17 88 61 72 68 34 41 31 10 99 68 4 31 35 25 90 75 10 84 52 93 84 64 30 94 89 23 49 24 64 90 54 40 30 20 41 36 87 100 90 27 14 82 40 97 20 7 58 91 93 4 11 77 55 46 49 90 48 5 74 41 99 32 87 40 99 23 51 33 100 95 8 42 72 17 46 56 67 27 68 81 76 99 95 28 94 33 66 50 66 19 75 29 37 57 64 77 26 71 10 93 47 38 10 14 84 15 17 4 54 95 44 70 81 100 78 0 53 79 93 78 76 72 70 5 70 28 12 26 38 72 51 92 94 88 63 78 65 34 6 13 82 76 71 62 86 14 22 96 21 15 6 94 44 77 31 80 48 95 20 51 71 50 70 9 60 63 20 66 50 77 82 0 42 72 2 94 78 
3 64 70 92 56 100 3 21 33 76 20 95 37 78 84 89 80 40 74 27 5 41 24 63 54 79 60 17 78 46 36 74 36 38 41 96 70 85 15 75 15 54 71 39 9 86 70 4 15 7 30 36 87 87 8 47 42 93 55 24 79 39 78 44 95 52 29 16 15 100 73 6 40 43 91 71 73 2 100 100 80 72 75 91 74 54 2 29 55 16 89 14 74 84 34 2 68 87 86 47 39 88 79 35 53 33 0 23 98 20 45 81 15 60 83 55 86 92 17 59 42 86 89 47 98 38 26 38 38 53 29 91 97 40 54 25 79 49 17 82 18 16 52 99 99 28 97 50 44 95 89 88 57 8 28 92 0 53 58 56 96 96 93 51 78 64 28 22 34 90 93 7 33 42 75 59 0 24 41 13 68 17 9 21 45 40 88 17 87 87 74 20 30 81 22 89 25 7 62 73 8 40 100 63 57 70 47 93 6 71 73 55 94 10 10 20 6 76 88 26 78 54 99 90 35 28 37 77 22 2 94 35 94 11 17 99 51 89 29 0 98 79 48 89 69 40 65 5 48 50 59 89 36 34 24 98 46 7 7 63 39 81 68 6 20 79 4 78 11 18 90 14 44 36 75 51 83 8 48 94 75 49 31 69 61 84 99 39 28 100 76 30 27 29 17 51 27 69 25 87 
11 5 80 40 63 85 16 80 99 22 62 57 73 81 89 2 35 15 42 84 47 45 65 61 89 95 89 90 72 38 90 52 37 55 62 73 47 51 64 42 73 18 100 82 50 22 22 12 82 77 6 15 92 56 62 17 49 0 79 67 51 61 3 69 54 33 84 28 12 11 77 40 16 31 77 86 49 44 50 93 64 94 98 97 85 75 14 53 8 64 84 30 91 42 91 47 24 16 28 69 91 43 78 94 96 30 28 56 99 92 40 9 71 21 74 79 50 1 11 71 21 94 13 98 91 77 44 67 38 78 53 24 20 40 58 24 24 39 100 9 2 30 40 82 2 73 76 86 10 99 88 36 72 65 41 35 10 46 30 8 71 10 35 1 64 37 92 94 8 29 74 7 71 69 21 20 92 40 28 1 51 80 93 19 79 36 100 66 52 26 84 1 12 33 70 64 53 31 65 4 59 64 37 10 90 70 45 89 17 11 38 10 52 20 28 12 55 55 48 47 11 68 55 8 38 9 35 13 21 18 79 30 0 64 38 73 33 92 23 86 94 36 86 12 20 77 14 22 13 52 60 48 64 54 40 65 4 18 48 99 30 90 86 18 89 38 88 69 55 30 54 50 5 2 17 78 85 52 29 23 87 26 92 78 62 56 96 63 47 39 77 47 69 11 86 86 48 94 33 9 
50 100 69 52 70 33 86 49 95 75 34 58 58 42 23 25 19 26 2 6 75 84 93 45 64 50 19 74 77 28 98 71 29 13 43 9 19 99 91 77 43 81 71 7 39 36 44 35 1 52 11 17 55 15 84 85 62 5 74 15 77 17 67 11 24 48 26 19 78 90 80 97 25 31 36 29 41 15 44 0 27 80 44 61 8 69 83 92 72 60 89 3 12 2 0 27 69 95 6 3 91 99 27 58 13 30 89 44 73 61 5 48 67 41 80 66 43 67 2 35 30 96 42 56 88 67 22 22 49 44 53 68 86 56 66 10 69 59 64 69 70 85 60 65 16 43 97 32 26 43 14 6 32 25 40 36 6 46 7 90 45 42 88 72 85 46 62 45 87 24 86 58 66 63 89 79 90 58 53 48 76 99 83 58 37 15 1 46 10 70 72 28 38 49 42 68 29 77 30 93 47 34 49 41 67 100 38 51 77 49 55 21 78 78 47 59 58 87 52 6 45 2 55 50 48 52 0 53 13 51 3 94 9 88 67 5 46 88 41 74 83 48 92 31 99 53 22 3 89 63 19 72 15 97 52 40 1 40 40 42 33 25 24 9 52 76 100 52 96 50 79 95 69 39 0 73 37 82 34 64 51 25 60 69 87 60 61 83 75 25 21 24 41 43 39 67 24 1 14 50 
3 35 77 44 70 50 78 68 36 82 8 89 17 67 40 15 40 96 11 15 49 75 79 93 33 16 78 15 53 9 81 6 88 77 15 79 43 5 59 2 56 96 95 32 32 39 37 74 28 77 9 93 32 72 55 15 69 51 41 97 45 44 90 72 85 42 72 26 13 8 16 68 75 78 29 97 69 86 10 93 13 99 73 74 21 46 2 17 10 91 88 72 89 58 88 9 65 70 9 47 14 63 75 73 58 68 73 71 40 89 89 96 9 29 10 22 76 15 39 29 42 90 10 72 44 89 48 10 20 81 6 84 21 40 15 3 61 52 49 51 74 41 84 93 92 57 8 79 20 43 95 73 100 32 28 81 95 27 86 88 69 6 57 24 65 57 74 36 81 89 7 90 39 66 75 48 76 78 31 44 51 90 93 7 53 7 79 82 22 33 17 67 21 55 23 45 12 97 52 25 59 83 62 41 60 47 48 90 93 16 50 40 9 10 22 57 19 15 7 36 95 11 82 51 27 19 40 31 36 73 90 74 41 60 79 2 29 57 46 1 16 9 56 2 50 38 86 10 89 93 59 91 66 50 30 80 27 24 4 2 5 17 61 1 2 65 52 36 69 59 46 20 8 65 94 62 45 82 30 13 18 57 63 13 3 68 32 75 20 81 45 33 30 15 5 69 90 26 96 19 
90 59 26 98 62 36 94 52 27 51 83 20 66 37 64 6 56 29 22 27 61 32 86 91 95 21 0 80 5 75 15 70 51 52 27 38 59 94 26 43 33 88 52 35 78 57 12 67 23 31 61 34 37 37 66 59 100 2 39 37 3 4 86 45 11 84 68 71 28 2 55 14 12 14 96 33 82 26 90 44 10 29 47 99 62 58 9 75 72 82 12 85 13 57 27 61 85 92 48 21 82 23 90 98 49 87 50 64 54 96 81 53 91 48 22 82 49 64 5 81 93 84 67 24 61 49 26 18 77 45 79 65 13 76 64 65 17 78 94 74 2 83 49 20 97 24 36 30 81 52 80 22 7 48 85 35 95 15 99 72 61 40 73 83 54 22 70 27 63 51 99 82 15 37 23 90 43 58 12 26 25 62 77 40 48 91 51 32 21 69 83 25 59 39 45 32 88 66 59 70 21 89 7 38 13 100 98 85 21 24 79 18 50 90 92 55 82 37 43 18 72 66 55 95 20 8 18 12 60 29 63 79 3 22 34 82 50 17 72 45 62 3 27 69 4 7 37 67 13 93 58 61 0 1 22 15 13 32 76 0 20 68 73 5 0 77 6 26 34 67 67 98 37 23 27 91 96 99 98 42 67 4 13 86 9 51 50 43 38 19 53 31 92 77 42 6 50 83 18 84 
95 19 55 98 60 72 88 33 37 76 5 64 84 36 23 16 75 24 82 85 28 71 28 1 2 13 79 78 82 81 44 41 44 90 27 56 28 73 92 97 84 15 27 40 14 88 96 58 26 100 7 36 38 26 39 15 30 5 28 67 49 89 9 33 20 28 45 44 3 19 19 60 53 35 11 47 0 10 51 98 0 51 75 43 3 71 59 18 66 98 66 71 67 99 16 38 28 37 84 36 8 55 48 23 92 6 20 29 15 30 99 31 10 50 90 51 68 40 4 48 13 91 61 24 6 84 23 93 39 51 53 97 18 82 78 36 86 91 61 3 50 54 96 91 15 19 78 44 2 12 32 78 57 79 66 84 11 69 57 88 0 68 76 23 81 89 24 88 36 77 31 84 5 34 23 12 99 5 93 37 65 39 78 3 69 11 51 73 83 25 91 13 32 7 49 20 42 46 56 100 52 39 18 25 45 83 17 93 61 18 71 76 31 59 19 24 79 71 21 44 72 30 9 52 54 86 27 97 70 31 73 19 3 0 99 52 66 67 66 46 6 70 85 0 68 50 76 28 5 24 26 67 74 27 35 9 23 94 85 5 57 23 44 73 87 94 35 99 62 90 79 8 99 34 98 94 26 76 36 58 95 15 20 60 60 100 33 37 77 96 97 61 49 65 7 67 56 14 92 44 
92 23 4 42 30 33 65 89 26 51 32 27 45 6 42 48 57 18 65 13 64 54 63 69 93 72 52 98 63 36 48 52 4 82 48 63 70 25 6 80 16 87 64 99 33 89 57 87 49 91 18 48 29 17 69 99 77 50 20 43 57 87 71 89 52 99 83 70 54 14 100 87 83 4 71 58 77 46 86 3 64 50 95 80 59 20 55 16 34 18 68 68 3 96 22 80 61 28 91 38 38 23 73 1 83 22 61 86 12 26 47 20 61 82 18 5 63 6 92 63 32 47 43 61 66 36 100 70 24 61 49 80 12 87 98 91 81 6 75 36 85 25 82 96 30 53 97 57 7 49 86 35 22 37 87 98 57 93 21 4 93 16 88 43 24 27 28 79 74 13 1 47 53 74 70 53 77 71 84 36 83 65 16 48 21 98 71 26 7 89 37 26 44 1 49 73 80 100 94 71 49 71 56 30 30 45 76 56 33 11 51 9 60 13 85 1 12 4 7 36 15 3 1 27 47 71 66 57 96 93 62 7 75 65 48 23 71 7 3 45 88 22 46 65 89 94 10 40 34 1 73 80 37 83 66 30 97 81 31 75 34 38 46 90 74 31 87 53 16 51 14 3 8 47 25 79 87 11 97 79 40 39 88 3 19 75 51 87 72 90 9 81 50 23 95 32 73 86 20 76 
51 34 75 80 2 79 47 4 20 56 6 52 43 5 73 62 58 67 74 5 99 99 4 73 80 91 10 19 45 19 93 65 57 22 20 82 67 80 13 14 32 60 89 22 25 88 79 77 34 97 98 66 40 95 51 59 55 72 98 68 74 37 1 80 9 18 33 55 65 50 8 71 85 39 41 45 7 44 16 31 0 93 23 88 96 90 73 83 50 14 48 70 22 71 60 28 0 55 5 81 39 3 61 36 92 33 54 18 83 63 39 71 33 27 22 23 91 51 47 30 56 68 46 31 38 79 14 48 38 7 40 100 68 6 41 53 20 11 1 92 46 82 59 47 51 31 69 39 49 45 73 86 88 37 38 76 73 99 3 12 73 67 92 95 21 11 5 32 95 36 11 52 67 53 95 29 61 38 38 97 29 88 47 59 3 88 79 87 68 81 83 32 30 31 72 87 48 6 4 79 26 38 77 28 84 9 62 81 62 96 17 88 50 58 70 68 81 46 96 98 22 30 57 100 56 61 26 78 33 42 15 54 16 10 6 84 9 92 59 73 44 100 79 90 89 73 21 14 43 21 55 100 7 31 28 77 86 15 61 53 46 82 80 8 69 96 60 6 58 21 44 41 17 35 9 87 38 72 18 52 87 48 36 66 87 53 68 70 93 48 25 15 9 98 36 80 13 62 50 94 
81 53 99 4 81 100 7 23 40 5 32 99 100 74 84 65 26 83 8 28 9 48 51 46 22 44 76 47 90 13 12 16 34 10 59 73 75 72 85 68 58 2 56 11 72 64 91 50 18 22 29 15 79 34 57 63 89 43 87 73 64 81 56 99 57 86 2 97 18 11 56 48 49 21 47 73 81 59 92 18 12 84 0 60 35 76 30 37 69 43 77 64 46 33 88 67 48 1 30 63 17 1 89 81 95 24 20 30 44 62 51 56 32 9 3 14 29 76 97 71 5 82 58 57 46 78 24 99 72 1 54 12 79 58 17 73 26 74 13 52 74 96 47 89 97 0 13 97 82 2 70 88 98 81 91 45 61 39 100 15 18 100 76 66 64 67 69 64 64 49 11 50 94 69 25 45 49 42 10 67 63 95 8 10 68 7 17 76 4 36 86 3 79 62 4 99 39 36 23 38 13 70 71 40 38 18 68 84 56 66 30 26 67 31 8 67 56 55 52 36 6 7 16 2 23 86 84 19 13 72 27 53 29 98 27 6 0 25 79 4 17 6 32 64 98 60 1 95 55 3 70 35 91 63 24 25 45 52 30 96 99 23 95 73 42 20 74 13 0 71 31 17 4 66 92 49 98 36 22 96 66 12 16 87 84 66 98 42 84 75 52 32 33 58 63 64 52 88 52 68 
80 85 0 81 9 70 65 83 71 37 21 68 67 26 71 98 86 89 74 6 10 30 12 53 97 100 39 42 82 56 38 10 66 76 16 10 72 33 73 56 75 4 98 14 16 65 20 5 48 12 83 4 68 71 77 4 55 90 47 41 30 83 91 6 97 56 24 27 56 15 37 79 43 85 64 70 48 30 27 59 3 38 19 71 10 50 88 70 20 5 25 55 13 37 13 35 22 17 100 100 40 8 9 58 26 98 85 47 47 35 55 30 1 91 53 1 34 48 87 83 22 66 42 27 46 2 5 82 68 88 73 63 46 12 71 47 99 94 13 9 90 81 17 0 70 17 51 52 74 100 16 91 53 3 38 8 61 85 18 97 88 64 53 18 47 56 13 77 22 11 31 28 87 24 25 52 57 81 89 3 32 73 26 100 57 74 31 37 33 32 100 71 36 18 96 37 54 80 32 40 66 30 71 70 45 6 97 1 14 74 62 6 90 49 86 26 73 84 43 36 77 2 21 39 5 98 51 7 37 4 61 28 61 40 96 3 41 19 6 18 41 39 40 90 69 17 42 74 54 19 2 5 15 88 22 78 7 97 67 23 15 5 22 57 72 9 69 75 96 76 47 66 76 34 84 93 84 93 85 20 16 33 53 17 44 45 85 28 2 38 23 86 96 60 34 66 65 68 96 40 
2 85 96 28 44 46 75 22 65 57 23 67 26 83 28 56 90 53 13 0 68 21 68 17 62 29 94 80 85 46 85 40 1 79 63 27 53 60 78 80 29 30 47 65 15 97 83 43 27 30 60 18 53 27 56 2 8 13 32 84 92 53 33 8 26 31 5 68 67 13 14 73 43 93 52 64 68 72 85 63 64 78 44 36 64 18 14 94 55 76 51 83 61 92 61 69 11 88 1 5 30 84 63 56 94 30 12 17 19 5 40 35 80 39 53 64 32 0 42 61 83 79 53 76 98 47 49 36 95 18 55 61 11 48 86 16 0 60 51 68 33 83 32 91 87 34 15 49 53 42 21 14 77 57 71 13 33 0 26 76 88 92 1 39 2 40 56 92 50 76 26 5 70 66 70 36 98 89 19 66 43 35 73 98 13 99 93 32 93 62 0 66 98 6 54 22 93 33 22 63 95 87 76 90 93 52 32 49 35 50 30 22 68 17 52 35 33 47 84 56 77 39 45 95 75 27 57 96 44 88 68 83 5 54 44 9 60 82 48 33 82 84 77 74 57 22 15 19 37 62 75 73 88 2 57 52 60 48 70 25 30 37 69 94 37 4 63 65 0 44 16 58 41 51 29 45 74 25 6 89 73 25 72 34 38 28 73 27 81 36 99 50 12 72 11 32 89 68 11 16 
59 74 76 87 19 13 61 36 88 63 6 57 98 62 18 46 27 73 37 61 95 58 13 10 37 60 73 63 96 96 80 32 39 81 47 98 39 96 41 53 18 77 19 38 35 87 99 100 37 73 96 62 27 67 96 70 92 89 75 42 99 21 24 7 39 43 32 63 24 44 42 67 10 21 23 55 81 1 95 99 87 62 23 2 40 79 24 44 94 86 76 46 75 9 16 25 82 34 3 81 0 63 71 47 55 86 63 79 56 99 53 24 34 71 74 65 99 7 90 80 14 13 59 71 91 21 41 98 28 1 33 31 81 32 99 48 43 45 80 26 96 10 79 74 100 4 56 37 12 24 65 11 21 9 97 46 98 77 35 81 63 71 26 38 62 12 22 25 41 21 25 53 19 66 40 86 43 82 79 37 57 57 25 43 3 99 55 84 40 4 79 82 55 38 46 56 52 96 62 75 82 92 94 65 30 18 31 38 35 60 29 49 50 17 25 67 10 78 71 63 39 97 88 0 15 91 21 36 69 48 21 59 58 87 89 95 63 95 26 23 43 2 42 18 60 14 63 6 80 0 61 82 24 90 16 77 81 38 38 39 13 81 42 17 78 40 13 35 49 100 97 39 86 15 48 29 23 3 70 15 35 94 70 41 24 5 36 31 93 21 43 75 52 47 6 47 21 11 67 95 
64 35 1 93 74 2 86 10 85 4 7 18 26 34 28 4 67 79 40 0 49 47 75 97 94 35 54 44 44 33 26 94 60 68 74 78 40 100 58 60 42 5 90 40 27 83 96 83 9 4 80 77 85 14 94 17 83 54 25 85 99 68 5 83 77 1 8 92 44 37 88 69 60 28 34 35 28 75 8 44 3 43 74 99 7 74 60 47 11 71 74 46 26 58 70 88 36 57 45 4 47 15 77 90 9 41 49 80 41 4 2 51 50 30 33 65 67 15 73 38 8 28 70 88 45 32 48 38 16 80 15 33 14 17 19 11 64 37 52 58 7 50 50 40 75 30 44 76 33 3 12 50 38 45 87 44 6 34 88 78 33 74 17 96 57 41 30 78 71 30 1 93 8 41 89 77 46 56 0 21 59 49 83 7 73 91 63 60 92 39 58 14 14 77 53 41 21 77 87 20 5 39 51 24 16 75 81 48 4 51 95 12 36 21 55 10 76 38 97 28 76 23 50 0 48 20 18 17 86 76 10 18 7 94 6 35 69 62 89 73 79 41 74 55 8 40 42 63 4 26 99 95 72 39 52 34 45 89 21 69 53 28 19 8 69 37 91 74 82 19 21 39 84 10 70 58 15 33 88 74 1 100 77 79 16 16 53 49 1 9 32 90 18 84 70 88 42 92 14 11 
12 99 79 99 39 28 33 92 53 24 51 53 46 2 9 90 48 56 51 6 58 45 47 34 99 15 15 51 12 96 72 16 49 36 64 75 65 8 42 55 70 45 79 1 98 68 91 18 54 55 35 84 9 44 88 53 92 50 46 46 18 17 14 76 68 28 30 0 37 9 14 60 58 90 42 87 35 75 21 15 48 55 87 47 68 33 84 12 4 34 41 70 64 53 59 6 61 64 47 38 45 77 49 50 69 26 82 66 68 69 95 81 12 8 65 38 70 6 87 87 29 59 70 75 66 22 56 20 98 88 21 100 72 69 31 82 52 30 79 86 79 74 56 40 13 21 82 13 21 63 60 48 78 61 60 31 68 51 18 45 69 94 25 42 46 47 72 89 88 61 94 16 87 6 16 47 70 50 56 86 71 67 94 0 26 33 36 97 50 42 6 19 39 13 67 40 41 89 70 80 34 66 94 62 17 30 64 82 30 49 42 94 12 57 67 1 10 53 51 37 38 16 99 49 47 1 33 46 99 18 56 45 47 36 7 90 74 24 97 28 5 18 66 36 76 32 49 75 86 41 87 38 69 74 88 70 97 89 25 29 14 17 10 77 33 9 49 58 76 36 25 31 41 44 11 19 36 38 62 19 84 68 48 44 49 49 43 90 76 88 81 96 89 28 75 2 10 80 54 93 
21 44 84 100 67 61 33 75 40 2 17 100 36 30 58 4 0 77 14 29 0 33 57 31 27 72 31 68 17 89 53 33 10 69 67 69 82 95 20 92 93 94 51 86 9 47 95 29 96 82 10 13 63 94 16 66 42 1 55 54 60 14 11 33 86 78 85 36 15 77 60 100 6 93 69 24 24 91 99 94 72 29 40 10 37 44 31 69 66 83 21 47 37 5 70 57 97 41 12 56 36 27 97 4 27 24 79 71 98 98 52 55 34 76 95 59 100 21 95 17 17 18 68 29 73 41 71 26 93 15 58 15 83 42 21 81 51 18 22 7 40 12 80 12 11 93 94 45 89 25 91 41 95 10 53 26 6 65 60 51 78 46 12 21 32 90 33 35 24 69 57 2 37 88 83 44 9 28 58 91 31 54 69 100 50 45 55 95 62 17 21 3 56 12 54 30 54 48 27 19 76 65 25 95 74 5 12 37 77 51 25 11 14 61 3 30 73 81 68 25 23 74 8 2 11 15 1 0 22 68 92 43 0 51 71 17 92 12 79 19 4 26 1 79 55 46 58 38 0 11 70 79 63 76 32 3 94 40 21 86 10 6 9 55 5 85 29 23 54 72 75 89 71 71 26 33 46 52 89 21 86 23 69 100 33 42 6 21 39 84 62 21 95 0 47 45 47 69 79 51 
44 4 10 15 34 41 1 16 36 84 66 53 4 45 72 88 67 48 2 24 4 84 47 93 61 1 81 21 93 8 82 14 87 69 92 100 83 28 92 21 84 86 20 67 61 30 35 28 13 99 0 28 71 71 36 50 0 82 70 10 95 40 13 0 57 44 29 77 75 16 43 75 27 100 51 73 25 66 85 73 53 34 84 35 30 96 69 17 6 55 70 24 44 73 38 79 9 1 86 21 57 58 100 81 8 46 50 12 36 52 27 84 2 90 37 33 90 44 100 80 87 89 63 50 55 18 75 33 50 43 65 76 97 4 60 79 88 83 100 73 93 61 4 51 40 97 9 99 78 91 95 0 62 41 63 33 10 65 83 47 64 7 39 48 79 3 60 77 54 31 65 38 25 1 0 12 13 35 69 88 72 28 55 9 65 2 59 48 67 38 37 63 18 40 41 45 17 72 20 19 63 12 81 89 14 56 26 30 98 1 34 82 11 8 98 11 8 73 17 69 23 79 36 12 98 22 89 28 38 84 1 8 95 28 45 45 4 36 22 57 69 45 98 88 86 50 13 28 5 96 29 68 3 48 62 82 32 53 8 83 56 70 41 16 70 59 47 87 100 70 26 78 31 79 16 37 48 23 85 77 26 45 10 57 64 45 48 81 90 70 87 48 87 95 19 20 51 16 25 21 
60 65 100 42 4 90 21 70 36 42 12 11 39 42 59 27 43 97 5 68 65 40 26 58 90 18 80 99 86 85 38 96 58 96 38 92 87 35 20 23 85 49 12 82 70 60 16 86 98 28 19 86 7 61 26 58 58 24 44 41 81 98 50 61 44 41 0 95 47 0 3 51 22 63 1 54 87 73 48 94 88 79 12 94 35 44 87 92 85 58 88 60 97 31 56 66 47 44 0 54 50 100 76 44 75 11 34 12 86 12 84 79 75 16 96 47 66 42 48 3 17 35 63 51 66 29 7 62 35 72 30 13 49 48 93 86 42 24 14 60 28 77 1 12 67 22 60 3 65 38 15 36 23 54 59 17 81 58 95 56 46 78 87 3 87 52 95 84 6 63 1 87 69 24 20 55 1 38 62 44 36 57 21 7 61 59 14 79 80 70 78 23 100 94 66 11 13 48 69 48 60 27 44 50 27 54 59 74 88 24 90 26 55 24 66 92 0 48 58 86 42 17 28 84 47 76 66 80 58 46 93 23 55 7 52 41 40 68 98 48 35 5 40 65 55 1 7 31 80 7 91 75 65 59 18 37 37 61 32 85 3 92 89 5 61 13 13 70 10 48 90 96 92 99 20 73 85 80 9 73 68 35 94 40 98 4 76 41 97 54 3 32 22 44 65 29 78 69 12 23 
11 38 77 92 72 12 86 67 56 32 81 5 9 15 69 89 6 23 29 39 26 72 22 44 17 35 48 45 5 38 15 41 94 76 2 41 66 95 96 91 58 97 59 63 82 41 13 37 69 68 84 96 100 71 21 35 84 18 56 76 22 87 75 60 75 86 16 71 71 68 67 8 61 32 72 31 40 34 64 49 62 71 47 12 1 81 87 19 17 47 55 11 15 50 31 97 89 95 0 93 67 47 48 23 76 68 70 50 33 56 12 73 29 75 14 41 44 13 61 36 68 40 98 73 85 91 36 32 45 76 82 50 20 65 44 54 40 12 85 99 62 99 10 53 13 96 11 6 96 13 57 74 60 55 7 86 15 31 91 83 62 9 96 66 21 68 16 2 70 72 2 25 83 92 4 6 61 17 80 9 75 9 13 69 99 4 63 51 64 70 51 7 68 50 71 39 34 35 90 65 59 86 54 99 58 95 52 56 47 10 93 35 91 78 59 98 65 50 2 96 28 69 0 71 85 21 91 2 20 23 3 10 95 74 25 80 12 10 66 28 76 57 58 27 12 65 63 83 13 17 42 29 11 69 84 5 70 96 6 26 53 2 18 37 39 11 22 38 61 31 17 68 40 45 70 88 12 20 87 15 89 15 0 23 9 74 2 12 50 73 8 78 45 41 49 70 41 67 27 75 
20 26 72 66 58 16 44 68 20 68 15 11 92 6 59 6 8 19 28 28 39 11 32 14 84 2 37 28 67 84 82 69 3 15 40 85 52 24 25 34 19 15 62 65 65 84 76 67 54 19 65 50 21 10 4 67 53 35 59 14 42 62 62 5 25 61 21 98 92 68 89 97 60 5 17 34 27 48 95 32 27 24 16 94 47 83 8 37 99 29 40 67 86 41 11 40 11 92 56 71 75 86 0 73 38 66 89 7 66 50 61 51 80 30 17 60 26 5 74 76 63 83 16 2 11 100 66 100 4 77 80 43 45 46 3 4 35 86 72 78 67 46 51 8 20 16 21 92 67 46 85 73 18 86 20 4 44 93 13 55 51 90 58 62 78 98 16 38 13 85 17 98 45 34 80 99 100 95 78 20 44 76 84 84 21 11 36 52 77 39 62 95 100 3 43 1 78 49 29 39 0 82 90 85 50 73 88 82 83 10 26 35 65 82 38 50 41 62 60 69 19 41 62 31 18 98 24 20 73 35 78 45 11 40 25 43 45 13 49 23 37 9 20 40 5 8 59 99 81 63 37 27 79 92 15 4 20 58 41 4 22 54 19 43 86 30 25 44 72 65 77 97 14 26 5 22 93 73 51 77 28 38 60 8 77 2 59 26 39 77 83 72 45 68 57 27 83 99 51 49 
29 64 40 84 39 30 34 1 73 96 86 34 37 45 14 37 66 54 71 96 50 75 31 75 14 41 56 37 1 5 44 81 22 8 28 98 33 24 35 10 93 96 4 90 98 12 47 67 40 73 82 58 59 63 47 14 91 0 47 51 44 30 93 100 54 22 71 30 90 3 81 32 61 67 11 84 88 63 6 27 88 41 15 33 48 43 85 81 78 92 40 20 46 28 8 22 38 61 88 67 86 97 1 69 38 91 92 80 81 99 97 51 91 93 13 74 68 86 47 5 49 79 80 12 73 9 9 99 67 11 0 73 72 64 14 46 65 84 12 17 68 76 86 96 4 28 67 43 79 50 44 13 64 85 92 54 90 2 91 57 87 1 69 53 68 95 57 12 47 60 80 23 98 82 20 16 68 81 42 39 72 22 50 3 91 44 33 13 74 92 67 17 1 61 40 41 74 83 14 23 38 81 88 7 39 1 23 45 57 29 27 65 71 64 92 24 40 29 5 100 37 11 95 61 44 69 56 2 49 37 34 96 75 23 22 38 12 38 85 26 29 71 60 24 87 52 38 53 25 40 16 63 25 81 44 61 17 25 97 91 89 6 42 67 40 26 30 13 87 100 3 69 98 8 71 27 89 55 52 19 51 87 78 81 14 38 70 71 77 16 29 91 67 87 45 9 94 55 99 60 
