300 300
9 7 9 22 56 57 42 81 100 62 67 48 52 18 57 7 93 50 90 62 32 89 97 100 83 58 62 74 44 49 61 32 66 100 26 2 44 45 83 77 41 50 30 86 94 62 33 52 41 44 7 11 46 54 62 18 89 48 12 33 60 95 80 15 66 82 95 45 8 45 36 39 73 100 20 45 83 16 33 39 58 99 93 57 9 63 42 10 3 56 70 2 73 23 28 77 76 84 18 43 57 75 45 82 75 52 41 53 71 26 14 93 7 74 55 84 65 30 36 43 50 83 49 75 93 96 67 37 64 79 28 76 92 46 89 10 83 88 43 98 98 94 23 65 57 80 56 13 78 71 82 38 59 30 34 90 11 88 45 32 38 65 14 35 37 1 84 6 40 50 62 11 98 69 76 60 97 69 60 37 13 70 97 36 15 28 60 16 27 44 45 44 5 72 61 24 51 48 64 33 16 27 49 27 92 91 3 37 71 38 67 25 65 94 5 47 29 98 23 61 72 100 37 85 52 2 88 36 76 63 89 88 1 89 92 88 54 25 79 84 14 33 41 39 13 94 92 41 59 62 77 76 37 14 71 92 68 16 13 31 28 3 78 4 41 79 98 15 30 47 26 21 45 98 38 22 31 17 48 85 70 38 94 11 64 15 39 64 12 6 58 92 80 66 88 56 48 78 82 32 
14 30 7 10 61 93 86 65 42 40 63 44 22 44 80 15 15 71 92 18 49 35 16 8 18 32 3 3 85 67 59 88 46 98 32 2 86 51 50 34 87 82 22 11 43 32 58 83 91 3 93 55 47 26 88 47 94 96 52 74 28 21 10 31 96 24 18 50 9 11 58 34 24 72 78 35 0 5 3 33 61 64 91 8 67 63 6 100 97 92 77 28 50 75 62 37 31 20 51 7 13 90 100 19 14 44 80 76 19 70 48 59 24 86 34 58 32 10 2 85 43 9 66 44 74 8 70 93 20 80 57 46 54 61 5 15 90 45 82 3 79 54 85 69 18 23 69 71 36 24 18 2 98 74 32 86 2 38 20 34 15 36 87 22 91 11 71 3 11 91 59 61 53 75 24 82 12 7 42 64 28 59 49 53 16 87 13 37 38 36 56 74 94 21 2 42 24 54 63 43 8 36 45 50 63 42 48 14 9 1 23 38 90 72 68 38 67 68 76 13 58 23 53 79 46 73 43 38 71 23 41 69 54 99 15 29 38 67 81 96 50 93 24 30 54 67 34 33 78 64 36 22 64 68 0 17 67 45 84 40 34 74 4 64 45 2 30 52 68 73 43 9 24 76 87 96 47 76 93 17 82 0 64 94 61 34 86 29 64 34 55 81 11 69 33 47 11 31 53 91 
31 39 90 94 33 24 54 86 48 47 21 10 4 10 91 64 81 8 4 12 51 40 77 5 74 32 2 21 60 74 77 81 53 10 28 63 6 63 78 86 88 17 44 96 2 99 0 96 35 23 6 62 58 78 5 4 60 33 40 34 39 1 58 8 93 63 48 91 4 52 70 68 41 37 98 79 23 99 81 83 11 69 21 93 19 86 6 69 83 85 75 50 70 27 28 54 46 59 95 94 73 44 35 90 17 99 84 78 57 100 24 93 55 88 39 98 32 77 28 93 13 68 8 40 7 22 45 40 18 75 34 97 31 59 52 22 38 20 38 69 96 11 18 10 14 80 39 3 85 67 50 76 73 80 36 87 22 26 75 58 71 36 77 81 75 30 68 39 0 25 55 100 36 27 90 87 43 20 14 100 87 43 14 83 54 7 64 37 84 69 74 61 4 70 37 46 30 52 11 61 82 7 0 50 46 8 15 38 71 1 19 59 79 55 8 52 49 57 84 98 31 74 48 62 1 12 50 11 45 87 17 73 31 46 41 9 30 7 21 52 40 6 57 3 23 46 41 31 54 88 84 92 62 37 44 70 40 19 80 67 95 77 49 23 53 18 48 36 3 47 50 10 55 58 13 83 16 1 83 5 26 86 72 16 22 42 86 52 49 18 87 98 42 9 45 79 79 59 66 58 
31 63 40 96 87 78 100 57 77 64 19 94 58 14 74 50 2 20 88 100 16 67 82 29 9 27 42 2 14 97 1 96 67 87 30 71 57 67 4 49 74 19 21 35 58 87 53 76 22 61 81 31 76 58 4 31 72 94 28 59 51 72 91 40 46 62 8 43 39 13 3 81 18 6 71 56 81 9 91 75 10 85 69 18 39 15 56 78 18 19 52 27 22 42 50 75 1 77 69 47 6 4 60 93 68 87 63 72 76 43 39 76 58 65 28 85 98 46 24 91 37 65 94 16 25 82 57 86 19 90 9 61 10 8 56 34 74 31 67 63 32 73 53 89 24 19 77 87 50 95 82 6 27 5 91 39 32 81 6 2 99 31 55 92 85 44 53 69 48 16 7 100 60 75 100 66 80 10 39 15 90 23 56 34 24 78 33 77 22 92 20 33 1 32 58 89 36 61 54 67 77 32 47 27 50 50 100 94 32 52 89 78 62 55 51 41 39 88 13 20 5 34 73 16 98 8 65 43 75 19 45 54 11 27 57 21 43 23 96 69 56 44 65 64 92 38 12 10 55 95 17 97 51 82 42 19 12 26 61 58 96 12 95 57 40 99 45 8 36 19 92 69 10 10 37 99 44 87 39 100 100 21 36 41 59 14 82 78 45 32 76 67 67 42 48 30 16 43 41 61 
27 87 88 73 16 77 42 75 72 71 6 62 7 41 99 8 59 97 55 27 7 93 26 29 5 49 54 19 4 27 68 91 57 36 38 84 25 45 63 13 84 98 16 9 30 14 79 59 85 42 17 0 77 65 29 48 45 22 5 39 1 67 89 31 91 33 82 70 25 70 48 73 57 33 18 48 28 6 19 3 47 94 49 44 71 92 34 80 62 68 63 15 91 74 82 96 59 20 18 34 20 10 54 69 64 83 52 81 92 31 12 1 11 77 86 77 33 77 63 78 54 74 0 32 46 66 57 75 2 10 72 32 62 18 2 68 54 60 58 67 14 55 14 42 53 27 67 75 74 17 22 5 0 97 21 12 69 93 94 23 18 2 8 53 34 85 72 17 30 52 55 32 3 54 3 63 36 15 54 46 66 48 80 92 67 38 52 86 49 14 89 60 49 10 42 62 72 58 92 36 68 12 87 55 80 17 16 40 99 1 24 66 65 84 6 33 75 22 59 17 36 33 40 77 59 62 8 88 11 28 40 88 53 94 92 63 38 5 18 42 72 44 59 52 69 81 27 43 13 9 84 8 51 49 10 15 90 72 30 100 32 17 48 13 25 86 23 43 16 41 32 73 46 7 11 13 78 38 97 1 30 47 32 28 72 90 1 88 27 55 4 21 92 57 28 65 33 99 89 4 
70 72 78 64 37 25 66 88 49 80 11 74 37 83 31 38 64 78 5 1 48 32 52 63 0 54 1 35 90 2 93 10 41 25 82 23 10 83 43 64 56 47 62 45 24 46 42 41 7 71 2 37 54 88 98 75 78 71 24 84 65 95 85 68 93 37 30 31 81 48 100 60 29 39 17 60 94 60 39 31 57 18 3 98 75 43 85 32 87 24 67 86 38 42 26 27 28 41 61 33 59 92 73 66 89 37 70 62 92 83 12 10 97 17 86 28 1 78 35 87 15 9 29 49 92 74 48 45 18 64 44 86 75 39 18 86 31 15 3 17 61 77 30 68 9 94 85 90 9 0 17 81 56 45 9 96 59 83 73 70 7 83 4 38 32 94 34 29 61 25 96 94 6 6 87 5 90 79 46 79 80 34 1 80 89 32 95 88 13 82 57 25 97 56 54 49 61 57 2 16 7 20 38 70 87 18 40 41 31 33 13 46 56 49 40 28 72 50 86 41 43 90 27 18 60 24 90 63 25 92 56 61 48 69 77 0 52 19 97 96 49 64 100 48 64 94 86 80 73 66 74 30 10 71 93 69 20 8 85 68 82 100 99 60 92 87 9 24 24 41 83 21 81 4 22 83 10 54 40 75 1 25 30 29 96 70 82 59 42 82 79 17 3 83 47 41 49 12 45 62 
95 26 94 64 55 24 14 6 91 15 53 7 36 95 71 64 34 77 83 14 83 96 43 16 5 99 99 81 98 54 52 94 78 46 46 24 62 33 66 42 17 82 73 94 95 41 2 2 48 38 55 15 9 53 99 0 20 74 38 60 12 83 45 62 92 85 72 68 37 36 48 78 90 29 64 72 5 98 22 21 94 21 42 38 10 4 73 46 3 93 44 33 94 17 17 71 11 26 81 98 56 67 92 53 87 1 43 40 77 89 21 5 47 29 11 85 25 90 29 59 74 60 12 69 69 13 53 30 91 56 9 19 84 50 58 80 15 28 2 99 53 65 88 37 12 21 5 13 66 56 69 15 71 66 20 87 81 20 79 62 13 92 98 59 21 97 19 7 52 47 79 76 51 62 21 75 55 96 38 43 95 74 34 4 60 62 18 12 22 5 76 28 92 76 19 87 69 32 53 25 83 49 92 0 37 57 56 18 52 75 21 61 94 81 82 26 22 67 70 61 92 16 35 83 13 10 14 93 32 33 65 67 29 42 0 68 40 3 94 93 89 52 24 62 15 29 95 74 9 8 89 100 84 32 90 71 13 5 98 30 47 59 88 28 84 80 89 8 53 83 82 14 19 96 78 96 50 91 89 12 88 74 63 63 56 70 62 78 65 16 94 66 37 70 65 17 46 30 93 15 
2 42 73 65 7 2 38 56 14 76 31 11 34 20 73 22 17 13 46 53 57 18 78 96 61 35 87 4 4 15 43 91 85 10 31 19 86 50 14 93 13 6 10 55 20 26 6 47 97 32 91 30 52 59 47 86 48 45 32 6 49 58 64 28 5 27 41 90 69 73 54 15 8 91 14 65 89 75 4 73 87 13 73 4 41 75 25 36 95 49 91 33 52 100 6 58 57 55 5 35 49 32 55 97 95 61 51 89 67 46 80 58 79 100 19 50 63 53 56 38 28 40 29 53 69 8 90 75 11 95 96 18 49 87 0 47 69 1 57 87 69 55 89 56 54 54 15 29 80 66 68 67 83 17 56 39 42 40 36 100 40 89 83 12 82 12 7 71 90 36 83 9 66 80 76 59 40 49 30 60 92 49 66 28 18 36 47 48 89 1 75 82 3 53 30 82 13 40 65 48 49 29 5 61 64 11 4 2 97 83 84 89 44 34 48 34 62 90 7 87 84 34 1 35 36 91 65 24 24 85 64 24 91 84 33 31 13 68 88 30 57 76 61 92 43 9 57 57 4 49 21 81 2 19 19 74 38 21 5 18 82 59 30 63 95 51 8 5 28 41 80 35 47 60 47 7 92 11 2 17 96 5 26 73 38 40 50 89 62 52 46 77 79 71 89 1 69 33 66 32 
99 65 73 37 10 90 63 69 96 8 66 52 70 76 70 59 87 40 68 13 77 61 58 8 67 8 73 17 33 42 69 20 6 22 2 5 25 48 19 68 89 94 45 60 94 70 37 97 90 33 54 22 0 7 76 12 16 70 75 75 90 96 34 44 29 32 62 61 88 16 100 51 60 40 16 63 45 56 57 83 64 35 49 60 53 7 28 1 5 40 40 1 90 67 16 89 58 4 92 12 62 90 86 52 20 7 73 66 85 89 82 40 97 39 78 22 55 51 76 79 0 88 93 96 47 13 57 99 81 95 83 41 88 50 8 19 61 38 67 71 28 47 55 23 31 86 45 65 59 13 49 76 3 61 71 44 52 89 53 61 64 25 17 72 13 47 81 77 84 51 27 6 74 17 6 91 8 46 1 5 26 29 65 4 87 87 41 97 86 14 11 11 32 5 19 89 71 32 85 14 58 27 18 56 48 86 35 64 47 63 39 8 93 25 14 6 74 94 65 45 27 82 91 97 85 44 84 52 52 24 42 77 76 66 56 75 100 78 39 89 61 89 42 88 78 71 62 83 20 0 17 67 36 76 61 42 10 72 55 29 7 86 92 78 91 33 91 23 53 100 31 96 7 72 28 22 7 23 99 21 6 62 60 8 38 54 77 7 73 6 92 31 72 55 25 72 70 76 19 40 
97 60 9 17 86 4 71 69 89 67 99 11 59 26 79 52 33 16 12 12 25 14 46 62 5 93 11 82 17 7 60 75 60 10 34 48 12 41 65 39 99 93 29 59 33 0 56 89 70 32 63 5 65 97 67 56 98 81 42 48 77 14 64 80 19 14 41 21 7 87 42 36 27 74 3 38 67 12 14 66 34 2 32 62 8 56 30 75 33 21 29 4 73 50 55 58 41 7 46 74 34 45 15 87 68 78 25 68 96 35 23 92 22 12 27 28 23 72 40 4 20 82 6 69 44 72 71 72 51 80 64 58 32 32 12 84 96 39 61 53 33 92 45 38 100 61 95 56 56 68 21 81 81 78 55 14 100 72 65 53 44 47 19 19 1 13 89 4 47 40 44 38 96 73 77 49 73 53 87 33 48 81 61 3 49 42 42 77 47 33 2 35 34 55 58 26 91 69 14 31 56 80 42 18 94 56 46 92 27 79 61 46 55 86 49 51 74 77 90 29 73 75 7 43 22 32 52 86 16 100 83 39 98 28 88 85 98 29 78 7 21 47 69 81 67 31 1 87 54 76 38 22 92 59 67 13 33 65 70 73 54 52 71 43 50 65 1 73 39 34 13 73 74 48 46 4 95 21 28 49 97 95 93 72 83 48 33 40 5 68 46 81 39 59 97 74 20 81 64 39 
41 42 47 78 53 6 62 62 99 78 73 6 89 13 20 88 94 45 71 31 25 37 10 76 4 41 32 96 1 80 41 1 87 16 47 63 58 71 50 76 83 87 2 54 67 37 56 90 13 75 15 50 37 87 73 49 0 88 11 47 18 84 14 16 57 18 44 90 82 16 6 33 30 71 87 17 90 25 52 56 14 52 88 80 7 26 26 2 37 99 42 13 73 70 92 91 12 31 87 68 6 31 27 99 42 77 91 11 19 87 89 10 98 61 12 57 93 0 70 52 90 42 36 93 60 52 62 41 85 100 85 38 72 13 65 49 38 34 10 85 47 4 53 75 5 35 38 12 72 62 42 28 23 60 82 7 46 48 26 44 55 96 32 7 50 55 69 66 88 36 41 29 92 40 52 6 61 17 22 95 67 8 1 50 14 59 72 61 54 4 56 47 66 39 10 80 69 81 18 22 63 5 34 28 20 46 20 85 99 8 48 66 29 36 45 47 14 42 1 40 84 69 22 25 55 15 14 32 55 30 84 12 94 17 92 72 66 96 32 6 57 95 32 88 83 86 53 96 57 70 0 50 36 25 39 43 88 100 98 27 51 25 49 82 21 51 49 78 61 44 71 80 62 56 15 52 61 19 61 80 96 35 27 56 100 56 41 8 8 61 31 64 72 46 27 75 17 15 32 76 
28 35 55 35 18 32 25 62 9 99 89 75 27 37 34 39 74 19 34 72 6 47 85 5 61 81 83 57 30 59 1 18 27 18 88 42 54 86 12 58 79 69 11 81 54 52 70 90 88 30 13 1 69 83 51 31 65 85 83 76 2 17 91 36 38 66 23 72 13 73 56 77 43 38 28 26 29 92 34 58 8 85 52 43 36 17 82 0 70 38 25 81 68 87 77 82 29 95 2 99 5 65 50 92 75 99 25 45 26 44 65 94 93 16 18 76 2 83 54 97 49 6 95 66 3 88 52 91 27 95 9 60 78 51 57 16 55 56 31 84 43 25 94 61 46 87 78 22 75 21 59 75 68 65 64 68 41 59 40 66 44 77 58 36 37 84 15 69 44 39 30 21 75 99 88 86 47 53 68 45 83 94 19 3 84 96 27 81 3 2 84 83 52 29 89 80 61 90 77 19 45 40 80 66 66 51 62 75 77 6 63 72 53 72 91 1 98 34 48 35 33 74 30 18 96 44 82 87 65 75 99 50 36 30 89 84 100 6 38 9 36 100 23 4 60 81 21 87 49 87 23 58 59 67 61 28 68 66 19 39 63 64 74 1 15 73 14 81 63 21 56 2 80 63 32 27 71 70 34 17 33 49 42 20 94 88 72 88 51 39 26 47 87 12 39 35 91 93 13 60 
86 8 18 83 29 48 29 55 21 64 38 11 19 74 76 55 14 76 11 94 98 4 40 100 51 71 75 92 74 43 22 37 88 7 72 84 27 78 55 25 77 46 56 94 80 57 49 36 88 66 47 33 73 30 26 13 93 91 10 28 61 68 29 87 24 18 15 81 70 91 25 80 37 62 30 21 10 75 95 64 64 66 88 67 16 22 93 59 81 32 88 56 6 36 33 31 67 15 54 59 75 81 38 30 64 16 21 73 85 74 89 3 32 39 53 39 37 95 2 48 83 97 80 26 46 58 5 4 39 15 30 34 55 23 79 27 0 100 1 4 87 0 85 21 97 68 25 72 42 66 27 34 55 67 98 93 78 39 42 100 42 73 59 24 58 18 17 18 1 46 46 65 25 89 28 50 51 13 89 5 14 21 68 69 78 73 74 52 89 82 94 24 41 68 77 27 2 1 64 94 60 93 92 80 3 70 92 10 40 54 15 43 73 32 95 12 22 84 2 85 41 91 76 56 2 76 6 11 27 71 14 3 92 3 77 83 6 54 11 39 75 81 11 42 71 1 44 41 67 83 37 3 11 84 67 43 36 97 10 40 90 69 81 19 74 59 97 40 95 38 32 74 16 57 98 39 67 50 79 58 10 15 100 45 98 71 73 16 24 34 3 34 34 87 11 32 8 6 43 19 
58 34 68 51 48 45 78 43 76 35 48 89 41 39 24 88 97 5 52 69 45 87 10 90 56 9 73 42 25 45 37 48 34 91 93 90 5 27 3 78 76 4 33 17 70 38 94 81 55 71 66 7 24 85 59 9 10 78 51 84 61 49 91 1 58 3 91 8 65 56 21 1 47 46 34 96 76 17 70 88 35 51 75 15 8 4 44 34 91 82 47 14 49 84 84 4 6 73 15 91 18 51 59 34 98 29 73 35 56 74 94 6 96 37 17 34 88 12 96 91 62 48 2 97 48 35 69 57 23 17 100 51 34 75 14 35 48 57 80 8 79 16 26 63 100 46 98 37 82 83 5 9 100 76 29 24 47 89 16 35 53 15 71 43 58 27 34 94 59 94 69 67 88 94 68 69 41 41 85 7 33 67 76 63 42 35 25 49 100 30 13 33 86 95 72 78 15 28 54 98 11 1 87 75 75 33 65 82 5 93 10 100 40 55 95 12 28 56 21 98 68 33 76 78 29 58 22 94 41 24 11 40 35 1 25 27 76 43 6 81 10 9 16 98 84 52 57 88 52 70 25 94 51 49 40 77 63 71 66 59 0 53 63 80 41 6 72 35 61 8 93 76 76 72 54 89 0 50 47 55 7 60 1 67 89 88 96 97 5 9 47 5 29 44 35 24 53 2 39 53 
63 14 98 23 16 91 15 88 92 12 60 19 36 34 81 13 73 24 26 68 13 17 46 16 85 10 16 15 78 24 43 86 4 97 32 10 9 75 77 98 36 65 52 48 68 59 91 15 60 7 40 88 28 67 15 46 37 17 64 4 89 7 61 100 59 38 0 85 63 20 53 43 15 96 72 69 75 43 66 66 6 92 59 30 5 14 19 76 46 89 26 27 44 99 76 20 83 64 41 2 87 28 30 100 43 46 53 99 1 74 14 89 57 61 87 34 84 57 59 50 43 80 69 49 21 4 96 55 43 59 28 65 31 27 87 24 22 11 74 27 1 19 52 38 2 6 69 57 52 29 9 83 9 67 36 79 70 6 51 75 97 12 54 22 63 89 74 41 60 12 63 32 30 79 49 13 29 83 98 13 62 82 79 73 1 90 6 71 95 78 3 3 73 47 89 12 45 39 45 49 81 54 12 91 96 57 68 84 54 84 90 40 81 7 40 65 12 14 57 19 55 98 37 67 51 38 17 49 65 56 32 1 9 51 25 33 46 21 17 86 3 19 71 100 22 48 89 73 8 30 76 89 76 85 92 14 5 26 56 28 44 57 3 92 33 29 93 30 57 86 48 49 22 56 68 17 65 79 13 25 24 14 75 89 78 94 75 47 50 13 60 6 15 77 25 37 30 63 25 26 
62 67 31 40 2 47 63 31 73 37 7 81 90 80 47 10 51 80 30 1 45 20 46 35 25 80 83 26 1 80 22 70 55 20 92 5 4 12 11 32 46 50 39 67 24 75 62 31 97 18 1 89 78 59 21 13 42 19 45 37 81 58 21 38 87 65 79 100 68 70 62 71 79 68 27 21 33 47 65 54 80 36 40 30 14 7 67 37 97 37 84 47 0 22 46 82 24 51 24 87 94 40 45 40 5 39 11 34 70 16 23 3 87 30 68 97 50 34 66 70 22 46 23 32 73 33 87 7 79 5 77 88 51 34 4 25 0 57 98 59 82 56 68 14 4 37 56 14 15 7 97 95 74 43 58 20 27 1 35 71 22 43 82 53 31 15 72 87 74 95 95 49 12 59 42 33 46 89 9 65 64 39 31 50 13 38 19 99 80 55 62 81 36 68 96 23 38 65 90 70 30 90 57 18 45 71 13 62 40 25 57 43 20 85 3 58 30 89 71 80 4 48 67 61 89 32 55 37 79 0 56 62 3 56 16 82 86 97 22 66 56 77 71 66 62 70 23 49 37 0 40 37 48 81 76 34 33 43 85 29 28 26 44 29 27 85 34 53 52 29 67 55 72 19 67 81 92 3 64 43 56 81 3 69 42 86 80 41 92 80 76 9 89 78 50 25 55 33 96 37 
46 53 88 92 59 56 24 4 100 97 78 32 30 17 17 54 39 32 73 63 89 38 4 51 58 83 11 20 33 76 17 84 42 22 35 41 5 45 19 76 21 45 91 33 93 70 53 22 58 59 17 46 25 25 58 89 91 38 96 23 91 31 41 94 5 23 37 26 48 48 67 8 45 73 94 23 44 94 6 34 6 83 46 11 33 97 76 55 25 19 23 0 14 30 89 59 75 34 36 64 84 95 0 59 34 75 39 96 46 36 57 36 51 51 7 11 81 99 3 87 89 75 25 65 44 40 76 67 45 27 7 77 85 68 33 44 45 95 39 38 33 26 24 44 44 18 73 86 19 21 25 30 99 1 58 77 7 8 61 35 24 49 5 82 71 74 68 86 46 15 54 20 47 58 77 63 32 61 20 69 68 56 63 92 81 8 41 31 19 63 36 99 50 27 77 20 28 29 8 100 15 72 81 42 5 47 73 75 77 13 6 70 20 95 95 81 18 31 31 94 55 31 16 79 81 55 56 9 25 92 26 2 95 69 55 89 7 10 100 59 1 30 2 62 24 31 15 21 32 65 90 5 21 83 85 19 45 39 62 99 84 64 18 7 38 36 63 46 62 38 61 65 46 6 53 98 32 69 80 75 29 94 93 14 8 10 5 73 91 100 97 90 70 32 71 81 2 52 41 65 
43 73 9 3 46 94 20 90 34 61 83 96 87 40 66 1 31 64 6 92 41 50 39 53 15 61 90 88 1 30 100 88 34 35 3 46 52 79 65 68 81 22 87 31 12 100 34 99 63 63 68 89 67 52 19 18 30 92 69 57 76 82 44 26 63 1 19 89 47 14 68 47 81 40 12 7 54 16 51 41 30 76 17 74 92 42 78 39 27 30 96 80 7 67 32 5 10 17 50 31 66 63 14 40 100 33 43 72 10 16 16 19 20 60 86 23 76 24 83 26 68 47 81 74 2 34 20 89 62 47 46 22 57 28 57 94 1 85 0 99 47 17 64 79 86 67 7 30 33 84 87 95 17 61 88 94 6 40 52 56 41 9 10 42 64 11 8 70 11 38 77 29 66 73 0 86 98 66 72 21 99 76 83 79 26 92 88 41 71 29 4 50 62 3 2 13 17 59 80 13 5 52 99 43 42 97 87 36 31 84 75 5 34 87 17 18 61 44 6 61 17 26 44 55 34 48 10 57 38 35 75 29 27 2 44 39 57 41 27 69 16 64 30 13 61 39 42 16 57 15 79 95 46 40 59 22 30 38 53 39 15 9 50 55 38 69 34 40 13 82 9 66 31 20 17 32 94 10 91 73 90 97 21 56 36 84 93 99 25 29 26 40 90 92 95 62 37 37 31 25 
23 22 44 42 84 100 68 18 76 11 61 20 44 60 37 39 29 57 21 59 82 12 10 9 61 83 64 44 49 27 29 37 61 87 63 50 41 78 69 24 8 58 53 50 82 20 57 10 93 44 98 15 91 70 84 7 85 24 39 17 6 67 47 23 56 12 50 4 15 2 43 53 17 20 77 4 88 96 97 10 90 63 30 10 31 95 44 72 62 27 58 38 3 75 25 52 88 75 4 83 85 48 73 50 84 4 44 94 97 97 17 81 80 6 84 16 36 16 13 21 71 54 1 37 83 74 25 100 8 10 26 59 23 28 61 48 65 46 62 75 47 42 53 28 46 1 19 79 24 86 6 24 84 13 95 7 31 23 1 17 53 0 98 92 51 64 99 30 84 87 17 5 9 50 74 47 17 27 78 20 28 51 18 65 8 68 97 23 35 12 86 8 85 8 81 81 21 73 48 23 87 0 4 39 77 38 7 48 1 88 79 88 98 20 11 57 0 45 97 86 88 93 77 99 19 42 79 72 86 94 64 88 52 95 65 77 93 63 87 64 68 62 56 28 2 36 24 12 83 90 80 38 48 98 16 35 73 14 25 36 35 38 27 31 78 32 22 14 27 31 1 6 71 67 24 41 44 19 85 82 2 60 18 69 41 3 78 14 42 98 55 11 2 37 82 83 10 41 82 89 
12 14 37 27 67 14 5 45 63 49 8 33 1 72 61 73 32 4 97 64 18 65 99 86 18 95 75 99 86 8 8 3 61 26 61 4 52 33 77 4 93 46 85 55 91 9 95 3 8 26 27 88 83 71 39 88 45 26 20 79 72 86 44 33 93 76 37 59 18 0 56 69 84 87 44 17 65 22 3 66 49 71 81 24 15 66 59 90 96 62 83 88 8 65 37 84 38 49 54 99 57 50 99 51 67 4 38 98 44 25 46 56 38 95 82 60 96 54 19 73 62 25 25 90 1 56 75 40 66 45 25 42 35 42 86 74 67 86 20 61 82 79 47 31 26 91 59 30 8 61 3 29 39 3 90 82 12 38 66 25 11 23 1 90 31 66 83 81 97 52 32 96 47 0 90 79 39 16 72 53 99 33 97 63 69 64 14 95 27 40 87 72 79 5 20 85 89 69 43 27 97 38 78 57 65 2 49 70 52 77 99 92 98 96 82 25 40 33 55 48 76 48 98 73 54 20 6 99 15 82 38 43 68 28 35 4 56 33 37 75 78 28 88 79 22 76 1 36 31 16 17 62 28 11 61 95 13 46 27 19 95 66 47 49 21 60 6 0 0 55 44 63 80 36 63 70 61 11 3 45 97 88 77 95 34 52 67 64 22 30 39 87 66 59 74 8 79 9 35 89 
93 33 52 42 15 3 8 53 99 57 30 92 82 78 38 19 54 62 86 50 51 10 16 16 60 34 47 25 31 58 0 17 8 35 60 14 68 81 44 82 19 71 26 55 17 20 97 49 84 92 69 82 67 84 40 83 90 64 32 16 92 44 18 16 10 28 95 13 1 50 65 78 38 25 23 34 11 98 52 73 37 51 16 81 46 28 57 76 94 84 45 22 28 10 60 55 65 67 86 46 54 40 46 38 83 27 57 81 28 75 60 82 82 20 78 49 19 60 77 32 26 29 40 36 98 99 62 86 54 72 18 83 24 4 9 20 0 76 59 21 29 26 72 91 7 70 18 35 91 65 63 27 38 45 55 55 57 53 91 30 49 88 90 31 65 45 31 46 27 32 8 83 2 76 3 71 26 96 33 57 78 85 89 30 57 22 71 48 88 98 19 100 24 92 51 98 97 10 65 9 92 53 59 94 3 23 67 68 42 90 4 41 70 62 9 21 16 68 75 15 88 83 14 46 62 27 44 53 21 90 78 54 59 32 65 51 29 75 8 36 53 72 15 74 26 36 42 18 71 40 46 48 71 62 100 57 9 69 48 63 82 16 58 67 9 10 45 62 77 68 95 17 0 42 86 49 93 60 38 68 96 12 66 16 14 55 77 37 94 96 10 65 66 39 76 56 81 11 74 10 
74 12 19 48 9 61 58 85 90 83 65 35 17 68 82 4 89 28 42 19 37 65 65 77 23 63 60 67 87 77 6 34 0 55 24 21 98 53 88 25 5 52 49 28 5 56 86 43 14 18 42 69 84 77 76 76 99 95 25 81 69 19 56 62 42 37 21 21 40 95 12 26 96 92 82 91 37 35 48 38 92 5 57 45 2 61 98 29 97 28 69 36 90 26 30 71 41 75 81 5 49 13 72 34 61 28 37 66 42 24 24 5 5 51 28 11 90 8 27 19 22 49 13 79 22 0 90 89 36 39 72 67 53 2 17 46 2 58 64 11 36 34 29 90 3 90 34 53 40 97 76 48 84 63 85 81 40 92 0 15 7 80 35 9 12 62 58 14 20 69 17 43 14 8 21 20 28 80 66 18 58 62 12 86 1 26 98 4 18 25 96 83 44 21 48 99 64 96 64 82 6 12 58 62 22 29 10 11 52 2 88 80 66 92 7 89 45 19 46 51 49 84 76 79 34 90 98 93 76 11 62 16 27 84 80 25 22 78 42 84 21 66 49 6 50 6 73 10 49 24 9 10 26 43 13 69 94 92 88 21 20 92 7 44 74 85 66 48 3 17 27 28 70 87 87 5 30 93 76 74 83 70 86 53 77 18 64 10 72 46 36 65 51 73 4 71 82 23 95 82 
23 51 44 14 73 0 62 81 88 65 77 52 8 2 3 80 92 47 16 50 45 68 76 34 59 17 84 20 3 95 23 100 17 25 12 53 35 69 37 54 20 25 40 53 90 37 28 72 36 15 69 59 2 63 21 75 76 99 13 66 73 77 47 0 66 5 21 75 65 43 32 48 62 99 1 10 57 41 16 1 76 64 70 65 5 94 67 97 58 55 83 94 89 7 43 30 23 65 36 72 20 15 96 66 19 13 14 74 65 95 17 50 99 75 56 6 5 26 94 78 24 73 12 31 19 22 81 28 43 17 66 68 69 67 95 28 54 22 80 25 18 42 74 79 21 7 24 51 69 54 57 37 9 53 73 47 78 23 19 67 77 35 41 66 68 11 84 84 56 69 67 16 63 96 11 47 96 91 42 21 45 15 57 79 26 48 33 63 8 60 27 26 38 98 52 3 70 82 22 99 88 52 5 21 6 98 93 77 88 1 62 45 10 6 46 8 93 6 71 57 3 36 70 10 59 48 48 46 32 22 78 77 97 63 25 66 51 62 71 95 58 77 7 77 77 74 81 88 85 73 22 66 28 67 7 59 67 80 1 38 52 62 36 61 52 39 43 16 87 91 6 54 12 9 48 54 84 54 53 43 11 63 80 90 89 18 78 95 95 65 91 81 62 28 79 9 65 44 30 75 
65 23 12 8 26 45 95 44 4 30 7 87 92 27 70 82 29 19 89 82 99 31 5 21 69 8 12 36 59 68 50 96 12 49 75 82 38 24 45 91 3 28 55 10 78 93 19 89 94 59 42 80 79 99 88 74 82 28 20 76 64 71 90 63 29 64 45 36 73 16 71 40 22 75 57 39 30 56 0 34 42 8 93 2 56 53 18 92 64 25 11 23 49 75 37 12 68 81 44 85 28 23 28 69 76 85 11 97 73 98 30 30 82 95 90 87 11 58 93 19 79 61 48 41 71 70 53 26 47 13 31 13 51 66 62 39 63 74 41 83 43 89 80 39 90 48 17 87 97 28 9 2 87 51 70 69 88 39 5 52 71 94 19 52 50 97 23 62 73 98 65 30 86 57 5 42 96 79 47 3 51 87 41 30 82 86 31 38 64 27 50 27 95 11 61 6 84 92 51 2 20 12 100 39 5 17 42 3 37 95 49 76 32 45 36 84 2 52 15 10 6 71 85 42 6 81 70 43 23 26 21 85 48 8 17 35 16 9 98 35 47 87 88 44 62 78 78 62 29 32 84 38 62 89 33 44 11 97 48 97 76 60 80 2 33 16 63 29 77 40 52 67 61 20 63 2 12 53 32 87 50 82 1 98 89 74 20 47 86 4 43 39 13 100 23 70 68 7 33 61 
60 55 9 39 53 94 51 74 72 79 49 95 81 67 0 46 1 77 48 36 4 51 75 68 86 56 45 27 32 22 31 95 60 34 10 41 51 62 83 21 80 3 72 68 42 36 51 91 9 7 64 48 81 41 57 9 98 54 61 4 65 36 52 54 63 34 50 14 43 32 74 94 1 86 65 74 1 29 18 13 48 36 63 47 80 75 15 45 65 45 79 2 100 13 84 60 84 82 99 83 28 46 60 17 28 17 7 62 83 3 35 14 65 62 68 35 94 79 50 79 62 58 83 30 2 16 62 42 46 72 34 82 36 98 12 68 18 100 75 87 55 88 84 52 19 68 19 88 97 98 40 23 68 66 47 97 1 26 46 26 100 50 42 80 84 20 11 48 91 51 29 2 64 17 75 40 12 44 52 70 37 4 23 90 0 9 16 41 58 6 46 36 50 74 55 20 99 62 17 83 75 73 40 100 6 18 43 94 89 78 88 23 50 75 59 9 18 3 18 53 66 61 75 72 31 68 67 58 79 42 13 9 28 91 74 54 38 11 66 62 48 24 6 92 41 16 57 76 80 64 93 89 90 53 21 45 18 79 54 89 26 19 55 53 20 67 81 68 1 9 86 0 48 73 18 31 44 8 32 4 14 82 85 27 1 36 64 11 59 88 29 87 46 78 2 99 70 2 43 95 
48 58 53 13 51 10 4 17 20 27 74 33 93 9 27 48 94 63 64 33 99 84 2 59 97 46 94 50 19 66 75 45 61 41 81 11 27 70 2 83 92 85 34 56 69 21 37 27 61 12 67 74 71 15 9 49 26 58 5 84 29 22 39 100 91 93 11 80 88 41 70 100 44 86 81 94 90 69 28 81 17 39 94 96 50 10 29 84 63 41 84 44 26 87 57 91 32 44 7 99 11 22 59 75 33 75 67 79 33 51 34 84 15 70 23 48 65 97 67 13 18 54 27 87 4 72 4 95 40 11 31 23 55 72 86 77 79 96 53 12 81 22 58 35 62 75 74 45 33 55 95 59 10 83 13 54 88 9 83 52 72 96 8 5 86 25 60 11 67 94 38 60 34 81 77 93 40 56 88 60 76 35 23 28 10 19 79 61 68 36 7 35 93 77 62 65 30 43 89 90 21 81 31 50 4 94 12 51 48 30 4 42 47 19 81 10 77 0 25 17 62 90 54 6 94 14 88 18 87 20 68 23 3 53 10 8 63 55 4 47 65 90 14 50 55 68 86 72 96 52 22 24 20 87 83 80 52 78 22 55 79 63 10 8 10 52 80 64 13 33 10 19 8 71 33 96 98 94 96 47 92 61 99 38 93 15 63 47 87 97 62 14 63 59 44 45 65 23 64 73 
98 52 99 65 57 85 26 75 87 41 92 27 74 71 63 96 95 91 42 33 25 91 4 23 45 77 99 71 70 47 32 81 75 93 40 41 13 2 15 14 52 87 56 55 44 89 21 55 49 87 14 44 92 30 82 44 61 40 67 21 99 42 26 30 87 69 62 30 56 44 35 24 82 6 83 81 77 5 36 4 18 6 71 31 86 10 98 96 90 48 22 58 18 46 22 85 13 99 67 1 17 15 27 91 48 33 71 45 70 30 15 79 81 100 0 89 8 64 49 76 32 22 77 33 3 6 72 49 65 100 50 50 66 8 53 22 11 57 76 32 31 25 8 16 69 4 48 72 83 17 93 50 39 90 98 18 34 4 65 28 31 69 63 17 60 1 62 5 2 31 46 93 5 53 27 20 90 72 56 58 37 85 19 88 61 29 11 59 12 0 20 22 80 80 71 86 79 45 46 46 2 61 83 90 48 65 67 84 73 41 74 49 25 77 86 72 53 92 25 18 46 3 72 90 9 69 82 19 76 7 43 94 29 93 81 38 4 32 7 68 51 63 7 41 75 45 49 100 32 47 95 18 66 68 21 71 70 49 7 31 94 8 90 88 34 32 39 90 33 74 89 93 90 80 10 47 20 96 48 88 87 50 23 25 90 64 61 75 60 16 31 26 76 12 21 46 40 21 34 32 
81 36 54 59 14 20 64 92 36 60 24 19 63 10 70 61 86 50 43 90 83 69 42 49 99 51 6 15 2 64 95 89 90 4 6 25 36 72 12 76 92 24 5 64 18 38 60 60 24 48 72 73 82 24 45 75 1 94 29 90 5 32 59 15 37 59 14 22 38 8 27 47 42 70 72 55 39 21 51 12 18 87 100 19 82 9 27 56 29 43 91 15 52 34 77 62 48 59 24 30 35 55 4 40 46 6 79 72 84 34 68 59 82 27 20 10 83 60 32 57 14 58 22 47 73 46 70 11 79 90 25 72 37 6 79 5 58 24 33 17 12 96 27 56 80 80 92 9 57 15 21 4 42 73 91 88 59 24 48 19 44 48 74 0 54 8 44 5 84 6 55 93 78 99 69 13 51 80 18 73 48 54 62 66 75 2 11 81 58 24 10 78 12 24 25 26 30 86 84 82 67 89 85 40 36 36 80 85 27 11 78 63 3 71 12 55 16 92 79 53 99 65 59 35 29 61 67 70 20 59 64 42 48 27 70 63 94 70 77 65 91 32 46 73 23 74 64 74 37 53 71 47 44 99 1 98 57 53 79 46 26 83 56 6 74 96 30 36 46 36 88 34 75 58 69 98 46 27 47 90 72 34 49 16 46 67 73 1 39 79 98 67 39 83 69 46 51 54 34 96 
55 34 57 44 24 63 22 62 10 40 93 86 23 9 83 15 91 50 64 63 19 27 6 88 90 90 9 98 3 74 54 88 32 88 40 42 18 62 73 18 67 85 54 9 0 99 28 75 14 32 94 7 20 95 56 67 1 82 12 71 96 90 63 65 11 56 74 45 75 10 62 73 76 43 15 42 24 84 48 34 3 39 42 80 30 70 79 41 65 82 37 67 59 10 11 79 49 83 76 62 6 15 12 82 68 6 72 83 56 90 53 6 1 79 98 27 16 84 51 54 30 42 15 67 85 71 61 87 95 90 53 0 16 22 57 86 12 56 71 36 63 72 53 84 16 5 85 92 36 25 77 91 95 43 4 71 20 74 22 14 93 45 38 2 52 68 23 86 37 14 86 22 39 15 26 26 34 47 96 13 28 82 69 52 73 81 48 22 12 68 94 5 94 52 83 52 88 36 6 41 56 12 18 32 76 28 14 2 81 43 37 62 72 81 15 78 69 69 58 89 76 69 45 37 25 71 52 84 74 51 36 42 55 65 5 98 54 22 25 38 77 63 53 66 68 81 28 36 15 14 34 93 17 0 38 65 33 95 83 61 30 55 96 96 4 51 55 88 72 40 59 98 72 39 57 20 7 70 2 68 74 64 48 90 73 35 16 20 66 97 91 80 75 41 39 23 73 65 90 93 
10 73 66 50 82 2 19 43 95 23 36 3 77 89 76 33 26 80 17 86 86 51 64 10 35 55 53 76 30 40 27 75 81 2 29 32 75 25 40 77 74 84 62 79 69 52 81 83 72 33 62 36 40 86 25 38 36 61 4 70 80 50 87 20 10 4 18 77 32 13 62 74 62 77 82 29 74 54 17 89 43 67 7 93 15 53 32 100 16 48 36 82 69 19 84 58 34 14 18 98 67 40 99 100 40 15 50 88 53 99 27 39 93 26 97 92 31 59 8 76 56 53 27 51 31 44 2 93 49 23 25 15 94 72 74 62 59 16 14 19 6 71 78 79 52 80 94 98 53 40 87 7 52 18 84 33 83 49 91 75 77 57 62 32 97 45 34 35 8 69 42 83 2 31 5 17 36 27 23 99 4 49 76 25 44 25 36 93 32 68 3 48 8 24 61 6 94 30 75 87 22 43 95 65 23 22 39 82 66 85 52 69 4 74 16 27 81 25 48 27 98 30 78 70 69 40 32 4 29 53 20 5 24 12 81 16 91 19 98 47 61 16 58 16 10 58 83 6 24 55 4 18 6 56 17 79 0 40 55 86 55 97 4 36 61 40 11 51 35 48 66 14 46 41 56 40 86 40 30 32 9 76 48 56 15 89 25 22 22 96 41 50 58 17 54 35 8 64 59 46 
59 13 12 59 16 37 50 24 89 79 76 46 89 88 96 87 95 16 41 19 30 21 6 72 78 30 88 51 3 63 36 9 2 95 40 46 26 73 45 32 59 2 40 55 4 65 50 88 78 11 92 22 97 95 38 93 15 35 23 54 6 94 92 87 33 20 86 20 66 86 17 14 96 9 87 53 94 78 98 23 90 78 9 35 35 78 81 59 38 67 77 39 76 66 25 28 72 79 3 51 93 53 67 40 84 97 66 42 93 14 26 79 14 71 7 93 96 30 94 3 36 92 29 84 57 3 64 87 32 40 83 20 91 75 57 34 54 74 78 44 8 25 52 61 69 74 83 91 26 79 99 31 7 3 83 58 7 54 42 92 81 20 9 29 18 35 95 26 2 52 3 10 55 78 22 79 10 54 42 47 66 92 7 24 73 100 81 18 78 48 76 72 8 90 36 23 97 73 83 26 60 73 32 68 63 29 45 16 57 6 44 18 67 63 68 44 22 17 42 18 95 11 60 56 7 68 22 28 16 37 42 80 43 48 76 2 32 45 93 32 100 26 85 48 89 85 2 49 16 8 6 6 91 97 72 31 86 13 7 76 28 82 86 76 53 88 31 32 46 79 43 65 92 75 12 73 5 15 82 82 88 59 19 21 30 9 35 7 79 78 33 69 53 41 18 24 83 26 90 16 
2 50 71 67 47 64 46 24 100 96 13 16 87 76 96 81 66 69 84 64 32 20 34 30 47 51 37 93 46 74 70 90 51 40 57 27 6 52 65 0 42 20 54 65 49 97 99 11 54 63 46 13 63 69 86 72 66 57 58 36 61 39 92 76 28 17 66 93 66 68 6 12 20 59 64 9 97 11 74 82 38 21 36 10 53 14 18 46 64 3 29 92 51 94 61 3 28 85 82 96 10 24 80 66 7 3 25 27 5 76 2 8 36 26 98 32 29 43 69 24 37 74 37 100 33 4 61 50 70 80 75 64 100 74 41 98 7 71 92 83 5 56 44 18 96 72 28 8 89 62 69 24 29 80 84 91 81 50 93 5 1 58 25 21 81 99 21 57 92 54 97 87 71 93 50 80 76 86 45 86 46 23 16 41 75 8 86 91 71 2 36 0 79 40 62 78 72 60 51 99 6 9 42 34 93 40 49 3 22 73 15 67 17 6 49 46 89 57 32 9 40 34 92 21 89 15 57 77 28 2 94 75 60 15 30 13 41 65 26 9 9 27 37 84 49 8 17 65 41 10 76 98 88 24 94 7 96 63 34 39 81 92 53 73 64 60 82 82 15 75 17 46 53 41 14 61 94 12 13 6 100 94 96 38 21 19 33 38 100 24 20 54 17 6 54 22 54 23 27 75 
24 55 96 84 28 46 22 52 88 86 28 53 88 10 42 17 90 75 36 68 65 24 75 63 98 87 18 82 40 3 21 27 23 19 99 15 54 18 71 89 24 5 59 100 25 99 86 31 28 47 91 42 39 8 59 75 59 98 61 82 97 22 3 60 91 23 83 65 90 37 76 1 80 38 95 61 87 74 47 21 14 61 35 61 71 28 17 18 53 4 97 5 82 29 19 33 19 9 42 30 5 85 21 60 11 43 17 25 4 42 95 48 25 88 72 30 2 70 12 56 59 33 40 51 27 25 41 65 25 62 92 36 53 10 6 59 13 29 18 69 36 81 36 43 28 70 24 7 45 19 15 0 83 53 46 39 0 15 54 7 99 12 82 83 70 99 14 66 98 43 39 81 68 100 62 88 26 2 79 13 85 44 67 14 31 0 86 62 42 12 31 50 32 81 76 47 72 87 20 80 85 13 44 12 63 19 8 87 46 70 24 18 99 93 1 60 52 68 11 45 94 88 67 39 64 76 43 90 64 55 37 39 98 68 77 29 44 32 3 57 80 20 81 57 26 44 26 33 99 72 93 76 70 57 22 27 2 48 56 3 11 16 5 99 9 81 22 62 12 37 44 23 12 56 98 79 39 79 47 7 8 18 14 25 73 24 57 9 78 10 51 45 22 69 65 88 3 20 86 67 
44 56 0 57 45 17 8 46 11 85 95 11 8 17 96 49 34 93 60 16 1 25 96 13 82 77 57 0 39 15 76 10 65 75 88 89 83 86 70 34 15 90 53 40 34 23 39 4 53 19 26 53 91 88 28 16 51 71 42 8 8 73 85 38 47 85 44 42 54 95 19 83 2 22 16 37 55 38 34 60 73 72 51 50 91 16 54 76 80 72 44 49 47 24 9 12 41 48 94 47 76 21 3 83 39 76 60 4 50 47 26 19 67 70 93 1 87 79 39 40 0 38 97 74 65 26 47 57 48 69 32 19 87 32 38 15 92 72 95 18 84 55 8 67 40 33 50 50 73 60 41 30 34 70 90 99 14 5 0 97 11 7 55 5 13 35 7 94 83 93 9 81 14 39 2 10 14 81 61 1 20 52 90 40 46 71 45 75 71 60 91 21 92 32 38 98 0 99 92 8 8 33 87 74 6 94 26 10 95 3 57 11 64 88 22 87 18 12 9 40 54 24 56 56 61 24 55 68 96 87 12 43 3 56 87 91 40 97 35 90 32 51 56 38 5 37 64 87 92 9 40 27 86 89 50 51 81 99 72 85 95 80 60 69 77 45 21 90 69 16 63 84 91 90 44 62 9 86 11 81 60 81 73 74 76 93 61 71 53 19 88 41 13 100 72 53 83 55 9 67 
36 17 29 15 39 69 88 89 9 0 59 44 94 37 64 15 64 10 59 55 31 69 80 72 25 14 31 75 48 20 84 11 35 75 88 68 57 62 45 48 14 70 44 69 23 76 32 21 43 3 50 21 11 69 11 72 83 75 50 91 34 5 13 94 92 60 27 53 56 34 18 26 27 14 47 41 14 3 19 99 41 78 56 87 57 38 92 94 74 2 60 49 41 24 56 4 10 84 33 47 32 23 1 6 69 60 13 25 8 79 45 76 26 86 70 67 63 19 53 54 93 33 64 69 35 81 68 8 16 16 54 70 4 65 18 26 29 42 79 0 13 54 6 92 42 59 12 64 13 51 77 65 92 43 47 73 59 30 28 31 53 95 39 70 82 90 8 20 39 58 65 68 89 16 30 36 52 32 100 67 2 76 11 27 12 62 25 35 6 25 45 37 85 35 83 55 13 49 50 49 51 32 3 74 63 33 37 71 8 16 58 100 38 57 47 88 69 84 45 13 66 85 98 37 4 38 76 16 37 18 31 24 69 99 59 69 80 51 60 26 82 21 67 48 96 48 94 32 96 99 3 61 35 92 23 34 3 24 96 97 93 21 44 68 38 24 38 83 47 5 44 35 74 80 9 68 9 34 15 93 21 2 2 0 84 73 28 35 80 43 28 40 52 26 49 34 19 40 31 65 
22 45 0 38 66 9 35 41 41 36 70 66 59 78 40 29 81 92 93 54 8 38 72 76 15 5 55 36 76 70 27 46 30 12 55 56 16 44 61 69 62 15 49 64 72 55 93 50 89 35 25 84 1 42 87 100 10 94 72 70 64 89 7 77 9 56 30 0 7 53 25 82 42 100 7 55 15 67 33 38 81 89 97 36 89 39 42 42 43 9 99 26 86 91 25 58 42 58 84 47 35 0 80 92 44 51 54 94 57 32 88 56 17 79 5 87 71 82 16 22 39 70 44 73 20 77 92 96 65 55 9 83 56 70 58 99 32 29 19 10 60 3 5 28 2 24 3 90 36 81 87 13 19 81 67 51 97 6 52 44 93 65 84 66 77 87 1 52 21 49 52 6 29 33 54 67 54 26 54 96 65 10 34 5 49 2 5 14 12 52 100 29 47 23 56 63 59 11 33 8 63 34 83 91 95 36 41 13 92 39 71 41 71 49 98 63 50 72 27 70 22 5 92 55 78 49 94 68 94 6 88 62 95 29 14 62 69 22 10 75 63 15 82 94 99 94 54 12 26 35 92 9 34 31 80 89 35 74 66 53 45 0 4 99 51 4 43 17 91 96 40 82 53 19 63 13 49 69 25 30 0 30 3 40 98 31 87 17 22 33 68 70 93 39 68 4 89 6 76 61 
34 6 46 22 79 40 87 71 17 81 9 85 29 44 77 65 41 87 11 79 21 68 23 87 29 36 63 97 76 65 80 84 87 51 45 6 84 78 8 41 82 96 37 15 49 3 90 20 60 71 8 18 100 73 56 25 43 54 59 90 100 1 19 4 99 97 55 49 49 91 79 34 59 2 23 17 84 97 65 94 29 48 31 16 99 47 50 73 78 64 0 30 90 39 37 53 34 60 81 19 27 90 53 3 25 25 42 54 65 73 98 71 0 27 30 81 20 91 48 11 69 48 20 75 76 7 7 74 15 40 64 79 74 88 64 44 50 23 73 65 71 88 81 76 88 58 11 64 8 21 26 52 60 82 61 70 39 7 62 25 94 15 62 59 29 28 17 71 93 81 49 63 50 90 56 13 38 64 15 52 46 20 100 92 66 14 47 83 84 89 80 47 85 26 64 54 62 5 73 14 87 62 54 96 82 27 34 24 94 36 75 31 22 11 23 9 45 1 8 32 87 37 29 93 37 40 63 83 16 7 10 55 31 67 88 36 52 7 17 100 37 86 63 60 25 75 69 97 57 56 43 9 97 89 0 41 37 20 26 93 24 76 80 19 5 34 0 17 67 55 6 66 89 2 89 65 56 17 53 68 96 71 33 100 77 15 5 73 34 68 12 33 36 21 92 40 28 76 8 32 
24 13 85 67 16 39 74 39 64 25 2 76 34 79 37 89 84 19 23 63 34 34 53 100 32 19 98 83 31 90 20 2 86 81 9 39 12 51 74 33 5 23 79 76 71 53 62 87 56 65 15 91 79 28 96 47 93 78 81 2 92 11 46 54 81 6 51 29 75 9 65 62 82 92 80 6 94 91 70 76 9 96 2 9 6 43 87 18 37 88 20 15 79 66 68 95 89 31 10 32 32 13 36 93 7 98 92 57 83 71 88 47 89 77 34 87 9 97 46 80 17 58 80 81 31 33 13 97 23 89 80 14 90 55 55 6 46 87 75 76 2 1 42 8 92 63 10 92 2 86 85 29 19 57 16 10 63 12 64 31 59 7 78 7 42 50 53 39 45 31 45 66 46 72 12 61 23 66 14 98 20 64 62 67 56 83 55 87 29 56 67 53 92 13 64 73 18 62 64 50 6 94 52 18 71 82 70 76 3 25 39 90 37 23 65 37 70 38 76 46 38 18 2 19 13 86 61 72 8 58 72 68 25 9 28 91 82 54 96 35 89 64 47 63 94 89 80 4 46 100 13 80 23 26 77 13 66 90 94 56 16 37 4 88 84 42 76 83 80 88 21 81 72 68 81 74 59 57 34 95 88 90 69 100 71 42 83 98 4 9 27 98 40 98 59 63 41 91 35 93 
78 35 100 40 100 76 52 97 41 31 55 11 32 31 97 6 55 51 28 99 76 96 20 9 25 38 13 66 14 36 34 82 43 71 36 80 89 78 38 0 92 16 40 4 32 56 8 27 50 85 90 59 87 77 80 30 58 96 100 0 79 69 79 97 76 40 16 59 70 74 11 95 1 93 66 86 81 96 96 79 23 27 60 32 81 78 72 87 33 20 74 79 26 80 47 87 80 49 9 92 38 42 65 87 82 40 75 59 33 82 9 83 10 37 64 29 77 78 7 95 40 11 65 33 14 18 96 100 73 0 22 50 8 91 65 70 57 26 73 55 75 51 73 61 6 50 30 39 6 85 34 55 32 76 6 2 1 24 75 41 63 2 63 19 11 99 61 33 91 13 77 68 98 52 12 54 11 67 92 47 91 66 99 93 89 9 91 71 28 80 65 75 97 95 83 82 22 61 37 73 10 15 74 96 94 10 14 35 72 19 63 83 86 60 15 55 86 56 58 32 60 85 3 61 57 28 98 70 43 63 59 76 22 13 48 82 1 2 23 78 83 82 97 92 19 5 44 0 50 3 31 13 73 90 43 42 33 17 54 58 96 54 70 17 81 82 24 76 47 76 41 71 10 27 68 53 73 55 15 34 85 0 45 30 53 8 1 26 27 79 61 75 1 17 26 33 45 69 96 55 
62 40 70 39 74 87 63 19 12 7 56 63 12 32 17 34 45 65 1 4 23 77 34 96 18 30 37 54 68 21 33 15 73 73 24 7 44 29 44 24 96 98 85 93 59 46 25 60 36 89 9 64 92 30 24 71 2 49 68 78 32 92 93 2 54 21 18 93 69 42 36 77 29 63 24 67 82 50 37 29 64 58 43 29 91 52 48 10 2 54 69 17 43 73 26 61 35 14 32 46 69 57 94 49 50 86 5 40 98 70 98 34 87 65 64 17 54 66 60 41 45 67 93 38 86 75 1 7 62 65 2 65 32 73 68 37 37 43 7 79 20 69 43 65 24 54 91 33 31 88 2 56 2 14 90 8 67 96 75 8 93 6 27 77 49 69 0 29 95 21 63 5 28 2 95 88 30 11 70 26 51 40 70 8 44 16 20 47 81 22 33 50 89 5 90 16 19 71 49 28 14 32 71 96 30 56 75 38 6 17 97 82 91 29 66 90 75 89 1 44 21 30 90 35 1 44 25 74 14 81 29 20 46 73 27 29 92 0 12 33 18 22 28 47 5 63 23 32 86 28 87 74 13 5 62 0 38 96 71 4 32 28 52 53 61 31 39 90 57 82 90 84 77 38 46 61 73 85 100 10 39 72 59 46 51 44 85 97 78 21 57 53 43 37 42 68 98 89 64 95 
71 79 8 82 20 61 27 34 28 54 81 41 19 6 70 25 92 5 71 50 13 37 76 10 71 61 31 46 39 53 84 67 27 75 25 45 34 99 50 3 60 40 76 40 92 35 77 65 61 25 97 64 6 71 100 44 93 18 12 35 46 35 95 20 24 6 52 58 71 40 4 43 7 52 74 23 17 52 39 100 74 24 79 93 51 99 97 99 98 86 54 88 15 48 100 22 58 39 65 25 10 8 67 96 18 44 59 51 60 26 30 16 87 79 52 78 59 33 74 82 88 65 23 57 47 24 17 41 23 17 2 22 79 44 9 42 17 82 36 38 44 37 69 98 35 17 77 72 54 93 37 19 77 73 82 95 16 10 1 67 24 48 8 33 92 51 66 40 33 74 44 4 48 21 75 80 25 25 71 42 88 53 85 94 87 50 27 11 74 58 57 26 12 81 19 81 82 0 65 5 42 85 73 33 45 79 70 50 79 9 48 86 2 97 14 33 58 39 76 6 67 66 60 68 53 62 65 86 41 22 90 86 15 16 41 14 87 73 41 55 39 26 25 52 89 41 35 33 86 20 54 46 13 85 56 80 22 95 82 2 48 71 65 61 69 29 56 9 18 7 34 4 2 87 80 79 93 81 59 58 100 33 10 94 21 40 92 5 73 87 9 4 39 69 22 87 43 13 95 86 
51 10 76 55 69 28 29 89 13 70 70 80 88 93 7 44 96 78 32 50 13 97 91 13 19 67 40 53 21 95 30 97 22 45 89 69 0 9 23 82 92 89 23 22 94 84 15 53 97 87 37 20 55 10 66 71 14 24 29 4 72 80 64 4 49 33 77 78 1 99 15 46 64 77 90 3 86 31 80 84 83 13 38 68 95 52 27 68 86 60 1 34 93 62 7 58 18 80 28 79 47 92 8 66 56 12 70 47 62 73 80 73 93 59 100 92 6 12 37 32 94 67 39 39 76 3 26 18 62 37 78 43 69 8 25 68 3 74 56 41 49 86 3 15 97 61 67 57 34 23 87 83 62 91 1 92 79 27 40 25 86 13 49 97 61 88 13 41 29 19 91 87 75 78 67 54 90 75 28 66 5 89 20 14 46 77 63 81 71 19 59 33 38 25 36 59 77 100 98 48 91 7 18 60 90 64 64 11 27 88 16 58 38 6 94 29 62 95 27 23 41 47 33 12 50 4 11 27 25 28 88 89 94 17 54 76 97 71 13 62 40 67 14 10 100 49 30 71 96 94 31 35 92 34 22 10 33 81 92 60 14 52 69 1 1 33 76 0 78 26 40 55 81 72 5 68 79 47 77 36 95 97 26 26 86 43 50 7 10 20 19 4 6 26 68 10 87 98 60 35 
21 83 82 16 38 63 87 99 99 38 76 53 72 12 24 62 27 42 35 44 93 4 42 49 31 75 25 92 80 9 70 1 22 41 2 93 38 32 34 87 0 49 33 68 11 54 0 78 69 60 60 46 1 58 51 100 25 40 70 28 26 74 40 23 97 77 87 85 3 12 58 27 52 29 5 18 99 34 16 19 8 48 33 26 22 36 68 98 16 68 99 29 82 18 21 68 46 8 54 65 94 28 9 82 74 66 32 46 25 86 61 45 36 12 56 68 96 58 52 60 16 55 87 43 53 99 26 23 87 28 87 64 48 91 15 78 91 92 31 31 99 87 7 94 32 45 85 51 68 22 45 90 63 50 9 48 92 67 40 30 3 86 90 7 18 18 64 82 31 42 70 24 82 79 71 73 23 33 82 4 99 56 12 24 36 17 100 24 68 80 95 24 7 76 65 15 13 20 48 41 6 31 10 67 74 58 85 20 88 67 4 42 29 85 45 45 29 5 86 43 40 44 25 11 94 56 82 25 16 85 56 59 40 74 32 8 10 30 72 100 70 28 12 63 13 98 99 52 61 70 77 51 6 27 56 31 74 69 70 61 22 96 43 34 66 62 86 37 29 73 47 17 81 64 64 90 59 14 54 27 67 1 67 17 55 32 72 24 49 15 38 33 59 76 58 6 41 36 45 63 
77 21 77 36 50 78 80 19 15 36 14 29 71 5 64 20 54 54 78 25 15 62 77 53 4 61 90 2 62 89 75 35 60 23 29 46 27 17 66 79 52 99 10 12 13 14 46 19 90 17 73 28 96 34 66 78 92 64 58 23 42 3 43 62 22 53 37 35 21 53 84 13 76 20 84 59 70 57 57 0 16 69 90 71 6 26 35 21 90 17 85 81 62 19 39 22 97 10 64 96 29 97 97 90 7 12 88 49 21 57 89 33 80 5 8 73 35 89 34 43 17 56 95 81 40 98 92 40 14 36 87 66 88 62 47 95 60 28 2 4 19 34 27 93 90 14 45 59 76 11 89 52 10 11 94 31 95 8 66 83 35 81 17 34 92 75 13 88 100 20 53 40 91 37 17 85 68 24 78 77 34 61 30 100 60 20 32 26 96 25 56 70 80 44 91 74 38 63 10 8 24 1 60 25 74 69 42 29 78 85 46 35 30 49 81 80 83 48 71 56 87 83 51 100 62 44 70 92 79 84 100 49 68 29 36 27 5 1 63 24 13 21 44 32 87 50 67 40 26 95 97 49 78 84 14 1 81 82 34 28 2 17 0 68 38 51 16 19 5 70 28 28 66 89 12 64 34 24 88 10 89 67 57 1 93 33 96 44 63 48 17 95 22 73 98 3 66 85 52 9 
91 22 16 88 31 37 11 96 80 47 71 81 39 26 11 39 59 35 60 5 27 3 39 0 55 0 72 16 27 64 91 88 69 34 34 74 50 68 18 76 19 65 67 74 0 2 43 71 52 3 51 21 67 73 26 96 36 73 13 50 36 8 7 48 53 72 45 99 23 44 75 29 10 49 95 29 34 1 77 6 61 16 83 94 35 92 92 63 18 42 56 1 14 53 78 48 23 59 84 14 29 6 9 9 16 1 52 1 1 88 80 34 45 98 60 7 66 49 39 49 45 36 69 58 17 33 65 11 55 30 13 32 74 61 44 13 40 93 76 74 93 48 51 72 16 5 100 0 71 12 1 78 13 97 85 62 90 22 64 31 71 8 90 51 16 27 87 19 39 72 78 70 38 84 55 53 36 83 88 20 53 37 50 3 93 64 63 91 86 0 93 96 20 76 14 11 72 53 42 6 98 10 28 63 81 44 59 1 8 3 100 7 13 35 58 31 31 39 43 8 23 31 70 71 10 14 82 62 55 29 59 93 64 48 12 97 28 29 34 51 14 15 71 54 100 23 81 34 54 91 65 83 17 95 38 77 36 8 3 13 57 31 15 15 15 20 52 83 60 23 7 26 33 41 2 50 55 54 49 52 8 29 90 31 64 19 14 77 59 85 12 88 4 94 68 5 76 11 31 9 
58 90 40 90 58 52 30 95 58 87 0 79 18 72 36 82 26 60 28 43 28 87 21 56 10 62 99 99 99 73 76 32 86 64 83 49 52 89 33 82 69 46 90 59 35 12 95 5 48 0 93 90 28 0 72 77 59 67 11 45 78 34 77 39 69 7 64 92 76 13 28 3 11 82 27 27 94 14 97 98 69 65 1 100 15 19 68 50 52 89 90 7 87 50 67 19 18 92 1 86 62 16 21 35 38 22 9 59 74 72 62 85 33 79 85 43 42 25 65 79 14 100 34 35 72 50 10 87 52 61 49 70 45 51 73 31 69 36 30 82 2 27 58 39 26 7 63 95 17 21 57 37 55 91 53 53 56 18 90 25 37 45 18 58 17 89 27 23 73 18 66 38 86 42 8 75 33 79 74 55 0 20 86 80 74 23 41 74 12 10 52 27 67 22 29 86 70 27 6 25 45 4 66 48 2 33 98 88 68 1 71 47 32 88 31 8 65 5 63 47 86 94 42 91 12 9 15 45 41 19 60 67 96 88 44 15 23 84 91 76 80 34 99 22 50 97 24 8 37 60 21 20 56 49 86 76 85 13 14 93 46 14 95 48 14 69 93 83 8 58 68 84 87 30 47 6 83 14 23 0 49 11 27 95 93 95 62 1 63 36 7 46 98 67 37 53 94 93 61 23 
92 11 53 35 93 83 10 59 31 42 64 67 51 41 77 40 50 63 80 97 45 56 32 90 16 16 36 74 84 86 10 37 32 14 51 17 22 61 90 16 85 92 93 49 26 93 95 4 40 44 94 19 81 74 65 83 77 53 0 10 31 40 63 31 49 71 12 35 69 4 25 78 41 36 56 55 53 85 33 71 34 10 22 42 80 6 85 16 72 100 74 81 26 18 6 55 11 31 49 59 69 88 74 26 9 38 50 38 6 56 49 49 47 15 45 48 29 11 43 40 89 74 86 72 48 39 76 7 17 100 86 89 37 65 80 54 31 93 45 72 45 52 67 16 30 50 36 50 35 27 62 86 55 85 53 31 39 66 56 5 2 94 68 2 7 58 72 77 95 8 26 41 94 80 21 92 20 18 73 16 23 77 61 73 53 79 14 51 20 9 76 39 15 98 34 88 18 63 41 27 14 99 50 72 59 35 71 21 19 11 92 34 19 78 46 41 59 71 21 13 65 97 43 81 15 22 53 14 73 73 73 27 35 97 32 51 95 64 82 72 30 97 44 88 34 48 58 35 90 46 76 2 30 57 16 63 31 58 41 40 67 13 76 94 35 95 73 90 3 53 31 2 99 4 39 36 84 78 22 70 82 77 51 30 29 2 43 52 81 54 93 23 1 99 75 91 41 89 11 53 
99 1 19 42 65 86 57 16 75 34 71 48 35 18 77 60 35 80 16 76 78 18 56 82 89 58 13 82 90 62 73 86 13 1 83 40 89 77 84 30 93 60 95 50 96 87 63 22 96 87 67 4 75 25 71 94 62 26 65 12 89 54 97 49 73 96 80 63 1 96 35 77 51 43 100 59 27 26 26 15 89 44 78 7 13 72 77 55 77 14 62 68 72 2 22 78 49 22 19 97 20 79 35 56 46 20 13 59 63 79 43 28 39 56 36 79 64 7 39 15 35 82 57 83 43 47 13 11 27 82 90 20 44 85 98 9 100 53 49 54 91 52 3 83 8 90 22 44 99 37 20 2 15 82 72 76 81 73 100 8 67 12 1 8 59 83 34 59 88 96 74 13 88 91 30 36 45 100 16 99 74 6 18 12 50 37 22 11 17 20 21 52 29 33 41 15 37 64 41 59 32 55 79 27 10 21 41 17 50 16 83 34 62 83 17 64 72 41 62 59 50 94 85 9 39 77 30 58 26 35 45 81 86 53 96 64 55 90 54 87 17 46 37 17 85 73 9 75 92 58 45 53 9 9 18 81 27 71 59 85 77 1 95 56 47 6 77 92 58 0 0 25 10 96 8 60 92 33 32 18 18 37 68 79 58 0 4 85 12 38 46 47 52 54 56 81 19 86 56 100 
45 23 54 66 98 23 84 66 55 75 11 99 32 8 16 47 47 84 52 15 58 42 77 75 23 50 86 35 19 35 84 86 88 39 53 12 70 61 55 80 58 16 94 46 92 95 88 87 23 72 75 25 85 19 39 82 26 85 4 95 94 9 11 40 25 34 63 53 72 3 78 28 60 90 93 65 16 32 50 43 18 11 21 2 19 21 25 43 95 62 88 71 27 23 8 91 63 46 0 93 73 24 61 25 47 37 31 24 51 24 52 26 69 72 64 27 14 67 99 24 80 1 62 49 21 67 46 45 48 73 36 31 63 87 23 42 82 9 17 2 87 46 53 59 43 10 30 37 52 45 85 0 31 12 99 64 35 81 9 40 73 78 23 38 35 38 42 3 85 36 24 91 22 49 92 63 81 84 80 78 63 84 93 90 45 27 43 6 72 11 0 65 1 17 37 4 44 97 23 84 8 77 72 50 2 65 58 57 19 89 32 18 61 5 1 1 99 81 55 26 45 84 58 16 68 69 22 90 16 67 27 1 99 51 98 69 29 26 75 98 98 47 27 88 99 7 55 77 14 86 65 12 30 86 24 59 78 45 51 33 25 76 77 72 17 6 67 45 75 36 32 2 68 46 45 85 20 73 57 42 76 26 4 19 69 92 24 63 0 10 5 2 34 73 33 40 96 19 21 38 
81 25 38 69 6 12 13 46 48 24 6 47 23 23 60 87 82 56 73 87 3 15 1 67 59 9 49 54 8 28 14 91 38 8 50 63 73 15 98 6 38 9 77 25 6 99 83 43 20 33 15 85 86 95 48 95 27 97 96 56 13 64 74 7 93 3 12 33 9 63 90 37 38 37 35 77 68 90 59 91 27 28 68 43 47 56 62 10 77 90 55 88 100 39 78 63 66 6 84 96 96 66 66 71 94 7 16 5 87 73 70 7 72 84 82 21 66 95 99 47 41 74 30 93 13 95 81 61 12 17 6 8 98 66 90 52 71 56 84 80 66 74 92 57 79 77 41 27 85 99 65 4 40 43 68 26 32 90 31 94 57 96 35 86 87 9 71 84 98 26 58 75 33 32 36 36 67 73 7 1 11 12 71 50 40 46 74 69 33 46 37 63 61 50 0 93 29 67 19 89 40 39 39 1 1 7 27 52 90 86 0 64 94 1 70 18 92 38 82 57 6 9 9 28 52 38 52 16 9 11 39 14 71 1 3 2 4 95 6 29 0 78 73 26 83 0 42 100 38 4 41 76 48 39 11 3 8 64 81 75 29 86 73 25 26 55 24 76 24 73 37 35 47 71 19 49 68 23 78 64 20 96 24 52 12 9 79 15 75 9 73 68 94 96 35 80 46 77 49 17 
100 52 100 94 45 75 90 84 61 80 11 29 61 82 51 61 41 90 30 21 3 10 24 34 82 2 35 4 61 6 37 57 23 31 43 89 76 81 100 82 67 96 47 19 33 17 67 5 7 7 75 24 78 18 48 43 32 62 60 18 66 9 91 10 93 8 19 76 39 62 61 62 100 100 65 93 93 14 70 100 88 29 23 70 63 54 89 61 27 6 19 11 40 97 64 77 54 3 30 96 62 76 63 52 69 27 13 54 97 26 95 29 44 11 98 28 100 24 38 31 38 15 71 21 33 48 63 87 11 57 61 28 57 60 68 70 69 53 91 36 40 43 100 88 95 12 95 63 90 77 29 13 17 35 51 48 5 13 12 60 22 20 38 3 95 30 49 6 56 60 14 98 69 6 83 92 14 96 50 15 48 23 13 91 97 70 12 82 86 14 54 81 90 74 72 61 1 76 79 16 40 30 60 84 63 84 87 21 12 30 50 42 68 44 15 87 75 7 64 3 12 29 4 61 70 81 65 94 54 15 10 38 25 63 92 2 67 44 81 5 52 55 65 66 32 28 88 79 83 98 21 97 23 16 84 73 94 20 22 79 70 9 51 38 4 0 57 7 44 1 56 91 3 24 94 43 25 32 5 34 69 65 25 58 20 15 91 43 75 40 53 70 17 1 19 66 81 18 90 71 
71 26 0 2 41 98 47 32 7 92 54 44 100 17 63 36 80 73 61 94 77 75 72 12 77 96 14 34 51 78 6 76 36 83 53 49 90 26 37 57 50 65 97 83 84 2 82 27 74 63 84 78 18 7 42 4 89 48 33 13 60 67 15 27 12 38 5 95 56 47 22 64 14 58 90 20 57 65 30 14 72 45 81 81 24 66 24 92 37 28 71 16 61 71 83 79 86 8 68 24 82 46 98 9 45 67 1 23 78 52 91 33 8 26 82 0 28 4 80 58 17 8 26 21 30 0 19 36 19 1 38 23 70 19 77 55 78 57 56 83 42 28 20 53 100 2 18 52 86 67 100 31 31 12 80 71 92 47 79 11 3 14 16 67 21 59 44 35 3 77 31 91 98 78 64 20 40 19 61 16 80 72 11 5 8 94 16 49 96 37 27 97 44 63 79 46 79 60 63 73 87 35 24 17 54 44 25 22 13 30 40 82 6 70 44 62 25 18 30 90 53 81 2 90 52 35 58 81 22 17 7 61 54 13 88 87 90 79 81 10 55 58 30 2 75 64 26 93 53 62 64 38 92 31 34 91 86 80 20 3 49 43 2 52 23 79 28 17 40 27 85 33 57 35 60 61 22 7 41 12 17 85 95 30 85 13 46 22 71 15 84 41 50 57 31 88 63 65 52 73 
0 90 26 79 18 13 81 86 43 76 50 22 36 63 27 32 25 64 26 75 74 58 42 58 43 26 35 11 35 83 59 82 73 61 100 60 80 92 32 68 51 74 55 47 44 22 21 58 51 56 55 95 46 19 63 69 92 44 4 100 95 89 44 4 56 51 48 88 54 92 77 65 19 32 40 70 5 43 93 49 84 50 93 79 21 4 75 74 86 6 21 13 41 61 55 92 67 59 43 57 43 0 50 98 70 47 14 27 8 38 88 80 81 43 45 26 16 19 31 24 57 67 19 91 17 6 48 88 0 82 74 90 98 70 33 74 92 56 91 10 51 5 41 10 85 73 42 21 64 58 79 3 88 60 26 0 96 44 80 35 34 85 80 67 98 83 91 57 56 62 82 3 28 67 40 74 10 6 69 72 94 28 55 85 32 32 89 25 18 12 81 64 7 78 39 74 14 61 12 81 4 86 25 25 94 11 11 91 96 41 7 99 61 2 85 39 20 79 17 96 18 51 31 34 55 10 46 37 25 25 50 79 0 80 25 46 89 10 10 100 39 60 77 70 90 32 42 52 81 73 77 84 33 54 45 49 100 21 36 67 40 36 41 17 82 59 68 52 54 57 52 64 25 40 22 77 28 78 44 93 73 80 76 1 39 34 9 0 37 11 42 8 19 19 74 30 78 22 77 18 
27 36 48 66 22 82 73 53 47 8 53 10 70 26 67 7 44 45 74 80 88 76 39 76 31 91 98 83 39 96 40 59 1 35 22 8 57 56 72 19 9 49 89 15 94 9 66 14 88 30 44 87 20 66 17 70 83 48 73 49 91 85 78 51 0 82 77 41 65 88 75 72 86 36 12 4 52 35 23 51 72 20 97 30 71 70 19 73 77 33 44 64 29 71 69 85 19 4 6 46 4 33 96 97 29 72 76 71 49 39 78 34 18 99 42 36 28 85 52 66 69 28 40 83 29 2 61 29 63 47 97 65 10 8 36 31 91 24 72 16 98 82 77 83 35 43 53 65 33 67 67 89 82 74 98 46 77 72 89 14 47 93 77 60 72 70 5 2 7 38 70 85 62 90 85 26 69 34 20 63 59 17 18 93 21 23 47 10 66 62 67 85 23 93 91 0 94 30 83 59 48 56 54 85 59 24 30 22 47 78 33 0 33 71 92 49 93 26 78 40 46 51 45 6 90 61 9 63 60 27 78 26 69 60 73 60 96 45 41 98 83 39 66 6 98 64 67 68 31 59 40 8 70 50 100 33 85 18 20 83 99 21 100 78 3 47 23 79 52 55 9 90 1 96 74 55 79 2 97 67 62 34 39 92 52 26 93 22 96 44 81 8 70 5 51 40 93 92 41 7 
43 87 74 59 97 40 26 52 79 39 34 40 55 64 93 73 55 11 41 54 99 0 62 8 27 24 76 82 100 82 70 30 5 67 59 16 65 91 78 76 8 45 50 77 23 48 86 63 60 21 81 93 77 35 0 82 71 48 82 80 4 87 3 9 82 9 46 14 12 10 56 24 62 56 72 23 7 62 2 24 9 74 81 87 37 57 81 44 87 97 82 9 37 3 43 83 11 42 95 52 66 95 95 21 2 36 42 99 10 6 0 82 44 56 28 53 76 22 91 6 17 75 90 30 100 56 98 94 99 83 36 39 50 52 65 15 78 20 42 0 58 71 3 51 93 0 35 19 23 90 7 21 9 31 59 76 18 36 85 46 44 86 26 67 72 43 46 61 97 17 88 20 31 95 53 19 59 55 64 53 64 25 13 97 75 72 84 29 62 80 73 43 15 48 77 49 89 22 49 64 83 63 38 93 13 44 89 93 73 98 100 54 13 9 82 27 42 82 82 61 43 52 62 20 25 34 0 31 10 61 57 24 44 37 36 63 40 13 92 82 46 48 49 60 50 0 6 54 2 40 36 34 77 47 0 73 89 53 36 54 88 56 14 53 41 5 9 59 62 98 44 61 24 77 20 70 15 23 53 59 82 74 20 67 91 98 6 86 40 95 2 36 32 7 70 75 55 91 68 35 
35 95 73 37 95 11 27 85 31 57 75 86 51 76 58 8 84 97 33 40 55 57 44 14 85 71 4 45 97 9 84 94 42 35 82 16 3 70 32 89 37 42 6 88 12 17 38 91 69 42 87 6 76 56 48 15 86 78 56 36 10 17 12 2 76 79 28 67 78 5 38 68 66 27 88 40 24 70 18 43 53 9 17 22 85 40 89 43 57 70 34 88 71 27 61 37 1 29 2 84 38 92 38 30 17 8 95 7 75 78 61 70 90 24 48 72 48 31 93 56 97 64 85 41 29 0 45 10 81 22 15 24 11 82 82 22 57 38 97 50 93 92 19 35 62 90 44 77 6 68 51 85 94 3 51 53 59 75 24 17 1 42 25 51 50 26 31 25 52 62 82 69 4 49 95 6 53 96 49 68 86 94 2 99 19 21 16 36 65 26 82 93 92 59 45 58 83 45 56 87 100 64 16 36 52 16 14 92 15 13 42 68 18 0 49 5 25 26 35 91 98 9 98 54 37 23 64 84 73 21 19 75 65 39 46 40 72 97 78 52 34 38 7 44 42 88 21 40 5 72 50 45 83 90 37 94 37 45 73 86 77 50 53 45 75 62 8 73 70 85 53 77 17 38 74 78 96 81 49 43 21 32 80 6 18 61 52 37 84 44 16 1 71 50 42 66 72 23 0 33 
32 41 29 16 68 55 95 17 78 81 24 79 27 20 62 52 46 25 16 45 64 43 85 69 89 77 64 59 20 68 79 7 10 2 89 69 18 84 85 64 43 70 40 23 24 96 67 100 6 92 90 79 3 51 32 52 24 67 83 11 40 23 90 11 46 14 65 76 20 73 46 10 32 91 46 37 27 4 48 9 70 6 86 53 24 37 97 46 42 94 76 38 67 68 81 68 92 0 31 82 62 10 3 44 14 70 5 62 44 55 77 28 10 76 65 97 71 23 19 7 28 76 7 9 50 71 28 86 37 20 21 6 35 2 57 78 86 48 20 8 74 76 52 68 57 42 85 66 77 14 85 30 6 92 9 11 25 84 35 37 81 80 92 69 84 69 93 26 51 20 80 42 74 20 52 64 9 24 33 30 85 21 34 8 59 19 95 91 74 99 19 50 2 14 89 97 95 17 47 42 11 65 73 83 32 99 13 63 25 99 64 15 37 72 72 1 34 79 47 48 42 68 13 77 76 68 13 67 94 69 16 86 48 22 45 79 27 9 76 7 81 18 25 97 67 42 48 99 66 81 59 6 53 23 22 51 30 68 16 11 13 82 14 37 61 8 93 65 77 5 44 99 57 44 43 90 30 25 30 81 67 91 7 40 97 91 2 97 52 23 16 68 70 8 89 36 67 90 9 100 
49 46 71 39 13 85 20 6 4 6 97 81 14 94 97 63 59 54 90 85 96 43 9 13 25 81 75 57 16 42 64 94 76 16 76 42 4 57 55 65 91 25 85 4 79 91 10 6 12 70 42 2 60 88 49 9 62 0 58 74 98 76 58 42 67 32 23 83 66 4 78 23 93 66 82 31 100 88 14 25 4 27 92 93 78 75 24 48 92 90 90 100 4 98 90 68 24 34 71 62 35 95 3 30 46 99 78 64 82 83 19 68 68 53 69 68 25 50 12 24 88 95 10 84 89 9 81 43 59 100 15 19 91 53 100 93 43 41 91 41 29 91 64 24 50 76 63 38 43 60 32 77 84 36 9 82 97 40 78 63 5 74 93 47 52 50 56 92 19 10 54 10 1 30 60 95 22 67 34 6 33 82 69 50 100 44 14 90 50 35 75 93 22 97 33 41 75 63 1 41 68 40 88 52 83 95 37 64 24 47 93 20 16 1 27 24 22 92 83 41 75 17 79 73 88 84 52 84 55 15 26 64 25 6 62 31 9 34 56 41 75 28 93 51 28 100 55 59 65 78 75 36 29 16 38 51 61 67 76 21 99 54 60 5 70 83 67 9 88 81 0 59 44 95 45 31 11 82 72 70 0 83 22 78 79 0 30 8 80 10 60 11 55 43 88 31 96 3 57 12 
41 87 49 82 32 10 49 92 89 92 77 15 23 10 5 2 52 43 33 79 65 6 96 60 99 51 24 51 81 8 39 70 42 11 27 20 31 62 53 40 74 93 64 24 73 69 98 12 94 61 71 63 94 14 71 77 32 62 10 86 63 18 81 75 67 27 13 14 99 80 41 26 64 73 14 55 95 69 31 9 51 34 22 10 82 45 90 33 78 96 40 37 30 30 38 97 97 86 96 82 70 12 78 91 29 59 30 36 69 12 66 54 28 59 16 64 10 5 13 71 8 54 85 30 96 95 27 76 33 46 62 51 62 0 95 70 6 63 21 73 29 27 39 10 22 9 18 60 29 75 77 23 44 64 71 90 70 73 45 81 5 38 34 58 15 91 69 5 25 3 7 86 75 79 74 82 54 20 66 13 21 44 78 48 75 62 90 39 40 31 66 41 54 78 14 50 21 22 82 38 59 61 0 33 27 97 53 25 48 24 67 65 6 64 82 92 99 68 27 52 18 25 91 13 28 54 1 33 81 63 60 73 31 90 17 45 22 19 32 67 4 7 60 59 88 34 57 27 87 34 78 82 27 17 11 98 36 19 41 60 11 82 73 48 79 48 63 62 65 36 92 22 62 9 89 42 99 65 29 72 55 78 41 16 99 37 81 67 21 27 13 39 91 16 86 69 100 31 84 9 
18 59 30 81 62 57 91 82 95 75 100 57 74 39 74 15 80 51 6 2 73 77 71 21 48 68 44 94 77 26 25 39 47 70 39 52 81 63 42 3 50 66 32 99 93 95 84 100 48 34 81 54 18 33 96 21 87 77 3 48 46 77 53 7 83 57 95 51 29 39 44 17 97 14 79 75 35 15 48 38 32 68 98 20 88 11 55 20 67 70 79 59 61 70 13 48 11 35 90 76 42 19 52 79 28 27 16 64 32 22 82 3 34 54 47 60 10 95 41 11 9 21 66 44 47 89 58 33 52 42 10 91 57 59 95 13 75 65 58 44 12 30 16 56 7 75 79 81 14 13 21 91 6 54 90 88 31 70 35 14 81 15 26 7 76 84 12 72 52 49 7 76 9 44 73 51 81 57 94 53 98 79 56 22 25 32 29 61 18 61 39 38 34 96 68 11 9 44 12 54 31 74 68 35 39 76 48 62 34 90 28 31 22 21 70 20 88 92 11 66 50 35 66 45 52 52 6 8 35 47 39 37 64 51 65 20 1 74 81 15 82 15 92 29 75 85 22 28 71 92 52 4 35 64 54 91 8 75 27 90 83 5 55 20 54 94 30 21 55 74 69 42 27 7 65 80 65 81 19 29 62 49 65 52 77 9 22 11 3 24 35 50 16 89 80 21 0 9 91 97 
3 41 39 51 71 48 90 26 64 77 65 72 42 17 91 95 49 18 93 54 100 68 12 41 10 41 87 6 17 67 1 83 18 10 54 70 28 88 99 48 26 90 77 31 83 26 93 33 35 65 48 3 83 49 6 73 63 36 77 45 7 16 86 12 8 36 70 86 74 42 67 47 68 1 69 2 25 4 34 27 67 63 46 25 92 26 53 51 98 11 83 65 87 92 65 34 43 8 2 35 43 44 74 71 64 22 99 26 95 93 44 75 66 1 80 55 3 1 83 15 77 46 77 10 76 48 3 54 8 31 28 80 26 59 3 37 0 92 61 77 50 37 27 20 21 30 39 84 13 76 35 75 24 95 86 5 34 84 29 25 10 56 98 100 38 15 49 27 9 69 5 50 62 44 97 92 87 90 14 73 1 30 28 78 76 73 33 21 28 56 27 18 4 22 50 15 74 73 100 40 36 15 83 44 9 87 59 45 79 15 23 9 8 3 95 43 91 49 54 53 76 82 72 1 44 92 52 85 83 40 95 50 62 74 78 58 46 2 51 46 99 20 14 20 59 60 1 12 54 22 86 20 95 84 91 35 83 49 2 99 91 73 64 79 99 53 12 91 32 46 74 57 34 7 35 45 74 53 22 40 22 72 40 23 71 3 17 86 85 37 44 45 31 16 56 83 43 18 89 93 
60 57 86 79 9 56 36 57 65 25 9 51 71 3 15 90 84 50 76 20 43 27 40 7 9 46 65 20 93 60 50 78 4 28 32 4 63 54 3 43 24 35 65 19 90 65 25 50 90 76 22 92 78 87 31 34 72 31 6 54 34 75 17 74 84 65 40 34 35 72 45 11 21 95 38 21 32 74 88 49 38 41 46 59 34 87 38 11 38 27 71 4 60 20 91 33 26 51 13 66 73 71 4 73 21 41 13 51 81 20 95 51 85 83 35 75 90 99 78 41 100 43 22 10 30 12 78 32 37 56 80 56 87 64 86 44 74 91 41 57 97 2 74 58 77 2 22 50 58 44 94 79 16 7 12 67 52 72 53 63 47 5 70 57 48 38 29 85 20 43 28 83 81 2 77 37 53 92 18 90 59 60 39 43 71 48 42 88 55 93 10 46 46 66 91 74 79 45 27 30 32 92 7 54 91 59 22 7 81 21 28 49 14 44 74 46 56 2 70 48 70 80 33 15 27 43 68 63 42 38 25 49 60 94 87 30 67 49 94 91 23 51 15 48 65 25 33 51 47 15 90 1 82 28 93 51 4 10 62 51 19 80 98 92 23 5 82 5 74 78 93 51 43 87 22 31 99 92 86 8 20 44 61 33 23 79 63 10 20 37 31 19 31 9 86 42 97 61 27 66 
23 94 9 27 53 32 59 18 79 36 29 6 55 48 46 7 55 69 8 42 22 88 46 6 54 9 37 85 51 63 91 21 31 56 69 27 18 70 7 43 76 90 82 73 48 69 99 15 10 48 100 3 13 99 76 71 80 93 63 81 44 8 89 37 52 54 91 10 99 83 87 38 31 84 83 39 17 98 16 75 96 59 56 97 37 8 67 5 32 51 89 25 79 22 97 29 92 44 55 43 36 47 18 39 91 72 28 46 89 64 16 39 98 22 34 64 75 42 89 30 28 97 36 6 15 34 80 56 37 26 38 34 99 22 8 95 70 13 85 14 12 73 46 24 38 98 21 55 37 76 99 86 90 84 4 34 40 93 45 91 9 38 15 19 83 93 92 23 38 82 74 58 29 33 7 11 86 87 47 85 36 85 4 17 40 94 99 41 38 82 97 31 97 13 63 17 5 11 91 25 7 33 10 84 87 94 11 24 61 52 55 66 20 25 19 66 63 66 48 95 39 69 63 79 65 16 28 59 7 46 30 21 65 96 93 61 57 85 24 69 67 97 80 69 2 62 97 90 10 62 66 96 38 31 50 56 13 49 24 42 66 21 40 56 5 22 12 57 39 73 95 3 52 52 38 13 58 85 98 13 34 86 34 30 57 2 43 78 5 88 9 51 76 49 15 36 40 25 43 10 
96 16 12 10 41 13 35 42 75 14 63 33 28 25 52 23 86 65 94 30 80 10 74 72 89 79 67 55 40 30 51 82 51 48 42 33 16 86 46 65 42 39 39 65 54 86 82 59 35 75 72 52 84 3 12 77 95 51 51 35 8 54 30 80 98 85 39 28 96 95 97 66 31 75 85 2 19 82 30 94 72 30 13 37 31 97 8 39 66 0 13 83 20 36 1 78 51 50 9 96 63 91 41 53 46 60 49 22 43 26 54 20 33 74 54 32 63 60 48 3 88 93 56 71 87 48 72 58 48 85 39 44 77 41 18 23 72 67 58 42 2 61 100 39 26 9 89 10 22 9 83 2 19 5 32 95 60 82 30 0 84 45 54 6 2 11 8 27 15 55 58 3 98 1 12 89 72 88 97 8 62 76 86 16 34 20 27 61 82 25 72 19 6 10 53 80 67 58 1 37 95 99 24 1 25 82 98 66 28 5 68 7 41 30 14 13 91 38 95 53 82 56 85 70 62 29 29 70 36 6 47 74 60 46 45 43 89 27 5 44 86 61 85 23 61 87 82 13 57 90 52 59 42 70 31 90 24 57 30 53 0 54 17 13 80 93 11 79 87 41 31 64 85 54 36 12 48 15 47 62 6 8 62 86 96 100 49 54 81 88 62 61 25 31 48 19 82 18 40 58 
92 41 30 70 6 59 36 26 44 30 19 57 54 32 28 88 4 33 18 59 75 23 76 67 81 7 5 90 45 100 23 49 17 43 82 51 30 14 17 81 67 79 22 29 86 91 63 71 70 86 97 83 45 32 78 97 23 78 89 3 81 96 65 54 71 31 75 85 47 6 84 40 52 16 47 98 70 7 98 45 77 76 77 37 92 95 75 21 16 42 31 59 68 81 75 70 25 9 21 88 15 54 68 58 35 84 48 67 82 19 28 66 70 33 45 36 75 45 83 14 72 76 1 21 11 30 49 45 34 42 58 33 27 63 84 31 62 40 23 40 61 78 46 34 69 46 43 32 69 83 86 86 40 87 78 22 60 87 92 21 12 14 45 1 67 32 59 94 64 72 97 87 82 49 46 60 57 72 88 85 74 23 58 49 40 51 9 87 79 21 22 19 60 65 11 99 66 44 0 25 100 3 27 48 61 26 34 51 15 99 8 77 80 86 19 30 31 26 23 96 79 21 28 40 52 64 27 17 10 57 100 67 92 94 66 58 8 61 46 82 64 85 69 63 80 66 91 37 42 20 19 84 42 14 33 24 92 2 35 48 5 88 18 97 11 39 34 73 18 27 88 77 6 74 7 98 43 13 96 65 67 96 33 26 30 34 97 13 71 59 49 2 39 50 23 90 51 44 62 13 
52 4 19 51 17 11 82 79 15 25 14 28 1 60 21 80 4 96 94 31 66 22 65 23 42 87 87 47 4 15 30 6 86 2 7 54 70 99 8 61 52 71 0 39 69 51 55 64 94 9 30 20 85 90 94 0 39 22 59 4 9 1 86 25 28 20 51 55 71 26 80 7 5 100 87 99 21 84 7 49 98 13 6 72 83 25 30 52 81 63 58 18 19 59 74 89 81 37 89 11 94 82 88 17 48 72 72 0 6 98 75 8 70 52 10 9 39 90 33 63 82 52 39 62 43 53 30 45 95 12 21 6 11 92 4 9 70 100 47 82 76 24 69 65 36 38 29 49 30 36 23 87 65 17 88 56 99 12 29 12 11 39 2 85 37 72 18 81 42 19 14 10 44 14 48 71 87 36 65 5 63 16 92 99 70 8 78 60 59 81 52 3 43 65 55 28 34 76 4 1 90 14 51 96 40 89 48 48 21 3 55 92 30 46 77 55 62 8 88 39 35 25 77 71 33 44 2 21 64 29 93 18 27 100 77 39 10 35 56 53 65 8 48 66 68 64 23 23 97 35 18 81 75 71 31 90 67 12 63 28 10 77 75 4 36 98 6 74 89 13 2 15 55 36 50 27 100 31 58 25 46 63 79 37 49 45 63 28 21 65 70 13 44 94 7 91 36 18 41 25 
29 87 61 39 90 57 77 100 93 41 100 74 31 40 19 1 57 7 39 7 66 7 21 36 16 59 36 38 40 0 50 41 3 17 74 78 8 63 82 2 8 50 68 82 97 65 44 24 3 81 74 85 34 83 26 27 10 56 22 7 48 80 43 70 71 43 53 32 50 67 36 39 100 9 76 69 10 12 50 54 17 27 54 55 46 93 86 8 0 10 38 40 12 58 31 32 92 77 54 79 68 41 62 80 92 7 59 50 94 93 1 45 81 40 10 81 70 48 33 28 1 83 15 76 74 49 47 100 11 4 48 60 0 19 54 66 9 55 72 45 90 60 51 47 57 0 29 28 66 16 64 37 46 19 78 5 28 35 43 82 67 62 64 18 16 31 26 72 68 19 35 15 53 50 53 54 37 8 42 93 95 13 89 68 99 86 39 28 26 12 46 23 15 61 29 96 27 68 95 60 100 61 47 54 7 72 9 86 58 42 78 71 32 55 83 6 92 47 19 74 61 74 38 41 64 13 16 72 37 87 66 29 85 63 64 74 93 17 82 2 62 17 85 96 86 72 69 10 57 73 10 95 98 10 16 25 2 94 25 41 14 34 87 32 40 17 76 36 92 5 94 16 83 12 34 26 38 5 67 91 56 60 79 89 53 20 18 45 22 69 88 78 62 42 38 86 1 44 21 76 
14 12 68 20 83 0 59 88 49 31 35 67 1 55 68 47 1 80 55 44 17 13 3 17 94 52 89 39 100 94 99 38 58 8 52 42 1 64 33 66 98 57 17 6 19 5 26 33 60 24 34 4 97 23 68 29 15 36 87 55 100 95 62 10 32 56 92 41 29 37 12 77 83 99 47 54 8 46 96 5 58 97 96 27 82 58 11 3 6 57 1 25 40 23 31 7 79 7 5 9 5 0 14 73 61 58 40 7 50 66 30 21 10 47 45 20 35 91 25 33 65 63 93 82 20 67 71 68 100 74 55 30 26 38 96 12 37 57 74 84 25 13 36 41 45 1 55 33 88 80 18 53 93 56 64 82 25 32 91 83 69 40 60 17 8 5 71 77 38 47 20 74 87 77 16 84 78 13 85 58 70 86 91 86 83 88 2 93 86 37 80 40 8 73 3 37 37 32 59 78 74 26 48 6 69 77 30 4 39 37 23 38 98 3 53 47 73 12 90 19 88 91 47 36 45 47 69 8 96 81 6 16 96 9 4 9 19 58 16 59 47 94 40 48 98 62 66 100 94 61 37 56 78 6 75 94 34 10 86 12 30 29 49 29 41 99 80 92 78 26 60 19 35 7 18 42 17 63 68 19 72 12 78 64 95 57 84 20 93 99 50 64 45 44 70 79 40 33 32 48 
14 48 85 26 45 4 95 39 81 7 56 47 90 84 0 40 33 98 0 53 90 43 38 13 38 38 13 37 19 98 94 75 26 68 33 86 12 35 99 9 95 13 34 66 82 6 62 99 63 32 27 62 76 73 18 98 64 58 8 47 86 38 11 11 16 94 91 84 75 40 2 63 65 9 71 82 76 25 32 85 89 30 93 36 11 70 88 37 94 27 35 29 79 48 62 89 70 81 17 14 58 43 92 13 35 6 9 63 94 17 98 44 63 54 26 51 76 13 71 25 63 63 37 86 80 51 94 19 25 34 74 39 66 68 7 61 36 83 70 12 76 83 27 68 19 65 44 84 15 46 75 35 99 67 58 55 15 80 77 66 96 10 40 72 2 79 3 71 53 60 2 85 49 37 50 65 84 65 25 76 18 46 96 4 63 47 16 55 29 2 63 67 43 96 39 28 35 88 13 14 90 79 14 70 42 5 46 5 41 93 25 4 93 89 27 17 94 6 73 15 22 97 98 82 87 42 73 13 82 28 94 68 22 2 74 45 78 17 60 83 41 83 29 86 47 18 77 40 96 8 63 74 4 62 8 79 77 42 36 23 93 52 81 40 40 22 67 53 41 32 74 47 66 71 88 60 55 98 93 15 70 67 6 77 77 100 12 90 28 38 67 16 49 24 41 46 48 73 46 12 
27 1 8 86 18 95 93 24 45 7 18 39 75 83 12 72 98 66 53 80 80 26 17 34 27 35 22 84 82 97 62 89 31 82 80 67 60 51 45 16 49 30 4 69 82 95 55 3 11 17 64 64 94 11 43 1 11 75 22 9 24 72 75 75 25 28 43 44 71 20 35 71 16 38 82 80 56 39 31 95 29 100 62 6 7 63 62 65 16 2 59 25 50 90 2 76 78 48 40 16 100 72 93 11 94 74 23 13 39 22 55 49 80 22 21 55 45 77 93 19 9 60 32 3 85 46 93 24 8 6 85 49 33 52 33 31 9 1 30 43 54 76 10 50 75 11 80 51 99 4 12 69 28 78 13 68 7 91 1 71 53 10 42 52 18 95 40 78 93 76 85 26 8 72 58 39 73 18 70 76 82 25 56 35 81 89 2 91 88 25 98 39 2 0 55 81 15 14 53 29 85 60 41 33 54 97 2 61 72 71 17 84 36 2 23 78 6 32 22 50 26 87 85 53 1 4 97 64 78 93 17 19 62 76 84 41 76 37 21 67 60 58 57 11 50 10 86 26 99 69 15 70 65 2 73 81 1 65 29 87 13 4 48 40 9 81 42 74 30 48 8 89 95 87 87 36 0 35 61 32 98 75 48 1 98 86 56 23 72 37 26 5 75 63 73 37 42 80 26 50 
71 26 98 96 32 48 27 18 82 17 91 99 6 67 16 85 33 59 41 51 49 13 19 7 24 10 71 49 12 95 29 66 15 78 91 94 36 0 46 21 64 20 52 59 90 14 75 67 12 44 19 51 40 92 65 59 59 19 23 83 78 71 40 76 25 68 70 26 98 29 59 94 31 49 72 25 29 91 16 28 16 73 73 59 85 34 67 8 8 58 14 1 15 14 50 43 92 95 72 35 42 53 5 60 79 80 65 0 7 92 81 57 54 34 12 21 52 70 59 88 67 53 38 30 21 96 10 94 7 7 35 33 26 21 95 6 38 98 60 82 72 81 80 43 79 1 57 5 56 41 4 56 85 44 51 3 52 54 81 76 25 91 59 76 61 23 82 26 27 6 9 91 100 46 97 91 4 11 43 90 59 9 78 34 33 0 57 77 94 81 71 78 10 67 84 27 49 41 44 6 68 53 64 95 86 97 73 65 31 33 83 13 45 35 5 64 28 65 71 89 100 31 95 87 69 32 52 62 71 87 89 100 81 46 4 26 77 91 49 17 27 32 19 93 14 36 28 21 8 83 0 13 77 92 91 87 27 29 45 36 56 84 51 85 59 30 41 89 16 28 23 81 82 17 32 35 92 57 50 70 73 33 10 4 79 75 29 75 62 25 79 27 89 45 9 29 97 11 65 42 
53 75 72 0 72 93 2 16 79 83 91 57 73 10 72 59 1 73 56 24 77 45 75 93 70 41 62 53 74 73 5 24 30 42 49 19 83 88 47 63 69 58 31 43 39 12 79 52 75 79 63 89 91 19 28 20 37 57 4 87 82 77 88 34 76 51 1 26 37 66 5 96 58 45 60 78 75 88 85 24 38 1 69 36 15 31 78 66 43 59 8 29 64 45 9 57 39 59 51 18 97 38 90 97 86 13 24 31 12 19 58 52 9 67 90 37 99 55 55 49 15 9 58 5 62 15 89 4 6 31 63 63 38 26 69 27 5 50 40 15 73 80 66 82 19 4 85 81 99 62 36 47 93 86 9 58 81 40 76 87 37 93 79 56 12 33 29 19 46 12 2 73 70 19 19 57 36 4 34 32 32 20 18 31 53 38 27 27 30 9 15 26 99 76 14 42 55 75 77 23 75 63 11 50 32 64 10 88 88 8 12 33 62 28 100 44 25 31 3 36 22 50 10 77 37 20 82 7 53 61 64 12 84 31 21 82 43 13 34 48 72 4 6 4 87 71 92 72 9 52 27 56 48 67 77 95 47 43 23 80 24 42 4 77 5 34 83 100 63 44 61 81 38 73 32 11 75 23 45 10 9 96 72 90 92 32 8 0 1 28 24 42 100 97 5 66 13 1 1 18 
51 83 27 66 29 84 36 94 38 3 44 0 0 23 46 29 21 40 16 57 67 71 34 40 62 98 75 83 41 72 21 85 40 26 65 98 96 94 12 95 37 74 0 40 30 33 7 10 85 9 54 41 48 25 48 66 100 43 58 19 50 97 42 9 43 89 24 55 59 60 72 49 41 94 90 10 4 26 60 24 42 93 56 61 86 62 91 74 95 2 35 30 99 50 76 49 49 27 0 91 93 89 36 53 56 27 98 76 85 33 26 49 85 77 35 21 57 30 18 33 71 21 88 96 64 17 69 37 65 67 85 72 43 70 43 33 38 6 30 75 98 70 75 8 65 73 97 16 94 7 99 44 7 81 65 90 48 29 28 41 40 73 11 62 9 56 36 25 69 6 72 77 8 90 78 70 74 48 78 36 32 14 43 92 80 20 29 73 30 98 99 40 36 10 15 63 38 39 30 39 56 86 73 5 1 56 66 94 79 36 22 46 52 22 98 93 79 72 21 69 61 46 70 13 98 28 31 53 91 44 71 99 94 52 30 33 9 88 53 60 86 2 50 3 7 58 72 10 74 48 23 20 62 72 37 30 45 73 5 73 22 35 61 100 48 61 21 99 25 68 60 75 38 2 0 87 16 4 84 17 87 80 76 23 58 83 53 72 12 4 99 26 3 58 53 94 62 8 83 34 
7 76 40 94 50 50 72 21 40 72 73 97 17 52 85 58 84 73 52 87 96 50 99 87 89 56 4 38 84 49 90 22 26 45 40 41 54 2 17 71 54 31 67 69 87 11 79 38 27 67 35 20 88 50 68 58 96 24 99 17 76 10 50 31 21 51 21 47 100 81 76 37 78 41 56 28 94 23 5 8 38 76 70 54 54 44 78 27 33 81 67 29 90 91 55 56 59 18 93 93 66 21 90 15 0 71 88 23 22 14 33 63 55 95 45 65 54 2 27 76 25 30 19 1 94 57 68 53 62 77 85 2 75 75 24 5 42 24 56 66 94 47 40 34 34 47 38 89 60 82 44 71 94 96 33 35 32 71 75 75 25 26 54 44 33 39 19 11 20 58 96 69 70 91 59 15 13 71 12 5 81 75 30 41 28 69 26 63 23 1 83 87 40 94 97 56 70 67 32 18 66 57 27 28 74 82 78 17 45 15 4 30 31 63 18 25 58 3 21 66 11 9 93 32 79 42 76 55 24 40 17 19 64 74 65 74 5 20 60 7 19 17 82 96 27 78 32 62 47 22 20 64 3 74 34 14 87 84 66 36 97 93 82 78 40 96 4 57 28 53 47 46 55 96 97 72 51 54 84 78 32 54 26 76 85 80 7 34 74 23 53 27 10 6 23 33 40 27 26 89 
9 32 9 24 100 5 60 34 64 54 65 12 97 89 48 59 49 34 31 81 63 71 52 47 58 20 15 85 92 70 36 30 88 66 57 6 78 21 15 89 51 16 42 52 41 12 63 56 28 81 37 19 50 43 98 80 78 37 58 92 73 33 56 87 5 75 60 65 93 27 71 70 98 25 40 88 89 7 53 66 84 20 91 43 28 82 16 57 27 86 32 53 40 5 57 98 18 98 77 11 6 76 99 77 89 99 40 24 47 86 17 57 75 13 83 87 51 8 15 58 66 82 61 51 70 84 100 74 18 89 85 38 83 99 98 36 5 77 39 9 24 90 77 3 94 29 3 42 63 90 4 11 35 10 70 64 5 28 5 79 15 41 98 46 30 51 91 29 67 69 74 3 19 52 39 41 67 19 14 51 51 15 61 71 45 12 61 31 93 26 42 43 27 9 19 0 89 5 41 45 39 77 12 85 57 52 76 23 84 56 57 31 92 10 87 45 47 70 18 14 73 31 42 79 68 9 26 33 64 24 29 67 52 100 93 52 26 100 23 98 90 73 61 90 44 56 73 12 16 72 63 59 47 99 95 32 96 63 6 32 68 60 76 66 90 41 3 92 82 98 47 31 91 13 5 35 75 93 70 23 42 59 86 24 49 39 33 79 48 57 13 63 68 64 29 57 54 34 8 78 
48 18 4 80 77 58 70 52 19 94 48 99 24 14 96 46 52 25 85 86 44 8 60 66 57 39 86 96 57 44 15 66 50 28 98 20 88 15 43 20 6 82 82 27 51 81 75 22 81 70 42 82 42 2 68 23 95 62 60 41 59 92 31 28 23 22 24 53 45 92 94 35 36 15 19 16 28 17 50 86 19 77 57 97 21 63 78 36 26 91 84 79 46 7 26 36 54 38 16 2 39 52 48 92 19 39 50 100 58 65 58 42 99 86 43 24 90 17 79 96 4 86 22 34 80 51 24 52 70 73 42 66 3 63 75 22 86 69 29 42 93 85 86 35 83 53 49 68 38 49 19 65 90 36 37 34 70 1 81 22 40 21 69 49 63 78 80 41 26 73 34 17 81 3 89 5 98 15 72 44 79 26 5 80 42 17 48 74 54 9 26 77 43 17 12 31 17 79 58 34 59 88 7 63 75 47 58 96 47 98 71 75 35 54 41 43 11 16 58 97 68 85 95 16 60 71 18 19 38 31 29 30 37 83 62 42 21 90 55 0 62 10 39 64 88 18 85 28 56 11 38 51 68 37 100 3 36 27 30 66 65 20 100 20 23 2 86 92 54 34 56 5 86 49 43 99 24 26 77 17 20 99 94 82 26 63 45 16 53 82 12 60 45 35 5 95 93 90 1 9 
98 59 48 27 31 33 99 7 97 50 69 98 8 88 4 10 0 86 98 35 44 97 53 2 11 5 98 48 71 25 10 47 37 48 41 62 24 2 22 14 54 22 85 1 5 58 8 17 13 30 25 31 70 29 99 87 85 18 68 90 26 34 70 53 53 77 85 66 99 45 68 82 82 52 53 40 59 95 68 86 41 16 23 48 5 25 42 74 43 21 62 16 23 18 39 83 71 92 13 76 50 16 60 37 28 13 42 97 51 32 83 65 88 73 23 83 24 48 88 14 48 28 4 25 92 28 60 18 2 79 55 73 32 23 82 45 14 79 83 96 69 85 50 39 41 4 76 75 55 6 40 58 67 66 20 99 72 51 87 68 13 55 92 33 51 86 33 35 15 91 87 89 97 36 78 10 81 8 28 97 42 31 74 27 34 17 12 59 10 69 86 60 38 23 97 0 87 4 79 71 30 88 83 27 77 40 35 29 89 100 39 74 21 46 57 63 94 55 15 4 50 10 15 90 9 61 42 92 3 98 26 62 34 67 3 59 44 64 53 11 5 79 43 84 30 99 89 32 52 47 100 37 66 82 55 28 13 59 26 49 93 0 72 99 46 3 8 11 89 99 22 57 54 87 6 36 20 87 41 16 85 96 90 94 78 6 47 70 78 89 42 87 53 45 3 4 29 70 98 74 
24 81 24 97 18 79 20 83 12 6 96 13 47 4 86 66 42 49 66 62 18 69 53 25 57 75 2 48 99 33 23 51 52 23 25 88 49 41 40 6 5 68 72 29 22 65 58 35 57 79 96 7 47 49 81 60 52 70 42 50 77 37 40 4 87 15 52 49 53 23 17 64 95 87 35 76 78 38 5 5 69 80 53 86 20 4 72 86 94 7 20 33 59 95 61 10 97 59 32 58 67 85 12 25 10 39 88 44 0 9 83 94 96 16 87 2 48 37 32 92 24 47 41 58 85 60 65 13 44 50 62 26 28 18 12 61 79 16 64 47 62 89 30 56 22 42 28 67 90 0 51 50 6 70 71 84 62 80 62 51 100 25 86 33 69 40 44 50 83 46 47 44 6 80 0 78 0 2 42 84 95 19 71 60 45 21 79 81 83 46 31 76 47 22 95 28 94 29 63 94 60 13 99 70 2 98 67 48 33 7 67 94 24 27 90 37 67 17 27 11 40 64 17 29 4 66 87 45 57 13 12 85 45 64 51 45 19 63 92 55 0 80 95 42 13 55 11 63 84 40 28 91 62 13 37 10 7 72 65 25 33 34 97 68 95 17 5 100 68 78 80 6 40 69 35 22 98 38 93 63 16 15 78 0 54 28 32 73 73 56 5 63 99 97 72 5 47 93 31 65 
89 17 10 86 5 16 87 98 76 83 98 67 98 40 28 40 86 54 49 88 65 42 48 44 88 0 71 76 46 82 87 26 31 82 78 18 52 64 76 77 66 24 60 69 69 61 80 43 26 63 35 20 81 15 62 85 17 86 72 55 77 36 52 51 13 76 4 49 86 21 63 5 23 7 93 69 54 98 18 9 20 84 24 91 8 23 44 31 33 0 65 100 62 11 83 95 40 89 35 17 100 65 25 1 82 56 66 83 17 48 23 63 68 86 69 58 54 10 95 14 51 6 35 44 66 97 60 82 42 91 12 82 60 17 62 44 55 63 98 95 89 31 49 3 58 60 67 51 81 92 24 44 73 77 100 51 17 70 33 85 73 50 72 37 49 82 9 92 90 20 11 8 31 0 36 60 61 39 97 42 84 91 10 78 85 54 46 31 98 74 65 85 81 28 59 31 75 5 37 75 91 21 82 73 27 98 62 20 64 99 16 36 35 59 70 57 55 12 56 93 49 68 37 97 89 26 4 59 38 57 49 42 59 46 46 100 100 27 26 20 45 54 66 85 90 55 34 55 71 23 22 0 17 71 58 10 61 60 50 56 24 70 20 94 48 52 48 81 3 14 14 0 9 30 3 37 35 93 85 1 62 33 68 86 95 69 5 5 45 53 98 82 74 47 17 64 71 59 44 9 
78 90 53 34 84 57 59 6 50 98 68 86 100 32 57 13 100 65 7 86 40 7 54 14 100 33 5 64 57 16 48 41 30 22 19 60 12 87 26 4 8 26 57 81 84 92 37 88 33 36 89 42 62 95 36 34 76 33 82 32 52 58 28 68 70 58 75 45 82 18 44 99 79 4 5 86 64 12 5 61 42 27 85 11 96 53 99 43 6 99 57 21 7 69 27 39 52 49 76 63 92 24 5 28 28 10 49 49 94 43 49 47 35 74 29 1 42 14 73 84 76 74 76 98 75 31 99 89 100 48 9 51 4 44 41 71 84 17 90 59 24 7 56 94 18 16 65 82 96 87 89 60 20 50 17 96 66 83 19 68 93 75 59 51 15 28 32 32 76 16 65 35 67 16 13 39 94 1 77 49 24 23 4 64 67 52 4 69 68 53 95 56 8 29 67 24 14 46 28 70 13 37 54 68 34 82 58 61 23 90 10 66 28 85 16 82 73 25 46 38 13 88 80 72 90 3 93 23 31 16 80 81 3 35 58 35 29 19 1 10 91 74 55 70 31 44 97 64 47 44 64 26 85 86 30 14 29 5 76 50 2 5 46 46 40 38 86 92 13 19 94 36 59 58 45 97 6 44 25 93 12 4 43 83 53 40 23 93 26 30 63 42 12 67 24 25 82 65 37 100 
62 91 17 75 4 44 97 1 51 66 74 33 6 56 69 87 90 4 99 19 79 60 79 1 27 54 24 45 96 95 82 90 16 7 21 53 3 66 6 94 91 61 21 88 90 97 73 51 27 74 39 65 31 90 72 40 25 56 9 7 17 83 66 56 65 64 38 56 85 2 36 70 62 44 90 45 93 8 11 56 58 30 16 52 87 92 32 6 68 96 25 74 22 13 56 33 25 67 9 10 78 100 49 9 65 41 24 100 45 29 17 52 78 58 72 41 25 8 21 68 40 11 87 32 36 74 43 11 94 87 60 91 66 88 17 8 9 10 1 80 83 64 2 97 64 66 22 83 91 60 73 74 21 28 93 14 68 26 47 30 74 21 70 19 93 72 21 36 18 100 11 100 34 16 34 2 55 17 95 69 43 100 25 94 87 85 81 68 83 28 56 44 7 92 83 53 98 31 62 14 47 9 89 83 7 2 46 29 22 51 49 78 83 14 84 68 55 52 85 37 22 64 20 67 7 69 88 27 38 47 87 49 67 45 85 50 84 88 15 47 20 71 80 74 32 27 12 83 66 43 52 33 46 42 80 99 11 56 2 69 35 20 10 86 54 58 82 29 22 63 30 96 27 72 67 69 36 13 70 89 85 36 30 97 84 39 82 88 49 29 6 76 44 46 21 23 29 24 92 60 
76 43 62 79 52 26 36 44 34 0 84 75 95 90 59 85 11 51 16 25 63 26 42 32 96 77 24 68 100 90 39 85 27 70 62 12 54 23 86 76 84 83 37 2 84 16 11 95 100 60 53 45 26 37 9 4 19 97 52 42 6 7 98 76 45 62 25 96 63 46 81 42 36 98 10 98 56 6 59 84 52 74 78 31 4 56 16 61 28 96 42 87 94 91 19 1 65 65 80 55 88 92 19 39 81 36 11 97 59 39 17 57 68 67 59 86 16 42 74 54 15 25 85 87 45 44 76 94 15 44 28 85 65 52 23 10 4 58 13 23 27 57 23 49 69 48 80 60 24 3 85 65 19 72 12 97 28 0 5 11 9 44 69 96 29 15 69 68 19 80 100 1 13 27 52 73 8 79 79 88 28 2 34 16 66 56 2 28 34 42 76 84 59 3 0 25 85 71 55 62 14 35 10 34 59 30 1 23 89 89 35 16 95 0 71 41 41 73 2 3 51 73 93 93 22 79 92 12 76 70 89 77 100 6 88 22 32 27 24 43 99 26 51 91 31 87 91 67 87 54 68 21 8 33 28 96 8 73 16 6 8 18 0 64 25 64 80 27 8 11 81 3 2 40 73 72 48 68 51 50 4 40 20 67 44 71 39 84 82 4 50 91 71 10 65 26 18 62 69 61 
36 37 26 22 37 80 11 10 93 94 37 11 55 93 80 70 24 1 79 48 7 50 93 26 82 22 88 48 90 11 68 4 69 26 85 58 18 4 94 76 80 28 56 24 60 65 24 79 22 96 76 19 21 94 6 35 71 48 24 61 4 5 31 64 74 86 99 22 93 6 82 90 26 34 83 80 25 88 10 12 95 54 12 55 22 36 99 14 100 84 49 88 69 67 69 6 47 53 14 29 49 75 94 98 76 32 100 73 5 68 91 77 41 70 19 17 22 43 10 25 17 62 45 50 17 20 22 89 55 3 14 53 0 1 86 84 44 64 98 89 55 93 16 62 46 71 69 23 79 7 41 89 28 25 4 44 95 74 30 48 42 76 58 82 77 17 45 14 93 32 51 41 78 86 39 36 9 44 52 6 3 75 68 74 75 86 39 97 71 68 25 29 23 57 58 54 55 7 40 70 97 75 16 74 41 89 64 30 33 69 45 50 74 1 77 48 29 6 64 30 30 15 59 44 69 15 37 62 14 31 76 9 31 19 44 1 87 59 11 89 85 60 35 82 6 50 98 23 100 99 67 16 37 6 89 96 100 33 53 99 22 82 36 19 79 18 10 64 49 10 93 65 99 98 58 45 47 71 99 15 78 46 83 88 93 2 37 80 79 88 75 33 80 61 58 11 52 11 23 57 
48 70 93 29 54 34 77 93 45 16 69 61 27 54 63 70 51 48 76 48 1 50 36 9 19 53 21 61 55 11 57 23 48 34 12 98 45 79 68 39 78 39 23 12 85 96 62 95 86 69 65 3 69 68 38 65 54 96 88 34 98 70 5 80 75 58 46 32 92 24 10 54 88 82 96 87 62 0 99 34 63 0 3 69 65 40 53 41 47 81 24 14 49 1 91 100 61 39 35 42 55 64 50 5 71 60 36 15 21 5 68 32 36 93 47 15 33 90 8 60 92 22 59 1 53 38 43 84 0 55 82 0 61 89 31 100 3 41 89 10 67 45 97 1 91 51 40 43 7 88 13 31 56 10 58 73 36 25 59 21 84 27 24 97 47 77 55 97 47 51 84 54 36 74 8 54 6 22 34 100 76 59 94 0 96 31 28 63 59 89 76 51 54 95 28 81 56 50 38 52 59 84 56 15 11 50 27 93 49 40 14 69 32 47 65 43 34 72 46 97 81 35 58 35 22 0 7 100 98 70 81 65 45 24 77 80 73 3 100 2 37 43 97 97 62 98 20 66 34 39 4 16 96 36 39 21 7 52 29 16 16 64 17 76 43 26 83 21 72 14 7 28 89 13 51 52 20 25 18 87 74 72 79 1 33 81 96 89 100 83 81 36 65 97 75 0 52 0 61 65 
44 71 79 28 22 14 24 9 26 26 12 84 68 29 14 54 6 31 36 67 87 8 42 61 79 34 97 49 18 4 30 43 79 30 78 19 0 32 34 50 73 22 1 2 96 64 93 31 18 62 79 56 50 95 72 17 86 17 57 12 16 72 11 76 87 39 59 4 26 74 88 53 0 71 47 92 49 92 100 77 75 90 9 22 70 24 96 41 91 52 99 58 57 14 25 27 92 74 9 65 42 42 32 16 97 20 43 42 77 72 60 91 24 99 3 28 34 60 4 65 76 94 57 74 42 21 18 88 57 44 71 100 23 84 72 97 39 100 38 89 12 9 47 72 70 81 31 62 62 13 51 85 55 7 69 6 39 48 0 33 32 15 80 91 31 51 17 54 81 7 79 63 60 90 78 88 75 21 38 13 97 4 58 10 54 79 4 2 44 41 94 68 92 54 55 16 9 18 77 66 57 54 37 73 20 66 73 63 81 18 62 50 19 88 75 24 32 47 56 90 13 1 83 82 95 0 86 43 30 59 92 46 39 50 28 28 13 5 55 12 72 5 80 53 99 16 36 24 13 27 6 6 97 27 88 7 20 97 3 4 42 23 55 22 49 12 86 28 30 33 40 60 63 75 65 32 36 46 88 88 14 90 43 73 62 89 64 29 75 75 9 53 21 35 42 67 88 14 84 13 
89 23 4 88 5 99 26 22 6 51 16 37 90 23 11 8 76 14 82 30 46 3 92 15 80 46 12 14 32 62 23 59 58 98 33 57 13 26 94 96 15 86 99 0 4 38 44 57 59 61 21 6 48 80 53 66 35 53 93 63 80 80 43 53 33 51 20 23 73 72 5 70 0 34 73 8 39 98 14 67 13 34 21 92 74 30 75 24 83 7 12 19 33 100 66 90 59 26 23 93 26 75 8 58 47 33 95 44 28 34 7 66 8 1 24 64 11 43 51 57 94 18 93 54 52 88 62 72 74 91 66 28 39 72 53 47 17 54 57 22 93 59 83 7 83 62 80 3 8 58 35 19 48 16 10 78 66 5 92 45 35 47 98 19 82 1 80 15 23 77 34 10 42 2 31 33 97 62 78 6 16 46 36 29 72 94 9 41 68 69 31 39 99 98 24 73 1 48 99 89 37 26 3 11 84 57 13 23 13 59 62 41 90 64 35 54 86 27 77 42 58 51 100 19 5 82 40 0 38 62 97 88 31 33 33 0 75 0 21 28 67 59 8 3 11 23 63 82 60 13 22 2 79 78 26 54 93 91 77 19 48 81 31 3 61 39 98 60 48 71 55 46 49 1 83 79 60 32 52 29 36 41 59 29 58 32 26 54 91 21 44 1 59 26 91 8 50 98 47 70 
44 88 54 20 94 88 70 48 24 78 90 35 47 6 81 12 73 91 37 15 67 26 91 73 61 70 71 66 26 74 52 71 62 75 45 5 94 36 9 44 94 52 53 77 49 24 33 6 29 0 5 75 70 33 32 76 12 12 44 67 35 61 16 32 68 73 54 56 69 84 5 85 4 37 40 68 48 56 9 56 72 57 52 53 22 84 100 2 57 11 15 1 19 7 71 6 78 6 55 29 51 34 22 44 24 52 81 49 63 53 58 88 9 20 29 97 68 60 46 80 81 19 57 30 71 63 41 5 68 53 8 40 31 59 2 21 92 31 94 16 53 35 10 28 61 68 63 40 51 30 65 46 66 22 46 19 32 83 15 12 0 23 83 7 77 68 93 26 88 27 44 75 1 42 25 32 73 26 68 25 50 44 60 65 35 10 52 49 57 15 61 100 49 59 75 25 28 29 71 22 100 69 87 100 67 55 54 94 32 35 90 73 15 14 1 30 96 83 58 57 96 74 7 4 22 18 92 62 79 52 13 39 20 12 9 95 26 46 47 66 100 62 91 14 91 53 22 38 61 47 33 10 14 2 7 94 42 24 39 86 29 80 39 16 48 0 35 51 97 43 29 97 62 74 87 8 9 57 18 84 34 3 77 36 1 13 76 32 87 23 77 2 46 34 56 28 5 20 96 99 
42 4 62 51 25 23 77 40 45 56 80 78 98 93 54 83 49 85 25 61 18 97 70 10 21 23 78 34 59 33 86 21 94 70 35 99 58 69 48 41 54 7 30 100 26 81 24 52 31 26 99 8 97 98 75 19 32 1 46 87 11 41 86 23 15 7 15 10 62 34 25 14 31 54 15 100 14 28 40 100 26 44 16 93 77 100 2 36 40 1 89 62 64 24 31 89 29 33 66 87 82 15 34 68 32 20 0 32 35 19 30 70 53 58 12 0 35 5 74 94 76 30 20 81 32 95 42 10 77 1 16 30 55 43 41 72 12 17 8 30 43 46 5 50 4 9 15 65 75 64 70 82 69 99 81 28 61 78 11 32 9 22 6 23 69 55 55 40 55 51 41 53 64 11 94 39 11 28 80 22 12 3 55 52 21 63 79 100 90 12 93 1 67 69 5 73 85 56 55 74 97 82 57 10 49 29 40 82 87 1 48 95 5 64 38 89 80 14 94 0 95 14 27 26 31 50 50 24 70 70 72 65 34 0 47 1 53 28 3 43 62 87 10 30 33 38 7 23 2 71 86 60 65 44 80 52 59 29 32 36 46 68 100 40 32 56 12 14 84 27 37 51 37 76 83 60 58 82 17 77 23 38 69 31 51 22 63 2 58 60 83 83 64 29 64 51 16 23 36 18 
27 17 39 22 0 84 6 96 54 76 9 8 24 34 19 50 61 86 75 75 25 99 4 20 3 42 83 66 30 20 72 52 46 85 98 35 32 29 60 29 17 9 13 63 38 69 6 67 13 42 51 40 28 37 73 95 15 96 30 39 34 50 71 50 78 62 49 65 28 57 87 65 72 16 60 39 13 3 87 63 8 67 5 62 61 62 29 17 40 55 36 90 45 55 8 40 23 33 38 28 2 58 62 93 73 96 73 99 21 80 86 100 100 39 40 6 34 4 58 57 8 0 76 56 56 36 44 94 40 74 98 96 74 22 48 81 44 45 54 11 74 98 18 18 0 80 54 8 12 97 0 85 85 10 30 86 91 3 97 1 31 89 58 42 62 62 49 86 38 5 24 91 45 78 78 35 45 97 2 21 16 80 56 74 97 92 72 22 71 22 31 32 27 39 75 100 88 25 11 55 47 75 74 13 60 39 4 43 41 6 22 95 65 95 57 6 34 92 85 13 97 45 31 17 58 80 68 69 90 48 46 46 95 22 6 67 90 54 12 69 12 44 84 20 34 87 72 15 71 53 96 2 8 48 75 32 52 52 41 19 71 75 25 68 24 65 53 28 89 75 18 97 14 6 6 56 79 78 62 69 0 8 58 92 38 82 22 79 58 61 74 12 34 86 91 74 22 0 55 14 
87 23 51 84 0 63 41 65 25 63 90 60 98 96 52 93 12 48 8 100 99 13 83 34 23 99 58 62 9 6 42 46 17 23 65 5 27 64 88 52 72 41 65 22 43 2 27 74 52 2 60 3 22 49 20 95 89 32 45 32 38 92 6 62 50 75 33 69 2 21 50 80 31 76 81 79 1 76 67 31 61 53 96 74 35 42 86 3 23 100 6 71 53 64 42 57 99 21 11 59 2 85 93 7 93 80 57 20 48 93 77 57 46 2 77 87 29 58 16 89 24 82 79 98 92 94 85 77 77 59 12 15 29 4 98 50 13 72 67 56 69 39 12 48 72 23 87 92 6 86 17 45 74 36 28 27 65 11 69 52 52 28 76 31 66 24 22 61 58 72 48 50 94 18 30 45 10 87 89 73 64 33 33 37 96 12 62 13 82 56 24 61 69 3 100 86 79 18 47 80 59 6 70 30 40 29 23 82 94 64 22 5 17 38 0 23 59 78 55 38 80 94 71 78 19 59 2 57 27 71 9 99 12 87 98 13 37 99 39 77 54 16 55 18 13 74 20 31 28 36 9 54 27 48 40 9 79 58 76 65 66 17 99 35 91 39 47 84 68 77 97 46 62 27 44 10 69 96 97 30 53 90 64 21 89 37 14 81 38 87 79 70 43 59 41 87 12 82 61 61 
6 12 47 100 13 96 93 71 90 4 100 61 7 15 16 4 78 97 52 84 3 70 84 79 20 100 53 53 18 49 70 100 7 1 71 99 17 80 94 57 52 13 58 76 43 24 1 83 55 28 18 17 65 30 67 14 97 42 69 34 21 95 62 94 16 86 35 43 33 33 93 20 58 41 56 85 54 97 89 68 76 37 96 24 4 64 57 45 11 38 83 39 3 84 49 91 85 86 45 85 75 67 53 40 99 52 94 77 44 12 61 79 93 68 9 24 49 58 12 76 33 42 25 97 58 14 7 97 60 77 70 76 48 74 24 7 69 79 74 46 83 41 36 54 59 61 9 32 23 63 7 18 10 15 95 87 7 34 8 9 54 57 98 43 3 6 73 95 35 99 12 64 38 81 44 0 66 57 1 17 49 40 20 27 58 76 50 96 88 33 87 18 54 49 86 99 95 40 50 26 18 93 5 8 32 43 30 28 17 13 52 29 33 37 30 28 64 31 64 66 49 20 95 84 22 53 61 47 0 78 67 27 87 55 63 4 89 66 23 23 59 11 49 45 58 79 58 5 69 14 83 14 50 18 62 79 47 82 66 21 23 22 9 28 18 16 90 60 6 40 60 19 39 14 90 18 80 52 61 28 4 93 56 38 73 100 56 22 30 52 81 39 48 38 28 7 16 4 81 3 
78 100 23 13 49 43 31 30 35 80 47 11 50 56 61 68 17 16 81 38 71 36 74 98 37 45 14 55 58 26 46 6 96 69 39 52 13 86 20 44 96 1 71 74 32 51 47 63 35 8 52 14 33 19 49 78 4 34 7 81 32 55 61 2 38 51 24 96 40 26 80 58 32 69 81 14 89 31 87 28 100 7 23 20 49 84 30 2 71 32 44 4 96 71 60 10 22 91 70 80 23 69 23 18 52 17 40 59 12 36 82 96 39 12 74 95 14 59 60 56 83 20 3 92 65 6 56 48 89 75 11 79 5 33 5 48 79 54 24 48 96 78 47 10 13 49 0 46 45 20 80 3 13 16 4 46 96 61 34 77 81 66 65 17 5 49 59 72 32 1 75 38 58 44 10 61 92 37 20 43 16 64 48 47 9 94 89 49 86 66 21 58 18 25 93 6 50 95 27 53 96 17 65 13 59 85 48 78 47 31 33 92 21 93 43 38 53 56 53 37 4 35 54 16 20 51 27 24 45 62 99 57 38 69 68 66 29 82 11 70 34 37 84 56 79 55 10 27 70 56 50 52 47 39 26 82 87 20 44 83 68 90 49 38 53 77 31 6 33 96 39 68 99 21 94 37 27 60 36 11 79 20 46 15 5 53 50 32 51 20 8 69 38 82 38 53 25 23 26 5 
69 48 61 23 90 94 29 64 79 66 10 50 1 10 66 30 12 15 62 7 29 58 68 59 23 29 74 41 11 87 22 5 88 90 52 39 0 92 99 18 42 53 53 89 85 50 6 96 53 31 66 65 18 42 26 28 98 83 19 81 31 97 14 35 53 24 32 32 27 54 79 31 96 12 90 63 63 67 8 86 54 56 96 84 18 21 37 25 23 17 60 16 48 67 34 83 50 43 44 15 41 46 28 87 11 94 11 66 23 70 58 17 15 98 49 80 72 97 83 99 25 74 69 72 69 55 70 61 24 37 100 61 38 58 49 24 1 27 42 67 99 16 14 0 37 89 91 77 83 15 83 62 63 77 34 69 7 27 78 74 39 23 77 64 19 56 28 20 14 92 85 94 74 76 88 90 65 100 90 31 88 90 49 35 100 81 47 23 58 69 50 91 85 84 0 60 47 24 90 86 42 2 21 6 9 35 25 7 83 28 5 53 40 13 69 85 38 76 86 79 92 37 47 17 29 24 34 16 29 98 63 63 75 54 69 74 62 85 16 8 5 72 12 60 54 39 97 7 94 72 62 9 19 80 22 61 32 31 58 87 72 81 75 10 44 76 38 16 37 39 97 96 54 90 28 59 35 80 31 76 52 83 15 14 84 61 36 94 3 71 23 10 43 13 18 42 6 23 37 45 
56 26 73 51 73 51 38 53 81 61 85 10 9 23 55 81 98 7 37 72 29 72 18 95 90 32 57 82 10 70 8 90 37 14 30 64 5 23 59 39 48 31 58 3 59 36 91 68 75 95 57 87 88 49 42 88 4 5 99 95 60 53 43 92 53 17 86 48 51 76 57 6 1 72 100 40 33 77 40 32 48 74 56 17 2 76 80 67 46 8 34 88 80 32 76 82 27 76 99 14 16 9 13 21 39 43 52 33 33 20 47 49 12 70 35 52 15 35 80 22 66 24 12 12 93 15 2 86 70 10 77 38 80 29 57 79 0 72 91 71 63 76 48 17 60 18 11 58 39 55 15 71 46 100 95 85 27 2 54 53 26 23 72 50 59 29 82 68 0 46 78 13 14 4 93 79 17 34 79 98 60 10 66 75 72 77 84 98 22 86 8 24 46 93 25 17 26 1 60 9 78 44 59 30 15 75 24 70 95 90 92 16 70 10 8 30 89 46 82 68 31 3 86 57 33 74 3 19 83 30 2 5 50 50 0 82 96 28 80 5 90 51 15 16 38 57 84 88 0 78 65 43 51 47 92 25 17 63 92 19 74 92 25 3 80 81 3 35 97 74 45 13 73 14 81 18 90 23 64 36 78 58 72 91 76 37 22 74 20 8 2 46 38 39 35 85 87 40 82 80 
90 54 86 36 68 46 2 8 43 35 67 1 21 72 63 82 35 47 55 72 39 45 57 20 27 46 8 43 66 61 43 70 98 15 29 10 19 100 98 1 45 99 13 70 33 25 2 82 31 51 46 92 28 46 60 10 56 65 9 65 87 88 81 60 81 54 1 75 51 72 34 54 46 10 48 38 25 33 79 63 32 46 85 12 85 66 12 32 51 39 98 60 52 72 46 68 39 44 78 6 70 34 86 39 49 57 6 60 27 69 4 52 65 53 84 17 86 75 8 53 13 9 71 96 1 89 16 7 54 89 15 54 43 44 25 60 99 38 52 6 92 92 19 42 36 78 95 53 81 13 4 66 21 44 36 81 1 45 52 37 5 51 13 31 56 30 90 18 48 66 48 70 19 24 3 92 22 4 25 81 80 59 33 83 92 31 52 32 2 54 5 39 72 44 42 71 58 96 14 42 69 57 73 61 2 83 23 45 26 57 3 40 90 71 54 34 95 98 68 97 92 94 83 61 25 16 18 80 49 63 44 98 87 2 69 43 84 37 22 26 40 87 98 15 97 95 73 43 56 42 50 12 60 34 52 96 36 29 46 33 69 82 80 74 28 16 86 21 33 11 51 60 8 8 85 21 90 51 38 59 42 87 8 7 1 75 51 99 77 88 2 77 3 44 25 57 46 44 93 29 
14 80 93 24 78 26 59 82 82 14 50 62 59 82 8 57 50 5 86 19 24 24 32 91 21 51 27 42 12 23 87 31 41 4 28 96 77 69 40 60 22 94 42 94 61 55 91 91 18 93 56 6 84 78 74 68 6 38 34 57 13 68 11 55 37 29 90 71 39 35 39 9 36 49 61 68 72 89 93 98 5 99 82 14 75 85 19 96 0 29 78 55 40 16 82 82 16 12 69 58 64 64 90 62 42 90 28 87 68 90 60 88 14 81 34 49 58 24 82 22 48 27 31 51 64 21 90 11 59 85 19 52 78 22 1 88 58 51 35 2 23 87 80 98 99 34 81 78 3 97 11 70 89 70 66 79 5 81 65 20 18 70 84 41 50 10 90 68 77 98 67 28 17 97 50 54 72 81 6 62 16 100 100 73 38 54 64 59 8 12 41 14 65 32 87 92 66 32 87 31 26 47 14 76 19 85 63 80 36 5 83 52 20 45 92 54 55 62 73 98 52 67 54 1 59 88 12 81 72 73 48 41 10 21 76 57 97 76 57 4 11 14 100 46 3 74 50 40 75 67 88 62 48 0 71 54 88 60 88 17 18 16 31 16 13 91 20 2 23 29 14 84 80 93 33 11 0 63 36 72 29 2 40 47 74 12 40 28 84 73 44 94 62 33 25 70 35 99 92 81 
35 24 89 21 1 89 83 37 67 99 55 25 49 3 69 26 97 43 1 51 38 83 57 40 80 64 72 35 46 55 27 21 0 40 45 43 44 99 8 46 90 40 69 48 35 59 18 61 53 68 31 88 18 38 49 25 29 98 98 27 21 98 53 11 25 31 89 87 14 98 77 14 29 52 20 31 85 47 71 63 42 22 57 37 67 81 2 26 25 91 38 90 76 23 32 41 92 3 32 43 4 80 93 86 53 78 28 42 3 94 58 97 35 89 6 18 49 14 47 76 70 49 65 56 82 83 4 29 48 21 3 28 33 48 8 84 55 100 20 34 28 62 6 14 93 48 58 76 93 20 53 66 68 30 97 37 46 95 97 29 1 22 19 55 30 65 56 73 75 40 24 83 90 47 71 27 37 66 63 50 80 17 83 59 4 85 14 2 13 41 33 17 65 11 9 52 88 59 43 14 77 77 84 80 100 47 18 95 51 12 21 57 96 83 45 22 97 44 65 84 53 19 44 34 63 18 51 71 32 72 87 39 56 31 6 58 42 65 38 79 29 70 17 48 37 31 5 96 32 97 37 4 74 9 94 93 80 31 70 25 40 59 28 99 41 37 30 83 4 20 77 85 39 5 57 91 99 20 16 2 95 72 14 32 97 43 75 19 45 4 1 2 79 2 64 81 36 12 64 57 
4 49 9 74 15 37 81 5 50 46 28 46 91 98 19 100 40 92 80 66 3 71 70 98 24 61 92 51 57 1 60 81 90 72 51 58 19 85 56 64 86 25 77 73 45 74 8 51 90 40 57 61 71 96 24 74 5 75 42 74 62 40 17 5 7 90 48 56 60 2 47 42 40 73 45 92 48 28 16 16 35 49 36 40 29 21 45 37 19 12 27 51 23 94 12 73 78 46 88 63 62 31 33 4 11 87 11 98 37 47 36 3 67 68 35 79 14 56 88 50 82 44 49 38 57 57 50 51 8 51 16 19 64 65 63 50 54 26 51 95 39 32 88 35 50 56 92 37 11 70 52 41 44 38 21 26 83 45 55 85 19 13 99 43 38 23 37 59 31 100 3 1 61 15 12 79 14 24 26 87 83 27 24 1 67 78 61 99 21 80 69 63 35 60 100 8 24 88 21 91 35 16 72 86 84 73 5 0 92 30 21 42 36 2 12 8 47 57 69 37 23 13 70 25 76 65 64 14 68 100 54 9 47 67 74 73 34 32 13 24 60 96 40 66 78 2 92 47 20 40 71 81 54 6 85 64 76 41 34 13 33 51 3 44 6 86 2 48 94 2 23 93 55 78 31 55 73 41 44 27 35 27 53 17 6 50 34 46 42 45 26 74 19 74 26 74 12 4 26 59 
6 68 84 100 77 5 46 1 90 29 0 24 4 92 3 74 35 92 65 69 83 11 76 28 91 48 87 19 28 92 14 88 61 29 36 95 80 35 56 89 28 61 19 0 70 57 97 52 60 11 61 77 83 12 11 91 97 45 51 76 58 53 90 56 11 78 72 47 27 80 71 83 1 42 27 30 36 53 19 85 95 63 8 89 80 91 27 16 100 85 19 13 36 78 34 28 53 7 18 79 18 48 47 86 23 64 75 84 65 65 13 85 93 86 43 66 71 17 87 76 12 50 84 42 52 39 50 42 25 87 78 80 38 40 99 21 25 16 15 78 16 58 16 11 60 59 20 0 9 64 87 54 1 9 20 83 5 2 53 14 57 27 55 39 88 17 1 97 96 89 8 8 44 62 24 49 14 14 28 59 13 15 29 27 83 69 62 36 75 27 0 13 3 19 75 24 60 26 21 7 92 86 98 76 50 63 13 89 36 9 49 45 63 92 1 68 25 2 73 87 43 89 48 97 19 13 31 9 20 79 41 18 24 64 64 83 71 31 93 97 57 72 95 7 54 61 68 51 37 86 58 51 83 14 40 24 0 14 2 89 64 88 33 4 18 19 34 5 40 50 75 95 27 26 41 28 26 56 70 47 26 51 22 3 29 55 98 8 4 94 77 37 40 42 71 93 72 23 26 2 
74 48 76 68 24 88 4 69 78 12 71 1 6 72 67 59 54 97 77 88 75 78 1 47 28 13 92 8 81 65 68 91 56 79 92 18 62 29 34 73 70 96 36 61 99 87 16 94 90 35 57 99 10 56 99 46 60 29 31 81 69 25 90 5 85 50 55 92 20 35 63 74 86 38 0 81 56 42 38 28 37 20 50 42 88 33 50 89 15 56 5 64 52 88 70 23 89 21 53 78 40 80 80 97 35 47 85 20 40 6 13 23 14 15 43 8 68 79 89 71 17 69 71 7 55 40 13 28 87 9 93 45 59 31 67 8 84 99 84 55 32 96 19 73 90 43 11 31 17 72 32 96 42 22 25 29 49 62 90 100 35 24 30 12 33 25 92 28 84 57 40 16 61 84 46 68 5 23 74 57 50 90 12 11 40 91 41 78 4 61 71 62 13 62 21 72 59 81 44 33 63 38 33 51 87 78 20 2 89 15 64 37 3 6 19 98 23 27 91 53 48 0 5 18 78 69 29 97 71 41 40 17 75 57 38 71 30 95 82 97 56 25 47 46 57 40 45 63 0 88 52 98 35 39 83 65 4 21 17 0 68 99 12 6 72 69 27 17 10 59 3 42 16 81 32 77 69 84 65 73 92 7 13 14 21 26 42 55 13 64 65 86 16 70 85 81 28 45 75 40 
89 6 37 0 41 10 88 30 43 54 75 56 26 52 15 58 79 33 85 40 66 80 3 69 78 73 77 83 27 56 88 7 73 27 52 85 46 18 29 59 63 24 11 11 60 8 92 57 75 89 89 20 68 91 44 71 30 73 46 86 30 13 78 71 47 42 62 46 74 33 88 60 26 16 26 36 99 71 23 68 42 80 11 90 95 82 78 49 23 96 74 38 28 89 20 52 71 76 91 76 34 26 92 34 48 29 89 25 58 25 89 38 38 17 23 21 16 87 57 23 70 62 6 40 99 64 62 40 90 40 55 67 36 47 81 79 29 80 64 89 72 43 65 32 6 99 24 81 8 11 18 44 51 84 92 78 26 84 94 92 11 0 65 42 9 64 49 22 39 15 74 77 39 41 77 65 64 13 8 56 33 3 54 71 34 68 5 68 61 12 24 14 66 99 12 90 2 53 4 79 5 28 69 32 71 32 5 88 41 19 55 84 77 83 42 84 76 67 64 36 96 28 73 97 80 92 64 40 20 86 59 91 21 65 20 51 59 14 93 3 80 11 93 72 59 19 67 94 71 55 89 43 45 50 31 74 44 46 71 16 1 52 73 49 61 68 12 49 33 74 47 86 95 20 11 84 47 90 83 76 75 89 70 100 5 88 90 71 71 31 20 19 83 8 75 31 86 91 25 37 
87 36 26 80 65 38 73 30 41 54 64 9 14 51 58 43 18 32 20 65 93 76 96 87 3 33 98 79 67 39 94 27 41 63 36 44 16 72 26 21 31 58 93 91 2 0 71 83 36 8 96 55 68 84 69 0 29 100 51 13 74 10 24 38 39 68 59 90 18 14 66 46 31 80 87 8 67 94 71 14 78 31 93 2 88 72 68 26 38 77 58 25 73 24 1 37 13 97 44 26 7 55 98 99 42 58 29 54 27 19 70 31 22 96 74 99 7 54 10 34 36 1 26 32 92 95 16 51 72 12 35 31 99 25 0 36 62 31 83 30 62 20 54 74 96 76 53 29 98 70 73 18 10 89 1 16 47 22 65 45 90 81 13 86 1 14 61 55 20 63 87 33 43 59 80 46 30 85 86 12 32 8 60 94 68 0 88 54 43 49 82 6 0 92 9 14 38 48 72 90 18 67 0 76 91 60 49 44 28 62 5 5 53 96 92 2 78 47 95 16 12 28 84 68 67 47 36 90 43 65 34 91 13 14 85 6 22 78 26 74 27 27 14 32 4 81 84 22 53 56 56 20 40 7 39 29 56 80 29 40 81 80 8 16 7 8 90 78 65 19 1 57 48 92 69 71 29 57 97 48 9 51 50 50 1 24 16 89 26 25 46 63 59 64 67 7 40 23 41 82 
50 23 77 54 55 54 4 7 78 17 88 45 56 100 42 80 61 96 19 2 33 93 19 0 76 87 96 17 11 42 17 16 91 31 58 76 82 63 5 76 9 64 0 68 14 84 20 8 85 48 30 8 43 73 27 85 61 18 5 33 17 11 71 47 9 89 99 32 38 95 1 26 47 56 47 95 47 37 94 23 13 77 53 50 5 92 31 62 79 99 12 49 53 36 41 15 39 33 63 64 67 71 59 10 78 49 66 81 54 39 60 60 69 44 60 50 45 63 59 87 80 74 24 94 3 75 90 38 15 77 10 14 11 83 40 23 73 86 40 94 79 23 32 88 36 6 93 75 59 16 85 54 41 62 39 75 44 73 93 11 65 92 66 65 23 6 10 72 3 82 82 12 16 30 23 38 2 93 89 27 14 15 11 27 82 4 96 81 38 70 61 62 50 33 92 77 65 89 7 51 13 44 86 76 51 61 52 8 50 44 14 33 7 56 8 58 14 54 95 72 6 16 27 54 71 45 76 19 77 7 87 25 3 43 1 59 0 48 60 74 32 100 95 64 11 22 8 64 36 60 0 7 76 81 11 52 13 66 86 48 5 66 0 46 12 71 46 46 62 55 15 100 100 19 56 15 92 17 49 44 77 30 26 16 91 2 52 34 18 26 91 30 94 28 66 33 39 56 97 61 
55 10 96 77 94 54 52 62 29 37 81 56 15 48 25 48 45 83 64 8 65 98 38 74 73 99 93 87 32 27 27 81 60 43 62 36 1 17 86 61 70 23 96 11 79 1 90 17 15 7 50 90 91 43 63 41 59 67 83 41 86 6 61 88 4 95 71 58 32 25 100 73 76 84 15 20 35 96 41 96 13 18 36 8 90 97 86 100 65 100 26 98 72 76 1 3 33 52 21 18 44 42 44 40 23 46 58 3 60 61 92 83 29 94 45 93 33 99 34 76 48 99 31 78 35 27 71 96 82 34 47 29 18 99 77 19 51 21 71 40 75 37 7 53 90 95 52 51 72 89 13 96 49 34 16 87 24 44 46 46 56 55 33 68 94 0 19 39 31 42 48 35 48 45 33 14 43 30 13 19 32 28 35 88 13 72 33 13 12 23 28 19 50 40 84 85 72 38 89 60 12 67 1 3 41 32 68 8 59 10 79 76 75 96 30 16 86 97 70 15 58 75 29 96 91 4 34 50 22 81 59 9 92 16 88 49 36 1 86 4 29 30 65 66 19 74 12 98 40 22 3 69 24 92 98 84 6 65 8 77 53 29 83 19 0 39 16 71 85 35 78 59 86 58 82 89 77 20 64 37 78 70 37 20 0 76 45 100 69 63 43 66 79 80 51 82 18 59 29 28 
63 100 25 20 55 40 97 45 39 88 82 77 6 20 10 53 67 0 85 98 78 52 90 11 90 50 85 24 28 94 14 28 8 63 5 87 76 23 38 56 63 21 18 60 23 71 47 59 73 89 71 90 74 52 42 4 40 44 53 65 56 22 23 39 89 17 100 17 3 46 29 80 12 95 61 63 24 1 93 95 61 68 0 13 6 55 54 18 45 13 4 96 27 67 31 13 99 55 90 10 98 71 13 84 12 27 23 90 24 55 18 89 71 96 92 3 97 31 27 83 28 40 79 30 4 34 20 14 75 33 77 44 17 86 18 0 45 80 95 68 77 56 67 87 46 97 80 66 16 49 8 45 95 19 51 5 96 93 38 21 79 67 95 10 59 48 16 31 54 63 96 10 17 43 88 29 91 68 9 68 4 4 83 19 33 10 49 53 56 70 2 24 27 76 86 6 62 64 65 34 69 96 51 19 46 84 43 41 96 76 18 53 95 3 9 61 10 73 68 58 85 26 13 68 10 33 38 35 14 29 51 32 1 14 40 53 33 48 31 72 32 43 43 88 53 22 14 19 91 20 50 74 11 73 78 99 78 98 45 48 54 98 75 80 76 97 79 79 91 2 4 1 79 34 83 73 24 96 8 82 73 41 88 26 94 34 36 45 51 41 22 12 58 57 52 71 38 56 85 16 
38 35 4 61 42 33 0 67 53 60 32 12 68 27 66 18 17 100 44 11 79 19 84 83 6 95 75 43 34 20 56 29 41 89 19 43 83 98 49 56 14 16 65 38 39 25 34 25 30 62 4 22 18 89 23 72 52 53 76 68 56 100 100 19 67 57 96 77 13 100 10 58 73 80 43 82 58 63 18 71 32 91 95 24 45 58 89 51 77 38 62 99 20 63 45 22 29 65 4 24 64 30 67 58 29 45 31 17 88 26 96 24 55 56 72 6 39 9 94 24 36 47 62 65 40 2 73 89 63 21 10 94 89 91 59 70 9 98 2 26 65 78 34 71 93 72 46 44 54 94 84 29 61 97 44 95 64 25 39 18 23 83 22 6 55 16 87 96 19 69 49 73 76 0 97 20 17 38 45 68 22 66 82 98 8 66 7 61 85 100 31 72 87 67 8 90 49 55 16 14 28 37 4 73 42 41 22 98 15 49 59 17 38 79 28 23 10 64 69 73 25 26 12 65 52 28 46 71 20 4 85 84 53 44 35 38 82 97 17 32 16 58 63 53 7 59 93 25 12 1 23 75 84 88 44 36 63 77 87 38 100 81 11 88 2 98 13 38 74 95 77 82 75 84 97 79 26 93 95 18 43 62 8 88 49 26 25 45 82 75 90 34 59 25 30 78 84 18 26 16 
84 93 66 58 22 83 33 83 97 58 64 40 41 35 1 42 95 37 93 82 39 75 95 63 52 65 82 99 68 58 59 8 18 18 63 89 19 18 11 38 25 42 30 65 75 63 40 24 14 57 34 14 53 68 97 33 18 18 0 77 28 4 71 10 25 23 14 29 52 45 55 59 19 22 57 56 13 74 48 66 16 76 49 83 23 28 35 10 49 88 63 81 87 72 11 6 78 1 43 67 17 4 1 64 16 47 29 89 70 50 99 30 27 48 90 83 91 4 87 80 13 71 92 55 36 3 89 92 18 93 57 59 56 96 7 77 8 19 73 44 86 28 23 20 20 66 18 6 8 19 9 86 50 13 70 57 23 14 75 42 59 99 8 53 17 49 100 96 55 79 7 83 73 23 46 10 53 16 74 0 17 36 67 1 52 83 73 19 52 25 0 15 37 94 16 46 31 64 89 59 38 15 64 82 63 81 70 94 4 50 12 21 63 44 1 6 95 47 94 48 17 63 18 61 14 55 53 70 30 95 81 23 88 43 88 72 40 93 83 43 20 34 2 24 58 27 50 67 45 85 60 22 25 18 46 22 60 20 72 9 7 94 47 72 80 59 54 8 74 91 100 31 53 97 86 23 64 81 91 27 99 38 15 56 25 56 43 30 97 27 19 70 31 60 14 48 67 39 41 41 
22 79 20 73 88 46 97 64 81 42 44 61 27 71 78 95 91 60 38 77 49 48 37 67 6 22 6 55 58 47 49 67 63 43 31 74 58 29 86 37 79 9 86 98 64 94 90 90 15 35 25 79 92 45 25 17 45 26 15 93 25 18 89 69 44 94 50 93 76 57 38 92 48 32 10 84 20 2 53 40 30 30 69 96 16 0 59 77 47 25 22 25 95 51 7 1 12 54 24 21 23 87 56 62 61 73 28 30 8 59 32 46 73 25 65 73 88 38 84 45 72 0 78 85 12 52 69 17 58 100 20 37 41 93 49 40 43 47 55 20 49 31 36 49 16 31 68 45 63 18 61 71 5 1 30 2 85 31 9 64 39 78 35 20 90 18 28 37 75 86 9 75 14 52 42 32 64 39 72 94 13 10 52 99 40 75 40 100 52 87 76 5 42 4 92 39 54 23 50 90 100 10 82 88 97 84 20 81 71 62 70 92 50 54 53 65 65 79 88 5 19 48 53 49 100 52 81 66 24 59 83 44 15 85 6 71 75 15 94 49 20 21 62 50 25 35 24 18 0 67 85 28 99 60 98 55 81 92 85 31 72 36 46 47 22 43 87 20 79 58 91 79 63 47 58 32 64 80 35 49 30 63 16 95 51 20 60 73 76 76 1 3 80 98 94 46 68 44 6 97 
92 60 35 6 54 16 44 90 55 8 19 85 2 30 95 55 100 82 95 48 15 76 93 12 53 87 67 23 27 50 1 2 9 83 7 1 63 12 98 56 40 93 7 63 78 4 79 34 83 7 85 52 84 32 78 22 40 71 49 96 19 52 62 69 90 53 97 76 20 2 60 7 11 1 24 95 79 45 96 80 19 13 53 34 75 35 28 67 7 36 64 50 90 52 88 3 35 38 5 89 26 97 27 82 18 85 67 53 71 36 41 32 10 87 76 41 92 22 36 37 57 27 7 18 85 76 63 69 8 30 25 32 35 9 76 100 30 40 26 65 85 42 47 21 77 66 21 100 55 92 24 72 64 68 50 85 25 67 39 95 36 64 50 34 65 82 54 34 8 76 100 56 25 65 70 58 89 83 86 45 25 1 95 72 65 65 12 4 8 33 49 24 73 17 17 40 22 65 74 98 13 75 73 39 59 90 38 50 94 85 96 23 59 18 20 71 77 8 36 69 17 68 91 3 51 28 7 4 24 5 73 50 47 67 2 74 35 71 72 98 39 28 19 0 71 6 43 11 90 1 50 71 54 47 82 96 39 71 5 43 89 19 22 79 50 8 52 62 14 62 31 14 87 67 67 24 1 31 44 90 63 6 48 55 56 34 33 51 83 14 58 36 65 67 57 92 74 30 39 0 
0 63 78 73 53 91 53 97 23 18 53 93 9 36 54 33 3 14 13 31 84 55 34 21 24 40 44 49 91 95 35 32 33 70 52 9 9 71 13 34 42 94 22 11 8 28 12 57 71 51 61 63 4 99 21 87 32 23 60 57 59 5 99 92 6 20 30 17 54 6 57 38 88 48 62 53 10 39 77 8 78 90 43 67 68 31 3 19 80 54 25 6 41 3 50 19 5 34 80 15 95 53 23 49 5 87 37 100 7 41 62 51 3 94 9 52 41 23 84 44 34 54 57 66 55 26 16 84 59 71 98 93 74 26 84 59 78 3 94 96 47 80 74 62 81 15 71 74 36 40 17 69 89 40 85 53 38 68 35 72 16 0 58 76 3 56 54 70 31 76 35 81 35 41 49 100 88 93 57 34 10 74 47 34 59 100 60 37 84 40 82 54 15 35 30 72 5 62 8 92 51 52 67 50 88 61 50 86 92 36 4 90 38 43 95 30 68 61 47 85 9 47 99 31 87 29 51 89 98 67 69 11 16 35 64 1 54 60 65 34 98 9 24 33 70 34 23 70 30 57 76 82 27 42 49 46 53 5 83 66 49 6 43 59 69 76 5 80 63 21 32 50 36 95 63 17 30 69 65 96 72 85 27 25 39 88 58 45 5 100 54 48 28 0 56 40 94 92 49 54 
72 36 13 65 77 45 48 46 76 38 82 85 76 54 5 41 11 44 18 26 99 98 94 9 75 13 49 20 48 15 26 63 39 13 97 2 95 48 71 11 86 90 65 56 17 6 40 11 41 99 74 76 13 70 39 23 75 92 22 14 4 75 25 80 71 7 77 0 44 28 60 59 91 43 55 87 20 93 8 48 61 97 18 86 93 69 25 75 21 35 83 83 54 10 17 63 3 24 44 66 7 69 38 79 68 18 69 36 26 63 9 94 43 54 75 25 54 96 76 76 17 26 84 15 50 67 28 59 61 52 37 84 79 50 48 12 68 12 34 59 4 71 16 78 10 28 29 10 13 16 51 99 31 59 45 67 59 52 68 13 69 5 53 97 21 2 80 79 14 13 1 100 6 21 34 19 55 31 21 9 86 14 91 29 75 15 67 54 41 51 39 63 12 57 46 22 45 79 87 61 11 28 53 31 63 11 71 30 99 22 85 13 3 66 53 37 12 65 61 7 76 31 82 6 75 87 88 97 4 88 6 77 42 25 52 11 69 70 18 38 93 58 25 42 7 70 67 82 20 52 82 33 70 21 3 11 67 4 76 55 52 34 15 16 23 78 87 4 71 99 27 70 88 98 2 12 18 20 56 68 67 31 49 69 36 97 48 16 100 62 94 80 2 54 46 98 36 29 32 13 
52 51 92 77 83 34 21 88 93 8 96 73 10 42 52 50 40 86 67 54 90 90 90 36 46 7 86 36 20 75 81 57 95 69 53 12 39 25 24 15 71 22 95 17 58 86 72 86 14 58 85 36 42 54 29 54 19 80 87 20 28 97 1 7 23 17 17 0 95 34 21 74 72 32 1 70 10 43 39 38 13 40 31 59 11 61 7 47 35 83 31 46 35 53 8 46 31 80 16 40 61 37 42 11 99 11 2 41 90 20 48 89 55 51 31 57 49 5 39 33 84 7 10 98 1 34 22 22 84 28 81 0 11 54 43 8 44 28 2 22 96 69 16 5 1 4 100 64 59 14 45 87 82 50 17 81 97 65 9 76 65 94 83 57 16 29 10 47 49 56 20 8 69 46 99 9 97 46 75 98 31 38 83 72 71 3 48 25 89 84 76 28 84 53 19 65 42 0 52 36 51 61 47 94 2 21 93 5 85 91 29 100 84 63 69 99 52 36 98 98 36 32 7 77 13 17 2 87 6 86 64 29 78 43 28 68 76 100 18 68 99 69 74 60 17 93 64 85 56 47 100 17 56 5 78 44 65 38 43 66 44 48 71 34 80 54 58 100 56 65 4 24 54 13 12 62 48 48 44 74 39 20 18 85 7 18 3 94 48 93 14 10 99 94 44 97 80 75 41 38 
20 83 54 85 25 52 19 85 81 76 79 65 82 74 49 96 30 82 73 35 37 13 42 46 28 28 87 78 28 50 40 45 41 49 78 63 42 63 29 35 50 54 59 54 55 93 45 30 94 39 16 39 25 18 57 97 38 47 8 46 10 64 19 14 52 13 66 57 98 78 70 29 91 89 71 83 98 42 94 26 93 93 36 71 62 54 92 0 87 50 5 16 73 58 36 3 52 18 67 11 64 55 51 67 17 1 90 1 71 99 60 31 95 14 86 6 81 73 9 78 7 100 95 31 64 85 51 73 32 40 95 73 81 68 76 0 84 31 95 51 53 3 96 87 89 62 53 62 5 23 80 54 35 15 54 93 12 41 30 23 45 31 12 86 72 74 2 78 93 52 99 66 17 15 38 36 21 56 42 49 17 100 78 43 37 94 85 68 92 46 18 46 0 81 18 48 7 66 66 18 45 54 10 34 38 46 46 42 88 92 52 58 83 16 47 37 63 100 5 97 44 4 37 45 31 55 89 65 90 49 65 44 50 17 84 81 52 0 60 9 56 55 53 97 56 76 71 17 18 48 88 1 40 87 65 69 98 28 22 100 40 32 82 54 58 79 25 44 90 41 41 40 69 95 16 92 41 100 40 51 92 59 35 58 27 28 63 56 27 39 71 29 32 67 32 57 78 32 76 81 
90 59 13 99 40 34 77 55 64 0 44 96 75 27 49 17 5 81 54 92 39 38 64 60 56 77 37 32 17 21 31 0 67 59 14 15 17 51 56 29 74 0 27 91 93 38 25 98 20 60 31 3 50 29 45 90 22 83 33 70 78 80 19 95 90 70 76 76 74 40 0 21 6 96 78 15 97 54 76 13 2 24 91 33 27 50 5 20 22 1 78 89 15 77 8 65 62 85 20 54 19 17 0 90 88 98 35 2 17 12 80 59 56 17 56 16 28 20 54 36 54 3 67 5 58 92 78 99 91 14 38 81 95 73 77 19 44 61 61 26 61 19 37 68 51 26 93 8 41 94 85 85 37 78 9 78 91 94 97 100 87 38 19 43 76 74 35 20 83 66 90 55 22 96 59 16 30 44 80 38 1 20 62 8 23 15 0 90 16 88 34 7 12 78 51 20 99 19 21 71 77 79 61 94 60 70 17 64 37 65 45 84 3 97 22 35 89 1 46 24 34 73 79 55 94 76 86 10 26 43 73 57 61 66 47 3 70 87 39 60 21 48 98 72 0 41 28 91 34 22 33 35 3 65 19 70 57 62 0 77 58 27 80 79 12 42 65 68 48 36 83 41 68 48 83 59 97 8 80 61 76 35 98 38 47 22 88 29 88 3 13 17 81 24 93 44 6 86 87 52 
47 81 70 65 20 30 72 80 74 53 3 46 87 59 38 7 47 52 58 15 23 40 14 6 75 44 23 47 71 2 35 2 100 93 37 42 6 86 47 82 94 0 68 4 91 80 19 90 23 88 39 61 7 36 4 28 39 22 91 70 17 71 41 55 61 1 26 36 80 99 50 81 85 62 75 38 1 66 63 28 61 86 43 29 30 4 51 75 28 25 59 91 70 16 31 95 21 28 54 53 14 34 99 0 28 78 18 29 26 58 6 40 38 28 64 14 13 74 19 74 2 79 21 1 22 40 17 77 46 94 45 42 68 29 68 51 77 22 84 93 96 43 66 94 8 98 85 88 40 43 70 56 69 83 7 24 48 73 64 4 7 29 26 54 42 75 81 23 61 75 53 84 88 68 34 72 52 9 54 35 32 89 95 73 83 23 50 1 91 50 17 37 34 34 40 55 63 22 90 60 47 91 74 7 64 56 94 31 8 56 15 43 91 73 15 66 65 35 7 64 97 63 54 78 89 87 3 28 18 41 20 67 62 43 21 3 14 40 29 86 74 82 17 83 40 12 92 1 80 0 11 31 74 49 82 86 28 77 25 49 48 9 4 2 97 50 99 57 48 94 92 49 92 94 46 96 33 70 20 13 42 29 30 0 66 18 9 1 81 27 59 29 59 80 34 16 50 32 6 62 
67 20 6 75 33 51 11 64 67 14 97 93 11 10 100 14 66 71 64 56 53 95 85 32 88 79 40 16 26 16 55 90 54 46 97 7 24 57 49 49 11 42 50 78 24 14 92 37 48 71 19 73 76 89 45 62 78 13 87 63 2 40 79 24 33 93 78 48 9 37 8 44 77 28 88 18 72 58 94 18 11 92 48 61 93 43 14 34 23 72 55 83 47 0 70 58 6 85 29 72 15 12 81 28 99 44 71 42 21 3 33 37 47 50 79 58 89 57 81 17 36 40 23 8 61 72 13 50 78 71 97 82 79 26 95 81 48 59 10 44 84 63 62 54 80 7 8 38 19 38 6 58 99 59 77 63 26 38 93 49 28 64 44 16 89 17 56 49 49 44 8 96 2 57 99 74 14 63 16 27 96 20 73 15 49 27 2 40 23 49 19 26 90 27 54 61 99 19 93 2 41 16 97 31 53 2 64 77 72 0 62 80 73 2 83 62 0 14 20 83 16 44 67 73 58 62 20 62 48 94 81 39 61 65 82 0 57 93 92 19 20 19 24 39 19 93 11 26 21 30 68 38 40 9 43 19 94 92 35 65 83 46 88 71 32 88 40 61 84 30 61 88 41 86 64 0 39 48 16 49 66 96 5 69 37 53 12 66 91 71 42 19 91 95 92 88 62 4 12 99 
62 60 55 39 11 90 73 29 96 71 21 2 72 18 67 82 91 48 100 58 42 8 79 100 28 44 3 56 5 98 13 60 15 40 46 57 16 0 0 24 79 51 97 57 83 54 2 35 9 62 53 89 31 16 11 74 62 20 34 64 25 16 24 41 4 50 2 69 10 7 59 40 70 46 95 36 63 4 84 0 58 6 37 88 85 62 86 67 9 69 79 46 95 74 86 59 71 32 14 89 87 86 61 93 14 1 46 21 39 45 24 46 87 14 75 68 65 19 13 8 86 20 50 76 21 81 15 100 77 62 17 2 72 60 27 92 89 79 64 61 78 96 89 32 29 13 32 4 100 84 43 46 85 13 8 65 50 9 90 95 61 42 23 22 83 41 27 63 11 46 92 36 59 78 32 56 80 100 100 60 53 87 51 64 36 55 76 85 18 43 36 57 57 54 47 47 35 43 81 20 48 100 45 5 95 37 99 17 21 76 69 79 85 30 21 65 72 83 49 45 48 91 63 47 88 9 83 37 77 13 90 65 42 94 68 43 2 37 7 84 29 21 91 65 3 54 0 56 52 50 68 28 68 38 25 78 7 70 29 2 13 76 94 53 39 51 92 66 75 31 25 24 80 13 78 93 70 16 89 61 5 19 29 64 37 28 58 76 84 84 5 36 35 15 56 75 38 93 93 4 
55 75 32 29 89 52 99 21 58 89 1 13 44 81 25 100 92 93 1 79 49 15 42 25 17 24 5 38 58 1 11 56 74 95 98 29 14 93 10 25 24 73 47 52 21 25 76 53 25 53 43 51 61 85 11 25 19 95 88 44 0 19 70 4 71 33 65 31 12 60 17 21 2 32 27 4 98 42 15 31 76 26 28 1 44 46 7 98 27 33 41 40 42 9 61 12 49 11 59 29 69 38 80 83 78 65 30 28 21 79 37 36 52 59 84 77 79 97 44 2 72 48 8 75 34 80 58 91 17 50 89 95 63 19 0 96 13 75 53 76 53 16 100 7 93 54 25 78 27 74 1 61 34 37 57 79 20 9 43 30 53 95 95 72 100 36 68 67 77 53 69 77 82 88 13 23 55 47 48 30 80 1 28 50 93 86 72 10 25 17 73 66 70 94 69 44 57 64 54 86 83 22 100 98 51 88 59 11 18 29 45 42 21 84 2 48 96 28 22 85 48 94 89 18 8 74 35 96 80 93 34 8 15 63 4 9 25 9 90 15 54 47 97 21 61 9 84 77 97 45 62 66 100 72 4 39 86 78 49 100 79 34 56 94 90 46 27 63 27 12 99 13 13 88 50 10 48 5 45 24 50 30 49 16 1 72 8 88 81 97 75 64 27 92 15 65 65 34 67 85 
67 40 52 68 73 11 4 9 4 36 85 30 25 19 77 80 89 4 47 84 42 7 55 89 67 81 5 23 80 98 60 77 59 34 40 93 65 91 19 94 63 52 80 39 35 98 95 72 10 85 77 88 32 35 32 7 80 30 51 97 67 81 50 4 39 59 48 64 47 95 64 5 96 61 58 70 52 46 93 6 67 1 49 13 96 35 12 27 32 93 16 64 18 67 59 20 54 74 7 60 25 100 89 62 34 23 3 32 70 75 9 39 20 3 88 24 79 40 29 35 71 72 74 23 0 93 20 47 100 12 57 53 92 88 54 75 70 18 95 35 98 29 1 28 73 38 11 89 43 69 47 53 25 86 44 94 84 10 22 38 84 73 87 95 17 79 88 51 75 8 92 86 46 33 53 75 64 65 68 33 69 54 15 10 23 88 69 2 79 21 54 35 49 12 36 64 64 19 68 3 60 10 35 5 30 15 27 16 67 100 43 73 66 91 67 78 20 47 35 34 2 33 26 33 77 80 91 24 42 24 16 99 60 92 37 25 35 69 16 6 38 29 15 52 21 100 12 13 23 7 15 0 62 28 7 81 22 66 36 85 98 59 100 15 63 88 85 56 14 12 44 69 39 83 24 60 90 38 59 49 15 83 73 48 68 90 36 79 22 68 60 70 53 68 21 94 26 86 75 100 
75 50 14 80 43 23 4 69 30 83 88 94 78 93 59 83 49 12 57 91 48 16 35 78 96 87 0 28 96 12 30 90 34 48 85 33 69 67 65 80 6 87 41 97 70 62 100 17 29 8 73 27 56 45 31 64 35 45 52 91 71 57 70 92 61 22 96 45 74 42 4 55 100 47 17 63 70 48 50 29 82 80 9 23 96 56 75 15 18 27 13 3 9 39 48 70 88 66 7 42 64 65 33 44 86 4 4 31 60 40 41 55 100 88 50 19 55 61 87 61 38 55 80 90 48 70 79 83 32 50 52 3 70 20 42 14 5 38 58 94 61 31 5 52 81 21 67 84 49 34 63 33 69 79 24 66 24 78 29 59 60 72 2 50 87 77 38 69 69 75 13 35 8 98 81 19 77 83 41 80 62 20 9 99 48 5 65 95 34 9 71 23 10 53 52 68 19 51 50 8 77 6 80 78 98 47 84 86 49 52 95 48 6 25 94 19 99 50 16 0 39 47 75 11 61 1 76 14 27 11 86 2 98 86 11 55 58 10 53 99 2 98 10 51 64 54 17 88 44 26 51 16 71 31 61 13 28 48 28 96 36 2 58 64 64 60 85 10 14 94 30 36 17 29 77 14 21 68 77 86 57 24 80 35 56 5 100 81 40 38 34 24 100 76 52 19 79 43 72 71 
94 93 77 73 27 57 67 72 52 52 15 30 0 51 78 49 34 80 33 22 20 63 70 83 57 31 44 4 68 85 81 76 17 14 91 51 50 41 85 42 6 25 39 74 76 30 42 32 98 69 28 6 63 37 36 30 88 19 31 53 75 64 98 58 6 50 93 94 6 46 68 42 95 81 35 0 87 80 75 65 10 12 75 93 86 28 90 26 89 46 32 77 77 30 42 65 25 34 93 43 68 33 16 13 89 45 81 14 44 7 79 60 6 57 80 22 55 8 86 96 7 93 39 40 57 38 59 75 81 7 37 98 93 12 41 77 17 41 25 4 49 48 24 61 2 45 38 7 97 63 6 94 96 8 52 87 44 76 81 100 16 97 70 89 75 86 85 76 79 66 46 68 28 3 71 62 25 65 25 58 96 18 37 24 41 18 46 66 71 52 18 71 79 30 17 54 40 48 15 14 21 35 33 89 60 7 84 68 25 97 11 91 14 13 64 32 40 22 42 19 30 0 75 39 18 33 26 98 16 76 34 46 65 73 30 11 83 29 42 91 12 31 31 50 46 94 11 95 18 12 14 19 45 19 29 32 18 36 18 65 87 20 80 11 62 58 83 90 51 68 48 77 64 77 61 82 88 5 82 53 55 15 41 23 75 45 51 30 73 28 95 22 19 60 25 26 0 63 52 4 
0 2 3 34 45 18 25 64 52 14 8 24 42 3 45 33 38 59 86 13 61 21 65 62 23 73 69 61 3 15 32 89 35 85 23 46 55 94 27 37 41 97 69 88 79 60 100 38 37 41 13 28 79 100 20 41 3 87 40 24 23 73 82 43 31 90 11 72 63 78 52 88 93 9 58 3 36 93 25 20 100 28 49 97 12 61 22 48 50 36 26 8 95 88 23 21 86 72 24 14 23 50 78 86 40 99 44 77 65 6 26 29 24 62 23 62 30 61 8 56 24 51 15 22 9 8 30 56 79 11 11 63 15 97 100 49 35 39 10 40 23 70 79 74 6 67 7 59 47 63 74 18 99 13 37 25 81 16 13 74 67 69 41 67 46 70 34 97 20 90 9 75 35 41 42 28 39 86 20 85 51 78 9 9 90 19 94 38 11 54 2 99 7 72 45 65 73 21 72 4 67 42 98 49 1 8 68 6 47 99 39 17 38 95 24 15 4 0 48 9 17 84 86 63 21 27 86 17 45 21 62 79 96 18 25 82 20 76 80 67 13 94 97 76 58 4 8 13 11 14 80 30 45 0 74 49 97 53 75 26 23 2 11 16 67 21 50 61 24 76 92 81 39 76 63 32 11 40 67 68 83 87 69 10 26 81 72 59 26 90 84 66 41 41 3 94 55 15 96 43 
17 85 23 56 28 26 4 89 70 69 26 85 32 90 24 100 59 27 44 80 12 95 42 92 39 22 32 38 70 72 98 100 100 66 38 14 10 13 36 94 32 46 17 77 68 92 18 41 50 18 87 19 27 1 20 67 12 85 84 28 35 36 21 48 13 92 7 43 76 9 24 45 67 46 95 76 30 99 32 70 7 57 52 86 72 65 29 35 27 78 52 18 56 0 93 77 65 84 5 57 76 13 62 91 92 13 81 34 14 77 62 26 36 0 19 40 27 58 48 92 56 14 53 23 9 55 61 29 36 84 100 66 25 53 53 98 27 30 47 43 40 36 88 93 71 20 78 3 71 5 99 98 32 2 95 10 78 11 16 64 21 79 28 96 55 3 66 9 84 100 46 80 75 98 58 44 82 66 11 63 42 60 20 0 94 51 8 28 80 37 45 24 20 25 0 36 1 68 25 29 72 38 28 81 57 31 51 16 79 85 77 75 54 85 49 20 80 11 83 62 34 85 77 78 67 19 87 17 94 29 100 74 66 21 32 19 13 8 39 34 58 100 96 5 78 60 26 14 11 73 88 67 93 17 27 4 32 5 10 71 100 73 94 27 58 58 26 31 2 21 83 73 99 89 48 90 66 94 72 17 90 33 100 46 91 76 25 45 10 51 2 7 41 15 68 92 49 18 71 30 
60 51 41 3 4 8 20 93 94 73 51 36 83 33 12 58 89 81 30 60 76 4 57 79 42 10 27 18 72 39 86 66 5 16 85 63 27 35 45 95 48 18 55 74 31 76 98 58 34 1 23 0 11 70 67 46 4 15 25 67 69 100 85 59 49 92 55 1 80 55 89 45 56 81 85 15 60 69 75 33 32 100 17 27 95 94 89 19 57 27 64 70 91 7 65 84 33 78 43 1 56 47 41 77 73 2 18 33 83 39 15 20 44 81 58 20 71 29 74 18 80 2 52 42 48 61 6 95 73 30 44 12 24 29 70 63 20 79 29 10 43 4 89 34 1 1 19 1 62 74 76 62 36 80 56 68 69 66 92 7 52 51 18 58 48 28 76 62 29 98 9 82 12 96 33 35 38 95 16 19 13 22 33 70 54 4 62 14 19 95 55 77 31 57 25 27 84 29 30 95 76 98 76 81 8 11 27 74 11 9 54 92 84 80 6 47 50 30 12 80 57 46 27 44 33 97 99 67 18 42 75 14 22 89 56 88 45 11 82 78 27 94 73 56 71 1 93 88 53 74 3 49 99 96 10 6 86 90 4 37 77 24 27 59 63 93 2 54 17 85 49 20 57 55 14 93 43 28 15 59 0 25 98 100 69 7 21 64 65 28 100 65 49 92 3 61 18 32 14 65 
81 39 70 94 57 90 47 71 31 52 100 98 32 35 63 17 85 63 5 76 10 69 9 33 41 35 7 49 64 3 95 54 97 21 88 72 82 85 30 59 24 48 10 26 98 91 97 27 9 44 78 100 39 49 74 24 58 68 25 50 97 49 74 90 54 64 55 32 60 4 23 86 99 58 35 38 92 45 75 25 46 57 25 92 81 30 95 15 92 85 64 30 51 18 78 41 99 54 29 14 60 0 52 24 69 74 69 99 57 61 99 7 6 66 21 0 74 10 22 28 9 55 71 93 40 60 23 82 42 53 46 60 64 38 88 1 9 72 12 81 24 17 28 14 87 98 36 83 21 92 46 45 55 31 11 29 77 69 98 4 40 86 31 14 73 71 12 66 91 75 10 56 80 4 15 87 20 17 26 35 98 67 90 5 2 34 10 69 35 3 41 22 56 81 93 94 15 23 15 93 76 79 45 87 32 78 4 77 48 56 80 1 54 68 98 51 59 49 56 35 24 35 1 37 71 81 21 2 78 7 48 52 67 50 54 36 99 50 100 44 1 63 50 67 33 10 68 57 43 33 18 1 87 70 58 40 43 76 60 82 41 3 40 33 95 91 56 4 73 36 59 95 91 100 27 67 67 26 73 89 57 65 27 24 86 29 83 12 22 33 91 13 30 1 10 14 29 66 59 0 
55 82 24 5 15 76 96 58 10 26 14 25 48 8 6 11 38 41 55 74 100 31 14 51 51 12 73 15 87 45 20 91 73 3 43 85 18 85 23 50 50 80 100 39 68 49 32 17 76 61 38 29 56 83 13 70 34 7 38 32 95 33 86 64 58 84 31 43 38 96 1 31 52 78 8 97 62 25 0 2 18 74 74 16 92 68 12 77 37 30 22 64 16 50 44 57 53 82 26 44 7 38 32 68 19 66 81 21 15 45 70 47 18 1 39 76 97 40 88 53 66 7 89 74 22 33 94 89 33 30 46 1 53 51 43 7 80 29 31 8 64 58 56 83 12 84 46 18 92 36 17 20 59 90 67 34 64 87 37 1 33 81 28 93 0 91 89 42 59 49 100 9 54 57 11 35 93 83 56 85 22 32 27 79 51 73 54 63 84 65 3 75 55 45 81 92 23 47 0 21 21 80 18 4 95 1 65 48 21 63 50 17 16 62 6 2 9 74 60 8 23 16 25 23 21 30 27 17 47 35 61 38 60 28 65 67 57 22 70 98 72 27 69 9 25 84 88 60 39 52 5 40 95 7 79 22 70 60 39 39 43 71 25 44 42 27 55 4 24 76 99 89 68 87 99 85 4 98 76 80 5 68 55 61 36 12 95 18 100 35 74 5 14 40 61 2 6 3 44 74 
1 19 42 3 12 35 27 84 10 87 77 41 78 10 54 47 11 53 20 25 29 22 13 81 76 71 36 31 47 79 36 81 86 55 61 21 12 46 83 99 56 73 44 4 65 23 11 82 84 20 42 32 42 95 3 72 3 92 41 56 11 10 48 65 19 79 63 10 74 50 65 80 44 52 1 28 97 70 2 15 65 15 88 26 21 15 3 71 55 66 23 49 67 94 40 19 89 98 17 55 2 43 17 33 61 86 35 77 54 12 5 69 5 49 80 13 14 47 33 71 17 93 52 17 93 0 15 1 28 55 100 3 75 9 92 44 15 29 81 25 13 28 13 16 16 61 22 90 36 11 0 73 22 2 76 64 96 19 94 8 64 77 57 68 39 95 99 47 66 71 90 14 8 7 70 36 77 1 27 26 53 27 100 33 42 29 69 61 87 63 80 3 15 67 28 55 61 82 66 17 4 39 49 96 38 12 34 67 81 5 45 80 15 82 59 34 98 88 57 32 78 7 45 49 7 22 79 50 66 14 16 2 97 2 85 48 89 92 28 44 80 1 70 18 26 66 47 88 52 14 70 22 88 77 97 69 48 2 68 28 26 41 74 94 85 37 61 56 8 0 84 50 94 34 37 82 99 19 75 77 4 73 79 33 28 57 50 100 11 64 26 25 36 17 84 24 90 75 47 3 
47 83 99 86 38 63 92 76 45 90 64 60 60 90 59 79 84 5 23 52 85 64 5 34 32 88 46 81 64 82 11 33 51 32 5 20 67 48 66 7 46 0 89 64 62 41 96 89 98 66 80 72 66 8 64 18 45 65 88 41 99 79 53 60 79 35 7 12 53 72 54 76 11 61 5 69 93 16 18 66 39 43 83 74 28 24 41 18 70 0 26 5 60 60 73 50 52 51 42 18 41 15 75 36 46 83 13 9 79 97 88 89 96 79 96 68 90 11 60 21 61 46 2 87 96 100 41 81 43 24 13 8 76 58 93 13 46 19 50 35 45 33 37 81 64 9 72 83 83 42 18 97 13 78 84 97 48 77 31 79 16 64 41 70 76 63 81 25 40 14 59 11 77 49 28 49 43 24 96 27 52 28 97 71 68 49 47 19 77 82 25 5 43 87 40 58 15 90 84 53 96 99 12 85 71 81 62 84 44 98 12 24 65 13 18 2 31 22 94 14 27 1 10 92 86 88 45 68 6 13 98 55 61 61 42 73 81 93 7 0 22 5 84 30 39 42 5 60 5 42 70 64 83 14 33 44 34 11 41 60 32 88 80 27 18 100 45 11 75 95 10 70 7 85 32 41 47 31 62 41 29 66 22 28 32 43 75 22 83 48 73 12 41 81 19 15 32 42 36 70 
32 61 82 25 10 26 36 62 64 76 99 29 25 18 25 9 98 49 35 34 96 4 86 76 88 52 38 23 52 74 51 88 86 90 84 11 50 75 2 11 78 68 14 91 32 62 71 61 75 56 22 25 31 37 31 36 71 74 28 36 22 71 72 54 73 9 9 64 61 84 4 45 18 24 57 8 78 34 93 31 85 39 16 68 62 87 74 66 69 3 98 66 66 33 60 7 23 88 52 46 25 10 2 89 50 0 50 20 61 63 81 34 54 10 22 63 21 13 10 26 66 83 50 46 20 70 23 5 91 18 10 21 36 18 16 83 72 8 94 64 97 36 86 82 30 35 66 54 8 43 44 92 12 61 4 68 99 31 7 77 56 24 90 1 95 70 62 82 27 95 64 95 92 83 15 8 79 65 36 25 92 45 10 96 24 86 91 25 87 54 67 47 4 68 76 98 3 76 50 45 27 29 11 46 52 36 13 49 79 89 94 55 7 7 27 42 99 6 33 93 95 64 45 35 69 77 71 36 34 82 16 33 76 30 83 36 30 23 72 74 58 88 32 18 90 7 75 12 85 2 29 65 47 19 41 25 54 43 1 99 57 99 47 99 93 51 19 13 18 14 71 78 28 43 40 16 30 14 43 67 80 91 35 90 73 32 44 2 77 66 7 91 78 56 33 94 74 18 52 34 
3 82 62 86 36 92 47 98 73 15 26 72 81 75 30 81 52 69 63 51 58 35 36 10 72 4 98 20 15 53 45 21 81 51 54 38 28 36 31 88 76 76 15 33 72 7 68 97 80 28 60 60 23 21 88 12 76 21 11 46 60 93 26 34 59 74 81 49 46 59 79 28 33 61 41 31 10 60 92 55 70 2 73 90 15 44 12 53 0 23 36 22 67 83 87 88 51 27 47 52 2 99 10 52 63 15 83 57 29 37 96 62 84 10 6 89 71 1 6 66 86 100 2 70 87 46 50 90 20 56 71 57 84 96 8 74 6 11 40 42 38 92 35 82 77 73 27 53 57 44 56 73 83 21 33 7 65 69 78 87 47 85 95 68 91 34 32 30 83 30 80 11 41 59 81 45 57 55 4 90 18 82 69 74 16 0 22 60 57 6 79 91 95 85 15 6 77 48 29 56 96 30 94 0 68 42 86 39 8 16 53 66 39 94 56 23 91 74 62 38 59 46 79 52 76 81 26 52 20 40 19 54 2 40 4 18 29 24 17 90 24 96 67 75 25 63 15 58 56 78 55 3 72 1 22 15 34 88 85 52 20 86 99 54 93 60 50 3 100 11 28 24 54 87 14 37 49 36 43 94 82 5 87 17 55 18 40 79 71 36 61 57 79 42 45 6 98 53 88 9 
71 27 54 66 77 51 66 20 7 0 16 90 82 84 94 66 84 3 52 65 74 38 25 30 1 34 19 100 94 24 30 50 62 30 48 2 63 94 77 12 12 30 13 22 55 0 30 76 90 30 66 81 33 9 35 22 84 35 24 69 26 19 63 79 60 2 36 36 47 68 18 22 16 13 100 61 55 77 42 92 84 36 92 19 99 84 71 0 25 80 53 34 0 23 18 47 71 95 58 25 100 1 42 37 85 74 29 28 88 98 95 94 11 37 74 75 68 82 10 10 10 13 10 69 16 29 25 93 77 45 48 52 91 13 19 93 42 13 78 9 9 95 17 89 35 3 84 82 56 12 81 59 69 65 41 77 97 37 80 67 9 82 51 35 57 69 86 41 3 22 69 90 88 38 2 92 90 63 16 62 83 2 83 33 32 96 37 77 96 55 90 46 49 40 30 85 48 38 55 7 86 10 80 91 80 62 54 41 72 74 7 60 6 41 62 27 21 56 28 52 92 12 95 83 84 85 68 31 74 12 63 4 49 44 34 62 57 42 92 87 35 57 8 48 0 99 6 8 85 58 10 39 24 47 89 46 43 60 49 97 90 25 94 65 31 4 80 59 12 38 2 9 79 60 95 38 49 32 36 19 61 23 77 56 3 18 57 43 54 80 60 61 67 79 66 58 32 54 99 81 
18 52 52 6 55 8 97 12 41 16 26 21 96 63 97 42 72 14 12 74 49 2 6 85 59 55 95 56 77 18 80 33 47 35 45 71 61 58 10 54 69 5 87 26 29 80 50 66 5 98 16 56 44 59 79 9 54 66 34 41 94 28 39 95 6 43 10 66 50 67 36 42 98 11 53 45 48 61 57 72 5 94 36 20 25 18 49 34 69 12 99 46 31 21 32 93 51 49 86 97 8 31 61 77 92 69 87 3 37 52 79 36 22 7 53 76 37 28 53 87 23 36 40 80 80 18 4 54 24 28 24 36 63 98 12 63 86 5 26 9 72 31 22 29 66 60 46 4 78 54 39 100 71 82 64 61 92 70 47 88 20 85 31 40 65 83 73 12 88 17 34 94 2 76 3 97 52 99 8 35 50 61 18 39 67 96 7 29 43 53 59 80 5 50 40 2 76 31 51 26 79 25 13 39 98 52 81 2 99 63 15 41 77 10 96 84 84 34 48 47 99 95 3 63 99 5 53 48 47 55 67 30 23 100 71 61 11 14 4 77 73 73 72 19 33 74 64 67 5 38 29 9 64 5 0 46 72 83 32 95 46 77 48 43 70 93 76 2 94 45 21 1 15 77 12 84 31 82 21 74 3 73 62 82 93 10 37 22 9 87 57 63 85 50 15 62 83 90 18 84 
72 4 33 80 32 81 72 99 87 60 56 47 1 44 29 36 79 99 29 77 55 59 84 79 12 11 19 97 41 0 26 60 55 74 31 69 50 46 2 92 75 51 47 14 64 67 10 98 50 60 76 72 74 84 39 93 84 74 1 24 12 65 27 75 51 44 17 42 40 17 40 64 22 98 84 48 64 1 15 11 64 5 16 68 61 91 60 33 33 10 84 7 8 94 22 9 68 74 59 100 94 31 68 55 64 77 81 75 32 35 86 62 22 41 55 90 30 42 19 53 4 74 41 83 67 82 38 4 84 28 39 71 56 100 33 100 72 100 80 33 52 28 40 19 100 5 68 59 66 25 64 25 44 75 20 46 20 34 19 19 56 31 84 91 95 68 5 98 1 55 21 67 2 44 8 61 45 9 2 15 73 87 70 48 69 58 43 49 83 14 49 11 98 82 4 94 38 29 23 39 81 67 5 31 70 99 86 59 59 69 23 20 60 24 9 87 30 25 31 91 39 73 28 7 22 89 52 64 62 64 82 64 75 15 0 4 41 94 66 48 16 43 27 35 48 57 4 52 2 50 82 61 9 35 99 3 36 59 39 56 12 2 22 63 22 65 53 65 30 42 70 89 15 61 76 83 50 60 62 35 83 46 5 23 32 69 59 11 25 52 46 5 15 20 75 19 12 5 13 54 
56 36 8 19 15 93 86 46 11 86 36 57 63 70 73 5 19 54 88 51 21 18 82 80 9 47 34 93 88 5 48 56 74 63 40 69 24 20 89 85 35 28 64 72 10 34 51 81 37 6 63 13 11 55 55 46 94 96 80 18 75 23 39 54 67 73 70 57 100 34 25 31 29 51 29 66 50 79 36 79 48 100 8 91 86 44 46 25 8 73 59 26 92 91 35 16 81 71 33 65 20 71 37 34 72 9 43 5 12 52 50 81 84 3 1 9 72 99 11 21 10 14 72 5 38 12 67 13 17 100 12 17 82 34 85 19 47 14 89 71 54 95 53 52 97 46 85 87 69 36 61 4 66 95 46 69 12 37 6 99 4 12 75 19 53 62 26 36 60 41 35 75 12 39 81 7 72 100 97 73 86 87 31 53 100 54 18 19 62 62 75 50 82 61 91 50 66 42 60 61 62 35 27 63 50 76 96 28 45 86 58 66 32 16 36 65 47 86 77 47 70 6 71 23 80 54 17 67 64 34 47 11 68 6 92 51 83 55 59 29 99 51 14 83 62 31 56 55 19 91 1 77 4 62 64 51 33 85 28 31 47 27 15 62 6 43 78 60 34 28 34 95 51 62 69 8 33 85 40 60 78 4 29 26 93 34 97 16 11 71 80 28 82 53 75 7 12 80 84 12 
14 79 72 97 62 40 0 50 99 10 10 4 66 21 50 15 73 79 37 49 3 100 20 6 43 100 46 11 50 44 44 98 34 49 14 30 14 49 98 51 12 71 7 81 50 85 95 67 62 74 58 4 47 70 53 7 22 54 96 96 28 41 51 63 73 27 52 69 74 68 6 19 84 8 77 43 9 5 30 85 27 97 63 51 22 47 100 29 2 2 24 10 38 16 29 76 61 28 78 7 64 37 85 87 9 27 99 69 57 85 15 59 9 5 75 64 66 36 41 39 83 45 37 98 54 30 24 70 19 87 45 28 71 72 64 65 89 89 86 58 26 61 53 70 45 53 91 95 75 71 76 61 12 58 94 91 66 56 98 42 17 44 94 69 10 27 17 55 68 25 78 97 23 50 93 48 6 76 92 23 12 17 70 35 86 2 81 21 64 85 19 14 22 24 21 96 57 99 56 27 61 23 7 43 13 1 55 56 3 60 87 16 68 98 82 32 48 61 16 40 68 46 59 100 70 27 95 79 84 33 96 75 30 44 17 100 22 32 8 73 21 21 50 53 6 92 32 1 46 54 29 5 89 86 30 60 19 6 97 38 59 51 45 78 41 98 12 23 93 31 6 72 0 93 12 68 29 97 49 82 54 92 90 26 43 53 35 43 21 21 89 96 57 49 82 69 99 40 84 74 
97 62 88 32 97 56 17 60 11 99 49 0 48 35 6 8 6 50 20 23 26 80 56 82 30 62 83 78 43 39 94 31 66 17 84 96 37 4 50 32 69 43 55 75 64 72 16 67 56 26 32 58 6 83 41 89 82 10 1 41 26 57 95 18 31 15 43 24 23 62 2 46 82 74 96 12 77 64 51 98 64 63 19 9 30 57 65 41 25 69 59 47 96 97 11 1 0 86 97 91 77 54 30 69 39 20 57 28 91 36 12 61 5 41 35 17 100 13 28 44 46 35 100 85 39 70 75 96 51 58 98 7 25 100 4 17 10 81 94 54 95 86 53 60 96 24 18 70 93 55 51 19 77 95 59 13 94 99 99 62 42 56 96 94 91 18 2 4 58 11 95 48 75 26 22 26 14 30 57 88 6 29 50 32 82 41 17 57 61 24 0 63 15 83 12 12 67 100 8 41 12 12 90 98 1 8 20 37 20 17 11 21 35 70 83 84 97 5 71 89 84 22 46 35 29 95 96 88 60 3 40 79 24 97 54 18 22 19 52 66 63 18 25 95 92 84 14 73 69 96 26 73 84 16 84 52 23 8 3 12 26 15 84 54 21 12 90 60 45 55 23 66 65 26 60 0 73 95 43 75 21 98 92 48 69 65 100 67 98 70 48 9 85 2 51 92 97 84 1 11 
76 16 47 96 65 27 99 38 59 72 32 21 56 84 62 33 59 81 61 27 21 48 58 24 44 72 67 85 63 88 40 67 81 72 98 46 42 74 15 46 5 1 19 88 75 90 55 33 46 92 54 24 94 13 80 37 66 71 28 4 82 34 72 100 83 54 87 23 63 48 78 14 77 8 70 24 65 22 59 71 40 5 88 53 4 88 71 0 50 3 36 51 11 87 37 5 28 60 65 100 35 6 63 20 68 78 25 66 52 93 78 69 19 20 89 53 63 54 96 80 73 92 91 100 13 4 1 10 46 75 8 53 16 19 14 41 4 72 18 68 9 24 59 32 63 8 5 87 51 3 22 35 59 92 66 25 89 10 27 30 38 35 68 30 87 34 94 46 58 47 56 97 8 54 97 8 31 86 60 78 59 86 34 98 58 23 27 2 50 11 21 84 91 24 38 31 56 16 29 45 3 96 88 77 65 17 90 53 98 81 10 16 12 48 21 80 64 10 45 87 86 26 6 71 69 53 23 50 49 39 34 75 24 6 8 32 30 24 14 87 63 93 21 12 37 7 100 32 43 28 14 24 8 48 57 36 50 31 75 27 86 9 38 62 21 17 92 48 4 80 45 92 90 87 100 17 77 56 5 32 49 17 87 41 80 50 92 63 99 91 7 99 76 7 52 82 60 19 80 94 
38 93 3 69 52 54 44 38 45 74 79 17 94 12 50 33 90 96 61 82 3 64 76 53 6 19 42 33 33 30 51 1 79 83 97 13 76 89 9 38 90 28 23 94 51 59 44 25 21 46 68 69 50 94 78 21 58 52 21 39 39 71 30 53 31 70 48 32 34 80 45 88 29 38 93 5 37 79 29 90 78 46 9 4 46 59 95 43 49 14 7 40 62 63 28 40 27 91 65 15 34 10 86 22 23 51 45 38 22 29 77 32 60 33 85 8 51 24 34 74 90 18 44 39 76 30 60 87 39 51 66 77 45 91 30 42 35 74 79 24 41 8 92 29 52 95 57 33 6 20 81 79 7 89 98 5 78 10 79 48 27 65 87 39 0 4 1 13 83 21 57 26 73 29 88 15 65 81 88 54 92 82 15 59 29 45 89 44 65 60 40 51 94 61 80 62 66 57 42 16 64 5 84 57 64 86 23 43 6 75 74 3 66 82 5 33 29 21 55 94 56 76 47 5 77 24 75 23 69 66 53 35 8 10 45 3 26 49 98 39 93 70 60 68 74 80 90 12 39 76 6 76 39 91 9 89 76 89 20 82 95 13 93 50 66 62 37 99 53 94 25 92 75 83 44 23 57 58 10 98 65 55 23 8 1 85 74 96 53 50 66 78 25 76 95 43 23 56 59 90 
80 51 88 67 30 65 67 98 93 4 40 97 35 49 0 24 75 68 87 0 48 24 73 41 76 61 6 22 81 39 54 62 31 92 24 20 82 38 25 29 49 54 21 16 32 73 3 54 42 27 2 54 100 59 31 25 97 82 53 67 35 66 39 41 7 73 67 90 69 33 72 32 96 84 73 17 85 79 86 5 92 5 36 57 41 15 37 5 88 2 51 38 4 37 62 50 53 56 53 78 18 39 37 74 70 55 74 41 27 43 61 76 30 41 5 55 31 24 94 66 22 86 23 3 60 32 57 32 35 29 13 11 37 49 34 76 51 72 53 71 59 84 3 7 88 19 66 50 62 49 40 75 100 17 81 42 39 44 58 62 34 2 84 35 9 16 19 88 0 35 48 11 88 55 38 9 82 60 58 17 43 56 34 43 5 25 35 45 2 83 14 100 38 35 98 42 100 90 77 78 25 97 69 62 33 78 96 11 78 3 100 68 57 66 91 50 51 54 31 42 35 47 7 22 91 85 46 58 9 26 70 63 22 95 32 19 99 51 72 6 53 53 21 29 42 1 15 56 75 98 84 69 36 23 57 67 32 17 45 27 87 77 87 14 21 87 37 70 60 95 36 44 47 33 56 88 61 43 17 48 47 99 80 30 22 32 67 42 13 60 55 2 87 7 23 59 93 87 88 79 
80 34 72 22 97 50 94 87 10 23 18 23 0 26 39 17 11 58 84 36 81 67 77 19 91 5 11 3 31 39 69 63 90 7 34 23 56 52 91 86 70 28 36 38 79 12 76 85 87 81 4 46 92 81 17 2 47 1 95 89 20 13 57 69 98 77 7 61 99 39 41 48 66 18 28 31 33 28 14 46 28 40 20 12 67 14 53 88 57 1 58 52 87 12 9 73 90 52 69 11 89 63 1 2 69 11 92 60 30 81 71 56 24 2 27 53 77 98 95 48 74 4 75 1 1 83 2 62 56 28 99 90 34 29 63 74 66 17 60 68 81 64 72 15 62 21 90 28 16 0 35 17 22 25 56 87 58 76 32 64 83 42 68 18 75 57 27 20 40 21 27 3 17 15 33 49 60 26 17 75 48 64 48 45 4 85 19 20 45 3 12 24 42 77 26 69 87 44 81 23 89 91 95 47 90 71 80 3 21 29 73 10 28 96 39 15 56 90 79 6 68 28 97 10 59 23 38 34 17 60 75 51 14 22 62 82 59 29 57 86 73 48 65 76 97 73 79 33 36 74 62 35 41 60 19 20 39 34 25 5 11 89 40 64 13 65 66 67 24 100 40 69 51 58 11 38 31 66 59 94 100 78 54 35 95 19 41 36 38 51 1 27 59 100 77 9 83 15 17 81 
85 74 25 69 63 56 29 87 68 19 58 87 14 4 99 73 42 53 97 39 6 50 13 18 91 63 88 59 62 93 71 57 11 31 77 42 69 35 94 70 66 81 35 95 48 27 89 13 4 31 77 40 75 28 85 13 98 6 37 43 58 54 78 58 68 75 57 23 9 85 87 60 65 3 22 73 18 55 83 19 9 50 26 48 22 29 63 2 100 84 73 61 69 58 89 10 76 70 61 83 50 79 31 82 27 26 23 72 30 6 47 93 35 91 3 26 37 10 3 35 49 82 93 54 15 24 94 22 56 63 17 96 99 48 42 74 30 52 77 89 21 54 90 46 91 74 33 68 31 19 45 40 98 41 40 25 26 61 14 72 19 56 87 11 93 100 14 91 16 2 31 17 51 54 86 2 71 100 42 77 0 96 65 75 41 3 13 24 18 69 34 76 71 92 56 8 65 37 75 21 55 22 26 35 88 61 78 23 40 82 99 55 40 28 83 4 20 58 26 65 69 80 30 46 23 87 3 5 58 80 64 26 58 74 54 45 63 75 41 40 62 20 48 77 12 1 76 27 1 6 79 80 93 64 8 82 28 18 96 64 27 59 60 97 35 56 42 36 28 43 2 59 80 70 82 92 19 2 65 94 57 13 95 11 69 7 25 12 28 89 53 60 38 65 19 70 63 84 80 52 
94 82 91 21 22 34 72 26 55 77 34 16 73 80 81 47 21 75 81 62 2 59 28 15 36 82 85 49 40 39 74 78 9 25 86 54 88 63 41 76 50 66 8 73 50 30 75 3 9 75 90 32 26 82 12 53 60 56 7 80 84 31 31 0 89 90 26 55 53 0 56 5 56 2 70 86 79 94 7 72 81 0 18 33 34 98 36 88 29 27 3 46 92 79 59 35 51 21 90 2 75 47 27 41 77 45 81 80 40 34 18 96 20 35 53 76 69 39 59 3 53 51 78 90 48 27 24 15 99 51 31 40 2 92 85 13 14 60 58 10 32 89 76 38 42 87 51 52 19 8 81 98 27 85 16 76 50 9 77 39 68 9 15 20 39 35 0 79 24 25 44 63 20 14 36 50 19 84 57 4 34 7 72 26 1 74 9 41 94 66 26 16 27 71 63 47 56 73 85 17 54 0 60 26 24 20 47 41 3 63 81 86 14 52 35 55 83 36 15 75 63 54 38 86 13 20 99 12 100 27 91 80 11 41 13 95 56 79 44 26 68 78 36 16 4 32 20 20 67 58 79 38 94 83 9 56 26 54 91 74 88 99 0 2 5 92 97 78 38 66 68 46 87 71 100 45 2 38 81 49 32 72 48 14 58 44 3 10 85 12 9 21 100 82 44 52 57 94 45 31 
77 19 22 74 47 5 42 32 77 44 13 11 87 62 67 46 34 0 19 81 99 16 23 90 5 49 91 25 34 9 17 22 56 98 47 79 57 41 5 34 98 2 23 32 29 36 43 30 26 74 3 50 96 13 94 5 75 19 39 70 16 42 49 73 62 93 67 35 85 32 52 26 78 21 12 45 28 14 5 48 31 90 54 82 10 22 29 4 81 54 70 47 83 88 44 41 47 95 100 7 43 16 51 59 61 22 56 48 88 13 88 5 89 81 13 39 61 99 83 57 53 43 85 60 80 81 76 32 37 55 26 79 8 87 83 64 32 4 38 82 38 7 100 59 63 88 50 67 39 34 18 94 41 89 89 76 61 80 8 72 72 48 93 57 52 73 34 27 98 23 68 10 77 22 23 49 59 16 74 95 11 45 27 38 76 39 83 53 14 55 23 47 81 64 73 35 36 76 18 37 98 71 0 6 35 49 15 14 58 22 3 9 36 16 48 75 73 53 46 59 88 6 40 79 97 41 99 35 98 79 9 78 27 73 11 59 1 47 27 19 64 67 3 50 84 80 94 24 51 18 62 48 26 97 29 98 77 93 59 43 39 85 48 18 6 54 95 81 89 28 50 28 40 97 93 66 81 51 56 53 43 35 44 20 40 98 50 6 9 66 63 10 50 59 78 76 60 90 31 91 
38 35 46 55 83 25 84 99 98 4 52 98 49 78 9 16 81 73 7 46 54 65 94 60 67 99 76 48 53 84 6 67 13 36 21 38 90 87 10 66 29 41 75 3 67 11 13 81 89 54 24 17 37 45 76 48 27 10 11 86 22 83 54 57 100 5 60 98 47 22 11 50 35 75 66 45 45 34 16 39 50 17 81 30 49 20 73 67 87 26 97 22 64 6 73 12 69 90 48 1 75 49 84 42 51 2 19 68 51 97 56 30 63 66 79 4 7 83 41 12 47 96 76 61 4 9 30 81 71 83 73 51 38 97 5 68 52 25 42 24 18 62 93 66 57 22 54 92 85 29 10 68 86 52 28 13 55 29 39 47 75 91 90 54 23 56 54 99 20 41 6 75 36 81 69 98 37 3 26 65 9 43 99 81 57 54 17 74 87 46 100 100 58 4 6 5 29 54 70 21 52 34 97 46 75 96 47 94 39 28 93 66 37 61 61 27 89 79 47 52 10 23 60 85 93 56 74 55 58 44 24 18 75 12 89 28 13 89 92 85 0 67 8 36 30 53 60 37 43 46 95 73 85 36 9 95 4 20 46 2 32 47 24 28 17 40 37 72 4 100 67 20 28 37 61 36 12 33 1 4 77 71 38 75 4 35 13 68 27 15 74 84 33 33 70 55 13 38 28 11 
37 46 17 58 34 31 46 87 49 93 72 90 22 89 59 46 46 94 73 33 42 74 96 10 7 87 89 100 97 13 4 85 68 24 86 69 65 64 99 23 23 99 36 98 24 56 81 93 22 73 93 82 29 69 8 83 58 55 30 0 49 16 10 71 83 2 1 55 87 84 50 51 66 44 23 56 92 36 92 66 100 51 96 73 48 9 58 0 90 24 11 42 88 85 43 80 42 89 62 61 53 13 23 67 66 22 37 5 34 95 66 80 52 6 68 63 32 8 80 32 23 36 62 74 40 47 33 93 30 16 93 34 18 32 26 14 54 84 5 26 56 16 75 56 59 34 68 13 19 18 51 12 5 88 51 21 86 13 40 85 48 66 21 71 96 63 39 100 58 39 69 59 43 15 92 77 49 68 87 15 47 72 46 53 33 22 76 49 65 48 9 48 46 18 96 16 8 92 48 75 15 50 7 64 99 12 3 38 50 14 69 12 92 91 59 74 44 11 31 2 77 10 43 60 0 21 57 37 50 19 6 18 68 21 37 50 56 50 51 17 58 28 91 45 33 77 55 11 22 49 98 22 17 83 33 38 89 25 72 92 0 18 97 4 72 89 17 83 41 46 50 80 34 43 76 35 68 60 55 56 12 48 24 29 7 21 10 53 67 96 77 53 77 51 95 72 52 4 89 73 
18 71 81 63 15 0 20 91 85 58 17 4 22 74 79 9 82 33 94 83 34 97 11 5 12 87 3 30 19 88 54 26 73 87 20 81 8 51 79 17 4 0 71 0 77 50 0 18 99 36 39 32 33 97 89 32 41 21 77 10 52 48 68 11 83 52 69 47 65 65 30 52 72 34 30 48 39 63 99 100 9 67 22 75 76 100 64 19 88 1 13 84 84 57 44 62 62 19 90 69 50 99 34 39 47 57 30 99 28 51 97 9 86 62 45 42 31 13 79 32 90 10 66 71 15 81 10 19 65 29 18 38 57 5 94 15 22 3 5 37 49 64 41 43 33 53 31 56 51 6 29 88 82 15 92 77 48 32 39 81 2 34 53 95 59 73 71 18 10 78 50 91 47 39 51 42 44 12 38 95 14 57 78 12 59 70 48 14 86 3 79 51 72 58 51 86 26 44 99 71 86 19 25 60 8 45 26 23 86 11 76 32 7 1 37 97 34 36 22 13 43 73 12 75 70 39 10 37 4 20 78 6 79 2 56 65 37 81 67 86 89 39 12 64 52 7 16 90 54 74 91 16 23 46 95 72 83 7 31 92 93 5 24 78 97 61 87 59 52 1 30 51 27 1 90 67 58 32 75 57 42 72 25 55 77 9 84 10 39 25 100 62 90 82 57 7 27 91 37 34 
50 30 88 3 65 31 93 58 94 96 89 92 57 83 27 32 21 11 73 14 44 36 77 44 59 7 63 34 51 36 16 12 72 60 78 83 0 12 48 98 35 86 79 62 27 48 1 86 96 64 56 23 40 25 74 98 21 62 61 9 49 86 36 0 37 37 73 49 49 6 44 55 100 47 21 41 1 5 15 3 83 14 86 73 77 59 77 48 100 64 43 89 71 81 91 12 4 69 9 73 34 45 15 15 64 3 30 48 38 70 79 4 12 61 54 10 2 39 93 32 34 1 96 88 15 91 70 48 97 67 14 39 37 73 13 27 88 91 84 31 23 24 18 43 98 91 61 95 89 95 26 1 48 3 8 83 61 77 2 53 6 21 85 0 22 23 30 5 3 23 19 45 89 16 97 38 94 70 48 87 68 17 32 46 10 97 94 49 24 23 94 81 99 95 51 67 76 54 59 100 0 31 59 96 55 91 21 85 3 20 59 99 39 69 17 50 64 1 69 37 77 51 81 73 8 0 91 44 27 70 89 28 69 59 41 86 8 82 38 58 79 55 52 77 82 0 16 26 27 66 47 18 11 57 84 18 54 6 53 17 49 35 41 41 46 67 76 29 0 41 62 51 45 44 4 32 57 85 78 14 92 95 4 39 38 36 23 36 70 74 35 39 69 39 67 67 84 14 14 75 
3 53 43 76 7 73 12 86 87 43 85 61 42 34 39 29 11 98 83 62 100 61 16 1 3 47 32 79 40 28 90 39 32 27 42 74 82 41 28 37 10 72 45 3 89 1 85 96 50 88 98 4 30 73 37 8 5 67 48 10 17 2 28 35 43 31 75 93 34 3 94 87 38 45 66 85 69 81 65 69 52 13 10 66 52 7 77 31 0 44 44 4 61 52 18 97 51 73 78 75 98 10 13 39 21 51 58 66 92 65 65 98 68 6 29 39 35 1 26 33 52 30 50 48 61 64 18 38 66 45 80 62 90 33 73 76 26 93 88 43 72 63 11 7 21 0 52 71 90 68 9 52 86 13 31 42 45 61 27 79 46 79 66 73 69 13 16 51 82 16 29 90 67 79 26 37 81 93 28 77 67 12 49 25 32 82 64 23 5 15 40 62 50 24 85 19 7 100 53 65 83 52 98 66 70 60 58 83 58 6 2 49 64 63 26 30 95 3 93 91 26 84 31 98 79 34 99 53 30 35 2 23 100 27 97 92 52 11 25 67 20 81 29 24 80 94 96 56 56 25 13 65 46 18 63 61 39 23 41 67 79 63 99 25 90 85 79 18 17 97 63 7 12 49 63 62 48 31 57 45 65 10 67 42 51 29 13 51 13 95 48 77 100 71 87 49 31 36 84 94 
97 47 42 92 66 50 74 20 96 78 58 26 33 42 58 11 40 51 55 73 45 18 19 34 10 73 25 41 48 67 66 72 14 63 43 47 37 94 32 96 73 92 76 46 44 22 76 84 67 80 96 37 37 57 37 1 83 25 59 90 24 87 80 67 44 78 98 72 50 78 17 28 29 66 76 44 16 60 52 64 14 14 55 44 74 56 26 31 100 82 97 83 14 78 76 66 4 28 59 47 94 2 35 43 39 18 66 28 82 4 48 66 72 3 41 70 26 59 38 55 95 50 61 74 38 65 99 96 66 87 22 84 14 95 47 2 50 10 6 20 13 76 7 58 59 56 26 73 95 1 53 28 25 44 46 2 66 9 73 23 45 42 73 93 54 34 30 67 32 21 80 55 91 1 61 92 97 83 3 38 69 61 69 24 76 36 9 27 55 2 85 21 58 3 51 53 31 88 11 7 55 78 97 29 95 19 80 38 77 19 3 88 60 4 48 73 47 68 58 31 61 37 53 60 50 7 97 22 92 25 84 41 91 86 12 56 99 53 29 26 24 70 67 90 75 84 45 29 85 18 37 62 43 76 71 35 41 82 48 26 16 15 60 51 50 56 67 18 77 24 68 17 18 69 81 1 12 93 64 71 21 35 52 41 93 69 61 76 37 69 24 9 100 72 28 8 30 58 27 60 
52 71 90 13 31 21 57 68 39 32 98 88 53 25 1 56 0 18 77 64 11 98 100 63 97 92 7 59 83 56 91 47 39 97 96 74 55 79 73 30 89 9 24 28 50 96 72 30 41 24 82 22 99 42 89 79 67 37 19 77 79 94 5 38 89 8 25 16 11 61 96 8 59 13 83 76 44 98 93 63 66 43 0 35 78 35 84 53 66 52 88 8 72 24 74 65 15 46 32 23 73 100 62 41 23 93 82 35 85 49 56 35 52 1 80 60 94 75 95 25 96 95 27 30 30 42 58 66 56 28 3 100 88 69 91 4 77 19 34 27 54 30 52 85 8 33 100 18 3 43 5 3 11 92 19 33 93 99 72 85 55 47 33 69 84 70 65 8 89 27 18 75 88 63 20 41 21 51 59 90 20 33 87 90 68 66 84 65 16 3 87 55 90 90 44 13 97 79 83 1 94 32 60 99 90 31 48 35 41 67 59 6 3 28 50 76 66 46 19 90 22 94 28 54 97 68 90 31 78 88 75 90 11 2 11 85 10 49 43 36 15 27 78 58 8 93 4 75 80 42 1 11 11 37 34 11 23 17 5 14 54 65 44 43 58 44 84 63 93 1 18 99 67 53 88 34 73 49 79 75 89 7 20 61 58 18 39 44 43 28 81 23 70 50 18 22 100 67 20 44 
36 64 85 49 64 38 55 44 53 47 10 4 99 71 9 55 7 61 9 63 4 50 95 88 98 0 60 40 76 100 27 64 78 81 24 38 39 79 95 53 26 44 53 96 6 22 37 83 89 66 21 46 34 23 71 33 80 69 1 23 28 79 7 61 19 88 78 5 78 30 46 15 94 97 34 56 79 97 53 50 32 32 16 50 36 16 32 89 73 65 16 75 16 19 10 68 2 36 0 67 65 51 55 69 6 47 20 5 21 68 89 81 92 83 83 83 36 14 63 63 74 80 49 12 62 12 66 52 43 85 93 10 27 23 2 60 57 59 49 50 20 98 26 65 70 90 69 70 37 30 93 92 81 1 53 16 65 63 87 82 80 87 66 73 71 61 53 86 27 54 14 40 63 37 62 81 70 67 13 100 61 57 5 36 97 52 54 39 59 76 96 77 69 70 42 2 70 24 62 8 41 47 93 2 49 69 98 86 67 41 65 26 30 93 51 89 26 41 46 72 39 77 18 34 43 78 9 40 96 33 61 72 73 36 5 32 59 47 49 50 29 47 12 85 89 53 98 89 86 90 46 72 21 51 76 61 97 11 62 54 98 35 52 44 4 50 17 53 37 0 28 3 91 10 97 71 21 21 49 78 91 63 72 81 71 4 60 78 52 84 91 55 87 92 83 32 42 48 67 73 
94 70 53 2 66 48 42 58 84 83 56 67 72 66 49 48 85 30 23 35 30 37 3 59 77 51 77 58 57 82 60 67 5 78 48 83 29 72 1 86 73 54 61 52 48 3 49 61 35 87 61 81 53 46 8 72 58 26 78 6 29 74 0 65 22 45 9 17 88 13 84 62 96 86 69 49 79 37 60 66 4 67 78 4 6 12 42 94 94 61 15 31 71 69 69 73 40 2 33 25 30 97 50 25 92 27 97 73 97 8 33 43 35 67 20 14 8 56 28 51 73 83 49 48 88 94 74 19 56 57 94 92 94 26 42 68 74 57 81 77 18 43 57 15 23 16 71 78 31 5 8 3 63 5 89 14 67 34 1 39 92 86 18 10 62 7 2 87 39 49 91 84 33 97 13 76 19 46 33 53 10 0 66 15 2 12 10 58 69 51 98 31 78 96 54 98 18 1 34 35 34 63 76 76 87 78 17 41 98 71 23 96 10 1 23 77 83 40 30 26 35 22 44 12 70 79 15 96 89 100 7 79 49 86 75 41 95 84 86 58 74 83 53 3 23 29 81 35 89 3 4 32 86 41 61 14 39 73 2 83 99 39 10 0 3 41 3 77 19 12 33 78 95 93 98 98 56 26 18 55 50 68 72 61 25 66 42 39 53 16 86 74 40 76 84 49 96 91 15 83 
24 28 77 41 40 32 27 19 94 91 75 31 92 9 71 39 60 33 98 96 9 35 35 32 3 82 80 23 16 12 21 67 5 86 100 64 53 58 52 46 70 23 37 99 84 49 19 4 45 23 1 2 28 48 34 51 72 39 95 20 82 63 90 75 29 100 66 16 26 16 90 7 28 55 90 58 21 12 1 60 29 94 52 71 31 85 80 1 87 62 39 93 15 17 85 10 33 40 7 4 12 30 35 87 74 36 16 8 95 54 60 42 46 88 15 55 85 24 64 34 48 90 2 31 50 56 64 54 78 47 63 27 47 79 80 14 12 77 6 78 43 48 76 35 66 14 22 70 83 25 18 19 88 66 88 7 98 98 83 28 76 88 56 18 99 65 87 27 73 44 68 69 90 97 21 17 62 44 12 20 30 47 33 44 9 16 38 28 10 96 53 57 90 56 42 33 99 23 13 86 22 29 47 90 15 97 86 89 87 57 58 68 26 95 78 11 32 30 28 39 88 39 96 80 86 89 75 75 75 6 50 25 36 19 87 32 89 63 93 50 90 60 79 6 79 7 96 87 100 71 68 62 51 41 6 32 94 100 25 80 90 56 25 97 10 54 72 23 13 42 47 42 72 11 12 16 10 52 31 78 79 76 72 5 25 24 79 55 73 26 21 16 67 89 25 20 53 35 64 20 
83 99 36 99 76 53 16 63 87 58 27 91 42 2 52 4 63 12 40 32 41 21 11 83 44 80 18 86 35 17 81 78 37 49 23 5 54 77 44 86 90 87 39 87 60 23 2 20 40 34 15 100 15 90 13 69 59 94 25 80 70 45 6 94 5 5 12 89 81 3 39 49 87 78 81 27 86 33 35 100 87 5 46 41 34 10 75 42 5 16 13 70 16 4 81 5 38 93 32 28 65 25 45 74 64 20 90 51 51 40 17 32 98 58 33 12 43 72 96 62 77 48 29 83 13 31 61 87 90 61 11 8 14 5 86 62 37 7 27 0 76 54 48 88 25 58 54 28 80 20 52 30 63 71 37 46 8 49 88 10 86 0 74 38 60 61 27 56 17 69 82 96 40 70 88 56 89 38 87 52 10 89 68 80 18 44 97 74 5 0 9 34 96 47 70 23 6 77 37 54 61 16 35 21 40 90 34 71 3 33 54 36 83 59 11 72 59 18 80 90 41 37 4 81 49 27 24 17 12 59 74 52 18 43 39 61 1 22 3 59 16 36 6 100 42 9 14 32 33 91 13 36 96 83 58 14 71 18 20 93 97 8 60 80 18 88 60 26 92 69 88 19 93 38 84 100 43 53 43 34 45 47 43 1 85 85 42 12 53 15 84 27 27 87 42 39 41 31 69 29 
88 13 70 34 2 86 39 61 54 54 79 9 90 15 10 73 12 6 42 83 41 44 13 52 16 71 42 93 64 16 100 18 56 64 73 62 18 0 91 14 13 97 44 17 17 48 39 65 13 52 69 42 57 17 91 85 44 17 45 7 79 38 2 85 88 92 14 40 90 78 84 93 37 93 3 4 95 54 45 75 39 93 74 76 4 12 39 66 80 50 4 58 55 97 32 78 5 74 23 56 50 79 44 36 38 96 53 32 93 53 96 24 51 61 78 39 15 89 12 51 30 23 31 65 69 33 63 86 91 1 44 18 41 35 69 36 71 28 39 75 77 41 51 2 41 21 82 41 72 84 51 72 45 73 18 21 99 99 91 95 29 58 44 40 49 11 40 62 77 95 52 86 58 56 47 28 12 17 49 75 22 63 12 66 34 71 49 74 85 69 83 45 8 20 55 25 62 31 71 73 40 49 66 58 27 41 12 68 45 22 71 94 35 66 68 25 19 34 3 14 97 66 68 86 36 41 26 48 20 46 78 52 44 20 91 92 42 34 28 50 72 62 32 4 42 73 94 77 89 47 2 59 39 0 93 68 23 20 42 81 43 68 20 92 53 33 87 34 65 30 27 96 18 55 31 47 63 33 59 58 28 21 48 18 50 31 18 97 50 15 79 83 79 79 64 64 99 38 11 30 
68 100 10 63 20 67 88 38 95 74 93 27 100 23 40 39 45 40 0 70 55 77 47 31 11 27 38 66 56 18 5 99 69 59 59 87 14 90 11 7 6 9 6 13 76 61 81 23 0 9 10 42 67 49 64 61 22 64 17 23 95 80 6 47 9 44 59 47 46 65 24 87 64 21 42 40 62 43 91 91 99 74 27 11 28 40 77 33 57 28 16 87 79 63 92 85 16 51 59 23 4 4 31 3 46 91 24 69 79 86 36 55 40 98 18 98 69 96 23 68 80 17 71 18 45 97 52 28 37 55 53 53 86 90 0 24 84 48 64 4 43 53 27 81 81 52 17 92 84 2 88 51 22 98 67 94 49 28 72 3 71 42 50 6 12 13 70 89 50 100 86 12 52 2 33 7 67 26 35 28 33 58 99 11 34 77 28 75 2 95 17 94 32 63 15 4 55 44 0 54 1 95 96 51 45 10 35 1 87 82 31 80 7 94 26 51 87 11 17 92 33 36 51 95 72 0 81 27 79 74 0 84 65 83 69 44 61 87 74 61 90 64 100 91 42 9 99 48 97 52 66 55 96 34 4 64 69 93 44 13 67 81 77 27 19 67 51 51 59 52 76 75 54 55 60 14 36 44 6 88 16 41 81 71 32 49 68 23 31 25 54 90 88 69 47 79 81 64 31 88 
17 53 37 98 53 3 14 25 93 29 20 49 87 27 25 35 76 18 71 49 37 42 55 63 52 39 89 20 31 46 28 48 13 91 68 67 31 48 75 26 65 28 87 83 3 53 29 36 70 38 87 89 57 96 94 40 87 98 15 35 91 56 82 17 58 94 45 31 31 54 96 91 91 47 79 51 37 37 58 39 80 97 85 42 90 25 72 63 87 85 68 8 74 1 74 8 34 60 49 84 50 31 62 36 100 83 1 43 61 5 15 81 48 8 69 31 25 38 70 9 2 42 86 93 49 54 73 78 3 86 10 86 78 48 47 38 7 69 52 62 71 4 60 44 0 83 68 34 70 56 67 45 18 70 32 13 7 58 29 4 99 100 70 60 80 32 14 70 29 93 45 34 28 52 81 17 64 66 45 29 88 55 63 51 73 22 17 97 6 84 27 52 63 69 42 57 57 28 20 14 80 85 57 78 69 47 17 56 47 35 24 92 7 9 95 77 98 82 45 98 78 36 58 29 2 61 63 7 28 52 69 41 59 87 18 79 79 52 58 31 97 8 3 33 49 13 95 40 73 3 79 51 73 13 7 11 2 21 3 44 56 15 89 38 94 19 53 48 47 12 51 53 67 65 54 40 6 46 69 50 82 81 93 88 29 47 28 35 56 72 52 67 42 91 80 30 5 57 87 66 
98 87 39 83 96 61 61 36 100 91 0 65 48 13 43 1 20 22 44 98 100 78 46 61 39 34 66 84 78 96 1 66 41 19 82 9 2 45 45 40 42 97 11 45 69 9 41 21 96 72 36 5 22 22 59 0 54 45 67 44 91 26 12 10 81 9 21 32 2 67 11 49 64 46 50 42 84 54 74 11 35 17 21 87 12 33 57 33 0 71 21 43 29 37 13 77 15 88 93 31 82 81 97 86 24 19 68 11 83 39 62 99 66 51 30 72 95 85 57 54 6 55 47 3 61 25 76 46 13 57 30 22 58 100 21 91 56 2 96 45 93 47 82 70 2 96 94 42 50 75 98 34 14 18 11 91 3 61 83 10 28 58 19 7 1 100 65 44 94 77 57 62 94 70 100 28 81 82 22 74 27 58 66 90 19 73 47 43 83 40 8 3 62 19 49 57 61 46 87 18 45 50 70 20 96 81 54 80 100 93 3 7 95 98 8 74 73 0 31 4 15 50 39 57 89 50 49 43 63 100 28 90 6 59 74 70 6 33 90 32 22 16 49 15 49 46 61 84 14 76 25 54 18 4 55 54 5 15 88 38 41 26 10 9 94 31 52 13 58 5 35 76 59 36 34 6 79 7 43 92 99 1 27 50 51 82 75 14 25 32 49 15 93 35 94 82 81 58 32 61 
10 65 4 50 86 32 39 35 67 12 4 29 92 10 13 39 15 62 83 41 61 24 30 73 4 91 39 24 9 25 3 62 46 34 15 35 87 15 47 11 34 63 27 73 9 29 37 87 77 49 86 12 36 90 98 75 48 56 19 69 2 62 55 23 97 16 18 79 4 73 37 51 28 89 67 78 17 68 53 44 5 79 94 14 18 50 37 97 54 98 70 39 45 10 64 75 3 16 6 30 80 81 76 5 28 43 76 61 50 37 33 83 67 39 7 82 45 16 49 18 85 6 15 30 76 12 78 1 99 99 88 74 17 19 67 87 9 48 56 83 88 59 28 6 8 44 5 68 1 37 17 79 96 26 21 49 17 98 74 0 52 68 10 0 29 60 90 55 39 87 19 57 68 40 91 52 9 89 58 68 75 46 42 53 44 31 10 34 53 58 91 55 42 9 9 90 95 43 90 49 62 59 91 88 9 31 77 25 97 95 28 52 59 9 64 16 2 40 45 59 25 3 16 32 22 67 31 30 93 40 43 77 42 43 22 86 37 49 0 81 5 24 95 78 51 73 10 42 82 44 37 39 79 45 20 33 15 20 4 60 54 46 75 37 34 64 79 91 37 53 6 70 23 56 13 6 18 53 78 6 67 12 69 27 10 6 3 96 45 58 57 80 52 25 85 56 60 24 79 93 
37 85 1 26 100 67 98 77 41 10 57 61 1 1 76 35 38 51 46 66 80 97 53 95 48 30 10 1 86 28 62 47 97 46 93 2 65 11 71 87 10 2 88 41 46 88 83 29 87 20 17 29 87 42 51 30 20 16 24 18 59 53 6 87 82 88 42 76 31 93 60 38 99 92 60 88 15 36 82 13 69 24 63 79 84 71 55 62 59 57 45 41 41 46 16 75 87 39 55 33 21 85 23 3 57 1 59 15 4 5 93 19 33 44 48 91 62 48 34 13 50 46 22 72 70 60 47 33 21 92 13 15 47 43 37 87 76 33 61 29 16 29 83 100 100 27 49 44 38 79 89 19 85 38 10 0 21 19 30 80 100 84 33 34 76 36 48 93 0 33 52 70 34 62 40 59 38 86 52 40 81 7 17 60 56 87 28 59 9 41 63 22 69 2 68 71 16 77 54 84 12 78 5 45 36 14 0 70 81 24 42 70 18 40 22 25 94 75 49 55 48 4 3 42 15 86 26 9 87 89 57 8 14 47 12 81 5 89 40 87 1 31 6 48 30 10 3 82 82 36 55 43 48 38 97 41 67 87 3 98 16 9 23 20 61 30 71 76 100 87 57 97 77 38 16 40 59 89 13 45 27 84 33 34 68 28 41 50 70 90 9 70 68 15 15 86 35 82 40 52 
39 9 19 89 37 30 92 87 76 55 55 99 69 56 59 52 22 75 87 70 37 42 21 15 59 8 47 78 60 66 98 93 14 4 79 28 96 40 72 56 68 28 1 54 62 35 61 32 39 95 40 93 87 0 15 70 71 12 23 97 12 81 7 0 66 31 49 50 9 0 76 37 38 14 88 24 24 9 26 87 81 97 23 69 26 41 56 86 71 71 9 97 53 41 46 47 73 86 99 32 74 80 60 61 47 42 4 25 74 25 34 46 73 32 100 23 50 51 88 100 17 45 3 31 21 92 54 2 52 11 31 5 90 43 36 70 66 82 86 10 1 27 8 9 82 71 46 0 100 44 56 94 47 100 62 17 99 95 70 9 5 59 53 74 38 37 37 23 26 11 1 86 0 15 48 93 82 90 37 92 86 10 69 30 46 22 73 9 4 68 89 65 56 89 36 5 46 29 27 84 51 40 29 76 21 78 99 62 46 74 47 90 92 79 19 37 88 100 70 35 33 67 90 4 92 50 46 34 98 86 10 23 43 40 96 25 98 51 60 7 40 86 64 72 18 100 41 95 82 37 4 16 10 53 45 41 5 96 88 72 65 97 8 58 36 90 47 21 26 63 59 78 53 5 15 67 43 20 99 4 21 71 26 25 30 11 42 3 3 50 30 69 94 95 13 57 1 65 44 1 
14 77 31 10 58 95 27 51 20 70 24 81 61 84 94 6 55 58 8 8 79 7 87 78 91 32 99 44 61 43 30 63 31 29 39 90 24 67 69 39 74 5 75 5 70 94 51 86 29 93 61 62 49 65 31 36 53 79 89 46 70 4 51 19 43 34 99 88 67 36 16 85 22 41 61 69 66 87 19 60 58 43 71 1 3 93 68 98 62 20 11 48 96 52 54 4 95 9 39 30 25 56 36 40 13 37 39 24 0 49 40 37 77 24 38 78 66 55 23 96 90 100 17 47 44 34 97 8 75 45 41 17 11 40 23 59 7 51 32 76 6 53 72 62 79 9 61 1 31 72 51 82 68 35 89 13 57 22 65 30 93 96 14 32 39 64 32 56 70 16 29 17 33 60 68 67 78 48 8 6 73 97 60 60 86 57 42 77 8 12 37 63 11 31 97 82 98 74 70 17 86 15 83 61 32 23 60 22 22 11 31 73 45 70 77 0 19 93 91 77 90 3 82 66 73 77 59 21 38 0 3 17 92 77 90 64 65 1 3 84 36 29 53 16 15 13 28 97 66 5 95 84 22 39 48 85 8 9 62 87 51 34 66 58 32 35 57 5 52 3 33 10 9 16 92 90 53 32 28 16 93 100 85 75 94 29 30 56 26 100 47 17 85 32 44 94 59 79 81 1 
67 29 35 70 92 72 14 28 93 8 91 56 98 14 11 27 91 22 57 27 13 95 61 73 31 33 1 96 11 8 73 7 68 76 84 16 74 29 2 46 38 80 44 90 24 79 96 73 52 11 64 38 14 81 28 16 31 93 21 48 93 84 91 76 3 10 14 15 31 88 73 85 88 53 0 65 44 10 41 93 92 67 46 74 41 54 13 48 13 55 92 96 79 87 60 65 65 44 59 15 75 1 74 48 24 36 73 44 32 53 28 86 78 100 45 65 78 59 83 97 17 97 62 59 91 63 35 45 69 78 46 43 77 20 78 39 6 60 36 4 86 96 3 91 26 19 26 67 36 16 2 13 52 18 38 72 18 91 80 82 68 24 70 77 32 97 34 54 35 53 40 82 49 66 77 46 72 50 33 14 82 97 65 32 68 69 34 53 14 82 86 1 53 56 56 77 12 22 43 52 7 53 40 2 21 72 70 64 5 55 77 71 63 20 4 51 3 7 72 86 67 37 86 2 9 68 70 8 96 48 87 74 10 44 99 78 82 13 16 36 44 93 35 68 15 87 44 76 100 75 91 89 33 66 14 30 10 32 5 81 19 28 8 86 95 49 74 28 70 0 36 65 78 100 18 35 3 78 30 46 89 36 87 59 21 94 48 65 72 72 52 44 63 17 17 53 92 89 9 56 
30 25 65 2 47 56 4 18 15 49 22 57 85 8 80 70 51 57 4 49 97 23 87 64 8 33 80 12 12 77 45 38 82 20 90 78 100 43 95 76 13 92 60 13 67 27 34 52 12 41 86 100 56 18 53 10 9 51 91 29 60 93 23 50 26 16 24 60 44 75 54 41 6 100 76 14 44 26 52 25 11 66 30 26 1 55 25 60 60 1 36 53 25 77 0 23 98 27 24 72 9 73 57 1 78 97 97 11 61 28 21 97 64 26 10 7 76 83 66 23 39 95 0 86 2 28 39 41 62 33 67 62 71 29 8 30 26 64 75 42 16 67 51 71 14 92 94 18 54 36 7 55 76 18 4 10 16 18 12 12 31 67 46 57 89 65 69 42 4 29 35 87 60 71 90 90 5 1 7 51 17 66 67 91 6 8 1 62 95 97 64 2 56 2 98 49 48 39 38 42 75 92 52 100 95 73 82 84 26 47 6 17 26 57 42 99 36 15 68 40 96 52 86 7 76 16 55 88 35 97 42 32 99 98 54 8 44 40 93 63 76 18 68 90 50 61 79 69 29 53 14 91 8 17 41 97 50 43 33 46 14 60 67 50 75 21 37 30 11 31 81 92 97 49 27 33 17 5 1 55 87 58 8 33 97 79 0 64 12 98 28 19 22 87 1 47 20 23 92 72 
68 52 87 90 87 39 21 50 39 34 46 30 70 29 22 0 86 0 91 78 66 18 57 31 53 82 53 1 33 63 69 19 5 86 57 9 83 62 64 29 20 29 39 36 5 16 77 16 44 42 11 13 47 33 50 33 12 32 72 80 8 11 7 81 22 9 93 52 51 33 90 17 84 9 18 72 14 12 43 0 14 40 8 3 65 83 54 52 74 64 85 25 92 41 94 30 78 27 43 5 24 66 31 47 15 55 6 83 30 84 2 82 7 50 44 77 83 62 61 45 51 70 35 7 87 63 25 32 78 41 60 48 11 71 67 46 50 91 89 28 73 5 82 37 12 92 54 73 47 34 93 49 31 57 46 33 13 59 55 49 55 69 4 98 94 65 50 19 92 100 88 36 30 25 5 41 65 94 49 29 46 52 99 94 22 81 1 7 60 49 30 12 57 86 84 99 42 89 10 55 98 79 95 69 23 41 8 72 85 4 51 86 51 80 75 53 91 42 53 37 97 52 24 51 84 37 14 24 44 88 66 59 54 67 59 85 83 24 33 75 89 65 75 66 41 63 65 15 83 47 28 91 79 25 99 6 5 90 75 24 69 88 7 7 13 81 1 18 21 45 0 3 93 28 91 52 82 98 28 55 57 89 77 39 59 82 64 65 9 77 3 30 56 60 77 56 49 92 9 39 
83 8 7 59 26 3 72 73 92 22 70 1 86 15 46 23 94 66 38 62 98 29 71 71 47 17 71 27 97 66 85 44 94 29 26 60 0 76 85 91 23 10 29 86 55 82 19 65 62 28 28 72 48 89 89 13 78 35 61 50 17 95 81 60 98 34 99 78 88 38 45 97 23 56 32 90 93 47 69 0 93 16 18 87 73 96 45 80 55 95 30 23 99 9 40 3 60 79 20 32 11 16 85 69 63 31 48 61 70 35 69 75 21 32 50 60 19 48 62 91 46 38 53 81 87 5 4 69 13 41 55 13 37 45 73 4 91 54 85 42 38 85 13 81 97 44 77 40 10 49 18 85 24 95 65 58 81 78 74 88 18 93 89 4 41 12 63 18 35 66 94 5 15 59 82 62 96 65 85 69 32 70 45 15 35 77 11 22 35 86 4 19 85 94 96 36 19 58 0 28 4 17 10 18 99 33 1 96 96 71 13 64 18 45 1 1 73 33 95 99 9 77 66 43 77 40 37 14 40 18 78 81 31 75 39 92 36 10 7 15 100 72 17 35 0 50 66 90 79 100 44 4 85 77 88 44 96 62 76 44 10 100 70 82 16 87 95 33 87 52 81 70 61 19 31 82 33 33 86 44 53 51 58 40 78 98 25 42 53 72 77 40 99 61 74 70 49 22 57 25 
77 15 59 52 87 89 52 65 23 85 68 69 72 21 9 33 93 52 2 93 91 64 99 63 1 14 82 67 20 52 23 24 20 10 44 50 88 90 46 76 5 79 84 19 46 32 59 4 8 90 1 54 69 25 73 84 54 98 51 74 28 4 83 87 47 41 72 10 63 16 14 0 9 32 43 11 66 43 23 24 20 44 48 63 1 29 87 8 76 65 90 86 2 21 51 44 17 16 67 58 13 44 92 1 64 79 7 90 84 33 44 28 69 8 33 48 58 65 92 77 15 91 19 83 46 57 54 10 88 1 79 23 47 52 57 13 27 12 30 44 17 61 19 68 56 28 73 35 8 9 41 72 97 53 76 33 3 59 24 64 87 68 32 59 31 71 43 52 56 8 33 22 16 14 60 68 18 27 62 53 71 0 64 71 75 4 86 52 98 6 1 94 95 90 49 4 24 89 14 70 97 12 39 68 14 57 98 84 24 73 11 88 52 4 99 97 77 94 46 48 44 61 72 66 18 56 9 10 58 46 53 20 83 23 2 56 15 81 83 34 92 100 74 57 16 52 56 47 48 39 88 13 31 45 3 100 83 17 24 76 47 75 24 10 20 68 14 61 80 2 18 11 46 51 96 81 68 7 100 55 2 3 54 95 70 6 3 7 27 38 89 46 56 27 43 92 57 99 15 56 
86 72 28 100 46 86 47 75 18 76 13 77 36 59 54 29 69 62 16 20 65 49 97 34 45 52 28 17 69 26 6 21 41 21 39 65 72 37 7 91 36 87 20 11 44 63 89 16 42 66 13 100 36 64 45 63 0 44 63 58 26 74 11 60 10 17 16 44 11 35 25 72 55 9 23 91 100 43 7 6 8 56 86 96 86 92 40 62 52 86 14 61 58 25 52 84 78 54 53 42 68 45 37 97 20 73 34 27 17 81 95 11 20 74 38 5 81 33 50 60 49 60 14 10 65 39 3 47 27 81 69 62 79 71 66 13 92 59 3 81 15 61 40 72 65 70 83 76 100 24 25 78 69 15 78 50 51 88 92 42 73 82 91 12 40 69 32 47 94 62 56 72 10 81 15 0 6 8 35 29 18 52 18 83 97 29 33 54 55 65 92 97 91 0 92 48 73 38 67 58 93 84 38 25 64 31 34 90 92 25 40 99 64 24 78 10 16 64 9 10 23 38 71 98 73 52 90 81 8 96 20 52 36 67 27 94 96 16 54 79 80 9 90 90 39 61 78 48 51 6 75 32 88 7 9 77 21 32 95 19 16 57 66 60 24 1 43 61 23 93 47 93 69 34 82 87 74 44 73 54 86 1 47 78 6 79 97 39 3 72 68 57 89 96 31 36 49 68 97 79 
91 37 57 48 24 27 69 65 43 95 34 84 45 3 90 94 69 96 32 9 50 28 21 27 79 59 84 72 77 93 100 7 48 24 95 76 66 27 86 95 1 30 45 53 25 14 19 50 65 79 71 10 87 99 39 34 9 67 18 95 71 92 76 89 24 13 23 95 14 26 18 83 51 58 0 0 31 1 86 86 89 23 83 70 69 89 68 30 55 99 17 25 91 29 6 26 0 46 86 89 62 65 25 27 42 7 10 36 87 70 18 74 19 55 18 38 72 50 2 67 7 36 3 37 79 27 27 9 85 99 64 67 29 13 86 78 23 63 52 69 10 37 60 76 11 80 18 100 26 80 66 90 93 48 87 57 68 3 14 96 28 61 26 37 97 53 73 76 65 17 75 88 38 72 86 11 50 53 28 80 47 70 48 71 36 87 43 1 22 86 97 63 66 5 8 40 83 19 64 95 38 95 72 92 85 99 31 27 22 26 51 5 86 70 76 57 29 84 12 62 58 11 80 71 79 60 78 60 85 41 52 32 67 25 88 46 41 98 19 57 13 47 21 45 92 84 45 44 35 99 2 91 8 36 30 85 70 13 86 77 46 57 86 41 96 75 44 88 1 33 33 52 69 61 90 35 46 44 90 40 100 14 63 13 83 27 17 74 100 51 12 21 31 2 7 20 23 14 59 38 
45 21 9 52 7 65 78 54 89 82 67 76 53 58 33 99 40 54 84 73 45 29 80 39 24 90 33 62 51 59 98 70 29 46 90 36 84 1 90 90 93 76 3 0 62 51 21 95 26 74 35 94 33 28 8 17 62 66 99 49 42 82 28 88 97 49 83 7 73 12 93 58 17 6 86 37 18 4 13 20 87 29 98 78 27 63 79 44 17 85 55 44 76 65 63 68 31 90 20 53 26 27 95 64 48 0 84 90 28 16 18 8 70 47 3 54 99 46 54 53 27 5 9 0 47 48 42 49 89 27 35 94 65 3 3 97 78 44 43 89 46 24 19 38 51 98 71 8 82 91 78 92 73 16 35 100 83 63 37 15 16 55 10 6 19 12 89 96 13 23 93 22 16 40 15 18 70 36 5 24 59 78 40 35 94 20 61 96 80 4 16 27 83 65 23 64 97 23 93 11 35 34 45 2 16 64 51 52 33 86 56 91 81 43 69 17 90 35 8 41 7 94 89 6 99 87 83 42 10 61 83 20 19 31 42 64 7 55 25 39 44 42 37 76 70 1 23 18 47 75 92 94 7 19 83 1 92 16 78 7 29 90 52 34 68 96 45 4 50 37 35 54 61 91 51 98 37 67 92 97 66 78 43 35 97 94 26 47 37 43 43 37 31 56 7 49 34 41 14 87 
8 67 10 62 2 55 69 66 68 62 56 56 68 82 99 11 43 37 37 35 48 16 74 28 47 73 5 99 51 0 56 21 71 100 78 46 2 54 17 31 55 90 50 16 78 87 63 68 74 41 71 70 43 47 73 63 85 7 50 85 37 13 47 15 100 25 59 11 52 55 91 12 15 24 42 9 81 19 72 39 94 21 90 71 70 26 97 92 4 73 70 38 26 77 5 70 69 3 82 32 42 23 3 30 88 39 18 41 70 1 46 44 81 55 65 43 23 54 65 13 71 89 93 48 94 37 23 20 76 90 43 30 80 100 42 47 88 46 21 50 90 82 94 93 14 94 41 8 100 53 15 20 15 4 54 65 37 77 87 73 67 78 16 83 57 57 7 36 74 56 18 63 21 60 41 56 25 46 6 11 26 59 1 49 88 60 27 46 50 94 74 51 82 5 45 16 53 59 34 46 77 42 3 81 96 71 81 44 92 6 77 40 89 67 66 88 10 91 51 46 27 41 35 1 61 21 84 69 86 68 33 90 32 16 25 7 8 19 52 19 47 19 2 65 47 65 47 1 80 64 95 80 31 48 10 85 14 89 32 94 11 9 78 65 47 30 89 54 92 44 15 82 99 33 68 44 29 22 50 33 9 10 57 17 0 28 5 99 90 57 12 24 42 85 21 65 8 91 18 35 
33 76 60 40 63 82 14 24 97 100 34 25 10 47 45 49 49 28 3 12 20 74 9 51 46 64 23 19 6 81 73 40 4 12 45 91 92 42 71 88 15 26 98 41 0 14 63 61 85 2 18 75 33 95 37 43 94 23 19 26 19 98 17 52 33 24 83 5 59 16 77 82 30 33 78 12 67 67 93 60 14 33 78 24 58 43 10 63 45 14 46 43 74 84 95 6 15 52 54 55 40 48 59 98 40 39 3 66 98 56 69 96 29 95 59 44 59 98 34 9 93 30 74 3 44 48 24 34 47 76 51 84 19 91 50 38 100 52 94 32 2 14 74 88 88 32 59 35 100 33 33 33 70 27 62 9 94 83 56 80 56 31 43 91 1 27 32 24 95 22 78 80 11 0 4 56 41 78 27 90 17 89 59 32 12 0 37 99 2 34 42 83 20 72 57 46 75 69 6 96 9 88 82 11 20 40 56 10 69 36 31 44 61 89 94 67 79 63 95 59 44 99 55 7 7 6 7 12 43 92 22 69 91 74 34 26 88 25 37 21 10 48 69 28 51 72 74 43 76 93 95 85 19 100 45 24 72 14 41 9 95 10 13 69 87 49 49 17 31 78 50 63 90 32 11 4 42 93 53 25 100 72 28 13 56 83 65 15 56 70 78 93 52 4 47 1 86 87 8 42 
52 36 35 61 83 85 61 0 11 44 95 41 84 49 93 15 26 95 80 78 31 2 76 85 14 20 85 26 98 27 45 91 16 24 30 72 61 33 25 8 56 48 75 7 20 54 28 100 67 18 33 80 32 2 78 29 74 69 1 21 82 23 35 73 16 7 73 47 34 20 71 85 78 89 77 16 9 43 86 34 50 39 50 61 87 88 4 38 45 18 26 74 2 58 85 87 3 30 12 34 89 94 0 100 63 88 98 30 11 30 76 75 27 100 0 75 11 38 38 48 33 20 70 58 53 34 72 99 41 88 54 46 79 99 82 76 83 61 31 73 45 10 48 62 33 19 27 25 77 62 7 31 26 23 88 4 82 49 79 77 47 32 8 0 38 70 21 6 75 0 100 98 71 45 51 98 70 24 92 68 92 73 65 94 7 95 87 38 100 96 6 59 4 75 8 43 86 21 4 12 55 99 60 73 41 41 27 38 8 62 33 69 60 1 40 60 30 13 63 97 30 13 36 30 66 8 64 26 39 70 90 19 72 10 43 54 93 0 82 27 58 49 48 87 72 84 90 71 72 14 85 65 37 13 13 28 34 42 98 36 97 47 73 44 54 0 62 75 30 64 55 80 59 29 6 57 41 78 31 90 30 39 48 72 22 73 3 80 1 11 69 19 21 6 0 37 100 96 57 56 
98 52 56 36 78 95 40 56 46 15 62 12 86 65 40 89 64 98 25 37 75 22 79 67 5 70 31 7 81 15 37 59 83 61 98 64 92 76 58 68 30 47 95 32 50 96 56 67 39 58 28 89 92 2 55 95 83 54 59 26 16 22 79 81 59 75 88 60 45 11 76 6 37 86 63 66 25 48 28 61 32 67 87 77 84 29 99 43 97 73 48 29 87 39 69 49 95 24 53 3 72 11 87 73 49 36 53 15 62 6 91 31 59 10 74 45 15 69 80 66 64 54 66 53 2 45 64 17 46 1 15 19 8 7 48 89 19 34 6 17 1 40 66 6 13 52 70 79 49 55 50 37 47 70 91 92 56 31 56 8 51 28 28 3 65 97 47 2 22 96 4 60 42 36 92 80 39 51 59 91 36 17 2 32 45 6 71 28 95 74 26 96 28 70 54 75 44 8 25 0 44 96 42 42 68 18 77 64 6 92 58 19 55 91 25 19 6 85 94 21 43 8 27 90 79 48 36 76 58 36 70 47 91 65 65 28 71 41 57 90 0 26 39 2 29 70 92 11 59 37 100 47 4 68 75 55 29 82 5 66 75 50 97 25 22 53 29 6 99 10 73 83 53 12 39 60 10 40 40 2 74 90 83 15 5 33 86 86 0 52 78 35 5 36 62 100 14 18 88 21 
73 79 52 35 71 53 100 37 49 83 24 34 73 82 34 96 17 94 53 52 36 92 43 12 66 49 12 55 73 39 19 53 51 44 37 73 20 56 76 38 34 68 26 75 72 71 100 53 44 54 9 57 29 59 35 83 52 31 49 57 49 4 99 91 41 93 78 7 27 19 41 74 86 39 63 5 42 45 79 92 87 81 73 69 37 46 73 89 55 1 18 97 31 31 77 3 37 24 42 83 49 86 70 64 15 60 57 9 14 11 92 3 31 86 80 90 51 30 33 29 86 49 59 91 79 100 68 41 83 58 89 27 1 73 99 35 14 91 96 70 86 5 54 35 21 14 100 7 51 40 41 27 4 63 68 40 0 50 91 36 40 22 11 63 72 48 68 95 61 55 13 50 82 22 14 93 45 53 94 42 89 73 75 97 73 39 86 75 64 59 66 76 33 42 28 12 39 72 23 26 27 60 15 67 75 37 12 2 29 76 28 38 90 74 67 46 95 6 60 53 43 27 64 82 9 51 20 54 77 41 33 20 58 82 7 8 72 42 77 41 28 79 3 68 36 90 0 11 7 65 85 3 13 80 23 51 3 80 6 73 19 99 72 14 61 41 1 74 50 55 24 61 85 23 100 98 86 10 20 88 61 8 59 43 63 59 35 32 24 26 19 93 68 98 52 61 9 92 77 3 
28 36 87 21 51 13 12 27 0 90 8 80 83 67 80 55 33 26 96 46 14 72 47 18 92 36 39 32 91 41 82 81 45 23 76 38 6 62 85 83 59 80 10 43 75 33 33 79 29 34 73 39 5 70 70 19 7 23 77 16 12 96 85 77 66 36 94 32 73 98 40 69 68 21 49 43 24 77 19 96 78 26 25 65 12 38 82 71 7 36 61 91 53 35 86 49 41 11 7 96 91 74 26 93 31 83 22 90 67 76 27 81 84 78 30 42 62 69 74 81 60 61 64 44 13 19 27 94 83 84 57 1 95 1 28 13 25 48 88 93 25 27 86 66 7 62 84 44 68 41 16 89 13 62 46 85 65 47 88 38 41 27 36 62 57 81 16 84 11 1 91 70 62 32 64 38 50 51 5 19 100 87 7 84 9 32 80 51 18 54 77 0 15 98 29 45 66 48 16 19 29 46 56 85 55 48 28 5 40 37 7 8 23 7 1 60 56 16 83 39 50 13 50 38 22 81 83 36 68 7 30 50 25 71 80 71 37 92 89 51 72 56 96 3 71 85 85 63 58 89 17 1 73 76 19 35 88 1 37 29 65 14 59 1 78 33 40 70 13 67 86 69 84 72 6 42 23 48 0 56 45 66 77 27 59 49 79 81 41 45 25 58 26 41 27 40 88 65 46 80 
75 39 70 46 60 52 94 16 26 16 23 6 84 98 86 72 30 69 26 22 83 90 38 9 53 59 98 27 87 98 75 82 36 85 40 4 59 74 26 30 29 27 23 100 37 56 60 33 99 17 29 64 74 50 3 52 43 6 52 40 99 57 33 56 15 5 63 99 74 79 63 36 99 31 92 77 58 23 43 86 59 62 3 64 98 0 24 29 2 96 46 31 40 64 86 97 71 1 2 45 94 72 39 67 61 86 21 80 91 73 44 7 6 19 36 15 97 8 62 54 19 26 96 82 49 62 56 19 74 54 88 40 60 100 91 85 66 33 26 74 54 48 97 2 88 21 12 92 55 81 24 51 91 28 48 31 47 75 5 38 74 48 82 61 28 93 55 36 76 56 33 36 53 60 90 47 31 16 29 2 10 41 67 28 97 92 1 33 54 29 68 49 66 17 50 27 79 42 11 89 6 61 89 78 32 25 97 43 100 74 23 91 18 71 33 35 22 41 65 61 38 81 39 42 13 2 8 98 85 54 81 45 82 76 44 31 8 37 65 60 81 41 74 39 36 86 74 22 61 100 4 31 87 15 64 8 36 22 26 72 65 56 100 77 27 85 67 18 42 86 87 73 3 50 58 61 82 67 39 34 29 52 2 69 88 52 4 25 49 52 66 29 59 58 12 31 42 77 89 54 
83 46 30 24 86 58 72 95 53 82 60 17 88 47 35 94 60 53 46 51 95 97 32 55 2 56 76 73 78 46 89 46 40 63 58 48 4 92 9 96 44 98 35 41 0 35 91 2 51 99 48 70 79 21 89 100 100 14 85 3 17 49 99 17 21 13 53 83 41 18 83 60 25 41 65 23 48 89 1 37 34 80 10 36 11 4 5 46 52 26 15 24 71 64 76 59 4 63 18 20 90 19 87 55 66 3 99 40 48 72 86 40 58 42 35 36 22 29 26 22 93 99 39 32 88 74 72 18 79 58 45 64 10 32 27 29 95 55 61 4 14 90 15 35 54 48 64 99 27 5 34 89 99 60 43 99 45 18 65 6 30 39 62 34 17 34 94 8 93 49 77 65 52 85 7 57 97 5 40 78 91 99 74 59 10 38 43 83 78 39 27 63 15 55 21 86 98 14 64 6 9 71 98 29 76 72 44 17 93 80 76 20 18 81 93 65 0 76 41 10 49 7 5 36 93 84 48 30 97 45 36 13 48 71 72 58 43 43 1 83 3 38 24 36 93 68 28 49 71 86 84 19 43 57 27 44 35 62 76 16 72 73 43 83 48 49 98 4 7 16 68 44 40 85 24 22 59 5 83 96 33 63 71 7 23 53 74 66 84 23 7 93 72 89 100 36 5 41 8 45 
18 16 27 2 66 51 87 73 31 66 86 21 77 28 15 16 81 64 93 13 43 2 3 85 5 85 40 58 100 67 36 31 77 72 97 52 6 48 76 89 2 11 41 34 1 40 67 99 2 75 45 76 74 100 45 52 36 13 12 24 99 29 23 59 87 21 95 20 41 24 87 73 58 86 100 83 34 68 16 59 89 95 80 11 47 19 23 62 7 13 91 80 49 54 54 78 59 9 45 92 47 46 48 65 26 57 50 30 2 59 87 93 49 12 51 35 72 95 47 55 10 50 87 94 41 17 48 8 31 6 37 87 90 7 20 76 82 15 89 19 43 69 63 0 89 62 95 72 95 4 85 68 42 20 71 7 17 6 64 58 86 84 46 90 16 43 82 17 91 40 86 86 93 34 55 72 22 61 69 26 22 2 27 10 2 36 6 32 6 26 63 63 17 65 42 25 91 100 33 35 43 67 8 64 8 95 25 27 81 81 89 74 85 75 100 85 76 79 17 40 2 93 61 75 32 23 84 19 65 97 49 57 8 57 31 84 98 48 40 22 37 61 77 68 66 14 22 61 62 18 81 19 30 55 47 90 78 61 19 33 81 37 34 59 19 91 84 11 3 37 20 70 8 46 59 74 42 26 75 68 94 75 86 38 46 77 11 38 98 13 51 67 97 25 35 80 40 53 44 69 
16 32 85 86 33 27 11 75 95 33 20 90 88 96 43 36 15 62 60 43 2 57 31 82 54 84 77 79 93 20 53 79 9 9 50 15 71 30 64 24 50 35 16 88 97 35 4 54 70 80 22 54 2 100 37 89 89 18 78 59 1 43 75 5 20 14 23 70 81 65 41 19 56 75 22 10 16 67 49 48 60 46 61 85 39 92 58 82 42 61 52 62 59 4 12 53 4 86 56 71 62 3 95 23 28 23 33 63 60 91 79 48 100 29 8 18 43 29 100 44 14 69 63 28 1 34 73 73 63 29 22 31 10 84 52 52 68 96 9 2 82 3 70 10 85 43 73 4 41 49 24 99 9 85 6 7 56 7 27 69 98 8 88 8 38 20 17 38 13 8 90 27 3 99 25 36 88 66 57 17 41 44 17 87 65 16 89 43 39 62 95 60 28 42 77 90 15 51 72 49 75 7 89 60 12 42 46 20 98 58 69 25 35 99 67 59 27 8 12 90 88 28 40 50 6 32 36 96 82 64 71 69 33 84 29 99 36 80 19 84 95 25 21 24 46 36 33 87 56 84 14 79 79 25 77 100 55 34 59 32 61 55 24 94 83 65 56 85 43 31 11 5 52 52 83 58 50 46 96 47 7 34 17 88 61 61 6 78 10 38 48 43 65 51 6 66 68 6 74 6 
62 66 98 65 52 91 1 92 60 95 88 0 90 73 93 94 20 5 65 6 23 23 10 60 32 2 0 74 20 77 36 92 84 53 72 64 27 32 2 43 90 68 75 79 8 97 42 67 29 77 14 20 38 6 47 90 30 21 59 61 37 14 50 2 74 32 75 36 28 66 4 47 26 24 93 59 28 84 22 55 33 57 67 82 23 74 3 46 26 39 43 6 26 32 64 19 100 82 57 98 79 47 73 74 27 54 13 100 31 73 25 62 40 24 51 26 63 60 1 35 25 33 77 58 89 26 99 61 100 82 44 60 91 10 74 23 47 97 95 9 53 46 72 60 41 92 38 65 58 10 1 33 87 57 7 16 30 40 87 58 20 18 51 63 27 52 38 97 17 47 34 78 13 46 92 1 100 72 88 34 73 65 99 65 22 94 9 98 0 11 9 83 84 13 58 60 51 49 77 56 44 99 15 40 82 5 46 97 41 39 49 58 3 81 92 7 55 57 36 59 22 85 19 80 14 37 91 55 6 28 55 76 69 45 37 17 17 6 5 25 82 87 79 74 5 23 21 79 19 5 82 39 25 12 99 32 8 65 30 58 52 44 1 48 57 10 61 15 59 63 67 25 29 23 59 79 63 9 36 95 62 81 40 55 88 80 9 70 84 10 21 61 53 64 84 46 67 93 64 96 
86 54 29 15 36 12 76 66 33 99 60 93 19 90 54 100 56 70 70 68 59 97 89 92 34 81 75 82 77 12 17 84 38 36 67 46 61 51 91 68 59 75 34 49 30 54 89 81 100 73 28 85 64 16 45 29 20 19 69 81 58 62 14 88 32 16 45 93 24 14 20 23 94 59 65 84 27 2 83 51 0 93 14 76 17 3 58 86 23 28 85 20 58 9 8 40 92 79 85 38 75 77 4 95 18 59 9 56 8 31 40 52 56 48 96 92 95 99 12 58 12 22 96 72 74 56 65 54 12 43 58 8 76 88 85 68 86 38 32 69 43 0 57 85 35 9 54 23 100 42 66 5 36 96 96 10 15 29 49 74 9 56 63 34 55 84 11 78 96 35 82 21 9 13 96 13 83 67 30 35 48 36 37 99 49 17 16 98 93 63 11 31 75 12 27 21 0 12 40 93 89 79 48 4 93 66 81 11 12 88 88 0 14 33 79 1 25 11 75 94 30 40 39 54 32 100 39 15 37 61 49 53 6 35 95 18 41 95 35 45 16 76 28 13 36 62 74 59 49 31 71 77 85 33 97 87 49 95 87 14 54 77 36 9 95 22 98 17 56 72 92 61 60 42 9 67 68 86 53 22 73 95 83 98 87 3 47 36 63 83 20 89 89 99 49 84 83 45 26 68 
77 32 54 67 54 51 62 22 49 62 81 33 16 87 15 39 9 22 66 96 72 18 35 91 17 15 84 60 34 100 52 59 90 96 4 99 62 78 76 45 52 2 32 37 12 55 44 100 57 54 26 34 15 64 30 11 80 8 58 43 89 73 67 54 57 71 55 37 3 48 9 72 66 51 83 75 21 19 15 78 1 19 60 86 13 58 87 61 85 23 44 52 42 28 62 40 60 65 16 74 68 25 10 40 81 55 92 78 72 88 89 32 71 20 19 3 92 43 39 59 9 45 100 75 69 63 65 19 95 22 19 39 73 80 90 45 31 65 10 8 83 3 9 84 8 98 32 18 83 39 89 100 85 96 93 5 20 87 81 43 14 82 39 10 38 95 43 76 32 4 26 65 6 31 51 45 80 84 76 99 10 99 81 62 54 86 77 58 19 81 9 25 49 32 97 9 29 41 24 1 96 21 85 97 22 70 21 88 13 26 84 87 75 1 45 86 39 81 98 42 77 59 21 5 83 23 41 65 97 90 26 41 59 3 54 69 13 12 78 10 51 83 14 4 13 19 70 78 63 13 80 82 75 18 95 22 85 30 66 59 56 53 64 45 73 72 0 22 46 15 93 28 78 63 5 26 71 25 61 92 95 59 76 1 17 25 31 90 46 18 88 87 7 40 15 82 82 25 99 15 
5 45 40 61 19 5 74 11 62 0 91 88 20 75 58 41 74 30 85 44 33 88 42 26 19 39 61 99 90 40 21 23 90 70 28 30 14 83 24 50 27 87 79 40 16 17 0 37 65 14 98 63 96 45 67 99 14 62 34 61 83 6 40 27 85 68 13 64 60 35 77 61 0 7 73 6 81 66 96 77 13 32 22 51 93 51 51 91 73 7 90 59 54 69 1 19 52 99 67 50 64 47 80 6 17 41 57 22 36 36 30 37 88 8 74 53 93 89 44 21 21 7 11 92 82 24 72 72 49 18 88 62 82 53 34 86 74 38 53 82 47 89 1 42 61 61 58 41 57 39 65 21 83 65 4 8 10 81 96 37 62 65 50 9 2 81 20 26 39 29 53 35 23 63 21 25 12 75 21 17 19 48 28 74 2 22 0 17 39 21 81 27 78 58 15 99 86 53 1 80 79 51 2 84 75 35 22 82 28 51 76 70 5 1 81 67 60 31 58 96 38 11 80 88 78 65 67 58 32 3 84 30 33 97 91 1 76 56 3 80 46 93 55 68 13 31 7 31 93 42 98 31 14 29 6 6 47 29 13 77 17 69 60 44 73 86 72 76 62 6 16 33 45 62 60 28 37 41 67 62 7 1 60 76 73 68 30 46 11 83 33 20 86 92 23 61 24 80 35 77 
59 79 29 16 55 58 96 33 88 45 98 57 47 60 2 53 82 96 86 24 25 20 39 49 66 26 84 46 74 62 16 48 91 93 5 8 33 46 38 10 15 61 35 16 32 35 56 59 17 44 51 78 88 54 36 37 68 69 7 50 3 15 82 25 13 28 31 6 69 50 65 37 55 59 37 53 61 55 28 67 99 7 26 39 57 58 87 62 49 79 64 68 90 68 28 15 11 56 42 57 63 30 10 33 1 4 48 18 70 98 91 6 42 42 93 75 21 59 72 100 31 34 1 6 47 79 96 5 80 36 78 53 40 89 80 61 8 13 53 35 52 90 81 72 32 43 16 77 72 16 15 69 51 99 62 61 76 16 65 38 52 41 76 29 61 75 88 41 87 75 38 51 10 34 60 71 36 55 47 3 53 63 74 41 63 51 97 8 75 62 69 59 87 35 58 37 87 30 47 97 93 18 86 20 66 37 54 100 82 71 36 49 94 86 54 50 78 59 54 9 32 47 43 91 59 52 63 12 19 34 51 35 36 93 10 18 39 64 64 17 29 76 5 36 45 44 82 51 45 5 2 100 86 20 22 80 27 42 73 68 79 61 45 20 86 99 41 9 80 85 19 27 53 5 44 62 22 95 23 36 66 96 44 100 56 92 73 68 72 13 41 19 97 66 75 7 17 15 80 24 
16 11 99 8 18 5 55 2 6 4 92 86 10 2 80 17 2 4 4 51 77 100 92 72 9 78 92 30 5 5 95 88 58 88 36 54 10 97 83 10 59 28 16 43 91 89 0 29 82 36 14 20 36 0 99 9 20 83 81 80 48 96 64 36 95 69 90 21 99 55 0 80 100 58 37 17 6 25 43 80 50 53 50 87 90 17 33 91 89 51 81 5 10 89 77 75 61 99 76 99 2 94 17 83 38 19 100 27 94 10 40 93 11 33 21 89 69 2 11 33 79 47 23 74 38 82 28 0 71 96 22 89 40 9 45 82 29 58 43 15 58 86 33 98 39 10 22 34 92 36 93 36 57 25 59 50 78 8 84 100 93 44 66 7 33 88 20 70 12 84 9 37 84 85 22 100 35 63 46 62 54 19 59 65 31 84 14 51 91 75 63 65 41 48 15 99 43 76 53 4 72 66 34 68 86 21 19 15 35 97 29 39 80 43 7 39 10 57 37 93 64 18 85 25 5 46 11 31 85 45 11 31 51 93 86 98 14 39 53 100 89 38 42 76 42 50 5 27 48 99 38 26 43 10 13 13 0 68 27 46 59 55 84 67 5 47 57 76 0 97 29 14 80 8 16 20 77 42 32 66 62 36 19 0 14 68 31 8 99 99 40 20 16 74 17 54 83 73 24 93 
55 16 22 36 1 36 74 65 52 84 4 28 70 80 91 86 12 8 32 44 72 71 59 72 1 8 86 25 1 78 48 42 55 67 86 86 44 54 41 31 100 25 29 34 4 38 1 69 63 81 69 66 46 32 77 80 77 4 5 86 6 73 54 92 91 5 39 68 48 34 31 11 17 66 22 18 64 73 31 31 34 83 61 31 40 41 70 48 5 77 91 39 47 51 72 28 92 75 96 61 34 86 34 30 39 55 62 42 6 66 15 99 7 53 28 92 37 47 37 40 52 13 93 87 60 55 47 93 8 95 71 84 53 73 36 70 68 28 98 77 76 19 7 37 27 68 53 28 66 74 51 13 85 32 63 58 33 56 37 23 72 72 36 44 96 24 87 6 93 16 67 60 75 56 77 83 63 96 63 76 47 0 83 78 49 58 40 27 75 99 71 1 66 88 74 19 12 9 61 96 32 83 68 98 39 12 76 11 83 60 95 19 5 38 29 36 20 9 80 12 29 74 42 97 89 71 81 82 18 68 56 33 75 24 0 69 78 70 46 64 90 11 89 50 54 66 92 66 61 93 10 28 9 1 26 1 30 36 29 34 90 6 31 68 16 22 95 71 24 76 42 73 74 51 94 97 58 91 23 91 50 4 14 64 43 9 80 78 66 94 41 34 20 36 22 51 46 6 55 86 
51 86 41 71 90 12 36 29 22 12 54 21 64 85 9 18 1 14 12 37 85 42 95 59 16 10 85 67 88 37 64 80 44 95 19 63 15 10 56 9 95 50 81 18 61 99 12 68 13 22 44 98 73 0 46 28 56 87 25 46 81 69 39 41 56 60 53 87 98 83 86 41 63 38 68 70 59 38 12 47 68 40 69 59 41 85 99 85 13 6 15 32 4 44 82 75 76 8 38 37 19 90 62 42 43 76 83 49 44 14 46 87 55 28 8 62 100 75 62 0 80 40 68 100 48 55 87 67 46 89 66 60 99 21 88 94 86 42 31 71 28 49 23 98 15 92 60 2 74 34 78 56 69 46 16 46 37 32 26 61 31 61 66 20 57 80 47 68 30 37 56 35 6 14 37 74 3 97 5 21 73 58 49 98 34 30 53 35 16 86 24 13 70 29 37 24 71 8 96 57 65 51 69 63 5 11 20 40 82 61 9 62 65 49 9 22 70 41 95 6 36 95 41 76 48 86 48 5 90 43 98 83 32 45 78 12 36 75 96 18 33 70 70 8 19 9 11 34 2 92 52 16 94 71 66 13 54 15 88 48 10 69 51 25 32 40 1 68 10 57 8 64 25 94 92 76 75 8 54 70 9 47 28 86 93 5 48 27 89 100 61 55 47 99 20 17 8 28 31 52 
12 15 69 20 87 39 34 87 59 57 9 89 15 47 3 57 51 74 16 87 22 74 49 3 68 2 20 82 55 23 59 77 12 63 32 44 34 48 71 85 50 79 61 83 81 96 27 87 99 52 96 61 29 20 37 32 26 26 43 91 64 13 40 79 62 57 14 23 47 66 66 68 30 48 44 91 38 93 36 20 22 2 100 85 100 82 20 12 18 33 89 8 13 93 14 77 5 8 89 15 73 51 51 27 25 8 46 1 40 26 8 28 41 100 8 62 12 55 49 96 67 84 26 8 3 12 100 40 3 32 71 16 73 76 13 95 38 89 15 96 100 75 99 44 89 71 44 64 1 0 2 79 95 32 49 73 98 43 22 9 8 70 85 86 4 37 30 53 46 83 48 66 63 63 33 83 100 96 34 65 38 23 50 23 4 98 60 70 87 76 74 15 60 32 73 77 46 79 61 30 64 58 11 82 48 50 49 34 25 100 33 25 96 31 28 72 72 14 54 99 94 95 43 15 14 99 18 99 96 65 51 3 74 53 79 90 96 77 34 50 46 36 6 8 3 24 29 37 21 78 31 51 25 19 71 34 10 8 34 54 31 9 72 43 10 29 28 88 54 96 54 14 3 29 30 18 15 9 9 22 6 18 72 43 50 52 34 55 19 81 43 26 17 7 95 66 25 80 50 24 
31 24 1 16 9 46 42 40 95 62 98 91 22 15 25 25 19 14 44 33 72 42 62 31 27 63 61 16 73 39 45 17 39 92 76 86 41 48 92 88 65 40 10 7 12 78 63 25 9 70 93 82 51 1 71 89 5 21 41 52 91 1 19 0 98 44 84 50 20 97 24 1 67 79 23 37 47 3 31 79 10 48 86 0 65 98 49 61 6 16 59 55 12 37 22 6 61 100 89 62 8 18 41 62 59 5 52 44 74 72 3 68 100 34 90 89 13 48 28 45 28 28 45 46 39 90 90 50 68 35 91 46 85 38 2 20 60 86 28 4 30 78 86 11 18 27 15 80 49 88 86 12 31 0 67 9 48 97 82 22 52 1 97 14 29 88 44 29 5 48 35 57 47 0 33 20 40 26 75 62 98 43 98 87 91 63 86 19 37 12 23 25 81 18 69 56 16 51 87 92 73 77 68 34 53 86 27 13 49 76 48 6 46 96 85 34 50 72 100 88 6 57 46 72 89 14 66 8 71 31 84 24 36 56 58 2 49 75 56 35 68 53 9 45 30 74 61 16 7 44 85 61 39 90 92 41 24 56 43 10 17 22 99 46 3 74 50 12 25 52 78 39 56 39 26 99 38 80 79 32 85 21 56 76 45 50 38 40 94 2 97 32 83 5 26 85 95 34 91 10 
1 70 78 67 42 57 56 77 30 16 2 1 62 73 49 80 77 78 14 55 55 29 91 22 2 93 82 63 19 4 26 79 44 8 76 63 29 81 7 73 5 80 80 12 63 68 76 10 30 8 44 24 63 70 2 3 14 100 18 28 100 51 66 34 70 61 64 80 23 28 56 63 5 8 68 19 46 70 89 2 42 69 42 67 19 76 87 5 67 92 57 12 19 82 24 35 94 30 55 79 3 39 76 20 92 40 31 47 18 66 3 98 75 96 17 6 78 4 82 93 92 78 2 77 19 67 12 15 60 60 69 84 25 49 28 28 66 72 26 58 74 33 86 44 49 31 93 28 37 85 20 90 84 87 56 72 85 73 15 62 5 57 7 95 42 51 88 0 1 54 26 95 46 76 76 93 92 71 33 50 60 39 77 31 91 53 9 16 73 70 19 95 72 82 12 86 95 75 45 6 16 53 73 80 16 17 89 88 76 38 95 36 60 8 52 79 27 6 71 24 92 9 68 98 8 51 94 99 27 9 83 72 20 99 69 40 30 47 33 31 3 61 53 35 25 90 75 71 96 34 23 22 26 42 85 89 88 90 56 77 0 80 31 86 13 20 91 19 46 35 65 10 11 85 97 18 81 45 61 45 23 92 68 78 88 70 31 96 27 35 12 54 76 22 10 10 24 90 18 82 
51 23 70 89 33 18 94 77 66 12 24 12 35 54 68 16 57 19 97 2 95 1 34 55 30 47 39 62 84 25 50 12 80 92 22 2 37 1 20 12 21 81 52 96 1 60 88 16 62 35 21 8 63 43 15 34 35 37 40 43 70 12 42 26 53 21 11 79 75 37 6 16 6 23 2 72 83 90 44 15 20 58 43 98 81 97 89 41 94 80 27 27 21 37 55 80 8 10 98 80 9 90 5 22 9 39 15 82 57 75 38 37 90 80 80 54 97 92 43 42 56 81 77 41 81 40 98 71 66 8 53 56 8 77 67 99 48 49 80 37 94 37 1 79 53 34 34 54 47 47 50 65 85 18 6 71 45 61 44 1 32 5 89 65 63 96 81 48 67 30 48 79 37 47 93 60 75 37 100 42 29 18 35 4 0 13 62 36 90 32 15 63 65 85 56 55 26 8 53 87 96 66 69 75 26 9 95 40 56 68 64 21 58 91 81 44 39 96 33 19 65 28 84 35 22 0 14 17 14 49 100 63 45 33 22 82 10 52 99 36 75 75 97 48 46 36 18 71 47 75 35 9 4 94 96 37 73 19 38 75 33 93 58 90 95 20 58 94 66 1 12 37 15 82 13 17 13 74 75 98 6 18 86 31 19 39 56 21 57 60 41 29 45 28 10 12 29 74 80 56 
82 45 74 32 84 86 24 78 40 77 91 73 40 4 18 23 28 43 8 59 4 35 54 37 19 78 27 82 15 7 70 60 8 31 20 21 82 77 57 24 31 67 36 49 69 65 70 52 34 88 48 95 59 87 0 8 90 74 54 61 61 55 24 100 40 4 33 0 17 37 98 100 29 80 45 72 72 50 76 43 74 92 34 72 12 81 21 22 73 50 35 66 24 23 45 46 53 96 87 17 70 92 36 30 82 60 88 48 69 47 69 60 6 68 5 12 40 80 84 44 16 34 98 28 71 68 88 79 49 25 72 40 73 93 23 25 65 41 60 52 82 36 77 91 100 4 33 78 89 0 1 6 52 2 42 19 78 15 58 63 82 2 98 4 45 77 64 28 69 32 9 11 25 83 36 48 0 74 36 36 13 80 96 78 44 75 12 63 32 79 39 34 40 63 23 53 65 43 37 69 61 12 39 67 11 59 95 42 17 54 22 38 70 1 55 58 99 73 67 76 67 0 33 21 68 61 99 5 61 18 59 10 62 50 22 91 9 92 74 81 43 9 52 86 66 13 82 28 48 7 45 91 1 8 75 31 53 92 63 75 28 26 65 18 22 46 65 35 25 25 46 65 1 60 70 56 42 87 72 80 22 7 16 96 21 7 12 43 4 15 15 78 99 100 33 25 11 5 84 30 
81 38 94 18 0 100 8 23 31 1 69 10 46 47 43 55 90 3 50 94 52 58 8 65 95 37 80 77 68 79 76 8 41 45 47 48 35 44 54 64 73 1 26 85 25 17 63 29 93 60 80 10 6 22 11 10 9 38 3 66 36 91 4 45 4 7 16 16 38 17 3 9 79 16 7 43 5 36 89 96 18 32 81 81 80 85 14 25 49 5 36 77 67 90 55 29 21 55 32 73 35 39 24 27 21 90 73 14 27 19 99 80 52 31 97 93 69 59 29 60 93 85 6 2 32 83 42 85 13 73 66 80 65 55 36 43 47 79 86 5 24 65 64 0 84 78 6 54 6 51 65 2 63 16 43 47 0 84 63 42 42 86 95 85 90 1 89 64 3 30 1 47 62 50 82 11 53 25 77 18 39 4 60 50 54 3 54 27 60 98 39 76 36 7 16 37 91 36 88 52 4 62 38 13 98 96 98 97 68 42 28 100 12 27 83 99 97 76 63 10 90 63 98 69 23 27 11 23 70 92 70 70 26 3 4 72 91 25 25 1 94 67 16 22 89 63 89 24 91 2 0 69 69 80 95 38 100 14 1 59 24 99 61 59 92 0 17 75 94 3 66 82 42 44 4 61 31 45 54 36 3 34 26 4 10 0 72 19 88 82 18 88 85 11 35 44 66 97 13 5 
96 23 16 1 61 4 5 100 50 36 80 69 87 26 37 33 45 99 19 88 100 23 92 12 39 21 82 86 22 77 86 26 39 25 76 7 60 47 73 51 17 96 80 2 54 96 97 79 50 63 57 59 70 72 83 63 8 2 25 4 28 12 34 67 52 81 12 33 17 66 96 7 80 38 59 79 38 65 54 41 98 18 26 10 56 36 84 8 18 62 48 78 31 63 22 99 65 2 2 87 59 22 46 41 22 35 8 40 30 65 7 82 64 30 79 62 22 66 36 18 39 40 15 83 80 70 47 3 49 92 48 72 26 96 4 9 22 72 38 46 97 78 9 43 67 50 31 92 37 51 61 38 69 52 87 81 56 0 50 61 48 43 48 17 22 60 47 27 69 97 30 24 41 54 10 36 69 2 3 100 22 51 88 17 57 63 79 2 92 88 41 28 10 10 38 12 87 85 85 45 66 55 98 13 53 81 39 18 89 46 62 90 20 21 59 23 61 9 95 37 8 34 60 28 67 69 32 41 8 81 44 37 21 44 56 65 54 86 68 26 21 38 25 64 55 59 93 58 26 66 99 45 85 15 59 17 83 35 32 8 11 40 19 61 84 2 29 55 75 28 31 8 39 79 68 11 16 5 33 35 46 5 59 90 30 99 70 17 95 48 72 15 39 22 26 28 78 72 25 21 
98 47 52 57 65 12 80 74 49 63 34 42 33 77 71 4 44 25 16 84 45 27 14 86 73 1 71 15 39 20 69 14 23 7 68 61 33 44 97 78 7 98 53 20 91 73 12 3 30 13 93 100 72 28 45 15 18 42 9 83 23 94 31 76 82 82 46 31 57 54 42 41 69 45 65 22 79 23 89 58 3 85 27 25 86 77 88 33 96 76 8 49 53 7 95 13 78 52 6 8 69 86 25 69 74 49 63 76 22 48 39 52 91 50 97 2 4 65 30 32 36 49 96 19 52 32 98 55 85 79 100 6 48 96 19 74 77 14 51 25 4 43 93 71 2 83 50 3 30 26 49 38 66 25 84 53 7 12 8 65 13 32 66 39 76 40 28 53 0 40 90 72 97 32 93 100 34 0 30 69 6 46 15 7 59 44 34 100 98 3 5 92 36 22 82 30 20 96 16 11 83 45 0 61 39 30 64 29 16 15 39 56 55 38 41 54 82 87 96 23 97 4 66 40 56 100 10 86 30 100 65 34 17 24 55 74 13 23 57 12 97 30 15 89 88 13 90 9 61 3 23 62 22 32 37 24 35 2 71 64 6 99 48 26 61 29 22 93 28 89 28 50 13 99 72 38 68 46 32 21 25 73 50 91 76 74 30 14 53 25 51 86 52 7 10 73 2 38 95 12 
86 73 41 16 70 99 93 41 58 99 20 90 34 82 94 56 3 87 19 93 31 60 72 22 77 17 59 17 66 65 28 93 74 26 21 54 2 47 86 13 83 14 39 0 44 33 92 82 14 5 42 39 89 91 26 96 32 99 11 74 7 97 3 35 67 2 23 29 18 47 44 29 29 52 10 94 95 11 100 21 61 53 34 99 29 73 42 13 65 29 33 47 51 49 4 77 6 57 2 16 87 37 13 17 83 93 40 50 41 82 23 4 98 15 97 25 64 98 63 77 27 50 79 27 35 75 83 79 60 64 91 15 39 76 65 63 46 56 5 16 74 62 55 52 62 43 81 24 40 59 62 36 72 46 58 38 53 26 3 14 42 69 75 95 7 99 79 28 57 87 83 29 3 10 27 51 76 93 37 31 31 85 62 66 64 59 8 30 50 26 89 64 66 86 64 59 27 74 20 73 6 100 63 51 32 68 73 46 90 52 92 87 17 44 13 57 34 44 39 87 18 96 27 48 3 9 77 33 97 2 19 18 63 84 55 48 5 64 26 34 71 12 6 77 88 72 93 58 100 16 93 2 24 5 62 48 42 42 52 19 1 22 27 100 82 27 98 42 29 91 65 69 56 68 30 77 67 67 57 47 21 57 94 27 34 68 59 59 91 6 34 29 78 90 25 56 67 15 88 29 
99 78 54 100 88 13 71 87 94 10 91 45 78 11 18 8 2 16 11 35 95 29 18 86 6 24 73 69 14 97 81 19 99 2 70 46 72 54 30 63 21 25 19 65 52 13 90 80 64 38 51 92 40 36 71 88 65 36 48 32 98 98 2 0 79 9 20 98 32 40 69 92 57 90 72 83 51 77 72 10 11 66 47 96 12 17 15 84 67 100 17 5 70 45 43 5 59 97 55 52 6 86 55 13 48 62 24 87 97 86 43 15 96 98 4 86 22 46 67 47 84 24 32 18 55 12 55 83 100 36 95 100 62 33 21 76 8 48 7 52 5 53 6 55 14 70 29 26 0 38 75 100 83 48 95 51 66 11 96 62 33 76 32 94 33 63 53 95 95 0 68 16 81 31 14 43 86 45 97 70 20 44 66 5 6 88 44 96 37 17 92 66 29 42 94 56 73 53 71 89 36 52 79 64 63 3 44 69 59 48 62 78 20 62 100 48 94 88 61 10 66 47 18 43 68 55 32 10 77 12 40 36 69 28 10 14 76 69 17 19 23 99 46 11 53 61 26 39 77 55 90 9 34 31 77 23 17 10 93 61 20 63 33 24 55 93 5 84 41 12 60 51 24 60 75 60 89 22 1 25 73 26 17 45 94 69 77 38 18 47 58 40 12 87 3 63 25 14 76 0 
82 99 85 27 6 85 34 51 55 86 96 39 81 95 72 45 2 9 44 83 12 86 11 92 45 10 8 19 76 22 95 23 100 26 55 54 98 54 72 82 11 82 15 74 80 9 13 16 65 92 46 30 70 17 22 52 36 17 64 73 34 23 38 92 73 64 27 4 60 84 92 10 27 36 27 48 92 81 17 73 51 15 34 65 51 64 8 88 4 6 57 41 46 5 1 20 16 11 25 83 100 72 43 82 11 55 88 33 93 48 27 40 72 80 94 32 94 28 18 28 62 30 67 50 36 39 59 63 79 67 85 88 87 12 21 6 61 26 1 47 37 80 36 84 66 38 58 82 3 58 84 100 7 77 18 32 94 19 29 56 54 73 95 19 3 94 38 22 14 60 96 42 56 92 71 24 62 66 53 57 34 51 24 53 23 72 15 82 15 9 16 88 95 26 54 36 63 19 17 95 77 44 62 22 12 55 82 77 53 65 82 11 41 74 37 16 95 13 87 69 64 16 88 52 48 39 81 23 81 10 79 98 47 56 7 34 55 43 2 6 91 33 54 66 36 97 28 29 97 88 71 97 2 88 85 68 35 80 12 72 72 5 50 71 17 78 52 0 68 59 20 47 94 12 83 49 70 29 4 55 7 97 22 94 16 72 46 47 56 37 91 47 17 41 44 44 90 80 15 10 
94 45 29 22 14 51 64 53 87 88 63 42 35 52 46 96 71 81 91 16 10 57 68 82 75 72 90 58 29 82 37 80 88 72 82 38 79 44 30 12 80 37 31 53 51 98 99 91 2 31 13 30 44 45 78 21 98 69 28 23 4 100 36 46 10 95 75 58 18 42 50 87 74 70 58 53 95 79 36 56 58 64 64 56 74 71 97 9 91 47 93 48 73 33 48 38 42 57 71 30 6 18 81 54 82 73 18 20 8 69 82 25 90 72 61 66 69 29 45 98 4 5 78 81 26 71 64 27 54 59 41 5 50 76 70 27 76 15 41 78 86 47 37 18 18 97 91 53 11 48 82 75 7 16 28 6 73 40 3 71 51 21 71 72 6 89 75 53 43 40 70 93 60 19 19 48 77 45 0 71 9 30 31 64 34 70 61 10 50 43 38 88 37 59 91 86 45 59 58 51 90 26 31 65 98 87 55 76 64 68 59 39 1 46 92 2 89 96 85 9 36 5 50 28 37 48 1 83 32 64 34 54 18 17 31 1 100 75 15 24 7 61 30 41 52 88 13 96 84 49 98 7 66 66 11 96 31 4 99 42 37 54 71 26 59 77 33 52 48 43 23 58 63 3 1 79 29 83 6 2 68 53 39 100 22 74 91 34 54 25 56 23 99 73 25 79 100 57 13 51 
43 93 68 54 72 18 85 89 89 88 63 71 72 4 29 39 18 67 78 15 97 10 0 56 6 38 51 87 6 5 100 29 4 45 66 64 58 92 0 89 16 54 35 81 22 85 89 3 93 10 69 66 53 11 82 81 18 69 84 4 91 33 93 79 11 61 64 34 65 17 25 41 94 13 99 94 65 6 74 70 77 26 84 33 41 10 39 83 48 77 41 61 78 82 47 8 69 97 15 5 74 70 58 64 25 6 82 80 13 86 58 35 96 66 37 86 26 29 81 32 15 5 95 65 10 17 77 79 66 46 76 94 75 52 30 49 19 38 62 19 68 96 0 8 4 82 23 66 14 51 21 35 60 57 31 45 19 8 66 54 71 35 63 42 62 16 68 3 85 51 22 19 98 59 42 96 1 2 34 50 68 46 48 47 27 26 98 79 73 82 19 68 10 22 7 35 2 21 65 83 67 59 11 6 78 27 74 32 68 13 48 57 78 41 48 37 31 48 55 3 13 74 58 5 95 86 17 62 19 26 90 46 16 21 93 35 22 82 29 74 0 66 93 85 79 90 78 64 88 15 0 70 87 27 6 88 64 52 36 2 4 15 98 49 20 55 5 18 68 69 38 44 40 31 20 5 61 76 46 100 25 14 92 78 71 0 40 93 23 6 2 24 0 61 27 1 76 41 46 57 
46 98 25 89 18 32 98 27 77 36 75 52 12 69 33 34 66 19 90 93 36 78 75 97 44 54 12 33 30 92 45 91 64 59 19 41 66 61 7 96 83 39 84 18 68 83 3 49 18 97 51 100 42 28 52 16 60 8 92 70 99 54 56 45 74 74 41 70 78 54 53 91 37 70 73 33 16 90 12 11 9 14 61 80 88 50 80 75 61 94 71 71 8 100 67 2 97 69 50 47 8 41 36 24 48 34 81 39 54 56 28 13 73 39 71 77 37 10 54 79 40 65 39 91 86 89 29 9 14 24 95 70 20 81 18 57 15 28 28 100 42 76 29 12 82 28 47 33 7 64 79 12 27 22 5 68 29 28 27 69 92 36 56 83 69 84 35 5 66 95 13 55 82 68 67 66 87 80 8 1 60 5 43 48 99 41 47 32 95 11 57 77 49 95 41 82 76 86 28 85 8 86 28 16 22 21 66 38 43 86 50 43 14 49 68 59 50 78 46 100 66 29 1 13 12 64 22 45 4 0 83 56 58 8 61 46 85 70 2 77 25 52 46 75 97 19 83 42 1 25 87 8 25 76 52 16 57 18 1 3 8 42 13 7 100 12 73 63 68 89 77 1 48 24 87 27 55 84 19 45 60 18 79 18 78 99 15 85 63 40 54 74 5 45 42 98 44 20 93 12 
7 29 39 64 22 2 22 86 90 82 22 18 5 23 73 35 56 100 100 21 3 57 100 57 27 21 12 31 1 78 24 52 63 36 84 19 6 53 76 3 37 67 73 18 50 67 94 0 45 78 74 17 78 92 57 43 91 73 41 24 90 22 74 35 0 16 8 93 53 34 79 8 93 15 60 39 92 44 18 37 46 12 92 56 16 18 37 27 38 92 99 70 15 25 44 14 59 77 78 70 68 21 32 96 15 65 7 45 66 34 28 46 24 32 73 91 3 37 76 21 47 29 15 9 89 1 77 56 77 44 86 75 83 90 6 67 3 37 50 49 94 53 83 78 69 23 89 0 4 4 13 9 12 21 90 34 42 3 42 33 5 24 51 29 73 3 82 67 63 43 0 60 78 19 55 16 42 94 8 21 42 59 4 27 9 52 20 98 84 60 18 13 32 90 74 96 13 22 87 17 60 92 95 17 6 3 75 24 23 55 35 23 63 89 28 11 38 7 26 63 78 56 94 44 68 80 38 47 75 90 95 57 73 53 82 45 55 43 89 79 36 65 40 88 97 56 31 40 76 32 80 13 95 58 30 64 94 68 26 82 80 30 81 97 8 99 63 70 36 30 78 16 80 18 91 84 96 15 73 87 50 36 0 92 1 96 81 47 28 94 64 62 69 57 51 65 33 20 40 3 
3 59 16 79 61 97 46 4 90 31 47 13 82 19 64 52 43 18 38 13 65 66 3 49 78 53 80 51 63 5 5 10 96 83 22 29 69 21 31 50 68 32 59 61 88 89 51 31 30 9 67 5 73 2 62 74 50 3 3 94 38 98 93 91 92 22 2 5 5 93 65 79 19 23 51 51 50 47 54 19 10 81 16 5 72 47 85 12 49 17 89 67 1 71 60 75 17 68 25 50 17 68 4 15 78 22 21 41 38 64 42 38 26 7 42 67 32 77 52 70 79 0 29 72 49 23 39 39 65 44 37 67 99 1 32 57 79 34 91 35 41 61 75 56 86 24 39 82 93 70 14 46 25 54 87 16 2 92 75 47 29 11 46 30 3 10 94 2 88 54 54 36 60 34 64 33 35 78 71 99 24 70 29 86 36 21 3 29 42 39 1 43 76 42 50 29 68 78 39 39 69 1 91 16 6 72 49 93 30 27 55 57 23 26 60 23 30 40 54 33 62 30 88 35 55 34 14 75 38 78 33 63 37 80 26 56 87 28 4 31 66 48 17 48 65 42 17 76 79 24 93 4 90 37 96 76 82 8 54 44 55 65 71 61 60 5 80 13 52 38 95 84 58 46 14 98 19 84 79 61 62 10 32 91 7 100 49 89 40 80 42 93 55 41 87 100 50 57 54 54 
88 58 69 6 6 18 88 12 6 100 46 58 80 91 15 84 34 1 54 67 83 67 22 68 90 4 93 33 81 75 51 23 0 50 97 38 51 30 50 55 34 31 77 19 51 4 73 23 17 46 71 73 79 26 100 24 22 49 54 90 92 31 88 47 73 47 28 59 78 19 36 39 1 89 3 33 84 35 26 12 34 29 49 9 1 84 9 41 65 17 33 94 2 93 7 60 7 38 25 92 90 0 11 63 22 89 58 74 88 18 49 56 93 3 65 83 23 21 31 54 67 54 54 18 71 19 8 27 2 6 33 52 46 80 32 54 35 80 92 85 45 73 39 29 67 13 72 55 56 68 4 93 58 84 41 79 8 12 27 92 27 89 58 59 5 19 23 52 36 29 66 28 77 15 91 6 38 43 84 1 0 19 22 40 71 71 98 47 28 47 63 21 83 25 77 40 53 49 6 61 19 32 7 1 5 45 34 19 51 55 75 88 78 21 25 81 65 21 55 33 92 36 44 13 55 98 54 59 74 53 90 69 13 81 27 100 26 97 34 100 7 8 97 54 15 1 3 76 93 98 97 88 77 58 50 18 88 37 45 68 4 85 28 40 36 54 61 71 33 65 85 58 94 77 62 71 5 66 60 96 80 94 99 12 30 79 85 98 76 67 16 31 11 6 33 99 28 30 48 61 
41 15 28 57 68 97 37 58 75 20 38 81 84 56 45 85 72 64 28 94 93 89 88 22 23 29 25 6 24 31 59 82 100 95 66 96 22 3 71 30 82 53 7 38 90 34 58 36 24 23 81 97 97 20 6 90 7 48 16 84 85 34 5 99 23 66 26 89 3 90 23 22 95 57 99 95 83 63 77 100 67 76 74 61 75 82 96 80 98 14 36 20 21 13 33 90 26 45 54 34 8 41 23 78 86 2 93 1 50 24 87 66 35 57 18 43 78 6 82 17 78 1 64 27 91 61 64 90 59 72 19 3 44 28 27 39 48 76 17 56 92 26 92 85 12 88 32 46 98 14 42 78 13 20 37 76 91 50 8 71 46 71 44 82 71 57 83 71 27 97 61 22 47 26 54 87 6 26 72 24 92 94 15 33 36 17 30 97 38 71 62 86 88 95 21 74 72 96 10 60 9 14 58 44 20 2 18 25 5 15 5 50 49 93 58 28 31 31 19 36 1 96 74 4 65 6 56 84 70 74 96 92 32 11 84 74 92 41 81 88 33 20 58 54 56 7 38 54 9 0 14 77 16 79 23 56 27 48 39 26 17 74 7 81 58 7 1 7 93 8 39 45 93 30 85 47 77 17 13 33 69 2 76 22 74 85 62 97 90 94 30 61 62 4 11 93 1 47 84 12 
84 51 15 49 35 9 62 17 36 46 54 40 25 18 34 67 69 64 19 77 77 72 17 2 54 80 24 52 11 30 81 7 98 58 74 44 80 21 83 81 84 87 69 45 51 64 38 34 90 86 57 9 85 1 4 15 94 51 76 80 97 28 80 5 36 62 95 83 12 29 38 35 7 95 32 64 68 70 68 46 5 30 5 44 91 49 37 87 56 52 49 30 2 10 93 23 61 90 76 90 59 46 96 48 51 44 18 39 49 25 70 51 13 27 56 89 90 33 30 76 51 10 80 31 61 40 76 26 15 92 49 48 16 76 39 93 84 6 47 52 33 52 42 71 26 15 93 51 21 93 37 47 78 87 59 6 100 52 38 33 0 65 63 45 89 25 60 97 98 8 39 76 86 2 11 75 36 74 88 40 72 48 54 21 19 58 64 85 87 54 38 63 54 16 57 29 7 42 56 99 41 58 56 49 35 10 66 91 8 83 0 50 73 94 67 6 77 48 48 74 12 18 67 54 31 81 53 60 53 21 98 75 12 87 80 83 38 12 98 19 41 17 54 34 19 77 39 88 30 96 6 54 92 64 51 52 14 9 95 28 30 71 51 43 18 78 75 37 52 28 70 51 90 90 96 61 59 4 25 7 79 24 41 20 53 37 32 96 9 49 85 3 70 31 59 93 30 35 46 59 
52 87 72 0 63 25 43 92 95 16 52 54 85 33 93 93 69 49 76 8 4 91 9 7 65 41 85 98 60 22 36 56 56 26 15 26 39 30 29 60 41 51 3 99 95 54 28 88 57 53 35 98 25 14 100 96 71 63 86 55 29 9 62 11 16 82 11 78 81 36 20 66 3 65 73 93 71 84 94 63 47 15 100 65 27 20 69 9 87 22 1 69 80 30 32 44 86 26 49 35 38 100 23 1 27 71 4 93 52 61 52 86 91 91 55 55 88 86 39 75 89 39 64 17 17 47 52 68 43 6 54 31 56 40 84 61 17 78 100 3 53 51 0 74 72 62 28 84 19 64 79 47 93 86 45 16 9 7 54 55 0 95 95 60 85 16 48 29 66 78 5 7 85 44 4 4 13 59 66 56 40 36 62 73 4 11 81 54 93 4 60 95 34 85 62 70 70 72 50 91 43 70 13 45 35 96 68 25 6 30 15 53 51 31 7 65 14 28 34 75 90 67 47 71 57 2 20 82 3 88 26 93 11 80 62 38 40 98 67 76 82 54 32 64 59 54 14 15 82 23 47 0 17 16 69 30 94 26 13 98 63 72 84 82 63 1 93 100 23 59 51 91 91 17 21 0 45 96 12 31 63 99 93 36 5 91 46 7 57 13 30 13 49 75 62 57 61 38 93 5 
1 47 74 79 90 79 59 58 67 25 69 63 77 80 88 58 83 89 75 97 11 88 83 8 8 61 83 56 87 92 74 14 28 29 74 32 44 67 45 28 20 92 1 0 100 16 40 47 2 1 20 50 33 31 84 68 70 78 42 35 39 96 84 63 92 32 4 7 34 91 96 94 73 43 42 54 45 71 90 66 68 51 72 49 45 63 4 95 44 76 74 11 7 62 50 99 74 27 85 70 21 13 87 36 43 47 26 92 46 59 40 40 47 42 12 64 82 5 26 97 27 9 73 6 21 87 95 54 87 61 92 32 17 74 81 2 18 14 43 52 82 34 96 59 68 29 82 31 53 21 85 59 90 88 48 84 44 12 3 80 18 34 33 90 31 11 49 15 16 61 36 60 97 59 67 87 26 65 35 65 63 6 70 66 73 53 66 60 76 62 29 0 4 78 79 65 37 27 23 94 18 73 80 49 56 84 81 26 79 2 62 62 63 98 1 93 39 43 26 40 18 20 42 42 44 76 96 48 44 61 33 4 28 50 99 29 39 28 26 28 17 88 39 4 44 2 78 16 72 92 31 29 14 83 13 84 30 64 37 62 93 92 27 33 67 22 57 57 18 6 12 40 13 72 49 84 64 51 89 82 68 44 99 19 31 23 95 67 61 10 50 71 33 79 44 19 76 3 7 91 
80 40 55 27 24 62 70 62 2 73 76 52 55 74 11 56 94 11 85 78 21 76 34 64 87 74 41 97 75 51 75 93 94 62 63 30 63 24 78 11 63 26 70 57 87 82 63 78 71 0 7 38 43 37 16 25 42 52 64 47 81 91 6 21 35 47 70 48 74 62 8 96 74 0 1 27 25 17 100 6 2 87 37 15 70 36 64 18 70 16 29 45 0 26 18 90 91 49 47 79 43 89 80 10 87 88 30 75 63 62 100 46 23 25 81 53 74 29 66 26 73 100 63 35 80 21 65 59 59 98 8 85 95 5 11 72 38 81 7 51 77 26 47 57 0 77 59 23 25 6 25 39 28 42 61 7 57 6 20 92 79 93 6 5 84 41 3 76 76 38 51 66 47 11 42 99 97 37 83 95 61 38 8 39 36 2 92 100 27 99 86 74 0 97 2 30 78 48 70 21 81 66 51 67 95 35 33 71 58 36 79 36 50 24 10 36 59 50 82 14 93 30 91 61 84 81 94 0 58 64 35 71 85 25 49 45 86 41 44 0 78 63 18 51 56 84 88 86 15 80 70 0 41 63 19 1 17 44 3 1 86 73 59 22 10 53 52 82 82 46 62 17 50 28 28 38 80 14 97 93 20 39 51 29 8 41 28 63 20 57 16 1 40 72 68 72 41 56 64 23 
16 74 35 29 100 99 3 63 89 9 53 24 82 79 56 88 28 84 58 2 2 41 51 78 50 10 50 73 53 73 39 25 48 28 71 26 36 16 25 20 14 61 68 18 89 17 16 79 89 7 86 91 0 7 6 44 17 55 45 84 38 98 76 100 38 62 29 45 46 53 48 4 80 31 39 59 85 88 25 71 61 62 10 69 27 9 73 39 63 15 78 60 99 85 5 27 19 95 77 93 73 36 94 20 54 70 48 57 69 20 32 59 47 3 92 58 64 1 12 14 97 43 53 85 40 3 26 0 17 10 19 4 69 22 40 25 42 87 25 37 74 51 19 31 18 12 55 41 36 73 60 32 52 77 40 49 46 37 18 5 71 96 61 77 3 6 41 50 18 28 48 39 28 84 35 71 54 22 56 38 21 9 40 9 58 80 18 62 46 33 93 47 80 18 30 100 82 66 41 42 44 72 57 55 20 31 31 12 27 0 92 26 2 8 49 42 31 16 5 29 1 22 39 1 15 91 34 80 83 8 61 56 20 24 94 14 40 18 81 41 88 3 79 35 47 74 36 17 20 60 29 47 87 61 35 20 50 18 93 42 73 3 73 57 1 96 95 22 57 31 27 77 39 85 38 55 48 0 51 65 89 87 83 60 50 61 65 35 67 94 74 94 1 68 3 84 54 18 62 28 
47 35 27 89 16 27 60 30 34 31 16 9 4 64 99 78 93 62 7 96 3 49 21 21 64 92 24 73 58 15 41 40 88 59 74 84 1 91 17 32 93 18 27 29 11 87 33 73 86 34 9 1 90 3 6 56 24 90 14 72 84 89 71 47 88 70 1 96 6 28 78 58 65 88 39 49 47 13 78 80 9 48 25 4 33 31 38 9 66 37 87 91 57 15 73 73 11 21 97 62 60 20 0 46 93 33 15 42 74 8 1 94 90 72 64 32 23 84 89 35 85 82 72 9 64 81 81 24 63 93 78 93 24 41 9 100 24 68 9 5 80 3 47 75 12 33 2 44 68 0 48 28 93 9 4 10 89 10 50 97 47 76 8 17 43 27 87 28 1 62 96 51 52 10 76 7 11 15 98 1 82 68 47 24 16 72 2 30 33 37 89 16 77 67 81 86 88 37 29 16 89 0 43 3 63 60 9 18 34 46 57 5 22 36 82 14 90 19 2 92 27 71 1 28 45 23 26 69 14 22 8 86 89 73 23 87 23 43 87 74 22 70 56 16 64 38 38 33 52 93 25 53 32 23 38 43 38 79 79 49 83 57 89 59 82 64 57 100 19 43 86 50 55 73 76 21 83 61 32 0 23 97 58 37 26 47 8 31 15 36 23 54 70 53 2 87 31 5 49 57 
7 19 49 25 63 19 68 51 88 14 25 19 27 60 78 50 52 75 99 67 32 5 85 35 69 79 30 9 26 89 56 90 21 63 3 61 88 60 45 30 91 4 53 15 4 16 51 25 12 91 35 83 66 10 84 35 26 53 84 13 81 70 69 58 65 84 24 88 56 34 21 50 54 72 75 85 91 57 31 34 87 20 74 66 83 15 85 18 93 73 93 52 83 96 2 64 5 68 29 42 44 44 19 28 47 86 83 22 27 21 35 99 86 23 43 100 36 29 83 97 79 15 28 9 42 72 50 24 34 85 43 16 56 45 91 40 27 35 82 83 49 62 83 58 45 99 48 15 87 85 46 31 99 72 40 90 73 60 2 67 66 36 20 92 71 99 38 55 63 71 55 86 60 71 68 93 36 88 64 78 70 27 22 37 37 79 63 96 35 31 9 53 78 78 19 42 12 63 17 16 43 86 12 45 63 45 43 84 33 96 91 21 21 33 91 34 59 32 5 46 72 10 18 62 52 44 39 40 83 80 1 65 3 56 59 24 100 6 35 38 42 16 53 5 40 12 65 35 81 61 72 3 8 44 35 89 79 45 27 45 69 85 90 1 35 84 33 31 73 71 51 66 87 62 65 29 2 89 3 89 37 82 94 94 0 30 95 70 53 81 43 50 37 64 57 21 29 10 90 99 
68 76 30 97 65 15 81 98 3 50 41 19 53 3 45 39 86 89 71 35 82 87 83 61 5 59 41 51 95 47 12 75 37 41 69 92 36 15 16 6 0 77 28 91 27 77 60 35 81 89 85 28 11 100 18 59 83 83 50 97 68 49 24 77 23 51 18 37 32 65 8 15 85 59 45 7 4 70 46 81 47 19 21 8 65 94 55 16 16 65 63 13 73 87 81 97 66 83 32 96 44 9 63 51 96 78 11 83 1 80 15 31 32 82 5 91 22 55 52 44 32 85 52 17 2 71 4 88 7 99 61 90 51 64 39 77 60 97 59 92 65 93 51 97 98 55 50 76 78 94 68 40 19 69 88 19 9 53 10 92 9 66 20 17 54 11 32 32 91 50 66 5 71 100 33 17 32 65 27 3 91 71 34 19 3 83 73 74 89 53 55 69 10 53 98 65 71 57 27 67 17 82 75 74 50 85 99 24 50 75 59 59 90 92 71 70 99 53 18 32 11 11 46 12 70 96 6 5 53 18 36 13 92 84 47 100 46 10 98 46 19 72 44 18 80 66 13 37 85 59 80 9 4 40 41 91 64 87 65 85 67 95 67 68 52 52 89 28 70 49 92 27 45 84 35 49 26 69 22 18 12 65 74 92 63 94 8 53 18 92 73 82 86 91 58 27 1 6 84 21 
72 15 76 42 62 72 64 5 64 28 55 39 100 83 8 74 50 42 35 33 41 29 22 29 72 83 79 87 70 27 7 71 88 69 51 66 60 10 80 40 47 58 50 51 98 80 68 61 65 90 56 77 1 44 63 70 91 19 25 6 36 41 45 18 19 78 22 48 50 26 76 33 65 40 26 100 97 20 21 97 86 36 9 24 10 87 34 28 6 82 61 65 69 59 55 67 24 58 22 42 69 44 63 84 18 68 72 52 64 87 97 30 54 74 80 6 61 81 99 6 19 51 75 76 24 6 50 54 47 63 31 55 67 42 91 91 99 82 50 30 12 86 1 96 86 94 72 70 90 14 7 69 58 22 37 94 56 76 94 56 35 42 18 26 72 31 50 43 10 35 49 40 83 26 74 92 52 67 22 19 87 10 4 84 77 98 78 66 53 68 55 8 92 41 74 74 100 25 38 40 3 63 28 28 67 58 100 28 10 51 29 0 64 83 90 41 76 100 54 36 48 31 10 63 12 95 71 37 48 29 68 46 38 8 92 99 47 27 94 3 21 66 72 23 74 84 49 13 92 69 64 66 89 75 42 4 96 80 7 85 77 62 72 24 29 8 6 25 24 92 15 25 28 99 20 99 35 69 25 53 71 100 25 46 43 19 83 41 14 97 27 25 57 17 60 52 87 96 51 87 
96 49 18 77 53 52 20 4 49 14 13 40 24 14 2 36 20 85 92 79 81 99 32 88 18 41 64 59 81 51 68 71 60 97 53 41 99 88 94 87 20 29 71 63 57 54 64 40 60 1 10 74 37 58 3 32 82 95 82 53 44 86 79 81 30 15 45 23 68 47 70 36 60 51 48 22 62 69 42 3 17 85 52 28 80 27 30 31 45 14 35 22 22 58 47 8 62 85 21 7 78 42 47 45 88 54 81 90 23 86 66 38 47 90 61 13 47 9 1 59 93 53 44 86 55 0 10 19 63 36 62 70 19 29 51 26 37 98 15 81 31 88 79 26 99 64 26 82 64 46 48 85 92 18 95 19 19 44 12 71 26 80 48 90 29 30 56 24 73 59 82 10 20 90 73 66 17 57 97 67 34 7 54 52 17 59 29 19 11 97 59 69 75 31 31 14 95 66 40 62 0 64 10 27 77 44 64 5 54 6 59 27 53 85 81 96 57 94 91 98 69 10 66 16 100 40 39 22 8 16 78 72 70 31 77 43 55 36 14 85 3 76 67 79 63 96 44 85 59 59 33 65 17 93 8 46 19 16 72 95 85 57 82 3 83 63 70 53 21 68 95 33 52 37 100 41 40 32 33 58 16 27 75 15 100 15 77 50 87 23 75 25 87 30 93 6 64 71 87 45 
25 95 28 93 30 36 48 79 0 26 12 31 42 5 93 79 29 59 87 10 26 65 26 90 37 84 16 50 5 16 47 22 12 50 1 52 54 21 55 49 22 30 40 24 80 54 87 100 11 51 36 71 26 45 19 70 44 24 33 30 30 48 82 86 11 17 13 82 6 3 70 89 83 95 37 74 40 87 57 62 91 19 27 99 75 41 35 88 9 83 65 44 89 91 86 72 82 65 8 41 32 45 63 3 58 16 35 96 96 38 31 92 95 52 49 14 89 51 21 25 81 70 59 66 15 21 66 96 18 51 33 42 27 41 32 17 52 4 68 34 83 83 3 58 49 14 69 16 81 65 21 32 28 89 42 46 55 57 2 82 87 68 84 46 67 91 72 16 16 68 66 55 37 37 59 66 17 26 38 56 39 26 23 23 1 82 23 6 29 26 74 42 34 12 0 79 0 59 23 63 99 60 2 20 49 83 62 20 76 33 91 65 54 39 54 75 46 46 12 78 46 14 57 9 2 56 35 85 33 9 15 54 34 38 82 73 60 79 24 18 92 86 15 51 20 90 93 39 24 8 65 37 30 73 52 37 57 95 92 51 50 90 79 55 2 61 28 81 88 60 47 76 45 64 83 94 89 40 44 38 91 1 52 33 91 46 25 70 99 37 16 56 39 44 67 27 41 65 65 25 
38 74 42 40 85 27 66 63 94 50 39 8 42 23 5 31 31 48 47 40 81 85 56 71 34 67 32 56 35 45 28 10 48 80 15 23 75 13 25 100 69 74 73 68 58 41 97 97 94 43 61 56 17 17 11 13 78 55 36 43 26 29 69 41 83 70 27 79 20 10 15 87 28 19 18 47 60 58 56 5 47 100 42 1 81 27 57 93 12 96 67 2 62 18 59 23 2 77 14 62 6 65 30 12 62 39 7 29 48 41 9 64 73 100 26 4 98 2 87 46 6 18 90 67 71 34 70 83 98 7 35 38 10 73 11 79 51 21 42 22 49 76 80 96 96 69 38 26 87 66 23 58 100 19 25 17 99 18 88 59 45 12 4 44 75 93 3 15 69 48 31 19 65 10 62 37 45 36 73 93 54 40 94 31 1 25 70 89 20 16 0 8 78 40 28 21 74 38 92 40 95 3 0 24 90 43 3 85 97 16 46 49 64 48 56 0 78 48 65 1 4 89 25 73 22 24 79 52 17 74 81 55 24 94 57 94 71 4 8 28 11 65 87 48 91 32 98 36 66 72 47 45 37 45 7 60 94 40 41 17 64 67 52 65 48 48 19 81 23 56 28 88 65 89 95 100 88 54 72 98 27 53 83 70 14 61 88 50 32 99 20 53 63 80 68 64 98 13 99 59 
27 7 50 81 74 36 99 16 16 30 3 12 48 45 38 74 16 19 37 4 72 50 40 65 83 39 14 75 27 41 39 30 50 25 30 46 91 24 48 28 61 1 14 48 46 96 89 83 11 0 0 90 68 67 3 41 20 51 99 64 72 72 27 87 50 44 97 0 81 19 86 98 100 42 90 34 53 96 48 20 81 54 17 26 84 88 16 41 72 57 66 87 36 20 13 45 71 63 70 44 46 14 48 12 83 54 61 82 60 51 96 11 79 1 52 64 5 39 25 64 53 72 97 42 31 60 7 21 91 59 25 10 12 30 31 89 79 59 78 59 4 61 87 22 74 19 55 65 45 95 84 5 89 53 73 17 13 9 89 29 15 71 55 22 3 27 39 15 37 18 91 86 86 62 70 40 75 46 47 94 100 31 65 59 74 2 64 0 44 37 17 55 59 44 0 11 79 36 77 42 60 92 9 6 77 76 14 44 83 77 42 45 92 27 88 34 62 60 50 31 15 82 68 53 63 78 42 55 67 68 88 54 64 66 33 12 38 15 52 55 99 42 32 69 43 57 57 98 67 17 87 41 33 55 62 92 30 43 11 73 56 98 45 53 86 25 47 32 83 44 66 59 41 57 87 69 85 5 94 0 12 11 86 8 87 61 53 59 43 11 24 66 47 66 34 50 93 26 94 7 
74 27 74 27 47 90 3 36 65 61 58 79 55 83 40 63 63 52 100 22 36 50 58 74 58 87 64 1 72 100 66 97 70 42 5 71 79 28 18 45 10 74 71 89 53 71 19 8 45 39 3 23 91 97 97 100 41 10 53 41 53 3 31 51 85 17 33 52 76 18 45 78 86 30 40 27 17 79 23 27 64 58 98 30 45 88 0 16 28 6 75 13 97 61 3 43 39 50 83 65 45 36 53 32 28 32 60 10 85 81 82 49 76 48 2 5 8 93 29 78 29 31 80 38 32 15 95 28 85 68 48 88 9 17 90 71 7 23 48 75 56 28 31 10 89 33 17 92 45 8 24 95 87 25 66 28 54 76 16 57 25 51 75 99 94 50 88 84 23 15 59 78 32 91 18 43 54 41 51 9 76 66 59 99 23 57 56 71 28 6 58 17 32 74 12 30 46 26 27 65 83 16 54 27 0 60 92 41 2 72 8 22 18 92 24 25 40 8 45 41 14 31 14 67 5 82 76 94 30 22 60 29 38 16 23 82 49 4 47 73 50 53 91 17 52 39 63 38 57 32 60 63 77 41 34 15 17 82 89 44 63 73 9 100 34 39 20 86 39 37 4 68 52 49 40 44 79 26 66 0 88 9 25 94 29 33 56 33 66 57 73 40 32 2 52 15 95 80 95 13 
20 12 98 41 91 42 58 71 73 61 35 35 73 8 33 89 19 34 40 23 74 92 97 70 24 94 7 89 17 25 52 100 86 89 23 67 50 14 46 87 4 75 60 11 62 7 90 62 84 79 77 10 59 94 88 20 77 22 51 3 45 38 93 75 34 26 37 63 98 41 4 22 67 68 78 2 57 9 44 14 57 69 28 25 2 74 91 43 39 46 1 57 59 16 23 58 47 63 47 42 47 45 58 33 24 81 30 84 24 22 47 61 64 4 89 75 6 68 36 76 95 86 82 65 69 62 26 28 11 19 73 98 62 33 22 99 24 68 72 87 6 98 6 40 60 25 9 100 45 62 92 19 45 37 77 44 59 73 34 25 80 40 100 15 84 22 88 11 53 85 60 77 70 17 56 18 70 92 92 22 60 83 94 60 5 81 18 48 96 68 22 29 6 83 29 84 23 77 96 91 73 5 18 14 4 33 71 78 43 45 61 86 30 72 27 94 69 72 21 2 3 100 9 49 75 48 67 74 97 84 28 54 50 90 16 83 58 16 43 65 6 51 71 39 16 100 23 41 25 91 84 69 61 27 34 55 42 13 100 52 27 59 41 38 64 11 71 97 24 67 35 86 39 86 67 93 57 4 19 93 80 50 73 42 18 49 83 63 64 66 8 64 58 12 76 52 42 31 30 35 
54 90 90 82 38 47 0 71 75 91 63 77 61 100 83 8 59 65 62 93 62 15 88 61 72 78 89 44 74 8 94 51 75 86 69 70 93 1 74 31 32 49 7 89 37 52 78 8 24 85 45 76 18 92 78 3 37 29 92 53 36 69 48 74 24 68 69 96 68 10 16 32 1 50 64 56 81 91 85 35 21 75 29 74 68 98 54 7 9 46 37 93 49 22 88 6 29 11 82 91 63 91 26 63 59 14 60 8 16 96 57 38 83 70 75 93 84 92 84 36 86 67 27 20 25 29 39 38 33 46 74 72 53 19 33 5 89 38 84 81 54 86 22 24 84 6 20 18 59 21 27 59 66 57 35 68 22 43 65 52 85 60 50 22 83 31 49 79 61 4 29 13 42 3 71 64 5 100 22 42 87 7 80 2 88 50 26 70 14 14 17 48 90 49 98 38 80 76 15 5 86 99 17 17 7 50 93 67 16 50 80 14 42 53 81 74 25 17 80 19 59 66 7 73 38 50 12 24 46 1 41 63 99 4 69 27 30 29 83 71 67 92 24 59 37 85 48 16 80 47 72 11 97 65 46 13 83 82 6 83 13 29 33 60 65 59 71 39 72 1 25 63 13 73 33 98 77 18 96 95 17 86 39 45 65 26 84 46 90 59 62 65 20 14 99 20 20 24 7 16 
99 48 41 84 64 99 83 37 42 57 28 73 28 64 71 21 13 85 0 63 95 79 46 92 29 9 48 51 99 23 68 82 95 26 51 21 87 3 99 54 47 0 68 27 61 62 69 22 97 6 16 68 20 91 4 98 36 14 44 25 63 82 68 20 49 33 37 35 88 52 3 36 42 38 95 75 69 4 31 40 15 57 78 9 31 65 11 31 65 57 44 17 59 2 22 13 83 49 94 72 98 98 43 23 84 81 41 23 23 46 89 23 92 79 32 74 20 85 58 80 82 50 37 51 52 68 53 98 67 91 35 25 83 17 2 37 19 91 82 36 75 34 16 35 35 82 45 58 15 95 45 77 20 50 40 25 88 14 97 37 52 50 55 51 96 19 76 18 85 52 46 11 41 94 17 9 23 92 42 28 50 90 15 22 93 95 48 71 83 15 9 7 98 6 73 12 52 53 0 24 45 55 80 40 34 43 83 64 53 60 72 67 99 18 7 1 61 22 53 86 52 96 69 14 34 82 28 65 13 5 20 33 26 53 9 37 55 38 9 19 79 82 65 69 42 98 47 46 38 68 41 4 19 80 66 58 94 56 4 92 21 0 25 79 60 25 8 97 94 10 10 33 15 31 50 47 75 4 11 91 12 87 28 23 16 72 56 20 38 56 47 43 20 48 39 68 9 23 54 46 
7 13 96 86 42 24 36 31 62 59 85 28 2 70 19 79 89 80 23 58 51 61 66 52 1 25 75 30 75 71 65 53 56 37 20 26 52 28 79 28 80 69 13 56 51 24 82 36 75 4 78 62 26 58 33 78 0 74 8 92 36 10 8 48 3 14 65 18 0 27 60 44 9 40 0 6 67 59 1 1 26 77 93 57 72 98 94 14 74 31 26 57 8 27 55 47 23 93 74 26 50 82 59 100 72 70 57 61 76 83 83 47 29 32 18 84 3 23 53 70 12 20 1 92 15 47 55 60 43 63 25 57 13 13 60 1 74 51 35 6 35 46 95 5 31 13 13 79 62 62 33 41 92 45 38 27 51 68 4 25 78 12 35 88 44 13 91 89 61 8 19 77 35 16 20 49 90 24 43 63 24 63 21 38 26 4 0 66 47 63 99 32 59 97 2 8 26 48 60 64 54 40 26 97 55 57 14 31 45 86 47 45 7 33 91 97 35 25 97 40 97 13 89 27 61 96 81 92 72 69 32 77 50 90 43 79 100 96 71 48 67 2 82 89 86 29 14 80 2 32 92 90 34 38 51 47 53 52 74 24 8 33 22 68 81 45 74 21 7 62 93 1 90 51 6 91 57 72 25 32 11 55 64 28 22 10 21 88 0 68 96 26 54 53 30 24 45 66 68 44 
69 14 2 85 70 10 6 83 88 97 94 13 62 84 25 81 43 86 44 0 31 6 25 82 93 14 58 3 49 46 33 42 70 56 7 87 34 18 2 84 41 85 42 33 68 40 9 99 98 44 2 74 42 52 25 10 7 85 86 25 13 31 81 74 67 23 78 87 87 45 97 12 95 40 25 26 93 0 98 44 70 76 85 48 79 5 78 50 59 35 20 48 84 73 54 49 17 53 82 27 39 77 42 98 82 5 33 30 77 62 60 60 66 92 22 45 21 80 59 64 81 40 70 80 9 37 19 100 76 79 44 85 39 33 13 71 2 72 24 24 68 57 7 63 17 62 42 11 27 35 74 46 52 68 94 37 44 22 3 83 63 17 55 94 50 90 81 43 40 49 51 84 45 94 42 68 36 14 66 13 37 15 82 91 80 56 65 80 77 51 65 95 93 79 46 7 66 85 62 19 24 68 58 87 69 11 20 15 0 8 60 9 19 52 71 70 14 77 19 37 0 41 69 25 22 89 43 23 80 92 94 46 41 45 57 28 1 48 20 74 51 24 41 37 48 61 37 95 52 14 13 39 16 97 83 63 84 21 70 8 85 39 1 18 67 40 46 37 69 88 80 79 22 31 90 17 3 52 48 33 96 43 30 7 22 24 75 5 22 25 98 11 1 36 77 44 84 88 40 23 
64 29 35 38 12 6 71 32 60 23 98 43 48 85 41 75 44 88 16 5 81 51 15 9 45 40 60 68 99 61 19 55 13 98 16 0 90 7 92 21 8 33 32 49 24 91 12 15 47 22 54 7 9 6 95 12 12 25 12 35 22 77 1 13 49 99 92 46 18 88 30 5 39 83 18 49 55 89 0 8 66 35 95 76 4 58 7 59 68 82 48 3 19 20 21 8 96 0 95 93 18 96 17 42 27 48 40 66 89 34 96 88 67 60 32 61 25 55 0 79 96 59 62 67 86 93 78 38 67 32 79 6 68 38 35 12 4 92 10 40 75 60 46 6 77 19 66 27 66 89 91 8 0 41 13 75 62 72 69 41 53 6 40 93 57 0 50 38 54 88 0 20 49 48 41 82 41 79 10 97 90 29 21 11 43 68 56 49 27 24 39 96 80 15 86 16 97 55 38 1 4 24 39 35 38 14 38 51 80 77 32 20 97 78 21 32 24 43 68 9 86 36 70 14 12 47 2 12 61 13 27 94 45 29 5 19 44 71 8 95 56 86 47 71 63 20 34 63 18 0 76 68 66 35 38 77 21 70 94 10 11 87 5 99 87 54 69 51 7 26 52 15 60 17 34 80 92 26 14 79 96 99 87 82 88 78 20 38 5 59 89 2 13 66 72 17 51 85 53 13 
12 54 92 18 59 81 95 12 10 30 81 28 10 74 95 29 15 72 29 56 85 22 75 32 84 61 62 36 45 18 57 32 79 11 14 84 25 46 96 22 81 26 96 78 24 6 31 89 62 18 20 28 47 67 37 55 15 66 73 60 56 66 18 42 50 55 16 67 6 77 20 77 46 75 39 50 40 63 34 35 53 65 76 91 43 41 45 43 93 3 63 94 11 58 1 28 0 24 26 41 71 29 41 96 14 13 92 49 51 44 15 75 47 88 1 67 15 57 86 80 20 67 89 95 34 79 70 80 34 88 85 81 94 69 49 12 17 53 64 35 33 77 26 13 29 49 58 76 63 53 97 73 24 82 38 80 14 94 100 73 38 10 73 55 35 65 26 8 26 88 33 49 50 83 0 52 88 19 66 73 73 52 37 31 57 51 56 44 86 19 16 48 49 95 0 13 63 60 99 2 81 91 10 62 22 54 9 75 9 63 18 13 68 31 23 43 79 3 63 35 62 19 94 71 65 76 74 71 7 41 42 78 81 18 93 13 93 90 1 44 85 83 31 77 89 11 97 66 11 56 88 29 86 75 91 38 22 90 79 52 33 78 93 3 21 73 83 76 75 93 16 55 97 45 14 56 33 3 99 72 40 75 30 73 100 1 61 72 17 13 64 47 62 37 20 27 21 13 10 27 
46 53 0 71 16 39 66 79 65 26 61 21 74 97 7 29 6 91 19 37 89 54 74 100 27 94 89 60 96 18 5 65 90 24 47 49 85 9 88 8 15 32 28 50 84 12 47 77 26 10 56 27 29 13 30 83 4 62 31 9 60 5 18 47 2 16 20 88 0 37 23 74 16 92 76 67 51 77 23 6 43 34 3 66 61 30 39 50 66 74 22 17 59 59 31 16 48 76 7 16 34 20 57 90 12 67 84 96 48 89 83 17 13 74 84 70 25 47 47 15 11 71 87 31 56 55 97 44 9 46 10 5 26 97 55 74 81 100 30 100 62 14 62 63 60 10 55 26 99 21 10 25 62 56 51 86 83 40 27 91 65 37 74 95 22 80 51 95 75 69 68 55 21 98 28 95 48 92 75 91 46 15 86 89 69 15 30 49 61 41 56 75 23 51 88 23 15 24 48 6 84 39 56 33 32 12 84 78 48 97 0 43 39 33 14 82 82 93 12 22 95 77 0 6 21 1 52 81 10 30 60 12 4 34 77 9 2 38 10 28 50 33 41 16 69 95 8 18 1 40 56 90 50 66 53 24 1 24 57 93 81 11 75 34 47 88 42 70 97 12 12 33 20 99 41 45 66 22 21 11 87 68 56 37 15 24 38 13 18 97 82 81 86 87 89 70 25 36 33 31 
39 23 39 46 91 95 26 31 0 68 92 38 38 48 55 25 19 45 83 11 69 36 35 28 43 84 70 32 24 58 77 4 2 12 66 26 96 94 54 56 30 17 28 81 46 84 55 15 36 1 9 6 64 33 57 79 26 90 38 57 83 51 72 13 57 44 17 4 49 54 1 81 75 26 87 10 88 99 67 29 74 8 20 75 17 87 46 83 37 49 38 57 93 5 49 27 70 68 53 19 73 28 77 36 4 76 27 74 25 24 12 77 38 38 22 76 12 19 1 26 15 83 69 5 72 28 37 0 16 4 65 99 53 35 35 97 43 47 65 75 93 74 100 11 88 67 3 95 70 37 90 37 29 93 67 11 5 38 70 42 74 44 49 73 59 90 32 13 76 79 8 72 38 13 88 73 31 74 66 58 37 12 13 27 11 24 92 54 67 87 67 9 39 23 93 66 53 90 26 37 77 11 82 84 59 83 74 23 56 33 40 44 42 96 14 59 49 65 41 1 83 2 91 37 61 36 17 82 72 51 93 45 72 10 31 89 95 73 7 52 61 98 26 75 96 59 36 75 1 54 61 46 19 35 76 77 75 43 86 18 82 97 57 34 99 54 18 47 51 49 52 15 1 66 41 98 91 46 61 80 2 94 50 43 87 10 11 40 5 40 69 57 65 61 73 87 32 90 84 69 
42 74 67 62 95 4 9 21 53 93 91 76 23 34 84 1 22 100 50 79 80 39 31 92 58 76 42 57 85 41 42 74 45 29 63 9 78 79 71 22 97 79 52 15 46 3 64 44 5 13 51 40 23 98 42 52 94 16 61 70 18 48 77 11 38 93 72 73 87 58 4 72 32 68 95 15 23 42 55 58 40 91 17 62 9 51 97 4 72 2 66 71 98 20 2 64 34 14 24 78 4 93 6 35 94 50 6 35 0 77 73 34 29 2 35 52 53 62 36 97 28 2 62 88 69 98 68 55 65 28 13 43 21 64 62 50 89 98 76 79 25 57 82 1 88 72 97 68 90 82 84 38 57 88 18 90 99 19 46 69 97 23 32 49 79 60 23 83 54 59 8 67 23 1 79 76 1 59 52 23 90 51 30 97 86 71 97 51 36 40 26 7 79 52 31 10 41 40 5 4 76 10 2 24 90 64 50 20 60 36 10 13 7 56 100 35 29 88 82 76 0 78 78 67 97 18 48 19 45 22 62 28 21 21 14 50 15 21 99 59 44 64 47 45 83 30 97 24 0 43 22 16 18 0 56 23 77 89 41 5 21 66 79 82 35 31 9 94 19 47 17 36 58 8 98 98 91 78 34 86 88 29 62 16 9 69 42 38 60 45 46 9 94 76 67 39 25 1 43 60 
97 96 41 90 77 86 20 50 57 90 95 0 19 89 53 71 26 95 80 59 94 84 24 55 3 69 39 6 87 64 36 39 58 18 46 7 31 32 45 98 94 83 12 59 24 80 23 46 29 65 70 99 26 47 26 91 18 16 97 92 37 98 88 24 13 59 20 38 84 83 25 73 63 99 5 98 71 87 56 71 40 99 51 99 40 18 11 26 94 48 10 79 74 78 26 93 49 69 68 3 7 51 55 85 27 4 8 26 31 42 37 81 100 66 58 29 63 54 96 11 75 10 17 0 22 68 58 73 83 90 78 97 56 100 46 78 95 47 92 21 29 66 46 1 29 87 70 97 28 22 87 89 47 12 20 36 99 53 29 24 26 6 81 25 50 44 73 17 49 19 34 38 41 32 10 86 71 33 66 92 94 63 1 73 86 59 64 88 85 86 63 75 60 85 40 90 7 20 85 100 51 70 32 96 31 45 47 11 34 34 45 93 43 53 27 35 8 35 96 12 72 79 25 19 100 31 66 22 51 65 99 16 67 14 34 3 38 83 72 80 88 23 19 88 4 23 42 26 46 64 64 18 90 22 91 17 48 15 31 71 96 88 54 68 22 83 45 9 30 99 45 78 18 45 63 14 96 0 15 81 66 63 33 50 84 56 81 67 98 14 71 12 66 63 89 95 83 61 82 48 
49 98 87 15 82 20 38 48 18 6 98 51 87 10 16 75 57 67 26 16 90 100 3 5 99 27 8 22 59 3 40 96 5 82 76 54 50 94 58 50 20 28 38 39 7 85 95 83 38 88 64 84 45 85 68 38 16 87 31 8 28 72 33 80 76 81 1 7 20 49 27 83 4 22 92 92 14 49 13 18 77 86 58 66 70 65 42 10 28 97 73 76 21 52 56 79 52 30 21 76 80 45 3 56 65 85 78 28 94 15 31 80 78 73 26 53 99 48 73 88 56 27 65 93 84 29 69 54 39 36 49 87 32 59 67 59 84 92 48 38 32 78 93 86 88 41 48 47 30 44 96 6 36 76 69 30 24 71 27 71 70 62 19 7 66 65 26 16 0 20 88 54 66 98 50 52 66 43 87 39 80 72 73 33 32 38 52 9 18 61 89 75 61 93 4 29 21 28 57 91 19 51 96 18 0 54 4 90 0 32 67 82 39 32 69 32 45 47 74 93 57 20 33 95 71 50 94 32 25 16 42 69 36 64 87 44 25 39 17 74 61 46 83 79 18 42 9 59 2 91 88 57 46 12 86 53 81 99 54 17 17 9 33 74 61 95 51 1 8 15 34 54 50 70 95 35 18 81 64 79 36 68 25 8 1 28 82 94 69 92 82 3 71 32 59 21 73 19 18 23 
66 67 72 13 67 63 42 49 46 21 31 13 25 22 15 21 81 0 49 93 99 9 82 79 19 39 52 61 86 76 28 3 10 41 57 80 80 27 92 0 23 7 18 24 78 71 44 57 75 36 81 55 16 92 5 40 28 67 25 87 17 66 25 5 1 7 46 43 56 28 47 100 60 65 76 34 39 2 7 64 65 7 38 79 63 55 30 17 83 31 46 30 49 58 14 11 24 70 52 71 82 33 47 59 39 68 65 38 32 76 27 60 18 82 88 35 100 89 34 74 23 71 40 78 84 9 76 23 61 87 23 14 34 27 27 98 10 73 65 82 62 60 95 54 12 46 67 36 29 6 6 41 30 10 9 64 16 0 98 2 49 33 54 12 34 75 50 19 28 60 8 31 36 98 74 59 28 13 87 58 33 16 74 22 73 88 64 26 45 25 82 47 12 62 68 62 84 38 42 76 29 47 16 99 96 39 15 73 28 49 39 77 43 89 79 29 26 69 54 68 11 39 64 44 57 73 84 66 92 46 15 42 4 64 42 85 4 34 59 55 62 82 75 83 94 25 98 1 92 14 63 19 79 87 18 77 63 15 46 94 84 4 11 7 36 30 72 71 10 35 82 20 87 91 82 36 61 0 46 4 98 33 35 62 13 78 1 42 10 17 16 93 94 16 98 38 13 34 90 58 
56 97 70 19 39 41 71 8 35 95 32 94 44 33 22 65 6 29 87 30 91 71 23 43 31 84 50 73 91 19 51 100 46 49 89 23 80 13 20 7 15 42 49 84 65 78 32 39 89 66 38 7 45 63 73 12 32 72 72 19 3 37 1 70 0 36 61 81 10 86 24 53 16 55 46 26 9 95 81 73 52 54 43 10 43 66 67 93 36 94 55 5 50 81 13 64 23 7 39 67 28 12 97 13 15 61 45 44 43 75 72 30 62 19 62 47 47 74 13 32 50 60 17 87 75 22 71 79 72 29 24 86 65 10 54 9 65 52 76 35 76 38 8 52 60 28 69 4 72 23 10 97 23 48 48 42 46 15 69 62 79 19 87 26 5 0 18 86 83 5 83 45 68 9 73 68 47 49 26 63 44 87 22 37 60 58 69 57 52 94 69 68 98 23 44 48 64 49 66 3 31 98 54 44 14 69 92 29 20 24 94 2 84 24 71 12 84 77 47 39 64 16 68 90 79 28 84 1 32 17 71 74 25 83 51 42 99 35 51 6 40 79 88 55 97 43 38 73 82 8 51 33 48 78 51 23 77 61 65 25 17 84 75 67 98 7 19 36 76 100 49 40 77 92 72 60 59 25 65 74 73 16 93 8 56 13 99 3 79 12 99 2 48 51 7 9 83 54 16 62 
35 0 94 23 27 34 20 90 11 73 22 6 23 99 68 6 20 49 21 54 31 95 89 39 13 56 23 80 63 76 5 84 15 23 48 45 34 15 60 9 55 78 98 45 76 93 27 2 36 57 98 59 7 34 17 33 2 4 31 48 43 32 69 94 71 91 51 89 67 55 26 82 79 83 91 77 22 93 60 86 43 18 93 26 90 92 21 72 16 39 32 37 87 69 61 39 16 99 92 27 64 24 76 33 87 100 97 81 13 48 95 23 95 96 25 5 61 69 51 96 18 29 35 38 72 15 29 95 69 49 43 21 43 20 38 11 45 2 36 92 43 39 0 90 10 60 31 58 66 55 68 89 77 39 50 79 67 70 51 30 57 97 15 85 78 21 29 75 12 2 8 90 18 15 35 42 55 35 68 72 83 8 43 44 60 88 7 96 87 14 70 16 56 7 71 14 74 24 38 98 48 76 50 66 19 9 30 93 71 12 33 0 75 5 95 78 15 62 77 92 52 88 26 95 60 64 18 76 88 68 89 22 14 0 4 68 74 41 73 0 26 92 100 92 57 33 6 61 54 89 48 40 46 16 7 92 91 93 94 77 95 48 91 17 57 51 69 50 42 10 92 76 85 76 3 2 56 8 4 97 13 91 7 76 94 92 4 15 37 56 47 35 25 2 96 52 92 66 57 27 
1 95 44 29 67 78 72 5 48 72 69 2 14 62 53 43 18 60 67 65 42 9 95 10 26 83 97 82 100 54 94 72 20 90 18 3 92 34 52 91 16 77 2 95 86 60 17 19 50 10 92 5 82 68 43 81 28 64 83 18 73 17 97 64 88 99 6 66 56 30 25 36 79 99 23 14 86 24 77 3 70 92 72 34 24 8 1 81 31 33 5 36 99 7 90 55 89 13 5 18 61 65 0 74 100 29 18 42 65 65 65 47 55 52 57 100 97 31 65 17 28 34 92 82 42 3 65 78 37 20 9 59 71 78 33 28 58 39 42 93 52 54 89 73 69 72 21 79 94 0 68 65 82 15 53 66 30 24 8 46 99 84 81 35 50 16 63 68 7 46 76 64 12 74 60 93 46 3 55 70 44 32 11 81 71 36 12 1 65 41 1 54 19 49 87 69 66 22 87 68 29 11 48 7 68 56 19 16 72 20 39 68 60 27 82 51 46 89 0 93 72 92 5 32 76 27 48 90 74 69 51 39 84 29 54 90 51 88 45 21 20 72 12 23 28 6 50 53 56 22 93 12 57 73 54 96 99 11 88 6 99 41 39 55 27 13 63 72 26 92 96 37 75 79 55 47 6 39 12 87 98 20 11 55 80 91 81 18 0 16 78 61 28 44 90 36 65 12 0 90 
75 25 64 37 86 47 26 42 91 93 42 32 23 83 70 12 55 62 27 62 27 39 15 93 97 41 85 84 18 58 7 8 64 28 72 30 46 24 40 77 28 45 36 10 83 13 20 79 51 82 46 12 80 65 33 11 99 64 100 68 18 55 78 39 89 68 62 80 60 58 15 82 92 58 70 2 85 36 16 7 18 65 80 58 55 56 48 65 90 69 64 76 83 9 69 4 80 99 47 40 97 47 9 35 82 15 54 67 4 100 53 57 38 49 94 24 82 12 51 52 55 67 100 55 49 43 14 25 68 89 50 9 96 89 0 24 43 69 77 2 20 40 50 64 63 24 31 58 40 100 37 25 26 55 23 38 84 56 88 75 55 53 30 30 83 50 74 5 3 26 99 63 55 97 17 35 17 59 94 42 37 76 88 43 22 56 36 93 7 34 33 98 73 91 59 20 50 63 93 69 71 96 51 61 9 17 44 16 67 48 20 82 80 64 15 94 87 46 68 34 0 81 98 1 29 89 9 34 17 44 91 18 0 58 0 74 0 53 33 49 38 33 4 11 13 78 57 39 88 93 82 35 49 14 46 42 9 43 43 18 28 55 46 63 37 34 79 18 18 67 42 95 89 46 66 8 1 48 61 87 97 62 30 22 11 65 99 1 37 93 0 81 91 8 78 90 83 68 80 46 
86 52 65 98 64 55 30 66 42 72 15 78 85 62 73 76 11 90 73 15 45 26 98 15 18 69 100 86 68 4 85 18 59 48 99 80 21 69 100 68 22 75 45 33 77 35 22 81 61 71 62 26 44 71 97 81 52 85 21 4 70 53 96 31 56 80 39 91 63 70 63 7 65 17 96 94 49 3 67 61 71 44 86 11 16 55 38 0 84 14 76 9 80 5 8 5 4 60 18 24 17 3 93 16 57 18 91 60 71 30 3 15 74 90 84 57 79 5 2 62 76 91 74 1 10 41 60 39 86 89 59 72 18 28 82 5 33 66 22 38 99 42 5 82 99 7 77 82 85 18 81 68 74 29 2 58 8 15 83 72 61 83 57 24 53 4 42 8 0 9 74 75 34 90 97 65 55 89 56 44 86 83 7 91 27 70 58 46 8 36 36 2 93 26 53 44 21 98 11 98 81 8 2 92 86 83 59 34 99 30 99 27 85 13 39 22 45 86 36 62 22 54 32 70 0 3 85 70 85 32 42 29 76 27 15 32 43 25 94 48 14 26 81 95 86 80 60 48 72 25 7 12 31 97 70 49 57 92 35 52 31 94 58 0 7 87 4 75 2 43 98 66 16 44 25 88 98 78 70 8 0 18 83 4 20 17 82 48 81 59 77 79 97 7 75 43 48 26 85 18 
61 35 89 60 60 29 95 63 75 1 57 6 50 31 23 80 83 3 99 61 29 88 98 91 98 79 18 77 31 85 68 10 10 37 27 68 56 60 68 90 49 74 67 53 32 5 63 83 68 73 76 63 12 88 49 22 95 1 38 12 90 85 5 12 64 100 6 25 87 32 44 55 89 64 81 31 14 18 6 23 47 33 71 17 69 63 39 89 58 94 33 39 37 9 9 9 31 0 73 80 34 5 86 50 75 88 72 44 40 15 27 82 57 47 30 92 81 25 95 70 75 27 99 38 26 33 26 95 68 31 58 58 72 30 72 20 19 45 5 91 69 15 39 4 91 85 95 17 82 22 82 35 89 86 95 52 16 45 91 30 4 6 42 44 50 40 72 38 1 96 14 35 88 58 87 29 81 96 97 45 4 49 13 21 36 80 98 43 87 41 79 36 46 19 1 28 67 25 81 70 72 68 74 71 27 58 40 18 44 71 80 96 91 40 16 37 56 65 49 1 55 15 63 33 59 26 17 84 21 90 91 49 44 92 31 92 63 16 49 72 82 16 98 86 10 63 10 71 56 88 86 6 75 76 82 4 82 71 82 68 21 34 9 76 22 46 77 50 49 27 8 18 60 65 95 95 60 63 87 31 85 35 10 4 88 90 75 38 100 39 28 17 56 37 7 92 47 0 5 52 
41 32 39 44 36 45 41 83 84 30 80 78 17 20 54 44 91 95 66 5 77 76 59 2 69 12 51 3 6 79 46 39 32 57 27 92 77 88 68 60 96 50 93 8 32 100 96 40 53 51 14 78 33 93 3 9 73 90 57 20 29 34 33 54 43 21 70 52 2 37 55 78 65 32 73 10 26 38 65 15 59 87 71 36 20 43 45 38 26 40 96 65 43 73 64 26 33 76 2 95 35 100 16 42 99 31 10 97 38 19 49 36 44 47 42 73 65 90 26 98 35 17 64 43 100 99 32 54 25 62 56 58 40 15 37 18 67 33 32 84 88 57 44 16 43 10 12 22 16 52 83 51 43 49 8 35 41 58 64 87 93 80 100 96 42 87 2 4 60 99 44 52 57 66 44 58 7 20 6 21 99 83 86 6 74 63 2 7 0 8 77 46 37 44 3 60 74 71 17 27 74 40 99 40 3 39 86 16 78 18 33 39 61 35 70 36 36 95 33 95 85 92 33 46 60 32 90 48 21 49 2 91 65 66 95 36 2 8 0 95 78 45 76 16 94 31 95 52 33 99 96 23 26 99 46 45 18 50 31 77 7 92 17 28 62 0 50 1 32 64 58 35 83 44 40 13 98 6 90 36 75 82 37 27 56 80 87 94 91 21 32 62 17 4 9 81 71 57 34 50 
23 53 70 72 85 42 7 92 73 86 77 36 63 20 61 45 5 5 99 38 54 52 22 45 53 45 16 57 23 99 16 80 32 73 58 90 55 70 64 75 61 87 49 99 25 2 47 61 50 64 62 96 0 84 24 78 14 26 76 23 32 32 67 94 40 43 26 75 57 56 16 46 38 46 83 30 99 10 86 59 64 34 37 6 3 79 16 10 11 67 9 53 84 92 19 15 42 7 62 91 92 68 60 75 20 56 89 74 94 41 53 43 44 69 76 45 55 40 51 47 81 10 54 44 85 34 75 53 70 38 17 83 10 67 24 52 22 87 47 79 94 29 97 1 50 44 39 87 73 11 61 84 54 12 2 88 3 71 64 80 12 96 76 99 11 14 39 57 61 97 13 18 11 11 84 45 60 18 30 26 74 27 67 69 57 11 79 16 79 30 97 64 55 47 17 81 21 78 75 39 32 90 91 87 59 53 37 89 60 44 11 74 80 91 95 65 28 64 58 17 69 64 54 81 84 22 34 28 60 83 4 60 72 41 85 71 52 100 71 56 67 91 56 58 22 59 30 83 37 85 71 45 25 53 86 96 84 77 94 87 10 84 88 85 76 6 52 49 96 2 18 56 67 76 77 50 63 5 75 56 24 79 71 28 36 24 64 94 43 84 65 35 44 92 70 2 64 45 5 21 
91 29 93 40 99 91 18 99 17 39 76 43 34 60 61 72 7 60 21 89 71 39 85 21 31 21 4 51 16 84 76 53 58 47 65 48 26 73 91 1 11 31 26 4 57 81 38 73 55 90 49 15 42 82 60 27 1 28 37 18 34 56 37 84 57 59 13 44 32 17 36 12 57 5 45 47 93 27 71 74 71 42 8 78 85 6 3 87 33 62 9 70 77 57 40 59 17 63 4 88 36 48 99 13 66 96 40 90 45 27 78 55 43 55 3 5 13 0 74 89 93 28 64 83 8 91 78 34 96 18 55 15 55 54 1 73 5 67 93 38 8 60 65 94 94 3 13 21 73 89 90 70 57 40 94 10 87 11 1 9 88 88 0 13 10 69 39 5 19 87 96 18 44 11 60 89 95 35 58 51 36 64 32 70 74 16 64 44 16 16 47 54 18 70 28 7 33 63 8 53 12 47 5 48 15 53 52 84 68 43 98 62 90 34 57 61 55 98 66 92 53 10 67 92 47 29 5 64 47 70 57 16 23 3 68 5 96 45 32 46 98 19 63 34 93 60 96 66 97 29 26 25 94 32 92 32 17 31 91 19 100 84 50 28 36 32 34 5 10 84 62 3 35 47 54 29 16 60 24 37 55 76 32 28 40 42 57 46 87 27 48 33 68 93 12 90 58 0 32 10 
93 74 53 86 43 22 23 29 88 52 45 29 74 98 28 14 22 61 12 41 34 90 10 93 61 30 63 66 81 97 14 60 1 47 41 70 78 99 13 38 9 65 28 69 27 65 62 65 78 11 55 82 11 84 93 32 19 68 40 30 37 86 21 47 62 40 41 58 31 66 68 72 44 81 85 80 3 18 61 17 0 62 23 47 14 16 97 38 30 74 54 56 37 37 39 34 72 75 67 36 80 28 58 92 82 0 68 22 42 7 34 65 40 76 13 33 94 96 61 81 36 26 80 15 39 12 19 53 3 17 57 50 8 99 10 58 63 99 35 34 21 57 36 94 24 52 20 48 51 84 27 28 23 32 1 85 8 94 54 57 59 38 21 46 69 78 3 44 55 86 49 94 18 46 55 51 90 77 57 66 16 3 79 52 53 64 25 46 16 83 69 20 19 67 44 53 8 87 46 95 5 28 11 33 39 62 90 75 75 20 82 59 77 83 92 32 45 6 86 28 74 21 32 44 6 53 8 92 27 79 71 86 54 82 3 21 32 23 97 96 12 83 55 64 94 73 73 32 5 62 66 28 57 55 98 65 30 89 30 94 55 0 90 42 13 86 1 71 98 99 63 71 51 25 18 57 13 10 17 5 52 82 76 40 11 69 5 46 20 13 56 16 66 71 8 65 70 50 29 42 
87 34 15 10 69 26 55 23 98 98 84 53 2 98 50 73 57 79 6 31 66 51 70 79 95 77 33 57 76 82 63 7 26 9 71 43 88 14 64 8 75 16 95 4 40 43 21 97 18 71 79 37 58 78 98 56 2 71 65 43 86 86 88 22 94 18 92 47 21 97 38 60 5 12 19 40 52 76 71 89 21 40 84 60 52 80 83 40 7 26 42 100 32 21 33 48 64 97 31 82 87 26 38 94 53 83 95 73 2 16 60 52 43 46 42 23 77 68 46 3 56 100 99 64 61 92 57 79 60 88 84 20 96 15 54 10 77 12 90 55 32 49 68 81 55 9 18 95 21 71 98 57 25 6 2 38 94 50 72 32 3 84 79 43 74 88 38 21 86 60 27 3 55 33 100 65 11 11 65 19 28 50 41 77 31 78 65 38 91 47 17 60 48 38 56 53 64 59 26 14 90 19 42 40 49 12 85 100 16 98 26 25 66 9 29 96 95 95 98 1 36 62 9 63 34 55 71 96 16 21 100 56 93 45 34 0 55 53 2 25 11 12 24 15 100 0 13 64 96 88 50 36 50 59 31 80 52 14 59 8 58 19 7 19 59 3 73 4 36 43 49 40 48 80 94 76 60 30 19 9 73 30 89 34 10 78 29 60 40 61 66 38 33 54 6 58 41 26 0 69 
3 19 45 11 77 59 90 59 26 7 58 71 9 48 68 63 97 88 26 46 55 72 35 70 68 74 28 4 3 76 47 79 95 12 62 18 58 30 99 96 25 31 57 64 70 52 52 45 6 27 10 6 26 27 57 60 73 20 16 76 53 6 33 96 85 35 98 87 5 17 84 14 91 68 71 12 30 78 53 95 54 93 4 69 76 71 1 77 18 48 38 19 99 58 92 28 62 22 1 25 25 48 7 13 59 68 45 19 55 48 75 27 95 62 3 39 51 9 87 83 32 49 34 82 57 81 10 12 16 30 15 98 14 61 89 53 19 17 82 70 23 41 99 88 94 8 18 87 100 83 67 47 12 44 49 16 25 93 11 49 0 31 32 99 73 70 22 39 11 100 20 77 36 94 57 52 30 49 59 89 70 57 78 48 8 31 26 19 24 13 87 84 78 28 11 90 39 62 35 67 42 100 53 52 66 5 97 68 65 38 54 34 69 20 17 83 83 98 97 97 46 47 80 32 28 79 87 78 46 22 90 93 66 30 2 60 67 62 1 80 6 66 48 3 53 100 86 63 86 73 48 5 49 78 44 68 66 94 46 80 99 19 39 21 23 17 70 18 70 59 33 25 25 33 33 45 50 24 3 12 48 37 77 95 78 90 49 15 28 15 91 40 92 74 37 59 99 90 57 40 
92 16 18 89 86 36 17 70 61 89 46 18 92 77 7 31 25 92 46 90 21 53 13 59 42 72 44 65 68 13 52 53 55 41 18 9 20 29 27 77 27 27 52 86 99 82 72 11 4 13 77 65 30 44 49 15 40 22 61 3 73 7 100 65 45 0 16 17 98 23 98 19 16 82 95 16 49 18 12 70 84 48 40 1 23 79 73 53 69 9 71 90 14 45 89 94 57 27 96 35 53 46 55 32 76 47 95 9 93 95 89 61 76 21 77 64 70 7 76 18 19 54 17 57 95 59 99 6 100 7 35 60 75 4 63 1 89 37 33 27 32 7 56 95 21 81 68 89 60 1 100 12 84 52 93 15 71 91 47 100 70 19 35 70 43 29 42 44 59 27 8 49 57 61 93 59 91 92 40 57 83 43 47 68 74 38 55 39 99 80 45 9 74 63 58 8 75 88 52 9 3 45 49 9 78 88 94 46 32 48 47 99 32 22 93 42 27 20 12 53 88 18 11 78 59 17 43 28 13 93 74 83 37 1 54 48 49 59 65 40 46 97 78 44 14 81 22 91 77 77 43 65 100 24 61 74 4 60 3 86 91 35 51 21 60 86 5 6 90 74 31 61 23 34 84 23 37 90 96 34 31 42 12 8 12 9 41 99 49 4 60 72 56 11 32 8 31 87 51 57 
18 16 59 9 51 57 72 8 3 85 41 50 23 15 80 81 13 43 3 11 74 17 5 57 33 8 36 4 62 18 27 44 41 44 57 55 25 51 75 60 29 5 75 24 55 71 22 66 57 92 33 85 73 43 32 7 41 47 68 35 27 19 17 50 96 31 21 63 22 76 5 83 82 93 4 30 96 39 75 31 16 78 71 61 19 60 51 7 44 43 72 33 82 39 48 83 9 18 35 59 29 89 20 49 1 28 86 100 67 38 5 51 24 22 66 97 4 55 26 59 45 43 0 9 0 84 65 24 11 63 25 66 7 68 58 69 71 60 54 72 42 97 55 11 63 42 59 57 54 77 50 42 93 100 71 86 35 21 38 71 10 47 90 49 72 75 85 37 1 24 82 28 58 66 80 59 61 31 41 60 55 87 5 27 80 29 4 38 48 98 61 46 10 14 43 93 11 53 94 21 1 96 3 28 20 80 74 28 19 16 19 98 19 5 41 89 81 7 93 0 76 95 15 70 19 33 42 11 16 42 54 14 75 1 74 80 66 11 88 53 24 3 30 91 27 94 2 78 33 67 68 65 1 52 58 4 100 5 67 4 38 80 100 74 38 100 15 67 12 91 47 6 32 66 81 31 37 54 34 55 52 12 13 57 88 32 25 42 48 36 33 94 93 42 64 69 29 78 34 77 
43 34 60 59 59 9 8 44 89 28 71 93 94 23 0 62 18 44 13 66 66 1 12 93 24 72 96 35 79 14 16 6 88 75 53 30 33 5 52 6 45 70 12 46 42 18 39 95 84 45 8 1 28 89 78 28 92 87 85 9 3 47 25 75 83 18 44 91 70 29 30 29 24 16 15 26 100 40 46 17 57 43 75 2 27 55 31 22 51 6 17 25 18 52 20 7 98 74 47 15 17 50 85 15 47 96 11 46 78 38 87 6 18 42 3 46 66 74 36 8 16 49 43 24 40 89 55 51 43 94 77 21 37 66 30 72 7 82 77 4 8 45 0 36 75 70 75 50 88 13 63 60 94 9 39 23 80 55 65 52 99 17 64 69 59 90 88 85 43 87 60 4 40 80 40 41 45 20 22 25 90 20 9 72 92 10 89 43 14 45 88 29 45 79 83 75 2 3 89 76 72 72 34 68 62 66 34 93 36 7 63 94 38 49 10 74 3 95 54 88 97 11 68 40 29 67 7 31 2 50 19 13 18 40 24 86 73 83 31 28 12 51 42 51 84 66 44 79 65 3 78 61 35 81 93 38 41 37 76 0 8 62 8 84 80 78 44 28 48 95 38 60 5 48 29 26 88 16 87 82 94 93 31 87 53 23 18 84 22 72 46 44 97 82 42 46 21 65 27 9 
33 97 96 9 82 4 35 89 44 85 38 16 99 8 61 79 57 2 96 66 95 79 66 31 70 100 76 56 73 69 53 70 34 22 74 34 56 70 0 25 95 42 34 12 15 46 76 25 11 19 11 74 7 38 94 82 94 12 50 26 24 35 87 33 2 43 52 5 28 20 23 50 36 0 86 83 13 96 24 26 74 14 94 84 87 81 23 92 94 26 53 34 87 87 34 81 86 97 24 7 55 7 53 69 6 27 44 21 23 90 45 63 84 26 83 82 44 41 42 20 33 90 43 62 42 0 87 25 5 44 61 58 25 19 38 21 60 21 76 41 64 60 96 61 34 15 45 85 44 25 75 25 72 2 91 55 62 43 3 19 27 90 7 63 78 80 88 75 44 18 10 24 8 72 59 65 74 95 5 63 26 24 31 91 13 43 99 46 8 3 20 89 88 15 87 41 48 82 37 72 1 96 12 55 56 86 78 15 8 62 68 42 76 45 47 39 39 1 89 85 39 1 46 15 78 0 91 92 55 39 67 49 7 32 66 10 34 94 75 7 66 26 68 77 83 67 39 32 29 70 79 36 24 87 14 63 56 29 12 20 0 78 21 15 31 20 74 37 88 25 17 89 16 84 13 76 22 24 24 7 18 38 75 48 85 60 49 31 98 49 89 64 87 92 61 65 91 5 31 71 
31 32 42 44 9 86 85 92 3 5 69 36 27 53 4 32 13 21 8 67 32 10 93 64 90 53 53 52 25 33 19 45 61 64 84 77 8 34 32 88 76 93 5 22 64 28 41 83 19 81 80 1 94 25 15 1 59 87 74 50 76 24 37 10 81 0 93 60 50 0 68 61 14 21 30 26 17 3 39 6 36 18 36 30 90 8 48 15 52 94 87 84 34 41 65 11 32 65 100 23 90 11 61 69 93 18 77 22 8 29 55 36 11 0 12 43 65 90 69 62 71 32 49 2 97 82 83 35 15 98 98 82 99 27 91 75 13 7 9 50 71 76 70 66 20 21 99 63 62 5 54 98 100 27 100 32 58 62 70 66 87 26 63 66 70 60 81 49 60 92 12 42 29 13 36 28 61 29 94 41 28 34 40 69 5 95 90 16 31 34 44 76 55 44 9 22 76 8 90 12 58 61 46 32 21 40 34 16 44 12 74 80 29 12 92 31 41 1 90 4 54 16 3 16 42 67 69 82 62 32 40 47 93 92 4 91 0 30 55 32 56 76 36 84 35 65 86 34 35 96 2 70 72 75 27 94 86 23 40 21 75 17 98 86 1 84 40 11 7 7 21 4 23 18 94 47 44 8 29 93 96 76 75 82 17 56 25 53 96 3 62 27 51 20 65 60 63 92 87 98 
61 96 23 64 77 59 11 13 34 90 87 61 46 74 25 86 59 35 29 51 53 11 27 52 5 46 3 48 12 19 49 87 66 45 19 58 4 59 14 92 31 59 9 88 74 70 56 64 9 92 11 59 92 79 27 27 28 63 55 18 28 31 87 38 75 85 42 95 97 59 41 42 92 94 18 29 19 61 53 8 11 1 59 75 22 34 17 59 22 69 47 72 34 4 26 16 60 19 98 92 9 35 4 63 87 20 24 70 19 14 35 11 61 46 100 20 72 38 81 62 58 9 66 84 69 64 38 44 7 4 7 35 45 8 78 82 87 15 60 87 34 28 66 0 92 18 66 33 71 99 74 33 65 81 55 64 27 73 90 26 64 5 21 54 62 21 97 63 90 71 15 36 36 69 38 3 43 19 3 100 71 53 75 60 41 51 57 86 81 46 68 7 53 18 24 87 80 6 60 3 73 12 59 86 61 51 28 40 26 53 28 45 93 47 26 62 78 98 32 92 87 12 52 9 21 78 73 58 1 55 79 18 27 61 47 24 78 31 32 19 18 99 20 24 59 53 86 78 10 49 7 66 94 60 76 11 93 95 12 89 34 60 100 26 84 60 61 24 76 82 78 29 91 24 80 5 90 89 27 53 91 54 99 50 61 18 63 58 42 97 12 84 0 29 65 18 81 9 38 33 
16 52 62 73 43 11 97 57 92 93 46 27 0 29 84 5 84 48 60 9 48 65 49 31 33 97 27 4 56 28 59 100 58 93 17 42 43 0 53 38 52 91 63 63 75 26 44 100 83 16 80 80 65 20 85 18 54 70 83 73 48 20 100 2 31 47 73 7 20 51 61 94 40 34 65 61 12 13 17 39 85 59 98 91 98 16 90 80 81 10 26 51 45 57 90 26 56 39 81 84 15 71 57 44 72 69 28 85 74 28 84 31 2 84 48 40 68 15 61 67 87 80 72 68 41 18 67 48 71 48 56 16 63 95 39 17 99 41 34 15 88 33 62 15 42 100 18 30 44 48 48 98 92 91 17 8 7 91 84 44 62 83 93 77 91 41 29 78 11 29 78 54 22 21 66 68 64 34 96 58 27 15 21 57 86 29 33 16 48 11 87 41 97 59 97 9 54 27 100 79 2 6 16 61 6 40 12 46 39 61 96 49 62 71 37 4 38 54 12 16 63 84 6 1 15 4 88 99 8 97 24 32 72 69 89 29 49 35 85 34 83 60 47 87 19 20 40 50 87 42 80 16 67 18 80 74 45 41 45 54 100 65 91 4 20 72 14 83 6 85 16 76 95 44 90 68 30 44 96 64 39 95 65 32 29 33 56 73 17 25 42 80 89 67 13 46 22 16 70 100 
66 15 70 90 96 69 95 43 36 47 77 85 69 7 20 86 42 8 73 45 58 65 28 95 65 15 76 92 12 19 41 14 26 100 0 56 100 26 82 87 50 36 24 73 14 8 42 20 43 35 44 33 4 85 18 100 12 72 57 89 39 50 51 94 72 83 1 35 71 36 31 87 51 79 97 18 18 74 6 69 92 0 39 69 85 28 23 16 37 22 85 62 69 22 47 24 85 78 86 43 21 45 61 52 74 98 78 15 16 40 77 29 79 29 60 84 36 5 39 23 83 89 86 2 61 20 57 62 28 26 95 91 70 83 59 69 50 50 29 24 72 37 21 77 64 9 61 28 33 44 37 67 59 37 53 57 13 0 26 61 46 86 90 28 26 51 33 12 42 61 30 90 80 99 54 2 88 53 81 7 17 79 83 52 81 45 12 61 42 30 52 96 82 77 46 27 53 26 13 98 34 86 65 20 3 85 9 38 81 85 47 30 27 33 96 78 17 31 41 39 81 92 46 92 100 28 17 14 23 65 25 90 78 61 68 62 18 1 26 48 0 70 24 99 18 8 62 85 59 30 29 19 1 78 6 24 58 73 59 19 99 81 24 98 75 46 31 40 24 5 96 93 84 27 96 100 34 76 19 59 27 100 50 11 17 89 37 3 88 17 55 84 10 44 48 49 89 73 93 18 
22 96 49 23 27 30 59 73 24 21 55 23 21 78 68 22 73 12 25 83 6 33 100 91 13 20 51 9 86 72 86 3 81 8 91 33 56 54 3 98 19 89 61 7 76 23 13 34 45 26 50 20 58 9 87 56 29 83 81 88 80 37 11 69 24 100 85 23 87 77 3 23 95 29 100 31 68 63 50 58 45 22 39 98 93 96 99 31 62 7 2 18 33 35 24 78 65 10 15 3 64 75 91 9 42 20 26 59 86 95 9 100 21 25 59 92 37 90 25 4 22 18 66 47 24 0 72 61 74 58 93 95 81 64 56 72 21 22 85 38 0 33 25 75 18 22 82 92 79 18 70 94 58 76 83 94 26 13 44 84 84 42 62 39 83 4 38 43 0 93 82 0 22 0 49 72 99 31 78 48 44 56 88 2 88 14 50 99 33 15 45 14 15 74 19 69 50 0 62 52 16 62 84 24 34 79 60 91 46 50 9 87 67 6 24 29 33 17 83 18 4 26 58 68 40 36 64 52 75 46 26 84 14 79 74 83 88 15 64 92 22 19 29 39 23 4 51 49 79 53 6 80 90 15 53 62 98 41 99 76 27 40 13 43 72 47 28 43 0 57 69 96 32 7 54 47 21 4 44 77 47 86 50 55 7 74 62 22 6 90 22 16 71 59 48 92 14 42 62 72 
62 64 73 91 87 83 72 69 63 60 84 64 89 90 28 43 77 63 92 70 4 37 71 7 46 94 85 38 50 25 73 57 26 24 16 10 96 87 28 38 65 35 50 80 90 65 33 64 63 66 26 37 76 4 16 96 66 74 80 80 42 15 40 65 38 27 32 67 67 23 87 75 81 85 36 35 61 29 60 25 6 24 95 77 95 0 88 79 100 66 93 26 81 57 94 98 99 4 14 35 58 25 87 45 1 33 57 29 60 64 13 50 85 33 50 9 63 21 73 55 56 13 7 21 36 34 93 81 19 99 94 46 1 5 43 36 45 66 73 77 12 16 32 100 90 61 38 14 58 39 30 62 35 37 80 1 45 86 3 68 31 42 42 94 85 22 61 14 86 10 23 40 89 0 56 23 2 23 29 13 51 65 9 76 15 64 47 67 48 48 26 15 64 21 7 2 25 8 72 26 30 65 77 36 91 89 87 23 36 27 10 29 51 49 15 83 8 25 90 2 82 18 31 71 20 68 44 61 21 61 40 61 79 97 91 4 7 85 95 28 56 21 94 35 56 51 6 21 46 53 38 0 94 93 4 26 86 58 27 38 52 23 51 12 87 59 58 46 85 88 75 85 58 81 27 78 63 24 72 11 11 91 12 23 59 59 95 1 100 64 72 73 63 78 45 51 48 17 71 31 
42 27 45 88 38 47 100 36 34 43 7 37 28 9 47 81 68 47 85 95 46 98 82 66 14 6 91 94 78 60 8 50 60 74 72 36 92 43 2 29 36 11 18 76 7 9 67 45 83 76 66 16 26 11 10 45 42 43 64 56 64 55 10 16 11 88 1 100 68 48 83 74 75 19 41 45 6 54 18 77 57 30 8 56 26 87 28 37 93 83 88 25 39 94 93 67 5 58 13 35 42 82 12 32 38 9 33 12 68 44 82 31 84 73 83 8 92 100 86 11 38 40 74 12 13 27 44 2 86 53 16 64 42 21 46 95 67 20 35 76 78 75 42 80 17 27 28 19 0 40 29 65 58 66 26 7 68 16 28 72 53 99 70 11 12 70 89 56 74 65 81 24 31 8 60 78 77 39 10 46 40 10 61 5 82 77 36 28 82 72 97 81 54 42 59 45 17 26 63 5 73 28 90 76 39 58 19 76 51 32 20 19 48 33 25 43 71 0 22 70 42 48 97 64 58 92 40 92 35 86 85 27 0 10 28 99 96 7 67 100 19 57 89 92 7 98 68 56 83 21 70 29 48 61 59 32 50 46 52 40 74 64 12 0 94 57 43 14 91 49 45 4 96 75 73 63 55 46 85 27 2 70 13 25 51 88 31 63 17 38 94 72 91 20 19 60 35 5 51 17 
82 44 56 76 68 67 54 32 96 15 27 15 45 60 15 40 92 65 45 78 75 68 48 11 44 2 20 98 17 9 61 49 46 63 14 50 87 89 11 37 58 52 39 13 10 63 8 42 46 63 76 21 1 52 36 32 9 46 88 74 18 82 76 25 77 8 91 94 22 26 37 65 31 62 63 50 41 94 73 36 21 58 5 7 98 61 21 36 23 90 62 50 22 6 98 5 34 76 84 47 91 49 44 75 48 13 64 55 73 71 54 84 8 16 12 45 42 16 72 69 99 13 86 8 43 37 100 31 47 58 41 55 70 0 89 59 33 36 59 41 41 56 83 36 22 100 38 52 25 17 51 94 37 75 62 48 51 15 83 40 46 85 56 90 52 37 15 100 31 99 50 52 20 3 26 67 38 70 33 8 0 8 61 48 40 84 51 70 12 72 42 8 61 100 63 82 52 71 40 78 63 44 96 90 83 21 22 45 15 79 30 56 94 24 12 58 31 26 19 20 67 86 82 9 57 70 52 40 52 39 36 63 30 82 50 51 20 47 97 96 7 89 32 5 61 59 22 98 71 31 75 90 18 36 97 0 92 11 45 83 100 43 38 64 17 48 89 25 49 24 38 97 29 20 12 28 96 34 45 39 7 52 30 49 31 51 20 89 38 8 12 73 14 84 27 39 45 12 43 13 
56 51 27 77 62 86 82 54 9 69 37 70 49 5 54 62 11 35 53 22 68 31 20 19 4 11 60 65 28 75 46 3 45 55 77 13 66 53 62 25 82 51 56 99 22 71 72 26 59 80 43 33 67 49 8 40 65 41 18 25 18 90 29 57 52 99 83 18 85 66 51 100 0 97 76 80 19 97 58 47 2 66 0 92 57 12 2 42 87 80 65 93 30 15 55 25 23 62 38 54 24 77 25 77 4 66 67 61 33 70 35 55 27 2 18 21 70 35 87 57 29 11 94 31 17 19 92 4 21 96 33 54 8 91 30 86 21 81 57 14 67 4 35 1 48 60 64 39 65 91 64 94 67 44 84 86 76 58 64 21 77 50 23 55 67 11 33 31 16 48 33 39 3 15 98 19 55 98 99 79 4 96 37 57 38 15 67 59 92 36 2 36 25 11 9 74 29 93 51 61 78 81 14 64 89 27 54 7 92 67 57 78 30 62 85 21 39 7 63 91 50 36 66 4 96 87 3 14 5 71 26 48 50 22 3 37 61 95 83 69 94 82 25 50 43 79 29 24 61 93 59 24 96 24 51 30 80 57 94 46 70 85 16 7 55 29 33 61 67 24 94 88 50 76 22 9 17 22 63 92 77 68 73 62 82 83 37 74 58 31 20 42 23 73 64 72 71 80 8 25 
27 22 95 44 2 57 8 23 31 23 20 48 10 99 96 16 41 62 28 21 59 50 90 36 88 48 68 82 19 56 41 7 18 77 70 20 96 97 13 97 55 55 17 19 95 35 46 42 12 3 43 72 51 99 78 38 98 93 81 4 81 86 87 98 3 44 53 67 18 88 44 39 21 88 35 92 34 25 97 91 66 95 23 31 2 60 70 55 75 53 89 59 37 13 96 97 68 0 64 85 37 53 77 64 75 86 46 45 6 88 85 96 70 65 42 20 25 25 37 16 63 81 27 73 75 67 94 87 81 9 7 71 4 79 79 41 32 28 12 7 66 59 27 22 62 8 26 63 20 6 82 99 9 59 90 14 37 68 7 17 28 70 16 69 71 49 49 55 29 79 36 33 71 55 23 39 91 79 26 85 30 63 36 69 51 8 48 30 49 27 19 50 55 82 70 47 37 71 92 53 99 63 58 55 64 13 71 69 32 48 90 31 40 44 46 94 18 28 77 28 43 62 63 72 9 63 8 88 91 41 80 97 85 76 33 3 93 30 2 73 10 100 23 54 52 97 10 8 49 65 4 76 61 13 65 2 53 49 87 77 29 11 38 57 72 65 77 12 64 93 49 15 89 50 54 77 88 30 81 67 95 96 30 88 85 63 61 16 16 38 89 47 24 65 81 85 76 74 28 27 
81 69 91 52 78 96 61 51 85 61 69 38 39 63 37 13 45 39 52 29 0 71 98 38 48 42 64 61 97 68 49 8 19 47 44 51 39 96 2 26 36 6 33 4 84 77 71 56 54 71 33 54 72 89 36 50 45 88 23 76 84 45 46 52 42 59 14 7 3 93 2 33 77 33 39 20 81 2 60 49 6 70 28 3 81 12 32 11 10 76 1 96 84 27 18 77 40 72 13 72 43 98 39 50 60 97 55 96 50 53 67 46 47 39 56 93 71 41 35 100 87 46 60 89 82 70 69 94 68 63 46 31 11 46 34 22 94 23 92 91 37 47 12 44 14 78 22 55 27 14 38 69 22 81 71 33 76 92 7 41 41 43 67 53 65 18 38 79 97 74 31 56 27 17 47 79 84 85 37 64 30 24 77 69 48 2 88 87 40 18 35 56 42 71 76 98 1 2 37 30 15 70 14 91 89 44 92 93 76 91 8 6 100 64 26 96 62 79 75 9 45 51 83 2 1 33 79 88 80 26 62 30 83 58 52 4 57 14 67 78 46 56 47 34 20 13 2 23 64 88 9 29 89 88 21 7 52 48 42 75 93 85 57 25 61 95 56 17 92 51 68 44 56 76 18 84 57 57 67 56 45 96 43 82 83 49 50 34 28 62 69 48 84 7 87 91 29 62 3 83 
30 55 26 14 12 60 97 32 29 59 32 19 56 50 11 9 23 35 37 23 54 97 15 18 76 30 46 9 37 43 66 91 44 78 49 86 67 76 89 98 94 77 62 44 20 86 78 26 96 62 89 98 15 22 48 100 75 31 19 84 68 37 65 11 85 45 39 57 35 23 3 31 84 56 99 46 29 51 82 10 69 79 4 43 4 29 35 100 88 7 66 76 72 27 55 62 72 25 14 8 93 10 93 98 59 99 87 32 57 26 82 13 5 24 0 41 10 93 20 38 35 98 72 2 35 37 66 9 11 24 76 63 80 65 14 74 9 47 97 48 36 62 91 91 84 12 28 46 50 98 59 14 60 99 42 51 87 84 69 47 61 73 57 9 40 42 63 31 10 38 39 54 87 68 50 91 58 67 10 12 28 37 73 39 21 48 1 44 42 35 80 73 70 99 48 79 74 50 54 34 12 48 60 11 5 93 60 36 44 97 2 29 88 26 75 94 24 40 54 73 91 87 19 56 62 19 32 83 30 76 21 92 3 62 88 76 67 34 15 90 75 79 97 67 34 3 73 56 38 42 14 20 52 17 36 34 26 69 23 25 28 99 19 0 37 75 5 43 32 88 69 9 27 14 11 55 53 17 67 66 27 40 44 89 75 55 14 47 92 26 86 91 53 93 18 97 69 76 56 23 
75 28 85 7 38 60 0 73 10 19 4 45 21 21 89 44 89 69 57 84 77 49 92 50 88 40 35 37 77 30 25 70 89 43 92 98 75 10 95 68 16 80 47 78 42 98 70 84 17 71 4 31 83 18 99 50 66 87 71 70 82 34 98 13 53 27 28 64 43 86 86 71 21 50 37 13 43 15 47 29 7 37 52 87 50 24 68 27 3 28 12 7 88 75 26 71 100 95 95 69 23 68 33 96 2 85 76 30 57 67 60 95 10 3 40 10 37 32 85 44 77 55 50 65 56 88 63 50 16 65 84 25 40 98 81 83 54 96 42 91 32 78 92 35 69 56 27 9 50 53 47 92 58 47 59 96 49 9 97 3 94 6 94 49 98 49 33 11 86 29 64 68 70 12 89 30 1 2 31 73 46 96 98 29 27 81 80 80 56 58 73 83 58 26 71 34 62 81 94 40 61 42 61 76 50 50 68 52 36 3 28 17 35 48 10 43 95 95 31 73 43 71 87 82 64 80 89 23 27 44 87 89 17 78 31 82 47 91 83 48 85 94 64 44 16 23 19 42 52 57 26 95 80 68 1 42 38 82 34 72 38 82 62 57 97 6 74 21 23 98 1 4 41 83 26 5 72 4 73 31 67 56 99 72 42 21 56 35 2 74 74 29 48 13 92 8 79 16 11 93 
72 43 11 23 12 29 80 4 62 85 68 28 44 59 29 88 5 98 94 15 90 49 58 66 29 64 45 82 97 3 36 72 56 72 97 30 23 90 65 82 52 55 61 71 69 25 14 61 41 85 88 59 29 79 5 9 53 69 44 66 36 82 30 73 66 20 16 0 22 51 34 33 6 38 53 58 72 6 100 93 9 14 80 99 68 42 42 34 27 74 56 15 50 61 61 75 30 98 20 82 27 38 5 76 71 11 74 60 88 28 36 44 98 58 35 43 34 64 66 19 28 67 15 64 96 84 32 3 69 14 25 72 63 75 61 76 14 72 100 16 78 57 68 38 100 95 75 25 86 51 64 11 55 17 66 2 94 4 97 66 43 15 61 40 44 16 72 7 30 3 23 58 9 41 35 69 93 15 19 78 53 85 3 47 62 65 84 8 89 78 22 52 72 71 85 84 79 75 51 77 82 3 0 73 69 63 61 54 57 18 45 93 93 20 93 51 25 75 83 70 13 13 23 2 97 9 92 27 32 92 36 18 90 87 7 94 13 91 87 75 61 72 75 10 15 97 67 49 98 24 35 29 65 85 98 43 62 60 62 68 99 29 60 96 47 11 92 41 72 7 51 21 24 38 47 43 20 29 85 40 18 12 91 75 23 33 55 61 56 62 61 73 59 4 51 51 30 92 4 45 
97 0 52 46 5 30 97 93 86 7 94 91 34 65 29 81 84 0 74 16 2 74 46 18 94 11 36 35 91 50 0 33 24 43 99 0 11 15 91 50 30 79 87 76 25 45 86 76 82 64 29 13 7 0 37 42 83 61 92 14 58 12 30 52 97 39 80 64 77 18 36 29 23 88 24 71 41 32 81 26 13 53 30 62 30 15 100 32 6 49 80 33 43 58 26 60 30 79 54 29 92 93 65 89 85 79 85 72 7 58 66 42 74 92 34 8 33 5 34 23 34 88 26 5 5 82 97 49 73 39 54 1 34 56 4 34 8 64 19 14 64 70 98 86 84 92 35 32 20 1 99 10 88 4 12 21 89 94 48 50 3 97 32 25 71 39 0 94 86 18 20 84 32 44 34 44 78 85 71 48 0 9 70 61 51 57 16 90 78 8 81 81 85 98 54 13 73 61 61 3 19 13 95 19 15 4 74 63 88 64 22 3 78 33 6 73 42 88 70 29 52 24 62 23 56 30 84 33 67 46 8 58 41 32 92 27 95 54 9 89 6 48 30 27 71 49 41 0 19 29 4 54 23 35 22 98 92 37 62 90 25 10 62 6 49 46 22 96 87 89 33 12 24 69 80 99 11 71 69 60 95 73 67 9 35 50 69 21 96 55 6 70 88 82 16 95 4 40 27 69 
44 50 70 90 19 97 26 19 86 97 37 15 47 22 11 68 99 47 46 41 74 65 3 12 92 56 64 1 90 38 84 51 64 52 25 44 59 30 39 14 6 78 46 88 73 36 13 35 28 79 49 54 4 37 5 29 90 89 23 18 45 76 32 72 67 26 18 81 6 6 38 1 10 34 67 2 42 40 33 96 25 95 30 72 38 56 41 63 54 21 17 31 99 35 29 62 7 97 30 89 21 52 63 74 59 4 81 68 52 77 4 4 52 11 43 14 95 85 51 15 57 43 6 36 13 41 48 12 100 99 1 36 51 35 95 96 17 61 54 42 18 73 65 31 80 98 16 71 53 70 75 50 35 95 14 28 75 35 50 64 36 83 84 43 85 34 87 29 76 48 58 47 56 38 43 94 56 82 67 1 13 67 34 72 32 9 36 30 59 70 87 56 49 41 59 38 96 45 8 23 74 0 91 56 35 54 49 20 16 85 26 63 44 78 45 56 17 26 31 100 34 54 24 13 63 22 21 35 31 69 41 55 60 78 25 84 42 70 51 69 4 22 98 52 53 73 24 62 4 69 79 76 78 49 42 32 58 64 7 23 99 38 89 10 48 73 18 87 21 93 60 50 16 58 47 77 29 43 25 24 89 11 30 40 13 94 68 24 97 72 76 89 19 15 15 74 44 49 0 11 
71 25 4 90 5 91 44 19 30 87 99 38 93 69 40 89 11 24 40 35 28 70 10 89 45 40 40 32 44 33 42 6 91 65 69 84 3 80 4 63 31 66 70 53 65 5 6 91 9 86 4 49 67 51 12 92 59 28 95 1 83 25 91 88 55 38 50 34 55 79 59 41 97 52 7 92 63 38 22 43 63 28 2 93 61 85 96 84 73 73 8 10 45 92 8 88 38 92 53 62 72 35 42 79 45 15 30 38 28 49 35 43 26 5 31 47 59 60 97 10 46 94 49 39 63 62 97 23 6 79 28 74 42 43 61 34 94 16 17 66 15 53 10 86 93 72 58 64 17 80 30 51 57 99 64 0 16 99 2 98 14 47 8 89 73 3 34 53 6 31 26 84 40 74 30 61 54 5 14 56 23 82 84 12 31 52 41 27 100 11 79 96 82 53 66 96 8 41 28 47 94 56 18 6 17 5 78 32 15 17 86 33 51 47 50 50 81 33 20 91 70 9 2 73 87 39 3 76 87 44 53 92 1 99 45 62 9 81 48 27 91 55 11 43 15 32 58 92 30 82 76 4 4 81 93 38 58 74 75 93 83 24 33 99 39 10 71 98 81 4 16 73 34 95 91 60 89 74 72 75 41 94 11 27 87 59 13 85 8 26 35 28 57 73 75 0 21 78 7 2 
99 25 99 51 48 26 76 37 5 66 76 97 69 40 0 18 73 95 3 8 85 99 69 35 41 3 52 54 67 42 17 53 49 72 14 37 37 1 31 44 39 30 18 33 90 81 19 18 44 84 86 57 65 64 12 21 40 27 13 85 64 55 90 80 40 19 63 65 68 11 7 80 93 90 82 47 12 68 46 34 21 42 19 65 89 98 97 99 14 83 54 46 43 97 72 24 83 99 2 19 83 27 53 63 69 72 31 98 3 3 32 19 40 57 61 70 39 55 61 41 18 61 38 2 83 9 42 8 13 32 100 98 35 77 35 10 50 20 100 73 80 25 49 68 91 15 78 46 100 68 84 76 83 37 60 69 80 4 34 18 99 13 3 97 0 57 8 24 97 30 44 63 75 53 94 46 8 74 4 15 50 36 15 79 5 44 65 95 84 32 49 49 46 71 35 26 47 3 81 26 36 43 75 50 37 55 99 57 26 73 21 14 9 35 82 1 25 16 32 8 39 57 100 28 24 66 54 94 6 65 93 50 47 49 94 20 28 7 11 2 64 43 48 92 87 28 69 72 63 7 73 85 39 99 73 57 84 8 36 30 73 20 34 32 93 1 58 61 28 11 7 88 29 63 99 61 97 27 12 37 14 37 24 81 17 43 42 63 13 44 77 92 19 33 88 21 19 50 42 18 
41 46 88 21 17 77 47 6 80 72 9 63 81 23 7 23 47 82 15 9 87 62 81 86 17 42 46 5 69 75 51 83 6 77 18 53 100 45 47 49 65 20 59 63 42 39 75 72 67 76 86 14 20 84 39 19 64 30 45 33 22 6 22 93 69 72 17 16 5 13 79 90 71 48 66 9 79 2 23 44 20 70 15 75 66 91 12 26 50 34 48 17 86 73 52 51 84 14 68 39 1 23 61 52 84 95 46 6 45 63 0 76 79 38 66 79 1 89 96 57 92 56 61 87 40 44 55 63 28 31 79 61 71 56 18 57 0 66 58 30 64 74 22 25 82 92 21 69 4 90 32 88 99 26 12 1 65 23 51 8 75 47 55 5 66 61 29 67 68 67 27 65 54 68 6 69 1 65 95 60 80 67 6 18 5 24 93 55 34 40 87 60 73 48 89 1 95 12 41 8 66 96 99 56 6 45 10 51 52 87 8 56 78 66 59 28 78 50 19 81 54 37 44 97 64 82 15 10 53 84 87 22 19 52 0 24 61 1 23 37 90 56 26 84 12 39 91 81 72 32 83 50 70 28 96 31 90 56 36 51 9 10 50 92 6 12 93 63 9 87 76 88 17 6 13 18 34 83 0 20 70 95 30 18 8 63 57 28 85 23 22 32 88 21 88 66 2 35 70 57 
76 25 37 45 52 82 20 45 50 8 11 53 33 90 12 41 12 21 64 73 71 95 69 77 52 38 24 39 71 58 35 10 76 93 63 90 95 49 41 3 74 57 9 90 50 35 11 28 61 89 71 35 4 85 88 82 69 72 20 56 18 51 89 60 94 84 13 4 48 60 12 27 14 100 65 29 91 3 92 98 71 35 39 3 44 25 8 69 2 71 68 32 25 34 20 61 19 22 67 10 7 56 18 93 85 4 71 78 14 65 34 12 92 23 50 44 1 18 92 70 43 68 19 91 1 68 36 37 2 60 57 9 90 75 99 16 96 54 96 41 76 68 9 54 60 20 43 24 32 58 96 9 36 77 29 47 73 85 13 22 53 94 54 8 40 52 43 51 15 98 70 26 100 76 3 21 24 89 93 52 29 72 72 28 100 12 34 4 96 13 77 15 59 22 89 82 41 56 98 66 15 53 100 92 52 23 97 24 83 100 73 61 95 15 52 50 44 96 80 79 10 49 71 16 18 10 55 77 8 27 91 6 20 99 59 34 19 34 0 83 49 15 75 43 56 70 56 22 32 54 55 25 40 78 49 63 86 75 75 94 40 84 21 38 14 41 40 82 46 100 20 92 20 18 19 48 32 15 8 20 23 59 29 79 42 35 0 75 17 25 49 94 4 96 35 22 81 47 21 14 
64 24 43 5 70 24 1 34 77 56 73 59 8 81 76 11 88 13 29 66 97 3 75 38 96 9 13 6 29 94 70 41 39 30 10 51 97 89 66 46 29 9 73 22 31 22 79 98 5 25 8 5 5 65 5 40 18 39 53 18 91 97 18 82 99 22 67 29 61 70 91 64 100 87 17 71 100 55 55 32 76 92 2 81 52 19 77 37 24 77 8 73 2 69 44 5 72 45 49 40 18 3 40 75 18 12 59 90 20 52 42 40 37 86 34 20 82 52 72 97 91 46 61 51 93 9 66 27 37 64 62 71 45 78 78 35 47 90 11 55 0 72 2 56 56 19 99 39 88 67 66 86 79 16 6 39 50 96 68 32 15 34 64 81 6 98 84 78 26 68 36 6 66 4 84 7 67 65 65 10 48 54 75 30 26 0 85 47 66 48 25 86 71 95 89 43 70 83 41 99 69 59 88 100 12 19 0 5 3 72 74 57 29 5 41 88 42 91 1 38 71 68 89 49 35 4 88 64 23 37 67 88 67 0 36 74 89 5 41 50 80 81 1 52 46 58 20 80 67 64 77 33 36 20 40 50 91 18 91 85 97 93 62 80 70 14 12 21 21 40 28 48 64 31 29 78 8 45 91 90 97 62 40 63 15 81 22 28 19 89 10 61 99 12 90 48 37 35 5 55 
1 29 22 52 37 74 82 14 39 96 4 15 7 12 21 37 50 81 97 91 73 8 55 88 32 90 8 44 28 62 69 95 64 0 33 23 42 71 17 95 42 19 14 85 12 4 67 80 98 85 1 60 81 30 13 98 26 63 59 33 17 61 66 18 80 68 12 26 90 99 88 80 59 79 59 23 3 2 49 50 83 95 68 76 34 59 4 37 94 11 47 79 63 96 45 73 70 27 5 97 11 89 41 20 69 82 45 56 25 61 11 97 79 39 70 68 53 72 42 87 28 59 63 84 90 65 94 57 91 65 47 36 17 57 97 93 85 86 33 50 93 53 85 88 96 61 29 7 89 27 24 23 100 6 14 94 3 14 26 46 57 81 91 72 22 80 57 78 95 52 82 4 52 46 3 69 78 65 72 87 86 13 64 4 75 72 12 43 11 50 29 45 18 54 75 67 69 89 30 37 21 92 12 91 54 12 58 57 92 39 42 66 51 34 86 11 42 24 67 58 26 5 36 7 29 98 81 55 49 23 66 70 68 49 44 48 30 97 81 30 27 30 36 42 35 59 89 42 13 84 31 96 52 27 41 89 52 59 2 18 93 97 0 21 95 26 98 33 32 82 21 21 92 73 61 14 39 75 48 40 38 34 30 85 52 47 57 1 1 94 46 37 38 45 68 22 17 42 40 69 
46 46 55 96 76 6 40 98 96 56 56 40 53 45 76 88 18 84 50 70 91 98 54 100 42 9 61 49 7 85 32 36 35 71 25 30 41 26 45 67 15 99 49 16 58 28 52 7 100 4 58 25 92 5 6 42 90 52 37 25 41 75 94 54 93 43 60 98 14 97 27 69 67 60 99 96 48 26 33 2 10 73 52 45 84 63 51 35 55 22 89 71 25 38 83 26 39 79 84 20 52 22 43 17 88 18 69 35 77 16 93 35 12 23 43 79 10 79 77 99 27 11 60 49 3 51 44 74 55 25 75 55 25 1 72 76 63 25 38 58 59 59 94 83 43 88 6 96 95 62 81 9 80 80 11 58 90 78 62 54 51 50 13 25 94 38 18 76 96 33 64 40 65 74 16 11 20 78 25 27 64 79 44 34 66 23 73 60 21 90 23 87 56 79 81 90 30 35 31 79 41 51 81 95 89 21 67 91 92 96 55 63 80 67 91 29 32 2 18 31 79 28 8 30 26 46 51 76 65 41 99 44 81 73 89 39 50 32 18 87 36 39 31 77 11 9 89 83 45 81 87 75 73 78 65 3 21 32 75 51 67 7 53 75 75 76 55 76 22 69 3 60 66 4 95 81 71 91 33 82 51 18 40 83 49 39 98 87 31 18 82 83 27 65 68 78 27 92 25 31 
61 77 88 1 2 1 18 94 38 96 54 82 42 40 40 47 19 45 43 18 91 18 4 35 73 25 21 67 76 75 25 53 4 49 21 62 4 2 38 75 36 0 24 9 37 24 13 18 95 77 43 54 94 11 82 54 12 47 57 69 75 30 91 10 57 20 25 71 77 23 19 72 36 38 22 82 56 25 92 49 30 91 83 35 74 77 55 5 10 32 55 40 62 95 74 9 18 6 40 56 64 20 78 86 20 83 40 10 54 9 86 96 45 26 86 36 84 74 57 70 10 81 72 2 54 13 98 42 37 43 99 60 85 28 10 34 42 58 62 25 80 79 25 11 84 51 51 63 53 8 61 20 98 10 73 81 45 98 9 85 54 45 73 96 25 81 4 35 4 12 50 68 49 90 76 98 89 8 92 82 39 78 38 6 13 69 11 41 84 84 66 5 89 19 43 85 79 61 46 71 62 97 47 26 34 98 2 44 8 51 45 100 60 22 89 59 39 95 85 74 64 63 59 16 75 38 72 11 23 15 30 42 37 63 40 28 79 26 86 92 50 74 71 27 54 53 50 22 12 3 4 24 16 34 69 74 34 3 92 73 75 7 49 46 74 43 86 25 37 30 100 27 56 91 64 25 72 88 57 29 45 98 86 71 80 63 55 51 59 59 54 97 4 22 22 36 93 46 55 72 
13 73 54 16 96 79 56 13 63 70 19 0 70 67 75 45 36 50 77 25 79 3 3 77 23 60 24 36 59 47 31 14 17 24 70 64 20 92 32 46 24 46 14 69 62 76 36 69 43 50 29 28 85 30 66 25 60 46 77 90 3 88 23 37 23 86 4 88 36 40 31 95 59 75 10 37 37 59 18 5 62 37 27 17 3 92 50 87 96 62 86 69 13 40 91 69 50 83 49 27 82 3 15 9 90 76 95 47 0 39 69 63 94 98 86 22 26 90 7 8 0 41 54 74 36 17 42 87 6 2 53 29 76 65 5 74 38 81 74 83 23 72 87 42 6 92 89 65 78 54 11 69 72 80 16 13 87 72 36 51 45 90 59 73 85 1 64 65 3 61 29 2 18 87 48 20 35 40 72 46 47 9 30 47 50 77 67 51 73 57 43 5 39 47 1 90 82 27 57 95 86 60 100 28 17 91 39 34 1 8 96 89 38 59 34 60 89 96 13 23 77 72 2 25 69 60 11 76 86 52 53 70 82 27 79 64 61 78 25 52 44 2 9 4 66 51 47 89 22 45 40 44 4 3 38 84 75 10 46 4 18 92 99 49 34 0 4 13 6 74 22 100 55 62 92 100 10 9 32 6 36 85 0 100 98 57 17 77 46 58 92 84 17 87 77 17 64 6 6 24 
95 81 90 58 90 87 35 56 30 49 61 3 25 77 90 50 72 24 50 16 20 5 68 75 30 26 82 98 38 69 0 11 37 53 60 37 63 59 71 50 39 73 17 0 27 49 27 4 70 9 86 41 88 78 51 86 17 16 11 50 63 61 78 72 22 35 23 91 8 37 37 5 15 41 3 86 53 79 24 59 89 6 42 44 90 86 16 23 7 40 96 62 11 71 78 91 70 61 26 85 72 77 2 31 83 78 81 82 2 30 25 78 56 85 60 14 53 83 31 51 3 60 31 50 61 50 1 63 78 82 0 60 14 16 53 56 72 49 88 11 55 32 7 14 56 66 41 54 24 50 59 33 22 13 25 41 28 13 24 15 66 52 42 98 49 70 35 69 87 53 90 75 29 27 66 90 2 73 53 9 59 31 80 51 4 57 57 28 50 97 70 15 8 55 96 18 5 60 62 30 95 14 96 90 46 66 80 5 50 3 100 91 24 89 61 22 23 76 67 63 51 73 31 9 60 85 82 26 9 0 87 25 42 20 54 80 34 23 13 11 74 72 60 83 95 100 74 24 83 48 72 91 33 28 63 30 13 96 56 16 43 16 22 69 53 37 5 81 28 20 52 90 31 65 91 46 72 91 77 75 28 16 4 64 20 89 25 48 76 48 60 6 11 15 19 16 75 41 73 63 
15 97 94 11 76 100 4 85 68 65 0 83 54 93 80 70 34 82 26 29 67 89 46 92 56 58 45 89 71 31 11 57 8 13 65 97 32 35 73 72 72 91 60 66 12 15 26 5 13 58 76 64 6 58 77 66 81 65 43 61 21 46 9 98 92 49 74 68 15 15 86 71 82 5 18 64 4 28 17 47 13 55 42 11 91 3 26 50 69 21 16 35 2 94 32 96 55 20 90 19 6 47 21 59 24 26 42 28 93 70 14 82 6 90 52 5 76 18 47 9 29 95 87 72 97 46 21 84 31 48 82 33 27 78 25 40 9 40 6 38 24 19 44 36 51 55 79 29 14 100 35 72 26 54 10 52 16 11 55 92 28 89 43 92 64 54 88 67 17 38 56 37 40 9 5 19 18 8 72 37 64 6 52 13 74 94 83 62 10 76 6 60 92 66 46 76 66 5 50 98 11 21 53 30 21 13 12 78 62 95 49 32 77 100 44 10 94 38 100 52 98 40 54 7 4 93 82 58 94 59 60 75 35 53 11 18 58 77 99 56 77 48 65 35 3 2 57 35 97 54 55 66 45 35 12 5 94 68 8 97 25 64 2 18 29 2 91 64 32 43 46 13 82 74 49 44 30 25 24 19 54 27 86 81 73 72 81 70 82 30 35 0 65 20 37 56 14 38 66 63 
56 82 79 49 53 0 9 46 93 64 79 79 34 39 46 76 68 98 61 87 23 50 29 100 36 48 85 35 80 43 49 15 81 44 87 63 15 49 56 94 37 33 74 43 83 48 39 82 16 41 60 91 93 31 6 67 86 34 8 22 37 54 56 3 64 76 48 54 39 4 46 100 44 37 84 28 60 33 64 40 0 14 86 9 44 98 6 42 7 56 46 90 45 40 99 21 46 78 59 84 52 39 25 72 3 71 62 88 37 19 28 75 17 67 48 96 91 17 77 5 21 80 78 26 51 92 23 40 14 54 17 54 41 84 26 58 85 54 98 37 94 50 96 24 85 45 5 19 33 33 29 36 99 28 6 60 11 92 98 74 30 34 1 30 21 59 16 24 92 6 95 0 68 59 77 56 90 60 87 98 34 49 88 54 38 37 34 80 42 38 3 72 37 90 35 69 93 40 83 86 93 6 77 68 89 82 35 91 16 33 88 80 90 41 89 31 35 98 79 31 21 50 7 31 41 47 40 31 82 40 50 58 66 6 64 63 50 52 81 20 23 6 49 74 47 93 30 1 94 12 9 52 15 8 39 54 68 9 89 55 40 79 81 39 92 17 94 81 95 5 43 20 2 49 27 62 55 78 22 61 82 97 28 58 57 71 96 46 46 18 100 56 77 95 44 64 77 51 69 4 
35 39 46 75 66 79 1 25 93 3 8 68 36 89 90 22 37 16 34 70 69 68 47 46 19 69 45 10 34 92 86 9 97 22 68 52 14 32 17 86 16 38 62 29 5 96 64 18 37 71 18 94 86 47 70 51 32 91 38 33 100 97 93 35 54 34 67 10 5 4 10 36 18 27 23 91 9 68 40 62 3 9 55 13 11 40 72 18 16 10 100 68 29 77 89 57 94 13 3 37 88 96 43 82 9 77 52 89 13 4 56 100 39 72 89 13 88 79 16 28 51 59 20 3 87 34 30 7 46 94 88 100 39 87 6 76 20 99 55 97 81 28 86 1 4 63 98 17 1 66 17 19 16 10 64 96 63 47 26 34 87 95 38 54 98 61 16 64 60 77 18 31 57 28 82 63 65 8 75 80 49 74 21 100 99 6 96 75 96 59 76 74 54 45 88 44 20 34 36 38 45 39 19 78 7 52 53 61 54 69 75 96 61 57 52 99 22 90 91 98 43 33 14 61 65 38 13 45 69 43 35 41 17 90 95 84 72 34 86 19 25 12 65 27 39 60 90 59 41 75 23 98 56 5 20 76 6 86 83 100 24 19 31 95 100 90 33 38 8 60 87 46 94 82 79 42 31 60 64 21 91 92 79 45 17 98 5 34 7 19 38 95 39 17 72 92 18 32 67 58 
29 27 61 70 5 98 3 84 53 32 87 87 2 72 19 8 31 19 11 51 39 93 82 3 79 38 94 13 5 19 50 17 41 87 29 8 30 99 26 71 88 93 42 52 86 56 62 12 93 47 84 40 93 76 3 25 75 69 96 16 50 19 34 43 38 50 52 91 67 58 89 90 2 93 72 76 32 41 24 96 39 90 2 66 72 41 50 87 87 71 81 80 31 25 76 23 53 4 33 27 97 48 58 57 31 96 35 18 76 69 31 100 11 60 4 31 22 10 40 91 7 94 41 48 26 98 93 87 1 46 44 45 15 99 90 19 92 8 62 39 75 92 63 31 73 76 28 91 38 60 28 86 1 62 7 31 45 85 32 86 45 57 46 12 91 81 57 84 75 21 27 22 85 89 67 69 87 85 35 27 78 61 90 41 12 98 99 17 51 53 7 30 97 81 23 0 75 87 96 82 99 17 96 51 17 45 2 64 44 75 98 32 76 83 86 90 90 88 69 12 79 11 50 49 52 71 51 80 81 74 84 100 11 99 5 55 17 33 96 41 68 85 60 12 83 74 26 30 44 45 97 65 76 71 97 5 12 51 91 4 64 14 31 56 13 22 93 51 14 19 81 50 97 47 96 69 62 82 26 50 71 2 49 84 95 21 19 18 14 57 98 67 74 2 40 12 32 70 98 98 
40 96 64 99 23 50 85 94 4 39 68 61 19 86 92 70 38 93 19 67 47 63 52 41 29 5 85 69 27 72 86 41 81 43 96 2 56 78 81 50 59 74 41 48 69 69 31 12 25 74 14 78 20 14 89 86 60 13 36 49 60 0 3 64 79 66 91 16 64 42 10 44 92 52 98 67 69 98 32 94 39 58 92 53 84 97 6 39 11 95 17 76 38 47 91 94 49 27 95 97 67 10 98 86 39 71 6 26 32 15 22 2 37 10 26 38 19 4 1 83 89 92 44 23 14 74 18 13 20 52 95 7 20 94 71 17 50 88 16 35 4 44 0 7 19 99 22 28 29 56 50 28 45 95 20 53 69 27 85 40 69 91 44 78 24 4 11 75 87 98 97 64 59 10 28 6 81 93 23 54 7 74 22 78 0 16 52 100 19 3 82 21 85 37 43 100 25 40 72 72 59 71 15 86 80 95 22 84 8 49 34 2 90 10 89 92 47 28 27 14 97 7 60 54 59 75 72 54 40 7 66 38 74 60 47 48 12 78 41 57 31 95 17 80 17 65 13 91 73 14 31 96 66 79 93 50 84 62 15 9 69 96 77 7 34 10 55 36 70 3 22 81 91 69 47 16 1 26 24 55 98 79 49 85 7 94 34 98 22 15 30 22 21 17 66 49 78 69 54 7 
79 54 28 43 56 7 5 19 45 19 92 14 41 63 1 43 58 12 33 93 87 2 96 65 55 23 5 89 78 37 20 22 68 91 20 77 4 38 9 92 29 30 94 48 72 7 81 61 4 96 40 94 19 91 4 26 2 65 66 16 93 13 64 66 7 26 2 73 32 90 78 49 59 49 69 59 31 84 44 2 71 99 16 98 60 1 67 14 38 41 52 76 50 12 68 36 70 55 80 21 93 9 56 100 99 70 79 3 62 32 73 77 92 2 17 36 17 92 18 72 63 21 91 100 79 16 49 43 37 38 82 27 6 1 33 74 31 78 14 7 10 23 79 9 52 5 39 43 64 53 86 37 20 18 45 49 63 11 7 72 65 88 51 61 20 96 7 65 94 70 76 43 34 76 51 44 15 44 83 22 18 97 67 70 19 100 49 57 52 84 22 43 92 79 37 87 88 83 87 96 37 97 72 81 86 8 41 55 42 54 70 17 0 57 64 93 94 53 93 32 29 86 18 1 97 95 42 76 68 82 86 94 89 86 28 14 77 3 94 6 71 85 84 42 77 32 41 19 84 40 43 30 60 0 88 36 34 24 72 14 11 59 17 29 16 40 39 19 85 18 80 62 40 85 25 83 12 31 26 56 38 79 64 37 11 71 88 0 21 57 29 91 36 95 16 13 56 5 22 17 
47 15 32 60 64 98 33 81 9 91 85 73 73 73 89 68 83 46 5 14 13 14 67 58 58 91 1 60 20 29 50 81 1 52 55 62 82 86 28 39 45 71 19 92 57 89 72 47 80 40 69 58 24 83 41 20 35 62 43 89 76 84 88 96 21 88 46 47 72 62 9 29 45 69 21 72 22 81 57 46 78 0 25 31 86 41 46 33 55 75 94 19 92 9 2 33 99 38 21 40 87 72 77 57 75 63 9 87 44 75 68 38 32 94 11 73 39 82 46 2 69 29 88 93 64 32 29 10 6 43 58 35 81 97 65 50 4 86 0 88 99 87 67 5 99 62 71 43 63 33 59 6 5 66 14 57 93 85 8 25 32 75 64 84 63 73 23 32 2 9 60 77 84 58 94 95 23 13 1 43 53 77 83 83 26 42 83 15 31 83 17 56 53 82 5 98 48 63 21 16 72 0 7 7 56 67 38 22 67 12 8 80 37 34 26 57 70 94 73 4 45 48 29 29 32 17 43 25 9 18 73 37 57 75 65 32 19 21 56 21 23 72 40 71 1 28 89 47 82 82 49 20 59 88 50 43 18 39 34 1 73 75 65 93 38 29 66 82 53 64 78 29 89 58 59 37 79 43 44 24 36 32 66 74 57 34 52 17 84 0 44 98 42 59 45 12 54 53 31 73 
45 12 28 16 84 12 72 93 85 65 82 46 40 63 1 85 5 76 59 97 99 57 68 98 36 4 1 27 66 15 0 42 64 28 72 16 71 31 47 86 28 51 77 99 88 41 14 97 77 84 40 10 38 3 65 58 100 44 6 86 95 41 20 82 18 42 12 66 26 37 31 56 13 58 70 22 72 11 32 81 29 32 18 0 5 94 3 41 70 92 44 5 47 32 24 77 5 37 84 60 23 84 93 5 64 54 10 5 50 99 60 85 19 87 2 7 28 59 51 43 25 14 39 65 86 86 61 42 51 38 29 14 37 58 9 23 60 2 59 27 41 87 3 88 74 0 98 11 26 68 14 2 46 42 48 50 47 21 0 73 33 86 59 59 64 38 1 74 24 57 86 75 75 16 66 80 74 51 71 83 34 53 81 14 81 68 15 17 70 38 33 62 55 18 95 4 49 54 71 14 76 0 25 35 10 45 64 18 39 23 35 7 93 86 14 20 61 6 43 41 89 81 5 69 57 7 51 46 67 69 61 7 4 20 70 53 100 26 36 34 70 85 30 87 27 11 84 16 57 37 51 53 44 40 5 27 69 58 86 7 15 15 99 94 92 21 44 50 76 28 27 57 72 85 24 2 48 71 73 6 0 5 95 9 44 16 12 78 63 15 98 21 55 90 78 54 52 44 49 66 
3 97 24 72 52 8 80 21 42 46 52 81 4 75 93 65 65 28 2 10 53 64 91 44 5 75 66 62 0 4 70 79 64 59 31 21 9 35 41 4 37 74 4 60 42 48 59 100 64 65 17 34 8 35 17 34 6 35 87 63 29 93 67 4 83 0 28 60 99 18 7 49 70 47 42 8 95 7 18 10 16 94 29 98 56 46 20 85 78 18 24 46 70 29 9 99 16 7 37 74 34 2 36 19 67 27 55 71 0 93 87 26 50 88 70 64 67 60 84 30 76 23 6 19 62 26 54 74 8 35 37 98 88 11 43 37 98 49 100 15 42 68 22 1 68 80 66 30 63 53 22 67 24 68 28 12 34 5 59 38 16 76 6 89 72 37 68 57 84 95 81 22 85 78 21 67 93 50 95 34 68 99 96 13 9 51 6 82 40 70 95 6 94 15 5 8 31 3 87 58 54 77 27 99 2 11 39 33 84 25 19 0 39 0 4 61 17 80 83 35 69 53 47 21 31 96 13 35 1 70 38 32 86 85 5 33 49 4 64 47 56 98 71 81 6 17 40 31 99 20 24 63 9 37 53 84 19 16 53 65 10 76 5 61 38 60 59 9 78 62 21 8 87 42 13 43 51 62 62 68 97 80 41 83 5 67 99 96 63 63 85 12 42 44 58 65 66 71 4 75 
5 6 11 38 86 31 16 69 46 61 71 90 31 94 6 15 83 25 80 59 87 23 15 69 96 57 32 59 4 38 45 32 8 24 63 80 5 23 49 87 36 62 82 4 23 6 77 57 3 27 93 41 45 2 84 84 61 49 82 38 99 83 52 89 79 70 59 67 58 78 33 11 16 64 75 29 31 47 60 44 1 0 43 100 100 33 55 7 59 34 43 95 38 57 23 22 82 9 84 28 79 20 73 15 54 93 29 97 91 38 25 11 60 97 76 42 48 82 56 9 11 24 87 1 62 75 39 25 80 59 50 40 96 83 87 91 66 21 73 18 66 14 11 3 72 13 12 48 18 7 73 6 74 8 8 11 24 59 18 97 12 25 21 68 26 57 51 97 94 48 85 29 77 20 45 43 60 73 50 2 38 35 12 100 71 22 89 93 78 74 90 80 92 85 44 60 59 29 36 57 81 92 1 25 43 57 19 18 47 18 58 76 4 65 58 77 9 31 77 19 89 56 87 48 58 75 97 63 16 31 82 26 9 97 99 96 70 62 36 52 6 3 4 71 80 35 91 60 98 18 21 43 49 88 62 74 52 58 63 45 13 20 100 34 19 75 86 51 3 49 69 98 22 52 26 23 2 53 82 22 40 85 68 8 58 30 99 37 77 75 26 7 66 76 37 40 33 39 87 13 
0 68 77 59 80 19 47 37 53 77 40 91 21 38 21 26 44 18 81 22 28 55 62 52 51 62 16 58 82 81 4 81 33 20 43 53 87 83 16 55 18 77 84 26 15 56 48 86 64 49 91 12 61 18 52 78 5 67 66 94 92 96 100 90 4 78 66 42 26 66 85 40 4 73 69 98 69 62 71 72 6 37 79 92 24 69 52 32 67 54 58 31 82 88 52 26 6 51 94 13 9 11 41 61 16 50 9 29 28 52 99 50 77 69 71 26 50 70 8 93 87 22 65 50 8 57 33 62 31 3 56 4 17 3 92 5 57 61 92 38 50 83 20 74 40 54 39 59 46 88 63 32 31 12 39 81 58 49 69 55 1 10 19 77 79 36 58 34 34 52 32 43 64 21 82 63 35 51 42 34 39 72 100 74 36 9 66 75 38 16 55 46 74 85 96 0 49 66 77 72 0 69 7 1 28 37 84 51 38 28 61 75 87 65 30 61 55 55 21 32 19 42 44 41 11 7 58 97 8 0 78 11 69 80 56 8 31 15 96 21 76 21 66 75 73 36 49 13 33 90 69 10 41 87 47 42 45 78 7 80 13 92 47 77 96 73 30 85 57 86 22 0 88 15 85 89 54 70 23 27 17 54 35 0 67 17 88 40 41 34 34 3 18 48 91 12 62 94 68 26 
58 88 46 74 38 21 72 87 41 98 99 64 42 57 37 63 55 9 12 54 72 22 44 83 47 45 14 3 52 59 78 85 76 45 34 8 67 11 16 35 15 54 90 91 26 65 96 21 83 16 69 82 7 25 7 48 47 68 77 22 61 84 14 39 76 5 23 90 12 21 49 93 23 57 18 33 21 58 9 32 60 14 14 12 4 59 59 76 84 62 64 24 31 43 58 25 89 81 82 95 33 84 43 53 52 51 35 2 46 12 3 83 25 23 62 17 93 35 94 6 54 32 15 20 26 25 36 99 30 98 79 52 70 29 9 95 9 53 2 83 17 30 9 42 16 17 81 12 46 4 99 90 94 59 46 47 97 7 49 97 21 97 54 32 35 84 16 64 2 98 35 63 35 100 75 27 100 65 86 30 20 23 33 93 100 66 15 74 100 26 85 14 77 69 53 99 1 85 2 45 94 65 46 89 59 84 92 88 81 53 21 85 33 32 13 37 30 35 66 91 60 81 52 2 70 16 50 61 44 71 45 16 94 77 50 91 12 12 88 35 11 87 29 22 96 99 88 57 43 40 59 95 40 56 30 22 52 9 94 18 51 19 69 31 16 17 88 47 82 13 38 78 91 19 21 54 50 71 54 72 65 86 70 91 62 24 7 69 18 79 70 97 69 48 68 33 20 9 0 97 
76 37 84 46 34 56 19 58 4 89 4 39 46 57 97 99 9 48 89 14 10 57 85 76 76 94 15 90 8 5 94 23 2 63 100 62 5 4 19 29 94 59 94 5 49 63 92 43 52 7 32 26 67 48 77 66 59 67 1 86 53 33 98 63 57 69 7 77 71 73 53 59 52 36 56 29 84 78 25 79 69 78 16 31 68 44 62 48 70 68 85 7 74 72 29 45 1 81 40 47 8 84 61 70 34 86 98 66 8 18 66 81 1 8 73 52 6 62 89 19 98 78 69 4 2 92 22 54 10 75 26 32 82 57 71 78 28 14 63 22 42 1 30 35 89 29 62 13 50 26 14 32 94 82 28 52 54 88 86 74 13 99 27 8 80 88 49 51 38 13 100 81 15 74 69 100 51 17 47 21 88 89 56 3 0 93 82 57 66 96 25 35 10 12 88 99 38 4 82 16 82 48 94 53 39 22 34 95 7 61 72 80 53 84 41 44 19 47 73 72 89 80 2 21 54 69 70 19 40 88 42 84 85 12 46 80 57 72 13 45 64 98 70 74 50 55 78 96 97 44 19 18 15 70 95 58 28 93 95 98 36 21 52 28 74 52 13 86 86 36 25 19 50 86 37 47 71 29 38 49 73 76 34 90 83 20 9 79 97 14 34 6 64 26 96 51 89 56 7 75 
87 76 25 85 37 0 14 93 47 31 18 74 45 79 73 14 28 99 88 26 0 14 96 82 71 71 71 87 8 14 70 4 51 32 68 47 93 74 35 54 28 96 30 71 20 44 5 5 54 4 58 16 14 93 11 83 65 43 30 53 94 61 76 28 69 9 87 30 48 50 15 73 31 71 69 37 7 50 95 24 47 57 82 30 90 36 45 73 18 73 78 50 4 79 83 42 59 70 8 88 79 42 80 56 85 48 53 61 16 13 88 33 35 49 46 23 40 65 75 1 21 61 65 39 34 89 84 45 8 55 48 54 5 17 74 70 74 43 77 28 23 21 24 82 2 24 95 46 100 70 56 1 61 13 91 46 66 22 64 80 27 95 74 96 88 45 51 78 22 93 7 74 51 34 51 49 42 78 97 89 55 4 33 34 98 23 71 92 81 6 95 74 1 17 36 83 35 56 61 44 73 30 38 88 26 92 2 25 19 6 88 40 37 57 30 14 86 10 80 64 27 13 73 91 54 66 38 24 54 69 49 38 36 98 1 1 94 10 19 69 27 75 20 51 23 82 83 81 33 45 82 23 61 13 76 79 99 17 19 5 54 29 63 10 46 8 91 85 84 55 10 5 20 100 52 10 17 79 66 88 29 83 25 84 87 0 53 44 96 50 100 7 51 49 58 73 97 98 2 37 
2 56 46 93 58 4 0 87 41 28 44 6 22 23 3 58 78 65 6 57 88 39 34 99 18 29 32 63 73 59 52 64 5 10 58 43 4 75 5 45 53 25 8 90 60 4 89 41 14 54 35 73 7 18 75 46 33 88 5 90 75 61 92 70 23 64 63 74 68 66 97 78 48 68 61 11 69 29 56 20 88 29 83 90 24 90 57 97 40 47 44 51 80 31 38 31 36 97 40 24 64 56 11 69 22 11 78 19 91 88 21 39 37 33 49 93 34 45 2 28 2 46 31 95 99 0 25 48 27 68 7 30 89 92 36 8 17 85 36 32 84 8 16 1 97 26 56 77 49 54 44 66 10 50 21 55 7 15 49 30 31 6 67 28 48 69 54 54 66 39 62 93 50 15 89 13 73 60 13 53 59 40 24 65 39 56 24 70 57 60 49 65 27 0 73 36 90 32 46 48 99 25 51 19 58 45 1 72 19 20 50 27 80 84 72 69 74 98 48 79 87 57 55 70 56 35 63 46 20 63 18 38 6 71 58 5 47 74 17 8 78 48 16 21 23 76 9 47 54 55 35 85 5 6 3 90 58 100 42 54 82 77 18 6 8 12 31 73 26 62 12 39 83 84 78 88 8 87 72 68 70 89 66 4 53 28 11 2 4 75 29 83 37 72 100 71 49 81 2 50 
53 97 36 3 66 20 98 85 76 31 66 79 88 21 83 80 86 39 29 88 100 79 26 5 70 9 4 79 30 90 28 51 9 79 24 51 40 33 32 60 83 58 7 96 7 60 68 80 44 23 67 44 66 7 72 18 90 83 32 89 79 57 71 48 80 60 70 49 35 13 0 30 55 78 76 11 8 39 73 41 30 69 16 16 22 73 45 27 49 56 74 77 81 42 68 25 26 23 32 95 43 15 4 38 16 26 88 45 17 37 12 25 15 70 52 24 22 45 28 67 100 58 26 35 66 48 6 35 3 4 49 78 20 31 59 90 29 50 98 48 84 0 61 87 39 67 92 44 89 28 79 7 92 99 10 60 57 55 64 26 31 35 64 0 67 52 32 42 84 63 67 19 32 58 90 71 24 24 94 68 55 6 88 19 35 27 6 23 30 57 69 85 85 84 49 96 95 42 88 92 75 44 8 51 13 89 71 53 28 66 25 85 78 8 54 35 80 9 20 24 78 10 91 79 70 1 74 53 86 14 17 17 65 27 86 5 34 79 16 69 65 42 88 61 33 62 23 62 0 31 48 4 75 38 71 38 19 40 35 57 26 28 39 66 64 23 27 87 55 31 60 1 71 34 96 72 22 1 23 84 12 3 76 67 54 34 71 39 92 54 54 50 55 10 29 38 5 70 86 49 
65 30 72 93 54 67 54 34 94 25 74 73 86 13 87 73 94 80 6 55 26 9 75 75 19 38 61 86 64 28 1 64 13 16 52 72 20 15 6 64 89 35 61 43 26 29 68 99 71 6 35 40 88 23 74 82 76 95 17 74 24 87 67 81 25 27 26 93 15 53 52 18 11 26 20 44 35 100 7 11 66 65 42 89 30 71 65 34 73 89 2 86 0 64 26 97 25 19 98 35 63 57 17 93 94 62 70 1 30 2 13 79 95 53 93 100 51 14 9 48 72 92 21 22 0 40 82 78 98 96 36 38 91 50 12 5 14 35 29 45 76 69 48 36 68 27 22 72 55 12 5 53 79 43 71 32 88 96 52 100 82 64 9 13 83 88 40 68 99 78 1 40 73 7 100 50 23 3 63 35 68 65 1 5 21 27 92 84 4 22 64 22 54 71 66 88 44 44 38 22 93 33 42 13 50 64 89 52 75 2 21 37 68 21 91 21 0 74 85 23 78 32 15 75 4 72 88 38 58 93 13 68 51 55 80 56 64 83 62 37 69 42 3 0 22 71 65 55 71 62 17 53 36 1 54 61 96 81 71 64 72 93 38 58 58 55 15 61 66 16 62 43 33 88 94 90 42 57 75 93 17 81 20 93 57 72 52 9 90 86 34 68 40 6 74 55 20 85 41 69 
41 70 0 53 28 29 67 95 7 96 56 82 78 65 2 39 39 29 23 9 21 89 30 63 48 19 2 61 67 13 46 1 93 4 90 15 33 1 55 43 20 62 40 65 41 54 90 23 15 66 99 76 3 65 67 40 61 100 55 76 46 34 12 1 25 96 83 10 58 98 89 79 79 73 85 73 100 67 41 16 89 84 95 81 33 40 78 55 18 90 29 26 33 18 88 54 26 11 63 72 54 78 67 48 10 89 32 93 1 97 20 17 72 95 73 3 80 14 73 22 18 86 39 11 27 20 97 91 76 80 40 4 54 32 43 46 5 67 81 60 68 77 85 33 47 72 11 56 93 67 22 84 41 68 31 16 85 85 19 41 83 16 62 58 84 21 41 24 76 58 49 35 22 93 85 60 47 29 99 15 96 86 94 7 26 24 1 73 94 32 90 51 87 54 2 27 92 33 67 94 75 73 93 29 4 58 22 37 7 23 73 82 98 26 11 64 38 4 85 54 49 58 0 32 66 37 3 48 82 38 77 3 63 95 48 43 28 10 51 71 83 72 65 87 84 68 73 65 71 13 26 77 20 56 68 24 75 61 92 71 39 84 56 65 33 40 41 61 64 7 80 24 47 73 20 48 92 12 64 100 19 67 72 46 50 97 63 3 33 83 95 7 14 99 42 23 46 33 55 47 
12 47 93 100 20 20 19 91 74 11 68 5 90 67 1 99 88 55 21 69 0 97 97 22 51 57 98 62 42 85 48 45 58 39 94 62 25 84 2 12 10 54 25 9 93 62 17 47 47 56 10 26 33 74 75 24 4 21 65 41 20 8 12 88 83 10 37 48 0 62 57 79 97 47 50 64 32 70 92 30 45 80 3 25 88 83 11 32 39 66 91 5 72 94 75 83 46 66 6 67 42 11 51 40 56 41 7 16 26 72 71 1 1 36 3 24 89 50 14 77 40 44 23 18 11 46 64 70 28 63 39 14 70 95 90 49 97 79 24 71 74 41 53 40 42 36 23 30 67 77 24 93 40 72 41 62 83 37 16 69 82 2 57 21 9 64 9 50 75 83 59 27 46 100 49 85 48 13 63 87 86 41 36 72 94 6 31 65 38 96 44 11 8 30 38 48 18 89 13 51 64 0 82 86 98 45 5 55 78 34 37 12 45 94 81 10 32 7 49 88 17 75 85 44 45 93 21 21 40 1 51 67 77 84 71 47 15 98 29 5 80 22 54 48 73 3 11 77 97 16 58 84 24 1 95 92 81 15 23 53 29 53 75 8 19 44 92 72 62 94 73 91 46 58 21 85 87 85 1 62 12 85 5 33 26 48 72 48 91 29 59 73 92 63 47 95 94 74 76 59 
54 74 41 48 19 25 37 5 30 77 14 60 22 70 13 39 3 52 59 29 4 38 74 64 98 71 45 30 7 56 9 30 58 72 94 29 48 13 75 4 35 20 45 95 70 10 94 75 19 87 74 17 38 25 56 78 89 16 3 96 83 4 18 57 3 90 79 66 21 92 78 81 65 67 14 64 80 23 91 74 91 67 54 7 89 71 29 18 88 43 68 9 38 98 47 54 36 67 22 74 16 36 67 93 100 44 54 72 17 26 12 83 89 68 73 89 66 62 68 68 34 18 22 56 94 30 72 18 33 85 46 79 72 51 63 70 32 15 83 16 70 9 79 71 19 24 60 26 27 90 73 91 59 63 96 66 61 55 4 88 56 68 1 50 73 20 0 84 20 56 73 62 18 80 11 40 82 26 76 24 46 3 74 20 33 44 78 59 62 2 66 29 17 8 71 73 39 80 16 77 17 35 12 51 30 25 32 86 81 21 50 99 97 70 35 100 64 66 77 0 77 38 81 24 95 37 8 58 48 41 98 38 59 55 26 87 1 32 19 46 14 67 82 75 34 26 91 34 87 100 30 3 43 18 59 77 93 63 15 40 74 34 95 23 66 21 44 96 63 89 9 60 37 13 9 71 53 62 9 95 6 47 85 65 95 46 97 96 92 60 48 19 61 97 52 31 69 77 88 43 
67 76 59 33 69 22 33 60 32 45 27 54 79 60 90 38 21 27 10 12 99 44 95 93 5 96 39 31 94 28 70 47 75 67 10 43 21 85 47 22 35 84 88 89 17 76 8 9 53 70 1 74 57 20 91 70 20 7 29 95 42 97 29 41 25 42 12 65 54 78 91 90 57 99 66 100 80 26 54 99 22 85 85 60 16 1 80 53 98 10 25 14 70 44 8 60 84 14 78 79 81 23 85 87 24 97 53 59 23 15 37 44 57 70 46 75 75 52 39 33 43 27 1 14 92 20 21 99 46 61 52 13 9 89 68 59 70 83 100 17 21 13 53 9 41 22 9 93 52 46 12 40 27 91 4 20 86 33 83 90 100 31 14 6 85 18 40 68 73 11 82 21 86 25 10 98 24 57 45 97 95 86 12 7 27 30 59 62 33 82 0 54 69 90 48 70 65 36 30 94 34 21 26 57 89 25 67 67 2 89 83 42 83 63 59 85 8 71 24 5 12 74 39 67 28 68 20 53 91 37 49 59 33 18 37 56 18 17 21 41 82 33 41 11 85 32 41 7 66 55 39 91 7 20 55 64 66 37 53 79 25 52 25 47 8 9 56 4 35 54 35 70 85 95 19 66 65 87 53 7 9 98 7 23 9 22 22 53 51 2 68 56 22 13 51 95 33 97 98 38 
39 68 6 96 63 25 85 36 8 84 13 73 35 49 72 15 30 39 32 51 92 47 77 96 84 57 55 78 58 37 58 17 24 52 27 28 33 84 42 89 22 84 56 68 27 0 79 53 26 0 52 69 55 18 80 96 97 16 72 90 38 1 17 16 75 5 94 21 75 3 86 59 92 41 10 42 82 32 95 61 59 91 71 5 37 99 40 13 49 79 100 91 45 89 28 85 6 11 1 44 35 41 64 96 88 53 82 78 75 3 50 30 81 29 84 76 24 21 85 99 68 43 52 7 10 27 69 64 5 74 65 37 88 7 9 17 76 48 62 100 90 79 37 26 62 29 51 75 78 83 16 33 96 26 15 11 15 96 77 23 48 92 19 34 74 51 2 50 38 48 43 88 16 50 18 54 66 29 15 8 49 72 3 39 20 88 99 6 34 20 92 21 26 24 36 97 19 66 34 64 14 40 39 21 12 32 88 41 81 100 12 6 40 61 40 100 80 73 25 12 92 8 66 43 19 15 20 58 82 92 42 41 82 68 89 44 92 24 33 27 73 74 99 43 12 44 77 90 53 66 17 96 37 89 42 78 71 96 99 12 0 39 92 30 98 5 7 67 4 28 79 13 23 42 67 83 48 48 38 3 81 100 100 26 57 11 69 25 17 22 94 57 21 62 47 29 23 2 93 56 
72 75 65 79 35 12 34 70 74 55 24 33 39 41 32 68 3 99 39 51 43 2 13 64 31 34 65 30 70 32 23 5 26 48 31 95 58 33 31 38 35 28 100 55 72 75 94 5 41 56 24 7 72 69 40 53 27 46 3 21 3 25 82 96 14 81 6 63 37 1 48 62 14 75 70 10 79 68 85 44 29 96 21 57 32 50 7 20 29 68 59 25 73 18 70 90 19 10 71 64 72 23 81 33 46 21 86 53 53 56 7 81 45 12 1 11 66 25 30 10 33 5 8 16 15 6 81 9 96 60 59 34 84 60 65 64 52 84 10 76 58 76 3 20 71 94 86 76 66 93 2 2 4 52 7 75 44 31 94 67 38 3 9 27 5 80 19 75 75 70 76 41 28 61 70 16 91 49 4 92 0 93 51 81 77 33 100 69 61 43 42 26 26 72 85 4 36 61 40 57 70 1 66 56 51 35 38 20 95 9 58 0 26 54 44 39 2 12 78 69 45 62 8 41 15 29 32 46 58 28 50 73 40 92 72 88 100 10 1 46 83 88 59 31 32 20 38 75 77 10 17 24 45 69 10 62 79 71 76 83 23 100 41 31 81 11 51 100 44 35 7 5 30 69 9 9 69 54 6 98 84 81 6 27 29 15 68 88 92 3 34 37 59 15 36 17 70 61 0 43 
36 35 93 65 13 86 21 62 66 79 29 44 78 39 5 27 99 11 44 34 55 4 85 18 27 28 12 52 9 60 26 22 38 71 83 19 75 68 28 31 19 19 7 97 17 40 6 91 66 8 55 55 13 70 7 83 63 83 85 69 56 11 38 82 54 91 49 8 0 48 52 63 21 81 5 12 45 20 27 92 76 62 30 32 94 76 1 14 4 60 42 68 82 0 82 50 49 83 7 38 42 85 35 70 8 53 71 62 80 42 16 72 15 31 74 73 0 85 79 65 87 12 57 28 34 17 65 88 80 81 81 82 45 63 76 98 81 72 34 63 35 72 29 81 17 4 27 10 39 79 42 88 66 16 39 28 64 99 85 42 14 31 33 69 27 62 80 11 11 52 91 71 20 93 47 82 22 48 44 0 97 34 64 35 61 78 44 82 94 44 2 54 20 17 13 15 5 25 78 21 37 45 100 33 17 99 56 52 53 9 95 51 36 1 84 68 57 53 59 48 57 73 30 99 89 46 93 33 95 76 81 7 20 24 75 78 43 56 89 12 36 14 46 38 80 55 85 26 51 11 84 56 28 35 83 5 26 99 36 71 49 73 24 19 31 86 41 88 7 44 41 88 29 12 28 83 60 65 97 95 89 74 5 13 38 53 63 63 42 80 9 66 34 70 16 37 61 66 91 68 
66 82 38 84 22 87 10 19 62 3 30 62 52 9 5 42 37 29 47 71 2 26 12 46 22 44 78 100 57 1 26 98 42 75 95 83 5 66 4 16 77 73 44 23 88 6 6 42 83 64 33 40 45 92 56 55 31 53 33 76 49 73 87 0 62 51 25 82 89 59 34 61 90 24 96 67 42 90 60 72 81 10 37 91 11 87 74 92 66 41 72 62 61 1 27 72 44 14 78 71 71 80 48 46 21 83 53 89 10 36 94 46 10 1 4 28 99 37 12 74 12 22 34 67 75 44 15 12 54 42 16 34 94 41 71 78 15 61 21 96 90 33 44 48 77 38 15 69 85 81 93 55 9 6 36 25 25 96 6 10 79 52 45 39 1 39 33 0 14 91 23 44 44 94 41 68 19 67 75 37 98 39 59 35 22 81 57 86 71 84 83 1 78 52 38 83 47 70 30 57 19 58 65 5 38 78 4 31 10 87 82 13 5 34 53 88 96 88 74 49 16 13 79 78 41 3 37 55 64 6 52 89 53 45 62 15 16 52 41 93 80 77 29 12 9 28 23 72 46 2 84 76 67 19 50 45 92 26 77 67 61 30 10 16 62 47 33 63 20 60 76 35 47 99 88 51 76 34 93 55 67 72 18 55 25 98 10 95 33 76 11 77 100 15 32 100 37 69 18 62 
