400 400
80 30 79 75 25 2 42 75 30 72 9 18 34 59 39 0 80 0 13 39 65 1 24 84 3 69 36 18 23 92 71 78 50 15 12 83 74 85 65 76 8 81 73 87 19 46 74 97 100 36 74 4 50 21 37 62 76 80 84 16 39 32 81 25 44 30 32 40 76 93 32 77 87 88 35 18 56 87 37 93 10 65 70 22 31 63 94 67 1 54 0 40 25 22 85 10 56 2 15 41 57 14 72 73 10 95 15 47 1 6 50 46 84 18 10 33 24 84 83 24 26 94 7 14 35 59 6 25 41 60 92 65 49 17 36 98 4 55 93 89 16 28 14 93 27 84 7 84 11 41 29 43 85 57 77 69 73 74 80 32 88 70 42 16 93 31 66 30 83 89 33 20 2 12 69 39 78 4 38 40 30 18 72 78 49 39 34 98 15 36 90 24 75 98 4 58 27 92 11 39 53 60 46 11 0 35 64 96 52 29 75 83 60 55 73 95 65 15 74 80 78 93 32 60 0 30 97 76 50 13 55 80 46 72 70 88 83 87 64 52 27 13 74 10 47 64 95 52 61 67 26 18 78 7 100 89 52 79 8 81 93 76 24 32 53 64 6 56 57 0 40 7 19 29 48 74 13 27 89 55 6 48 17 10 51 47 45 1 57 41 98 75 53 0 63 27 84 44 38 87 14 5 59 82 99 66 56 15 74 51 96 97 61 3 61 87 72 65 62 73 90 79 54 62 43 42 90 67 15 38 69 3 24 75 52 87 79 91 56 9 29 49 9 84 62 86 40 28 94 3 8 83 43 19 66 79 31 83 39 80 25 15 59 40 42 67 85 68 66 86 76 85 21 91 6 94 68 18 86 1 7 44 53 89 74 66 20 74 25 3 4 40 32 15 21 29 70 79 9 39 
100 11 95 54 14 19 35 30 6 96 10 4 94 82 63 73 27 20 23 4 74 39 99 49 86 68 67 24 32 59 65 87 47 66 59 9 72 60 1 10 75 22 29 60 42 17 89 6 15 37 81 98 14 34 34 37 46 60 50 55 11 25 54 47 28 38 68 49 54 47 15 56 4 94 24 36 45 10 5 18 70 71 32 4 74 91 55 50 75 5 44 15 36 9 93 37 84 81 54 75 38 94 34 4 8 7 20 69 43 20 91 34 40 24 64 9 36 95 57 74 56 43 37 26 61 62 0 18 4 41 53 66 31 50 69 48 7 65 5 93 5 12 80 0 14 31 15 80 96 52 74 68 88 28 65 71 22 69 41 35 69 78 71 5 28 65 75 65 10 45 86 94 33 28 5 53 8 63 80 55 13 33 26 43 95 59 43 53 38 18 28 28 19 100 77 20 68 16 78 89 12 87 22 27 74 46 90 22 65 81 82 92 95 24 67 36 78 66 1 76 43 73 93 20 48 27 45 39 41 29 23 58 6 40 16 33 61 14 4 81 50 64 67 50 87 0 58 36 38 20 51 11 42 69 2 51 39 16 98 30 97 99 93 12 80 28 98 97 20 94 23 40 67 18 77 43 58 66 50 24 97 26 35 16 9 5 94 4 12 23 76 98 39 64 52 28 87 91 93 33 32 46 69 100 17 52 65 41 73 97 44 25 83 68 96 23 57 18 95 86 18 78 88 0 84 32 16 37 98 40 49 2 78 89 17 90 83 48 41 27 26 28 19 59 11 93 30 19 3 63 83 21 21 94 70 19 57 74 35 85 42 45 21 60 25 73 36 25 30 21 26 4 57 28 25 79 66 24 65 96 9 20 65 76 74 61 12 100 12 23 33 40 42 69 88 20 10 3 65 52 
79 55 23 44 72 34 79 38 1 69 24 45 23 0 35 81 89 11 55 73 84 7 44 21 6 83 10 17 31 23 39 83 39 5 22 78 19 14 22 23 65 78 72 91 26 92 8 2 13 97 1 79 68 13 25 56 75 34 14 88 58 56 33 73 25 95 65 21 83 98 54 0 86 98 9 74 85 91 88 85 27 30 22 6 97 49 93 81 17 44 29 53 91 100 92 67 10 1 19 26 94 93 48 8 16 94 83 60 49 36 5 41 10 100 42 10 63 64 43 73 11 34 23 98 59 4 24 19 89 27 36 80 68 15 98 25 2 57 35 72 60 100 24 46 52 0 33 21 48 2 93 29 5 36 78 86 52 2 88 19 20 50 77 66 96 55 35 47 65 82 46 6 39 62 1 10 10 42 43 64 92 58 47 39 31 51 35 15 7 83 84 52 70 56 44 22 50 99 62 41 22 12 8 10 19 59 24 84 81 98 90 23 79 19 19 99 79 90 14 90 86 38 98 42 64 7 70 8 69 83 31 20 86 47 37 1 20 79 77 26 94 3 97 4 75 92 31 46 90 5 1 11 9 60 37 68 70 58 14 72 24 65 39 81 60 5 18 1 64 65 96 24 73 73 66 31 7 4 77 78 5 67 69 12 27 85 29 91 25 11 35 86 74 68 67 30 85 45 79 55 30 11 69 60 36 94 35 40 47 87 95 54 81 95 18 96 75 16 63 55 77 16 93 31 67 0 42 3 8 2 20 99 82 57 48 10 63 21 1 30 59 99 92 43 71 61 31 73 6 41 43 15 91 28 58 74 22 82 52 44 33 64 49 88 80 64 14 72 15 38 91 18 70 52 87 8 20 73 71 39 3 29 0 71 28 29 37 0 3 86 53 53 45 42 48 81 25 74 16 17 
85 23 60 64 30 0 8 3 39 7 83 36 18 21 60 56 74 33 88 35 79 80 76 83 28 8 89 10 90 33 57 26 34 19 3 57 54 71 78 59 13 22 51 72 87 12 98 30 99 60 56 75 84 67 5 64 67 1 16 76 9 91 29 45 73 86 22 84 72 100 1 9 50 69 35 41 69 38 43 9 71 4 19 82 72 33 54 36 95 35 64 52 56 18 32 30 73 89 1 26 58 87 87 53 2 59 64 82 75 50 2 66 44 30 19 100 62 2 96 51 12 10 89 32 12 70 59 33 30 44 58 96 23 76 41 96 38 27 12 0 66 82 95 64 78 55 68 41 60 33 87 67 20 74 33 17 3 40 64 87 48 85 98 13 18 12 84 72 38 65 5 68 29 60 4 46 51 33 5 41 70 92 71 13 71 68 34 62 67 17 99 60 94 31 76 68 22 2 17 87 54 9 56 35 62 27 77 7 1 8 95 98 58 24 50 69 80 34 27 0 87 18 48 96 75 7 49 51 99 22 26 90 7 6 74 16 93 24 4 6 59 87 48 30 33 56 2 38 48 33 44 54 96 56 21 96 23 18 22 30 24 20 81 20 60 26 49 18 87 68 72 5 67 21 63 100 51 31 55 76 86 63 32 54 61 85 31 4 10 30 77 80 29 59 25 100 26 69 35 48 26 97 86 52 40 29 82 43 94 77 11 89 65 77 26 98 85 55 68 67 78 2 41 33 64 49 44 5 40 34 63 11 43 21 42 4 28 76 4 75 99 29 61 84 64 34 19 33 93 64 58 78 48 25 71 73 36 3 83 82 59 47 80 77 91 54 83 37 12 11 14 62 4 47 97 29 100 43 4 64 4 66 7 37 74 54 13 6 99 97 74 91 52 23 58 73 94 34 70 95 
16 0 67 77 28 92 20 33 33 74 4 38 75 19 13 25 19 54 9 78 27 81 10 23 51 21 8 82 42 13 79 40 61 72 8 84 95 98 43 18 39 94 37 17 100 93 82 95 26 63 19 70 77 51 39 79 84 12 58 0 11 45 81 80 91 53 79 98 20 80 37 54 20 21 35 72 58 70 49 23 66 61 55 47 57 55 57 53 38 31 42 66 96 44 39 97 45 40 83 40 29 85 86 84 67 97 97 41 4 35 87 85 81 38 99 68 56 41 38 97 30 63 10 77 95 97 6 3 53 25 34 98 37 20 39 37 49 96 65 17 68 93 98 2 29 41 76 64 62 44 84 45 97 30 93 45 15 80 80 74 8 29 46 45 41 30 13 2 23 81 93 40 3 85 23 70 45 35 88 23 100 37 87 14 92 68 63 31 57 59 2 14 27 26 34 52 80 7 21 62 41 43 69 86 18 36 88 62 70 37 100 44 79 52 48 87 24 93 64 94 13 76 0 36 52 9 52 59 91 82 69 84 20 25 53 23 68 82 51 13 11 70 72 78 89 98 8 75 8 26 39 63 83 66 82 42 90 26 96 27 37 47 90 37 56 71 40 11 83 90 14 10 45 14 9 61 4 18 4 65 16 48 71 56 43 35 6 27 39 54 84 45 53 28 97 6 37 52 36 89 51 49 97 21 99 9 71 85 29 56 25 39 67 78 28 28 22 7 5 11 79 24 83 94 49 99 44 75 9 48 33 50 16 55 16 42 4 81 90 16 53 23 52 74 76 33 60 24 24 7 18 18 96 63 57 12 13 84 58 52 36 27 93 60 80 17 64 51 64 32 16 29 44 34 92 19 6 91 45 31 78 98 16 26 26 55 82 70 86 20 72 28 82 52 79 78 94 5 33 46 
91 4 52 2 20 41 55 95 66 28 31 69 30 96 46 40 41 74 34 47 95 59 94 81 15 59 19 95 37 33 40 5 28 29 39 39 10 78 57 7 38 39 30 38 86 50 87 81 18 75 76 35 45 1 61 28 91 80 65 13 99 85 30 13 70 30 64 97 77 94 62 93 21 36 51 50 18 71 23 45 58 75 93 33 27 21 98 18 4 42 9 40 1 25 70 28 92 28 48 99 89 1 6 79 3 57 2 36 13 33 97 95 54 64 87 45 71 39 76 55 100 55 72 99 84 56 46 80 63 42 75 31 61 76 54 77 26 39 42 66 32 77 95 82 98 15 88 18 60 58 56 89 20 89 62 79 42 83 71 81 39 91 93 58 77 89 7 19 7 47 57 52 4 61 97 2 78 62 75 16 10 96 13 18 36 29 57 72 84 48 48 45 60 35 16 87 27 53 59 30 79 27 60 90 17 100 67 77 44 73 50 81 16 15 70 87 67 62 3 80 72 17 46 8 32 15 95 76 96 2 69 0 2 89 96 96 51 13 94 50 87 73 29 24 48 49 85 33 20 15 44 78 43 33 2 36 29 29 14 66 14 75 64 33 15 36 27 52 51 19 43 84 10 47 35 54 85 47 91 90 50 94 89 59 55 45 77 20 72 60 72 3 22 82 23 13 18 60 69 31 26 80 47 93 44 73 100 66 59 50 28 83 62 26 58 21 98 78 39 69 69 74 18 28 75 6 30 24 7 37 4 42 12 20 96 29 14 87 95 61 94 57 74 55 77 99 84 27 59 20 89 37 26 67 27 90 73 30 70 95 54 53 6 33 14 14 93 15 26 15 13 70 78 89 89 39 27 8 26 43 62 85 1 51 63 38 100 26 53 44 87 50 100 50 31 17 28 7 38 91 
25 44 11 0 87 53 3 25 19 69 29 37 37 20 26 84 23 35 87 4 53 26 54 21 74 34 95 39 96 54 17 65 55 95 27 45 60 38 65 77 99 56 89 7 16 96 72 7 17 69 21 44 91 73 38 34 96 97 37 44 14 67 44 68 18 38 2 16 25 32 1 14 35 91 28 89 65 82 46 56 90 77 75 83 18 46 75 59 13 57 14 14 2 45 73 31 88 75 90 60 17 45 63 18 41 28 100 100 38 12 39 57 2 45 56 51 19 76 86 94 55 21 60 29 7 9 91 24 9 35 26 53 64 17 66 42 58 94 55 51 20 84 83 71 34 23 30 74 26 96 6 40 69 80 0 30 100 42 26 46 65 39 44 12 29 45 49 91 47 85 67 54 51 76 48 87 59 87 93 10 61 48 32 40 11 45 78 61 2 0 45 8 94 36 9 59 49 93 57 40 69 9 73 55 18 35 91 49 55 98 8 44 82 76 3 93 7 25 4 82 98 66 92 61 50 60 41 78 42 29 54 46 87 21 42 17 35 39 31 17 74 72 47 39 10 30 35 34 68 31 0 78 24 30 73 8 89 22 54 2 74 68 5 46 26 31 23 43 98 81 1 88 32 58 84 71 87 71 90 83 36 96 91 1 86 36 24 70 17 11 46 54 46 44 89 29 73 23 22 33 54 11 50 62 79 98 22 92 75 79 88 50 8 60 62 59 45 57 11 74 40 88 65 54 70 63 70 43 86 81 4 31 97 54 19 9 85 45 50 20 52 68 74 86 72 74 48 89 3 30 34 73 78 95 100 71 36 78 73 81 75 81 51 61 80 100 46 47 77 18 67 89 85 22 76 14 55 92 40 97 67 1 51 75 49 8 61 3 91 24 76 70 5 89 10 44 90 61 63 5 
95 36 86 22 0 17 61 87 18 25 43 17 83 62 85 14 43 97 0 12 35 49 85 21 79 37 20 69 78 92 12 64 75 94 78 1 49 25 73 82 66 28 16 67 30 2 73 40 97 65 99 3 99 24 0 79 85 53 70 89 96 79 81 33 51 40 29 76 92 88 83 95 44 57 46 93 93 67 91 51 12 85 87 43 81 44 16 52 5 99 98 27 60 89 59 88 86 43 10 91 73 35 55 88 17 82 66 41 60 73 84 13 51 30 22 93 82 48 67 77 2 27 42 26 1 60 70 0 56 25 28 60 0 32 56 14 68 64 52 66 62 85 4 30 67 48 84 31 14 17 45 60 16 76 85 42 55 14 55 47 58 92 76 77 55 70 12 65 38 78 35 30 36 28 0 94 92 68 32 47 31 26 61 58 18 84 29 98 68 98 67 97 43 92 39 31 27 23 18 16 76 94 45 21 57 18 16 27 8 78 40 57 81 48 78 96 22 43 68 1 18 20 18 88 33 38 52 43 73 59 43 79 80 69 7 55 31 4 21 97 21 90 21 25 52 34 48 78 32 44 72 4 53 70 73 52 72 30 86 31 45 74 13 48 18 59 85 83 40 15 90 52 18 30 66 69 3 88 35 38 80 42 88 11 58 13 70 90 11 48 86 2 52 8 37 54 65 81 78 92 85 88 70 61 60 98 22 27 95 99 4 8 65 69 64 93 32 59 14 45 96 38 27 84 86 27 57 72 18 85 72 45 2 71 49 12 22 34 69 59 29 23 3 13 50 24 88 70 81 57 99 91 86 29 37 3 18 76 8 4 15 68 80 56 59 56 20 8 14 61 57 38 62 89 94 39 89 92 51 89 82 20 49 29 44 25 81 10 96 93 58 63 92 58 31 31 90 85 49 72 
63 6 28 87 19 45 53 45 5 20 73 2 20 27 22 21 71 87 23 62 37 42 42 33 7 32 32 4 7 90 89 60 45 58 20 81 62 57 83 29 95 80 20 29 53 53 82 26 89 45 100 33 56 37 22 23 66 93 67 24 60 57 62 100 54 67 88 67 81 96 20 49 92 81 100 87 49 78 66 96 88 37 73 88 22 47 77 30 16 29 99 37 26 23 40 5 25 18 55 98 62 43 14 8 72 10 29 35 26 96 53 45 93 62 12 56 31 13 5 65 69 11 85 62 99 74 8 19 81 46 43 74 98 13 88 30 82 68 64 60 67 45 91 10 48 15 43 57 96 86 85 97 64 9 70 29 55 45 43 30 17 2 44 13 9 89 37 58 10 37 45 87 43 22 73 34 61 96 23 10 37 21 58 93 96 88 15 56 56 26 22 83 64 21 6 67 40 22 28 97 24 95 93 85 47 91 37 26 42 73 52 36 95 54 34 87 94 77 30 26 91 88 11 19 93 52 99 36 47 34 4 67 27 83 54 99 7 52 41 54 68 58 64 15 12 93 18 31 93 82 3 48 74 13 31 87 2 99 98 78 82 8 51 20 82 5 10 14 54 12 29 51 99 40 77 15 34 28 60 81 6 91 44 72 72 34 32 66 96 93 15 44 29 44 0 49 33 77 55 57 58 43 79 56 66 97 50 30 2 47 40 85 95 82 97 37 76 54 71 86 89 36 69 11 35 48 34 39 92 96 51 30 59 0 11 26 28 71 31 78 32 87 89 91 89 19 64 53 15 71 40 40 82 47 44 65 21 75 86 1 46 6 36 98 69 81 2 22 71 78 25 65 95 68 50 74 14 22 96 46 80 93 93 78 27 13 20 40 28 25 68 6 25 10 66 88 44 99 31 1 
59 22 60 84 39 66 61 79 98 31 10 29 61 56 17 82 34 13 13 38 78 20 52 30 85 23 60 61 61 68 33 77 38 0 47 25 14 72 10 80 5 86 18 66 60 66 62 68 81 5 83 91 37 63 39 44 0 67 33 10 34 3 6 96 63 5 29 44 66 8 29 15 84 31 87 16 53 64 21 50 71 23 88 72 20 50 20 79 99 33 34 98 93 0 83 68 77 3 36 50 80 41 5 75 12 3 65 9 33 48 38 1 8 55 43 33 52 45 27 54 70 38 10 86 59 88 30 32 15 42 69 79 18 56 55 62 5 64 49 46 63 78 55 62 4 52 8 60 74 5 11 100 79 16 37 30 71 37 70 88 96 11 88 16 22 98 20 90 16 49 84 63 71 44 80 94 93 72 95 48 85 81 57 1 30 39 73 5 88 1 56 31 30 28 3 95 39 4 72 52 54 35 14 14 97 60 23 18 90 92 37 1 31 10 16 6 2 95 16 66 82 96 39 31 93 96 62 19 92 13 99 68 54 91 82 52 47 54 51 80 19 14 22 67 88 100 34 75 40 41 91 95 31 21 72 37 75 54 46 17 63 76 85 11 96 76 98 57 54 70 36 25 79 35 72 49 21 45 73 33 98 77 40 4 89 39 95 69 61 62 22 66 37 97 8 27 59 17 11 71 80 40 89 1 62 13 4 54 86 78 22 44 27 28 10 58 69 97 97 34 39 57 9 28 37 19 49 73 31 58 83 55 48 90 24 51 89 57 97 43 93 70 99 20 12 85 47 7 71 96 0 14 96 76 37 54 45 61 86 58 1 77 40 64 49 4 61 66 18 20 81 31 35 28 4 47 5 71 6 15 14 77 80 5 70 10 95 64 71 80 83 25 36 12 89 46 84 68 34 61 
62 26 6 85 84 77 41 97 14 30 13 22 0 86 21 93 98 99 76 63 42 49 93 33 28 15 13 30 61 31 12 13 72 29 67 69 83 83 3 26 42 93 36 67 7 45 33 4 73 28 59 54 44 62 86 82 82 22 23 46 68 66 18 20 70 40 81 51 1 98 34 69 39 71 44 57 8 83 48 15 85 38 32 30 25 3 65 7 11 18 81 54 4 29 86 60 56 8 32 96 61 87 76 7 35 12 92 5 70 2 59 18 44 12 12 36 58 65 56 91 24 89 47 30 47 84 18 2 21 5 93 43 100 84 78 6 14 2 46 17 56 97 1 76 56 18 1 37 37 13 26 17 5 54 99 98 73 94 60 70 21 42 28 88 49 81 46 82 46 24 40 49 80 35 78 61 37 40 11 81 81 85 81 4 27 26 6 49 84 19 95 18 98 51 67 57 4 11 29 22 90 78 76 58 82 43 60 2 24 57 27 21 40 93 59 8 65 75 93 83 38 54 39 25 23 30 25 51 65 100 57 91 82 29 38 81 53 97 95 69 74 76 58 21 76 82 64 37 13 55 34 86 92 100 34 36 2 50 23 73 6 43 78 36 99 19 41 57 4 99 86 45 53 38 55 38 12 40 66 42 93 10 68 14 13 53 49 21 13 10 54 51 45 98 92 26 3 93 45 7 43 14 20 17 15 10 91 46 90 33 53 67 55 100 3 48 96 11 24 91 17 62 39 35 53 100 78 6 17 94 41 25 79 4 12 69 0 30 82 3 42 25 91 95 60 43 79 44 4 9 52 57 67 25 80 13 46 99 34 46 11 94 65 10 96 74 95 39 22 78 51 78 23 35 42 82 96 39 3 52 58 87 87 64 87 24 87 10 44 98 61 16 64 3 3 69 5 40 66 31 
90 40 68 70 86 62 80 42 9 54 20 17 23 42 75 89 33 57 45 96 78 17 74 34 52 87 60 96 95 84 54 37 32 8 30 0 92 38 71 73 0 75 4 74 69 74 55 50 46 27 74 86 63 49 62 65 14 65 90 94 11 51 9 56 16 12 63 83 13 22 74 72 100 60 73 53 62 43 28 44 2 0 69 82 2 42 6 71 98 41 76 62 69 13 70 19 10 92 68 75 0 10 39 6 64 76 61 23 72 68 7 72 48 15 100 93 66 16 6 86 66 54 55 19 37 99 27 12 12 32 44 14 82 84 49 64 5 76 2 96 35 49 22 95 66 84 30 53 77 84 50 71 69 65 71 26 77 17 39 75 53 64 2 20 22 45 49 84 51 12 41 15 88 71 91 12 43 30 9 15 39 40 63 11 86 76 49 13 93 82 18 49 74 8 56 92 27 60 95 44 28 30 82 88 6 38 64 86 83 83 95 30 56 18 63 48 66 0 88 97 73 69 39 20 50 6 26 56 74 79 0 6 89 86 36 47 14 31 88 42 1 52 53 0 92 22 29 97 10 21 22 20 82 71 56 59 76 8 66 72 34 61 43 70 86 56 64 56 92 92 77 65 20 85 3 73 33 13 22 95 66 10 67 26 70 6 27 8 87 77 83 40 8 46 1 6 40 15 87 56 48 30 95 82 36 26 59 15 49 62 34 2 40 90 9 6 100 31 72 91 70 56 66 32 13 94 86 49 63 35 42 81 47 11 68 24 37 92 3 59 49 76 23 47 42 49 14 40 98 16 32 48 3 65 24 20 21 62 80 82 86 30 29 4 32 45 34 28 20 77 1 43 46 8 29 45 51 100 14 89 27 80 34 42 10 73 66 93 84 32 76 7 95 47 56 93 92 35 8 47 
8 54 36 81 74 84 36 76 24 5 10 65 78 86 84 2 38 33 27 89 25 99 41 32 40 41 25 25 8 36 36 68 55 99 20 53 6 98 26 80 5 67 42 1 71 23 88 40 50 9 92 83 41 24 1 84 15 91 78 28 62 20 1 84 24 13 52 70 55 57 72 81 13 27 4 30 51 58 73 89 72 96 84 21 38 2 94 62 73 61 97 83 53 70 4 53 81 5 61 8 74 50 43 4 98 62 35 99 59 44 13 8 33 36 52 91 8 40 91 88 26 86 29 60 4 23 50 2 88 86 3 0 37 90 40 81 7 88 60 74 95 2 69 81 45 53 52 91 58 72 93 67 72 89 57 86 80 61 23 83 89 20 50 93 50 80 4 85 38 1 42 47 97 33 80 44 96 52 34 5 32 37 6 21 57 32 40 63 27 81 70 30 98 93 44 50 3 86 64 38 81 95 99 72 34 39 44 31 39 0 46 0 64 27 68 36 30 66 87 47 65 7 37 97 14 74 64 50 40 12 24 47 16 64 51 7 79 33 58 46 13 69 99 37 18 22 48 99 27 39 96 7 100 88 88 81 49 12 84 49 7 100 9 66 2 2 84 66 65 25 22 23 4 52 4 45 100 25 40 53 59 4 30 53 82 13 3 69 90 45 85 19 27 94 52 3 85 48 54 96 21 86 8 58 3 16 80 50 35 23 95 84 61 92 59 47 100 81 76 33 75 42 76 92 61 92 37 59 76 27 17 79 76 3 99 54 91 32 96 74 0 73 35 39 77 89 45 10 97 39 39 51 94 88 2 32 0 49 38 67 91 88 86 19 89 43 60 95 58 71 70 72 63 85 78 95 61 55 56 38 17 15 19 96 20 73 32 26 7 97 30 96 17 21 42 48 83 9 52 16 
84 84 11 96 20 11 25 66 62 14 39 74 0 9 24 24 72 57 76 69 96 27 6 82 6 5 70 70 99 21 4 3 14 61 48 29 16 2 69 61 44 63 25 56 96 36 52 92 31 64 37 18 68 76 37 8 77 47 21 36 99 20 20 35 45 61 64 95 9 74 65 17 43 6 42 40 86 81 61 6 55 27 55 65 48 44 78 45 49 51 83 97 87 98 80 13 37 32 91 17 75 43 25 58 55 39 41 94 93 24 96 66 12 8 68 85 83 40 76 15 78 2 99 28 35 26 24 52 51 87 4 91 77 78 4 52 69 99 66 80 55 22 52 66 10 59 20 95 25 51 47 94 46 24 73 85 99 15 20 81 34 31 60 43 95 42 71 39 0 52 1 77 8 17 5 17 55 81 100 10 95 1 88 75 68 4 0 75 43 86 1 88 35 2 55 49 86 8 68 4 52 26 24 45 70 56 51 52 99 26 44 7 95 12 3 22 32 61 76 97 40 84 7 5 15 93 77 1 45 58 59 10 41 31 53 39 55 31 31 78 94 1 88 44 81 26 14 56 72 96 22 68 93 38 15 52 51 24 56 57 61 68 82 62 57 38 9 14 54 4 98 57 78 41 5 24 55 63 29 72 49 95 95 6 48 87 80 38 49 23 85 10 0 1 34 78 72 6 0 26 51 85 95 72 68 52 16 84 77 79 20 92 11 80 54 24 60 15 94 97 28 4 16 32 63 75 6 83 14 0 88 20 6 68 86 84 89 99 45 11 8 16 58 75 48 23 22 52 2 70 53 78 78 27 84 14 69 72 26 53 47 48 85 75 35 25 91 6 85 15 78 63 42 17 52 9 3 11 47 60 30 13 15 64 80 33 76 90 62 21 1 14 76 43 2 60 72 60 92 47 
77 52 70 68 34 43 68 91 75 46 57 91 84 57 74 49 55 49 15 46 91 27 64 8 43 60 75 47 45 73 5 49 65 41 46 43 53 82 89 65 54 82 84 40 85 56 28 50 10 19 5 72 46 75 9 20 29 57 97 60 60 61 89 14 17 92 66 3 64 21 53 75 36 27 88 22 11 49 2 48 86 99 2 81 50 42 43 19 96 33 15 91 17 33 93 73 3 65 67 33 14 29 32 25 51 86 10 94 93 4 29 2 48 88 49 34 81 89 10 89 41 96 90 1 72 88 90 48 78 16 94 74 42 99 6 78 66 35 50 80 34 25 19 4 0 34 82 47 82 47 62 36 82 95 56 82 45 0 4 21 94 50 29 59 77 21 66 40 86 59 36 27 4 64 93 72 80 58 69 53 98 9 79 13 77 63 81 21 94 17 50 85 88 63 86 66 63 77 86 9 3 81 13 43 54 98 95 56 8 42 60 50 29 86 22 30 77 41 63 57 56 55 89 8 45 26 79 63 69 60 84 13 25 49 50 98 12 88 82 17 30 4 59 95 75 74 14 62 21 47 84 5 16 45 87 57 65 35 86 67 100 95 7 63 54 56 2 32 3 75 22 41 6 32 20 40 72 16 21 51 11 38 13 73 11 11 2 91 24 62 32 40 33 42 98 63 35 94 26 95 83 70 35 79 11 37 14 99 1 6 21 33 68 51 22 97 46 13 93 98 95 25 9 75 23 47 85 9 98 26 44 28 72 23 56 42 43 19 12 95 26 94 47 66 89 50 43 60 4 53 3 21 25 49 27 36 99 2 67 4 34 91 22 55 13 41 83 53 18 66 64 50 84 26 43 34 5 69 9 47 77 27 50 10 83 44 64 20 56 53 75 28 74 91 79 46 64 59 36 68 
0 30 21 90 34 45 74 89 19 88 31 54 60 5 81 12 31 1 24 36 63 21 92 70 73 87 95 21 80 93 27 67 61 9 63 76 96 28 93 14 9 93 23 97 89 46 42 4 50 15 81 12 50 65 21 66 88 35 2 66 63 17 7 44 78 53 48 76 100 31 32 41 70 26 98 30 42 38 51 98 40 13 7 41 72 17 24 95 10 7 90 96 52 88 96 68 98 62 78 44 55 88 39 100 95 40 89 47 5 24 92 17 76 64 72 80 4 87 30 24 72 62 99 63 12 69 76 95 65 74 27 50 57 66 30 95 18 14 28 38 15 92 35 57 4 26 14 72 27 98 70 22 78 66 18 29 74 44 69 52 57 84 69 96 4 73 25 40 60 6 0 23 28 14 30 100 55 77 17 23 24 73 67 23 73 66 22 25 61 59 85 48 31 33 12 28 54 26 14 14 0 0 7 53 44 22 21 59 54 35 77 4 14 76 44 35 3 40 41 95 99 3 13 14 90 51 34 100 38 31 28 4 31 95 5 98 5 20 71 5 6 17 51 61 1 29 69 23 89 82 5 99 64 43 87 48 18 45 76 44 52 18 8 54 57 90 37 67 22 98 75 55 47 15 33 8 52 56 37 42 50 90 66 11 44 93 44 61 24 61 90 7 61 14 47 26 87 81 36 20 91 94 62 10 78 57 42 96 96 43 45 86 36 94 22 44 22 66 81 73 87 26 20 58 38 21 51 94 71 58 25 14 65 99 100 27 64 60 70 20 84 83 0 71 60 29 32 100 55 3 74 82 38 37 0 63 89 24 96 20 76 83 75 55 44 74 94 88 50 87 79 23 32 79 63 44 96 51 41 68 54 7 80 24 30 31 38 30 78 53 50 36 90 81 54 39 42 14 5 5 
32 57 53 63 78 9 73 57 98 31 50 44 95 2 41 70 64 4 3 94 74 90 8 23 62 90 57 77 43 94 25 55 10 27 2 7 41 29 81 12 56 13 28 13 95 13 30 33 47 90 64 40 44 58 82 58 23 38 19 98 14 32 17 15 0 78 88 55 96 83 43 78 71 48 25 42 95 63 98 78 86 34 87 61 58 70 53 45 24 92 6 17 56 95 60 11 24 61 90 82 82 35 97 66 52 66 24 53 42 33 50 37 55 23 59 44 41 51 42 30 20 92 46 35 86 6 2 29 45 69 61 27 25 16 1 89 7 59 25 42 92 7 86 54 71 96 46 89 94 59 78 23 8 98 29 24 25 6 35 97 59 35 65 16 37 66 85 67 9 80 60 28 38 85 67 19 51 100 90 60 52 32 56 48 83 67 96 23 100 9 37 33 22 69 86 69 74 45 54 21 13 55 95 11 99 55 49 43 24 24 100 93 35 6 4 14 35 87 2 95 19 68 46 66 66 35 14 69 88 12 90 62 59 5 36 59 90 38 26 55 37 28 24 48 65 56 26 44 43 70 68 16 19 77 87 32 9 59 99 100 40 42 99 25 81 9 36 0 18 44 91 36 1 82 42 84 95 9 56 67 34 98 37 25 7 71 9 31 64 16 43 78 14 58 85 73 17 58 41 72 70 3 41 22 30 42 94 51 7 75 56 12 12 10 82 67 84 98 8 58 98 57 3 92 48 45 76 80 45 97 54 10 10 13 11 56 20 40 8 77 37 61 8 27 12 12 31 90 90 40 34 94 35 39 7 49 75 20 100 14 26 68 18 36 69 54 53 1 49 0 21 4 83 42 38 43 19 25 89 25 16 63 2 46 42 58 72 3 62 71 86 48 68 55 75 45 18 81 12 65 
94 89 51 8 28 43 93 67 76 39 8 78 83 5 29 13 76 20 99 94 81 33 100 98 17 22 56 94 0 11 82 43 36 8 13 88 86 52 85 42 77 35 54 80 76 90 13 64 79 34 70 26 100 89 83 12 35 88 35 33 87 88 98 33 83 60 81 34 75 15 28 55 40 19 23 4 50 83 22 17 93 95 50 12 29 31 57 89 32 99 1 49 55 3 63 70 20 97 72 47 21 8 13 34 49 100 74 39 99 78 62 4 25 8 31 88 89 87 90 47 96 92 87 67 62 40 35 25 54 81 50 22 0 59 90 92 80 88 6 58 72 67 55 24 76 27 28 19 16 42 24 78 76 67 80 0 39 100 39 87 89 100 82 30 50 33 27 40 14 30 74 36 94 5 29 77 1 57 55 64 36 22 80 1 77 83 16 86 43 96 79 38 56 32 11 46 93 55 85 80 88 14 52 17 65 73 26 45 38 35 28 86 29 87 65 18 70 40 86 46 78 20 58 88 48 4 57 62 37 40 90 62 84 53 50 52 75 10 18 69 25 12 1 53 87 47 9 38 7 21 12 43 82 44 32 61 22 25 24 31 74 19 20 19 29 9 59 81 91 33 70 85 69 37 76 53 95 59 0 91 28 84 42 20 5 29 93 66 12 11 35 95 51 39 71 22 67 59 71 4 41 36 53 18 33 2 85 73 89 52 28 78 45 0 23 75 4 93 23 96 46 62 35 36 38 10 13 42 66 65 47 40 67 16 91 79 20 92 41 43 34 84 13 43 33 47 70 35 92 35 89 75 27 17 87 100 25 83 74 68 43 21 40 14 4 1 63 20 74 81 97 31 84 62 88 25 12 33 36 34 4 82 71 73 13 83 52 22 69 70 67 95 22 59 64 65 100 89 85 21 
89 98 5 5 25 65 36 25 97 3 81 49 93 61 11 8 96 87 57 6 78 90 45 17 8 4 65 70 91 55 42 79 16 99 87 59 37 2 1 67 51 84 39 55 4 97 22 31 71 52 78 77 16 94 8 18 55 5 8 78 32 51 92 9 7 32 15 72 83 32 28 95 100 79 13 74 57 2 48 47 72 87 47 7 13 79 89 86 53 50 96 29 99 97 52 43 96 19 4 51 98 38 46 94 15 21 69 33 36 15 67 13 67 21 0 54 66 84 3 42 92 46 66 83 24 21 26 65 46 23 57 65 64 74 26 0 18 8 18 68 64 4 12 7 99 70 9 13 78 81 68 86 92 64 59 21 78 92 61 98 50 23 67 69 36 2 48 26 23 90 25 21 31 69 24 17 17 78 47 13 58 32 6 43 64 5 69 50 94 17 43 0 25 40 19 2 70 78 31 19 96 23 80 97 88 14 28 83 99 39 25 63 38 78 26 60 89 88 89 53 77 57 25 67 78 63 57 82 57 8 10 42 74 64 45 7 30 68 38 25 57 56 40 3 96 26 98 36 34 42 38 61 67 6 93 91 94 21 40 19 59 87 32 100 82 55 14 94 32 83 47 22 86 42 84 85 81 56 24 74 75 17 28 57 50 29 56 10 98 68 48 20 49 96 27 8 25 78 16 74 91 74 18 87 70 66 61 29 87 0 1 92 24 72 46 57 1 1 96 28 74 22 23 2 71 41 44 70 99 15 98 16 70 65 67 78 20 23 22 89 26 40 45 90 90 18 14 58 85 13 64 53 32 78 4 45 88 40 7 96 50 86 98 86 89 23 25 6 76 84 20 19 53 79 53 90 18 76 79 61 16 81 25 14 1 36 20 26 17 15 15 61 61 40 37 20 66 12 96 48 
60 85 39 78 11 75 23 86 70 14 71 48 26 23 99 47 9 92 12 14 52 67 47 89 61 50 5 54 53 12 96 19 40 20 68 69 54 40 23 92 87 4 84 37 30 48 100 93 81 35 99 22 4 68 20 37 81 81 64 64 4 59 50 85 68 47 32 65 76 89 58 74 39 46 59 66 37 91 84 58 76 17 54 60 12 76 100 3 68 11 91 89 4 13 1 54 18 24 12 35 56 28 53 39 75 87 39 71 7 30 96 72 73 6 98 75 56 42 12 37 64 4 32 48 27 91 71 85 29 59 27 65 61 35 7 79 32 97 63 44 73 23 20 31 49 18 55 64 82 3 20 57 19 14 100 95 0 44 18 24 7 60 33 63 57 7 99 98 23 81 20 54 59 52 66 90 92 23 41 83 48 91 30 43 66 33 4 67 16 54 62 1 74 20 3 44 50 48 31 99 5 30 100 40 40 55 99 26 73 52 81 59 30 34 37 69 21 54 66 55 98 70 71 58 74 8 20 67 72 75 87 42 63 64 81 3 1 96 60 40 45 71 59 93 29 72 1 9 64 26 19 77 91 96 53 58 49 1 98 51 45 50 81 49 4 29 89 76 50 37 3 17 20 28 61 23 26 80 38 22 1 94 59 50 71 4 36 47 17 87 44 0 5 45 56 18 73 2 35 31 62 40 14 64 63 21 31 90 80 43 14 62 6 100 6 49 67 96 98 52 61 43 56 16 96 72 10 97 42 72 59 86 61 33 29 61 2 96 70 82 17 55 74 38 99 44 3 29 44 73 49 29 36 94 15 62 19 78 6 33 25 68 75 60 1 39 38 79 37 15 6 45 7 86 50 43 67 26 94 47 100 0 87 45 41 96 0 96 11 92 81 62 25 46 9 21 33 57 13 80 
12 37 58 59 76 69 14 56 26 7 40 80 42 86 33 20 44 2 80 75 47 95 57 61 99 13 24 100 35 33 52 60 30 56 1 99 15 3 49 60 88 34 19 5 98 77 41 10 53 62 98 95 43 35 87 62 19 61 10 77 44 31 53 70 47 51 89 91 76 57 13 99 44 63 26 66 27 58 14 84 90 69 11 91 30 59 88 47 66 13 84 80 36 20 66 74 16 44 1 24 84 52 56 3 42 76 91 86 78 49 82 16 58 56 48 85 21 96 85 66 68 87 80 46 72 31 99 52 20 72 77 9 59 99 17 5 35 55 92 10 28 84 94 2 14 41 82 56 28 47 56 22 56 38 64 65 73 59 67 51 100 80 91 29 31 79 95 3 48 27 92 27 34 44 94 33 95 24 6 99 47 61 92 66 17 44 68 80 55 36 48 66 95 18 59 9 70 93 64 51 66 77 50 82 35 77 44 53 77 0 31 60 91 6 42 70 6 39 85 92 74 99 32 82 11 91 22 5 56 2 65 78 92 23 39 26 48 38 17 86 60 98 32 80 27 42 72 34 92 83 44 66 99 37 44 7 77 97 45 37 18 44 75 77 2 68 26 57 18 59 51 94 36 84 32 48 8 89 39 63 32 64 68 75 95 72 54 72 2 87 84 26 58 86 30 68 38 58 98 17 88 52 45 37 62 56 45 0 11 66 63 38 100 0 15 32 58 36 81 93 75 99 19 98 87 57 39 80 45 62 80 22 55 46 83 76 46 100 35 37 1 55 19 96 11 77 82 80 66 52 98 42 19 27 88 23 98 44 79 58 35 20 17 92 0 83 5 95 46 29 48 67 40 95 91 49 22 19 27 25 7 21 4 5 93 27 86 36 23 82 38 9 34 7 72 31 72 89 13 1 
78 22 77 27 73 73 19 86 5 39 8 57 70 91 4 48 28 44 90 78 49 87 49 33 67 45 30 26 87 11 1 47 95 29 21 23 7 8 77 83 78 46 26 72 88 67 11 99 23 96 83 99 12 37 97 75 64 43 74 45 38 22 84 82 96 49 15 9 36 50 8 36 82 67 15 98 54 45 19 36 59 96 99 22 61 27 90 92 64 39 0 73 79 4 91 80 4 5 3 14 9 80 44 66 30 48 91 12 22 100 7 63 98 84 92 32 38 69 17 96 27 15 64 8 41 24 9 33 81 73 15 58 93 71 78 11 5 31 51 41 81 78 88 21 39 50 90 21 58 100 75 34 49 52 3 60 32 5 2 13 38 26 82 88 36 78 68 90 60 63 69 91 3 75 0 90 97 74 34 40 6 93 7 32 82 1 53 98 27 7 27 0 26 69 59 66 18 19 49 69 23 53 65 49 11 2 34 40 14 20 40 21 5 2 90 55 98 70 82 68 55 27 16 29 69 4 36 77 6 19 72 16 19 33 51 35 10 15 87 66 33 90 5 93 54 86 90 69 26 39 5 77 59 58 59 42 100 57 46 68 10 11 48 38 80 78 18 96 48 90 44 81 90 15 94 40 75 86 60 36 46 81 59 19 94 26 10 78 17 52 26 84 14 65 96 80 18 40 26 0 55 93 35 86 50 0 34 90 58 86 13 5 13 40 37 17 70 44 43 10 11 46 67 35 9 48 88 57 81 37 20 62 59 32 59 53 65 23 3 17 23 73 93 53 87 93 35 5 49 20 77 26 56 46 3 36 85 4 22 27 86 71 3 47 8 66 99 68 40 38 28 92 15 12 76 82 36 94 13 72 4 84 83 30 54 43 53 39 9 68 3 90 48 58 13 92 55 32 17 12 
100 85 48 28 95 71 58 46 81 89 74 71 1 68 65 64 93 57 23 89 74 92 50 98 34 30 43 39 96 75 0 67 16 19 26 68 78 57 23 82 60 10 17 75 4 31 11 40 94 97 30 10 93 42 70 89 48 10 71 95 2 40 62 45 86 99 82 4 16 75 74 49 12 38 41 32 18 47 87 41 73 80 77 66 99 60 22 55 18 13 79 4 57 1 6 19 0 76 73 23 74 25 6 54 67 19 43 54 26 49 93 16 0 24 18 73 54 1 46 56 46 51 99 87 25 45 20 91 61 8 88 4 25 22 55 24 23 7 51 22 42 25 100 75 37 0 30 14 15 28 100 35 31 97 64 21 30 87 21 1 33 64 94 76 62 100 40 8 54 39 65 47 53 21 19 8 81 7 52 1 94 25 77 71 36 1 19 55 6 8 39 85 47 43 37 78 72 3 13 10 29 92 92 78 89 96 69 44 86 2 34 40 41 65 46 52 73 21 9 81 29 19 34 97 1 28 12 50 61 100 72 76 7 37 31 69 4 5 20 62 47 76 62 97 26 39 7 1 22 85 63 79 18 92 20 26 36 87 25 87 14 14 74 22 73 70 64 39 51 97 91 100 10 13 95 20 74 62 91 34 71 90 65 6 14 73 7 16 19 51 38 18 5 63 41 82 16 63 38 92 42 84 54 11 52 89 49 15 36 37 72 98 23 21 18 8 24 100 93 7 63 96 25 89 92 75 16 13 99 85 33 8 80 26 87 79 91 99 90 37 82 7 46 40 70 6 61 91 52 2 73 31 22 43 90 63 19 41 4 56 33 99 17 50 63 61 75 80 62 58 63 82 86 16 47 68 73 28 56 5 10 86 62 97 16 48 87 17 91 70 93 17 6 95 32 22 5 3 98 84 
33 60 83 46 8 16 96 54 92 2 67 98 100 62 21 29 15 91 36 77 52 59 31 20 80 39 97 42 7 20 24 94 45 20 99 11 11 3 97 9 39 45 44 0 33 83 3 22 96 29 84 68 74 23 36 60 91 68 100 85 25 21 60 5 88 90 57 1 96 43 33 30 12 16 85 96 11 96 46 70 32 37 45 65 36 45 92 47 93 15 80 48 41 70 38 56 32 69 83 29 75 43 48 43 48 79 39 63 15 30 0 100 67 32 6 13 74 51 79 55 91 84 68 44 64 44 34 52 98 6 14 100 75 59 40 92 3 4 46 39 100 43 70 57 5 91 36 31 33 61 97 2 11 68 10 85 20 97 29 64 3 60 47 17 42 92 16 0 35 29 3 70 35 91 77 15 88 5 94 68 83 38 37 29 73 100 19 95 31 35 96 70 74 68 13 41 36 48 26 88 30 75 12 19 4 9 36 23 22 95 59 38 79 44 24 24 28 94 61 79 43 53 48 48 57 71 24 67 20 31 75 84 75 63 63 81 42 39 93 81 56 16 35 37 72 23 60 36 43 66 58 100 58 65 77 60 19 4 81 97 35 29 26 8 70 90 27 6 24 13 72 24 14 27 3 94 1 9 88 100 74 70 2 68 37 6 24 67 52 46 99 14 30 47 99 89 70 99 92 76 21 68 82 17 6 68 6 15 10 99 52 46 43 82 22 30 7 5 75 48 52 37 59 9 49 42 34 44 71 90 63 33 2 69 46 29 100 13 3 59 25 34 17 24 77 84 61 19 78 46 34 79 22 30 8 70 90 48 53 12 17 82 73 89 75 84 90 42 95 27 79 37 49 5 27 100 11 29 75 29 56 89 61 68 15 70 34 54 40 57 36 2 47 13 97 80 13 47 19 50 
40 49 97 2 2 90 73 35 21 83 14 12 42 70 7 99 24 84 94 32 52 68 13 58 80 32 4 41 84 27 98 24 13 88 83 11 59 40 3 54 87 12 41 4 67 2 49 38 34 52 74 19 96 3 56 50 14 18 88 20 21 85 42 23 9 84 32 8 61 54 49 62 92 2 53 72 63 6 100 25 94 43 18 4 86 91 64 28 43 1 88 55 14 12 45 91 9 45 45 96 68 79 33 64 68 84 33 8 91 29 75 30 23 80 56 27 39 95 43 93 53 8 74 95 58 79 13 42 9 7 77 60 37 77 67 58 19 7 16 13 22 73 93 67 70 27 78 98 66 39 16 52 85 81 37 82 2 99 8 51 76 93 20 76 44 84 98 96 32 31 52 67 49 79 60 58 42 81 42 92 58 65 55 50 43 61 7 63 65 73 67 39 40 46 72 63 65 77 39 57 90 63 20 97 9 55 57 55 69 79 5 95 80 32 100 30 24 47 72 11 88 84 16 5 1 61 48 50 49 39 10 24 47 82 41 49 52 97 19 72 34 17 81 23 7 56 61 5 55 55 13 4 87 91 72 93 45 41 5 27 16 20 54 96 77 59 26 29 78 51 42 26 38 98 54 25 51 60 49 74 13 26 17 16 68 6 67 18 44 25 93 77 4 24 34 69 92 24 5 20 91 6 57 7 32 19 47 2 72 70 9 75 44 46 27 23 2 3 86 6 6 20 89 71 2 99 99 82 98 19 72 30 46 6 39 85 74 85 50 56 98 66 2 64 8 74 45 28 58 20 68 29 72 30 26 87 71 45 12 37 27 14 3 47 99 46 85 54 17 99 53 40 69 17 85 99 46 99 29 83 100 72 100 31 1 96 89 56 88 59 97 60 22 74 29 54 97 19 30 37 
51 4 61 27 1 63 37 67 47 78 56 6 99 81 25 35 45 5 87 6 17 53 37 86 91 40 15 56 78 10 90 82 95 41 98 95 30 73 99 9 39 95 45 98 45 68 32 7 73 77 92 65 34 32 52 98 4 70 24 31 31 55 31 19 47 97 20 44 56 33 80 60 65 68 29 53 6 21 34 67 24 19 62 77 49 60 31 35 9 31 90 72 24 49 49 89 74 98 71 81 63 56 22 68 47 39 44 53 15 64 78 19 92 70 86 0 45 28 12 86 57 17 63 61 40 72 71 18 23 0 67 30 74 27 15 69 53 88 32 21 8 87 92 71 1 41 20 45 81 64 31 49 33 49 62 91 97 58 89 72 41 86 44 98 33 54 0 16 15 95 50 83 50 40 76 76 96 40 53 86 36 47 49 96 46 66 45 35 53 93 95 30 28 22 2 34 96 65 2 67 45 80 84 14 15 20 78 41 98 27 97 68 78 88 72 37 74 45 43 89 65 97 97 80 58 10 58 64 91 32 89 1 15 95 31 10 26 4 15 59 15 51 9 57 48 8 29 28 88 17 82 86 57 51 29 62 50 84 89 53 55 24 34 46 87 66 35 4 10 41 10 9 13 10 65 34 86 82 32 61 15 95 10 95 62 94 52 22 90 38 39 27 68 25 73 8 75 28 89 41 63 57 94 79 61 92 41 83 95 25 65 78 96 82 55 41 60 82 37 11 9 42 45 89 100 70 69 63 68 37 13 77 83 44 17 53 74 66 42 47 53 33 3 89 40 92 17 1 85 12 24 84 99 65 39 54 100 86 1 51 56 33 35 7 12 31 53 90 72 67 19 31 67 35 90 15 70 79 20 85 71 84 44 13 33 69 0 77 9 76 15 42 77 66 54 22 56 8 98 34 
56 36 41 74 76 25 54 48 14 39 48 4 59 45 46 39 9 22 16 54 84 89 53 73 21 87 63 29 0 71 6 26 88 84 35 70 91 90 19 31 74 46 79 53 0 1 31 61 64 77 41 37 47 19 84 28 10 6 60 75 18 2 83 92 18 19 1 70 12 80 35 75 81 59 62 38 72 27 37 76 82 89 97 15 84 83 19 48 68 47 42 90 78 6 7 86 4 72 32 47 5 94 57 46 40 39 28 14 7 47 80 81 54 69 23 16 46 3 96 95 36 28 0 78 17 44 38 67 11 61 20 88 45 53 91 5 16 53 39 37 9 74 1 34 27 21 85 3 74 78 49 90 24 48 80 85 28 44 8 77 81 67 19 98 8 43 35 9 77 94 47 78 11 66 57 68 22 75 35 82 36 7 86 36 65 77 3 66 41 19 36 44 35 6 28 24 90 86 32 75 29 4 46 16 67 88 4 9 96 8 96 41 62 15 66 35 17 25 85 97 71 79 83 60 83 1 31 78 4 33 55 35 49 48 43 57 82 14 96 59 67 49 43 10 2 97 10 80 38 27 47 95 18 90 71 88 63 98 24 93 37 95 39 33 76 93 61 47 51 60 71 91 47 73 9 98 78 65 37 14 52 70 59 73 11 85 86 85 73 48 18 41 21 53 55 95 52 74 89 35 5 57 1 83 26 28 71 52 40 6 46 73 12 11 24 55 1 61 84 26 19 10 34 7 82 29 16 40 99 53 49 68 91 9 63 82 20 74 84 90 64 68 25 0 3 22 88 76 24 14 28 43 75 15 29 37 33 40 83 74 9 54 77 85 5 46 17 12 66 85 21 8 26 50 66 22 40 14 51 90 67 24 61 71 19 18 26 82 29 37 12 19 51 27 61 2 43 30 83 39 
28 71 75 1 9 63 44 65 47 46 100 0 84 99 38 32 87 30 51 98 65 36 81 79 22 65 62 68 25 61 67 21 19 55 40 31 29 90 54 4 9 89 34 35 1 23 8 39 81 31 94 23 67 11 65 81 91 16 84 59 66 21 83 2 27 31 95 28 16 63 36 80 17 58 57 57 36 27 61 61 74 84 90 69 48 4 10 100 37 21 77 64 67 19 54 45 55 40 85 64 74 32 40 42 9 44 41 30 25 28 23 85 2 84 84 100 61 97 50 74 42 1 55 75 96 83 93 97 65 43 89 56 44 64 62 47 73 93 50 25 98 30 97 63 84 100 89 94 78 57 40 23 4 57 43 50 97 1 98 56 72 63 6 55 58 25 50 91 68 87 62 85 49 7 19 1 16 71 71 1 67 45 78 81 12 44 71 99 4 40 10 53 95 7 55 39 91 22 15 65 50 73 55 95 77 28 10 74 55 56 21 75 48 21 34 15 83 24 23 73 50 12 81 60 37 100 26 71 6 86 10 82 35 39 32 93 13 8 36 24 26 70 98 91 13 19 58 12 43 59 67 97 20 15 38 3 85 73 68 62 94 12 9 31 61 33 43 25 38 69 97 64 30 10 92 19 20 99 62 47 67 1 29 78 71 56 11 37 14 50 49 38 84 37 9 36 96 28 40 39 14 48 15 27 36 46 11 23 64 11 4 41 54 76 95 75 67 74 29 39 1 13 71 18 95 69 51 8 56 23 24 88 65 14 58 6 41 46 2 3 79 4 82 96 79 50 98 56 38 6 56 15 93 44 43 86 26 9 61 24 81 25 10 83 43 75 58 44 64 67 88 43 17 78 7 25 21 20 81 73 32 5 65 83 14 57 93 25 93 87 77 52 5 89 65 13 4 16 45 46 
99 14 51 71 26 60 94 57 36 98 29 97 45 68 100 54 55 8 60 5 45 13 3 36 11 5 58 74 43 89 27 36 59 88 82 30 86 95 40 3 16 73 68 33 1 74 16 16 39 22 46 30 44 43 53 60 34 73 26 87 37 1 95 38 100 61 100 22 10 57 66 81 98 54 24 58 66 5 8 16 74 58 33 72 10 39 77 65 0 15 66 14 18 20 12 12 38 68 17 14 60 7 41 21 38 41 8 52 31 28 83 69 96 84 65 58 24 30 59 31 58 92 72 51 52 91 80 85 99 22 64 0 40 33 0 90 22 65 56 38 46 83 13 47 47 40 11 0 7 87 72 60 79 7 44 57 38 60 9 22 91 58 79 65 55 12 75 1 92 8 77 20 40 25 72 94 25 33 31 73 4 10 22 2 17 49 13 1 35 41 48 1 87 46 10 7 32 26 68 44 42 43 52 50 33 20 39 44 68 47 59 49 7 5 4 20 22 19 1 27 13 51 3 74 95 90 3 8 7 46 10 91 38 16 8 30 23 69 44 7 93 28 33 52 27 42 80 92 9 66 51 14 16 62 27 20 69 92 50 39 68 9 99 42 79 25 45 10 33 83 20 0 62 67 94 26 35 38 89 68 49 11 97 8 63 68 76 68 15 61 13 72 57 34 7 49 5 88 88 30 47 39 56 88 65 95 38 63 69 33 33 21 54 70 63 33 97 26 94 63 6 22 16 46 72 67 89 66 21 31 8 84 14 56 63 29 38 5 67 72 59 0 28 3 11 58 56 70 16 52 24 85 12 51 71 17 49 3 72 14 52 64 68 10 96 54 46 7 5 9 55 37 13 42 60 70 15 86 13 85 11 58 49 27 34 79 33 29 96 73 66 40 48 0 72 53 69 50 38 66 
98 97 29 86 9 67 76 13 44 17 79 93 39 73 10 27 56 41 49 74 76 18 31 41 81 80 23 39 38 7 92 6 68 55 4 99 94 14 86 23 19 65 8 60 96 60 52 12 12 72 9 43 94 30 25 31 38 1 45 34 17 92 51 90 87 59 76 35 22 41 66 91 62 89 46 7 16 32 10 57 1 20 57 72 96 93 36 68 77 43 57 87 67 4 7 33 90 90 38 42 75 74 18 66 4 84 66 22 29 24 49 32 91 99 63 70 71 2 16 83 9 88 77 92 92 35 80 81 57 37 34 92 89 48 80 15 10 89 61 95 14 2 53 91 44 44 75 65 99 41 54 25 2 34 85 57 16 26 92 91 26 1 67 86 44 12 17 26 68 21 73 68 16 94 65 76 8 74 32 7 26 26 58 8 90 14 1 69 33 69 83 14 18 21 84 40 70 72 94 78 57 67 45 71 97 34 100 19 99 62 58 24 92 57 66 96 25 51 2 4 44 22 49 57 54 21 34 6 11 60 18 4 71 62 47 98 58 69 85 84 29 56 59 81 39 10 94 63 88 40 48 73 64 21 1 62 29 89 100 0 81 40 91 20 2 6 77 80 73 98 94 12 77 81 91 14 80 41 40 53 89 65 46 1 33 93 79 30 17 45 57 64 13 74 2 31 2 12 83 89 13 34 60 97 39 55 12 66 51 71 77 65 61 51 21 2 21 6 40 38 69 20 52 11 40 67 51 27 100 26 65 63 12 85 97 83 69 22 6 72 96 27 33 38 22 2 7 4 16 53 42 88 17 58 65 11 6 46 73 23 73 86 12 62 54 33 18 21 77 5 63 58 33 24 74 83 61 33 29 79 54 95 59 98 42 53 4 51 2 25 56 9 21 71 42 72 1 50 11 6 
39 35 90 63 2 53 10 86 25 43 84 20 56 52 76 10 48 29 67 58 83 19 0 43 25 48 26 48 26 85 18 34 59 67 52 69 22 95 56 28 6 58 78 32 74 45 16 65 60 34 97 70 81 24 35 67 66 23 59 20 68 47 44 51 52 95 0 84 24 75 27 87 83 3 12 87 19 32 73 86 35 30 94 40 17 67 67 63 2 27 2 51 53 62 20 5 62 45 75 59 18 31 3 62 40 1 37 97 91 32 14 20 73 85 63 36 3 57 8 21 11 12 28 73 69 59 77 83 56 49 83 13 54 42 30 87 65 39 62 37 97 97 92 23 80 69 83 71 7 60 12 44 6 98 98 100 37 33 56 83 29 66 95 93 8 14 67 78 7 62 18 73 65 47 55 75 94 46 93 19 81 14 87 23 17 30 97 76 5 0 41 13 90 47 9 65 76 1 98 24 9 100 68 77 50 53 26 25 37 27 88 24 89 68 34 64 35 67 28 57 15 46 99 4 46 33 31 43 64 56 10 40 46 79 83 97 22 5 19 68 28 14 97 70 86 72 26 98 68 19 76 11 56 58 64 96 79 70 75 13 1 93 62 57 100 51 17 93 1 17 88 23 43 58 56 19 11 1 86 46 57 100 86 1 80 40 81 2 4 20 3 63 34 20 91 92 82 84 62 93 23 51 89 5 69 5 98 7 17 93 37 21 7 60 41 11 86 72 20 86 95 80 47 1 41 60 62 100 39 44 36 91 5 89 8 95 70 3 91 43 81 44 72 39 48 90 84 27 80 66 91 14 40 77 42 93 9 14 40 24 16 92 95 100 13 50 4 17 99 18 74 49 72 40 24 54 1 87 29 87 76 89 71 0 4 46 70 20 34 20 18 11 41 37 80 7 89 76 8 4 
38 87 99 36 98 78 43 73 5 6 83 15 4 60 71 32 22 97 14 47 79 39 43 81 6 44 22 20 50 69 61 39 16 69 83 97 82 49 16 30 63 59 78 78 20 12 87 35 80 72 95 45 47 41 38 28 79 32 96 99 53 50 30 96 16 40 53 3 79 88 93 35 94 29 6 58 74 98 53 14 43 84 85 9 31 31 73 26 45 17 99 2 84 77 41 69 44 37 75 94 62 10 55 24 43 56 26 63 87 46 28 48 83 46 2 17 40 7 4 18 27 43 36 36 19 7 24 37 3 87 13 25 25 83 7 20 1 72 82 64 78 6 43 72 21 10 49 23 4 95 72 65 49 99 83 5 6 52 44 86 22 53 31 59 48 19 67 18 55 53 36 56 55 57 42 24 25 96 76 41 41 48 23 56 34 63 81 39 20 98 16 42 71 57 88 48 9 40 23 3 19 16 38 93 5 26 94 31 53 90 71 97 17 36 55 89 14 0 77 6 38 9 13 62 96 29 1 11 88 100 36 41 77 2 58 83 32 4 66 58 56 40 50 27 4 85 10 86 54 75 96 21 43 13 39 25 96 31 83 84 56 67 44 82 53 2 90 34 18 6 69 49 74 33 6 53 78 16 9 45 88 62 44 89 83 15 94 51 61 91 6 33 64 33 36 47 3 61 87 52 66 49 13 1 66 64 79 99 92 13 64 47 45 35 23 17 15 57 25 4 10 43 50 47 39 65 60 26 83 100 56 78 85 58 22 81 60 1 91 75 54 42 17 62 34 94 22 18 19 62 45 31 65 44 13 1 30 11 23 78 93 42 75 75 36 71 21 43 15 74 78 2 25 25 0 1 56 41 44 40 16 48 24 27 24 92 91 28 32 75 64 10 69 61 19 92 13 26 28 39 
34 2 61 57 33 41 89 16 72 60 69 78 71 22 68 6 28 99 18 43 21 60 5 28 57 44 42 39 30 8 61 51 86 38 21 8 10 29 85 90 23 3 17 27 66 90 47 10 31 77 76 95 55 8 53 84 21 10 58 43 21 65 81 87 7 1 8 22 49 31 68 85 7 88 54 92 24 9 23 35 61 72 77 91 53 34 68 14 31 83 86 29 78 99 3 62 24 4 88 81 40 47 31 68 29 85 45 80 97 87 88 39 8 55 24 78 39 64 42 95 22 84 73 40 73 100 87 74 89 50 33 66 90 16 10 69 64 2 63 71 50 33 80 58 72 71 54 90 12 81 37 8 83 57 89 96 42 92 57 56 55 15 25 78 36 18 1 66 23 37 79 84 51 47 21 79 13 100 16 60 15 31 93 41 73 81 51 83 89 89 17 94 55 3 82 8 82 47 33 43 56 79 93 5 11 88 60 60 23 92 47 38 52 2 17 51 45 45 23 28 69 40 10 46 0 7 7 56 87 68 20 28 71 10 93 67 63 17 30 40 20 32 29 13 65 12 33 50 92 75 63 80 13 63 83 1 29 40 52 42 63 62 91 72 51 50 8 22 11 80 13 70 79 48 38 68 87 68 48 1 93 42 85 72 39 47 54 16 59 22 13 45 54 45 97 80 33 56 100 97 61 19 25 54 4 41 0 36 13 91 36 98 28 52 30 74 43 7 81 60 55 61 40 85 70 64 26 96 91 48 34 82 71 35 20 71 82 68 46 55 100 80 27 5 13 88 23 28 9 75 4 87 64 4 72 50 17 38 0 100 83 88 42 94 22 50 50 29 9 27 40 3 73 74 97 92 8 60 24 19 57 0 2 100 32 98 78 68 69 73 46 69 46 57 60 71 75 47 9 93 
58 90 51 21 39 21 59 53 90 29 28 41 65 8 86 93 39 85 21 29 99 11 95 24 77 73 66 63 56 64 87 22 63 86 0 27 96 75 92 27 48 25 4 9 19 68 60 70 50 65 12 59 71 34 29 40 21 42 17 74 23 99 47 39 26 52 91 98 3 27 100 1 81 70 46 88 69 45 18 81 25 16 19 9 19 50 55 18 20 42 17 80 85 48 23 9 46 46 64 18 3 80 26 86 8 41 29 96 26 35 23 72 44 50 94 87 86 18 93 10 53 21 42 74 24 3 47 42 71 2 36 12 58 10 29 56 17 71 81 13 2 10 17 47 68 54 14 21 44 63 51 55 29 6 58 68 51 0 28 62 93 57 19 49 20 37 94 12 78 69 94 3 99 54 99 39 77 38 76 71 6 18 9 26 66 99 99 2 64 22 96 13 79 97 65 23 35 75 58 69 39 8 49 51 16 100 90 38 60 52 55 98 82 32 35 42 34 94 2 86 64 20 25 80 73 11 11 52 70 99 76 46 40 22 22 72 17 60 67 60 86 92 45 4 41 26 74 83 36 34 70 93 2 76 44 94 43 61 51 29 86 12 61 45 89 71 96 22 52 12 37 45 64 67 100 15 33 42 36 57 17 74 27 22 94 15 23 44 38 69 77 68 18 83 90 61 34 45 69 26 54 37 100 31 37 20 11 30 57 51 96 37 34 26 88 22 98 67 58 92 3 12 34 25 69 35 59 64 73 64 12 76 46 58 8 34 76 35 2 5 5 41 83 24 63 68 45 75 28 85 28 17 18 27 17 50 36 99 40 96 6 18 66 54 7 70 26 32 15 6 65 32 32 43 98 82 95 63 62 4 62 79 91 13 99 29 22 15 50 64 26 86 8 70 6 6 48 60 33 2 
99 86 8 86 97 94 44 39 39 26 4 40 47 30 84 23 20 64 87 60 62 89 82 78 52 13 80 21 24 99 30 0 55 25 69 71 63 34 96 29 2 61 89 91 46 45 1 43 63 47 27 87 89 33 80 37 6 8 14 43 3 38 28 100 13 43 71 17 72 33 46 63 7 74 12 58 69 90 84 36 37 73 17 10 11 99 79 3 44 46 39 20 5 5 68 81 76 79 38 59 77 39 57 18 97 46 73 89 9 68 91 74 47 16 49 29 25 23 46 94 43 4 10 44 90 20 82 6 17 48 7 96 19 62 29 37 79 39 52 49 52 35 92 98 64 33 57 33 41 36 44 8 46 12 2 82 97 57 12 58 10 44 21 72 31 63 55 52 15 78 99 66 21 54 42 57 15 54 94 24 89 33 75 49 70 1 75 83 30 70 57 54 26 28 13 31 2 54 87 41 7 24 15 72 86 50 74 0 22 87 43 33 55 91 46 40 45 40 8 69 78 49 96 0 66 46 94 46 99 74 74 89 100 64 47 100 62 89 7 21 10 20 89 92 52 42 37 26 55 48 80 67 55 35 57 72 51 81 35 8 58 65 58 71 35 54 51 41 88 71 46 46 72 38 58 98 11 91 91 57 93 4 27 96 30 49 68 68 55 89 42 67 87 77 48 7 83 0 0 89 21 50 27 82 32 45 16 16 43 82 35 76 3 88 83 44 32 81 4 73 63 31 15 76 3 52 56 76 23 43 46 8 51 28 10 11 76 9 90 46 60 32 3 0 100 86 19 39 50 4 79 69 29 61 78 91 64 97 87 3 17 76 53 14 8 62 21 69 32 28 57 90 66 88 92 34 55 49 97 97 92 78 66 24 13 21 25 98 54 100 66 72 75 73 72 3 85 73 15 64 
24 95 4 94 30 36 14 53 30 8 85 14 93 61 99 0 7 17 7 18 42 11 73 27 32 94 37 65 56 11 78 92 21 41 76 3 79 87 2 27 56 74 34 55 34 41 65 9 7 73 64 17 64 5 15 54 94 78 97 38 57 66 30 29 64 7 22 0 25 49 78 4 33 50 79 26 38 58 59 9 73 63 62 29 86 49 24 51 63 33 1 46 50 74 74 14 55 59 3 88 34 1 65 58 7 36 70 43 26 2 62 70 76 12 90 13 18 68 80 56 100 13 10 81 28 61 93 61 78 69 39 53 52 88 45 37 99 75 31 0 59 78 21 56 23 47 20 38 34 0 75 53 30 51 51 22 51 21 43 2 42 65 66 99 88 97 60 89 90 31 98 63 72 60 24 41 5 54 60 84 99 5 99 52 85 49 17 30 12 45 50 37 62 69 51 54 61 47 70 83 12 78 1 18 0 94 81 44 65 86 0 76 82 2 24 79 100 77 91 69 100 31 71 44 96 51 48 4 59 26 71 11 45 47 36 3 15 71 26 8 14 34 1 67 7 59 35 3 73 8 7 48 15 63 16 65 19 1 74 52 87 8 11 73 74 97 47 94 19 98 26 53 44 96 20 5 81 14 44 81 38 31 32 21 30 4 86 87 30 56 66 13 50 17 13 100 27 75 41 46 9 73 90 73 73 6 72 30 23 100 95 79 77 15 75 8 30 65 92 74 15 87 13 15 57 1 60 17 42 34 83 39 66 91 66 41 48 87 97 29 65 16 28 46 25 65 92 71 71 81 81 46 93 61 18 91 8 38 3 59 34 78 96 60 98 98 72 77 57 62 16 86 85 9 22 20 15 35 72 32 87 71 6 88 72 37 22 77 55 84 100 93 58 30 35 59 24 44 50 2 
3 59 57 77 32 98 51 49 35 100 30 92 94 86 3 63 78 66 70 39 85 11 57 66 70 89 49 62 30 77 4 77 56 77 82 54 9 84 85 17 100 98 90 14 57 39 93 34 69 2 17 88 39 88 90 66 59 24 70 42 34 78 69 65 53 71 44 93 73 88 58 47 76 70 16 27 70 63 66 55 11 23 14 69 73 58 36 76 91 46 66 17 60 38 83 4 70 65 27 95 86 49 75 83 27 54 90 100 42 18 62 36 60 48 32 72 23 46 78 67 71 77 51 19 43 87 79 83 27 63 89 30 78 45 12 24 17 53 52 65 43 4 71 32 100 26 90 22 34 49 12 13 32 73 45 14 51 3 31 71 84 64 49 66 47 36 3 69 22 80 84 14 45 50 100 75 93 62 4 51 5 55 1 24 91 82 72 44 98 64 94 96 37 48 39 12 99 61 77 48 14 22 63 34 31 93 69 77 27 10 23 77 85 63 81 37 99 58 53 35 68 0 26 97 35 34 57 20 21 7 32 77 23 90 24 44 11 92 46 93 57 36 91 72 61 49 8 69 52 7 77 41 54 66 23 72 25 22 96 41 78 98 93 22 1 44 79 0 47 58 27 53 84 98 78 2 4 54 53 7 91 13 63 15 94 23 35 85 76 51 17 94 47 55 44 45 20 44 28 19 86 64 51 69 36 86 48 5 67 64 50 24 44 79 87 58 11 79 12 35 25 94 36 95 20 43 97 60 36 94 61 64 1 34 80 70 30 36 85 21 55 28 68 62 13 42 14 21 53 82 23 6 4 29 41 15 90 51 15 87 41 63 52 12 50 50 88 66 65 89 18 32 38 81 38 18 47 17 83 75 36 66 87 7 65 90 12 19 80 70 49 39 45 13 39 82 33 40 18 65 
90 23 99 80 18 13 94 31 90 93 58 34 65 24 44 12 75 38 53 51 59 68 98 55 8 81 50 49 42 8 10 37 39 49 63 12 70 4 74 69 49 2 39 47 69 62 62 58 52 1 68 39 72 96 0 94 92 78 36 72 77 38 92 89 11 38 83 36 60 8 72 9 79 56 73 71 71 68 24 40 3 12 17 73 72 0 88 83 61 73 75 48 7 68 36 3 43 89 9 59 95 0 77 64 72 24 17 67 23 36 27 0 58 44 76 85 33 79 66 94 18 27 8 82 25 55 76 64 57 98 33 3 98 98 57 36 86 78 10 43 15 24 68 67 76 83 21 42 21 61 29 34 47 16 27 43 95 19 54 28 83 77 63 100 12 66 0 33 41 8 9 14 88 46 42 15 46 30 0 96 23 9 30 90 73 24 87 97 22 95 96 90 73 62 42 82 97 88 13 44 72 37 84 3 96 1 37 84 45 74 44 20 36 39 28 2 45 8 81 92 53 14 99 11 3 23 89 80 82 21 54 71 79 86 17 47 96 68 48 76 92 64 68 83 71 36 68 42 87 79 69 14 19 94 86 95 4 99 10 24 47 74 51 73 38 52 40 33 95 43 92 35 30 38 19 47 71 34 19 17 1 11 56 85 59 25 90 76 7 11 31 79 29 85 57 84 87 52 32 24 51 40 56 38 100 18 81 78 72 96 17 92 20 2 33 68 36 80 91 7 42 49 40 48 49 31 82 65 86 74 47 78 90 87 50 99 41 18 78 1 11 58 35 80 4 46 99 49 32 90 64 34 53 92 65 67 8 53 95 74 63 34 87 57 4 21 95 33 46 34 22 54 87 22 1 73 2 34 11 1 28 39 58 45 48 80 8 87 71 16 25 87 17 19 83 52 5 48 44 61 
64 53 25 11 56 34 63 62 3 2 7 5 6 50 2 39 43 8 21 56 75 57 14 77 38 88 35 67 12 6 66 87 13 62 1 46 100 88 95 14 37 0 21 35 0 72 47 47 87 79 32 17 58 86 84 29 41 73 85 46 64 97 20 59 90 92 53 93 35 89 38 69 95 73 76 84 67 60 64 2 23 15 12 16 93 86 82 3 1 24 61 69 80 100 67 21 16 34 83 64 37 17 80 89 95 12 17 85 1 86 4 47 99 28 71 64 27 53 3 38 42 26 79 69 30 77 36 86 32 13 64 14 22 46 17 1 29 80 69 57 89 88 77 20 31 89 63 95 66 56 39 22 72 13 41 74 62 72 48 98 6 25 97 77 38 49 82 44 78 76 7 24 69 1 97 50 30 6 57 89 79 75 13 37 33 0 64 11 52 92 33 92 83 100 56 70 53 27 38 99 56 81 73 47 95 73 43 84 37 11 33 78 81 8 53 4 89 5 50 45 3 67 37 24 49 54 0 88 1 69 11 14 76 88 92 45 40 99 86 48 96 5 48 3 43 69 63 52 45 21 9 29 65 29 89 59 53 41 80 98 53 45 70 68 85 32 45 8 78 33 93 68 10 61 46 5 75 0 54 84 3 90 34 59 84 27 14 88 28 25 17 66 45 84 3 3 27 57 39 35 78 75 81 0 3 31 23 61 72 92 66 30 45 66 18 31 76 16 65 33 14 57 35 79 26 56 49 37 64 36 12 81 47 7 15 94 69 31 65 40 23 88 95 25 3 36 37 94 86 44 12 4 18 49 36 91 83 28 20 3 29 47 5 86 29 81 68 56 60 18 76 39 29 71 14 5 37 77 26 95 17 40 38 88 40 84 10 91 49 73 49 60 17 0 82 73 80 19 38 0 
41 76 89 18 73 98 97 79 44 43 88 31 58 16 28 45 45 81 20 93 73 33 5 30 34 6 57 70 11 3 96 7 5 46 76 57 3 78 31 47 42 80 88 36 12 4 39 91 74 92 49 84 54 56 26 36 68 60 46 24 84 33 36 71 27 10 11 63 97 16 100 3 82 70 66 25 52 85 88 54 3 47 79 73 100 65 31 54 90 54 3 44 96 5 29 12 7 16 67 34 30 61 53 38 70 32 22 49 59 61 83 31 41 17 46 42 76 64 43 95 45 95 6 37 47 72 89 69 55 31 38 43 88 98 15 96 20 14 29 32 48 7 34 4 43 45 14 27 50 63 70 81 42 56 13 10 72 10 15 99 10 34 61 94 60 93 86 56 71 39 5 30 78 24 76 78 1 11 0 75 64 19 3 23 13 19 42 67 24 79 44 61 38 30 55 73 34 7 10 35 53 33 89 71 79 41 31 88 84 62 5 13 39 1 75 54 10 34 78 20 81 12 64 24 87 59 38 16 29 74 57 56 45 33 75 85 42 62 72 5 49 74 99 76 12 86 27 44 13 49 75 27 61 15 90 95 90 90 55 69 91 99 5 100 5 33 4 23 66 59 27 2 77 85 20 79 51 74 88 94 87 94 37 86 34 44 68 21 16 81 11 70 22 53 65 61 60 85 80 26 85 24 29 87 15 65 75 86 85 44 38 81 52 27 30 16 97 99 21 69 90 66 85 73 80 41 91 17 64 48 35 21 61 11 45 82 81 79 98 8 67 51 3 24 38 62 87 61 1 16 73 7 61 97 42 58 83 47 69 47 91 6 62 35 2 51 69 47 23 53 35 27 61 55 86 29 66 5 4 37 25 77 41 100 78 88 64 38 55 61 78 77 71 76 28 63 24 86 88 50 
81 82 17 79 98 36 69 72 26 63 83 34 35 62 16 67 30 90 44 96 66 32 17 19 49 0 30 29 87 78 8 1 73 72 81 30 27 46 58 29 14 64 73 38 60 66 25 73 3 11 46 34 29 55 28 64 49 99 88 68 78 4 57 47 10 72 16 42 37 45 56 95 50 24 82 19 16 36 36 52 25 77 31 31 27 0 49 43 76 19 37 39 93 30 81 8 59 25 96 38 17 88 21 8 52 92 57 46 2 57 31 52 100 16 7 97 70 0 35 91 39 87 83 4 87 56 85 48 24 26 98 53 50 64 74 65 11 13 70 59 71 30 80 28 78 86 44 6 42 1 30 94 65 78 49 33 92 36 29 99 47 58 16 12 94 14 50 38 18 91 31 93 37 46 38 37 50 72 2 67 81 19 61 26 91 66 45 50 61 35 30 37 98 71 54 68 29 94 35 86 8 11 24 54 97 22 13 61 64 2 3 27 5 7 33 85 65 27 79 28 21 1 88 66 93 87 39 44 53 36 76 92 96 41 66 87 43 29 92 24 64 62 37 73 91 44 97 93 29 81 45 85 20 50 85 95 12 93 87 69 23 36 79 10 52 39 84 50 25 30 48 68 9 32 30 61 1 96 30 24 91 29 2 21 5 30 90 97 59 62 58 61 95 77 4 82 54 77 48 9 86 67 92 58 13 33 14 94 32 95 71 33 24 25 83 77 75 44 91 27 48 17 66 57 81 0 79 39 10 94 90 59 85 70 58 70 28 90 24 83 78 34 76 43 1 87 6 8 44 98 45 12 100 4 88 66 60 11 41 55 53 0 60 17 64 17 68 87 17 39 40 7 71 42 51 69 13 24 75 19 1 92 3 36 68 23 44 76 95 94 64 45 47 13 24 86 66 93 27 26 
75 94 10 20 5 12 61 72 62 89 26 90 71 68 92 62 90 31 77 97 77 75 60 77 4 15 53 23 21 70 33 19 37 77 40 20 32 65 71 21 92 80 20 13 24 98 95 38 29 62 43 40 8 33 48 31 41 2 66 84 26 12 50 89 36 52 95 49 12 34 90 23 65 89 3 1 27 81 69 87 3 98 48 85 72 91 66 58 9 49 17 6 97 73 61 37 85 89 67 80 98 61 23 1 37 26 32 9 17 34 83 68 87 86 10 98 83 8 26 0 20 70 35 10 96 60 50 22 53 61 86 73 7 59 78 31 82 24 65 26 85 20 48 77 28 93 34 76 82 58 41 88 15 27 15 2 90 5 83 80 88 58 85 5 31 45 49 69 41 13 92 86 77 59 6 63 97 26 65 4 80 5 15 71 31 52 3 90 8 84 53 24 73 72 93 7 74 58 100 89 94 19 14 97 5 31 20 29 77 58 5 38 50 74 25 54 31 46 46 34 2 5 42 79 52 46 45 74 98 4 81 49 26 34 95 100 54 32 96 17 82 47 8 72 100 74 17 79 96 47 67 24 92 76 80 68 56 2 75 19 86 1 49 17 9 10 6 90 5 81 72 25 24 10 14 44 24 81 40 14 4 1 78 84 52 7 87 4 11 76 82 61 50 16 37 53 59 82 95 81 3 80 37 48 46 99 78 19 77 0 86 97 48 39 66 12 4 47 62 84 55 79 80 86 80 85 59 57 58 88 34 76 38 80 49 11 77 36 99 80 21 74 68 32 17 0 31 98 98 99 80 11 30 36 46 82 96 54 94 49 17 84 13 6 63 94 39 24 55 54 19 4 11 59 81 84 81 28 70 13 83 0 48 57 96 99 42 57 2 87 62 45 9 5 44 95 11 94 25 12 
92 30 60 57 80 100 58 95 44 13 58 39 44 30 91 52 69 73 95 66 49 93 33 35 23 84 20 11 26 86 40 40 27 93 29 90 46 63 68 17 13 96 25 66 35 66 100 15 2 72 94 50 88 10 98 36 15 24 11 48 14 18 46 47 31 15 78 90 5 93 23 40 44 56 6 80 96 83 37 52 97 47 92 58 46 31 19 71 6 97 18 40 82 82 34 63 6 2 78 40 82 39 100 49 69 5 31 95 33 17 98 56 36 25 77 85 74 52 72 38 91 46 57 10 47 92 95 63 16 5 77 60 79 52 78 44 48 9 91 86 77 79 97 57 74 61 15 68 24 68 46 82 65 42 35 8 18 63 27 98 92 40 62 9 18 33 45 70 46 66 85 45 33 71 59 36 4 71 15 3 1 87 2 46 66 35 4 29 51 31 58 62 42 92 6 90 62 63 14 19 49 75 43 83 71 52 72 20 38 33 16 87 19 64 48 37 48 10 23 36 69 52 8 31 85 56 79 25 57 45 24 28 3 36 69 85 97 95 95 3 17 67 45 35 14 95 26 28 47 40 65 100 13 2 60 26 33 82 85 51 98 50 76 51 25 45 11 22 95 14 35 43 82 49 74 0 38 35 1 94 24 58 14 33 3 74 64 6 56 8 54 9 3 70 46 2 57 70 44 9 80 28 38 28 63 100 62 56 2 88 30 37 35 27 47 86 69 5 79 24 27 23 73 99 0 45 82 76 35 97 77 36 11 42 3 65 10 0 80 70 4 70 23 48 78 42 35 95 58 86 57 16 59 24 53 13 1 52 97 56 82 73 77 30 100 66 64 55 42 20 58 96 87 0 8 17 52 30 43 4 63 76 0 85 40 100 41 42 4 76 81 38 86 11 38 76 90 9 75 67 
32 97 79 93 46 80 96 34 3 27 9 14 71 37 89 33 90 76 66 89 31 63 29 100 74 79 22 68 77 36 61 0 26 48 54 4 92 49 86 30 54 72 3 77 17 80 12 72 43 53 57 16 71 4 14 75 26 26 61 60 75 48 37 100 12 25 0 35 54 79 50 84 26 90 41 67 47 15 68 65 32 79 94 92 74 66 14 41 7 76 49 39 23 42 3 20 13 23 44 53 48 31 56 18 1 43 21 80 15 36 68 81 16 40 41 81 42 45 39 74 70 69 73 25 88 4 41 10 95 58 97 22 13 73 43 13 55 1 87 67 86 15 27 70 92 91 36 33 88 43 31 29 34 70 58 50 50 0 97 39 5 13 8 99 30 77 88 7 58 30 85 65 72 25 99 29 27 29 96 86 41 50 30 91 95 29 9 4 83 13 35 77 56 21 18 26 36 18 46 61 82 67 4 96 99 39 9 41 95 88 47 29 100 48 90 80 18 58 3 99 17 75 8 89 88 10 85 63 52 56 40 7 20 99 42 84 65 65 67 10 78 89 33 89 20 74 80 24 14 38 24 23 65 38 95 10 75 25 70 70 48 71 40 42 0 65 77 31 16 72 48 55 43 75 21 17 100 9 39 12 41 24 61 38 78 99 99 26 52 88 58 74 0 71 24 27 4 97 46 31 31 99 14 27 16 86 81 79 86 47 97 51 65 100 66 94 26 99 85 87 78 68 99 41 4 42 23 48 60 83 53 27 6 43 88 35 82 13 61 4 5 30 88 16 90 87 27 20 60 97 56 99 83 28 53 42 18 4 59 93 65 81 44 88 47 6 17 1 32 42 75 27 20 77 44 45 100 11 29 15 48 44 65 60 96 41 40 58 55 0 46 60 25 1 86 20 3 78 78 99 
64 45 12 22 12 24 2 12 77 93 99 41 8 19 6 34 22 63 69 57 17 94 54 90 36 58 80 34 61 51 1 57 29 71 6 95 68 68 92 7 88 72 49 25 61 81 1 63 95 19 16 78 28 93 10 16 55 6 89 62 77 35 3 17 90 7 20 76 97 42 30 4 56 41 59 31 46 3 29 47 62 7 80 10 1 66 11 8 84 98 69 10 46 9 61 21 0 78 2 60 98 1 45 86 7 12 14 10 4 30 97 88 40 69 69 99 13 11 40 24 21 87 20 38 69 53 27 37 64 16 76 26 27 20 72 26 97 15 45 53 51 13 91 68 62 19 52 58 59 23 43 58 45 88 15 10 26 11 44 73 82 43 72 18 57 26 77 66 87 82 4 94 38 100 37 83 81 25 52 11 59 39 41 56 1 3 39 83 2 59 34 26 81 67 35 82 99 19 58 22 53 3 52 24 89 59 71 70 31 51 1 17 71 13 65 86 9 86 88 27 57 56 51 18 69 9 15 82 19 37 89 96 56 9 50 85 83 98 86 37 82 48 37 59 89 69 8 92 26 62 92 78 14 7 71 91 0 99 48 15 73 48 22 54 20 18 52 52 13 98 6 44 28 40 83 86 35 8 66 81 90 47 30 53 64 67 80 9 89 44 69 99 82 50 93 12 36 69 43 30 77 43 35 55 28 100 33 56 29 79 49 20 72 84 87 23 97 58 23 99 37 76 92 39 81 8 66 19 58 11 5 45 24 90 36 46 25 73 17 42 44 41 27 20 26 42 14 38 25 76 3 33 87 1 53 100 77 17 100 48 49 18 75 66 76 45 76 73 40 58 91 3 93 14 16 64 51 60 89 41 14 78 35 80 22 69 6 90 33 25 100 29 26 61 59 98 82 96 58 17 
69 62 4 48 91 12 41 56 88 33 41 80 63 62 38 19 71 40 80 100 89 24 54 68 100 11 73 55 56 52 33 68 83 61 44 61 10 11 27 4 26 34 50 54 72 65 45 13 53 45 85 24 13 11 68 9 99 50 55 36 55 82 52 55 42 91 28 23 82 97 46 87 49 66 12 84 40 87 42 64 52 5 99 48 91 35 84 64 21 2 53 67 60 21 26 64 19 87 63 99 58 64 62 16 81 89 44 21 23 98 48 28 21 54 100 3 68 24 46 63 64 98 0 19 5 55 21 40 23 98 46 41 71 1 23 81 15 11 5 2 1 27 21 67 32 9 27 58 43 23 30 23 78 66 15 36 94 17 41 94 32 4 40 63 14 94 73 97 64 79 18 80 69 100 11 49 75 72 82 73 26 40 43 61 92 12 49 62 38 15 87 48 6 89 88 92 56 97 27 51 6 77 54 40 17 7 41 46 73 64 79 38 4 60 88 10 56 64 39 56 24 92 36 0 14 11 47 22 55 58 71 95 23 47 33 79 61 67 44 32 59 25 82 9 11 24 85 23 64 70 64 36 99 11 65 38 72 92 86 80 90 72 99 71 26 90 5 22 4 11 93 92 63 20 67 52 28 29 70 28 23 21 76 98 38 34 41 62 41 59 31 75 63 100 27 6 46 45 77 12 88 76 65 83 55 29 1 28 56 79 48 3 39 49 45 5 7 10 64 39 45 29 6 1 13 79 78 73 59 44 75 15 72 80 25 34 65 78 88 11 89 72 63 69 59 97 30 63 61 9 54 56 4 79 30 2 82 93 64 43 95 45 85 93 94 48 96 96 17 70 90 7 53 34 93 38 88 74 0 97 97 73 40 96 99 82 55 49 43 38 47 9 33 95 29 58 71 11 58 20 
26 10 89 57 68 13 74 89 27 43 19 70 15 41 64 85 99 90 90 87 23 6 89 79 78 5 29 30 48 2 59 90 94 64 39 46 93 51 45 26 71 90 96 18 24 97 97 35 12 90 34 95 53 28 88 79 82 1 60 84 30 11 13 76 47 6 86 48 74 24 12 75 37 53 98 25 25 42 100 2 96 45 22 71 96 77 61 54 96 77 2 59 5 6 6 88 40 32 4 27 90 66 66 71 99 1 63 66 24 92 20 66 68 47 65 43 43 50 57 75 45 35 76 28 39 49 50 9 61 31 26 24 45 66 11 86 11 42 58 75 53 75 77 16 36 68 59 9 84 48 53 4 57 80 45 22 90 4 32 55 17 89 89 88 52 38 85 52 35 85 16 88 60 69 81 90 14 22 58 51 62 37 9 14 60 83 2 31 18 78 92 57 45 36 4 51 57 55 59 74 22 89 41 90 99 5 20 92 8 31 98 25 64 13 22 85 21 21 34 60 53 61 2 60 82 59 81 15 67 31 58 77 50 57 44 15 11 54 4 76 20 58 15 32 97 73 19 74 65 83 11 60 46 69 49 1 87 54 66 32 25 57 66 72 82 68 68 93 12 36 18 37 66 95 86 70 19 47 36 24 23 81 7 10 17 92 46 100 54 85 91 69 28 39 12 5 97 59 70 74 33 82 74 85 7 13 31 84 2 66 37 68 84 8 84 33 21 2 10 39 50 13 60 18 20 32 39 61 48 98 54 43 40 99 88 56 99 3 7 8 5 48 0 60 33 78 82 61 47 13 7 79 64 71 100 69 96 40 32 73 65 66 32 56 16 83 36 50 100 14 29 30 80 97 38 74 69 50 17 16 78 95 21 99 64 16 12 87 95 66 32 95 34 2 29 52 81 0 39 52 
63 33 40 61 39 66 49 91 48 14 54 18 0 83 80 27 15 31 6 99 27 72 20 79 57 97 56 58 18 7 89 10 17 29 64 73 20 55 46 87 85 50 53 49 54 67 81 68 88 91 73 67 93 78 61 94 35 60 74 77 85 3 93 53 57 51 72 50 38 51 79 27 32 52 66 24 52 56 72 15 71 61 28 7 15 79 6 27 8 79 53 21 76 43 84 76 50 76 13 37 58 7 87 1 85 42 78 31 19 55 12 40 84 60 44 23 46 86 31 1 20 60 87 7 87 73 47 52 41 41 44 24 60 80 94 13 93 26 87 86 15 77 59 91 31 64 68 70 46 19 5 63 23 94 7 95 19 19 46 49 9 60 28 63 49 85 61 71 86 43 43 12 73 97 65 97 11 62 26 97 60 88 40 51 94 2 1 48 32 91 75 91 70 23 34 72 67 73 13 24 28 85 50 95 2 48 81 16 11 5 94 97 44 43 21 43 6 31 45 13 25 28 40 54 84 33 14 36 32 46 58 87 71 20 32 19 30 90 11 3 67 26 71 17 68 94 63 20 4 60 67 17 2 59 40 90 58 50 55 89 36 62 28 50 12 71 36 0 90 84 42 69 44 23 71 19 43 11 10 14 61 66 36 9 65 63 43 42 69 9 29 97 97 34 1 42 80 63 10 58 89 14 19 75 38 67 50 75 43 34 25 11 33 23 32 49 100 34 49 40 46 90 21 78 53 13 49 79 4 89 93 65 46 19 63 0 16 62 3 61 70 1 7 45 100 82 4 24 19 67 5 50 16 16 19 47 38 68 16 93 27 34 59 2 7 7 6 71 22 35 3 49 64 55 26 54 41 37 93 19 87 22 77 17 100 67 39 36 59 13 86 19 35 23 63 2 69 64 65 26 
10 9 70 26 33 74 29 32 42 19 99 42 0 89 9 86 34 74 74 69 76 55 23 42 52 9 65 28 81 18 81 33 10 1 38 65 79 78 23 86 96 48 17 97 78 81 10 26 36 1 39 30 25 33 58 75 3 91 2 4 69 45 13 92 69 40 34 70 60 87 66 3 29 32 0 47 62 31 22 56 37 42 38 8 100 81 47 60 45 11 97 0 66 54 3 22 80 67 69 51 84 19 53 45 21 80 20 14 81 1 89 81 94 15 23 30 90 78 70 55 19 49 58 81 29 20 22 27 82 86 14 32 13 69 18 69 27 48 62 22 68 81 47 78 46 92 46 70 5 96 3 13 88 97 94 2 67 74 38 55 91 88 58 21 25 50 32 32 25 19 27 79 31 92 45 73 51 23 6 33 6 16 83 15 28 77 57 87 9 65 20 79 81 44 57 36 20 40 2 29 59 15 56 14 39 89 36 37 87 9 45 17 11 97 11 2 50 33 13 37 41 78 33 3 11 50 55 92 98 75 37 99 81 33 15 18 53 100 95 35 28 86 35 53 46 61 21 56 66 54 5 88 86 2 84 98 29 51 72 85 68 17 39 7 65 64 64 5 34 2 37 45 81 64 29 38 47 67 76 98 9 20 93 64 16 16 61 16 87 32 63 99 68 84 84 52 6 20 75 46 92 47 94 6 60 52 96 70 54 84 1 53 54 78 49 51 2 39 34 88 89 83 17 59 100 70 56 16 95 61 28 7 95 64 14 75 31 44 29 51 19 74 74 67 36 14 54 9 33 47 20 18 82 51 5 70 31 10 13 57 82 7 56 11 84 24 87 95 0 18 88 67 16 16 15 9 22 48 83 31 100 48 27 38 8 79 10 64 72 89 52 26 36 79 4 73 66 43 65 81 
73 19 0 5 8 24 55 97 39 0 8 87 53 69 65 42 33 76 96 78 31 55 41 94 88 3 41 16 86 98 7 88 96 4 13 9 35 41 5 45 70 27 3 27 3 69 80 33 30 80 74 100 20 16 93 45 38 49 62 45 55 42 69 54 71 0 92 0 97 82 30 3 27 36 9 66 63 97 17 68 21 99 33 43 34 0 66 70 38 100 25 99 8 40 3 90 42 71 24 25 78 64 30 79 90 69 97 32 95 19 46 78 20 53 8 54 39 31 20 8 80 70 71 94 20 24 74 58 91 3 13 33 94 86 27 13 63 54 21 93 40 9 94 99 91 48 89 56 57 48 53 63 40 95 43 68 30 27 5 57 84 3 96 21 61 46 92 68 88 8 24 57 10 64 0 18 64 66 21 24 60 7 59 84 24 0 91 53 26 77 79 86 87 4 59 43 74 89 63 89 62 14 36 18 51 64 30 90 68 47 62 34 27 11 29 55 80 27 45 64 79 67 61 37 55 4 51 3 22 78 99 50 61 75 8 16 2 90 65 47 49 30 31 70 42 42 37 52 15 44 17 68 63 71 43 80 82 83 49 47 39 31 77 23 92 91 37 64 37 21 76 48 58 34 24 44 33 7 41 67 14 15 83 47 22 12 18 61 40 82 68 48 88 34 0 31 4 56 29 74 58 88 16 92 37 8 26 46 51 29 76 58 78 6 48 60 93 26 65 16 98 12 46 46 23 35 20 17 37 61 43 74 79 79 37 39 41 39 55 38 61 50 45 38 36 9 85 80 77 54 71 36 39 25 63 15 51 84 0 93 36 40 89 47 49 32 22 99 89 98 61 13 97 84 83 21 72 29 73 12 17 40 18 2 16 14 100 90 84 62 91 38 27 19 28 92 85 3 32 77 
64 83 95 40 87 85 82 38 63 15 29 18 51 55 53 8 19 47 12 100 41 89 58 83 91 27 57 11 49 96 6 58 84 39 74 63 61 68 52 7 86 53 85 89 74 8 47 27 42 44 81 45 86 12 61 65 77 35 23 49 98 18 20 60 15 47 21 20 11 27 31 1 30 74 74 56 92 36 42 68 34 35 10 97 14 13 33 97 28 5 35 83 10 43 11 1 76 53 50 57 63 72 63 31 8 16 3 10 45 90 24 68 69 58 30 72 44 29 38 53 15 1 18 16 9 29 22 29 32 53 0 86 56 15 30 82 22 63 54 6 73 12 0 68 2 42 9 91 33 13 10 78 47 37 21 57 63 60 55 10 82 37 72 83 57 47 38 76 9 6 84 27 76 47 61 16 95 59 71 41 52 6 66 56 46 71 10 42 31 91 64 15 28 23 55 18 91 79 11 32 56 31 2 15 12 83 17 21 47 61 42 46 41 27 81 4 2 97 66 67 56 52 74 93 5 24 93 5 99 0 71 60 34 35 27 1 19 92 17 11 0 42 10 78 7 87 37 15 29 90 7 12 43 71 1 82 32 73 50 29 82 67 26 11 76 12 83 54 38 7 83 5 58 46 41 85 64 45 87 27 65 6 8 88 6 73 70 80 67 16 72 84 35 18 43 95 95 87 8 45 86 20 88 58 89 87 24 19 43 88 8 13 53 29 0 10 47 27 11 51 45 32 14 48 14 26 85 58 40 60 55 44 87 15 39 60 33 82 48 6 49 10 47 7 11 93 43 73 75 1 48 5 48 73 81 94 40 13 13 51 9 14 81 57 82 70 5 43 53 97 34 88 41 4 58 2 36 19 3 74 56 18 15 97 71 79 8 13 72 7 69 23 98 56 87 99 40 33 47 10 
92 66 79 52 30 52 94 35 29 96 28 43 64 51 9 31 65 36 30 85 78 46 64 10 1 95 65 96 50 58 11 86 19 93 90 92 21 40 34 71 84 50 25 20 40 52 67 77 7 70 79 91 27 0 68 33 28 30 12 78 63 27 3 14 100 76 89 23 80 2 75 20 86 85 56 27 21 67 14 41 83 81 5 78 83 3 5 6 82 74 44 34 99 98 99 94 85 82 68 32 18 99 66 20 6 0 62 97 98 70 64 60 20 30 76 4 52 3 86 77 76 8 38 56 69 19 69 29 21 30 10 42 68 93 72 66 67 60 43 94 0 55 11 58 19 82 68 66 61 97 60 22 100 36 79 43 27 19 38 14 26 76 95 21 79 13 76 21 59 56 93 25 74 82 75 70 38 17 65 65 2 94 79 14 59 58 75 83 66 11 66 0 73 12 89 93 96 99 34 30 45 56 48 85 32 12 47 52 39 41 11 71 40 3 1 20 96 67 59 40 48 77 84 52 3 98 17 21 84 51 15 3 39 15 2 55 9 77 19 88 38 43 9 36 66 100 70 98 26 85 80 10 52 62 59 47 84 43 62 2 49 33 82 94 28 82 2 90 5 86 39 31 81 0 74 7 87 42 72 9 46 80 93 53 25 15 94 42 71 34 47 72 19 18 60 98 70 28 84 26 28 98 42 40 13 7 48 49 77 78 65 58 50 85 81 56 72 30 10 73 44 25 59 38 97 42 72 78 40 99 27 46 47 5 9 44 36 1 32 48 35 80 4 69 80 19 49 60 34 29 66 43 35 30 34 10 54 78 22 7 98 61 61 4 65 23 49 76 91 86 40 63 65 51 10 76 57 68 73 86 96 8 78 6 28 59 92 86 8 42 13 97 61 58 9 50 69 43 7 67 
76 30 69 99 74 45 57 89 18 37 64 76 77 61 67 8 23 69 73 61 91 100 91 23 69 19 81 21 42 75 10 94 1 21 44 27 11 91 39 48 56 28 30 13 17 82 37 47 5 80 76 50 22 58 57 72 63 24 16 65 96 22 72 24 99 73 85 31 36 29 56 97 51 61 25 19 37 31 3 56 81 63 98 62 31 32 86 92 35 27 75 45 27 90 12 32 72 70 30 48 57 19 81 45 69 63 42 52 20 51 23 83 86 80 95 97 28 93 11 90 96 61 48 84 44 17 17 47 94 83 13 26 37 25 27 74 52 97 50 42 62 20 3 46 10 95 27 83 75 26 53 41 47 77 77 98 84 75 54 75 43 47 47 33 21 95 12 89 88 10 98 37 53 77 2 13 29 34 0 40 40 61 56 93 2 68 61 32 64 80 7 93 79 53 65 24 96 99 4 63 95 38 70 10 28 0 96 60 63 78 8 63 54 80 95 40 0 18 35 87 100 41 10 36 8 85 4 91 94 15 73 46 35 19 75 4 45 25 8 78 66 91 100 39 41 39 66 56 55 73 40 72 2 47 8 18 22 41 27 90 28 74 19 6 60 68 15 94 60 46 58 52 23 74 67 69 88 3 5 65 40 90 25 66 9 69 48 27 77 69 55 6 0 77 78 98 37 15 55 77 95 47 96 99 83 8 59 28 87 80 54 60 52 58 77 62 100 17 74 27 67 61 70 70 83 76 60 18 77 36 96 85 98 16 24 8 0 20 9 69 93 16 87 47 28 10 32 88 71 61 0 37 64 1 50 30 82 73 73 81 45 12 8 40 46 8 84 8 17 43 41 25 1 33 50 5 43 9 97 58 28 64 11 62 53 79 70 80 0 21 46 93 23 47 25 29 59 86 50 71 
84 18 75 43 2 48 45 24 31 46 24 59 18 99 39 21 69 98 34 49 69 55 22 96 77 11 64 97 7 88 0 23 60 47 93 96 23 22 96 70 96 20 99 87 14 58 25 70 64 57 84 95 12 15 22 3 37 82 39 94 14 1 59 78 89 79 64 78 94 44 76 89 35 94 46 58 21 41 21 60 78 73 65 93 98 4 100 61 59 35 40 17 67 96 79 80 36 35 9 30 3 17 17 13 26 9 20 7 30 92 60 84 59 57 48 94 18 17 27 26 15 88 14 84 84 100 91 44 91 35 85 43 83 43 27 34 21 7 82 62 91 55 61 53 64 30 68 53 95 72 18 92 54 17 77 85 60 15 29 55 38 27 73 68 6 37 98 79 56 75 14 13 57 49 8 69 54 12 64 98 71 93 17 0 67 0 48 77 97 71 73 95 73 5 76 0 13 14 75 28 54 78 48 97 66 58 0 78 25 62 17 34 85 80 30 97 1 41 80 86 12 77 27 23 24 74 6 53 94 26 79 51 97 86 84 65 13 47 77 47 82 28 88 70 93 39 88 63 95 43 39 26 67 46 35 26 7 17 62 66 94 2 5 69 6 77 7 67 24 74 90 35 95 40 47 37 2 89 7 5 2 34 71 20 27 74 75 60 94 5 74 83 59 46 68 45 99 11 19 73 27 88 50 25 84 3 47 95 3 51 11 12 77 55 91 74 76 44 40 34 33 29 39 33 2 66 75 65 42 52 82 13 96 44 6 55 96 35 78 78 85 7 44 83 23 43 5 97 48 73 46 25 18 26 31 14 59 15 10 26 29 97 43 97 70 86 72 96 82 15 22 84 10 86 46 5 9 63 4 3 7 73 31 21 47 61 71 23 67 52 14 57 69 75 80 94 97 25 70 9 
38 23 39 66 43 27 100 46 59 100 13 66 7 10 92 97 20 59 62 15 74 36 55 8 91 91 5 55 30 97 20 14 70 66 17 86 6 88 24 61 79 97 45 49 80 67 1 24 34 65 86 82 13 25 76 41 4 37 25 3 73 97 80 100 100 55 74 65 93 30 44 44 34 99 53 82 19 80 18 41 60 57 5 19 81 35 97 78 63 30 60 24 63 73 57 55 86 2 94 23 32 3 2 78 31 100 87 96 81 35 67 11 93 17 15 25 54 49 28 38 67 96 55 88 82 70 87 3 25 58 63 28 79 49 86 5 10 7 89 49 93 98 53 19 32 16 27 51 28 49 70 97 9 79 34 76 22 40 3 12 22 71 89 62 54 23 30 24 11 3 0 66 51 98 96 83 47 56 67 32 98 80 45 47 12 0 50 86 13 65 97 4 44 100 27 85 78 25 97 1 95 14 2 73 62 33 16 28 99 67 53 18 29 7 91 44 34 67 96 12 33 84 8 0 26 25 7 22 30 20 96 79 76 39 24 33 5 56 78 9 36 86 45 44 18 25 2 64 32 27 46 67 71 79 21 60 59 55 4 53 32 100 67 66 34 73 81 89 12 79 68 68 55 6 7 91 12 33 43 78 99 17 0 19 72 95 67 83 0 80 68 19 96 85 78 21 1 80 55 76 7 56 12 56 97 39 96 63 8 42 34 64 86 15 87 6 81 5 18 91 53 89 30 86 5 32 12 36 44 62 77 8 31 27 13 100 90 9 69 85 91 7 80 28 76 38 84 75 68 33 58 58 77 53 46 76 88 85 97 46 49 66 96 64 45 2 11 3 93 51 96 17 100 63 44 47 96 50 7 56 36 87 21 39 0 39 66 34 24 0 34 49 92 82 48 29 89 71 94 29 
90 93 64 19 25 47 53 49 96 33 2 16 77 64 31 78 32 73 69 88 90 81 2 94 48 83 4 93 12 21 50 6 46 67 54 51 77 67 73 85 78 82 69 98 3 39 0 18 57 95 79 73 12 18 81 62 11 35 39 10 23 49 17 34 88 91 51 54 36 93 39 83 89 1 55 63 4 96 28 100 61 72 37 68 33 27 41 66 10 93 64 47 61 4 61 23 80 36 36 57 26 64 79 85 13 44 95 50 28 41 3 31 88 30 39 84 48 97 20 80 56 13 16 62 3 49 35 21 0 27 50 4 95 60 41 6 68 93 2 12 52 0 37 66 11 39 89 90 82 90 32 65 19 31 23 4 87 34 35 63 1 79 79 33 88 76 60 13 43 16 92 65 28 90 55 14 95 51 13 17 8 81 31 80 91 84 23 69 28 24 82 77 10 32 24 74 41 5 51 76 80 77 80 29 48 94 63 44 100 44 91 70 45 73 14 57 70 23 2 16 67 64 39 74 41 100 85 37 76 73 68 86 36 81 5 35 54 51 61 50 4 23 55 35 73 3 37 62 28 57 31 55 11 79 49 84 85 75 20 19 62 61 97 61 77 46 28 47 35 92 60 79 96 93 37 63 25 95 28 59 9 16 87 82 1 28 84 1 99 75 43 41 4 57 8 70 28 18 99 78 25 37 95 86 4 78 35 86 74 78 11 100 77 17 62 29 54 42 86 14 43 85 26 89 45 15 13 37 79 27 4 13 73 18 9 20 49 41 29 90 79 86 95 98 65 76 81 21 88 84 77 86 99 87 69 50 82 40 14 14 28 6 61 86 44 81 67 82 53 49 45 6 28 68 85 93 43 12 40 79 68 42 52 8 56 87 70 61 59 80 62 78 74 48 60 12 55 99 32 38 
28 45 88 73 91 18 23 13 85 58 27 21 27 55 85 81 94 78 25 63 10 11 43 24 15 90 0 69 14 8 63 82 31 83 54 8 98 32 44 71 41 87 82 79 96 34 64 73 14 87 36 82 85 22 11 40 76 66 90 75 12 63 43 3 57 97 3 22 14 67 67 74 41 45 19 76 59 37 53 37 86 98 76 3 69 10 50 80 40 1 35 26 75 87 28 43 43 40 1 18 81 99 84 55 97 14 64 24 95 45 3 33 7 99 73 26 10 11 36 55 50 84 89 30 84 17 74 0 92 7 42 76 39 48 84 93 46 85 32 77 86 44 15 37 45 84 11 16 97 32 10 16 99 91 97 88 94 16 86 34 93 7 55 81 38 44 87 34 10 26 47 20 36 24 29 51 46 96 98 27 15 44 96 8 73 93 89 85 41 20 21 60 39 82 2 42 68 7 76 96 36 18 45 99 37 23 15 85 51 79 47 21 1 44 34 89 94 25 64 25 54 12 52 24 73 9 47 33 51 56 11 57 34 88 97 8 63 43 81 67 53 43 31 93 36 40 21 25 59 89 32 18 65 34 49 78 75 30 75 18 46 68 44 38 20 70 8 20 90 4 92 56 50 65 69 5 7 35 31 91 15 51 63 11 72 38 94 46 44 8 15 22 20 39 15 75 85 17 12 88 97 16 30 13 19 37 75 31 22 57 8 37 11 32 53 61 32 12 10 27 0 42 15 56 85 33 17 96 6 41 2 76 78 56 78 6 82 48 64 52 22 86 75 15 6 9 93 39 24 11 78 66 68 23 74 63 8 11 38 52 89 18 26 76 84 27 40 77 51 93 38 29 74 59 41 68 49 36 82 69 57 68 13 64 79 3 66 18 24 66 66 34 50 79 38 69 15 72 51 4 
17 23 73 47 4 40 58 55 61 67 75 95 21 89 100 91 9 73 21 81 65 92 83 96 88 41 82 97 27 50 21 48 39 29 6 80 77 22 68 66 95 17 87 50 13 0 65 17 56 99 23 94 93 55 56 56 81 18 10 68 38 9 90 22 6 53 73 7 86 31 85 55 19 50 85 3 70 42 37 14 5 9 97 66 18 8 6 93 6 32 95 43 93 34 72 15 56 87 13 87 92 82 2 78 99 59 29 86 0 70 81 47 4 69 92 58 34 34 25 82 57 66 7 9 18 52 85 61 28 14 97 37 60 14 82 35 95 7 33 85 52 5 31 30 6 44 30 87 99 32 11 53 81 11 14 30 86 63 100 94 95 48 15 33 96 11 64 80 91 33 79 42 92 5 85 4 52 87 59 40 55 97 79 16 35 51 4 26 23 5 18 25 43 79 36 3 46 18 56 4 14 76 24 90 68 63 57 73 46 49 70 84 63 39 80 29 10 90 30 22 93 63 46 52 30 7 7 58 20 79 82 17 1 76 74 54 40 85 38 69 19 23 95 57 89 22 76 91 10 1 36 82 70 56 74 76 10 18 85 60 76 91 6 53 5 20 28 84 10 63 10 22 54 23 62 71 50 33 22 100 76 64 41 31 30 68 26 23 89 87 3 61 20 7 86 58 82 68 87 38 55 46 7 64 14 11 63 2 58 88 31 77 47 0 77 32 11 41 54 35 82 89 21 49 47 96 6 7 95 92 10 20 20 5 37 23 52 4 45 26 83 17 20 62 1 62 17 1 43 56 85 73 59 84 23 48 29 97 96 86 25 65 43 7 59 20 1 6 75 87 50 75 85 74 58 78 13 9 58 63 79 7 42 71 12 10 55 97 79 17 31 57 12 91 17 95 49 9 70 76 
58 57 7 91 62 31 31 90 37 26 4 16 8 43 61 91 48 86 4 91 59 93 12 3 84 65 9 72 35 38 13 84 93 28 71 78 29 12 2 47 49 9 61 82 30 62 94 97 28 36 26 75 73 84 68 49 85 96 95 41 21 43 61 14 90 51 43 61 27 90 2 62 59 76 11 8 68 26 20 62 58 75 9 21 33 55 69 23 2 7 3 45 86 47 3 11 62 41 81 95 86 12 23 14 74 12 18 29 95 84 59 50 39 57 9 34 72 58 37 57 32 90 26 23 54 52 43 49 60 95 98 64 19 100 84 45 12 44 70 99 55 22 44 42 23 74 19 30 23 38 54 20 61 70 42 41 57 51 93 30 30 52 74 85 24 46 52 92 100 53 37 48 21 92 34 4 34 3 54 69 0 77 71 72 32 26 11 92 24 14 24 9 38 32 9 95 100 81 99 9 35 48 85 80 98 38 83 53 33 84 82 56 93 14 97 61 25 79 16 50 25 20 16 16 63 97 26 78 30 36 81 92 11 20 19 63 84 91 42 100 56 47 97 72 42 30 4 50 36 25 19 2 96 79 21 54 27 93 28 87 97 4 83 7 87 56 16 40 49 75 3 19 94 81 67 15 73 40 68 41 0 8 19 32 6 48 39 39 5 82 26 79 52 56 34 91 96 34 97 52 19 96 48 87 31 88 34 2 98 0 69 28 2 24 14 16 4 46 68 43 98 50 66 18 3 25 77 16 47 49 99 8 65 47 26 89 66 69 67 69 75 36 53 96 69 98 2 53 64 71 51 4 23 45 44 21 28 87 91 46 2 8 46 45 42 47 62 45 28 86 25 83 2 44 99 70 71 50 97 75 64 84 26 76 26 27 49 22 66 24 95 41 44 75 71 70 23 79 59 79 
34 90 10 46 27 32 76 9 36 44 9 56 67 73 95 42 3 91 85 87 2 52 8 39 73 78 33 40 5 1 27 21 87 50 33 20 95 10 55 21 63 61 39 100 96 27 54 67 4 79 21 40 83 23 81 95 7 38 32 1 66 85 69 36 87 64 39 45 26 74 84 58 98 100 98 18 79 35 30 0 59 93 41 94 87 7 92 1 39 67 42 38 0 83 7 10 74 97 66 47 90 15 12 34 43 70 66 20 87 62 31 65 65 76 34 17 23 10 93 24 18 94 30 89 24 49 81 45 75 37 47 56 95 61 67 90 24 70 43 35 3 56 18 47 16 43 18 22 37 41 96 51 73 35 49 4 64 97 25 49 48 46 8 26 81 88 22 83 25 43 77 92 52 43 88 74 79 99 34 89 19 51 74 15 88 91 74 8 26 44 13 14 35 80 7 52 14 43 80 36 86 24 88 73 4 93 97 38 7 79 76 65 28 36 97 71 56 66 32 69 10 6 42 6 43 36 20 96 50 71 40 66 75 67 44 76 27 20 22 86 77 53 11 91 56 4 51 18 32 50 56 44 4 91 69 78 40 97 8 56 65 36 51 57 95 79 53 60 28 76 28 22 19 65 15 63 93 42 49 74 56 18 3 10 17 73 81 24 55 59 0 72 60 89 40 9 66 74 34 32 22 21 1 44 77 7 61 63 90 43 41 68 34 79 58 30 30 88 83 59 32 2 70 66 28 38 1 13 54 17 99 5 3 7 58 46 27 56 60 80 6 62 62 69 71 25 5 64 81 78 77 29 100 93 24 94 39 85 5 43 84 73 76 1 100 30 43 64 46 7 41 71 32 5 16 40 13 87 8 9 83 65 35 57 86 67 39 92 41 12 79 40 28 30 99 11 1 87 55 95 
50 30 16 75 59 32 25 35 83 3 96 29 21 57 5 57 36 33 61 73 32 5 29 3 42 37 43 16 75 80 48 72 65 68 35 96 57 76 46 49 82 60 3 35 82 92 73 42 20 24 23 8 43 96 58 64 53 8 90 71 57 88 4 23 76 56 32 39 35 38 24 56 47 27 100 30 90 53 2 11 69 89 100 96 54 62 100 60 98 66 32 73 44 52 92 45 74 61 97 25 37 22 49 69 20 16 36 37 38 71 98 44 77 74 8 26 95 64 45 56 17 77 95 40 46 11 70 26 2 4 26 72 98 87 75 66 87 19 42 22 17 72 7 2 11 92 88 96 14 42 63 92 64 93 11 23 34 98 96 33 56 52 9 67 5 95 6 41 21 46 37 82 4 10 60 53 55 46 74 43 16 62 48 70 51 74 52 23 23 29 86 1 96 90 64 7 83 6 31 33 19 58 88 48 13 36 62 1 98 47 6 39 91 46 42 84 86 63 44 77 40 16 47 35 97 71 36 28 2 77 75 44 8 30 20 48 26 33 19 72 86 61 23 97 76 55 75 29 88 56 91 27 94 99 55 44 22 84 64 36 39 58 79 27 4 25 94 16 89 37 33 60 72 5 31 59 20 0 19 59 32 33 66 4 60 73 78 78 57 3 7 56 61 48 19 20 59 95 75 42 72 43 11 46 84 67 79 1 21 100 36 24 53 37 25 17 15 81 90 66 95 50 60 90 87 96 12 82 19 39 87 1 61 78 35 1 11 18 43 78 92 70 64 81 62 90 43 14 54 59 1 8 98 11 44 9 86 33 32 43 56 69 77 51 82 62 0 84 91 19 42 39 100 10 3 17 67 82 24 57 52 32 47 98 83 38 65 57 58 72 6 82 50 19 90 57 31 45 42 53 
0 46 3 43 38 28 72 82 95 99 40 35 42 89 100 77 98 67 55 9 100 51 36 43 49 40 44 1 72 47 12 81 8 72 67 41 8 97 56 71 83 25 78 71 82 95 19 28 45 18 2 55 14 48 29 20 12 3 39 65 12 90 45 71 22 62 17 45 55 70 74 0 62 100 1 91 88 19 34 27 16 41 90 18 65 25 85 23 7 64 80 84 84 65 65 70 43 96 66 17 35 83 87 44 19 82 15 79 88 4 81 21 58 90 36 6 17 45 94 55 5 42 49 7 77 2 72 51 9 89 35 17 58 89 61 16 40 39 79 29 96 97 97 38 66 11 98 68 28 25 75 38 74 47 30 94 53 11 40 44 30 27 9 8 67 40 100 8 23 30 91 52 31 73 86 8 0 98 99 55 37 50 61 92 97 62 99 69 97 91 73 64 84 95 36 80 76 97 91 98 48 42 97 52 52 18 39 78 93 15 6 53 100 100 4 61 92 33 43 15 15 1 71 16 19 84 25 47 95 0 0 42 44 26 7 75 14 80 79 52 44 3 27 52 39 16 77 46 93 70 40 28 1 53 59 9 70 80 19 56 42 98 68 85 11 1 85 56 59 14 22 99 20 100 30 11 40 72 86 85 1 23 60 93 92 87 84 84 41 65 49 96 0 10 42 58 93 95 58 78 46 27 47 36 28 79 79 77 5 25 35 46 97 68 27 93 39 97 91 16 71 87 85 53 98 79 2 52 39 53 100 92 61 17 69 53 91 92 83 84 64 98 18 75 50 50 30 73 38 89 31 65 33 84 33 33 58 21 70 11 11 59 78 42 67 64 95 48 2 94 44 46 54 1 6 98 41 100 29 94 48 97 62 34 72 76 53 30 53 34 37 57 42 37 11 26 74 21 74 7 
73 30 24 11 65 25 29 81 35 43 93 56 33 0 88 99 29 19 48 99 74 21 62 60 51 90 100 49 83 20 89 21 18 96 8 14 20 60 28 13 14 10 62 89 52 37 50 3 12 88 8 18 67 91 15 23 90 67 10 60 99 66 97 68 35 50 97 26 11 52 70 17 44 45 15 93 30 8 44 45 18 32 87 8 1 79 9 39 34 19 59 33 67 99 71 88 33 23 42 40 96 28 66 64 43 83 72 67 78 81 5 24 63 81 8 71 68 15 80 83 67 10 18 65 34 50 38 96 100 40 29 79 21 55 21 82 90 81 85 86 83 23 84 22 56 8 88 11 87 78 20 55 7 77 23 36 92 93 91 82 64 79 76 45 87 89 62 50 42 48 82 45 85 14 97 97 52 29 48 57 82 20 88 29 81 6 31 94 42 78 92 5 16 20 60 84 43 57 13 84 50 77 15 37 43 47 92 20 39 95 44 66 97 3 21 90 61 97 61 57 74 72 49 45 56 52 52 1 68 44 59 6 26 1 13 4 2 26 44 88 64 100 12 60 48 100 44 99 100 76 29 58 46 59 8 37 65 10 63 72 62 37 27 11 5 28 94 83 83 13 82 68 84 96 45 75 91 89 64 84 96 35 46 59 6 44 81 84 49 82 54 4 72 55 98 26 45 6 88 89 6 16 7 11 59 82 12 41 71 44 64 53 100 21 80 91 70 80 25 36 37 39 28 67 79 19 68 48 89 41 22 89 19 56 44 40 48 69 99 27 51 63 60 78 42 46 100 26 98 4 75 26 30 86 48 0 1 86 75 71 40 17 57 55 29 15 93 84 68 26 50 8 32 85 56 64 44 90 94 33 15 90 99 68 20 99 83 64 88 5 32 70 6 17 28 85 80 32 50 16 
51 26 52 72 72 30 79 98 70 88 53 78 65 93 69 56 0 80 48 100 92 61 57 12 58 29 4 7 50 91 19 77 69 98 1 97 0 45 34 58 94 88 85 36 89 72 4 10 56 64 0 67 11 49 31 29 20 28 70 37 6 6 53 39 76 84 62 46 63 85 19 35 85 39 44 39 40 58 6 4 65 10 14 91 65 35 11 10 73 46 72 50 12 28 24 55 85 37 12 60 86 68 0 37 26 1 8 84 75 82 80 39 11 73 55 46 67 38 44 79 73 52 21 0 69 20 0 8 52 50 29 24 71 29 66 93 96 100 11 8 22 84 39 31 19 93 52 33 2 78 86 38 98 49 50 85 35 66 12 52 4 71 17 64 42 41 79 74 24 19 90 71 64 94 93 19 2 91 40 24 26 44 71 5 74 36 79 47 32 69 4 95 14 88 69 68 43 85 27 63 57 90 5 81 53 89 41 43 57 80 32 24 86 72 17 27 32 68 89 49 47 17 70 24 32 66 25 27 40 42 17 81 100 28 87 56 71 35 90 73 74 43 45 43 34 8 20 87 73 20 9 50 28 97 59 77 31 20 0 63 76 59 42 96 65 85 33 87 40 60 54 94 91 79 58 79 26 48 28 76 36 21 23 21 88 45 11 71 61 50 53 96 60 64 84 63 100 64 7 13 95 24 47 19 75 87 50 68 7 42 13 74 47 35 67 69 82 23 22 54 35 81 84 69 62 20 47 95 45 99 65 45 28 61 100 19 91 74 2 88 44 87 3 68 13 27 79 94 67 69 68 73 2 41 17 13 56 24 50 4 24 22 98 66 93 10 32 8 32 84 88 19 0 78 67 45 23 56 27 51 82 67 67 98 55 67 89 66 10 66 37 52 3 60 92 43 26 11 26 82 
58 62 36 43 57 35 12 35 6 45 74 82 80 87 45 88 18 11 5 33 36 54 100 33 9 59 77 71 18 94 25 65 83 83 100 93 34 95 98 8 23 39 19 71 95 99 38 18 30 38 60 69 77 95 3 48 48 62 20 91 13 35 11 11 59 32 14 49 78 76 38 72 84 42 62 9 73 62 88 21 58 55 43 14 79 87 34 25 100 30 52 46 26 47 12 62 17 0 86 61 62 96 90 45 24 44 56 25 72 14 98 24 65 42 27 28 40 44 85 53 50 65 15 100 53 52 96 19 63 86 12 40 18 25 4 91 27 56 10 31 76 69 73 42 20 81 0 48 20 91 43 32 20 33 46 36 85 20 100 30 59 53 67 57 58 99 83 32 19 12 93 47 12 85 25 76 93 52 54 81 100 54 40 17 84 84 81 17 70 1 87 61 86 4 40 16 66 94 50 27 2 39 78 51 46 15 27 60 0 86 51 59 29 85 93 10 1 4 2 1 99 56 21 28 88 5 98 61 73 80 44 31 77 21 100 32 1 100 12 18 7 90 45 29 29 72 69 76 5 9 85 0 64 71 32 31 57 71 69 87 56 53 1 72 55 35 23 61 27 38 59 21 45 27 96 7 9 16 39 71 59 4 90 18 26 55 41 40 40 85 4 62 41 31 85 60 5 82 40 41 27 27 12 9 73 13 16 37 66 91 14 81 88 67 19 88 73 51 4 93 62 52 19 18 71 91 5 21 9 45 45 98 34 5 100 21 76 21 59 17 91 2 10 78 30 35 32 68 38 18 79 53 18 86 35 32 37 49 55 63 27 12 20 56 40 17 4 88 69 98 27 61 100 59 8 90 82 30 27 99 75 99 42 52 45 50 59 3 69 100 11 2 44 60 10 18 44 80 63 57 
45 28 14 55 39 28 72 52 47 74 11 61 90 39 26 92 1 91 100 29 61 72 14 19 46 25 21 75 2 11 16 3 74 66 60 87 22 12 85 75 71 80 94 41 39 83 88 84 17 73 48 59 40 33 70 86 91 63 8 74 90 88 42 24 77 29 61 11 52 27 61 1 87 93 28 11 15 10 20 77 43 66 48 44 37 27 32 61 44 36 94 81 23 27 99 95 89 54 11 60 55 11 89 67 9 9 55 31 26 57 52 49 90 53 88 64 3 84 52 96 67 32 5 73 17 61 31 34 18 7 76 95 89 41 31 77 20 41 74 30 43 62 1 2 88 47 10 77 94 58 43 85 54 66 57 87 11 44 21 50 12 39 68 0 30 83 60 33 88 2 88 98 19 92 60 7 11 72 47 70 85 31 78 1 91 7 5 28 32 6 100 39 42 31 85 37 62 72 6 10 77 58 95 74 1 85 39 28 67 66 72 35 21 14 66 53 88 22 89 53 24 29 8 0 62 25 28 59 64 64 73 11 72 55 24 41 20 70 49 69 90 29 68 3 70 98 16 89 95 23 14 43 73 89 69 68 27 45 89 15 55 36 95 46 61 25 92 95 62 50 21 86 100 78 42 93 85 11 51 65 1 14 15 23 99 10 40 43 63 11 27 93 69 6 43 67 96 27 62 61 52 87 65 49 8 33 15 43 28 6 99 83 52 63 54 43 55 44 1 33 39 86 63 0 7 97 91 7 27 98 1 1 32 57 67 54 32 24 79 4 87 84 69 67 27 73 66 65 19 62 32 93 37 10 37 67 69 41 86 11 94 67 7 45 99 38 32 25 26 18 67 83 8 10 58 75 82 1 90 35 7 65 16 99 66 68 1 63 93 12 45 17 40 1 30 76 43 35 22 89 
30 94 72 26 89 57 38 19 62 1 29 11 8 53 1 62 15 74 42 85 90 60 59 77 36 18 73 49 88 48 67 35 71 15 23 83 53 1 20 100 32 83 24 83 17 85 21 12 75 81 0 3 69 65 33 37 97 52 65 96 45 17 61 10 14 29 1 9 50 43 82 89 85 12 36 56 72 80 75 42 94 83 14 70 7 46 64 44 52 13 3 58 44 86 64 34 1 90 5 88 35 3 3 56 31 4 99 54 41 16 75 64 40 4 23 43 25 46 28 16 37 45 48 60 88 29 17 5 43 66 33 2 12 58 56 33 29 43 99 57 18 100 44 9 20 7 32 10 97 56 50 17 91 43 25 84 11 90 63 92 48 93 28 71 8 28 41 92 29 55 3 97 17 93 64 34 20 94 5 99 41 28 33 53 8 44 4 96 89 92 8 68 54 25 20 48 2 2 17 10 46 95 15 19 47 75 7 66 2 87 17 92 25 59 43 41 37 62 71 30 31 97 46 26 92 25 71 18 73 86 96 2 4 38 88 83 71 55 63 16 11 61 18 87 69 73 41 19 93 47 8 75 5 23 69 61 35 26 39 63 59 77 83 28 37 58 90 25 34 43 68 6 86 27 58 65 63 59 72 57 62 79 45 27 38 93 45 3 39 46 20 9 95 58 29 59 44 60 89 29 87 49 88 84 75 36 3 53 12 43 92 8 74 14 45 61 15 25 32 15 77 65 86 96 14 90 89 47 15 100 62 30 32 74 1 43 42 96 92 17 57 54 5 85 98 12 36 69 53 51 54 40 51 97 77 46 70 2 9 78 26 64 54 67 58 97 51 13 65 7 50 21 70 49 85 75 100 53 56 45 43 90 78 47 6 97 17 86 96 21 38 75 83 44 92 3 35 88 51 71 
34 10 10 6 82 10 94 27 25 28 58 55 6 92 37 82 65 49 12 41 84 16 39 58 85 100 40 25 49 66 45 75 87 12 67 39 83 49 80 45 82 69 85 89 39 72 61 16 6 78 96 68 50 44 97 1 44 35 0 68 11 91 4 79 4 51 37 50 53 30 10 64 6 44 35 67 2 0 66 95 34 94 34 85 21 13 19 19 63 19 31 41 95 95 70 90 69 64 1 2 88 67 84 30 18 58 46 45 15 8 21 66 76 40 22 65 17 48 71 71 40 62 0 7 49 17 12 29 29 37 20 42 26 20 32 73 56 45 42 58 57 87 86 31 65 71 5 1 71 21 44 49 17 44 29 80 56 38 26 46 29 40 17 61 10 30 90 64 21 36 60 62 18 65 87 88 9 44 69 67 69 40 99 62 96 40 29 76 65 11 88 70 73 74 63 82 76 21 24 97 12 2 74 81 71 36 43 45 45 70 38 21 71 5 75 13 84 34 12 0 61 69 61 87 57 8 6 60 84 77 76 49 39 26 68 27 24 25 90 76 3 24 32 94 69 88 80 98 76 35 43 36 68 34 57 26 53 74 7 76 58 64 94 74 38 77 70 100 51 96 73 61 52 36 93 92 83 97 69 85 41 62 84 1 46 10 49 40 47 70 1 32 63 40 69 79 91 80 99 86 96 43 44 64 19 36 75 13 52 45 49 95 17 16 10 6 92 80 39 68 99 17 62 72 45 46 88 67 52 32 71 49 51 41 27 99 86 9 34 77 98 9 38 10 32 6 76 58 18 10 47 74 98 26 33 35 29 29 62 64 39 2 72 72 68 39 54 70 49 5 42 16 1 62 40 17 50 84 94 84 28 7 5 19 49 24 42 71 61 58 82 58 8 34 70 43 79 69 43 23 
37 8 67 38 59 13 89 65 55 26 9 79 13 10 95 76 26 18 65 100 20 72 40 29 93 86 63 14 86 17 61 4 72 100 7 76 69 69 100 34 47 58 100 15 94 28 90 33 40 88 40 95 36 71 35 61 42 44 72 72 50 56 2 31 56 14 14 68 90 62 10 74 72 42 84 60 25 22 56 34 67 41 55 71 63 91 70 50 22 34 76 38 63 55 71 4 28 37 17 17 98 42 46 88 93 45 1 20 42 86 97 99 44 53 52 8 63 74 30 100 47 85 2 20 83 23 21 17 46 38 65 51 92 51 67 91 62 92 26 86 31 5 79 5 69 48 49 45 41 32 39 47 84 2 11 20 23 4 31 37 14 16 96 57 87 75 69 33 100 84 46 6 83 88 86 85 95 54 28 67 85 33 82 9 96 80 44 59 14 4 64 28 49 41 4 44 28 76 19 14 6 51 63 28 74 97 18 49 99 100 34 76 34 75 77 66 78 54 1 53 88 94 76 50 69 30 16 27 37 11 15 22 88 15 46 61 45 61 82 16 40 27 76 7 56 47 79 86 4 17 5 48 14 70 29 46 29 4 81 33 33 11 19 22 71 100 24 38 62 22 56 86 65 62 50 49 35 19 12 36 32 95 31 34 90 13 19 84 21 92 6 17 62 41 83 69 44 49 92 87 89 83 60 68 31 29 92 69 21 58 29 91 22 26 27 29 92 44 13 23 25 14 76 78 70 47 97 74 29 88 90 39 98 90 7 12 23 14 83 63 65 54 49 17 0 29 60 18 58 89 30 53 38 29 77 47 28 46 47 13 61 8 60 54 60 85 65 20 56 69 63 77 94 77 71 75 92 80 40 86 48 75 3 66 26 70 76 92 26 89 67 28 6 11 100 10 24 58 86 76 
35 89 18 3 53 38 3 23 49 24 93 85 96 91 6 33 19 65 97 41 48 33 49 26 69 85 7 74 71 92 86 14 67 59 18 7 98 39 92 34 61 75 34 50 57 94 99 50 5 84 18 83 25 55 91 59 57 64 72 14 48 84 40 16 3 100 42 10 100 97 9 84 15 64 21 9 61 8 27 28 38 38 41 17 8 15 12 90 34 29 47 21 26 21 5 2 41 83 96 70 38 11 41 69 54 43 18 35 63 98 56 49 51 51 96 82 69 44 32 67 3 74 1 39 56 64 90 14 86 41 1 20 60 21 98 100 56 65 46 7 84 3 14 67 30 36 19 36 71 8 87 58 16 61 42 45 47 9 44 62 35 38 40 48 58 25 96 21 87 8 31 78 95 61 59 49 87 6 15 94 52 29 52 14 86 43 58 20 96 34 33 8 9 32 84 1 18 49 89 52 41 56 56 7 73 67 5 100 51 30 60 29 38 37 18 53 19 37 6 18 27 83 98 95 89 17 85 26 65 20 79 5 24 59 95 9 29 23 17 62 54 9 42 5 74 66 33 34 51 12 57 16 13 70 100 89 50 49 95 8 91 61 12 3 65 5 58 77 34 10 76 69 20 84 38 83 13 48 31 7 24 77 13 10 82 99 66 31 52 8 8 25 0 22 66 6 65 86 94 2 82 82 86 12 45 8 10 93 31 74 50 83 34 72 93 10 52 31 95 28 17 53 8 58 84 78 57 4 82 99 92 36 49 20 75 71 84 52 52 95 93 53 6 4 89 57 37 27 25 58 35 28 56 29 46 97 69 93 84 67 54 75 76 62 1 26 45 11 42 12 5 29 11 44 24 11 99 89 66 48 42 53 32 52 70 20 2 97 96 90 32 34 21 5 65 11 29 8 31 15 
66 51 3 9 56 49 24 48 97 3 39 76 23 74 63 20 7 37 41 34 22 86 93 92 54 72 62 37 70 55 59 27 74 58 37 70 24 67 26 26 64 63 48 93 78 91 15 34 18 64 73 92 13 76 24 78 69 40 99 22 25 45 38 50 13 77 42 4 10 57 24 82 71 98 66 73 44 96 41 18 96 73 80 51 55 33 70 68 86 26 19 52 29 49 82 27 42 58 43 0 36 14 85 44 95 19 44 77 0 50 100 60 47 79 91 59 19 76 83 24 49 0 87 55 40 40 69 30 66 5 87 95 67 44 68 51 100 83 26 52 42 83 5 67 95 88 73 73 47 99 2 80 99 14 29 81 32 33 30 50 9 68 40 84 39 88 12 41 48 40 79 50 16 4 50 24 82 41 59 13 18 7 8 53 74 53 64 76 34 33 13 31 52 65 74 32 37 9 67 77 69 17 86 73 76 93 19 11 79 58 94 18 13 56 74 29 33 58 33 73 17 66 67 89 97 51 45 43 0 78 91 36 89 11 65 79 47 90 100 53 62 84 52 81 78 57 41 88 70 80 10 78 4 80 4 38 3 17 31 10 50 62 15 77 81 62 57 33 9 12 26 68 95 25 50 14 24 30 75 5 98 64 100 83 16 43 13 0 24 30 94 15 77 11 31 26 23 38 30 98 61 20 97 28 17 58 23 31 74 25 49 76 11 40 16 65 99 87 78 66 17 40 55 85 34 27 41 24 59 92 27 46 78 4 12 93 75 52 12 70 97 57 89 99 99 83 21 58 71 7 39 40 51 0 82 70 66 14 38 10 63 89 17 92 67 29 75 43 29 69 59 22 63 30 4 47 3 9 89 16 86 39 76 72 41 83 77 30 54 40 16 40 20 7 2 34 73 32 91 67 
43 100 18 74 19 4 99 0 17 51 70 45 16 57 69 30 63 97 55 34 51 68 72 21 64 91 53 64 97 42 85 38 66 75 83 54 14 3 76 4 97 49 18 17 49 29 40 29 97 100 11 42 92 60 98 37 98 98 76 27 43 89 22 79 39 2 25 21 86 41 63 39 37 32 37 17 32 30 77 35 53 35 68 97 16 50 58 90 31 1 28 93 78 81 38 89 77 92 19 85 33 89 99 30 64 50 75 39 90 51 1 1 30 32 79 40 31 78 96 80 74 48 15 46 56 4 88 73 12 36 9 60 84 27 21 60 11 32 34 39 92 24 74 49 81 35 85 11 26 1 22 37 50 88 71 90 95 21 12 23 49 54 52 94 41 36 17 95 74 47 38 19 9 4 66 78 77 76 33 35 74 37 21 38 88 99 14 6 23 80 45 3 66 96 26 3 77 30 1 87 60 72 18 55 94 15 58 81 78 8 52 87 49 39 52 2 83 67 13 51 82 64 92 67 35 14 97 52 99 88 79 77 33 5 69 53 55 91 52 32 34 66 10 92 77 40 12 65 0 71 49 29 58 87 82 46 5 9 14 92 34 41 11 73 1 41 81 65 4 50 92 61 68 82 93 69 63 99 0 68 68 15 26 40 84 71 28 16 42 89 72 31 11 83 58 53 39 15 29 87 71 28 58 26 7 25 41 39 39 29 39 7 60 0 1 48 11 73 6 0 59 27 9 100 37 51 18 22 0 78 88 91 48 79 74 22 70 73 7 51 32 63 61 63 55 52 25 28 45 30 31 85 57 64 26 10 37 63 19 77 46 82 88 25 72 32 54 33 72 30 33 92 19 75 58 4 77 90 38 74 51 24 3 25 86 91 27 24 6 48 17 46 2 86 79 15 92 28 11 31 
55 20 27 8 89 2 83 16 69 68 75 58 97 27 30 71 39 16 64 36 28 59 76 78 57 4 82 63 100 37 17 74 79 69 71 53 57 59 81 38 51 62 39 10 65 96 42 46 28 35 36 94 76 79 30 74 93 72 99 57 21 34 4 66 76 23 79 13 77 12 6 6 59 51 61 57 87 5 33 79 31 97 98 34 97 86 48 93 59 76 20 39 38 11 62 58 93 20 93 57 89 49 1 31 23 64 7 30 34 59 41 52 61 73 59 29 17 99 36 95 75 26 60 39 4 11 47 32 97 48 3 54 21 79 25 14 31 61 53 99 81 88 29 33 52 29 33 39 52 66 9 32 51 94 94 56 79 70 82 7 74 40 8 27 60 96 76 45 62 7 28 21 9 39 50 14 93 18 76 42 43 63 66 34 53 92 95 91 2 52 27 54 66 9 60 21 90 36 53 44 57 34 65 12 18 81 22 82 64 91 79 33 9 41 49 51 46 90 34 11 34 97 10 49 0 20 80 21 3 35 46 94 9 49 13 32 11 62 67 94 31 38 44 29 79 65 9 77 57 47 0 43 74 61 97 60 27 99 28 47 2 78 93 75 96 63 62 15 70 81 8 90 72 27 59 84 35 60 5 36 69 22 77 20 79 3 13 54 18 9 42 86 72 24 3 85 64 22 98 46 33 81 53 36 7 66 68 36 9 6 89 6 21 50 70 1 70 56 56 68 62 93 33 43 57 78 36 7 22 47 3 5 43 69 80 13 1 36 69 18 96 10 45 82 74 78 5 81 71 35 21 49 19 2 60 92 100 44 8 96 40 11 92 92 96 68 70 96 34 70 87 20 35 51 80 69 13 49 39 3 63 0 4 31 36 73 83 28 77 60 43 91 61 50 95 12 21 82 55 93 
79 88 98 21 32 26 82 75 51 74 82 65 48 23 88 55 80 57 28 51 4 36 80 76 24 79 2 74 83 18 87 75 31 51 57 5 59 83 53 30 58 73 28 30 0 8 42 13 91 50 20 23 6 8 99 21 5 93 55 1 62 44 30 75 3 60 70 39 74 83 57 11 80 91 44 12 6 53 83 38 60 27 66 40 100 67 76 21 42 99 30 94 91 35 89 28 20 38 5 41 69 17 19 63 98 53 82 81 64 2 100 50 53 29 44 93 47 19 65 55 22 94 47 39 52 21 35 17 23 85 9 100 19 54 63 87 55 74 92 2 40 45 3 52 36 100 91 99 17 24 51 38 13 45 19 94 3 94 15 71 60 90 17 27 56 34 8 55 96 29 85 62 41 81 100 36 79 15 53 70 23 20 23 51 16 77 59 81 80 36 53 33 45 1 68 57 91 9 89 45 60 90 17 61 51 85 83 18 71 8 55 24 69 57 15 63 71 58 82 4 55 45 13 88 27 2 61 18 89 76 24 19 13 67 25 25 93 93 67 91 3 33 56 62 95 69 54 63 52 48 59 46 58 69 60 8 95 30 7 44 25 19 68 7 50 93 58 26 48 35 66 14 30 90 60 17 93 26 17 10 28 72 36 44 90 84 29 31 30 97 83 88 46 74 66 53 34 91 63 83 84 8 9 100 13 18 71 19 53 50 61 3 48 78 34 83 81 95 72 96 53 55 15 15 20 78 9 49 38 34 43 11 71 19 14 61 22 37 42 20 89 1 15 78 42 47 94 65 68 77 74 90 78 32 40 69 35 95 16 13 46 50 7 22 25 9 63 62 59 17 23 71 41 40 98 72 36 93 97 75 17 16 56 61 3 97 11 77 73 1 71 7 10 27 14 30 80 68 85 85 
66 27 18 57 58 82 65 77 87 28 33 38 72 52 76 35 75 81 75 12 73 98 99 44 31 79 40 92 35 45 77 77 31 74 87 74 12 34 47 83 34 16 46 47 8 100 32 96 56 41 9 6 72 94 55 70 45 59 39 81 50 57 17 55 32 22 11 1 26 67 95 74 88 34 30 49 73 10 9 77 49 44 54 97 98 10 10 48 55 43 62 67 90 14 66 22 63 69 78 83 89 89 95 30 83 25 40 22 95 88 84 80 20 6 58 77 80 51 1 12 83 37 9 100 95 56 73 23 99 3 82 7 61 39 11 99 3 36 60 38 78 49 45 45 77 50 12 86 10 50 81 94 3 88 40 78 12 47 57 82 63 13 72 23 56 72 33 58 18 7 36 55 71 48 94 29 53 98 39 11 28 55 53 23 37 74 70 60 90 19 41 55 21 42 30 52 89 53 88 9 12 51 87 30 14 18 1 97 33 38 16 68 61 23 10 93 30 95 67 48 4 21 90 39 74 39 82 31 8 60 51 39 47 25 15 92 56 18 92 60 25 53 14 96 65 14 72 9 2 35 18 95 85 97 67 73 4 100 44 81 80 33 86 39 55 82 31 98 43 59 98 63 94 2 20 99 26 98 79 16 94 17 8 48 38 10 65 55 1 19 20 3 57 49 82 80 6 9 44 16 48 61 94 2 31 5 20 8 51 22 89 36 51 81 68 12 62 65 75 84 92 93 66 43 22 46 35 74 14 86 33 16 6 11 68 84 68 0 44 18 98 64 35 59 62 98 21 98 94 56 82 64 9 48 19 37 4 14 16 51 61 20 98 85 38 11 26 38 79 94 94 51 25 74 48 38 34 53 65 53 58 54 100 54 70 71 1 62 24 34 53 63 69 64 24 69 58 10 51 58 
57 70 76 1 36 58 81 5 85 33 96 35 17 4 29 85 72 15 74 24 37 7 27 32 67 41 85 30 67 44 63 30 95 82 91 46 7 91 2 61 80 84 9 90 6 86 20 14 47 45 48 31 9 7 72 15 82 27 20 49 45 73 24 48 98 44 37 31 88 77 58 25 9 9 93 81 48 8 37 76 32 21 34 62 78 76 46 63 83 13 38 65 7 67 75 97 54 10 40 15 95 58 44 18 9 40 73 4 31 40 60 77 13 39 24 1 65 71 0 56 45 31 42 24 76 11 72 59 82 73 47 8 24 90 97 59 14 33 53 25 86 49 72 18 6 92 1 62 6 61 58 4 45 21 79 26 97 25 55 18 28 6 29 36 10 38 56 91 16 14 40 96 93 30 53 27 18 46 81 9 84 57 67 99 35 8 5 15 67 62 61 82 2 29 41 62 17 70 23 27 39 36 83 63 50 86 0 61 27 93 63 34 85 1 64 96 6 37 51 1 48 26 75 13 79 24 67 83 48 56 43 1 24 25 77 89 4 34 7 25 97 50 37 20 89 38 6 94 100 86 28 36 42 18 90 20 28 38 19 36 46 76 24 94 79 33 69 21 50 99 78 75 95 18 20 52 85 6 40 84 11 23 13 50 34 31 14 98 50 10 66 75 44 20 27 58 84 78 69 100 91 25 28 42 66 100 85 2 95 4 38 77 27 13 29 62 59 29 1 69 50 78 74 11 62 1 62 92 81 3 55 85 32 43 3 64 0 64 92 27 84 71 51 100 81 11 64 16 33 34 52 26 63 15 89 29 99 60 64 93 91 31 66 34 26 62 46 31 14 23 92 42 49 11 65 89 50 92 25 86 48 26 73 64 69 50 33 23 30 38 10 57 27 93 37 16 92 40 58 94 
3 13 51 17 23 66 8 85 66 28 45 70 90 71 25 78 69 15 60 20 18 63 92 13 30 0 73 45 88 72 59 28 62 95 24 35 66 31 31 43 9 79 9 30 68 94 72 79 79 61 35 36 14 75 100 76 51 67 22 28 48 68 25 5 69 71 35 86 82 67 57 4 47 4 36 1 92 52 65 93 32 34 36 91 63 98 93 100 10 38 15 26 42 22 64 43 22 80 88 94 97 71 87 45 85 24 19 44 40 76 22 69 53 60 40 5 35 82 21 44 93 94 27 22 63 67 11 49 85 80 66 97 18 51 13 58 77 24 100 10 94 64 93 49 7 57 91 81 70 19 4 35 12 0 44 87 3 88 5 1 87 94 82 12 76 75 90 63 13 26 35 59 19 17 84 34 76 22 74 58 39 2 28 21 91 56 92 12 56 95 1 9 68 1 99 12 50 55 71 67 9 99 61 79 6 67 82 38 65 76 2 71 45 33 29 48 85 93 80 79 85 33 97 8 59 38 28 37 35 91 86 90 65 80 90 7 59 12 10 43 44 67 91 54 22 81 91 84 89 56 53 93 5 15 89 32 46 96 63 38 34 32 82 18 66 28 8 90 66 34 17 82 50 54 87 68 71 86 49 73 59 22 94 57 26 27 7 93 28 84 25 4 54 17 26 57 99 56 29 38 36 89 31 11 97 34 82 77 80 88 67 77 18 60 33 20 24 78 99 28 93 65 2 84 60 6 43 5 86 94 28 19 63 27 24 39 24 31 66 17 5 30 12 71 57 83 59 77 36 19 95 28 14 16 17 73 60 85 34 83 30 89 3 53 70 25 36 39 60 80 9 34 87 6 28 69 46 40 95 32 50 73 74 19 80 2 79 71 41 0 77 3 75 74 50 31 59 26 43 8 
53 56 12 31 28 0 63 8 2 3 99 57 2 48 37 45 76 46 49 55 26 4 96 23 93 13 70 79 9 27 27 80 60 10 91 51 46 52 63 69 17 50 63 62 44 15 88 36 93 70 11 87 10 35 24 65 3 80 71 3 85 49 95 91 92 29 26 43 86 19 76 7 27 14 27 45 45 62 28 2 52 76 24 68 7 45 43 67 32 66 100 71 86 31 83 47 40 94 11 100 49 5 73 89 55 11 73 33 90 3 98 3 96 43 58 44 16 40 92 49 57 81 54 28 11 2 43 93 31 80 83 97 27 33 73 89 50 3 0 78 20 52 94 41 70 96 43 50 89 6 33 54 0 54 31 84 54 53 57 88 78 24 78 79 20 63 71 98 23 11 16 7 78 58 55 37 30 84 84 21 46 38 91 39 9 35 65 8 45 57 94 46 68 51 27 45 67 5 77 16 49 48 57 8 40 9 34 87 96 8 30 41 48 57 57 11 6 86 40 48 56 23 36 98 58 98 97 31 75 22 44 16 20 20 10 60 2 52 41 17 92 20 53 59 54 57 100 75 61 83 92 66 92 69 92 12 1 99 0 13 46 24 34 65 30 94 17 64 66 98 62 12 81 54 56 16 27 24 87 58 71 46 80 54 93 2 57 26 18 95 36 51 77 46 3 12 2 82 29 71 66 19 2 66 87 44 17 17 19 88 82 12 50 28 88 89 8 66 67 12 32 41 55 47 43 85 83 75 51 83 93 77 87 84 91 63 19 27 54 26 89 11 12 81 93 88 65 99 64 12 4 46 78 29 26 53 24 44 31 56 30 67 95 87 96 76 45 29 54 71 11 62 10 36 29 70 15 28 92 70 45 59 12 44 54 29 38 32 41 93 24 84 100 31 87 36 63 48 63 84 
66 31 91 39 2 99 37 83 15 54 59 66 96 79 83 58 32 3 30 50 89 68 72 88 0 79 97 76 22 15 20 79 30 78 29 36 79 5 69 84 30 28 86 32 57 89 17 33 93 17 82 40 29 78 6 90 43 50 60 66 92 14 32 56 96 18 58 48 54 50 37 42 73 37 3 83 34 1 78 12 53 48 20 2 12 94 81 7 61 94 43 12 88 70 53 23 36 35 96 2 51 38 60 35 66 25 96 22 70 49 40 93 66 75 79 89 60 74 100 24 92 46 20 90 22 57 3 68 49 15 89 52 100 41 28 33 37 64 81 5 91 22 70 83 47 73 50 87 76 54 17 90 3 0 56 87 46 78 38 32 89 29 48 64 37 61 65 43 69 7 48 64 78 100 0 48 44 82 97 45 72 96 2 19 57 17 52 97 77 80 100 99 32 7 69 90 48 84 71 83 92 45 60 75 97 80 71 20 42 42 87 40 83 13 34 59 47 26 87 39 25 93 52 23 62 77 6 40 79 24 68 15 54 97 42 56 54 72 0 23 99 54 19 39 37 65 18 44 68 28 90 35 71 81 6 56 51 57 1 40 20 59 5 11 32 49 5 54 3 30 15 85 17 38 73 63 70 87 35 23 38 43 37 2 62 19 70 26 15 57 21 66 86 97 22 38 18 94 44 31 41 35 14 80 43 38 14 28 3 22 91 27 58 46 25 3 64 22 66 99 57 92 40 23 16 78 29 62 65 66 74 73 38 49 50 44 35 53 77 93 0 57 64 84 69 93 9 71 86 29 36 51 42 44 78 62 54 24 75 95 51 96 73 61 97 19 11 29 62 58 9 35 43 99 15 29 20 9 66 29 29 80 55 41 66 38 86 27 72 56 43 25 58 95 72 64 39 65 72 89 
81 46 83 90 84 95 88 39 20 34 8 2 76 52 22 14 22 60 9 96 54 87 56 24 34 59 4 33 52 10 31 11 81 89 74 27 17 33 92 63 45 42 51 61 65 6 92 15 52 85 85 97 89 32 31 82 20 78 90 32 34 1 46 33 69 96 16 11 8 65 0 14 45 49 14 62 84 65 19 64 32 67 30 88 31 73 26 84 97 89 4 39 63 61 0 37 42 89 54 9 61 47 79 50 99 28 46 9 50 59 13 39 22 81 2 9 75 26 72 23 100 53 30 5 88 43 28 98 52 7 66 96 76 1 59 55 98 47 13 7 36 34 22 98 58 7 29 36 22 30 75 96 81 72 21 9 14 9 58 12 45 35 47 65 67 58 33 5 94 9 15 89 54 78 37 3 5 89 74 11 36 77 87 95 39 27 85 58 74 59 22 64 64 28 57 82 98 29 92 42 61 74 52 16 46 5 8 48 38 37 5 13 61 83 67 14 56 10 39 5 0 43 26 8 8 8 53 28 84 37 72 64 56 13 7 81 2 35 46 99 80 75 25 85 82 55 39 89 34 23 5 90 56 67 82 54 55 68 94 92 95 26 69 53 4 0 100 65 99 20 19 9 7 84 16 29 93 97 21 37 20 69 30 47 77 52 42 86 90 14 83 88 68 5 35 21 87 79 53 20 3 41 46 55 1 65 7 26 54 10 60 34 86 84 68 3 76 78 7 98 84 12 37 50 28 66 10 10 34 32 96 99 6 63 84 91 28 24 13 61 22 22 50 82 28 90 27 49 79 64 28 85 97 93 12 99 86 41 88 64 42 94 30 98 58 72 92 74 9 37 72 61 66 46 56 3 93 76 21 29 58 99 40 54 17 32 35 77 89 100 77 66 84 39 24 70 74 34 10 11 
96 81 93 57 56 17 83 36 42 42 5 50 59 40 86 77 17 29 89 29 88 80 77 87 30 73 34 13 96 90 48 45 54 87 86 13 51 55 82 72 41 63 74 25 80 43 61 56 74 97 49 12 81 77 71 21 23 6 69 36 52 48 31 78 4 44 71 71 46 16 6 58 7 89 65 54 29 4 12 24 1 28 30 56 48 22 86 76 80 99 18 15 41 90 28 57 49 15 67 55 25 56 23 89 19 5 39 38 14 53 19 29 21 96 0 60 39 53 20 12 89 34 58 6 94 20 59 100 3 58 17 62 29 8 87 33 52 92 33 27 76 92 39 65 93 21 99 8 87 2 12 15 0 25 78 98 16 72 38 7 28 87 95 90 62 9 45 61 65 18 100 35 50 87 10 46 6 91 2 88 81 6 29 44 56 17 97 50 72 40 70 75 81 5 19 49 57 14 60 74 52 2 56 9 17 50 72 79 4 61 76 66 80 98 23 26 44 45 89 32 99 87 4 16 72 33 22 7 100 86 26 9 47 43 56 99 8 9 80 68 35 37 7 91 16 12 95 38 1 95 79 58 82 91 83 16 50 72 13 16 100 50 95 32 15 45 81 77 47 36 68 7 36 98 4 17 70 48 15 20 9 13 63 52 56 53 63 53 2 62 47 10 12 72 54 32 78 73 38 15 82 76 65 4 39 97 63 50 72 4 26 18 34 60 75 96 20 39 36 74 71 64 76 12 47 13 68 87 49 47 78 2 35 88 99 75 6 10 51 63 16 5 7 34 2 0 28 4 46 65 60 34 92 71 31 15 52 88 24 35 64 81 91 34 93 85 80 2 84 52 70 19 38 55 11 17 25 84 81 4 80 0 24 87 4 36 54 68 16 26 81 55 91 91 48 18 94 1 100 74 
47 26 96 77 65 70 84 28 39 80 66 38 97 1 77 14 75 8 93 99 62 32 3 35 65 14 76 60 76 4 78 29 5 54 32 67 70 19 1 31 41 42 100 46 43 26 69 42 93 39 69 56 29 24 60 20 100 28 2 82 58 24 68 98 61 20 100 23 74 100 17 80 90 22 58 5 50 40 37 10 44 94 83 30 71 59 64 64 56 10 37 75 58 35 47 23 60 84 92 34 56 47 89 79 60 83 22 6 99 23 0 71 50 82 12 81 33 76 56 18 25 14 26 97 41 94 3 27 91 2 100 1 77 36 51 46 26 92 97 29 46 95 47 94 52 51 42 78 3 40 67 14 38 54 33 65 42 49 28 66 29 88 70 38 73 96 1 59 93 45 37 55 78 64 94 59 65 16 8 72 15 6 51 23 73 83 24 36 64 63 70 25 11 32 78 51 100 77 30 47 14 65 43 31 79 6 99 74 31 58 53 50 28 18 29 96 0 11 86 72 24 84 100 42 77 81 22 26 15 30 37 33 65 11 85 22 2 45 69 66 73 61 84 59 74 17 8 67 29 58 83 96 91 57 79 62 67 42 13 65 20 35 96 82 68 95 64 100 17 91 16 54 7 66 24 34 39 84 83 91 34 14 50 84 60 56 41 81 7 77 43 9 53 36 9 47 17 20 74 66 2 50 49 32 70 12 48 4 46 95 100 3 82 50 84 86 8 43 87 66 78 72 45 0 86 49 85 1 62 94 82 7 8 59 23 14 69 52 93 41 28 96 7 48 34 45 41 88 54 97 56 62 100 21 73 53 99 72 25 81 59 42 32 12 98 53 65 93 50 90 0 21 76 99 69 45 82 20 77 46 71 86 95 87 33 62 26 94 82 85 70 86 89 75 83 17 43 86 29 66 
43 96 27 85 11 49 93 73 16 35 97 72 94 80 69 17 26 18 50 85 35 4 63 21 35 86 0 83 51 88 29 72 26 58 42 13 69 60 78 48 94 43 51 7 47 5 9 68 37 16 90 96 7 55 62 85 22 26 21 65 58 88 66 22 47 38 22 21 64 86 93 78 26 17 83 88 24 70 67 76 44 26 90 68 46 98 34 32 62 33 100 86 68 21 69 28 30 64 55 54 47 68 67 28 11 83 90 10 84 10 42 73 54 20 35 91 19 75 63 84 67 81 81 21 12 71 96 36 98 78 90 30 2 9 94 21 55 9 17 85 91 31 0 46 74 3 17 40 77 91 98 21 9 98 2 7 89 79 84 19 19 9 91 56 24 80 59 59 84 20 40 84 57 55 86 43 12 85 34 56 7 40 27 1 81 49 37 33 19 93 3 52 37 36 61 26 23 62 24 25 63 33 19 44 68 45 11 35 38 29 9 62 20 47 72 8 43 42 61 19 23 71 39 15 78 55 43 24 79 8 12 81 68 30 53 88 96 54 78 74 85 39 9 96 5 2 82 5 80 14 59 93 75 91 94 94 41 40 60 70 73 88 6 67 94 23 88 21 51 41 82 58 71 95 71 82 33 57 67 27 40 44 0 1 23 42 17 30 100 6 53 32 10 50 70 50 25 61 37 28 66 8 80 36 60 75 13 72 57 91 73 22 98 46 60 69 79 80 52 83 94 4 78 61 47 98 27 79 50 54 69 44 73 12 5 7 97 64 38 24 69 53 69 100 94 13 66 17 94 95 25 4 86 56 31 85 49 48 73 21 40 52 87 99 25 37 41 0 11 40 5 24 71 73 61 40 95 32 56 88 50 12 39 12 59 64 73 35 79 52 93 80 17 53 58 66 23 14 30 5 
84 5 70 33 10 16 36 80 95 16 82 58 90 75 35 14 76 7 38 66 43 43 30 62 86 12 75 56 75 73 38 67 52 68 57 25 10 39 10 61 5 70 68 1 29 77 22 71 79 42 80 74 35 52 13 44 84 50 12 55 68 70 70 89 38 18 73 100 32 12 22 76 51 61 70 10 91 59 13 85 97 79 30 19 99 86 25 63 3 74 39 71 16 50 26 46 51 6 78 25 97 62 14 56 1 21 40 23 4 11 81 25 13 42 30 64 23 43 16 48 38 70 85 77 27 99 29 20 75 96 27 62 47 56 19 57 23 10 36 52 18 34 70 80 78 75 45 93 47 64 75 24 33 50 3 21 53 36 25 27 42 33 91 60 95 87 55 8 15 66 4 35 32 97 4 7 42 3 98 30 76 54 54 44 61 89 10 93 43 44 93 31 61 30 22 55 3 12 31 56 13 11 2 33 16 71 98 28 19 29 50 13 11 67 14 17 11 38 23 92 55 84 28 63 31 98 43 13 73 40 97 37 58 5 79 51 98 3 88 45 3 23 84 18 78 86 60 9 18 65 77 83 85 39 46 96 39 64 49 28 2 8 63 40 32 49 93 36 8 25 12 56 30 55 46 69 53 14 19 29 88 91 65 91 44 9 32 20 18 63 82 2 85 40 50 50 84 75 70 49 86 8 55 57 50 2 92 55 84 43 71 80 1 16 72 36 39 74 76 18 82 29 18 43 50 34 15 94 76 80 47 4 82 3 69 30 86 92 30 37 46 93 1 83 2 31 61 85 40 80 77 93 41 50 38 100 70 11 70 58 80 50 53 91 12 37 30 47 46 11 71 46 3 85 49 96 97 95 17 63 59 38 80 87 21 68 42 30 57 42 55 1 10 80 78 99 48 68 99 89 
34 36 5 41 93 80 40 74 21 80 38 55 65 35 100 7 47 43 6 77 68 80 90 9 61 12 36 56 6 7 32 7 4 45 66 38 22 26 67 29 50 94 80 80 36 29 1 42 41 22 12 82 38 90 1 82 24 2 87 53 34 30 10 71 0 84 45 43 14 10 59 86 46 18 99 82 45 17 42 34 3 89 46 91 96 100 93 99 50 3 52 63 99 83 68 78 70 11 74 0 77 60 11 13 64 66 83 62 17 8 68 95 90 25 67 97 41 24 77 83 97 57 71 22 38 58 71 10 82 19 32 55 34 76 64 8 73 100 19 98 15 5 12 82 39 69 58 61 30 39 21 30 54 62 76 31 5 75 61 60 41 14 9 33 46 5 0 54 16 0 10 15 11 56 58 32 50 24 83 8 21 82 23 2 45 73 36 33 2 49 20 46 38 97 27 31 97 10 11 39 60 79 56 39 90 18 61 91 61 53 85 87 15 85 52 81 87 60 51 20 58 22 86 72 86 73 21 43 17 50 82 6 87 54 6 97 6 9 99 68 47 50 63 98 96 89 34 14 3 58 66 7 100 69 36 30 26 59 91 88 83 23 75 62 35 64 58 46 11 99 7 37 9 30 31 1 70 24 71 14 38 5 21 64 4 31 92 23 36 37 21 67 51 11 15 40 40 22 26 87 36 94 5 17 38 39 10 42 65 51 8 49 23 92 47 74 52 27 26 39 36 97 65 34 57 34 46 16 78 11 91 61 67 61 37 55 81 27 84 63 15 86 97 83 13 22 35 42 92 19 49 21 64 58 76 2 83 99 55 85 87 80 10 31 19 23 68 41 78 76 91 92 2 81 67 69 87 87 84 56 91 11 45 85 17 31 9 8 23 40 97 32 14 69 12 100 47 96 19 56 
42 81 39 7 99 62 44 48 47 15 86 80 52 37 65 9 39 42 82 20 44 49 63 7 44 18 21 49 72 6 10 36 93 69 30 22 97 85 63 74 97 69 53 60 27 34 59 17 26 61 86 78 88 83 74 42 11 47 23 55 57 37 76 0 3 50 9 52 56 89 98 43 80 14 75 19 55 87 8 44 15 46 88 2 30 91 72 76 4 57 74 59 99 15 8 64 79 91 19 42 79 37 39 44 47 28 97 70 19 42 2 18 24 0 85 73 29 44 61 77 99 44 1 68 49 85 49 79 61 90 38 10 51 45 85 8 0 20 88 20 39 99 4 67 47 81 75 46 5 15 74 59 0 14 86 57 65 88 55 40 43 69 98 85 29 90 7 61 72 8 13 2 23 42 40 34 89 77 72 73 48 63 71 30 37 89 76 15 25 41 9 3 62 100 86 30 85 93 78 50 71 33 84 76 1 69 95 17 99 71 78 56 21 97 24 56 98 74 33 77 2 40 27 56 35 58 13 89 7 31 3 25 82 85 51 70 11 85 95 33 44 19 81 59 100 55 35 16 21 74 21 94 6 85 16 73 81 87 81 74 43 96 11 53 75 49 71 95 69 19 96 39 100 28 64 11 62 71 32 82 32 74 97 81 9 75 52 84 54 28 52 97 68 66 64 76 69 67 32 72 34 45 75 55 74 85 86 56 32 18 44 67 4 77 89 40 4 85 14 58 16 91 81 100 6 40 80 9 4 55 57 23 64 65 26 23 43 23 48 66 97 3 47 35 4 7 31 49 13 8 27 82 10 92 79 62 4 6 5 60 87 5 82 22 4 83 14 66 8 88 15 78 58 60 4 58 44 27 5 41 15 52 33 46 26 57 84 60 18 8 67 80 58 0 57 96 65 43 5 65 
11 43 47 55 13 50 100 98 44 61 1 66 66 17 35 96 32 37 68 19 82 78 25 11 16 44 80 43 64 52 79 40 0 96 25 52 33 32 92 74 91 28 74 70 85 3 59 80 30 37 59 52 7 71 39 83 25 4 75 48 90 46 33 53 64 40 29 25 29 78 2 10 10 86 48 0 85 79 98 56 71 17 81 51 62 36 66 88 43 62 73 48 94 41 34 61 93 30 62 38 31 87 0 17 31 20 5 58 45 18 3 28 85 16 29 9 79 61 31 37 99 69 73 97 87 62 83 17 15 25 55 13 85 5 2 7 57 71 87 71 54 96 18 98 9 42 12 14 20 25 66 77 25 25 91 59 25 72 38 20 99 0 88 93 82 70 25 59 44 57 38 27 71 4 74 82 4 81 5 3 26 76 91 22 8 43 91 10 72 47 64 10 97 45 24 57 4 37 80 49 0 18 46 25 74 75 11 11 2 6 1 92 45 63 43 0 22 85 97 41 9 60 85 84 89 16 40 88 69 5 30 50 3 2 45 92 31 51 11 76 93 89 64 0 0 82 79 90 53 60 96 96 37 53 43 72 41 85 23 50 47 50 70 80 43 84 13 86 61 34 89 22 8 71 20 26 40 99 94 72 91 84 84 33 16 30 44 81 77 56 71 82 93 37 71 32 42 79 99 39 30 82 5 2 6 6 58 60 74 32 47 62 0 24 70 14 32 20 69 79 8 51 9 64 70 80 11 32 64 40 38 71 96 89 73 3 10 43 68 58 95 45 27 96 35 99 91 68 39 20 19 56 35 21 63 39 75 81 10 46 8 14 25 76 7 46 36 27 34 26 14 24 58 97 10 47 8 58 36 37 24 46 92 99 84 5 92 96 78 71 94 66 84 81 2 100 49 16 88 17 
57 12 87 83 69 62 58 42 57 77 32 22 46 20 68 90 19 11 2 35 49 89 88 1 42 13 32 78 83 82 63 36 83 60 78 92 11 19 89 88 86 41 88 63 63 12 15 25 70 38 80 11 10 46 36 14 71 10 31 100 88 88 33 42 43 44 43 31 34 84 23 35 63 85 15 57 35 47 85 96 26 72 43 54 92 92 72 24 36 81 3 66 87 90 1 8 29 80 55 93 33 2 18 6 88 51 44 94 35 36 56 39 77 88 82 73 11 68 4 77 13 37 2 71 75 65 87 78 94 37 36 36 79 1 2 18 19 51 58 39 90 60 67 3 19 17 78 22 83 13 10 67 83 13 60 29 68 32 54 88 41 59 47 0 19 60 36 60 70 36 44 76 70 77 60 14 89 1 69 15 2 64 89 7 27 4 79 62 39 84 93 94 34 28 20 41 7 2 47 100 63 77 52 24 4 45 77 0 59 22 36 73 0 88 96 88 65 98 35 38 69 13 5 23 20 60 59 34 27 26 35 57 5 69 98 23 23 59 99 90 13 13 14 19 40 13 72 80 65 77 48 23 82 93 76 23 74 97 38 30 7 19 84 58 14 15 33 76 7 91 97 55 47 57 48 48 19 90 64 64 99 19 71 6 13 62 31 96 27 46 10 50 53 59 99 67 83 64 27 58 60 2 53 5 29 90 92 63 69 96 74 16 70 24 15 42 24 21 27 45 28 23 41 52 66 88 53 20 81 56 41 94 0 79 11 45 32 44 21 58 56 52 89 42 76 10 14 80 15 85 89 44 28 57 44 38 70 24 71 61 24 48 94 13 8 23 61 14 98 21 55 76 36 21 12 39 74 96 52 12 99 35 15 6 77 23 33 83 87 12 12 71 76 24 11 63 57 2 84 48 
12 85 83 57 62 12 52 67 81 88 21 73 20 65 26 19 7 59 64 9 79 93 81 100 44 8 41 59 77 23 81 14 97 20 23 29 45 29 55 97 48 87 82 61 61 75 21 5 35 70 84 30 80 22 96 38 52 55 22 97 41 93 18 64 31 39 1 66 97 35 99 40 96 32 46 89 27 3 64 44 71 9 87 53 86 74 87 97 35 14 21 8 35 57 18 32 12 2 79 35 89 32 84 26 78 17 42 91 31 64 92 59 41 68 93 16 74 17 40 1 2 8 99 7 56 6 12 30 64 68 7 57 30 85 65 78 27 31 69 38 27 10 83 8 81 63 83 1 5 1 79 69 10 94 19 91 65 80 66 48 72 88 56 27 75 81 42 6 84 29 91 30 26 40 82 23 59 5 47 29 45 65 70 52 12 41 33 19 60 60 1 62 42 6 72 51 65 16 89 55 19 52 56 43 52 5 11 26 90 89 51 29 77 34 3 88 77 60 4 62 51 100 75 27 79 61 44 13 26 66 90 20 56 1 76 91 55 25 8 4 97 68 21 14 5 43 100 15 8 86 68 78 2 65 68 7 61 7 87 33 56 14 24 62 35 81 66 100 96 30 88 57 31 39 61 73 67 61 93 80 29 81 6 70 6 88 34 89 6 48 32 48 46 52 55 6 99 77 69 33 64 57 63 33 48 21 22 53 86 4 14 31 60 57 15 38 26 48 89 11 100 97 40 29 61 63 14 19 20 19 68 96 74 56 78 6 35 97 1 67 60 10 44 100 79 59 52 91 63 12 22 58 58 64 87 11 62 17 7 49 94 50 42 99 38 46 16 67 38 38 11 50 13 62 69 8 28 26 3 77 23 24 50 25 64 4 36 30 89 41 13 88 12 55 56 79 31 25 99 94 
40 32 50 17 99 58 40 93 85 56 28 100 2 97 85 31 1 39 5 84 65 75 63 18 70 10 22 74 30 73 63 81 51 43 25 62 2 33 38 17 44 42 28 56 37 59 71 25 94 34 62 81 6 97 32 53 23 45 12 38 1 5 75 44 3 38 59 80 54 46 85 93 14 80 93 23 51 90 8 57 23 57 6 12 6 70 38 91 81 76 91 86 46 7 92 63 69 48 92 37 97 89 86 92 53 28 58 91 39 35 29 99 61 21 43 71 24 20 53 96 97 55 8 86 51 100 33 32 68 92 17 54 58 62 26 64 95 37 55 67 20 13 43 14 80 89 74 94 57 56 47 68 28 74 99 97 89 80 83 95 85 73 38 47 32 78 88 41 37 31 98 15 41 88 58 2 85 57 26 17 43 93 39 1 50 10 30 69 2 81 39 63 50 15 48 85 99 76 65 58 62 35 41 68 0 22 40 95 63 94 61 21 43 58 41 68 7 61 98 31 53 92 18 74 17 74 84 16 51 76 42 9 75 20 63 75 20 87 77 89 78 26 84 82 32 69 96 66 34 52 8 50 81 15 50 24 84 80 22 99 51 73 58 100 99 87 36 73 25 98 94 89 59 30 40 96 47 90 90 68 5 94 45 83 48 92 90 29 17 62 30 20 99 23 70 69 78 70 88 62 4 42 20 1 48 70 50 21 10 46 39 38 51 96 82 86 67 8 14 69 13 3 82 98 85 84 19 4 80 98 21 0 10 23 76 16 95 16 7 15 71 48 81 38 30 83 41 91 37 47 22 32 63 50 68 72 68 47 94 18 96 4 6 59 56 20 66 24 86 1 32 6 70 13 58 59 0 92 74 17 59 11 65 94 29 82 29 94 35 44 32 94 73 63 54 20 28 46 67 76 
59 99 21 16 14 21 46 59 92 100 88 9 42 58 25 11 74 29 30 80 23 82 65 84 95 37 89 42 46 23 70 59 1 25 84 12 37 56 48 67 91 81 83 87 65 31 27 37 69 51 22 100 26 25 29 71 82 44 43 54 90 89 61 16 62 44 41 1 16 34 68 29 23 62 0 41 7 19 88 60 16 32 46 84 21 13 73 5 93 6 42 91 34 33 87 78 90 70 81 81 79 28 75 50 56 65 39 93 2 27 63 77 25 55 82 3 58 6 56 16 52 98 62 47 89 9 95 0 53 98 91 69 66 19 7 19 62 4 19 43 40 99 32 13 12 88 65 93 55 94 39 65 23 53 87 90 47 47 9 76 34 32 34 9 31 59 35 24 95 99 58 100 40 98 64 57 95 24 56 99 35 15 52 23 29 69 98 7 59 91 51 9 56 62 43 48 44 0 31 43 81 75 94 99 76 8 25 94 41 72 53 23 94 0 78 60 43 67 11 23 68 39 44 32 72 57 82 98 34 40 7 63 88 10 2 75 33 68 54 97 15 92 14 56 84 75 65 95 41 91 37 53 89 49 14 34 44 49 86 38 98 76 37 42 22 57 0 73 84 78 52 93 64 69 5 58 37 1 25 50 63 76 24 18 98 27 16 6 9 0 14 96 16 90 10 32 99 33 38 21 99 67 0 74 42 99 17 4 74 44 36 66 94 43 64 4 59 37 6 8 62 11 81 18 95 58 14 17 83 53 60 44 25 26 15 49 22 5 21 20 88 2 25 48 76 82 76 83 88 14 59 6 60 39 15 6 7 21 33 40 13 14 31 44 8 75 51 97 23 88 39 12 6 96 74 58 35 39 93 58 27 22 66 37 69 22 86 46 90 63 83 73 40 10 33 71 67 5 18 5 
73 27 9 53 11 47 68 97 89 95 67 33 0 66 18 73 42 50 47 30 100 65 38 32 60 78 4 39 13 100 56 86 51 13 84 63 56 11 23 29 87 56 88 16 28 64 82 73 24 5 68 86 24 98 45 36 69 45 16 45 95 10 77 20 61 99 31 24 84 97 20 15 81 24 16 31 90 40 60 88 28 13 15 33 75 65 24 22 78 41 32 19 86 1 72 98 98 53 86 3 69 30 40 82 78 4 98 9 50 53 0 99 91 17 95 97 93 26 47 11 96 95 82 80 28 5 32 52 69 23 18 6 84 76 97 98 92 5 66 15 46 88 0 42 8 65 99 39 61 78 52 82 7 0 97 35 14 71 58 72 11 43 79 72 87 17 39 57 96 18 1 76 88 68 2 10 87 28 100 92 22 27 100 10 13 75 44 39 70 91 26 59 38 5 83 66 69 51 89 76 2 1 76 28 95 60 80 75 95 52 18 78 79 41 84 78 26 78 71 88 65 46 100 73 57 39 18 42 42 27 45 74 81 12 97 82 9 19 60 23 9 61 81 62 17 59 16 46 15 30 16 42 23 63 100 38 69 46 61 23 36 6 53 21 91 12 4 76 60 72 94 10 72 43 57 2 31 60 72 14 12 40 3 29 69 95 78 76 19 77 63 27 49 34 10 95 18 28 41 30 39 52 15 15 58 88 28 62 36 62 32 36 6 76 17 83 83 54 56 72 88 24 8 9 42 27 93 86 27 77 14 97 82 23 70 10 43 61 99 1 5 76 4 78 3 92 50 99 62 51 19 12 99 40 22 66 11 34 21 25 29 93 69 69 39 77 47 80 53 39 35 99 100 28 64 36 98 90 53 27 12 54 62 41 73 40 19 13 61 35 94 21 74 58 20 37 32 16 84 6 
27 47 88 88 66 46 14 47 68 69 12 11 10 28 72 52 9 27 93 8 89 93 21 86 11 62 73 41 44 97 21 34 92 82 6 85 51 16 78 81 43 22 33 98 73 37 37 3 16 49 77 32 67 53 39 9 1 17 56 21 0 13 51 38 70 45 80 93 16 86 76 76 67 72 71 12 85 49 37 94 71 86 84 100 74 62 91 39 8 72 65 97 1 97 86 69 99 61 41 100 94 69 72 80 83 54 71 66 3 17 5 55 78 88 13 79 48 74 26 42 40 62 24 82 18 87 64 92 74 84 47 66 65 57 22 63 93 44 78 36 1 79 85 18 72 27 9 57 66 11 72 0 1 34 59 93 97 86 70 78 14 38 16 95 19 5 27 51 32 7 96 1 67 63 28 87 34 38 2 77 32 13 89 15 32 6 28 18 18 72 38 16 8 61 37 32 9 56 6 0 50 38 53 47 23 30 79 18 44 5 77 4 100 47 31 58 2 49 19 23 38 27 12 28 66 11 76 94 22 26 55 41 16 35 88 79 53 41 97 21 47 24 34 21 95 10 94 30 76 51 29 83 31 99 24 30 43 46 66 37 74 80 12 64 98 96 4 33 81 93 91 73 83 48 18 90 46 20 65 40 81 13 10 30 42 95 13 19 79 4 83 17 82 54 52 11 61 89 2 68 59 27 17 19 45 50 41 90 22 39 31 82 71 52 89 55 72 80 50 34 22 9 56 28 44 16 73 40 79 79 55 41 90 68 47 53 68 22 71 73 72 65 37 53 64 78 13 77 8 34 67 75 95 58 53 29 47 53 63 14 42 14 70 41 55 29 52 48 91 90 43 28 92 0 30 23 19 37 1 63 23 84 11 80 74 18 90 71 28 87 71 19 2 90 64 76 54 12 27 68 
53 71 14 52 75 36 12 81 6 16 13 22 33 73 85 49 42 10 69 63 11 54 30 77 66 54 99 100 41 35 60 87 55 7 71 4 29 17 5 26 1 66 74 99 76 31 0 11 48 14 72 71 82 9 37 61 65 68 13 18 26 18 38 89 100 33 67 51 1 42 34 69 33 43 52 76 64 62 68 19 41 99 16 40 0 28 79 34 76 4 69 69 8 27 66 67 69 98 87 68 53 96 28 71 53 59 90 42 83 48 94 94 97 1 17 84 67 54 72 90 46 79 82 91 42 52 77 64 54 81 37 26 63 66 63 21 76 19 0 91 64 90 15 87 15 16 96 45 10 38 42 74 31 85 58 81 11 56 67 6 91 37 42 62 94 21 34 80 48 95 55 61 74 79 92 2 72 28 89 13 92 78 62 84 49 65 66 44 2 57 43 42 54 77 35 63 38 17 83 60 40 77 28 8 73 17 1 16 47 54 39 25 14 16 47 1 52 15 12 12 79 19 80 65 91 83 100 46 86 35 27 88 96 3 69 84 91 25 31 59 0 59 77 25 50 1 3 2 85 85 85 65 31 38 96 63 28 66 67 15 10 21 57 17 26 67 76 58 5 90 66 2 86 6 39 96 70 71 35 81 72 33 39 17 87 88 94 40 85 1 85 75 59 95 24 68 25 88 14 51 30 51 21 16 45 43 86 95 38 70 24 26 78 78 10 30 67 67 14 97 68 66 36 74 83 35 89 89 41 57 86 32 65 81 51 20 98 60 30 22 5 20 17 44 29 75 10 5 92 92 2 45 8 25 23 63 62 92 44 63 60 18 15 93 27 94 70 86 32 68 19 1 98 80 60 84 14 47 47 22 77 1 47 63 76 89 4 36 89 3 16 46 38 9 95 43 86 59 32 38 
62 19 44 27 88 5 13 40 92 41 57 0 75 54 67 1 72 96 19 90 62 28 47 20 7 14 39 97 70 54 57 11 46 85 21 21 41 1 88 12 29 36 50 43 58 18 47 13 43 75 62 7 68 74 49 49 28 39 23 32 81 21 67 47 54 82 78 91 18 100 58 93 75 51 66 21 47 76 2 58 15 93 14 17 50 50 5 1 1 18 29 46 21 71 11 97 33 4 72 43 9 22 20 64 97 78 68 1 54 84 93 98 3 96 57 57 17 22 11 85 34 27 60 25 91 7 72 18 81 98 64 33 7 87 48 94 49 71 39 72 85 5 56 20 57 74 69 72 90 92 37 98 11 85 8 14 43 52 41 61 46 46 51 11 16 87 17 84 81 50 60 7 50 78 73 22 67 100 83 6 87 15 82 80 84 9 40 26 95 74 8 87 59 42 96 39 89 8 93 66 1 86 46 57 94 92 47 78 69 81 100 1 80 15 12 50 93 8 9 35 60 7 30 40 82 65 68 20 81 48 63 89 62 89 75 13 19 90 54 8 1 32 3 88 81 52 61 80 48 24 91 32 11 86 65 65 39 55 73 6 58 83 97 34 29 55 57 10 41 80 41 58 100 98 84 49 56 34 81 48 75 12 9 0 60 6 30 80 27 30 54 69 81 65 85 47 2 35 17 32 80 98 32 97 37 92 95 50 29 1 17 47 37 63 97 72 8 38 28 71 11 17 63 30 3 80 24 17 32 81 99 42 80 81 8 24 21 93 76 29 87 39 77 66 74 4 47 85 43 0 79 69 27 71 5 26 87 38 66 88 1 65 38 95 87 19 92 54 15 53 76 86 21 31 63 84 47 17 14 61 76 9 23 12 24 83 12 31 31 28 55 50 95 49 31 56 70 37 17 33 
74 28 94 90 75 18 81 62 85 26 51 83 84 99 49 85 14 12 21 6 8 66 0 7 98 1 18 67 58 64 9 26 7 5 3 33 58 38 64 39 38 78 100 34 18 17 25 7 99 22 93 97 32 12 6 1 62 59 57 49 23 69 69 98 21 64 27 79 73 34 85 98 83 98 2 23 99 46 58 5 62 94 6 8 98 35 21 72 62 66 42 91 23 32 17 8 13 84 58 91 38 80 3 11 4 97 50 62 26 98 62 98 36 15 14 68 25 12 39 84 16 33 44 54 30 7 13 27 22 85 98 94 12 35 21 84 52 15 65 5 39 59 18 23 33 53 36 7 99 48 95 2 34 64 95 72 73 81 70 92 75 40 23 92 39 58 50 36 83 19 28 7 68 90 3 99 16 78 69 47 22 63 72 56 10 71 54 30 40 21 27 78 28 82 15 86 58 94 28 80 39 46 4 66 99 81 60 61 64 61 24 49 89 16 93 81 39 55 57 92 74 59 10 84 84 51 33 66 69 26 10 29 55 29 2 71 31 64 57 23 48 96 54 99 21 37 69 80 39 11 48 62 34 3 74 58 66 22 53 69 21 40 26 72 18 91 38 44 34 57 72 3 22 76 86 93 23 17 29 1 1 43 12 37 89 8 78 68 90 26 19 57 72 47 8 5 41 75 63 27 67 29 99 93 78 55 29 3 85 16 58 64 84 9 51 91 76 77 54 40 4 16 84 66 92 75 76 40 58 68 13 38 73 80 41 83 69 92 7 14 43 92 48 19 30 85 42 1 65 97 7 59 91 18 96 98 35 24 28 17 60 50 85 85 59 7 53 5 76 90 69 26 19 90 34 82 42 65 2 63 68 11 98 50 44 32 88 97 71 74 7 44 32 61 35 7 66 55 3 63 
77 48 87 22 43 61 40 7 4 73 57 6 75 53 14 30 81 12 84 59 44 13 10 90 16 74 95 7 53 46 22 19 12 61 22 77 9 22 12 79 5 59 28 12 6 29 44 38 25 3 50 40 27 86 52 99 8 69 39 0 94 16 36 12 1 84 6 59 32 64 56 47 4 70 74 87 78 85 4 56 26 74 2 42 79 15 49 31 92 100 28 29 95 54 99 10 87 15 92 86 2 72 65 10 5 27 48 22 42 56 15 86 74 95 97 18 42 72 38 54 21 39 45 64 58 84 71 12 12 7 11 44 75 66 25 88 60 51 89 96 28 94 59 18 83 55 100 1 95 41 52 42 70 70 72 25 5 37 68 92 17 25 53 85 70 78 56 27 62 54 14 6 91 80 25 83 74 0 89 30 66 59 18 30 100 14 66 81 90 71 34 96 12 49 4 76 72 59 79 25 22 82 0 36 39 27 7 54 60 9 28 26 76 35 39 85 31 84 81 84 19 79 80 83 30 100 49 4 38 65 93 72 83 27 18 25 37 87 67 34 94 58 71 38 78 67 74 36 82 11 7 39 70 39 0 82 100 36 89 30 13 64 85 45 78 42 23 29 34 45 53 60 88 75 46 72 87 49 22 52 77 64 94 22 23 30 56 93 6 35 17 27 51 85 40 17 44 100 22 64 97 67 8 39 27 29 17 14 61 14 61 79 5 44 6 98 6 17 7 95 72 28 92 50 57 85 65 71 50 70 17 10 31 45 83 49 71 68 44 13 74 19 36 78 58 74 20 95 56 3 82 58 38 95 37 16 13 90 100 58 57 33 18 100 39 36 93 30 28 32 42 79 25 2 35 58 8 91 32 27 35 88 31 75 92 61 9 85 14 88 7 2 20 11 77 54 0 49 43 17 
83 34 78 97 13 58 10 91 65 39 73 46 81 34 99 21 24 95 42 42 25 26 90 90 69 12 19 5 15 32 69 43 40 88 23 28 57 22 63 7 70 67 18 45 52 96 60 51 26 89 21 45 52 96 61 89 52 51 64 26 55 23 68 15 31 73 100 13 58 97 94 84 18 48 35 65 20 18 42 53 62 43 88 22 15 86 24 83 84 98 98 43 79 12 36 9 43 58 1 28 35 76 72 40 85 95 1 20 13 58 76 3 44 97 68 55 71 28 98 65 68 31 74 74 81 36 78 75 0 38 34 94 39 44 13 63 53 24 64 86 8 4 86 22 6 85 58 15 72 76 65 75 99 86 60 84 45 44 66 19 47 42 29 91 16 38 85 63 92 24 46 37 91 94 58 88 76 54 97 50 51 82 88 22 93 74 33 45 92 83 89 57 40 7 79 72 82 84 99 41 31 90 68 57 54 58 30 3 70 17 72 22 77 92 49 5 87 12 40 73 71 66 13 41 22 92 95 61 10 36 1 46 23 91 18 75 3 14 67 37 5 57 99 30 54 2 41 74 1 36 26 32 88 85 46 95 0 25 16 29 34 96 40 100 47 45 64 59 87 49 94 63 40 45 39 26 70 94 12 54 10 8 32 59 16 9 17 95 60 10 24 64 14 8 35 44 80 51 1 74 60 50 88 86 92 54 6 42 17 38 22 35 54 76 32 47 11 32 86 10 83 96 17 31 80 61 14 37 73 40 21 53 80 9 28 24 23 93 75 73 96 96 84 16 43 61 79 57 67 43 90 48 73 46 11 45 94 75 79 93 11 27 55 5 32 63 30 64 42 71 11 90 17 51 48 51 35 79 12 95 93 71 22 74 14 90 87 66 97 25 39 0 72 91 51 93 65 10 72 81 
51 91 67 55 59 48 44 90 92 64 19 92 50 83 11 40 23 30 78 5 12 54 93 81 98 92 65 59 59 31 28 89 29 27 28 78 40 48 45 22 58 31 38 89 41 25 80 74 38 78 77 81 29 93 53 0 22 31 40 2 26 16 54 22 61 41 83 100 53 78 35 47 5 52 17 67 83 40 92 95 64 1 32 38 44 23 80 95 75 68 40 54 52 53 3 41 31 0 7 27 27 29 43 93 53 55 6 1 77 22 80 25 30 80 44 19 100 30 20 78 40 91 8 18 73 19 3 8 44 66 57 72 28 36 98 52 63 9 24 16 68 24 9 99 45 77 11 93 100 31 60 29 54 39 3 73 27 33 46 64 15 35 1 95 75 27 16 67 21 1 31 63 64 36 97 63 14 38 52 64 0 39 32 92 73 77 43 74 51 90 38 72 18 93 69 46 45 8 9 87 62 98 18 89 46 43 1 55 50 83 45 53 71 7 94 17 49 91 92 52 32 78 83 57 64 44 84 4 54 20 7 12 36 61 13 3 30 24 94 14 96 24 63 34 47 35 95 98 70 55 96 8 20 17 14 3 3 82 98 39 3 12 71 5 9 22 28 55 47 28 39 75 0 75 0 5 60 86 94 89 56 86 65 95 23 60 54 78 83 33 64 53 28 30 30 18 67 52 59 35 60 94 56 50 48 40 93 6 32 31 60 17 28 95 28 15 3 73 48 61 80 60 23 85 89 55 45 49 4 44 30 12 90 7 76 97 11 69 81 7 67 65 35 42 100 26 93 10 16 47 8 46 84 67 40 25 11 33 69 48 47 73 51 65 32 4 29 64 56 100 1 45 62 70 83 9 75 24 24 48 45 97 71 66 99 80 6 14 13 94 74 45 67 36 25 58 13 15 81 72 
63 23 8 37 55 58 17 56 33 73 35 75 35 29 66 89 41 68 42 53 4 94 2 50 93 10 90 53 94 48 11 39 99 97 46 39 88 58 74 29 75 74 37 89 79 4 25 37 12 55 46 34 16 56 3 55 24 78 30 68 91 28 33 55 43 6 90 41 62 32 22 99 64 31 57 22 75 27 25 97 14 84 98 88 0 26 7 68 78 39 68 77 50 12 42 73 3 93 32 22 61 89 56 62 33 83 61 27 9 72 70 80 58 38 2 41 70 43 98 24 10 51 68 55 58 37 79 74 56 78 47 71 93 42 28 22 29 59 51 38 15 73 42 11 75 54 55 72 61 99 33 9 21 1 82 63 98 16 13 82 19 70 74 83 31 42 67 30 67 43 48 55 68 31 92 16 71 76 86 67 19 60 31 10 32 66 87 95 88 19 31 2 10 32 16 89 72 9 6 71 14 78 27 9 71 65 8 94 20 86 66 52 40 86 77 70 95 0 55 27 26 9 2 2 67 53 82 49 86 7 17 42 41 44 19 12 23 16 21 93 64 32 70 25 17 62 41 59 37 12 26 57 68 28 87 20 95 26 10 19 87 45 22 16 81 32 4 88 30 38 92 49 65 3 44 22 69 58 66 90 74 96 97 82 68 64 4 26 60 34 74 46 59 3 17 45 25 63 36 40 12 96 76 44 20 6 65 81 51 80 32 88 86 5 70 73 27 77 53 22 45 5 6 5 51 49 63 99 27 61 40 10 1 18 6 68 7 55 69 100 56 80 55 29 32 58 34 8 74 4 5 39 73 83 89 16 3 65 75 26 38 0 75 97 43 40 25 49 73 61 23 65 49 22 13 40 66 49 49 35 38 47 14 86 48 6 39 33 22 97 42 98 99 54 72 95 4 83 28 16 
94 77 97 59 56 4 10 3 0 66 3 100 76 48 49 66 83 48 38 54 19 97 58 87 23 13 57 37 27 90 41 34 24 82 3 16 25 19 13 66 97 46 60 9 4 87 8 41 8 98 69 68 37 95 39 13 28 19 100 70 11 19 98 59 99 94 0 86 71 72 46 58 88 59 47 83 19 55 40 100 80 36 51 45 69 72 22 29 31 45 85 70 74 46 78 61 70 70 28 26 18 68 53 14 42 86 79 72 65 96 86 9 94 59 100 53 98 43 36 9 48 5 45 82 18 37 9 91 79 5 89 21 98 52 97 81 95 56 8 9 56 37 91 31 23 58 64 29 15 68 36 38 75 80 3 75 64 66 32 36 18 94 92 26 25 45 51 18 39 3 31 62 85 17 21 13 18 41 16 82 81 39 31 93 19 61 11 10 76 2 28 40 33 78 31 78 99 38 19 4 50 79 47 60 99 78 79 78 16 61 25 70 45 20 26 47 97 75 61 84 76 6 53 53 73 56 80 33 59 68 4 94 64 5 38 60 57 72 88 95 11 45 37 27 96 45 49 30 82 18 68 97 57 45 23 17 8 60 61 62 0 47 12 3 25 14 3 21 34 54 4 38 39 13 57 73 44 45 59 70 53 100 59 36 44 12 19 48 88 25 27 87 16 66 99 30 15 68 48 55 65 58 99 48 47 60 8 13 60 37 50 68 23 30 22 27 8 35 19 41 38 24 5 29 97 94 33 70 21 19 33 78 96 22 70 81 86 13 84 44 84 41 51 70 89 50 14 16 68 41 60 63 53 91 16 10 10 94 76 32 53 44 100 27 100 97 45 71 54 83 26 43 12 74 82 78 22 45 53 22 79 45 62 81 20 14 91 10 65 18 95 42 95 74 85 95 4 0 87 56 
52 29 1 71 77 58 35 16 54 64 30 6 30 44 55 63 100 5 43 30 19 94 94 9 12 82 63 62 11 88 23 6 79 74 0 10 40 19 29 19 19 36 98 50 49 41 90 23 88 79 52 70 28 7 9 53 18 0 75 34 26 67 80 93 89 71 26 47 4 15 50 80 70 33 99 59 47 69 4 38 44 61 98 83 87 62 45 84 55 10 46 74 97 81 19 32 54 15 32 27 3 26 30 59 81 49 31 91 54 11 60 25 14 70 91 47 94 0 34 78 9 59 11 15 2 89 26 73 35 31 22 90 15 21 43 46 25 22 3 95 57 29 57 71 56 59 47 57 92 71 96 18 2 48 6 9 84 11 60 17 70 92 72 81 89 9 86 87 42 4 48 18 91 44 27 98 58 31 27 81 100 24 16 4 25 0 42 42 91 7 13 73 18 45 80 60 2 90 13 19 65 1 54 31 4 27 0 28 41 0 59 38 57 88 9 64 11 24 29 16 2 6 54 57 64 36 46 14 37 54 91 44 6 14 54 26 93 47 40 99 33 91 27 34 13 22 23 28 73 95 74 65 0 11 31 100 15 7 27 50 62 43 46 3 28 28 60 39 28 53 74 10 65 49 64 59 36 47 57 15 32 25 12 96 19 24 6 56 94 86 100 90 50 6 35 87 70 56 46 15 80 5 45 30 35 75 25 94 28 56 10 7 57 45 72 5 94 69 82 71 10 94 19 95 64 55 43 22 64 48 0 63 37 20 93 7 99 1 31 15 71 25 20 59 89 25 80 23 61 1 24 75 1 33 51 82 74 56 95 1 19 31 71 46 76 7 95 36 52 36 9 55 55 60 46 26 8 53 56 81 19 27 75 57 2 75 82 9 57 55 73 53 15 38 83 39 40 6 32 79 
15 57 41 21 69 33 64 50 93 36 20 17 60 22 30 91 9 54 65 66 57 49 11 45 53 72 15 85 23 28 48 76 30 55 48 99 9 6 73 12 39 87 100 82 94 52 89 92 81 92 73 86 3 75 12 73 38 97 67 44 65 0 19 42 85 7 30 24 49 56 21 50 14 38 71 62 54 84 2 91 53 77 7 38 17 72 86 58 40 23 29 48 4 70 85 19 97 32 47 75 58 99 70 30 39 61 78 20 23 70 23 47 5 38 76 35 36 17 86 82 59 69 92 38 44 82 6 12 39 99 79 79 87 24 97 44 16 18 74 37 25 46 74 43 37 12 100 38 81 99 100 44 25 9 33 29 67 100 71 34 19 7 95 40 17 96 59 25 7 48 39 88 94 85 20 74 92 70 61 70 94 95 7 66 54 35 45 61 77 98 71 35 14 50 78 35 82 51 83 34 22 23 46 99 72 49 55 31 61 93 37 58 76 85 19 7 55 47 79 67 76 6 91 33 97 3 0 67 21 93 8 16 5 100 54 72 96 58 80 95 44 26 12 11 59 12 92 14 83 49 95 67 66 54 53 16 30 33 71 36 62 73 82 64 94 71 80 84 22 35 9 21 80 36 71 72 25 80 11 19 5 38 61 69 35 68 26 43 14 65 79 67 71 69 37 38 97 64 76 7 82 1 27 86 23 9 60 24 38 62 18 64 64 89 51 31 32 39 12 35 74 72 9 88 79 82 77 36 64 70 13 67 26 26 33 6 26 96 78 8 53 18 18 54 15 9 96 66 87 20 95 39 80 52 7 7 25 5 63 36 53 12 76 73 28 28 79 57 80 86 0 51 76 38 87 7 36 46 63 3 78 72 37 9 98 60 55 89 66 34 69 26 52 66 72 71 33 49 1 82 
100 10 53 11 40 91 0 9 36 47 87 99 24 74 57 30 16 3 50 72 21 13 18 66 66 84 77 83 12 10 43 46 99 6 67 88 53 82 17 65 54 81 54 85 83 82 36 98 71 61 54 4 12 63 94 24 31 83 31 96 28 32 38 49 10 73 8 5 31 86 54 29 54 80 21 7 23 37 45 96 89 84 25 3 99 13 82 56 23 36 77 40 28 73 61 33 47 85 37 98 16 73 23 30 70 46 46 32 33 58 95 72 28 14 70 90 64 66 7 88 9 76 25 32 41 34 79 93 77 92 76 52 53 8 22 1 68 3 92 94 4 10 46 62 73 25 59 83 15 39 44 12 34 92 73 32 68 92 93 4 16 38 33 60 28 46 62 89 43 96 74 62 50 96 2 6 77 30 97 71 70 60 61 3 6 80 92 54 39 37 58 77 22 41 91 8 53 74 79 34 29 61 41 91 31 22 25 60 15 0 51 26 49 93 98 57 90 1 58 90 29 40 23 10 42 53 1 68 84 83 8 23 68 69 11 57 15 8 96 44 5 92 26 28 95 69 45 69 56 41 58 92 22 45 44 69 23 81 90 15 59 34 20 35 24 99 73 51 11 94 20 3 92 73 68 99 94 72 65 52 57 62 10 97 97 25 3 29 74 43 79 16 34 65 37 58 70 49 62 61 9 57 65 56 33 31 70 36 32 95 57 43 21 94 21 42 18 41 26 85 26 9 64 78 26 73 78 63 69 92 65 72 7 48 13 96 28 99 85 2 65 54 47 28 61 92 20 88 38 20 72 25 64 32 78 36 91 67 42 6 58 91 29 49 44 51 82 39 100 55 17 6 23 87 80 99 65 48 40 3 74 68 71 22 83 14 54 97 6 90 99 82 20 16 0 94 18 30 65 60 
70 13 66 55 49 38 100 49 93 74 41 71 17 82 40 94 50 17 7 30 16 80 86 64 5 45 98 77 50 14 53 47 80 27 40 51 69 96 99 54 87 78 71 74 29 58 55 82 78 77 34 41 81 59 59 41 96 65 19 70 15 100 0 8 93 54 22 90 26 38 53 44 61 74 35 98 84 19 60 32 74 9 100 2 13 78 43 96 39 34 22 93 49 9 36 85 41 74 88 81 94 45 61 53 50 32 1 32 17 63 13 13 47 28 94 20 24 34 62 53 82 91 31 81 3 85 92 98 51 82 22 55 77 49 31 79 87 14 2 55 83 93 92 33 26 92 14 92 0 29 69 19 88 24 90 23 53 62 90 19 37 51 64 51 70 63 29 23 20 47 92 91 60 69 3 93 64 39 7 61 82 71 93 60 2 92 71 29 99 92 13 88 58 28 35 93 9 93 2 10 35 16 27 42 18 51 64 74 52 53 98 76 10 44 25 91 20 10 60 12 17 95 34 7 9 38 92 57 9 68 65 15 49 70 33 60 54 28 73 79 69 7 35 92 56 25 77 68 47 31 35 21 32 67 68 94 22 26 72 54 17 93 88 50 27 94 84 50 69 52 99 3 10 48 33 39 90 39 83 81 94 13 63 74 76 62 24 54 7 83 22 98 48 48 7 45 78 37 57 84 66 57 23 85 5 96 66 16 77 35 35 57 94 68 79 2 2 62 49 21 12 98 96 37 30 4 42 59 68 61 1 48 71 82 38 68 29 64 51 7 30 19 32 93 96 72 98 26 3 20 95 21 36 40 0 27 66 1 60 56 22 0 84 98 99 9 56 4 27 82 65 92 65 68 4 35 17 43 80 89 81 67 35 35 9 9 92 18 40 12 15 60 25 61 100 46 67 60 3 88 
12 90 84 78 35 70 100 17 7 46 59 95 34 6 84 12 24 60 96 48 94 63 61 39 25 91 18 50 77 51 75 23 67 57 81 47 17 94 4 20 25 16 94 3 13 5 1 45 92 46 19 32 77 12 38 26 69 36 16 95 68 78 32 25 82 20 76 61 24 79 74 33 83 27 18 56 60 34 95 77 14 16 34 83 32 97 47 26 10 28 94 28 75 77 5 88 40 4 85 62 41 27 81 38 69 79 14 98 86 47 37 86 20 84 44 49 28 20 25 36 60 24 86 74 20 32 28 78 80 91 47 76 79 48 55 89 64 65 18 56 0 62 53 61 54 42 39 69 89 54 77 7 71 57 66 64 23 36 96 81 74 73 41 12 64 36 4 53 46 64 55 88 86 17 22 23 92 35 44 95 11 31 58 8 14 63 13 86 3 84 38 40 52 91 85 83 46 64 72 64 61 36 40 82 84 65 98 6 47 65 14 22 71 64 28 0 77 68 20 27 88 36 20 18 54 48 87 12 62 14 42 86 62 84 78 25 5 13 16 89 76 83 58 31 60 66 89 66 48 8 13 15 22 71 42 25 90 23 67 29 24 49 38 1 79 97 32 96 65 3 97 90 85 57 85 15 25 12 52 24 95 26 66 12 47 6 34 14 10 66 14 49 51 89 98 90 81 35 91 64 81 28 70 45 3 52 60 13 30 18 87 52 71 96 42 26 28 88 13 58 36 11 67 6 83 57 29 10 58 73 94 12 55 10 17 7 45 94 92 26 95 100 6 36 26 25 66 73 4 66 7 60 80 77 77 8 9 2 66 40 14 8 60 54 58 65 11 12 24 68 89 6 29 92 74 70 3 96 70 36 76 17 67 12 100 72 76 81 13 73 28 8 85 86 9 83 20 83 31 7 
19 91 42 55 56 71 53 77 39 82 75 20 10 68 67 84 19 10 42 86 93 62 31 3 4 74 87 68 30 34 6 36 24 8 14 99 57 99 100 20 29 8 80 73 60 46 83 2 92 11 35 79 82 81 43 9 28 31 98 65 42 90 51 84 10 56 100 82 44 72 20 94 100 33 34 13 69 73 66 17 85 96 90 68 20 98 60 73 89 4 43 86 5 76 92 7 62 15 0 73 87 13 89 100 87 44 80 12 76 22 37 10 61 41 6 8 43 10 8 33 76 44 77 5 24 71 63 31 89 52 83 6 8 44 41 94 80 55 9 40 99 30 56 8 88 33 47 34 54 47 61 49 48 37 72 92 9 20 76 58 97 62 58 32 60 90 24 1 18 81 76 40 62 79 34 10 76 45 73 9 50 39 16 66 65 66 70 31 11 40 92 96 34 9 52 99 10 7 75 19 40 73 19 88 43 84 11 56 22 44 43 72 37 80 71 12 22 87 84 52 5 83 58 86 31 12 51 60 13 65 38 25 8 80 90 16 20 18 50 64 83 23 41 63 70 48 24 92 44 18 100 20 83 58 17 32 17 81 63 49 19 19 76 57 93 34 53 49 98 10 66 71 70 78 66 96 27 70 20 55 44 45 33 40 7 24 6 75 32 38 45 45 78 46 34 14 53 46 25 98 72 99 27 58 39 10 27 19 15 21 20 75 36 38 15 76 24 16 2 96 51 92 1 51 88 44 7 68 69 72 7 44 6 27 73 5 37 71 0 37 8 54 37 8 36 15 9 69 49 30 96 6 82 10 100 7 43 36 91 55 39 47 72 47 24 63 87 28 47 29 54 38 75 9 86 74 28 3 9 82 98 81 2 99 90 47 82 80 9 47 84 18 6 49 9 12 16 90 42 77 
55 95 34 43 95 48 95 35 38 37 87 30 33 79 21 30 50 75 60 84 17 34 68 35 41 46 99 18 31 51 0 55 45 54 63 14 59 36 18 8 60 29 82 80 28 14 57 22 48 29 73 40 3 76 51 61 35 51 61 27 97 32 61 78 100 77 14 25 43 7 88 56 75 85 65 10 29 88 65 21 63 19 46 11 52 43 77 95 43 35 53 86 8 83 94 94 15 38 1 29 57 50 47 34 81 81 96 10 7 90 63 79 33 80 86 28 48 77 45 67 96 17 94 72 85 41 73 31 35 54 67 7 37 5 61 55 25 67 15 75 43 92 72 26 87 8 98 41 22 18 19 21 5 17 28 57 4 53 31 45 33 24 63 47 24 56 18 22 41 11 14 58 75 12 74 78 54 16 0 57 32 16 52 4 70 38 78 94 5 86 44 80 0 47 80 45 79 69 34 9 60 71 71 30 32 80 75 16 7 56 60 23 93 79 34 28 15 49 52 72 43 81 74 85 52 81 100 39 98 43 66 0 51 28 48 21 94 10 90 64 52 45 25 100 46 18 19 30 10 76 0 48 82 15 83 35 3 98 79 95 43 29 8 22 95 58 52 44 0 93 95 74 83 17 36 12 60 89 3 31 91 89 36 82 75 90 32 99 19 7 1 4 88 49 100 53 43 6 76 61 5 83 61 7 58 25 29 88 60 41 21 59 27 80 8 34 55 22 75 40 52 81 5 41 57 16 26 45 46 95 87 87 61 28 98 61 30 56 26 52 45 74 5 1 62 61 76 50 100 15 95 17 43 63 79 9 48 65 48 19 41 88 86 35 95 100 14 12 99 86 5 86 100 36 76 13 73 72 20 15 38 50 21 79 1 5 99 75 73 37 53 34 40 42 88 37 11 70 99 56 
4 20 64 38 27 11 68 82 54 82 5 96 69 84 1 63 92 85 3 3 49 60 10 76 15 8 67 4 31 17 90 53 67 5 92 13 79 88 15 16 87 9 49 7 46 44 35 51 18 86 70 49 27 16 1 49 24 78 37 58 87 95 52 45 67 99 52 53 0 36 19 15 12 3 11 55 1 54 23 30 74 75 43 75 57 16 27 75 85 42 94 8 54 41 73 57 78 89 22 71 75 47 21 51 81 70 67 41 47 98 47 88 41 27 41 12 27 50 14 90 50 50 56 1 76 67 2 49 41 3 77 43 58 24 23 88 48 1 74 48 5 83 79 14 37 4 37 44 95 5 16 12 2 29 26 21 8 30 14 75 63 87 35 53 96 76 83 41 83 99 40 37 97 61 35 98 53 69 25 37 16 37 38 64 32 83 44 82 92 44 15 15 33 71 92 46 46 36 50 20 28 94 94 67 53 29 8 70 94 78 50 26 47 57 90 68 2 85 12 41 84 39 14 76 39 45 22 6 76 19 72 71 4 33 99 97 70 56 63 79 50 74 7 50 45 76 83 92 37 7 64 81 74 84 65 85 4 52 59 31 6 95 94 33 33 51 13 81 79 29 80 83 95 57 66 39 86 58 74 29 58 46 6 70 71 59 24 43 22 76 47 59 82 51 15 82 0 96 1 68 12 10 5 71 10 55 4 100 57 35 89 70 17 99 92 6 52 82 73 85 75 69 71 28 54 7 48 36 100 41 60 15 7 59 67 46 82 41 95 29 88 67 7 27 49 39 68 37 97 83 6 86 36 10 44 65 82 2 62 36 2 59 50 28 58 68 35 25 72 42 70 96 25 3 100 97 4 37 30 8 74 6 83 87 90 68 41 88 78 9 94 88 59 91 87 17 90 25 33 7 
67 32 21 99 58 65 19 9 60 12 99 72 65 66 1 14 58 74 23 61 56 64 64 41 87 54 61 56 79 65 67 47 53 33 58 39 69 88 36 21 9 93 43 18 79 28 37 47 85 41 35 61 43 53 68 85 61 99 84 40 65 56 80 27 36 73 6 46 12 78 16 84 81 5 12 51 74 93 31 45 77 92 37 96 12 66 10 81 84 32 13 80 53 33 56 20 30 33 19 24 74 40 57 35 65 65 43 96 82 17 8 68 38 58 87 17 90 7 38 78 53 26 22 71 24 10 37 77 70 71 89 59 45 3 10 9 58 2 68 84 14 62 20 29 44 54 62 54 39 39 95 42 54 75 49 41 22 89 61 52 83 10 25 61 62 0 69 79 30 54 5 50 30 28 57 63 94 85 91 12 8 100 4 2 91 48 66 90 93 6 99 95 83 7 39 3 35 91 88 44 86 64 21 1 72 43 95 33 22 64 56 42 85 26 91 62 100 57 19 98 75 81 44 41 25 64 82 99 66 65 40 25 47 99 87 62 0 49 41 99 63 39 18 4 98 11 67 3 28 20 58 6 28 34 96 58 94 51 23 86 84 53 27 31 32 48 3 95 43 44 36 49 76 31 42 78 46 48 3 92 86 35 52 40 75 50 69 83 97 57 43 95 0 38 58 5 21 48 67 30 36 11 83 60 60 18 85 36 73 27 58 51 30 84 84 57 16 53 63 56 76 69 80 93 21 85 66 39 91 20 47 70 14 29 93 55 100 71 57 98 75 50 100 25 57 0 33 32 96 52 23 27 6 81 13 47 36 5 36 36 70 66 17 65 0 97 92 68 6 4 98 51 47 49 23 94 14 67 68 29 71 100 14 57 2 26 44 54 76 38 17 51 10 69 36 76 68 18 41 60 
94 70 14 76 25 87 89 62 70 64 24 64 85 38 82 69 30 48 98 31 22 42 13 38 3 35 4 53 9 34 16 10 26 88 64 0 16 40 30 22 41 50 23 30 36 50 37 73 26 71 68 71 62 67 70 94 98 88 83 44 11 76 83 85 9 5 17 4 44 89 95 59 54 88 77 60 73 76 44 83 98 0 5 74 68 22 4 27 94 100 4 70 38 68 0 77 13 67 97 97 38 75 94 87 68 67 29 15 43 78 59 16 50 43 83 66 90 42 51 25 9 21 54 8 28 75 6 28 71 49 45 0 71 5 41 31 96 33 44 75 99 7 54 23 8 67 65 85 63 48 62 79 58 4 9 100 38 78 47 62 1 28 39 100 19 53 10 61 91 79 74 66 25 95 87 44 10 70 93 44 23 18 35 90 15 6 90 91 55 94 8 35 53 85 2 39 74 25 9 55 1 8 66 63 55 66 66 69 27 98 64 25 93 33 44 56 32 52 83 26 63 85 57 28 77 27 30 60 81 0 2 62 71 68 29 35 16 30 27 31 49 92 66 51 17 74 83 23 43 20 56 4 63 52 23 14 53 56 89 86 54 4 76 79 6 13 0 2 46 97 25 22 43 47 43 97 18 50 28 98 27 67 75 6 42 62 46 99 53 91 93 33 23 69 23 39 58 10 73 43 99 75 15 15 37 45 51 66 1 34 10 39 12 93 8 0 11 98 80 45 68 81 32 99 0 11 50 77 56 66 8 82 46 11 81 38 79 24 45 73 81 0 34 93 16 52 29 31 64 84 4 90 78 71 45 43 16 3 42 39 1 0 27 37 58 11 41 27 96 26 12 19 84 3 10 26 62 99 9 44 76 22 81 36 0 76 84 26 80 43 91 49 13 99 89 92 19 93 51 60 
40 27 55 23 83 4 5 6 27 98 2 32 8 56 40 28 37 99 94 85 34 41 14 43 41 49 48 52 53 64 41 49 57 88 25 13 97 54 100 25 53 24 58 62 59 78 27 43 17 55 98 43 96 14 3 29 22 23 92 52 90 80 89 25 67 75 47 47 36 16 52 44 59 96 36 39 5 72 43 47 8 88 32 82 87 8 66 5 95 71 27 61 67 67 43 68 65 30 19 10 61 86 78 81 32 66 69 2 97 8 27 4 34 98 46 95 88 92 74 22 42 89 12 70 31 64 80 63 25 96 76 15 1 54 3 61 72 27 20 77 86 35 18 31 30 90 73 37 2 60 87 87 36 89 61 37 92 37 21 80 52 11 55 67 56 0 63 17 22 10 62 91 46 32 53 96 29 94 7 32 18 65 33 29 18 36 100 96 59 81 82 2 89 40 59 32 5 77 60 88 89 45 32 93 95 85 65 87 90 30 57 36 39 13 22 38 95 41 86 6 63 7 87 4 37 50 76 97 16 2 91 7 46 47 93 84 19 16 90 68 26 37 47 83 100 46 71 93 12 72 86 84 63 49 12 73 68 16 98 35 77 91 62 79 28 21 61 74 33 95 19 30 92 95 4 61 44 65 9 18 83 17 53 97 60 60 37 11 95 99 71 92 53 26 55 20 23 36 59 12 9 83 73 33 4 67 23 94 31 2 71 74 12 24 69 46 97 32 88 33 53 86 92 92 62 14 13 90 47 61 84 43 99 79 74 90 37 55 41 13 23 85 22 82 59 77 31 61 67 98 46 72 65 65 42 71 57 36 56 42 80 74 47 45 52 65 19 62 84 32 44 80 54 18 57 58 91 19 86 70 71 77 39 61 63 75 82 26 77 98 81 62 2 39 58 79 53 70 12 14 
28 56 22 12 42 90 29 25 25 44 90 37 3 9 2 96 22 76 83 38 2 21 98 26 42 54 77 56 27 97 79 16 23 98 28 56 34 5 69 78 2 19 31 51 75 8 29 12 30 82 98 12 58 99 95 13 81 51 13 45 16 39 80 1 89 34 75 5 28 94 100 87 49 15 27 80 43 84 80 93 97 5 71 22 71 71 98 72 71 86 66 78 77 86 85 79 12 12 81 60 34 28 94 47 23 8 2 26 35 13 71 24 57 48 72 38 30 37 78 13 66 30 2 46 100 92 50 80 5 93 26 28 7 80 14 63 88 27 9 36 54 79 29 99 82 81 79 6 29 85 22 26 75 27 93 25 79 29 71 70 1 62 4 26 9 50 89 79 27 91 45 58 79 46 28 4 11 6 23 4 0 72 55 94 19 89 70 9 96 24 31 24 41 7 9 94 61 85 91 96 3 44 55 29 61 43 91 80 84 39 89 69 24 69 88 27 50 21 43 81 59 68 59 43 80 68 46 75 12 95 87 52 75 78 72 66 76 1 36 7 29 83 74 61 25 52 52 32 95 89 99 9 17 2 64 62 96 70 99 85 36 74 73 47 72 48 53 3 71 52 10 8 34 70 27 58 85 22 98 66 48 19 64 28 46 19 54 50 78 84 91 47 6 55 46 66 48 71 69 81 0 83 55 2 80 49 91 77 97 44 99 75 61 41 19 1 24 77 19 52 28 30 10 22 57 5 45 59 20 94 94 21 22 57 27 92 44 19 73 5 10 89 11 39 18 40 3 31 10 25 80 68 36 84 73 66 46 6 88 76 59 17 50 87 65 57 96 1 24 27 7 63 10 77 54 55 48 20 31 10 81 51 41 59 4 41 48 26 0 0 25 56 69 56 43 2 42 25 31 84 
51 4 0 45 22 39 37 83 97 44 68 92 87 51 15 68 52 48 81 27 58 35 81 65 5 76 76 68 11 25 95 72 14 20 83 28 0 73 47 89 100 12 55 61 78 29 57 73 29 80 65 37 8 72 15 51 40 1 93 13 4 17 20 67 96 52 34 70 2 58 0 83 87 59 71 19 65 18 17 91 0 23 32 67 82 82 31 14 82 15 33 86 0 34 56 59 71 16 64 13 99 29 40 96 47 60 58 66 51 22 78 15 52 81 59 11 56 38 30 46 99 55 90 95 83 13 9 8 42 93 35 66 66 96 37 61 82 18 64 61 59 59 22 51 12 2 76 92 15 76 56 25 50 88 72 79 0 7 93 80 25 41 91 1 11 64 18 36 46 79 21 55 100 65 33 0 22 1 32 2 25 54 31 6 21 57 40 69 38 58 84 45 28 2 39 9 85 81 40 4 25 63 63 39 68 67 70 82 45 94 78 99 29 59 33 82 52 47 15 57 7 82 52 37 95 44 77 28 31 35 37 4 49 49 93 35 56 90 26 65 35 45 81 22 3 39 66 61 73 84 51 31 44 42 88 93 14 33 51 22 29 67 8 69 51 28 38 21 17 64 69 42 8 6 36 19 100 66 70 93 60 8 58 28 19 100 92 51 13 44 89 24 57 50 32 46 14 12 38 88 28 79 0 22 60 44 17 91 17 52 88 15 49 8 38 44 73 77 67 32 85 43 35 45 45 50 62 30 67 91 59 61 17 40 55 44 16 91 9 81 68 85 0 26 66 12 7 89 95 37 41 23 32 98 60 42 10 45 49 38 84 99 66 96 19 22 64 16 0 59 85 99 94 58 75 1 79 99 89 39 58 39 4 13 69 83 19 91 72 45 60 79 72 48 25 59 52 4 36 13 
63 16 17 43 54 88 20 79 94 16 27 14 36 26 94 89 59 78 52 20 66 2 98 87 17 81 99 76 53 55 54 42 25 14 73 4 66 16 11 23 8 15 82 42 42 90 31 74 78 91 19 15 43 24 85 47 95 48 34 25 68 34 98 78 79 88 35 39 64 9 15 72 16 34 88 40 37 100 29 52 87 39 59 35 31 36 53 93 3 1 84 4 27 45 54 77 99 81 60 93 80 79 6 16 87 70 94 9 56 86 22 86 90 45 88 81 68 24 6 76 39 15 9 65 17 72 71 50 70 56 74 2 9 67 68 92 17 54 4 58 6 90 28 96 85 78 44 60 46 34 61 61 20 11 67 64 61 75 60 80 31 50 31 88 31 93 96 34 99 84 20 0 23 96 62 55 31 30 9 70 4 76 41 0 33 90 91 16 34 83 46 36 23 4 71 43 92 88 6 14 49 74 64 61 67 13 41 18 80 53 19 77 55 53 64 22 58 66 25 66 27 77 42 47 95 56 54 53 18 53 55 89 60 91 46 22 90 54 90 45 6 20 64 17 22 46 19 1 1 90 63 33 24 85 21 41 32 1 90 3 29 54 9 28 99 10 16 26 82 92 91 32 58 52 43 58 18 90 98 96 23 61 49 96 65 50 32 92 32 29 34 72 41 52 62 6 54 99 41 41 67 67 61 82 15 95 0 30 56 41 33 8 100 64 45 39 21 19 29 24 19 60 84 41 93 37 89 14 38 16 51 60 85 95 75 86 93 8 90 49 7 15 89 80 74 41 61 78 95 56 64 32 59 5 83 90 97 1 85 17 100 55 80 76 34 37 9 34 76 24 0 55 80 4 73 76 52 65 10 83 11 38 33 4 30 89 55 94 65 51 44 67 52 76 14 75 13 33 50 75 
53 36 88 26 92 78 6 58 96 5 67 2 32 13 79 89 75 57 85 50 51 35 53 26 57 56 1 58 79 84 32 80 56 4 49 96 74 59 64 17 70 82 35 53 78 6 29 8 87 37 73 10 90 26 54 98 76 10 9 79 26 84 53 14 38 5 61 17 93 49 75 22 89 37 3 94 49 32 25 0 73 38 48 76 91 37 20 91 63 79 81 73 97 15 4 28 51 29 19 9 51 27 76 48 42 85 86 33 93 17 99 88 32 40 14 63 60 11 100 25 74 36 33 73 44 60 25 70 4 61 57 17 71 67 51 99 95 26 90 61 94 15 79 23 75 7 85 62 60 37 23 36 7 29 37 8 70 49 90 99 17 80 33 51 73 54 76 61 38 5 6 77 50 85 0 91 7 68 38 88 95 17 36 46 28 45 11 97 100 49 24 39 4 60 28 9 52 30 10 91 41 73 18 41 90 20 58 74 67 2 29 22 96 11 46 37 97 81 8 62 66 40 24 3 52 31 84 97 59 4 9 55 38 47 51 100 9 37 10 3 35 29 8 80 62 71 59 66 55 43 78 4 72 7 81 49 56 72 89 45 31 1 11 89 67 16 80 61 100 44 88 18 71 41 25 48 41 99 44 86 13 23 44 15 13 21 6 69 84 77 48 25 85 82 22 34 60 30 14 19 55 90 48 85 55 14 41 58 16 20 57 10 32 70 31 53 64 89 94 56 79 14 63 72 63 34 77 27 20 37 35 28 55 12 37 4 45 14 88 40 50 29 89 96 86 53 77 20 84 96 71 91 95 82 87 80 60 63 28 46 80 100 84 22 1 83 38 23 90 21 89 73 53 35 65 29 58 5 6 23 55 44 31 47 31 88 96 80 34 10 19 26 29 28 53 27 78 83 33 80 
7 46 56 48 24 34 39 70 7 3 98 33 59 72 94 44 95 23 44 52 33 13 76 16 37 16 14 60 82 82 6 12 68 83 33 8 31 66 24 19 5 29 31 65 64 84 78 0 26 49 51 5 46 94 18 98 78 72 50 93 62 65 36 33 65 92 29 93 65 52 37 0 76 35 25 22 92 70 76 65 6 80 37 34 0 54 36 67 84 21 71 22 83 50 71 43 22 82 45 79 90 31 81 29 44 95 18 48 47 13 53 77 3 20 85 72 19 62 38 14 79 56 48 0 72 53 33 58 49 19 90 37 70 19 13 63 53 94 34 84 29 24 21 74 10 63 57 65 24 60 92 92 51 39 45 73 86 65 86 40 97 66 74 41 74 70 2 56 10 74 42 4 29 89 71 57 25 17 71 90 72 54 64 72 36 75 58 22 29 25 51 28 73 13 51 1 24 26 98 83 76 70 14 57 90 74 92 52 85 93 74 96 71 61 83 4 69 46 85 20 61 34 41 42 3 89 1 67 97 91 92 16 14 52 58 44 94 42 31 4 53 70 42 62 96 90 10 58 27 78 14 13 19 45 42 12 58 34 88 29 71 31 91 13 27 53 66 97 51 98 52 24 80 8 34 30 3 81 10 38 68 54 37 21 13 49 74 45 56 25 68 73 51 40 98 74 33 24 35 67 47 94 41 9 43 44 67 18 70 31 74 93 47 64 2 8 31 18 14 59 13 86 34 47 3 27 58 79 33 21 86 12 77 35 34 6 53 72 53 42 39 53 97 3 9 69 26 69 36 84 78 46 47 92 14 38 70 6 96 36 59 73 25 82 69 25 90 64 10 82 57 9 73 23 99 38 25 65 91 38 56 30 65 29 67 51 0 64 16 84 10 38 22 87 27 62 29 67 7 2 
60 5 28 90 59 28 83 47 9 28 31 80 92 30 77 17 97 35 84 87 28 63 26 26 25 25 67 38 58 62 75 62 24 22 4 37 84 95 72 39 65 40 17 35 5 71 22 67 86 70 44 90 0 100 27 58 92 98 40 48 3 48 22 77 70 96 98 70 74 24 18 30 32 37 14 82 76 23 69 56 35 13 82 62 84 33 61 76 62 41 20 90 82 89 45 46 75 16 31 69 77 54 85 56 58 99 11 39 46 30 51 48 88 32 44 64 55 91 96 100 92 81 99 6 65 89 40 79 99 18 20 49 47 72 7 31 60 23 43 39 22 3 85 60 51 74 26 81 38 57 84 62 83 35 18 25 95 8 86 8 14 1 19 99 17 51 98 9 42 29 97 61 86 59 70 22 91 13 3 22 25 74 97 37 98 16 36 26 51 91 38 59 28 72 74 79 19 44 82 23 16 3 53 34 76 82 73 29 43 13 28 85 48 13 65 73 58 16 12 21 27 87 85 38 3 34 74 84 77 8 19 26 37 85 78 58 3 38 82 60 0 53 34 32 97 10 26 100 57 71 44 14 33 10 89 59 13 77 93 51 48 41 17 28 35 99 96 44 52 59 9 82 58 41 21 47 54 9 51 22 87 85 80 99 89 55 83 34 24 30 18 3 95 27 38 4 84 46 29 51 33 30 38 20 85 90 29 20 61 45 39 100 40 84 89 69 97 18 94 97 17 16 41 4 20 45 29 10 84 50 88 91 10 74 55 88 96 56 3 24 49 34 51 71 24 98 93 74 81 58 53 73 45 42 26 84 28 51 85 67 1 32 83 13 3 76 50 83 36 75 64 98 40 38 73 27 68 10 25 69 6 7 11 87 91 69 87 69 45 38 20 65 78 35 70 29 33 38 51 62 
30 28 1 42 95 95 3 13 57 64 94 70 53 91 0 4 18 7 28 57 28 19 64 91 61 18 46 70 76 84 61 85 50 57 83 82 99 97 61 69 25 64 68 74 43 5 66 17 53 44 97 12 25 38 84 41 67 28 36 86 85 31 46 67 65 88 26 89 54 95 32 65 10 58 82 81 79 3 20 83 97 78 33 34 9 80 29 66 53 3 41 10 40 58 7 25 40 68 2 31 88 13 85 35 15 78 17 96 97 45 23 95 21 21 82 3 42 98 2 63 64 6 6 57 88 59 84 18 73 86 13 12 32 38 44 58 51 58 72 40 41 49 71 10 25 56 73 86 47 53 55 46 99 39 23 81 65 57 21 25 9 95 18 49 0 44 81 81 30 83 51 14 60 5 90 37 67 92 39 1 38 84 75 17 55 96 8 0 42 54 72 68 6 73 77 44 65 96 74 46 19 74 5 4 86 18 100 12 4 41 43 83 32 67 55 18 30 23 41 67 52 56 99 44 87 64 31 95 92 43 2 73 90 37 48 65 60 39 98 88 64 8 49 80 6 36 51 76 89 64 58 27 4 26 35 11 60 47 65 39 64 93 28 13 70 29 20 70 25 65 79 60 70 46 62 37 93 27 100 26 75 80 31 61 23 83 8 10 42 27 64 54 99 85 42 2 35 8 92 45 80 60 40 65 46 23 44 83 76 65 27 20 34 16 56 24 60 90 32 94 51 94 1 52 8 20 1 35 93 51 97 22 56 84 40 40 87 48 23 84 75 85 91 53 20 13 6 72 87 78 7 93 49 60 14 67 77 75 58 77 61 19 81 47 67 88 67 81 94 48 97 82 72 80 81 3 7 47 92 67 72 30 96 25 40 22 22 62 60 42 53 51 15 27 8 92 67 85 16 9 
2 84 26 39 94 86 79 9 59 55 94 19 69 88 41 32 66 36 8 76 37 77 70 93 10 75 51 42 26 4 71 98 78 45 99 5 45 63 20 46 41 92 59 58 55 74 53 36 32 35 10 27 54 59 77 100 12 60 75 19 39 13 20 13 5 82 22 21 84 7 74 69 76 27 45 46 25 88 6 65 95 27 11 84 39 2 58 33 52 25 29 56 86 56 9 60 74 100 73 69 14 58 47 79 5 16 45 42 37 18 76 71 5 84 49 58 78 78 57 26 13 81 74 75 71 41 22 41 0 10 73 98 34 49 70 61 86 80 84 70 27 83 84 40 14 47 55 7 15 15 0 46 94 47 51 33 87 30 51 33 49 1 51 55 48 15 98 31 63 92 23 20 39 24 86 66 58 76 55 67 56 47 55 5 58 80 23 33 49 28 28 29 2 29 29 10 9 43 9 81 90 44 6 52 17 80 30 23 86 28 21 14 19 38 29 53 33 62 48 10 87 70 36 56 81 59 89 70 96 79 45 8 93 87 43 98 45 8 85 86 22 53 96 20 28 34 90 95 41 44 34 64 79 35 37 42 6 4 25 3 95 24 32 32 24 69 66 56 87 89 52 99 33 9 19 30 10 43 90 34 5 70 100 52 19 92 79 15 61 34 24 24 22 12 100 94 11 80 81 49 86 60 91 94 80 23 36 6 11 10 99 21 33 67 98 54 51 55 60 9 91 98 39 76 13 22 85 49 96 88 73 8 22 97 81 15 84 82 28 3 21 60 23 45 71 64 7 39 47 56 91 56 93 17 62 7 61 3 49 3 65 5 20 15 48 71 24 63 60 51 92 30 52 69 100 60 83 37 51 62 15 32 91 43 49 97 100 67 60 85 11 4 32 24 16 6 70 5 65 46 
40 16 47 77 44 87 39 100 33 63 0 32 34 3 5 6 56 97 80 8 14 30 63 61 34 63 7 89 61 30 65 1 59 62 46 42 91 12 72 29 69 76 1 3 28 20 53 88 60 20 17 82 18 90 100 22 91 34 70 84 81 8 99 3 63 18 6 19 40 2 20 18 71 73 42 65 100 19 90 69 66 9 65 7 65 85 40 69 17 38 10 28 58 52 98 20 73 44 8 16 38 28 35 54 5 96 40 27 67 37 13 57 36 66 15 93 73 24 94 62 35 72 94 49 7 87 87 12 87 35 82 73 10 30 20 13 88 90 33 53 86 83 14 5 1 91 25 65 24 28 67 35 13 36 81 33 58 99 47 16 16 44 79 93 94 57 82 77 3 20 50 7 52 65 11 22 17 61 1 82 17 15 82 58 59 46 4 58 52 90 66 66 64 73 40 42 65 47 75 36 70 100 30 13 95 1 57 100 85 40 44 9 76 29 93 71 97 5 71 94 58 86 81 99 76 71 89 12 55 56 38 41 9 41 71 87 5 81 69 87 44 26 5 70 19 87 0 34 70 28 40 61 41 59 34 1 89 17 31 82 81 0 11 3 20 40 77 90 23 51 47 66 64 22 6 39 57 55 61 73 95 48 56 45 90 81 8 51 70 78 66 3 46 56 67 82 82 64 56 96 87 8 4 81 55 71 62 9 88 54 62 49 86 15 38 95 68 77 2 60 91 20 78 1 24 16 65 50 5 62 32 82 84 2 51 32 20 24 36 26 7 96 72 72 73 39 66 92 7 7 76 27 35 11 97 78 41 34 62 94 17 42 1 66 28 46 25 47 1 55 82 86 53 27 78 29 39 15 32 8 89 79 65 52 87 16 97 65 49 84 67 90 51 70 1 64 41 69 7 64 
56 94 10 53 83 71 4 66 18 73 17 100 71 74 66 84 17 58 80 10 53 91 85 10 40 50 64 40 86 40 73 84 61 20 13 29 81 76 15 99 14 73 18 83 82 2 31 53 37 23 100 44 80 16 24 65 69 94 0 62 55 87 59 11 90 19 64 57 41 78 32 12 36 0 79 60 89 20 9 7 48 97 44 98 4 50 12 98 45 51 89 1 63 26 90 61 58 14 90 88 93 67 64 31 12 5 60 35 4 81 95 51 72 19 23 99 49 32 87 44 11 10 99 61 80 26 94 28 53 4 33 24 74 95 49 99 89 17 93 14 6 100 22 90 64 73 75 30 20 54 1 41 74 91 92 58 3 74 8 55 75 26 49 1 43 79 51 88 61 33 18 94 41 1 42 23 26 8 72 50 20 34 23 41 52 29 46 23 68 93 90 37 3 96 28 80 84 93 22 71 21 32 37 82 91 59 11 3 44 19 76 13 91 80 93 20 80 73 64 74 90 56 20 94 21 42 39 61 92 82 16 54 21 84 52 100 97 28 52 9 56 65 27 83 11 16 10 92 92 2 71 23 78 90 73 56 40 74 13 32 72 95 35 46 6 43 18 96 84 55 98 72 22 74 15 13 0 4 29 18 79 28 92 46 78 3 97 90 40 39 50 49 42 29 22 39 27 36 38 19 97 62 92 4 59 28 84 46 77 64 56 15 79 22 15 3 54 79 9 48 39 52 99 47 42 3 79 59 59 1 54 33 90 97 29 51 10 28 86 69 20 93 2 16 63 38 52 61 26 94 13 19 68 7 91 50 26 7 91 79 13 1 20 66 32 35 93 42 71 88 51 44 24 50 80 34 50 58 63 57 47 44 23 36 95 54 51 52 93 58 27 3 44 13 73 97 90 91 6 32 
64 72 73 90 6 35 31 90 64 57 74 84 70 10 90 98 69 3 4 51 78 2 3 99 88 44 52 96 78 32 100 25 90 38 68 95 73 17 54 61 94 82 55 44 30 57 52 92 97 51 87 21 30 92 97 48 87 34 19 13 97 90 46 31 41 17 68 52 69 66 82 10 86 7 88 53 51 26 40 11 58 43 75 87 23 5 46 30 95 17 92 74 8 1 2 17 63 10 19 93 31 76 19 34 45 90 88 92 89 100 64 88 91 75 36 67 14 12 28 60 32 30 95 11 23 8 76 52 35 51 80 82 14 42 44 19 49 70 2 73 79 34 42 67 34 81 50 30 67 72 54 76 53 94 37 37 37 30 58 95 59 11 49 11 89 98 43 40 58 42 57 98 31 0 39 38 94 22 48 84 29 9 95 80 22 48 46 65 42 37 91 19 25 31 16 59 72 94 89 20 74 96 46 68 74 86 97 66 57 79 35 50 70 22 89 44 77 27 39 80 89 46 72 24 12 31 59 5 93 72 71 59 45 87 24 50 68 95 58 22 65 32 58 2 54 8 79 3 19 47 1 84 82 43 74 10 23 76 82 23 11 45 80 19 38 38 89 48 57 78 76 22 50 59 39 98 74 12 42 75 41 74 61 33 92 78 66 95 49 89 0 24 79 70 65 47 83 69 30 74 63 66 50 1 82 96 76 68 12 52 81 47 23 67 55 40 24 77 79 89 57 20 40 41 70 22 10 22 6 72 56 59 0 44 19 40 52 90 93 86 100 70 75 58 51 63 100 39 97 72 3 83 71 54 84 41 35 38 55 96 28 37 84 46 48 57 24 53 9 91 2 29 6 97 60 23 56 61 97 80 84 97 89 47 40 75 11 92 13 11 14 37 52 41 6 76 93 69 4 77 
48 63 98 48 5 37 1 25 10 99 4 84 13 19 37 66 31 33 37 67 99 66 29 83 93 54 33 40 61 97 9 61 77 33 76 16 98 86 89 1 43 29 69 62 78 50 2 48 61 88 90 52 7 68 86 61 24 76 26 10 75 0 94 23 62 55 57 98 15 6 79 7 35 67 43 93 85 17 96 35 46 18 38 68 71 69 83 23 79 46 91 46 27 11 78 60 53 62 63 24 31 68 97 64 89 8 1 22 6 68 64 22 69 83 38 36 31 31 53 39 19 28 0 84 30 76 56 92 3 30 2 41 8 79 46 52 64 31 78 83 69 98 47 16 74 86 42 2 7 16 3 77 29 61 76 0 72 4 21 92 50 82 50 13 30 9 5 57 34 95 24 46 32 70 97 11 66 52 21 65 85 7 24 54 73 20 59 20 66 18 60 90 69 3 59 10 99 10 84 7 29 87 53 0 80 38 10 47 58 98 54 34 45 24 73 51 80 34 73 35 45 100 34 56 44 74 37 36 1 61 88 31 41 94 31 79 78 65 17 54 79 78 10 29 40 49 92 29 16 2 80 26 20 12 12 40 62 76 18 87 17 72 71 24 6 28 11 1 78 38 94 61 3 1 52 91 5 3 78 71 76 41 11 84 35 21 16 4 47 41 25 2 13 95 91 51 34 71 59 19 56 25 63 69 85 100 73 70 79 97 7 77 22 19 79 76 18 29 42 70 25 13 57 73 44 90 89 20 4 78 56 22 70 46 68 79 55 65 31 45 88 67 27 62 53 86 70 11 48 53 35 17 77 81 71 70 31 80 4 55 98 73 17 0 29 19 59 6 92 80 5 67 11 61 4 16 63 10 8 100 66 21 23 37 13 47 71 87 14 61 51 98 13 37 27 82 97 61 29 28 
33 70 1 56 26 55 34 88 43 51 41 98 8 4 41 7 44 89 77 21 48 82 70 15 20 98 23 90 45 63 15 52 100 72 35 98 37 82 82 60 47 86 19 47 50 84 7 36 78 28 42 99 15 95 89 83 53 52 36 82 15 6 2 30 71 23 41 63 59 96 67 77 83 89 8 64 61 43 20 71 81 55 31 29 24 65 53 9 28 94 60 43 38 87 61 21 55 58 62 22 41 61 50 36 71 56 24 39 33 73 91 54 7 98 70 10 63 65 57 92 40 59 17 65 16 48 90 74 86 56 43 51 42 41 60 37 79 23 91 95 100 43 77 89 53 74 74 74 10 9 7 76 59 19 9 50 68 56 36 59 83 60 42 16 57 12 22 52 32 85 16 16 76 72 48 6 79 62 98 72 100 89 98 98 9 30 94 95 68 1 9 73 78 20 78 99 89 79 32 27 30 37 27 34 81 23 67 38 85 45 17 43 96 45 65 45 15 3 51 55 22 11 81 73 77 26 81 82 26 87 36 76 100 21 18 45 2 47 8 21 33 35 31 45 60 73 28 87 26 30 19 87 66 30 88 81 70 22 20 25 94 84 85 34 66 9 3 87 23 32 5 52 77 8 66 46 89 96 52 27 15 39 9 13 9 40 43 78 86 44 6 42 35 85 21 39 77 55 36 82 49 21 59 73 4 99 20 6 24 36 22 22 85 70 18 32 94 54 5 39 92 17 66 47 18 45 50 68 9 63 85 96 3 71 78 61 55 19 23 76 60 42 11 53 83 66 47 94 60 10 92 27 69 48 63 14 11 60 91 70 64 66 59 86 68 61 92 24 26 34 64 9 63 38 90 97 43 61 2 50 9 61 15 30 45 85 30 0 32 60 3 13 62 37 53 14 58 11 21 50 
44 90 18 41 72 37 7 60 0 10 68 56 68 4 39 51 84 92 94 80 60 62 60 90 66 99 18 8 26 100 25 99 21 18 82 90 88 25 92 69 89 87 84 86 58 66 52 91 49 56 53 38 34 8 35 1 59 85 60 5 66 79 99 65 23 41 51 70 13 95 80 40 61 38 18 34 4 33 75 70 72 16 56 25 82 39 34 4 74 20 84 99 3 49 63 73 82 41 3 81 98 50 84 88 17 40 40 29 56 44 36 5 63 85 29 93 60 20 21 95 59 69 85 97 64 29 100 72 18 15 69 0 21 32 78 28 90 21 57 70 7 10 31 70 27 90 10 93 8 80 92 85 23 7 65 71 46 14 37 89 36 99 73 80 8 43 57 64 60 81 79 74 39 54 32 3 3 29 51 52 45 18 86 74 32 82 49 34 3 93 1 29 71 63 13 50 25 18 34 89 93 50 52 87 90 18 90 97 45 53 19 23 12 92 9 91 0 39 67 98 84 32 5 63 89 87 37 52 40 80 14 73 14 36 92 53 84 84 66 39 91 31 12 2 65 13 80 33 40 21 64 38 76 86 51 82 38 55 10 26 87 42 8 76 78 94 42 48 89 28 7 35 79 80 82 58 34 60 82 85 58 25 13 40 29 69 74 71 9 55 50 99 37 67 93 20 99 88 19 56 15 79 9 33 51 64 91 57 19 15 36 97 70 97 35 90 15 6 96 4 67 50 41 98 11 4 36 96 9 37 91 73 90 17 5 57 8 26 77 53 6 63 75 25 51 14 19 66 1 56 36 94 23 58 84 82 20 5 88 16 71 33 86 50 1 65 32 98 15 64 72 100 33 11 60 25 56 11 44 1 7 56 53 52 88 65 90 18 67 32 21 46 61 44 61 38 13 51 21 90 
95 46 98 21 52 38 75 21 37 25 24 77 99 92 36 42 89 24 8 71 44 64 18 35 74 21 73 29 85 72 49 68 30 45 12 53 56 90 22 57 81 59 56 62 3 18 34 65 26 84 93 40 26 80 81 9 27 28 38 42 0 50 98 37 85 93 46 40 48 60 73 26 40 94 98 23 100 16 7 21 54 31 20 96 38 89 90 1 38 12 32 58 4 93 94 14 52 69 15 15 51 89 7 18 97 5 82 60 86 41 7 16 19 16 28 59 97 57 46 74 21 84 72 96 31 71 86 19 91 1 44 39 97 44 21 80 68 88 37 52 3 21 25 82 72 67 44 25 81 0 18 57 42 11 70 29 94 87 15 88 89 58 70 40 12 98 73 48 87 52 47 69 47 5 33 74 49 28 5 42 23 44 17 24 33 13 43 39 31 61 22 35 98 21 82 44 65 29 29 74 96 27 49 10 19 77 29 69 34 92 95 54 77 98 58 8 67 89 69 51 14 72 46 51 12 31 63 42 20 29 46 97 96 92 69 94 36 77 31 28 19 28 75 57 38 58 12 6 0 15 31 8 87 95 29 5 47 71 25 46 78 45 73 100 6 92 17 66 79 96 42 28 64 89 68 79 84 13 19 37 87 32 94 86 32 65 91 63 50 88 89 75 5 49 87 59 47 60 18 13 83 11 29 82 45 46 96 10 0 59 86 25 31 0 67 59 40 91 93 16 30 36 8 79 64 55 88 6 15 66 75 36 44 7 58 43 7 35 40 17 66 32 1 27 6 75 45 47 12 21 62 40 22 60 36 85 20 54 77 26 15 31 84 42 14 3 51 79 86 72 96 23 92 24 78 74 97 82 27 35 11 69 11 60 77 64 70 84 46 3 77 17 78 27 85 36 95 83 38 37 
95 0 18 13 40 83 4 61 73 24 57 58 17 10 71 39 94 15 59 47 59 26 65 0 84 10 16 69 71 75 19 33 98 68 86 92 51 67 1 100 92 1 99 72 44 5 55 29 72 19 86 15 4 65 61 79 22 82 75 30 61 70 80 13 7 91 23 98 84 96 7 8 80 10 58 57 13 2 2 60 17 23 53 23 52 81 27 77 61 82 63 79 91 8 91 60 53 9 52 66 100 13 59 22 75 61 97 83 72 7 93 40 86 27 5 84 79 19 42 54 55 26 86 1 28 33 36 0 53 94 82 20 60 71 35 72 88 21 0 94 96 60 90 98 1 17 8 80 27 65 26 56 91 45 32 3 61 4 43 15 12 99 73 6 38 93 84 79 98 42 82 38 99 95 68 5 19 13 9 28 62 84 1 80 64 78 15 62 94 63 90 47 66 54 45 82 40 87 54 70 19 10 19 18 25 61 92 58 57 18 62 0 15 53 42 72 13 27 41 100 32 29 8 81 59 44 12 57 16 51 55 25 41 26 89 61 81 92 62 42 25 82 42 93 76 81 14 56 14 52 55 85 32 52 11 13 25 13 53 73 51 53 79 8 82 67 86 35 84 22 28 98 61 86 84 46 100 85 33 35 94 62 94 39 21 61 46 97 81 98 55 11 59 53 95 8 36 43 6 55 85 7 6 71 78 5 69 4 77 11 48 75 39 37 35 55 63 82 86 31 3 67 81 8 23 33 44 36 44 77 10 74 58 69 73 19 79 70 23 75 62 43 60 86 21 35 38 68 49 19 94 40 62 96 14 75 57 53 95 40 85 58 68 99 45 32 86 72 52 77 31 14 37 63 43 15 23 49 56 67 27 83 61 49 20 60 51 79 93 77 30 24 68 83 87 53 10 60 83 52 
77 15 29 89 34 87 33 57 28 65 48 6 24 80 0 64 3 70 99 62 93 73 28 96 96 45 17 58 6 80 79 66 86 32 78 78 66 8 96 3 10 5 40 1 33 43 19 13 88 57 15 50 63 25 59 19 5 6 69 36 76 28 17 95 24 41 71 8 57 29 100 1 72 59 64 64 20 93 77 82 84 74 29 3 97 58 94 52 40 28 69 13 91 80 55 88 43 93 73 38 40 23 9 54 4 92 21 70 92 75 48 77 21 12 56 25 72 20 92 11 60 30 78 15 77 39 69 41 60 64 79 61 94 90 53 21 13 89 69 59 46 86 31 5 11 52 19 60 58 50 43 97 20 11 76 70 71 87 74 29 56 16 86 44 42 92 11 25 28 89 7 87 24 35 90 26 99 1 79 74 93 79 88 55 99 1 38 35 14 89 80 91 8 4 52 38 15 5 44 95 43 49 28 0 59 8 19 39 74 96 7 84 79 41 32 15 17 25 68 32 11 97 51 93 61 94 97 83 7 45 43 82 45 87 83 46 18 43 17 10 63 23 14 22 31 89 68 67 69 98 28 30 62 42 96 93 85 17 1 3 25 59 32 73 71 26 8 12 38 42 77 82 60 5 92 11 2 55 65 97 41 36 52 28 27 5 6 19 82 57 35 35 100 86 2 68 72 15 50 91 36 5 82 44 20 81 98 16 47 13 23 15 37 88 95 39 4 74 77 54 59 82 58 37 90 53 24 3 100 17 87 39 44 63 71 3 27 13 91 40 80 83 85 58 13 19 32 37 80 12 82 47 90 95 19 94 16 14 35 97 32 45 22 42 62 60 100 71 53 64 20 74 81 13 16 90 55 67 90 36 40 36 26 92 55 71 48 19 13 49 99 51 42 20 19 45 52 46 99 10 
80 89 37 80 9 98 54 84 42 83 89 65 86 68 95 61 73 15 13 30 53 27 32 2 35 2 57 38 82 79 60 60 3 61 64 87 27 19 15 7 21 42 16 82 20 94 88 51 96 59 71 44 91 62 70 89 74 64 99 2 72 82 60 20 78 97 65 25 21 26 0 25 100 93 9 9 43 13 73 58 35 45 56 0 63 88 29 0 90 55 28 33 42 43 97 41 31 13 42 61 84 36 29 71 16 16 37 62 2 72 63 50 27 20 72 14 10 50 23 6 79 81 72 0 69 71 96 40 59 74 90 25 44 56 30 78 29 52 73 49 70 9 63 39 54 40 68 85 59 57 19 29 27 59 32 1 94 54 30 89 30 32 27 91 43 55 40 68 58 41 84 59 60 60 19 98 11 77 40 88 4 49 66 7 22 61 10 25 43 73 35 100 34 84 29 8 6 15 5 9 6 38 6 44 95 13 58 41 70 40 48 31 79 51 67 28 64 61 40 32 31 25 75 64 43 66 45 36 71 35 1 89 75 82 38 25 5 13 76 57 6 52 62 55 18 37 37 46 20 70 77 24 73 74 97 60 68 89 11 79 15 99 68 25 87 24 96 9 81 93 62 39 55 4 8 96 27 11 89 98 83 47 2 67 39 46 36 52 25 76 58 53 12 74 6 32 20 71 43 41 49 82 65 52 55 41 20 60 75 76 12 35 94 75 59 57 47 41 10 0 74 72 100 39 78 26 91 75 9 87 42 85 21 99 93 72 27 53 8 90 48 28 11 64 36 77 90 60 0 45 19 54 8 82 24 91 94 30 24 51 6 74 95 78 15 48 32 98 49 72 31 34 61 26 2 34 31 21 26 42 94 11 11 38 90 27 70 24 63 33 90 64 8 99 3 13 81 72 37 2 
11 40 76 57 0 44 0 46 52 31 66 52 29 19 71 92 38 91 63 13 1 36 94 36 26 37 7 84 4 21 31 12 42 70 10 19 12 1 17 78 37 43 89 95 77 81 25 71 13 79 48 38 44 12 13 80 43 90 73 30 60 58 74 100 95 97 30 54 8 40 27 94 46 13 31 39 16 74 18 95 78 90 73 19 44 62 82 55 86 36 56 16 28 76 23 76 92 85 74 51 27 57 45 2 84 24 91 1 30 7 25 26 61 26 31 59 43 79 54 35 36 15 41 26 95 21 62 6 82 54 66 66 89 46 7 76 14 100 61 13 32 56 1 65 22 60 91 13 40 73 8 66 3 65 98 33 40 6 86 22 30 53 71 72 91 3 9 54 47 5 86 5 90 0 89 17 99 81 51 82 52 70 50 93 86 96 94 23 34 34 39 10 55 55 65 8 61 7 22 86 4 56 44 63 83 91 35 17 96 75 9 22 43 65 43 16 32 10 44 58 77 75 42 81 46 1 53 17 63 98 89 73 13 86 14 37 17 38 95 79 25 66 69 84 39 90 37 78 30 32 51 66 49 90 57 1 33 59 19 54 4 6 31 84 1 41 31 93 41 88 71 10 42 3 38 94 18 16 51 8 14 35 25 65 35 15 39 96 83 85 71 43 28 28 74 79 52 53 69 2 52 46 26 73 25 91 86 7 12 71 80 96 36 53 69 82 99 52 62 6 50 34 96 17 93 93 98 90 48 77 3 50 56 20 56 68 89 33 66 32 31 17 26 65 29 56 90 50 47 95 88 59 21 19 46 42 16 31 3 74 68 96 78 52 100 52 42 13 27 87 70 37 1 6 34 1 71 24 25 44 38 93 49 28 29 17 42 27 45 83 95 48 73 57 40 21 50 80 81 82 
92 73 55 79 17 26 54 67 95 75 58 60 48 16 47 87 2 32 90 89 87 3 86 72 46 44 71 46 71 27 96 77 1 36 100 89 61 75 40 35 15 56 87 35 74 73 84 37 37 29 23 57 2 64 73 16 36 33 97 22 97 83 41 68 15 61 4 28 80 64 37 78 90 10 82 90 57 37 75 10 2 21 4 66 56 60 39 7 61 64 84 5 70 28 39 77 94 66 83 46 52 45 43 88 22 25 46 81 17 52 43 4 39 93 31 79 69 100 57 96 47 6 28 65 17 77 23 79 32 7 37 21 76 4 35 1 95 53 39 60 60 91 66 37 42 45 28 41 10 69 38 32 42 71 71 80 57 1 36 34 47 45 45 81 3 93 79 23 41 7 28 19 44 1 50 75 82 59 37 75 29 26 4 6 91 62 2 60 27 71 97 5 94 50 97 90 4 39 17 82 23 76 23 6 50 88 39 2 18 12 52 94 69 100 34 88 59 33 5 50 35 99 97 39 16 42 99 24 25 15 20 52 25 33 8 6 11 67 38 13 71 5 2 74 8 40 24 93 83 43 35 59 86 34 70 19 84 98 69 81 45 19 96 25 88 23 37 60 26 63 13 71 7 75 95 92 52 45 90 13 57 34 46 41 84 64 16 61 38 67 73 73 76 2 88 76 22 66 68 24 78 63 72 16 58 95 34 76 18 75 26 73 3 57 51 6 1 37 54 4 5 26 59 80 52 73 92 94 19 3 73 76 46 1 52 88 77 11 84 13 43 65 82 3 95 98 5 2 13 2 94 9 56 83 20 68 48 16 7 84 72 87 100 74 61 17 69 65 2 61 28 31 26 1 32 21 97 92 30 20 39 27 59 13 38 28 2 34 9 20 31 86 37 40 93 21 64 97 59 72 
57 30 69 22 31 61 86 76 68 42 61 18 46 48 2 19 8 33 53 84 31 49 21 6 39 48 40 78 63 91 13 26 57 10 35 42 30 43 70 31 83 92 12 3 12 100 76 88 89 74 55 79 7 74 16 33 68 5 12 60 20 39 64 29 14 15 35 71 8 98 73 96 70 89 78 66 37 26 6 82 75 98 37 76 6 37 53 91 59 52 93 42 10 76 85 35 26 2 46 11 90 46 68 58 34 65 57 2 87 19 51 97 53 79 29 20 71 97 43 25 1 76 85 3 93 92 10 18 42 37 98 100 16 49 29 79 7 22 34 66 88 83 30 39 45 37 77 21 89 65 48 6 24 21 65 71 60 29 44 13 61 19 49 90 3 14 19 24 3 81 44 1 91 32 65 0 73 38 27 74 67 47 50 21 37 93 48 3 51 90 97 88 0 18 25 7 2 69 14 13 57 93 57 97 24 99 45 43 31 90 30 58 92 34 53 41 50 43 51 55 21 66 29 55 42 23 91 35 94 34 3 65 41 7 23 70 36 2 30 41 25 68 10 2 22 26 81 7 42 20 30 66 26 31 17 85 70 53 46 85 0 70 100 99 92 54 42 72 68 26 84 60 80 85 18 39 63 73 72 71 16 57 58 54 67 11 38 89 66 19 11 80 13 1 65 59 44 24 75 28 34 57 33 39 45 33 45 0 14 76 57 67 23 24 91 50 5 95 3 60 55 68 85 74 52 70 6 94 29 67 23 24 90 28 63 27 81 31 31 18 74 11 77 35 24 87 76 44 85 63 21 47 91 82 10 87 63 63 100 56 43 78 7 64 11 21 74 61 40 1 94 81 79 15 84 35 28 22 61 82 81 63 55 52 92 4 81 67 95 57 55 97 58 25 36 35 55 51 14 57 
62 97 37 12 79 39 3 62 91 4 89 58 93 28 73 64 36 93 98 43 7 64 22 74 37 34 99 55 77 76 99 6 20 12 94 47 51 5 92 47 75 93 99 70 92 30 84 19 84 82 19 50 27 98 63 61 88 23 63 70 2 41 94 95 58 93 63 28 63 25 61 31 95 34 47 18 74 62 72 9 20 92 87 95 47 75 13 48 19 24 16 8 100 94 48 15 83 38 52 4 1 100 85 49 15 65 12 93 69 90 53 33 53 7 15 31 14 45 63 40 51 82 89 26 98 27 26 32 16 3 66 18 67 88 28 86 19 65 83 22 76 53 42 38 98 27 25 61 4 66 52 6 83 40 78 86 86 14 37 39 96 84 17 12 87 98 74 81 14 53 26 32 88 20 62 84 97 24 53 0 89 75 58 47 60 17 11 69 59 13 0 33 48 90 89 19 92 40 9 23 73 0 82 30 40 34 29 71 86 88 32 33 36 81 89 45 27 66 44 58 37 19 3 96 26 14 17 37 43 78 82 52 34 3 61 68 80 58 91 23 21 75 96 56 66 95 64 21 55 26 71 48 86 86 19 31 29 41 52 14 61 3 95 21 22 24 40 61 72 41 83 51 61 73 37 4 32 42 26 50 23 44 53 24 4 72 9 25 14 92 82 26 84 56 65 49 30 40 1 30 13 71 56 77 89 99 46 91 51 7 69 10 82 85 57 84 17 21 24 50 59 50 61 80 81 69 6 37 93 4 54 30 88 16 28 19 69 26 59 26 36 40 34 2 42 36 95 40 6 45 23 7 9 15 70 3 48 42 46 58 80 86 54 14 85 85 16 88 43 78 22 49 56 61 63 79 49 45 57 16 2 35 91 36 46 64 6 83 76 80 66 82 65 26 68 83 92 92 68 65 
81 33 83 6 99 21 95 20 94 69 74 11 2 23 68 42 43 88 94 65 96 90 34 11 73 83 82 92 78 95 74 30 73 8 92 93 14 47 45 96 98 46 66 87 67 18 51 46 32 59 99 97 38 30 13 91 94 17 92 45 88 43 15 46 27 22 68 57 27 9 82 35 37 57 95 74 31 62 42 2 37 84 95 90 88 78 63 70 95 20 56 57 16 27 10 36 30 43 89 54 69 99 96 95 49 83 65 59 88 37 36 17 49 58 1 100 6 55 12 34 38 81 31 31 5 36 54 61 20 91 38 20 27 24 28 14 56 56 99 92 74 21 48 29 30 64 77 13 85 70 40 46 31 15 84 95 66 90 10 37 15 97 54 10 95 1 8 59 85 100 92 66 13 82 14 2 92 85 63 32 78 35 3 25 58 71 53 96 74 70 12 42 11 61 52 89 88 3 20 28 29 88 97 2 52 68 37 49 13 41 51 84 92 63 46 17 69 5 84 33 98 30 2 87 83 61 32 13 35 3 33 75 14 50 94 1 82 22 32 24 34 47 52 74 47 35 70 88 95 1 77 41 46 9 53 4 8 3 1 26 5 71 19 35 14 34 32 90 82 69 8 20 20 66 68 80 20 18 27 30 84 7 42 78 76 80 62 29 48 58 46 97 48 28 67 22 1 93 52 96 4 59 31 0 5 53 71 32 67 74 70 21 95 71 7 36 21 27 38 51 65 94 65 7 18 93 99 2 17 39 77 14 16 14 51 89 5 3 78 17 69 69 5 44 58 4 73 29 61 62 89 35 8 8 69 44 94 61 85 11 9 70 95 28 43 76 27 4 79 92 32 30 13 29 30 28 90 96 83 65 70 39 28 19 11 12 88 99 79 91 36 64 64 93 67 44 81 5 92 90 
59 48 59 13 2 12 14 100 37 69 62 81 64 68 36 45 1 23 58 96 33 53 34 95 15 42 30 18 39 52 36 64 74 21 5 85 27 53 64 47 77 21 4 21 92 28 77 9 48 51 47 3 0 18 49 44 46 2 6 33 64 88 81 87 66 84 16 87 63 95 82 9 62 41 47 43 61 88 57 41 30 45 61 14 63 12 36 46 27 92 94 30 100 19 37 55 50 70 30 15 91 68 76 58 80 38 94 24 2 54 10 10 45 40 91 86 10 21 63 55 81 53 0 67 1 34 11 85 92 37 87 17 10 25 47 73 83 81 42 54 73 80 71 45 7 63 38 20 47 43 99 50 21 92 64 73 52 46 17 42 43 99 49 59 62 83 41 98 34 88 78 87 50 87 42 21 93 8 12 64 61 15 3 71 33 56 74 50 36 60 77 41 49 9 44 89 88 60 9 62 7 49 10 60 91 29 72 22 55 77 42 63 79 50 80 49 52 58 92 90 45 6 16 45 65 50 89 83 77 29 35 16 69 61 89 13 28 34 84 59 99 45 46 22 4 38 73 11 95 74 19 85 55 32 100 95 15 62 9 67 96 75 72 74 73 99 42 57 24 81 7 57 23 28 56 5 29 30 66 44 12 23 15 92 15 69 79 49 80 5 29 38 27 20 77 72 65 86 40 17 35 20 18 52 93 88 86 45 16 70 57 25 6 90 44 37 60 86 23 68 96 56 41 14 90 71 80 89 91 61 53 93 91 0 10 62 62 5 44 15 61 46 76 93 40 38 94 24 8 91 50 85 61 35 15 85 95 74 22 74 100 95 17 14 75 60 99 43 74 58 24 26 4 27 69 31 35 56 93 73 7 88 16 73 36 18 74 62 61 66 47 26 33 8 64 18 7 25 85 53 
74 18 7 34 17 9 46 23 21 86 24 85 53 19 52 74 18 35 29 17 25 33 19 40 53 28 39 25 74 69 39 55 100 51 43 21 66 54 48 33 43 32 22 92 100 35 40 49 2 83 91 7 96 1 70 85 80 40 17 76 13 41 43 25 14 27 56 40 98 22 56 66 62 48 21 21 61 98 7 35 84 69 15 35 10 1 29 21 56 46 45 11 39 17 89 71 82 12 6 35 27 68 58 22 19 99 84 70 49 36 8 94 71 30 18 81 20 91 92 31 1 81 76 55 10 44 61 49 40 95 38 99 35 20 80 67 41 0 42 84 20 80 28 30 40 7 34 98 22 33 88 39 21 73 93 85 27 40 33 75 27 51 38 42 75 72 1 15 21 80 73 48 47 55 55 84 78 50 13 12 63 92 37 31 19 55 12 13 1 57 68 45 93 57 67 83 20 89 39 43 82 77 42 44 2 64 94 17 59 26 73 67 59 2 14 63 4 30 35 89 17 64 58 50 88 69 54 10 35 92 74 21 54 21 85 1 30 61 38 67 91 32 71 57 58 88 3 5 34 49 62 17 6 65 68 91 83 20 50 9 46 91 80 99 47 100 12 17 42 33 70 6 41 32 61 79 97 43 70 17 30 51 69 56 44 94 49 29 86 21 22 93 68 40 31 84 73 59 60 32 19 43 100 62 72 74 52 25 86 81 13 46 1 60 68 74 75 9 88 22 55 80 77 10 97 97 21 94 86 52 49 25 31 39 76 85 63 28 57 84 4 100 58 97 67 66 31 7 51 78 24 87 1 93 23 100 80 87 60 25 32 66 71 65 29 80 28 57 23 93 55 82 94 89 16 82 0 68 19 96 31 94 60 84 43 99 89 62 69 49 93 31 55 49 89 23 62 74 44 25 
97 61 58 48 96 80 4 32 17 91 26 99 21 50 97 89 31 63 83 81 53 3 65 72 29 80 59 75 22 91 72 92 82 59 43 93 51 0 4 94 53 63 9 50 64 86 46 37 82 95 24 49 52 0 14 50 88 29 42 15 19 55 79 16 6 49 44 66 41 28 87 28 6 62 89 100 100 19 17 64 75 50 94 1 55 79 98 82 2 10 5 22 40 28 44 79 47 75 43 84 21 17 98 37 37 85 81 41 11 99 54 82 79 69 7 0 33 57 75 82 22 93 6 96 89 51 69 90 82 92 37 64 97 96 4 65 41 41 41 76 89 34 88 3 90 40 82 77 12 50 24 90 77 52 72 74 60 47 25 86 38 40 27 35 30 24 44 15 41 70 93 90 18 11 79 23 80 19 62 37 95 40 67 40 23 29 35 95 92 52 40 77 71 29 97 91 73 4 19 22 11 0 70 59 44 67 8 16 37 17 22 24 58 59 19 83 11 94 48 15 81 96 16 30 62 75 93 56 9 43 96 56 57 56 33 34 24 49 60 38 79 59 28 9 8 46 21 12 1 69 20 67 64 86 38 14 0 96 10 49 95 34 48 32 29 46 69 61 9 21 11 24 64 63 67 74 70 51 51 15 95 91 4 86 44 70 15 21 51 75 59 39 35 96 62 57 26 63 3 56 98 42 34 8 10 14 82 83 49 23 26 90 50 71 64 44 45 76 75 20 25 16 15 74 56 42 79 90 53 7 43 36 74 61 6 30 85 50 26 12 48 49 26 85 61 34 71 73 14 22 87 8 41 50 38 47 83 64 45 64 57 85 19 79 63 69 92 46 83 70 26 86 40 27 97 35 39 37 25 58 88 84 86 77 67 8 35 80 97 26 67 40 16 5 25 60 72 93 87 68 
50 42 97 17 65 2 44 12 82 84 30 38 45 71 80 86 54 54 85 40 76 93 55 35 88 35 42 14 75 7 89 29 75 54 98 59 71 52 44 66 87 72 42 77 40 54 46 99 38 53 55 79 79 69 48 45 41 67 17 73 82 90 23 88 16 79 61 45 48 5 19 11 94 34 52 65 17 18 3 73 64 5 47 45 100 98 25 61 64 82 63 83 68 90 44 86 94 83 51 51 82 10 28 77 87 46 75 18 20 85 87 32 67 0 23 56 83 83 54 58 25 61 90 22 38 46 50 42 83 37 62 41 72 64 61 83 69 89 59 41 44 21 47 79 77 72 75 69 93 67 89 66 11 23 2 78 52 70 61 63 77 60 61 52 9 36 69 91 67 61 9 8 67 15 50 70 83 4 72 50 63 65 69 92 48 29 65 98 49 63 0 34 70 0 73 11 81 43 76 58 18 51 79 54 83 50 37 7 42 11 47 58 81 96 52 72 33 39 23 4 24 91 52 77 92 5 33 94 16 36 89 40 11 33 63 33 73 2 86 46 20 32 62 18 21 58 60 89 88 24 63 2 8 49 38 78 72 3 81 89 17 32 6 14 73 27 5 53 5 75 94 84 59 43 86 43 57 71 59 96 5 37 55 75 20 94 34 63 42 15 19 3 5 55 88 73 45 30 74 71 79 63 99 43 39 75 20 35 3 8 29 10 35 46 86 77 46 54 95 25 25 97 12 43 82 21 100 91 25 58 42 65 99 44 52 18 92 36 5 5 20 81 49 39 50 39 22 49 48 66 27 9 44 83 25 87 8 62 50 80 17 29 9 30 5 26 48 100 93 92 76 95 17 49 54 24 32 64 30 6 73 6 58 62 87 80 68 48 63 95 69 35 84 91 10 36 99 71 30 100 
19 25 99 10 98 97 34 56 93 92 83 51 57 91 97 69 94 88 64 9 63 6 90 95 37 95 91 84 77 26 79 41 12 17 25 37 68 11 86 93 1 9 93 27 16 79 92 0 38 93 18 48 69 71 23 16 59 71 20 27 19 78 63 96 90 61 64 50 54 7 89 78 86 31 80 57 58 57 64 18 99 76 64 12 54 76 95 5 73 64 60 11 15 9 77 84 24 87 71 73 78 10 19 80 29 86 11 44 100 15 36 1 5 37 36 95 67 78 22 25 8 15 34 72 42 35 0 38 87 22 53 46 95 95 34 62 78 95 13 19 2 26 57 38 8 68 73 61 11 79 40 27 46 37 22 93 79 70 12 75 100 75 83 37 26 28 22 59 100 2 76 88 33 97 39 8 10 97 3 20 91 32 68 38 70 5 79 13 46 88 33 48 54 78 47 14 68 18 40 14 15 20 11 49 24 38 88 68 59 79 14 62 47 12 73 6 39 89 38 61 56 42 55 88 7 67 57 96 12 18 2 58 40 20 60 56 40 43 8 14 23 9 1 84 75 81 47 8 5 85 86 32 3 92 32 7 38 61 9 82 64 94 6 55 57 75 40 12 81 24 74 79 98 97 33 8 36 30 2 37 93 61 9 80 5 93 35 93 66 42 17 3 83 36 3 97 86 88 26 62 30 94 70 60 12 24 64 14 20 16 94 46 87 43 38 72 29 91 12 71 30 46 10 33 52 81 64 32 94 96 7 28 80 32 24 23 80 57 78 68 62 23 52 3 42 88 57 92 33 48 93 72 62 85 42 10 88 57 50 23 38 42 70 95 76 65 96 89 69 59 95 33 100 0 25 31 78 3 96 31 59 33 79 31 94 60 58 100 71 68 15 58 40 97 82 72 92 75 83 2 
66 79 14 16 47 68 10 47 66 43 47 94 51 77 6 72 95 40 4 31 28 91 94 62 35 38 15 89 69 66 7 59 70 2 41 98 92 53 94 21 55 82 1 18 84 57 83 3 23 55 35 74 60 94 65 0 63 97 7 87 40 40 29 96 8 62 8 69 0 20 85 32 5 29 90 67 32 7 59 11 42 79 2 66 10 21 4 49 22 20 42 86 91 85 55 68 57 78 41 98 38 75 42 58 21 78 91 61 20 19 7 50 95 75 52 17 96 73 31 5 90 15 30 47 97 81 0 33 16 11 82 100 75 40 9 12 26 63 69 68 0 54 53 70 50 0 40 9 58 97 76 3 4 67 93 10 98 46 86 52 100 40 3 30 33 54 56 71 94 60 15 31 3 5 0 54 37 16 56 16 4 38 97 69 88 4 46 2 80 18 12 3 47 100 53 78 45 49 14 67 88 74 47 88 44 68 86 51 75 56 25 95 8 64 2 81 45 95 9 13 37 81 75 1 70 45 28 4 45 17 8 67 33 73 30 58 79 95 31 88 58 89 27 33 96 77 75 61 93 1 44 94 19 41 34 8 21 25 4 44 27 24 30 13 61 37 29 76 94 58 3 38 93 32 83 48 61 32 59 21 41 79 2 81 38 74 77 90 3 13 45 72 28 82 51 3 26 31 68 95 92 26 34 21 0 55 45 31 62 40 15 48 94 35 35 4 4 7 22 2 14 5 19 98 70 38 31 22 5 79 74 60 38 17 27 24 20 5 88 2 64 63 90 27 57 74 54 55 12 45 64 38 7 34 12 63 60 87 15 66 69 36 23 45 91 88 31 6 49 0 64 76 33 6 93 21 0 50 89 46 96 15 2 93 43 22 77 59 70 14 14 18 21 84 63 57 83 4 52 9 
0 99 33 6 8 79 1 28 49 32 14 99 86 5 51 42 14 36 55 85 56 28 64 11 67 100 87 77 58 54 70 87 59 94 34 91 64 13 65 38 50 58 38 38 63 99 31 79 100 73 31 100 41 37 18 83 33 7 74 95 9 35 8 79 32 55 6 74 85 89 48 16 15 14 61 13 35 63 56 32 91 75 17 41 10 11 66 92 14 89 51 81 75 47 76 72 0 3 7 80 38 90 62 62 52 18 85 28 46 63 35 74 12 9 8 94 92 51 32 85 6 87 27 89 42 72 31 96 46 50 23 38 85 60 77 50 36 60 19 11 5 63 94 94 51 39 25 0 24 39 55 40 91 44 97 3 31 31 1 68 53 41 64 46 35 84 55 15 98 67 68 47 82 82 88 91 24 5 12 76 25 53 48 4 44 0 15 39 9 19 34 91 81 65 15 38 72 76 23 42 15 78 39 5 44 33 30 53 28 29 29 52 96 89 68 16 6 15 55 79 81 99 78 31 77 89 79 18 17 93 89 43 11 69 15 78 33 96 47 11 59 83 28 82 70 50 52 19 21 3 22 39 74 77 78 27 7 14 56 93 11 89 64 12 60 11 59 63 48 96 2 43 89 37 63 59 85 62 40 34 77 11 33 62 21 23 55 92 51 38 95 19 25 15 69 74 32 14 62 88 1 14 91 61 80 76 57 19 87 30 18 65 67 58 50 27 19 34 31 2 92 52 42 44 86 43 69 39 5 68 56 82 26 80 89 0 20 41 85 66 22 46 29 97 35 8 82 48 89 20 36 42 63 38 98 49 83 39 43 74 32 48 9 95 19 62 39 49 58 17 4 90 26 73 50 57 96 63 81 37 93 35 50 55 83 9 12 76 64 69 55 72 17 36 55 7 79 15 71 34 
57 88 12 64 48 21 89 73 31 73 83 53 98 55 96 14 24 92 22 68 20 37 79 51 64 81 4 32 83 96 72 68 11 10 82 71 69 77 94 65 66 46 66 59 33 34 4 70 44 78 38 76 64 87 89 34 87 0 42 42 47 77 100 61 72 83 9 31 39 12 53 48 10 64 60 72 42 87 32 87 47 26 65 29 58 50 7 66 94 44 89 41 48 36 14 86 99 92 73 93 66 33 26 39 67 96 50 43 26 34 24 90 88 83 75 74 36 86 58 54 60 67 67 69 56 90 96 13 69 57 94 95 43 16 94 10 20 41 35 23 60 43 94 14 33 18 18 94 28 28 89 79 33 24 24 37 90 33 86 55 87 0 18 67 24 71 38 93 83 75 55 45 60 11 39 92 76 24 16 77 51 51 99 53 45 81 15 12 39 1 61 49 38 40 76 18 73 44 22 39 78 63 58 42 64 69 45 90 60 20 100 30 81 78 97 22 42 14 31 14 31 44 3 8 37 30 12 67 66 80 58 39 54 89 100 41 37 53 97 94 32 71 94 31 18 31 9 44 41 49 19 8 7 41 70 20 28 16 5 35 46 95 8 93 94 58 87 41 72 27 36 78 39 2 73 88 50 51 7 64 57 33 67 39 57 96 10 43 89 80 80 56 77 74 30 44 84 59 60 74 76 70 59 85 74 19 98 81 19 64 64 21 90 42 84 47 21 47 22 50 12 26 80 3 77 28 52 96 56 96 99 39 40 100 59 43 98 58 8 5 100 83 70 12 37 15 51 68 44 59 16 20 13 21 27 56 77 11 86 47 11 74 21 55 92 2 11 83 79 38 29 67 65 42 81 76 34 99 70 35 74 69 32 87 79 29 66 13 68 70 86 7 61 1 44 26 68 81 0 51 
78 32 31 14 70 63 98 8 68 61 18 21 31 83 67 60 49 27 26 6 0 16 77 62 83 59 84 9 10 62 41 40 21 24 99 33 24 87 4 17 90 100 28 63 33 37 15 6 21 35 38 90 18 72 48 27 21 37 75 30 0 10 96 97 54 94 1 57 99 78 99 11 14 57 56 29 36 100 74 37 2 31 36 31 44 76 90 41 94 54 29 72 41 17 91 47 82 2 23 43 50 33 34 42 44 53 52 52 44 5 62 69 20 3 95 12 68 58 66 4 61 62 70 31 32 77 24 79 20 41 86 81 14 94 17 51 59 82 11 45 7 40 51 99 32 93 72 88 7 38 44 86 12 53 64 91 100 78 86 17 54 19 97 65 75 33 7 69 5 75 23 16 65 69 65 32 12 46 46 58 30 83 79 95 98 33 79 3 38 69 66 62 78 10 95 65 82 8 30 21 63 70 24 36 50 32 13 4 15 74 41 93 93 8 60 47 47 78 21 72 40 70 80 93 66 15 11 7 95 63 35 10 64 15 10 22 82 32 84 80 6 84 12 16 61 85 77 85 51 32 86 58 40 42 97 52 72 37 0 93 2 1 56 93 85 85 16 50 66 47 42 82 80 28 81 18 2 94 59 71 69 37 43 48 4 61 98 30 56 44 77 70 39 70 25 58 44 22 97 91 76 84 93 85 25 24 42 31 7 13 97 44 61 33 62 66 19 97 55 93 66 32 36 24 90 49 24 93 8 59 50 99 15 75 4 89 52 72 98 50 62 25 31 52 66 78 18 0 78 17 57 13 97 26 15 72 38 51 100 2 9 21 53 60 71 33 9 47 70 35 11 46 78 19 92 63 9 25 40 43 38 86 85 58 62 21 94 11 92 27 55 7 36 32 38 16 64 77 35 98 
9 81 64 14 66 74 80 90 43 6 22 74 38 48 96 84 27 69 30 61 15 67 40 45 7 45 68 35 0 19 28 75 54 11 5 56 30 69 13 1 6 19 45 31 68 26 96 89 71 21 44 72 15 47 0 49 46 37 20 20 0 40 4 43 63 65 61 88 26 44 54 1 71 46 100 98 22 60 37 68 83 23 2 20 10 1 63 32 54 80 70 48 24 97 41 12 92 62 61 77 91 31 75 98 51 53 43 28 85 57 43 53 22 13 22 87 72 26 93 6 33 100 76 29 5 8 99 65 61 76 7 17 81 28 58 38 46 95 96 24 27 62 22 54 53 98 66 77 91 78 86 84 33 73 45 64 94 51 0 0 63 57 3 21 87 61 57 91 81 47 60 40 30 89 71 64 66 82 49 87 25 60 19 1 94 67 40 75 78 57 88 2 7 9 17 29 18 97 77 11 50 27 79 93 53 12 35 45 23 19 83 97 31 88 17 12 19 60 26 61 57 23 57 19 12 73 24 92 97 2 14 33 92 55 18 15 91 47 100 61 18 21 54 4 32 90 1 78 34 10 1 9 95 89 93 87 84 54 91 10 56 11 47 74 75 46 15 60 74 60 98 6 69 32 82 16 55 58 46 44 55 29 21 46 85 36 8 9 37 4 13 70 40 80 35 64 67 82 59 87 85 47 10 73 19 67 81 36 77 59 98 72 92 66 100 49 54 68 2 25 34 78 98 38 15 4 58 58 38 51 90 97 17 42 59 97 64 17 73 73 74 17 95 98 71 49 9 54 2 8 44 94 70 33 69 20 31 75 3 76 86 7 58 58 66 69 77 89 49 0 15 79 77 54 63 43 40 16 59 69 68 43 64 7 4 72 58 3 73 73 12 63 90 33 82 18 50 29 74 20 
80 95 2 79 3 34 22 19 33 69 82 27 28 39 34 81 89 1 66 11 92 38 21 22 66 22 67 23 94 43 96 47 57 37 35 20 95 57 87 61 58 16 85 75 74 11 99 49 71 16 36 88 32 52 61 78 55 34 21 7 4 26 39 37 58 79 84 24 54 59 97 45 40 66 7 74 97 22 2 90 87 9 37 23 96 75 63 91 60 95 60 74 92 23 85 81 93 54 3 92 67 33 32 78 2 96 14 57 82 14 18 43 71 11 24 72 87 11 18 98 3 6 53 5 57 60 83 36 90 87 85 43 35 4 93 4 18 30 22 82 20 20 51 89 25 38 27 99 77 55 99 27 82 66 90 42 67 89 11 1 86 23 6 39 27 94 19 93 49 99 22 12 53 76 92 55 78 81 87 3 80 71 28 90 83 13 68 52 18 19 73 3 71 98 49 72 96 9 87 19 86 15 2 23 49 35 17 11 95 2 57 44 83 31 18 88 46 57 50 78 70 84 7 67 58 6 96 95 39 71 7 87 84 95 37 27 15 98 49 30 18 62 5 85 20 98 35 44 76 40 31 36 1 96 14 59 22 6 19 100 79 0 51 86 68 46 61 39 34 93 69 83 19 22 77 38 44 16 91 25 40 83 20 96 79 15 87 35 34 53 67 29 26 61 7 18 41 32 4 100 43 70 93 96 20 5 73 5 96 9 100 60 78 2 91 94 79 41 24 50 76 31 9 32 93 51 86 69 43 85 76 41 1 82 6 16 97 35 32 76 39 42 16 0 10 47 67 25 8 56 39 52 89 3 41 67 34 99 75 67 10 100 100 14 87 90 72 77 23 90 20 66 5 26 58 10 66 76 45 59 5 57 9 49 92 40 45 13 20 13 81 22 76 96 14 79 94 18 14 11 
78 47 12 63 74 97 29 37 4 44 7 17 81 90 11 50 70 50 10 57 83 26 38 21 38 45 55 10 13 35 30 5 0 70 33 43 12 39 56 4 74 41 93 19 92 40 74 37 53 1 100 54 3 9 32 64 11 59 99 11 27 75 61 42 88 30 85 66 68 37 61 63 29 57 67 44 57 60 27 58 32 34 26 54 82 5 39 74 100 70 69 66 22 47 12 22 81 71 75 94 12 12 91 37 93 16 76 65 100 18 61 85 4 71 7 97 83 21 7 3 81 54 84 74 94 24 43 83 47 20 15 25 18 45 3 68 49 41 20 87 70 38 81 86 39 65 97 86 48 76 21 36 37 35 95 35 7 87 1 79 73 70 27 58 85 71 79 82 94 18 40 14 75 0 50 10 58 30 44 59 32 80 20 80 53 96 48 75 97 12 35 66 26 86 77 44 0 91 94 70 73 60 100 81 62 74 93 89 25 94 1 3 96 44 31 82 8 57 61 78 47 13 21 59 94 85 7 43 58 93 18 34 19 97 24 51 27 98 25 1 83 43 30 81 14 10 1 14 24 0 86 55 100 90 64 40 26 91 11 99 10 18 93 23 5 30 29 12 62 96 85 19 23 82 50 18 75 51 70 7 50 60 3 31 63 55 25 8 39 23 11 22 48 16 39 28 5 47 53 93 14 21 12 46 93 41 81 40 4 47 35 5 77 16 30 100 73 15 1 23 54 94 48 18 74 47 18 15 27 30 81 2 24 1 55 7 44 69 100 0 21 60 60 31 42 18 97 8 24 87 95 90 52 38 80 22 49 89 57 73 30 99 76 22 32 15 91 67 61 61 2 70 44 42 8 16 46 15 24 63 75 15 26 19 32 68 25 29 78 61 99 51 77 3 63 70 15 66 60 82 
25 5 79 99 72 98 24 29 26 71 29 68 9 74 35 52 33 6 29 9 6 53 45 85 22 69 50 71 30 93 12 57 91 0 45 42 38 47 92 52 19 13 30 35 27 16 2 93 40 31 85 40 7 33 78 59 38 77 25 71 85 31 38 32 13 81 15 9 99 70 7 93 75 97 10 27 69 43 26 57 28 69 41 30 81 49 74 100 64 41 86 62 94 96 91 56 98 36 94 52 54 72 41 7 39 60 39 12 6 42 6 67 21 96 99 97 64 21 23 1 71 57 94 45 34 49 33 78 23 44 15 1 21 3 1 64 17 14 85 22 67 24 27 70 33 75 9 45 69 27 100 10 16 13 62 57 41 30 3 46 8 64 57 47 33 42 3 1 39 43 35 45 38 80 66 21 65 66 21 48 17 74 36 18 97 8 11 32 65 72 47 13 45 42 100 89 84 88 78 68 85 73 36 72 46 91 88 14 51 30 22 24 38 63 37 34 2 5 60 95 11 93 11 95 73 48 64 46 33 9 22 36 55 73 75 64 3 9 53 12 0 48 23 33 65 30 9 92 60 32 38 30 70 61 25 65 80 73 94 2 10 73 44 60 12 7 95 30 87 52 35 16 73 27 48 69 23 43 29 45 4 51 39 16 96 15 76 91 33 42 96 62 25 0 63 70 55 20 34 6 71 11 14 37 5 30 48 90 86 23 6 74 86 0 48 49 97 98 82 18 97 73 64 8 67 85 61 22 14 20 78 77 27 55 94 73 37 16 20 96 3 68 41 43 87 88 80 2 90 21 74 78 90 44 37 35 64 44 88 71 90 45 18 81 64 3 17 82 9 35 55 71 0 20 23 73 92 37 64 76 31 100 100 65 63 90 30 50 4 84 33 38 67 80 70 79 13 31 33 25 
10 20 40 4 81 29 88 10 15 29 30 72 3 57 53 24 99 0 34 77 26 64 61 91 3 6 73 53 40 93 62 50 10 24 13 39 21 77 68 98 82 78 48 94 78 17 34 8 82 50 58 55 26 98 1 70 33 96 19 81 17 78 54 68 31 2 70 61 79 64 36 83 10 28 39 21 61 41 44 96 88 12 25 17 45 58 68 63 42 35 23 53 63 4 53 49 6 39 86 87 6 74 46 18 1 77 31 40 66 61 56 82 65 20 54 33 64 37 34 22 49 79 91 11 20 29 3 5 96 5 6 87 36 87 54 90 25 54 61 81 41 34 60 60 79 5 5 66 0 69 53 45 48 41 76 52 63 71 46 68 46 1 40 98 91 21 80 34 9 28 41 2 48 67 87 44 62 96 78 31 11 18 58 57 8 28 51 38 80 50 38 56 42 0 58 74 34 34 90 6 43 60 36 14 58 32 74 0 21 11 89 23 93 97 77 60 88 43 36 4 31 49 54 29 51 82 57 37 58 79 58 81 85 100 98 43 20 80 73 18 45 9 90 9 92 16 15 17 51 77 34 51 89 99 18 100 29 84 56 70 8 66 31 1 29 97 67 95 87 53 49 33 55 67 66 81 80 69 7 56 15 2 88 54 20 4 59 82 75 86 92 43 76 66 6 31 21 85 70 26 4 38 59 49 78 64 46 100 50 17 63 77 0 26 77 41 70 83 83 7 62 66 67 13 100 69 69 95 33 42 53 40 46 54 90 18 8 57 10 69 0 13 3 79 20 89 54 100 6 7 68 78 40 29 32 3 36 13 64 44 92 70 86 35 89 5 53 69 63 56 79 75 39 20 7 79 7 0 0 69 41 43 15 13 62 37 91 28 52 89 64 20 88 73 80 53 17 51 78 27 
76 95 94 12 85 91 96 79 31 18 84 2 80 76 97 30 89 61 72 96 92 48 86 28 20 42 84 50 91 10 31 45 82 61 74 1 53 23 48 88 97 59 63 77 84 64 43 72 22 14 88 26 3 1 84 71 23 54 78 55 32 2 21 36 21 80 74 57 20 70 55 24 69 4 43 65 44 29 45 29 55 61 45 93 46 88 80 1 75 94 13 54 73 35 66 30 22 7 62 71 23 73 48 9 66 32 79 8 93 6 22 96 0 62 99 47 57 44 8 28 65 37 45 65 46 66 85 4 5 57 36 72 68 86 91 85 0 52 69 2 2 61 88 53 22 49 45 14 16 62 82 8 5 88 11 46 85 79 1 81 72 16 26 37 36 2 4 72 84 65 9 44 44 84 78 91 66 59 6 7 38 55 52 8 26 99 69 79 93 87 1 68 73 8 88 86 35 4 68 66 69 95 50 80 2 69 89 72 56 10 33 39 1 7 42 61 59 79 74 10 11 12 82 57 35 16 79 63 96 28 46 83 58 45 55 69 40 67 86 57 66 23 64 87 30 70 57 69 75 67 16 37 71 30 38 2 99 54 74 89 62 25 29 55 25 64 15 39 52 73 77 30 95 87 8 70 60 88 39 20 78 92 84 61 100 99 89 75 95 73 46 21 21 36 93 96 67 16 78 29 84 66 70 4 49 80 60 53 38 67 27 6 3 41 8 36 43 49 4 83 49 54 15 53 62 18 98 13 48 35 40 33 43 56 87 28 24 59 20 17 66 100 92 83 7 30 67 65 51 38 88 6 90 7 79 64 86 19 94 7 20 52 0 77 7 8 80 52 12 2 75 75 41 76 32 11 84 86 85 85 25 61 23 98 93 50 1 5 49 33 97 26 32 81 5 95 93 64 48 38 
17 51 51 58 63 37 98 18 25 10 40 34 24 38 17 20 82 96 94 54 67 76 7 92 81 16 59 54 99 43 74 66 39 92 74 20 71 98 60 13 50 6 26 75 55 41 75 82 88 58 15 62 52 22 28 56 38 77 91 39 85 47 91 52 77 46 5 93 54 90 15 74 62 62 25 70 78 90 63 12 32 63 15 62 50 21 99 39 53 8 75 86 5 34 60 93 39 58 95 30 45 75 2 40 26 49 94 85 62 73 66 29 34 100 25 5 39 89 94 35 94 85 46 5 3 3 97 77 82 5 4 89 22 97 62 57 95 15 61 86 66 9 60 29 6 8 27 72 68 45 55 43 61 55 71 30 73 8 84 32 96 0 15 41 67 24 17 9 56 14 84 47 51 75 49 8 63 31 35 16 7 26 33 0 25 36 27 9 12 50 98 37 30 31 48 60 65 21 74 82 87 84 28 51 81 60 70 31 79 12 13 41 97 93 73 45 89 42 45 66 0 83 20 73 9 24 20 50 58 60 26 3 36 16 100 46 68 57 100 59 65 42 84 47 94 73 77 31 69 80 72 5 58 5 8 39 71 53 98 79 17 51 37 46 78 97 27 13 18 93 90 38 73 41 57 3 0 41 20 22 95 49 8 8 41 54 9 5 28 69 36 49 68 77 35 92 58 1 88 52 42 73 24 89 60 87 19 26 25 5 15 48 93 8 28 61 69 43 15 45 100 9 45 53 20 18 81 1 23 94 45 22 72 51 49 20 38 16 3 68 14 28 84 66 30 80 70 64 51 80 67 78 43 92 9 0 6 95 49 1 92 90 4 76 51 55 70 30 49 12 34 62 0 48 90 73 63 77 34 21 7 13 44 4 18 71 37 38 86 3 74 95 68 75 50 54 52 17 0 1 
98 16 21 80 98 58 63 56 88 81 96 69 68 40 83 76 55 3 79 18 72 67 1 75 30 41 9 52 51 16 52 56 38 24 18 90 24 67 81 56 77 86 23 35 62 98 37 37 75 99 16 100 42 3 99 56 61 66 47 2 69 83 64 28 22 24 37 89 80 80 8 53 56 6 52 76 1 25 98 2 91 39 59 92 6 74 13 83 33 60 84 5 36 25 94 55 84 84 6 64 89 97 14 90 24 50 4 88 35 70 49 25 29 79 37 61 10 75 37 76 27 46 100 80 88 90 88 50 71 36 98 99 18 68 97 10 94 14 55 59 77 72 51 9 85 26 57 9 89 71 82 41 45 48 89 94 91 20 67 54 59 89 74 94 86 71 40 4 62 84 27 6 27 34 48 77 34 100 16 53 96 64 33 22 32 15 69 62 77 52 79 8 4 9 60 14 40 86 97 26 16 100 7 71 39 15 11 57 32 43 58 89 79 32 84 7 34 22 66 96 86 40 6 71 32 23 90 24 55 1 93 35 25 94 25 22 16 26 0 16 27 8 21 64 76 89 72 29 23 39 43 15 7 28 60 52 49 29 60 81 78 100 92 61 1 50 57 99 7 85 40 90 63 10 11 82 0 16 7 46 39 88 69 92 69 33 13 86 6 44 79 83 86 9 67 84 95 12 13 92 72 26 68 79 13 54 33 76 62 72 27 21 44 22 73 59 32 9 4 41 91 28 39 78 86 15 41 11 0 55 84 46 15 2 54 97 85 97 49 4 91 54 57 97 36 67 81 93 35 74 9 99 81 81 39 56 71 86 55 10 84 44 62 42 49 89 73 34 84 84 84 86 72 73 63 31 12 19 38 96 10 49 21 90 73 59 52 54 53 80 39 47 67 61 61 55 81 79 81 93 
95 87 96 99 29 63 19 91 85 65 27 52 24 67 28 1 12 82 55 32 43 34 7 42 84 29 58 6 75 76 68 99 99 90 60 40 4 96 26 10 73 52 9 19 3 67 97 97 20 55 30 19 56 59 84 97 20 19 83 62 20 99 27 94 72 52 56 4 80 12 36 47 7 58 16 6 52 87 99 59 84 6 28 9 38 51 33 11 72 56 100 75 95 28 41 98 33 97 35 25 85 4 33 13 74 16 82 30 95 91 94 56 70 44 52 3 11 32 27 67 9 17 20 98 86 11 95 12 16 91 37 4 2 14 83 52 17 62 26 85 34 78 56 28 27 72 69 62 96 84 61 60 43 22 58 93 52 98 75 9 84 34 97 74 13 46 74 30 5 34 55 46 93 67 37 61 86 54 47 48 19 57 21 68 63 43 24 66 86 65 91 65 77 87 96 89 76 1 3 61 10 68 6 90 80 82 34 69 71 2 53 5 61 30 13 47 89 87 21 5 30 9 76 72 97 18 53 46 71 50 79 11 26 68 98 59 0 47 76 67 67 11 49 82 96 59 95 68 100 48 23 47 2 60 96 35 33 8 59 52 80 90 16 39 83 8 12 19 49 45 66 58 73 8 55 14 52 33 82 84 43 62 2 41 35 39 8 79 58 43 4 79 63 17 37 62 84 86 71 94 92 51 63 30 57 5 96 7 71 42 19 58 42 54 16 45 86 34 80 65 18 82 36 64 48 85 23 93 26 86 23 24 77 65 27 10 6 15 70 100 21 46 1 27 92 90 17 33 76 51 71 92 26 1 36 11 94 0 63 11 97 93 92 54 60 57 7 53 52 12 40 78 42 84 26 1 22 18 43 80 0 92 20 60 25 54 58 94 39 67 11 80 79 60 78 89 93 70 1 69 
51 60 42 79 22 42 51 0 62 96 60 63 49 30 74 40 93 85 73 85 86 60 99 86 69 77 11 45 1 67 70 38 0 88 22 0 74 27 91 27 90 6 57 53 22 55 89 90 92 89 21 18 96 58 69 29 97 59 42 52 40 96 92 81 2 69 39 99 78 31 78 66 45 11 28 81 79 86 35 16 64 51 14 80 11 68 99 73 15 26 13 92 66 14 65 20 18 99 81 80 78 11 37 21 13 56 74 65 22 58 26 41 42 33 98 9 47 44 92 27 58 0 11 23 53 81 97 85 43 90 98 9 84 44 77 1 49 86 51 22 19 4 90 87 96 7 86 57 60 71 34 53 24 97 9 36 68 66 25 93 14 81 15 5 37 96 19 5 11 97 39 24 98 96 82 5 65 36 94 53 64 11 4 50 34 63 72 49 24 66 96 50 6 96 23 25 79 79 23 40 100 15 52 34 35 6 4 30 43 57 64 41 19 70 16 74 61 62 60 3 0 55 98 66 40 63 6 63 38 4 53 99 96 74 98 17 11 30 84 2 41 54 34 69 78 42 30 92 27 24 86 26 72 13 47 100 30 33 71 0 55 70 52 53 51 58 57 37 99 89 95 5 25 70 16 60 80 79 0 84 80 2 3 68 95 76 8 86 19 82 4 23 42 20 74 58 13 5 42 9 72 68 55 42 0 87 84 88 23 40 53 85 91 66 43 78 49 52 36 89 27 56 38 96 9 100 72 78 16 82 65 90 98 83 81 94 62 3 62 28 46 74 100 60 68 17 45 60 68 23 85 81 25 86 96 47 94 6 85 77 13 88 40 50 36 99 34 11 43 16 96 21 13 86 44 80 85 31 31 88 5 13 6 84 1 81 80 80 92 15 92 9 24 61 17 60 70 60 47 45 
32 84 89 100 22 62 73 95 53 87 20 57 45 59 69 20 8 83 56 20 85 82 76 16 19 83 45 5 14 13 67 58 75 54 41 42 44 39 93 21 3 75 73 60 27 62 74 5 87 44 41 52 17 57 26 51 8 3 56 34 100 38 31 42 31 84 9 70 94 30 78 72 48 79 64 90 65 55 6 87 12 14 64 17 50 6 0 83 43 100 59 87 1 88 34 47 96 8 100 62 72 38 45 76 61 51 2 25 99 55 87 54 95 17 41 48 32 49 30 35 33 42 42 13 71 8 42 94 71 50 71 33 54 16 50 0 28 91 44 71 73 96 36 98 73 18 82 80 92 83 14 58 73 99 10 97 85 4 38 77 63 12 73 30 25 90 55 9 22 83 39 75 76 94 80 79 82 1 63 64 56 10 49 46 7 45 76 29 10 64 19 85 26 47 39 23 87 26 24 82 17 89 62 49 51 52 89 29 67 47 69 43 2 4 80 15 34 29 57 42 31 4 83 75 63 73 2 59 81 88 95 11 18 3 50 61 12 11 27 26 44 53 31 14 37 84 99 93 58 42 72 84 90 20 73 4 39 71 75 14 31 27 57 84 12 53 80 65 26 40 60 8 45 28 29 3 73 24 9 27 25 57 75 70 99 91 62 26 31 38 93 48 81 71 38 3 83 5 14 58 3 69 17 69 71 98 59 79 93 96 21 23 65 82 72 70 68 19 7 91 78 86 12 35 83 94 90 40 4 42 52 27 38 75 4 92 12 7 68 51 4 87 40 48 56 44 31 22 41 24 18 55 2 18 97 80 82 94 1 16 10 46 100 79 77 23 73 18 32 2 37 82 14 65 62 97 54 44 80 24 72 73 91 59 4 84 11 6 44 14 66 31 26 5 22 79 2 56 37 78 
82 100 35 80 1 2 30 19 86 60 67 97 1 1 93 84 72 38 99 61 41 63 11 8 87 99 36 42 0 6 60 87 75 97 93 15 69 60 52 64 83 24 23 14 69 39 7 50 87 21 48 72 81 8 92 52 83 78 14 97 64 11 53 56 57 67 19 60 14 75 29 74 85 2 22 77 2 66 89 16 75 79 57 76 28 49 77 36 6 32 70 18 63 1 37 73 100 44 77 58 56 82 52 59 47 12 17 84 27 62 92 75 49 29 45 42 15 39 15 78 5 12 12 71 49 9 58 6 8 26 49 36 14 65 73 3 1 77 61 13 70 47 3 44 59 75 44 95 43 68 39 15 15 73 45 64 94 87 9 49 78 31 46 47 68 17 36 79 61 67 0 56 1 45 22 78 28 75 31 87 40 33 46 67 69 100 59 58 5 75 21 45 71 70 70 93 3 55 18 17 16 38 79 1 23 93 69 49 42 64 26 4 48 73 27 3 83 76 75 45 89 3 74 42 90 85 68 76 30 42 65 33 32 97 19 96 33 65 31 42 82 3 46 72 99 32 53 17 8 67 31 61 30 30 39 64 58 29 78 89 1 90 88 28 35 94 42 80 82 27 4 95 6 3 55 46 47 52 22 19 5 60 42 6 58 0 52 34 90 41 24 31 67 11 71 87 30 93 18 73 66 81 29 56 0 49 40 20 3 56 10 36 5 99 86 19 54 43 20 57 63 5 97 65 61 47 37 88 99 16 39 79 11 82 95 59 83 71 89 75 99 54 99 1 24 99 44 12 75 21 3 60 52 26 51 25 59 69 43 72 86 25 3 30 21 24 83 35 48 91 24 38 41 32 75 26 20 51 42 100 7 86 4 85 33 11 36 26 91 39 32 8 2 89 41 84 94 78 81 63 
0 33 48 73 29 70 34 2 42 46 18 88 31 61 9 40 93 93 11 95 90 45 54 47 76 63 73 88 88 26 51 88 61 87 17 7 89 97 56 69 81 93 59 100 44 92 7 83 1 41 95 43 72 56 11 1 54 100 93 8 11 52 15 74 35 71 46 44 83 42 71 100 31 55 76 33 91 90 5 16 86 80 88 71 56 12 58 49 29 100 87 63 57 60 21 99 12 92 60 0 54 96 64 98 30 87 49 31 95 96 93 52 33 59 100 70 13 7 2 54 0 67 10 41 82 27 35 88 88 63 88 6 12 61 58 63 37 63 49 30 14 82 46 51 82 2 65 84 92 86 47 84 30 14 91 46 89 87 22 91 17 77 3 94 61 13 47 27 17 4 97 61 38 93 33 2 2 57 98 4 78 60 57 18 84 82 19 81 30 70 75 14 27 52 68 97 75 75 11 93 83 75 35 66 44 1 74 14 66 96 81 92 10 69 2 52 57 36 9 45 95 55 75 60 37 80 52 79 58 53 89 15 2 12 84 63 11 0 57 85 84 50 63 67 31 52 95 46 80 34 95 100 78 49 4 82 71 74 16 57 41 35 18 85 6 21 73 36 18 28 73 42 97 61 27 50 3 27 2 48 6 13 40 7 46 71 56 16 26 14 23 57 56 6 72 36 85 1 10 12 58 18 51 59 34 5 56 81 71 1 31 6 5 86 26 29 55 61 77 50 16 42 27 44 78 69 97 78 23 94 24 44 88 25 8 38 5 15 37 27 14 78 59 48 10 61 48 42 17 77 62 8 62 49 1 42 25 45 89 52 32 59 95 5 65 24 96 96 64 86 29 91 11 26 56 46 42 55 73 54 35 24 18 52 66 31 16 68 97 99 83 47 91 41 60 87 84 9 49 52 
16 36 22 59 9 16 88 11 8 93 17 54 93 80 99 69 97 9 39 6 41 76 42 91 35 50 17 19 65 57 44 75 51 86 58 1 69 35 57 15 29 80 1 50 14 6 21 68 43 59 16 93 66 93 50 52 4 86 66 35 75 24 28 55 2 47 5 3 22 93 88 27 77 54 31 58 60 11 39 5 45 70 42 23 60 39 84 40 53 64 28 64 76 92 69 9 33 8 3 88 51 9 50 90 37 65 99 11 82 21 79 37 42 35 75 80 14 65 3 17 78 30 32 74 58 77 98 90 31 53 31 21 22 93 38 30 100 48 42 83 90 71 7 70 76 37 89 81 92 95 3 10 79 57 54 91 82 90 70 23 88 3 71 83 76 60 93 55 97 40 6 66 68 48 43 97 46 4 92 36 87 13 61 2 57 54 80 64 91 92 54 7 25 63 20 95 76 63 12 95 37 72 36 18 41 0 22 22 25 57 26 11 1 14 5 14 53 49 30 44 68 98 29 17 94 56 100 32 26 75 70 24 7 50 13 74 15 18 48 87 81 28 9 38 41 84 43 71 16 57 51 97 89 37 48 92 14 27 55 15 60 18 51 6 40 42 61 9 64 36 60 55 58 30 45 81 74 86 41 65 50 10 77 19 61 43 66 68 32 2 64 21 46 47 15 1 68 98 22 64 41 45 22 2 72 78 60 16 84 78 33 63 58 29 49 73 56 86 33 45 32 4 64 13 70 80 7 67 11 6 17 36 7 84 24 100 97 84 97 38 32 10 53 45 0 17 78 58 90 58 14 8 84 67 72 8 75 32 35 45 20 77 20 99 94 58 63 43 32 45 75 34 22 44 34 66 17 88 73 71 49 55 85 90 8 60 77 21 98 65 49 17 3 94 60 36 5 83 1 86 
100 37 19 22 4 89 12 80 83 32 96 10 73 84 28 4 6 98 25 82 97 77 57 23 93 28 69 91 25 27 35 77 91 84 24 31 78 31 13 87 38 53 60 25 21 87 1 28 52 90 91 26 95 64 40 5 69 48 47 97 35 99 89 22 7 76 90 4 52 52 36 46 50 100 53 59 40 41 52 66 27 36 64 48 41 93 83 21 3 42 52 80 1 31 47 68 38 76 77 91 49 31 77 62 88 0 8 83 79 14 57 13 61 32 17 49 38 20 73 14 46 82 23 96 20 83 4 69 50 52 52 25 12 99 55 88 16 29 35 33 62 25 82 69 24 96 55 20 20 28 24 59 87 64 90 92 35 90 95 17 44 67 47 42 21 49 67 67 59 16 4 30 35 88 5 97 75 58 15 15 5 75 65 58 34 77 90 14 13 89 9 27 6 99 87 6 94 70 24 84 45 97 73 71 47 40 38 85 37 25 28 60 50 71 64 30 8 89 86 76 23 21 20 84 13 41 6 52 67 29 31 86 39 6 44 66 21 71 41 53 6 10 90 46 77 76 81 9 22 99 31 92 75 20 93 64 58 70 68 91 37 93 73 49 99 93 79 59 77 43 70 59 55 97 54 60 10 54 82 39 9 68 75 73 82 73 6 5 74 36 59 82 60 35 21 86 88 47 95 17 97 97 3 29 86 33 85 46 14 100 94 47 88 68 71 9 32 11 57 32 31 99 2 89 20 46 90 75 53 23 67 7 36 20 16 89 99 94 75 39 79 49 87 29 86 41 5 12 18 62 39 88 18 72 76 78 80 66 90 35 96 54 59 42 25 58 69 77 45 75 94 28 98 13 2 7 87 19 59 29 36 22 65 85 62 1 63 64 40 52 74 74 11 83 34 22 7 89 1 1 
61 31 0 41 30 28 49 11 47 0 54 75 57 24 84 56 81 47 88 46 80 31 89 2 9 38 66 79 48 25 7 52 25 86 54 36 74 92 47 2 88 100 34 25 36 22 20 60 50 14 70 43 21 43 64 40 13 98 78 16 69 30 90 24 26 67 61 58 100 42 62 87 57 55 72 95 45 80 38 49 85 43 12 26 27 33 30 5 62 34 51 75 84 55 35 1 31 96 10 97 23 19 45 57 82 97 75 5 56 5 11 23 77 87 77 82 92 44 31 37 86 39 72 74 13 60 41 71 14 4 62 82 40 48 41 34 93 23 78 19 55 20 89 8 3 65 77 64 17 2 67 97 12 58 13 90 91 17 36 60 19 92 75 37 87 69 13 92 71 50 28 71 34 49 87 33 88 26 25 51 55 7 84 93 39 9 50 1 15 12 68 51 3 33 72 40 79 48 13 62 24 16 80 80 88 30 9 56 5 32 19 79 84 14 58 87 100 92 53 62 89 33 63 90 50 88 42 40 82 14 73 5 33 18 68 74 70 80 32 4 56 10 83 20 49 57 80 18 18 25 20 6 91 1 52 6 35 74 50 87 11 29 85 15 60 29 2 31 30 7 17 45 71 55 22 13 83 8 27 100 51 7 89 92 19 25 25 8 9 34 21 68 12 57 80 43 32 12 3 14 4 50 90 13 69 86 98 30 23 73 99 56 12 17 53 96 61 79 82 96 87 63 3 39 68 95 69 59 64 42 6 68 99 16 97 89 95 45 100 71 91 58 98 85 100 78 36 83 46 76 94 85 68 73 56 29 31 94 60 2 28 97 22 5 96 39 2 39 30 99 66 45 18 87 36 57 6 74 75 82 85 42 94 43 12 83 63 85 83 35 4 76 37 72 50 93 72 9 38 47 
61 41 93 35 67 17 49 37 62 14 9 24 62 22 91 2 99 39 69 79 55 62 29 36 38 79 71 30 30 96 82 97 80 92 17 65 84 13 49 68 13 100 76 82 37 61 7 54 71 78 64 79 26 85 99 21 75 67 6 0 98 5 86 18 57 34 81 77 42 17 25 93 27 90 18 8 72 73 97 84 97 5 63 7 35 39 66 43 99 94 33 5 91 21 11 93 29 52 22 56 61 1 70 67 44 97 3 9 4 80 42 15 76 7 69 24 91 68 15 56 32 73 96 29 53 100 50 34 91 76 44 71 69 99 8 69 9 23 47 69 67 97 82 26 62 99 45 50 27 95 78 76 84 22 58 65 37 30 36 21 72 66 83 96 82 49 83 19 0 28 46 52 61 64 38 9 80 12 78 11 49 78 42 22 90 82 49 32 49 96 35 56 69 19 25 4 7 4 51 35 84 28 71 4 72 15 83 62 17 97 68 14 69 42 51 81 3 63 5 59 47 86 50 42 26 65 57 86 53 42 50 81 65 33 62 11 90 93 18 48 70 69 0 98 29 34 54 94 29 38 59 49 23 93 87 76 75 27 95 33 79 50 56 85 1 31 22 20 65 82 70 77 34 10 5 16 81 56 69 1 42 6 73 54 13 96 20 20 51 53 27 66 94 30 33 18 25 13 47 50 50 80 59 70 20 86 73 33 70 1 34 56 79 36 21 54 90 64 68 86 9 34 54 42 11 58 28 4 72 23 98 28 36 48 35 7 2 48 44 17 52 40 35 84 13 27 85 29 64 10 28 93 41 3 41 48 40 54 55 62 70 41 91 92 35 0 52 33 63 0 92 67 44 76 47 2 98 79 0 7 46 48 65 58 17 94 38 1 4 54 47 50 77 51 63 84 89 13 75 51 
89 76 99 11 59 46 95 29 54 47 82 80 43 17 90 93 79 67 67 70 8 57 8 17 51 59 57 65 27 35 80 71 14 58 29 6 43 26 16 62 52 59 42 9 2 79 43 44 1 95 93 75 76 79 16 23 94 4 39 91 58 76 34 84 66 39 44 60 76 80 90 83 68 98 99 20 68 21 24 98 67 42 40 73 52 73 13 72 31 42 75 88 48 49 24 47 52 0 72 1 67 86 44 20 75 19 45 80 43 12 17 69 79 3 69 100 39 5 81 42 4 40 10 42 11 9 56 15 8 20 73 39 6 78 17 84 18 15 9 83 60 60 69 13 48 23 55 35 40 52 79 73 20 22 38 19 23 2 76 98 83 23 63 42 59 79 31 49 89 13 36 15 97 77 4 56 93 53 43 51 83 38 61 33 15 39 45 58 53 88 6 62 42 50 33 41 43 12 90 95 74 26 37 38 2 12 65 33 69 97 56 15 15 20 49 48 13 68 60 53 55 44 0 3 82 16 16 99 37 100 73 41 8 79 57 90 30 64 36 51 15 59 74 85 78 93 21 49 60 47 45 12 55 84 71 96 72 21 30 90 52 78 41 35 90 84 28 78 66 9 67 18 13 25 90 27 4 15 38 4 48 27 95 65 24 99 99 37 48 37 58 67 31 60 18 0 77 10 3 95 9 16 3 33 84 24 51 96 77 57 46 36 10 19 60 76 42 99 52 83 56 63 38 85 22 66 82 23 79 11 27 98 83 72 67 77 66 58 52 22 20 41 11 17 66 95 49 3 14 42 21 35 43 4 15 28 41 52 64 82 6 98 21 81 95 80 5 52 74 20 2 100 51 0 34 68 70 29 87 51 87 56 71 88 74 11 97 70 35 8 74 41 7 89 87 57 37 74 89 73 
60 76 19 55 4 24 74 16 46 98 78 90 13 4 64 69 36 19 33 96 25 92 56 60 38 89 13 67 20 14 95 18 38 72 37 87 12 75 26 44 40 48 57 57 90 11 54 26 25 96 19 21 5 90 24 26 53 24 7 0 65 40 47 96 25 19 51 37 58 49 79 78 48 30 89 75 37 19 64 37 42 15 95 92 9 83 19 9 84 13 60 4 75 5 3 9 96 58 40 59 6 79 1 50 78 46 50 1 46 11 47 83 43 92 27 88 31 15 16 40 29 98 92 45 91 41 67 34 73 10 14 45 92 8 66 78 42 28 56 82 52 4 29 33 99 70 17 16 72 5 15 48 81 68 4 65 1 10 25 29 52 33 26 80 96 2 24 31 75 43 25 65 19 8 64 26 76 82 2 30 88 20 59 71 40 36 10 31 26 33 53 35 96 24 97 50 8 74 76 11 11 32 75 72 85 15 97 26 60 24 72 1 91 54 13 56 0 64 62 38 82 54 8 42 55 54 80 14 46 4 51 92 100 76 78 94 85 50 45 70 43 68 82 28 67 16 38 58 37 39 67 25 91 4 71 43 38 36 10 97 50 49 4 26 66 88 74 76 48 92 87 22 89 35 78 60 44 83 86 24 68 81 75 31 72 44 32 31 73 96 57 25 80 74 71 5 21 52 69 4 70 67 72 44 36 65 13 34 85 65 52 74 15 55 71 8 33 56 79 29 18 5 22 11 1 25 85 97 71 49 33 29 79 68 78 9 43 84 68 62 24 89 38 14 39 55 82 0 16 35 32 65 7 80 95 48 74 97 65 30 12 51 7 36 55 97 95 72 76 32 74 52 42 71 39 76 90 19 10 31 30 56 42 92 74 6 2 44 92 80 64 39 15 100 30 56 21 52 60 93 
55 6 28 70 4 77 38 40 69 63 19 62 32 33 99 88 50 72 46 69 33 75 67 13 23 12 80 54 34 87 73 62 57 94 3 24 61 56 37 1 96 1 28 38 45 100 51 65 79 9 99 93 68 76 60 49 64 43 57 77 11 60 7 79 80 71 6 79 66 34 82 51 77 6 75 32 36 25 56 80 61 96 63 95 55 87 19 55 53 19 85 17 26 14 75 14 72 77 99 70 13 11 19 73 11 86 42 55 2 13 2 34 71 71 76 81 16 11 83 97 12 65 0 34 3 10 75 24 6 61 12 72 46 54 56 50 29 89 10 0 78 56 28 38 85 17 92 56 30 80 56 58 85 89 3 14 88 51 19 98 4 98 15 60 44 1 13 28 1 65 4 25 52 31 48 58 94 80 87 22 90 46 26 42 15 81 89 94 68 54 94 8 29 56 63 47 97 25 40 78 56 93 20 89 82 42 31 25 48 64 32 97 30 68 38 31 43 62 14 38 12 10 33 70 32 11 94 29 87 26 73 93 54 32 63 21 39 95 14 89 86 94 52 3 28 11 2 22 90 18 34 45 67 7 21 92 78 40 52 64 2 80 24 9 73 72 60 77 4 47 2 45 73 49 42 38 17 62 25 65 10 34 60 86 22 90 73 47 16 51 17 98 31 91 98 92 69 17 28 21 85 3 28 35 67 46 58 4 11 11 1 95 5 84 8 25 65 72 28 58 21 25 52 5 16 0 37 24 92 95 99 91 76 48 78 90 6 23 43 89 18 43 44 8 34 20 20 13 69 57 50 14 51 50 97 48 33 3 26 33 11 8 58 18 11 67 38 60 7 38 3 77 4 57 17 3 42 31 55 8 14 83 81 2 52 28 53 57 52 89 85 54 38 8 4 85 40 9 88 58 
79 32 77 10 51 6 75 81 89 5 96 4 68 21 71 34 66 5 48 12 66 98 23 6 47 50 80 52 15 6 32 18 11 33 23 37 29 71 90 89 17 80 100 18 64 65 63 37 77 29 9 89 100 55 83 66 74 86 32 93 43 79 33 75 0 50 89 83 19 75 47 53 4 17 13 93 76 54 78 54 40 55 3 99 94 55 87 72 53 60 87 71 51 50 0 16 54 78 75 95 79 18 80 52 23 17 98 80 67 88 0 78 21 27 32 42 66 42 30 24 17 23 23 2 97 70 13 58 93 32 55 88 53 22 90 2 10 7 52 70 35 57 96 36 55 88 53 44 8 15 9 59 58 80 99 42 50 74 33 95 97 62 55 54 80 8 15 64 36 83 89 48 50 24 38 64 4 21 90 64 67 83 85 71 67 36 18 45 22 77 29 26 66 5 1 94 91 72 43 78 41 9 74 30 55 18 89 38 89 19 72 75 53 34 1 74 47 54 64 77 10 31 3 38 61 85 88 2 31 2 91 40 97 72 9 78 26 34 82 78 95 11 67 29 62 36 56 60 50 73 18 54 22 58 56 33 70 48 78 88 21 98 15 4 66 37 17 93 47 15 33 28 49 19 41 22 37 39 28 62 1 43 45 87 0 65 65 31 4 38 63 49 88 26 31 28 3 41 7 73 91 57 24 96 62 33 40 12 73 19 32 13 18 94 50 80 27 98 47 3 53 88 63 38 93 68 6 23 51 24 21 78 35 0 15 57 88 61 0 15 79 84 22 25 15 56 73 5 34 39 43 66 66 74 90 42 0 67 61 12 95 90 43 66 31 82 90 79 51 63 78 10 10 21 78 90 58 66 61 5 32 31 71 30 51 30 81 7 65 43 23 7 29 77 76 10 34 85 22 15 
18 83 53 70 34 75 7 73 69 43 29 22 26 80 100 99 78 32 88 32 20 12 76 46 80 93 99 14 87 2 95 36 10 39 57 61 91 50 17 46 99 54 31 88 33 87 32 9 56 77 63 9 8 47 52 39 52 91 41 84 23 20 22 89 54 91 98 51 57 30 91 11 60 88 82 0 3 4 73 53 89 98 44 51 84 90 100 46 48 0 0 14 3 60 80 73 21 60 47 15 100 6 41 71 39 100 56 50 90 34 84 11 0 68 24 38 0 7 64 31 95 16 61 6 60 18 99 25 2 11 17 8 54 17 40 70 53 28 4 38 78 40 90 82 39 3 0 2 68 92 95 53 31 37 19 71 63 21 7 24 10 49 70 66 6 34 48 45 79 7 90 73 88 61 44 11 97 29 20 28 71 21 83 17 57 52 22 60 8 12 78 98 78 66 18 96 2 74 98 53 15 7 22 57 84 85 16 100 44 12 36 70 23 70 89 10 40 5 99 86 26 33 95 95 99 37 54 57 22 12 96 29 19 24 31 79 68 67 80 85 71 35 40 65 60 31 55 97 54 32 0 100 60 51 4 60 99 61 11 84 75 47 11 35 14 83 6 78 69 51 75 95 28 3 15 15 99 46 54 20 64 29 41 22 27 28 39 9 1 22 1 34 78 22 3 72 3 78 68 65 80 11 25 12 28 8 84 51 44 5 57 23 20 72 99 99 85 89 49 37 65 28 25 62 34 42 69 39 83 13 91 3 83 43 54 10 56 1 59 64 59 65 42 39 74 35 31 23 90 69 3 66 72 72 69 84 83 35 15 73 53 69 100 16 42 94 67 9 78 16 23 46 22 72 57 80 87 92 93 100 64 61 72 59 81 66 29 94 30 60 29 56 48 13 19 88 20 96 60 62 
22 83 57 3 0 46 9 66 75 79 41 49 71 66 79 30 38 36 47 67 27 30 71 28 74 86 78 8 85 76 48 83 86 94 43 51 95 52 46 6 11 56 89 100 7 4 61 38 76 90 94 92 90 35 72 86 62 49 51 91 38 10 73 6 36 66 74 89 3 1 28 4 70 68 97 14 16 78 94 42 79 78 1 78 40 34 70 30 89 10 41 33 96 64 41 41 26 6 84 56 32 70 10 2 60 70 99 55 26 43 96 60 80 25 8 27 76 55 100 31 90 38 82 84 1 59 53 18 20 34 11 76 55 6 27 28 94 46 4 49 10 57 78 76 21 87 77 79 12 48 95 89 80 39 0 58 51 63 94 83 6 63 50 4 68 60 88 42 78 83 41 13 97 95 5 50 88 49 87 79 51 86 85 63 50 88 39 19 20 53 70 93 49 55 66 10 95 32 7 27 96 29 58 51 66 13 88 43 28 29 20 25 20 93 66 97 98 7 22 15 84 88 55 6 85 6 8 95 41 85 11 21 67 9 57 69 100 50 19 0 46 95 82 39 87 65 75 25 19 20 86 81 89 81 65 40 67 17 30 38 58 79 41 85 22 59 20 42 22 88 5 0 48 100 86 37 1 57 89 29 64 13 6 1 63 63 62 48 39 71 17 97 29 71 7 69 94 81 100 95 75 65 100 77 64 76 2 61 92 98 9 66 76 64 52 89 53 93 11 21 71 44 67 74 26 36 90 33 21 17 4 25 39 80 26 29 12 93 24 57 39 57 61 71 75 97 71 60 72 45 87 63 7 87 40 13 32 4 40 91 25 80 63 32 35 60 60 4 5 58 92 68 55 51 54 15 79 14 62 36 31 93 47 84 51 23 61 16 19 36 48 57 62 64 78 53 91 98 61 88 
12 86 62 70 42 24 99 13 76 65 85 23 49 30 84 83 6 52 67 64 78 88 29 82 39 13 5 11 80 21 3 33 78 4 37 38 17 42 31 10 45 50 81 63 98 2 100 89 63 68 18 19 48 93 63 93 31 18 73 98 51 55 75 83 6 62 94 74 40 28 38 9 82 0 73 47 78 3 59 72 100 62 74 78 98 92 19 24 5 98 59 74 40 16 88 39 85 97 42 33 96 27 90 84 41 77 34 43 29 46 56 65 73 25 79 36 20 54 63 66 52 18 95 18 54 16 98 49 69 0 45 6 38 10 80 45 20 3 44 12 79 43 34 9 64 30 28 0 11 4 0 8 8 79 22 35 87 72 63 75 36 56 71 84 94 93 35 69 9 92 62 17 21 38 67 4 71 28 22 79 87 21 82 84 43 24 16 44 53 79 80 65 17 95 32 5 97 11 28 60 10 92 96 14 82 99 55 45 54 7 0 74 24 41 8 4 70 36 28 4 68 58 0 14 81 32 11 33 95 50 59 47 84 88 47 58 80 36 17 37 5 41 25 93 62 7 40 93 66 39 4 47 54 87 38 68 23 52 7 50 75 2 43 34 18 61 46 100 24 75 14 91 14 38 94 47 23 77 0 61 12 92 31 27 8 93 46 9 96 30 68 97 7 85 26 82 12 77 43 93 32 35 70 7 93 81 96 49 55 53 30 75 55 21 61 35 5 50 71 34 33 0 0 0 96 27 90 54 46 22 13 49 54 67 48 25 53 87 61 79 91 69 52 45 63 65 64 28 50 86 5 54 4 41 58 47 33 37 0 69 51 56 45 81 78 38 17 50 4 97 69 7 8 19 26 94 40 95 68 12 21 100 25 11 10 44 23 69 37 60 17 44 90 4 68 33 87 51 65 85 
93 20 47 8 77 65 45 53 53 88 19 73 32 45 36 55 70 48 86 79 19 48 22 89 85 14 26 74 68 31 74 15 53 30 18 4 17 67 98 98 48 5 49 10 74 86 1 16 46 27 44 59 100 19 47 98 88 70 67 12 37 62 50 54 50 95 7 75 58 96 89 87 19 97 78 36 83 66 94 80 19 82 37 15 81 36 88 44 26 41 94 67 54 96 39 60 67 0 40 1 98 71 31 48 80 10 10 51 70 75 43 93 17 14 13 9 81 11 13 99 11 48 62 39 78 96 51 34 28 78 52 9 3 46 99 89 66 91 8 4 0 53 15 62 36 59 82 8 3 98 43 39 7 63 35 79 49 6 99 53 34 16 42 46 80 21 47 14 52 37 3 54 53 13 77 89 41 69 100 31 34 82 42 85 9 49 100 3 12 92 16 42 55 26 37 81 50 78 41 1 16 69 71 1 97 31 55 30 69 4 86 90 28 65 80 40 46 46 72 54 26 7 28 13 57 53 97 82 75 49 69 11 2 27 1 97 50 3 24 23 67 55 78 45 46 45 76 99 26 96 89 75 74 8 54 72 12 65 28 49 96 84 37 57 4 47 59 20 59 14 13 69 14 19 62 87 0 53 17 39 31 68 73 40 65 41 66 90 47 77 73 36 36 14 25 4 70 69 84 73 77 69 27 75 24 7 82 46 91 66 19 38 10 34 8 99 92 41 78 17 38 14 22 12 70 1 41 57 20 59 5 18 49 85 74 54 49 55 83 98 47 99 88 79 90 63 66 29 25 75 86 95 20 35 93 54 75 57 45 50 99 70 50 41 12 64 66 83 46 4 14 7 83 0 66 62 75 57 62 88 8 10 8 51 36 48 76 22 63 40 23 94 28 86 20 45 81 27 5 37 
53 96 43 36 0 66 43 9 23 66 40 62 46 26 60 30 14 55 78 52 86 48 6 8 6 30 96 16 19 73 26 43 7 26 62 59 88 84 1 22 13 87 22 67 81 2 33 22 94 46 98 41 3 11 40 50 62 58 35 73 44 77 30 19 78 41 77 95 47 21 77 93 31 4 46 99 46 64 29 57 53 48 41 62 89 58 61 21 7 53 88 36 39 47 77 12 66 47 74 41 12 4 17 21 61 67 100 61 17 12 94 65 97 62 83 84 84 66 2 84 69 26 72 67 23 72 65 90 25 2 59 60 82 1 9 76 72 45 99 36 45 95 43 9 12 14 87 91 14 76 88 3 17 82 67 92 41 29 61 76 89 100 87 99 96 41 40 13 29 72 51 94 99 37 15 11 45 95 78 73 75 0 51 43 8 92 15 13 18 14 56 28 13 41 66 83 32 41 8 34 7 4 73 12 53 70 9 9 86 27 28 63 76 45 12 61 83 94 51 59 17 6 0 23 81 34 46 35 4 95 58 86 30 27 59 78 98 28 0 43 17 4 97 30 21 22 18 34 31 54 92 88 94 41 45 8 45 0 49 59 66 75 57 61 23 41 98 85 61 21 11 65 14 17 55 94 21 23 15 37 68 83 20 39 76 44 87 14 99 34 7 51 99 21 42 9 47 46 45 42 18 66 87 51 1 15 73 60 81 98 39 94 5 90 40 65 67 27 44 9 6 87 3 33 68 5 54 43 31 39 5 27 68 26 16 94 85 7 19 98 33 17 11 81 56 65 34 28 33 50 69 87 39 71 72 98 67 94 51 49 43 6 17 92 58 20 13 63 42 73 20 69 73 4 85 60 0 92 10 22 91 77 88 96 22 6 96 50 48 55 20 24 4 93 93 68 31 59 67 24 
2 67 55 76 30 38 33 46 44 10 67 99 100 52 84 62 69 83 80 11 72 76 15 66 82 50 28 32 56 30 41 68 42 22 60 22 7 99 51 75 17 87 45 21 64 51 71 19 11 51 57 42 85 16 27 58 34 0 1 46 82 36 46 87 8 69 61 0 28 29 79 85 12 83 85 43 55 62 92 78 39 90 8 67 48 78 57 56 7 43 55 91 41 56 80 21 61 48 55 45 2 70 92 70 52 39 87 23 28 62 12 52 21 28 2 57 66 45 98 88 83 35 28 49 38 64 66 50 39 13 40 4 67 94 80 49 27 48 55 91 6 4 89 87 38 84 87 37 4 54 25 58 59 32 68 92 1 57 53 78 93 86 93 24 11 33 76 1 32 91 28 30 1 96 15 34 33 23 26 20 2 53 55 96 79 99 16 29 82 43 93 48 26 32 93 32 97 56 7 95 2 80 60 33 9 40 9 36 93 74 90 71 96 33 99 38 67 9 77 69 39 21 80 56 69 94 96 3 80 19 47 32 62 30 12 72 51 93 85 99 87 65 76 11 57 18 85 78 95 92 70 64 17 6 40 7 54 96 92 26 48 52 97 92 41 56 82 72 57 29 55 49 87 20 92 96 48 33 94 29 18 40 100 20 15 100 40 78 69 15 63 83 39 9 79 14 87 80 92 24 52 74 86 53 29 61 8 74 83 94 63 85 24 5 8 5 94 74 16 38 36 55 3 97 2 76 23 51 82 79 99 91 34 44 80 41 78 74 26 9 73 18 7 20 76 56 99 35 30 81 96 46 86 81 35 98 48 77 74 96 19 96 1 7 56 66 49 15 82 7 45 60 29 48 27 80 52 50 62 26 100 79 42 0 77 50 31 38 22 28 68 76 52 54 12 60 8 10 44 37 
43 82 55 14 59 19 65 70 6 89 90 55 43 17 82 6 36 95 62 78 77 80 53 45 80 29 86 23 96 34 0 46 50 71 55 64 91 71 15 5 10 43 68 22 75 76 40 84 69 78 53 1 5 40 0 12 22 60 52 100 42 77 58 88 71 95 45 43 13 88 52 75 28 72 39 39 7 48 58 91 36 44 86 47 52 54 47 32 23 14 80 2 81 44 59 3 73 74 85 42 0 31 43 26 41 24 37 36 74 65 48 41 37 52 35 2 41 0 40 3 49 94 17 51 21 47 59 9 5 98 75 96 22 9 56 86 91 97 88 71 68 47 26 30 52 83 17 47 12 89 41 84 15 47 49 4 92 44 99 22 24 0 56 45 93 7 11 88 87 21 32 24 41 43 44 70 21 47 56 13 38 64 11 24 79 99 81 56 60 90 88 84 100 44 87 55 1 24 61 6 28 29 67 97 2 48 54 17 92 53 65 37 15 49 12 88 19 47 10 27 23 46 50 19 66 100 87 74 47 28 61 11 19 20 54 38 16 26 27 18 11 14 100 15 62 5 16 99 83 79 29 57 7 83 63 2 75 71 32 43 38 22 18 7 10 95 43 67 50 42 11 36 3 24 66 31 84 9 62 15 20 46 37 79 11 7 50 45 91 33 92 86 92 73 38 84 88 0 98 81 95 96 81 66 44 70 75 97 42 29 44 8 57 14 33 30 47 23 54 76 38 98 99 87 6 35 43 28 86 39 75 46 33 8 9 0 53 18 29 18 60 72 64 36 57 7 45 55 100 67 53 7 5 15 75 87 30 44 93 1 10 39 7 91 19 91 34 66 15 51 92 62 73 61 82 27 5 86 15 79 2 11 42 1 6 44 5 22 4 41 76 77 82 44 5 23 65 7 2 95 
79 59 63 10 86 53 61 44 28 45 24 57 30 85 66 14 27 41 40 28 27 2 18 47 84 27 54 83 55 30 24 6 55 74 11 41 25 10 0 3 100 18 41 69 82 58 22 20 6 37 50 34 7 80 89 21 97 17 65 94 42 25 26 81 40 66 43 69 18 4 95 88 96 100 60 98 78 51 40 10 31 89 48 90 86 54 49 8 22 98 16 20 22 62 4 90 5 49 46 19 62 20 98 4 90 30 88 7 61 76 8 87 65 39 3 99 3 52 62 26 33 17 93 22 90 9 78 41 13 82 10 40 15 84 95 100 84 64 46 45 4 31 58 89 50 6 78 12 63 90 49 94 2 93 77 77 15 76 57 52 55 2 45 55 100 100 89 78 19 12 28 97 90 36 80 65 68 12 13 2 16 87 6 59 27 98 27 18 83 30 96 90 25 89 91 61 70 75 22 92 39 11 48 72 1 28 10 15 55 57 97 74 56 85 94 1 66 25 92 38 26 49 68 66 41 33 45 75 77 9 83 75 48 99 65 14 31 66 47 90 4 2 31 29 34 26 63 48 50 9 54 1 35 73 91 75 4 58 48 36 57 65 63 96 10 58 50 41 59 91 69 10 44 67 44 24 27 80 23 87 0 88 55 31 7 64 40 0 22 2 25 31 14 53 49 62 95 84 83 34 81 28 10 74 36 48 11 70 77 42 47 40 74 48 66 18 70 14 24 80 69 30 33 76 66 2 98 32 93 25 47 60 66 48 77 20 70 71 70 0 62 66 34 43 43 3 92 95 97 27 43 90 45 41 93 74 81 54 95 56 95 26 63 94 87 87 78 51 93 8 62 48 96 15 72 51 41 24 68 92 58 13 27 46 7 34 29 46 83 59 93 1 42 30 76 30 72 15 48 98 
82 0 26 91 43 50 78 32 18 30 27 51 10 65 19 65 55 50 21 26 31 63 61 1 47 58 67 15 85 17 34 76 67 11 29 39 89 55 0 72 13 60 74 9 94 16 4 9 92 92 2 86 100 100 27 8 61 28 85 29 19 11 8 52 67 91 21 57 39 88 30 91 54 24 41 84 97 100 70 71 36 37 81 59 89 24 30 0 32 65 39 78 55 81 98 91 99 3 97 17 57 17 94 87 67 45 60 60 98 26 95 54 10 34 70 22 60 26 81 82 59 76 83 14 71 4 76 54 23 41 17 6 30 86 91 52 24 92 15 83 63 41 23 41 70 13 75 8 63 87 14 0 95 10 74 45 15 29 74 93 3 17 42 53 18 62 79 43 22 0 91 42 58 83 74 60 6 26 93 86 10 81 97 12 88 0 18 81 28 95 3 79 49 88 47 25 66 88 99 44 77 41 53 88 76 86 19 94 9 95 4 78 49 42 57 15 85 1 48 28 0 72 93 52 66 35 87 49 59 67 85 94 41 37 51 13 22 53 26 51 93 89 95 94 84 33 6 34 90 72 18 84 68 87 26 36 98 45 47 33 21 34 18 22 45 32 19 5 65 21 60 13 24 49 44 6 81 92 63 44 1 94 28 80 53 61 79 67 42 57 22 67 43 21 68 36 59 43 79 57 93 70 33 11 27 94 61 67 89 94 57 5 90 47 69 74 91 89 90 52 13 48 21 23 22 62 79 0 44 29 31 37 92 47 38 62 73 95 12 41 45 44 28 3 1 29 20 27 44 29 34 48 25 82 7 7 67 2 25 3 79 31 63 90 53 32 43 67 21 28 14 15 43 90 39 9 93 19 0 43 9 96 45 38 7 89 7 64 11 47 14 60 63 69 2 96 58 98 33 89 
88 67 56 30 100 34 21 18 8 11 81 90 74 49 73 88 82 52 9 36 84 90 100 50 83 76 44 17 26 65 8 3 76 96 19 96 70 87 3 100 60 47 76 67 20 26 74 80 88 29 32 92 5 100 50 27 63 38 15 95 2 78 75 5 17 81 86 69 1 29 80 63 38 41 3 61 56 37 63 49 25 70 22 23 50 83 14 21 16 28 10 32 87 36 62 5 47 75 17 27 12 89 18 2 33 49 24 83 16 75 29 34 31 35 71 31 83 13 21 76 72 51 42 22 40 100 48 19 81 9 20 78 61 46 74 93 71 24 22 18 47 26 4 3 45 36 96 1 6 43 19 65 13 86 54 44 62 8 47 100 5 50 87 15 82 62 26 11 11 18 45 68 38 92 70 55 54 40 1 35 38 39 10 35 22 38 95 22 50 76 14 89 8 93 0 36 71 16 21 49 87 71 91 23 18 72 55 6 93 39 48 95 34 21 61 91 46 58 32 8 13 1 17 62 38 9 43 65 9 61 87 40 84 34 77 50 72 0 31 32 94 79 91 74 33 1 12 80 21 92 70 91 79 100 78 93 85 13 51 90 13 1 55 70 94 25 69 40 62 42 55 70 97 60 97 38 86 85 73 35 62 37 18 46 54 8 19 11 91 71 28 39 8 3 15 63 10 89 32 39 7 36 75 8 38 75 4 53 24 3 26 0 61 55 33 68 82 53 42 3 60 94 8 85 49 22 96 19 79 42 69 67 42 36 44 20 24 60 14 76 91 73 69 29 84 21 43 37 26 9 89 33 89 1 8 97 25 10 86 38 14 40 11 21 67 5 12 24 99 6 13 23 11 93 12 20 22 37 92 58 75 35 36 60 50 31 20 67 22 64 8 0 84 44 17 89 8 74 66 16 
81 92 19 66 9 58 76 73 91 76 12 10 72 96 86 41 72 66 9 28 13 55 6 8 20 97 96 30 97 84 92 80 75 64 87 30 58 85 67 10 23 66 74 60 79 90 60 64 16 21 26 21 94 88 67 20 39 36 2 2 23 28 80 7 36 46 34 82 39 14 28 12 98 44 15 4 39 67 87 74 45 0 43 92 26 59 96 86 87 96 29 79 53 65 47 93 64 81 62 50 22 92 66 79 70 84 91 86 89 80 44 9 77 73 72 43 28 48 8 7 14 20 97 65 19 51 86 11 68 94 10 54 80 84 94 37 5 80 24 100 72 2 90 21 27 31 57 45 81 90 96 51 96 9 5 19 9 32 32 24 72 96 69 89 23 5 9 80 9 44 19 14 39 79 94 12 20 61 34 54 42 99 18 94 69 44 95 24 21 84 38 93 29 16 95 33 61 7 64 25 45 56 53 42 86 65 85 33 21 77 50 87 59 95 97 47 82 79 81 100 74 75 25 0 83 44 81 15 47 79 49 75 72 90 20 67 82 77 38 27 52 13 54 59 96 83 82 56 91 31 13 10 41 16 8 64 86 37 63 72 27 63 8 91 72 16 75 67 16 3 14 39 36 94 16 14 13 93 49 16 92 8 76 0 31 42 37 44 99 47 52 92 76 29 38 43 1 37 35 77 41 55 62 23 87 59 13 26 73 3 96 68 37 88 38 82 67 52 94 96 63 1 45 8 32 34 44 50 94 2 69 2 61 23 36 66 78 37 7 49 33 10 63 40 23 42 96 89 53 9 34 95 98 72 39 50 13 81 69 63 90 82 98 57 88 22 71 83 14 20 70 18 5 20 50 6 64 53 98 1 9 58 51 46 55 35 86 71 3 7 82 44 73 64 4 5 12 96 2 58 
26 10 90 90 12 25 73 33 86 11 1 93 2 79 72 14 15 100 7 80 3 73 51 26 49 13 59 17 36 43 49 66 72 22 7 75 33 31 97 40 88 28 96 38 93 55 42 27 75 62 99 0 51 43 95 33 14 31 13 64 61 31 50 70 31 85 51 65 95 88 82 70 37 29 73 75 41 31 42 95 20 76 9 50 47 61 72 22 70 72 57 3 71 61 2 80 38 24 42 74 59 80 39 100 12 38 85 70 47 23 84 44 23 14 63 13 71 50 2 3 5 95 73 64 14 95 29 34 89 10 66 99 57 27 33 37 60 84 68 20 41 5 38 32 100 36 20 91 30 47 81 43 67 70 25 83 69 7 80 96 61 71 18 73 48 30 90 85 64 54 10 61 61 69 71 11 61 17 30 92 65 4 1 29 4 76 75 51 34 40 90 60 96 29 92 34 40 56 94 45 19 83 89 79 86 78 57 29 24 25 21 77 63 58 26 68 64 16 49 82 10 45 23 61 85 66 81 23 23 36 24 75 8 77 40 59 56 14 53 45 67 34 11 98 44 58 76 34 80 46 11 17 82 0 93 15 31 37 58 64 74 8 2 90 66 70 39 83 24 75 92 70 48 20 79 87 34 75 22 50 99 11 83 8 76 8 51 76 81 11 47 52 95 33 19 41 27 8 84 72 87 31 8 68 44 2 91 64 89 19 73 38 62 58 74 7 38 13 16 22 75 0 8 87 90 16 91 86 68 90 2 83 95 11 63 49 75 6 30 48 69 70 36 70 53 23 5 86 78 31 5 82 34 78 16 58 4 49 78 76 12 63 74 54 100 60 51 46 84 77 41 32 2 39 53 54 45 18 25 38 88 8 67 94 3 27 86 6 67 83 26 31 11 11 77 94 80 61 17 9 
4 14 81 92 97 89 11 19 55 96 56 95 41 62 65 10 60 3 50 15 3 98 16 63 16 22 45 67 83 64 6 48 83 56 37 39 4 80 64 60 22 0 41 20 43 63 83 75 94 8 29 25 41 81 83 85 18 17 2 18 90 79 78 26 96 72 17 19 53 80 74 84 15 69 7 62 25 98 12 90 86 40 35 63 83 63 70 64 77 62 10 85 9 46 81 39 91 20 24 72 53 91 79 17 26 53 32 88 93 95 77 19 85 4 26 26 12 43 23 18 29 93 40 7 73 27 90 31 84 89 71 18 11 62 47 36 53 73 12 55 56 67 13 65 43 51 72 21 43 47 35 58 18 90 69 76 37 19 26 69 56 100 17 32 8 84 69 40 56 43 98 85 68 8 31 10 11 15 66 6 90 94 87 72 59 65 28 31 52 99 3 44 61 64 94 51 93 12 78 43 61 94 99 100 51 6 43 93 77 29 27 93 94 80 95 61 20 62 64 83 68 18 55 39 29 28 30 82 76 33 40 84 81 52 90 73 30 24 30 23 29 26 9 7 1 12 42 88 40 39 34 72 45 27 27 40 54 71 87 89 48 62 16 32 4 83 44 14 19 0 18 91 7 11 68 18 24 82 2 42 15 12 29 71 18 88 48 54 64 1 46 8 82 69 59 19 94 6 93 0 95 11 97 9 64 11 51 68 46 40 28 51 62 12 28 75 62 61 99 92 45 99 47 38 94 49 55 45 76 96 41 93 85 7 63 68 82 37 0 15 6 87 78 93 30 61 39 97 14 68 20 72 22 28 64 95 8 44 51 15 25 65 93 67 67 52 78 22 35 29 67 23 15 89 56 2 49 16 81 63 22 6 15 84 92 63 21 78 44 9 20 47 71 26 58 49 92 59 22 65 
33 56 46 11 14 80 4 94 42 60 51 8 47 66 72 29 32 61 78 25 39 78 100 2 50 22 22 48 54 91 32 7 10 57 47 28 20 28 28 54 65 24 62 58 95 81 44 67 6 84 12 62 66 94 43 84 79 99 4 22 36 43 40 64 2 81 96 37 58 23 6 53 18 23 52 15 56 88 94 39 67 86 90 89 53 24 95 0 41 69 50 34 94 43 50 66 36 90 8 70 89 30 73 91 10 86 47 16 25 44 83 93 48 61 92 39 46 2 58 33 92 39 94 43 80 63 74 31 67 70 54 30 3 42 10 87 12 27 78 94 68 85 89 49 4 71 40 76 98 6 7 98 60 92 40 95 71 97 3 71 85 45 18 17 30 47 9 80 35 8 72 75 3 9 55 77 41 61 2 93 50 35 32 19 92 4 77 58 9 20 17 73 99 17 2 0 88 85 19 14 63 29 34 23 47 97 53 60 56 55 91 46 53 79 19 87 74 25 3 86 61 100 58 7 33 3 44 61 93 58 54 31 32 36 66 100 93 92 32 58 24 67 70 62 34 0 13 70 45 70 45 91 79 86 67 77 81 35 11 33 42 28 83 66 62 8 73 35 18 67 22 52 6 34 99 13 60 21 24 27 53 13 52 78 27 3 35 87 42 69 50 61 61 77 57 90 86 28 75 16 72 36 72 36 40 46 1 59 0 75 81 85 50 12 99 27 30 68 74 24 42 19 57 46 16 73 32 81 96 78 1 20 84 75 9 78 33 86 43 15 77 71 12 61 50 47 13 25 16 18 57 21 67 39 96 86 58 95 92 41 30 63 36 57 66 88 61 11 33 38 7 94 36 28 63 47 80 76 66 79 57 6 27 39 91 84 25 53 7 6 75 34 99 58 38 23 31 31 23 57 
92 82 4 54 70 34 57 71 74 97 3 44 30 9 69 69 53 70 22 86 86 27 68 91 29 46 43 18 20 76 10 51 86 14 23 35 17 26 33 48 87 53 65 7 63 85 25 71 50 9 19 32 56 27 1 6 46 65 63 52 100 79 19 54 45 6 48 45 23 97 80 54 94 11 4 18 19 88 0 72 34 47 28 48 52 46 90 67 53 27 51 68 0 60 100 14 34 0 68 69 64 82 50 63 40 50 14 63 11 12 83 16 28 85 66 92 78 1 42 6 30 45 93 42 28 100 46 22 59 15 94 13 43 38 28 80 92 26 78 4 48 57 40 84 89 11 17 94 11 28 48 57 61 33 89 67 72 2 79 0 46 48 72 14 45 22 29 33 44 84 18 35 28 60 38 11 33 31 84 13 41 54 79 32 38 12 6 37 44 58 84 6 54 63 8 36 2 4 72 67 22 66 56 26 18 60 37 63 60 3 27 51 24 36 98 51 47 73 98 44 61 42 92 9 87 3 45 35 4 36 34 73 73 100 1 62 90 52 19 52 93 9 50 72 8 54 92 15 3 79 70 64 98 57 52 63 49 87 55 26 20 49 8 92 93 2 30 78 61 32 77 88 49 53 58 96 43 49 18 66 51 84 88 10 50 59 29 49 93 85 88 84 86 29 94 15 97 15 2 74 20 12 78 7 31 17 12 65 94 23 90 5 61 21 30 80 37 91 78 4 36 94 38 29 96 97 21 74 76 64 100 35 9 6 36 96 27 9 43 75 26 38 25 54 99 72 29 65 62 88 97 76 72 29 24 26 25 57 99 95 97 5 27 39 40 34 85 12 21 84 9 89 87 52 58 68 98 61 28 31 69 26 98 61 7 63 47 10 82 87 55 17 59 32 64 39 13 25 10 26 
85 6 64 76 89 95 24 92 96 15 80 80 20 66 60 100 7 34 48 55 62 43 91 21 86 31 22 76 72 12 6 91 43 21 36 52 31 84 95 63 41 40 41 2 77 84 43 61 47 65 37 24 58 22 62 19 2 12 41 19 89 1 73 89 49 40 99 34 85 80 31 86 44 67 1 11 23 34 91 73 12 82 89 4 92 0 46 53 1 40 60 42 72 53 0 54 98 42 59 100 68 69 82 97 62 19 69 85 14 18 2 73 79 23 20 16 22 23 58 81 15 68 44 59 29 96 44 65 70 81 14 4 37 28 46 6 93 88 73 49 45 78 39 76 48 53 49 74 58 24 83 8 10 32 73 3 76 84 43 92 17 10 3 25 67 33 44 24 3 90 55 52 70 45 37 83 35 92 51 27 16 9 96 99 1 55 13 83 28 75 100 7 36 63 97 63 28 28 84 99 37 97 55 8 18 99 23 33 60 40 78 1 48 75 67 90 53 80 90 20 3 59 57 46 13 12 51 96 15 95 3 67 9 39 48 13 77 100 58 79 28 54 63 36 24 15 61 45 68 20 0 37 82 71 95 76 18 8 59 93 99 31 67 42 76 92 59 49 88 94 44 36 39 48 12 18 34 2 22 29 38 93 10 0 27 34 75 23 87 20 87 17 4 62 82 19 93 67 34 44 75 50 54 52 90 82 39 63 58 95 85 55 67 40 82 65 72 32 84 27 35 91 60 49 23 59 21 61 28 83 55 81 63 94 21 75 0 65 33 16 51 31 55 84 64 49 61 75 34 21 35 27 43 97 88 62 76 64 91 18 48 15 1 39 29 67 98 71 9 93 28 89 58 3 36 64 71 58 39 35 94 11 77 88 4 2 59 54 27 25 17 44 96 59 62 46 26 31 25 30 
76 55 71 72 15 75 6 52 98 8 79 45 29 22 99 84 57 5 66 44 20 16 91 89 25 44 74 86 52 87 84 42 50 50 79 99 20 15 59 65 3 15 70 57 77 42 68 59 60 35 62 69 26 51 63 93 25 26 5 2 9 16 38 68 92 52 37 96 30 73 22 100 21 57 66 44 22 26 27 18 33 32 82 61 96 51 60 78 58 87 28 74 46 100 6 85 21 100 93 23 88 44 9 11 92 15 17 18 11 99 33 19 28 99 89 55 28 85 55 61 75 31 67 53 54 40 43 15 39 87 75 36 100 30 63 69 51 14 99 78 78 8 25 80 9 96 55 58 97 57 10 13 4 79 24 78 89 53 49 57 76 84 54 61 76 84 86 19 32 81 21 16 49 1 86 27 79 7 78 73 66 60 44 63 81 33 95 25 51 49 78 27 97 55 22 18 63 16 26 20 96 16 6 37 51 11 73 73 57 73 55 23 86 75 39 9 60 84 69 19 67 78 48 85 54 40 17 18 52 30 55 87 59 20 78 10 73 100 8 61 28 27 8 82 17 28 89 8 26 44 17 36 79 27 17 17 34 45 60 36 30 34 41 23 40 16 76 99 5 37 69 55 63 58 78 97 42 23 54 99 4 10 33 88 82 36 1 14 18 55 73 76 55 72 54 65 32 24 42 10 37 59 27 87 72 61 81 0 36 83 77 96 91 1 20 41 25 55 13 51 21 61 2 69 76 56 15 44 39 80 39 57 21 42 22 26 81 86 83 36 59 26 29 64 87 69 62 24 35 13 100 61 93 93 28 19 54 39 49 26 23 99 53 80 68 32 76 78 69 29 17 64 87 91 34 48 6 98 88 86 34 52 61 56 87 96 87 11 58 89 53 9 33 67 43 59 14 44 99 47 
16 15 45 8 70 28 40 87 49 15 28 90 42 100 8 0 26 22 58 93 96 7 0 65 42 9 50 99 7 79 52 42 50 73 51 2 45 49 13 46 92 62 77 53 10 38 36 3 67 47 83 68 42 100 36 0 1 82 75 18 92 44 66 17 37 38 41 12 50 90 32 58 83 44 63 37 46 28 81 8 14 96 67 67 20 15 53 42 12 25 92 60 76 47 33 94 9 100 74 39 37 99 48 32 4 42 87 60 37 98 76 48 46 41 29 18 87 14 1 63 39 76 85 88 89 34 44 32 59 23 29 1 85 9 70 13 71 37 53 61 83 22 62 53 60 4 81 85 30 41 65 95 66 13 79 4 46 18 55 78 68 11 10 6 22 100 31 44 78 36 65 94 18 69 79 70 93 8 6 34 9 73 32 94 76 20 29 66 96 2 85 93 12 14 75 59 71 68 48 34 92 84 7 80 98 98 3 1 76 84 59 76 57 81 59 43 60 93 54 28 4 15 90 57 49 7 49 98 72 6 14 46 76 62 59 9 45 24 11 0 72 50 29 55 35 54 87 28 77 65 44 94 32 82 62 92 35 46 96 41 96 54 2 8 94 15 20 3 100 68 6 29 3 49 37 64 49 87 62 42 84 72 92 3 98 54 67 47 5 16 4 85 19 87 75 6 35 34 75 78 49 53 8 64 46 24 51 67 54 86 53 28 98 72 63 27 53 48 37 20 9 33 31 93 57 17 48 58 1 33 12 41 22 3 41 12 15 12 98 47 17 93 37 49 26 47 74 90 45 80 92 75 25 31 22 83 87 15 59 45 24 89 35 19 53 30 13 21 68 75 30 32 82 68 40 16 75 58 97 48 20 81 16 85 93 11 75 27 23 80 34 76 83 43 41 80 73 14 50 75 
25 91 97 52 54 88 54 23 81 37 59 75 80 19 31 56 30 1 85 72 100 75 90 44 16 5 1 23 4 92 8 29 31 16 18 81 34 25 87 84 62 79 51 65 76 78 7 21 24 26 84 74 8 70 88 66 19 22 43 80 46 69 78 25 39 25 44 54 91 39 51 21 83 46 8 63 6 79 4 21 67 69 99 51 47 59 6 41 42 88 93 74 39 5 47 100 23 40 89 33 86 45 41 19 28 49 89 47 70 69 64 19 3 36 87 100 30 58 7 85 5 33 2 24 87 89 89 10 78 15 2 4 62 3 4 32 4 63 15 52 100 33 5 75 62 1 96 27 79 39 47 78 89 13 56 60 0 13 49 68 82 1 20 29 17 75 77 17 15 2 20 11 42 19 45 52 98 19 68 27 64 13 7 0 41 88 92 41 28 38 67 1 22 60 94 64 33 87 25 41 85 54 16 70 71 33 65 4 16 100 69 81 68 62 100 58 57 0 3 75 58 64 29 71 4 37 30 93 76 29 3 64 46 3 53 3 6 31 91 55 9 6 39 74 53 86 83 43 22 30 88 48 29 28 31 28 35 25 36 73 64 32 37 19 47 9 62 94 49 73 22 79 54 73 28 44 49 43 7 91 52 42 52 19 42 49 28 21 39 85 22 51 6 68 58 19 86 15 32 0 61 90 4 37 85 86 13 97 80 31 97 44 33 23 15 97 84 40 24 29 55 94 28 33 38 55 100 38 62 54 72 2 64 23 52 79 10 85 46 52 88 6 67 20 20 75 0 47 98 39 73 33 71 20 48 23 13 96 58 92 27 94 25 28 37 57 15 33 93 86 49 37 63 60 80 51 0 80 47 25 26 42 86 75 11 25 32 7 100 77 25 75 48 12 70 68 18 97 77 47 
22 33 8 50 1 19 17 99 18 88 67 78 28 64 10 0 78 28 21 64 81 47 87 86 37 67 79 56 88 6 20 64 73 3 98 93 71 44 7 97 100 96 73 65 21 83 34 91 91 7 39 88 33 62 24 55 83 44 49 34 23 100 59 33 19 12 59 38 88 11 17 1 33 30 4 27 8 41 19 0 33 59 27 51 96 23 64 86 26 59 63 21 47 34 82 31 3 22 6 14 73 48 27 66 23 65 15 10 1 31 50 92 85 58 6 73 70 24 51 56 7 48 22 63 55 43 86 23 90 5 56 55 95 18 52 64 59 100 42 5 58 41 47 81 18 29 25 3 47 70 40 17 27 16 48 73 52 29 75 4 57 94 31 82 50 96 90 47 9 48 25 46 41 78 12 19 27 78 43 37 45 93 99 8 1 71 95 60 30 26 59 84 99 71 40 0 22 56 92 47 36 68 55 17 52 76 54 64 100 43 95 53 29 95 79 29 56 79 29 29 51 21 42 52 48 92 72 41 31 49 84 7 99 13 29 36 0 87 5 24 50 62 36 76 46 81 76 56 55 58 24 21 1 68 0 28 84 94 100 88 90 76 60 46 22 98 74 56 36 42 72 55 79 15 9 37 38 89 27 13 88 17 76 64 72 66 74 81 13 87 3 1 17 51 85 60 1 29 21 16 43 14 36 18 51 93 3 83 73 53 67 39 43 76 37 37 45 22 35 87 86 37 77 45 83 10 85 25 45 39 42 53 27 65 3 68 75 55 66 84 14 53 32 26 59 48 80 76 92 57 45 50 58 59 62 61 72 83 38 4 27 64 96 81 65 2 20 64 63 7 23 84 59 14 21 58 45 72 95 89 61 40 11 12 0 78 48 70 2 3 17 85 26 49 84 77 63 2 9 16 
52 30 70 41 15 80 24 88 92 65 1 13 75 87 16 73 8 92 42 8 51 3 80 80 36 65 55 77 52 37 41 3 52 56 2 41 9 34 64 55 66 92 90 65 50 13 94 50 60 37 49 3 100 40 36 26 82 13 32 26 23 80 76 78 52 6 95 52 31 64 66 74 53 8 76 76 15 41 17 22 3 20 56 17 34 49 22 78 96 8 12 15 2 92 29 17 95 21 47 85 96 52 6 34 48 77 84 25 81 36 74 62 10 72 57 28 49 2 57 31 85 34 12 44 95 14 19 48 87 30 28 14 22 39 51 77 78 11 1 72 68 7 91 60 67 65 88 69 14 6 23 96 43 3 65 41 68 22 35 84 91 66 46 4 59 8 57 39 78 90 52 24 2 60 45 52 44 43 42 72 70 80 79 45 49 94 69 40 43 43 25 19 44 37 95 50 50 22 91 52 14 13 83 91 21 78 76 77 20 38 82 64 88 96 64 89 98 32 3 59 16 16 9 60 26 47 32 37 1 77 26 40 48 72 88 72 68 43 89 31 51 47 66 94 40 5 68 12 22 72 47 48 87 9 48 99 48 49 85 53 15 31 77 13 44 62 54 7 65 63 9 35 29 47 87 44 36 88 80 87 71 73 53 31 51 57 87 1 94 80 47 13 98 56 2 49 56 67 40 6 42 42 68 51 62 76 25 84 79 100 19 58 83 97 69 37 97 96 88 54 33 71 2 54 63 72 78 88 63 28 20 46 74 22 77 92 35 61 53 89 86 45 79 59 17 71 46 22 78 69 52 92 62 45 59 36 71 67 97 36 5 12 28 36 93 55 82 62 25 70 69 9 59 70 34 76 19 86 70 27 68 61 23 9 9 6 40 44 67 91 59 18 5 52 94 23 51 97 61 19 
31 26 62 48 3 29 14 24 68 47 96 2 56 28 65 5 4 41 13 47 54 74 51 70 7 0 42 23 40 9 92 86 45 6 90 32 38 75 51 53 3 67 66 16 100 33 27 2 43 93 79 21 89 63 86 73 71 65 92 72 12 4 49 84 59 23 73 30 66 67 11 81 88 75 68 47 23 59 82 79 81 21 68 49 19 51 42 60 74 18 15 92 3 84 3 53 98 35 36 95 55 95 61 27 96 37 35 77 24 14 60 79 66 98 89 29 96 86 98 66 28 89 4 5 71 93 14 81 70 89 30 99 51 52 100 98 40 73 42 9 38 84 20 46 20 42 56 66 97 30 51 22 40 72 46 53 22 40 93 65 15 33 74 59 44 31 74 45 50 58 32 66 98 69 58 19 56 29 4 68 91 86 11 24 85 98 76 9 23 21 63 79 36 40 41 35 71 65 0 97 88 38 39 65 92 77 67 26 37 97 39 91 8 95 81 6 5 72 43 17 21 13 81 15 57 63 13 77 88 18 57 61 95 40 18 63 1 3 36 80 80 65 83 75 76 30 14 72 21 62 44 29 69 11 22 28 72 7 83 25 84 34 48 9 14 18 42 85 66 99 81 100 76 65 64 79 61 95 53 73 49 26 60 46 72 28 7 92 33 45 94 18 0 64 62 76 1 56 22 82 48 76 80 25 35 47 77 13 71 68 2 100 66 95 100 84 39 40 55 8 86 61 65 50 27 31 44 25 71 46 33 1 83 39 42 99 18 61 99 78 89 84 92 49 60 74 46 84 74 49 98 53 37 34 37 17 95 17 65 58 56 1 76 27 28 43 98 1 25 86 15 62 36 36 9 75 34 7 37 85 1 60 88 90 52 96 76 37 3 51 6 9 59 19 20 61 98 9 62 61 
89 15 18 30 22 69 89 87 12 19 34 50 78 65 15 23 52 53 55 66 52 27 91 29 66 9 13 47 55 87 23 75 50 53 41 99 77 97 90 23 79 1 64 96 54 83 17 26 88 31 30 60 14 54 100 50 32 94 21 94 75 9 62 15 67 42 54 9 58 79 79 25 8 14 15 63 12 78 21 5 6 7 24 100 62 51 74 30 64 28 37 23 49 1 49 70 50 28 40 22 38 26 9 63 54 66 1 4 56 59 82 1 62 87 7 51 45 8 97 27 68 15 18 76 44 56 79 64 16 53 20 30 96 63 50 77 86 74 79 57 85 47 88 9 51 64 72 33 67 68 70 35 88 69 98 76 62 90 36 20 56 22 10 82 100 86 66 43 88 3 83 3 34 42 70 20 89 84 10 33 14 82 8 46 47 50 96 87 99 46 21 11 86 75 49 67 52 55 88 91 31 7 16 78 65 60 1 99 12 25 65 4 25 74 47 4 35 24 88 11 75 21 51 34 72 86 88 43 100 94 95 12 55 49 64 43 90 12 90 66 55 25 14 46 19 90 46 42 46 66 97 89 48 2 77 18 14 61 3 44 33 30 80 86 95 47 42 21 29 100 84 84 83 60 25 17 72 26 73 85 26 42 59 17 55 16 31 3 29 79 63 36 51 47 3 63 94 97 61 15 39 41 86 46 70 9 33 77 78 12 65 51 30 58 29 92 30 1 6 68 98 87 41 36 37 43 38 46 36 75 22 51 19 83 57 84 51 19 67 94 3 66 79 58 28 7 59 62 69 17 52 86 23 68 73 11 84 64 16 100 40 33 41 81 35 96 95 20 73 66 35 57 18 39 79 87 72 51 61 99 50 22 16 98 64 98 25 88 45 55 99 100 60 4 98 63 75 78 92 54 
51 85 36 5 93 55 53 60 11 57 43 68 66 3 43 85 34 20 54 65 62 100 92 0 48 72 13 76 60 51 82 56 47 77 79 8 60 64 90 74 9 44 47 94 51 60 35 12 10 50 52 100 0 100 80 1 75 87 77 75 64 0 59 19 39 93 11 15 43 15 85 70 48 54 7 34 74 8 55 8 63 42 67 38 45 2 56 64 87 14 22 50 85 10 53 61 6 42 72 28 36 21 45 51 43 61 99 64 86 18 2 61 55 39 95 68 51 31 94 62 34 99 33 62 71 20 92 16 8 23 66 84 88 41 99 31 27 97 5 18 62 27 15 47 61 68 38 71 56 43 40 43 51 35 79 84 81 71 49 81 87 50 77 16 13 85 22 16 92 100 32 60 35 56 39 44 42 33 23 69 61 20 43 19 62 31 56 42 29 55 87 72 2 98 49 66 18 55 20 79 8 14 35 3 36 11 71 18 35 56 85 97 94 49 43 44 32 93 2 93 62 2 56 74 74 59 99 91 0 82 14 48 7 6 60 83 61 53 62 71 69 16 93 48 72 75 89 36 51 3 44 89 36 26 40 41 94 0 16 5 74 60 98 82 32 61 21 10 42 64 42 31 10 52 27 43 84 87 48 7 94 10 74 95 88 16 15 24 51 71 0 58 58 30 9 24 33 47 87 24 74 45 17 12 26 87 38 60 56 56 32 20 68 34 79 4 73 59 55 90 28 26 84 70 6 97 57 34 26 22 89 33 56 20 31 35 45 33 64 90 80 88 78 92 99 49 61 22 67 46 25 5 51 53 3 7 8 64 18 95 40 6 30 89 40 0 4 58 88 99 49 84 86 12 67 21 17 21 63 5 68 93 47 37 66 64 89 8 73 92 59 95 50 97 36 89 3 88 96 97 
65 22 21 71 35 27 24 44 47 71 70 7 33 65 68 19 71 67 12 62 31 39 24 62 23 37 22 3 71 10 83 12 85 45 62 79 53 76 47 84 14 47 63 1 32 36 30 85 48 82 37 98 34 72 35 77 0 78 17 70 3 4 72 10 38 17 23 95 15 61 61 25 13 24 36 51 66 57 12 20 16 56 32 12 52 58 6 5 64 37 20 59 29 38 4 35 48 25 41 61 38 83 89 24 6 75 97 18 63 67 24 72 53 97 64 21 78 4 7 81 2 9 56 82 42 74 29 24 0 40 73 67 25 45 100 68 25 5 36 92 51 24 96 14 70 77 68 64 57 83 41 2 96 47 12 47 63 3 2 22 34 4 5 82 76 47 12 61 31 97 65 69 87 20 42 96 31 81 8 51 57 22 9 12 23 44 39 46 83 86 56 18 51 4 53 90 32 78 47 19 64 57 28 32 15 46 76 62 32 20 44 85 82 13 27 85 91 72 42 9 10 52 30 84 20 38 27 60 97 12 43 83 51 27 17 49 20 79 38 31 79 61 67 91 14 16 47 90 74 2 98 42 35 16 64 22 47 38 75 2 53 79 78 40 27 61 30 62 41 67 74 96 97 92 44 97 63 94 48 31 60 15 34 10 90 26 27 10 81 2 5 90 66 63 100 34 93 0 97 21 86 6 51 94 41 34 6 55 65 73 74 24 66 45 81 60 48 1 97 14 33 20 64 61 56 62 34 81 13 49 40 60 35 96 58 31 59 9 48 15 2 26 10 99 15 61 7 24 18 31 83 28 52 8 54 64 41 1 86 46 25 33 78 79 45 46 29 92 13 72 99 68 74 93 34 17 78 5 19 7 13 90 17 98 100 39 30 69 7 67 19 20 48 95 48 92 25 75 24 82 
8 38 37 8 22 75 38 42 9 5 89 14 50 39 61 90 47 72 15 17 52 98 2 65 96 39 19 6 89 90 15 42 39 83 65 85 57 51 45 48 92 39 87 35 95 29 59 95 14 61 20 95 14 100 30 50 92 24 28 32 10 49 58 1 82 76 93 42 14 52 90 51 12 6 12 63 32 27 43 66 50 20 38 31 91 16 33 11 52 20 39 83 31 36 40 84 52 57 88 26 4 18 18 54 52 46 12 79 20 79 41 6 35 69 19 85 32 9 22 26 34 6 35 51 62 13 44 73 83 90 13 37 34 99 97 71 18 28 55 53 70 67 26 23 24 94 100 51 47 44 90 27 71 58 5 24 29 71 15 72 11 85 44 60 38 62 70 97 68 81 20 26 49 93 12 76 28 99 37 26 55 66 90 75 24 33 85 7 30 39 54 88 9 68 10 55 51 5 55 22 33 2 93 19 36 62 40 8 12 26 24 6 76 58 69 69 78 90 60 95 7 57 74 6 50 32 92 52 34 7 29 7 74 65 17 50 78 62 80 22 76 3 30 74 33 27 47 46 7 11 39 38 41 66 6 67 36 64 23 38 52 6 12 73 24 59 35 98 88 45 21 61 5 67 8 4 99 13 92 51 33 16 75 52 79 62 10 75 73 27 67 100 45 6 39 56 99 4 36 23 71 96 21 14 25 37 95 82 43 6 19 50 73 51 19 98 20 4 75 85 44 31 49 34 39 25 82 3 19 20 93 19 92 99 86 47 19 28 36 8 4 44 66 8 30 57 7 42 77 62 8 68 91 86 20 79 73 86 5 64 96 18 14 82 37 60 20 32 53 2 32 80 48 5 50 80 45 59 36 21 15 10 62 61 11 18 42 8 75 27 55 48 68 52 53 86 46 71 66 72 
62 18 56 51 71 67 24 96 11 95 46 6 51 22 20 11 74 1 12 66 73 78 34 38 98 90 83 48 90 91 50 93 60 5 11 25 40 27 45 25 91 37 94 58 26 49 49 90 12 35 53 84 94 16 97 84 37 78 19 67 61 1 47 9 67 0 23 28 48 68 11 5 23 55 89 90 62 20 87 75 11 35 56 99 72 44 80 67 32 31 27 89 5 66 82 84 22 85 59 87 85 47 96 21 56 30 57 16 82 96 81 9 19 67 45 67 65 66 46 27 77 21 20 60 44 24 12 73 51 58 71 12 100 73 32 94 17 52 32 44 53 78 24 35 85 31 70 81 61 13 81 2 3 29 6 46 56 34 60 45 15 34 67 13 10 47 16 19 57 65 11 11 31 52 100 5 56 64 68 5 98 8 31 23 18 85 60 65 2 5 77 76 26 56 12 80 4 36 62 53 36 67 79 14 62 19 0 59 44 60 41 65 5 77 41 94 62 27 85 47 89 12 60 39 22 89 93 46 3 21 66 75 68 18 33 63 68 2 99 78 100 5 94 25 36 98 19 72 21 71 10 65 1 40 91 63 33 23 4 19 43 39 73 6 66 49 7 18 64 57 68 77 36 12 14 88 77 28 37 81 53 11 8 21 15 56 12 63 36 37 17 9 68 73 77 38 19 55 76 24 93 8 77 16 91 95 56 30 94 37 80 26 55 48 44 39 4 83 4 20 65 45 89 20 97 20 93 0 54 26 4 4 85 19 79 58 35 93 20 73 70 32 77 76 66 31 20 70 76 57 89 74 95 69 32 58 37 98 53 100 61 66 71 32 76 43 21 53 69 95 86 33 88 0 26 31 78 60 46 9 99 59 29 44 76 1 78 85 4 76 60 41 52 34 13 7 74 79 13 64 
47 38 51 56 21 78 9 1 88 88 17 46 25 35 57 82 44 40 73 17 9 10 67 59 15 100 94 10 95 23 52 54 49 78 30 24 55 79 22 82 81 80 52 85 55 24 48 99 41 67 84 34 0 53 34 87 99 34 75 11 74 18 99 13 16 87 14 56 97 61 7 62 80 21 3 99 37 66 72 86 21 45 27 37 19 81 85 6 81 24 62 88 65 51 10 43 79 88 34 3 65 31 46 77 76 25 34 15 69 50 38 82 43 24 26 37 88 71 52 36 0 79 91 92 11 21 71 66 62 100 19 43 28 96 82 90 32 38 98 79 40 95 53 71 35 69 49 23 20 15 1 80 79 52 99 9 70 96 92 87 80 70 32 55 2 83 49 62 18 82 84 88 83 96 16 23 59 36 9 65 40 60 35 34 29 92 30 18 65 16 12 87 21 44 53 95 19 81 4 8 27 53 17 92 10 75 83 73 4 88 97 24 72 74 19 47 70 69 57 73 96 69 19 97 36 1 5 6 65 98 84 16 56 20 73 52 85 26 2 72 30 12 54 41 51 70 20 2 65 86 72 97 50 29 34 75 56 57 43 37 1 14 66 66 43 87 3 20 97 84 28 87 47 63 91 29 15 45 22 0 43 40 62 20 17 54 78 93 46 97 85 95 48 53 49 15 34 32 17 21 61 46 9 23 78 16 32 28 25 36 90 39 71 76 85 21 42 49 6 14 48 76 76 39 2 25 14 14 37 93 82 78 56 16 71 34 31 45 76 11 67 68 2 35 85 29 97 24 68 22 57 11 52 50 75 48 42 13 25 29 40 20 47 54 3 35 70 100 77 21 38 60 42 19 10 80 75 77 38 72 27 66 28 19 5 20 54 7 92 75 14 53 49 48 9 82 2 86 33 71 
5 74 8 43 67 25 84 9 56 9 21 16 10 73 60 73 35 14 23 62 87 77 2 30 42 54 8 14 0 5 69 62 40 24 63 24 13 34 86 8 83 47 38 43 99 70 73 15 42 81 18 91 80 13 72 51 91 20 29 18 70 38 22 20 58 17 90 95 2 25 68 12 13 27 78 9 40 5 13 36 38 64 38 57 89 82 62 22 72 40 9 45 74 57 100 0 81 100 36 27 23 3 62 38 48 70 87 44 59 76 23 15 56 48 98 23 79 71 15 11 38 5 54 89 68 66 41 16 37 33 1 74 18 100 52 10 18 29 87 63 57 87 14 39 44 97 47 8 81 100 73 49 80 100 65 45 82 50 100 62 20 50 73 97 90 32 0 3 4 99 99 73 16 95 6 41 34 86 40 63 38 76 9 54 95 20 58 3 49 67 74 34 80 46 90 86 4 96 73 52 70 37 97 91 83 63 25 64 73 33 98 86 65 68 17 89 33 63 82 59 86 54 6 27 85 21 63 29 46 2 95 8 8 71 98 69 93 17 59 69 36 52 21 19 50 100 80 6 51 90 1 17 53 48 22 18 46 95 70 89 25 16 37 24 28 68 4 84 80 48 43 74 84 13 52 52 39 42 68 65 33 48 78 88 77 14 19 73 45 31 96 45 34 64 38 33 99 75 21 21 92 72 58 30 41 33 61 50 60 22 49 75 30 82 43 30 30 40 69 44 27 42 79 40 77 95 6 30 0 52 28 73 8 36 30 78 1 34 100 87 62 21 34 5 15 26 55 24 91 39 34 99 68 7 56 91 5 94 65 10 71 86 43 81 82 53 65 4 74 67 18 8 5 8 34 29 74 19 16 60 66 22 42 4 36 60 81 61 61 78 8 55 24 93 99 38 71 43 87 14 
69 100 68 84 53 79 78 24 25 94 77 88 29 20 50 74 62 80 53 93 34 69 29 87 62 3 81 48 40 48 24 55 30 21 17 18 3 47 10 8 43 54 8 66 10 38 60 15 47 87 83 34 85 43 63 96 86 71 83 73 91 34 41 35 89 74 27 6 7 91 31 90 19 56 73 85 6 33 23 89 46 84 58 75 90 39 45 22 69 47 62 36 77 2 81 42 75 3 44 1 12 16 20 68 73 22 45 22 6 64 93 90 89 51 84 47 23 40 17 61 27 49 96 30 60 72 81 5 33 23 90 14 26 84 66 45 91 93 6 45 54 9 94 43 89 70 67 26 88 19 15 16 55 77 34 92 52 91 50 95 45 9 47 98 67 85 83 93 30 93 78 61 61 0 5 32 23 97 56 59 89 53 13 12 31 36 77 33 74 89 95 33 0 77 57 95 95 37 14 80 83 68 47 72 65 4 5 53 92 23 10 86 1 15 16 24 13 83 54 82 99 19 1 31 57 88 90 17 15 16 29 36 22 18 11 59 4 29 10 76 86 59 49 46 49 38 97 5 97 85 26 78 5 49 38 59 43 14 90 18 62 46 75 23 27 94 59 59 100 3 45 17 25 77 10 99 77 77 15 64 6 22 88 34 49 74 32 73 62 99 79 84 25 98 81 65 24 97 25 44 20 41 13 20 27 28 38 91 6 21 10 50 47 93 79 8 52 77 49 11 38 70 41 76 77 69 78 68 73 57 10 38 24 62 26 31 80 99 38 14 14 64 0 37 6 3 57 75 63 22 75 10 16 99 1 72 55 54 53 86 41 9 87 3 49 15 49 22 16 55 28 47 24 33 41 80 77 17 66 6 29 38 40 8 64 25 81 84 12 75 47 74 85 7 72 71 39 14 24 65 
57 21 54 31 97 0 40 67 24 6 44 62 81 18 8 70 95 8 7 77 64 53 62 43 9 10 5 90 39 100 15 13 78 13 58 84 13 17 90 21 35 39 21 42 41 44 85 96 31 35 77 1 58 47 3 83 7 5 93 51 79 80 27 2 40 21 96 97 40 99 39 23 52 82 46 51 34 35 19 50 23 12 70 88 6 78 53 15 58 55 48 68 98 5 68 78 12 29 34 15 5 15 29 58 21 91 17 2 74 78 39 41 76 52 43 53 96 80 31 26 75 43 19 75 13 79 84 81 62 37 74 54 90 37 83 38 52 13 75 36 26 9 83 46 57 21 34 16 57 41 44 47 59 13 39 17 100 79 1 100 32 50 71 29 18 23 72 15 66 71 14 69 54 95 32 43 55 53 27 50 61 28 57 45 33 17 86 44 40 4 88 94 49 10 46 64 16 82 72 3 18 79 81 96 92 38 98 83 56 92 100 32 35 88 55 62 10 9 26 61 38 38 60 40 59 77 30 47 50 37 23 74 97 5 88 74 8 41 12 16 39 89 39 31 74 81 20 66 19 71 39 31 46 66 78 84 66 87 77 8 95 93 91 82 16 86 94 29 32 32 77 99 37 41 12 57 61 92 10 96 98 89 47 98 22 25 80 9 73 89 6 90 47 43 28 37 91 58 36 1 8 37 31 51 85 63 18 34 84 31 41 47 37 28 46 5 83 4 2 57 95 97 28 91 67 71 64 25 2 27 77 82 77 63 95 55 94 7 92 82 86 6 65 91 18 37 53 90 94 94 93 76 45 90 54 66 8 36 0 41 71 91 64 76 78 17 78 58 89 23 34 9 10 1 35 88 93 83 43 64 17 75 23 61 22 19 67 70 74 99 29 2 29 45 47 54 18 86 89 22 
58 59 98 99 17 89 30 12 36 19 16 18 27 34 54 55 95 6 53 50 76 54 43 34 31 15 8 42 26 57 13 66 84 30 71 42 40 28 20 44 77 95 92 24 67 84 63 42 56 65 48 37 24 26 94 7 17 69 39 46 59 47 36 19 40 26 40 52 57 55 99 67 31 42 4 72 29 29 98 98 61 7 50 71 30 32 69 4 24 47 85 86 62 43 22 24 56 81 40 87 94 30 61 40 96 55 57 81 15 30 27 60 55 12 96 22 40 5 73 57 62 17 27 68 100 50 7 40 96 36 42 6 73 69 37 81 39 87 73 92 33 89 52 56 46 44 15 52 86 97 92 29 27 17 32 93 43 53 17 17 19 14 7 36 36 5 73 81 96 82 51 92 0 86 56 58 17 63 32 64 16 60 18 61 30 40 17 51 12 90 88 55 59 12 97 46 31 1 9 81 79 78 25 51 22 70 93 48 99 39 39 91 51 92 85 14 69 25 80 76 72 100 69 96 25 50 19 74 86 52 88 76 1 91 52 13 47 39 55 93 19 91 18 48 76 31 4 91 29 6 89 86 13 95 55 0 41 61 78 84 69 11 59 46 87 70 15 97 24 99 47 6 24 32 95 80 11 91 97 58 50 17 50 77 80 36 75 67 51 35 37 19 88 37 46 10 34 89 98 59 87 19 12 46 12 31 97 69 7 20 7 66 85 47 52 74 93 44 70 87 99 21 90 75 37 98 28 60 11 90 42 58 57 1 45 37 54 96 41 6 67 13 48 15 54 6 85 82 88 49 89 82 28 21 62 64 8 100 44 48 70 56 13 8 40 70 90 58 93 0 57 0 98 0 19 100 8 67 42 69 66 25 24 24 74 8 8 63 4 79 33 92 11 41 52 13 96 93 74 98 
11 24 7 11 28 85 39 31 74 10 85 45 54 75 45 95 89 33 17 6 11 46 33 47 62 3 90 26 54 96 100 78 6 4 52 67 49 71 50 80 72 39 24 38 19 20 18 18 74 13 71 84 63 65 65 94 75 77 55 83 19 69 12 14 13 100 95 68 32 57 72 23 11 21 66 90 33 21 35 100 9 47 31 8 30 29 62 91 76 65 92 6 90 48 11 50 73 25 81 50 4 59 96 80 25 97 38 40 3 9 11 28 67 13 35 33 41 11 73 53 16 36 70 49 64 84 36 68 81 20 59 57 89 55 41 5 28 56 52 11 71 72 72 0 70 64 71 47 47 51 56 54 90 69 54 31 53 94 98 10 10 31 100 10 73 44 41 23 43 64 3 46 97 60 30 71 82 90 89 97 60 81 82 53 12 99 12 14 89 66 40 34 75 11 49 24 26 68 56 43 77 28 50 51 54 68 84 3 75 11 75 73 53 87 79 10 7 87 23 20 80 31 90 85 22 32 54 31 21 66 93 74 73 90 15 32 37 56 28 9 35 7 37 94 81 29 3 30 100 89 53 84 64 88 65 11 80 19 59 69 79 32 24 59 53 4 27 5 79 5 74 25 4 73 70 39 19 56 91 19 18 30 43 98 39 96 9 15 72 72 6 38 77 57 49 3 74 23 22 65 80 26 26 69 39 44 10 42 71 9 50 2 88 49 94 98 91 62 66 67 28 74 59 45 29 49 72 60 96 78 71 24 39 97 93 10 75 94 49 21 0 40 51 48 12 42 47 39 76 47 37 42 94 15 13 74 17 52 95 57 54 24 93 5 13 100 78 68 16 22 44 0 51 12 53 88 72 28 52 94 45 56 99 14 72 56 36 47 68 16 75 68 43 73 36 92 5 48 61 60 
92 39 32 75 2 23 60 26 95 32 35 63 78 10 40 2 82 21 77 13 59 42 53 1 19 12 53 18 46 31 30 23 51 59 18 25 48 19 85 43 4 28 51 53 41 56 99 94 89 99 81 51 96 55 96 96 22 90 93 90 19 53 79 33 93 18 34 37 63 74 31 61 65 49 7 97 8 34 52 79 31 59 69 97 68 61 98 62 17 29 91 30 45 7 26 11 36 61 3 39 18 57 60 4 50 64 38 63 11 62 83 14 16 16 72 30 12 98 47 51 91 46 14 19 36 87 57 97 87 35 85 83 4 93 89 36 29 15 22 85 92 95 34 100 46 65 66 52 65 95 48 34 30 65 20 11 60 48 35 33 57 66 32 87 2 42 60 32 65 2 43 77 51 42 82 52 2 39 63 22 90 14 12 61 52 86 54 3 8 7 43 33 55 42 93 23 47 23 84 0 23 30 73 56 61 100 68 21 13 71 50 92 7 68 11 85 41 3 87 50 7 24 86 10 69 5 28 36 66 43 94 100 16 37 37 79 85 80 26 57 5 39 2 95 76 76 3 9 83 23 59 43 82 79 83 30 8 64 82 6 82 63 75 9 63 88 1 88 24 1 3 35 33 74 56 66 79 1 5 55 93 61 76 8 18 71 93 88 47 95 63 66 1 23 45 82 77 78 49 95 89 44 0 87 10 27 42 43 33 37 77 9 93 57 19 63 12 38 25 69 37 57 61 18 75 57 79 75 6 10 93 42 69 30 5 2 50 16 58 43 26 99 72 60 50 68 5 71 48 18 51 52 85 0 40 30 79 78 47 1 89 53 1 0 21 33 18 12 85 62 90 98 82 59 96 45 5 84 30 89 0 65 48 70 37 29 8 75 89 13 82 66 73 91 75 92 91 13 43 80 
68 42 83 13 27 87 36 15 45 27 61 21 60 95 37 11 19 58 59 64 10 65 28 53 96 23 33 22 22 5 95 92 87 86 15 17 0 34 83 98 86 48 90 31 30 75 36 71 93 43 61 74 61 44 60 41 89 12 99 7 86 1 67 82 39 6 83 24 57 97 5 97 77 99 5 73 50 79 35 70 15 72 61 38 100 61 16 25 99 17 23 17 97 60 0 70 47 32 8 17 33 53 38 32 56 86 38 33 97 12 10 59 91 47 21 13 68 5 74 70 57 10 37 25 64 91 1 70 22 59 83 83 54 81 73 72 76 58 7 81 53 94 26 21 68 29 84 69 84 49 37 73 8 76 44 62 68 49 21 59 93 79 62 84 69 91 82 56 73 96 86 24 47 13 28 77 55 74 0 53 11 88 87 81 96 87 96 85 55 17 76 37 64 30 10 88 48 9 71 16 65 68 24 16 2 52 92 87 84 3 30 63 23 13 63 23 53 11 43 70 68 56 71 56 95 87 14 64 51 49 77 87 76 78 31 34 37 13 84 53 97 96 25 26 98 91 99 30 40 98 74 92 30 91 95 4 88 15 79 65 54 52 84 18 61 12 7 25 18 98 94 39 55 79 21 24 0 21 85 68 75 89 58 78 11 63 69 63 100 48 3 23 55 89 96 89 16 56 74 91 42 8 93 1 55 76 99 40 39 24 44 46 76 16 94 39 44 53 75 4 54 47 10 2 98 64 29 24 44 100 74 4 50 12 8 47 99 94 82 31 94 51 22 64 34 77 25 50 60 63 9 62 71 20 4 22 91 36 59 82 82 97 56 11 84 82 93 92 46 63 36 4 12 99 19 70 41 95 75 8 21 57 0 68 27 35 62 73 31 42 54 44 20 63 90 77 16 62 36 51 
11 69 7 81 26 59 67 47 33 81 16 7 58 95 50 9 22 52 27 72 12 30 13 2 54 1 4 19 77 77 95 45 55 46 80 26 59 70 91 79 49 21 73 9 71 39 15 91 50 49 57 70 79 89 48 6 17 82 53 0 80 19 13 67 34 57 46 87 98 30 44 93 13 92 43 49 4 47 51 53 17 5 47 24 66 7 21 68 25 56 34 84 16 81 52 45 86 28 25 19 63 95 28 57 71 54 54 60 53 23 27 64 6 74 96 85 63 87 42 75 12 53 2 0 47 43 15 73 23 68 95 91 72 57 78 2 69 85 51 0 32 36 54 43 82 30 70 48 69 72 73 18 50 8 99 59 10 59 99 71 67 13 0 22 30 34 0 45 8 11 34 46 68 97 53 23 30 59 77 46 40 95 22 98 53 15 29 40 6 21 50 33 75 52 29 100 11 55 53 65 99 34 71 10 76 81 76 40 5 42 74 47 12 35 6 79 73 43 26 79 90 34 2 98 10 20 8 42 22 56 66 31 22 60 40 36 60 39 48 79 55 34 55 49 89 17 45 4 63 66 39 9 97 28 85 100 11 43 89 46 38 84 0 33 22 62 42 4 68 34 9 24 95 12 72 1 69 54 70 30 92 81 80 6 70 12 19 96 70 11 68 45 16 16 17 94 96 93 43 97 98 1 50 96 11 52 83 38 60 2 86 33 51 100 41 29 58 33 29 75 9 99 94 77 67 68 35 1 10 97 16 38 91 78 67 14 50 99 54 32 22 65 20 73 42 88 84 67 93 82 51 72 57 17 51 100 95 75 73 44 26 59 31 8 5 6 18 44 47 15 1 5 5 34 35 22 0 58 41 50 26 25 83 65 5 29 89 80 45 92 19 94 55 55 37 88 3 8 98 6 
2 4 38 30 20 97 20 94 80 10 80 43 13 52 44 85 100 71 39 75 45 49 85 28 91 15 5 17 5 29 54 74 29 47 15 26 16 36 73 71 58 16 41 69 31 49 31 100 44 51 53 21 94 41 97 15 68 59 3 39 12 78 2 54 91 14 34 51 84 77 65 61 68 69 40 72 51 64 21 81 18 72 3 71 29 32 49 47 24 7 96 58 18 57 40 59 46 77 19 13 42 33 47 39 53 79 4 7 43 99 48 86 62 45 57 60 99 33 30 15 38 86 41 13 90 82 98 21 23 4 48 54 95 71 63 0 64 94 19 47 9 62 46 80 90 0 81 6 34 62 43 56 36 4 33 99 21 53 5 88 62 70 24 3 26 93 59 85 49 76 91 77 34 99 10 52 10 66 7 40 15 48 79 72 12 29 54 95 53 61 80 88 94 95 23 24 80 34 48 21 93 62 73 28 64 36 36 67 28 6 62 54 90 77 12 99 24 1 47 37 100 38 47 41 25 36 79 84 12 87 13 19 5 75 23 31 60 55 52 58 77 26 93 29 92 35 26 2 5 83 94 51 85 37 24 85 99 74 55 16 21 48 46 23 5 73 13 17 11 37 0 39 88 25 32 99 35 72 8 57 100 31 57 88 93 46 64 31 38 81 73 65 1 86 3 21 24 87 14 87 59 90 97 1 91 33 71 63 25 21 93 1 18 43 48 57 41 28 61 73 42 97 48 12 46 99 83 82 41 6 85 55 3 28 96 93 32 13 89 51 37 77 86 23 22 49 29 37 33 4 37 13 4 86 1 79 46 56 58 89 89 64 64 40 61 92 67 89 52 53 90 50 61 13 97 16 56 74 60 77 20 8 34 10 15 53 91 6 2 64 55 90 89 40 96 15 93 89 16 27 
34 86 90 41 29 50 78 89 90 94 29 76 17 37 34 79 14 64 76 60 68 40 49 50 37 97 80 17 76 17 94 81 55 94 64 54 44 52 4 13 45 23 64 31 1 20 13 23 73 100 64 31 26 23 0 6 17 9 48 60 91 100 43 14 49 17 17 64 2 40 71 61 32 92 36 66 32 93 79 60 74 44 22 15 52 72 12 74 14 63 50 36 92 48 17 39 38 43 77 48 0 95 38 54 39 76 66 50 86 27 26 29 33 36 11 47 96 53 79 70 49 1 68 12 88 69 90 21 47 82 84 31 73 87 2 49 58 65 59 16 21 23 66 97 29 69 24 62 18 96 74 32 47 73 91 50 33 26 7 80 53 60 97 94 47 79 94 14 43 19 27 63 13 65 55 75 58 11 95 99 41 9 98 7 5 38 74 52 83 25 2 13 30 33 17 26 67 54 97 24 90 18 93 38 62 28 18 77 72 19 75 82 99 79 32 82 53 97 78 83 28 63 9 35 38 93 0 41 99 27 79 25 69 74 26 24 100 39 27 23 1 99 47 42 93 37 4 64 85 100 64 28 1 73 38 15 40 65 80 43 98 5 74 17 83 82 65 42 36 25 33 9 37 35 74 46 18 35 58 34 79 54 26 41 60 91 90 92 86 78 47 89 50 83 3 42 79 48 73 66 71 16 28 13 61 63 42 35 3 94 14 73 35 62 96 84 72 73 29 86 32 56 89 75 54 7 20 86 47 98 36 2 20 20 79 17 61 31 6 35 38 42 10 81 74 2 91 33 22 91 55 47 2 68 2 22 30 53 94 95 34 87 3 60 45 20 58 34 30 50 60 0 40 81 39 31 10 60 93 22 9 54 22 64 85 7 67 44 23 81 13 54 69 97 50 41 73 7 29 77 
12 91 30 89 62 3 24 57 63 45 22 31 54 13 68 32 12 100 28 94 46 83 39 8 70 85 58 3 59 47 41 29 74 47 28 95 6 66 86 65 82 8 5 56 84 2 61 95 100 2 18 65 28 13 14 76 97 16 47 37 28 99 88 19 91 6 56 80 3 65 8 26 76 38 95 67 29 8 27 56 41 87 31 87 30 36 9 47 16 21 23 2 65 52 62 33 3 4 37 43 34 75 91 11 49 99 0 58 88 25 67 4 44 36 6 56 44 44 88 31 91 57 21 84 6 2 15 78 38 36 76 74 83 99 13 60 13 38 88 14 72 23 74 97 10 56 26 61 5 74 48 85 63 31 71 31 23 29 18 68 95 91 9 56 20 97 70 96 74 12 21 79 19 12 72 52 13 76 54 43 40 43 96 60 73 41 35 24 71 74 53 42 82 49 99 100 61 19 42 15 9 82 91 67 27 50 4 70 89 81 46 2 52 42 10 10 5 20 73 10 74 93 22 4 10 93 58 2 10 42 97 25 72 98 73 76 23 56 53 56 90 22 56 16 84 62 74 65 77 77 15 26 81 43 17 56 97 46 51 89 85 76 15 16 97 45 2 74 7 62 92 88 97 0 7 21 68 10 16 25 37 7 22 31 98 43 42 9 28 1 97 76 34 39 31 77 69 28 6 86 57 65 75 62 14 78 89 84 79 17 24 25 94 70 80 65 32 46 71 9 90 22 25 70 19 36 23 8 16 98 39 61 66 6 20 96 27 14 54 96 31 76 65 22 93 49 78 49 2 22 50 10 57 56 98 86 91 74 67 42 30 54 36 2 59 62 66 51 89 90 12 94 81 8 47 71 49 79 32 68 64 19 24 29 76 51 0 10 70 1 11 77 63 84 2 66 79 64 93 79 
12 21 93 41 9 7 49 60 25 47 91 85 97 98 51 4 72 11 83 93 1 44 95 33 74 90 53 89 27 91 29 20 84 14 68 53 46 64 78 25 11 50 37 99 26 31 76 44 25 47 20 24 0 4 90 22 61 56 75 5 49 81 62 15 16 84 52 17 72 43 88 51 37 96 14 59 17 42 52 76 56 27 48 92 47 83 74 5 74 79 65 40 25 77 82 42 13 9 62 19 18 11 52 46 61 11 53 13 97 44 20 96 95 67 9 12 54 74 70 78 60 89 11 24 44 68 83 37 30 83 94 18 1 52 56 53 22 9 73 44 21 1 68 58 31 40 21 34 43 7 91 46 100 74 95 6 89 81 49 66 33 92 73 98 3 16 51 68 83 35 83 18 79 59 88 2 45 100 23 2 37 40 11 30 46 2 31 43 65 72 52 28 45 73 58 48 46 59 97 25 85 7 1 82 3 89 65 89 37 50 3 71 6 18 20 53 37 35 1 21 12 44 77 49 94 54 77 29 63 28 99 3 20 46 33 52 55 49 1 32 97 32 70 30 7 73 67 14 5 89 75 25 28 87 71 32 13 62 32 70 41 18 85 58 38 94 52 40 49 16 61 69 85 34 45 48 34 84 69 48 90 18 77 36 37 19 28 17 59 9 83 46 15 43 86 43 92 85 20 95 26 20 99 12 72 98 59 64 90 49 55 37 54 42 89 59 93 69 71 72 41 5 79 17 47 7 28 67 93 17 18 57 15 18 38 13 96 59 18 99 62 81 66 95 9 2 96 39 58 85 34 47 68 55 64 24 96 9 82 96 39 61 46 66 23 38 99 65 42 6 87 66 5 55 5 94 39 48 0 66 72 27 98 0 96 26 73 83 26 44 67 21 83 95 26 9 100 43 19 35 
90 23 85 42 18 48 27 78 34 24 50 60 32 0 70 43 92 78 49 91 62 11 16 30 22 33 88 42 88 80 14 2 25 1 26 63 99 65 87 47 91 78 60 93 37 94 27 15 48 80 95 86 47 87 27 25 11 38 50 93 36 63 87 62 56 46 99 70 80 0 23 42 72 47 18 20 10 52 2 66 45 46 11 16 54 5 88 87 22 62 16 46 100 68 96 74 25 17 67 9 53 72 35 97 3 70 35 6 75 67 97 91 58 45 8 59 72 86 12 90 43 2 70 61 73 25 66 80 6 7 35 16 44 7 92 30 78 2 26 72 97 61 72 90 80 23 99 47 100 36 28 13 8 69 86 57 38 45 63 64 57 64 61 10 9 84 31 85 75 53 29 35 72 19 85 88 9 41 24 14 91 39 2 64 56 16 78 47 68 5 25 47 80 34 65 50 14 89 11 33 85 58 49 54 33 74 5 0 56 45 27 100 37 30 18 14 81 32 71 79 31 81 76 79 35 35 66 81 13 20 14 2 38 64 54 18 39 35 31 68 93 55 94 33 100 70 6 64 64 4 70 39 1 2 24 71 23 8 39 83 45 15 79 92 49 45 94 79 87 86 54 69 69 86 68 0 4 20 46 26 83 94 13 25 99 49 53 1 6 74 30 99 35 1 57 4 47 61 47 86 9 34 44 1 82 70 26 87 30 91 92 76 49 0 100 85 59 71 95 9 43 75 19 45 16 38 72 5 35 37 34 90 22 2 0 4 65 49 59 75 76 4 8 66 46 90 67 8 6 56 18 44 21 35 59 36 41 56 88 56 10 80 49 83 9 60 17 88 35 16 94 29 42 76 35 56 78 40 32 41 71 87 88 11 73 37 40 63 5 100 91 9 75 48 99 90 64 55 13 88 
19 79 87 44 53 67 87 71 13 49 42 58 17 88 39 13 73 17 59 48 78 76 13 94 39 40 14 7 75 22 61 65 55 12 16 32 15 69 30 66 22 92 21 60 35 14 48 65 29 35 73 49 45 52 94 59 99 36 50 90 30 69 20 43 60 44 13 22 52 29 52 31 49 15 78 15 31 47 25 18 91 78 45 38 54 60 68 21 84 62 52 75 25 72 11 42 55 30 57 25 17 49 15 78 27 99 1 61 3 49 9 82 86 88 29 69 33 16 48 30 19 70 43 69 16 45 57 22 53 55 33 32 92 95 53 62 76 10 47 21 44 31 0 76 19 47 63 30 60 33 0 10 80 68 49 77 28 65 55 76 92 18 40 39 39 24 67 8 81 90 22 90 94 99 69 70 34 61 14 44 80 78 57 64 4 60 1 30 56 78 18 15 29 14 56 19 64 2 30 55 5 15 81 7 64 23 20 37 19 25 56 94 12 45 45 1 31 82 97 59 87 60 64 94 86 20 2 41 45 10 27 68 10 42 47 69 40 44 28 40 33 14 28 91 4 8 40 76 66 7 62 26 56 41 33 66 37 78 19 93 30 38 17 95 23 100 82 47 24 15 64 17 68 20 64 68 82 29 59 90 8 51 36 64 79 74 2 31 60 28 18 26 99 5 53 92 47 9 41 20 56 64 14 100 25 46 1 62 43 20 51 11 82 15 85 79 20 47 61 48 55 1 22 12 45 94 41 68 60 0 33 75 63 37 87 96 63 62 49 53 77 74 66 3 83 58 60 91 82 7 16 35 43 18 31 53 75 87 36 64 68 39 16 1 71 48 67 30 17 38 96 4 12 47 41 65 27 70 45 58 10 94 91 78 32 8 3 8 31 23 64 35 91 11 77 27 69 68 95 98 
15 81 26 59 77 36 56 88 16 47 9 65 4 28 26 94 77 93 94 42 18 83 7 19 70 43 59 77 95 2 65 76 30 41 71 74 22 89 94 99 8 20 100 19 29 17 4 53 30 6 90 29 54 5 90 31 94 36 35 55 27 9 50 46 65 11 39 19 9 8 91 41 72 53 40 78 34 11 87 24 5 78 61 75 64 8 34 66 73 20 4 73 17 5 42 14 35 40 67 27 1 87 81 72 8 62 33 49 12 61 73 69 22 96 62 98 34 21 7 20 60 66 3 47 33 34 99 71 85 0 43 50 63 13 77 63 87 19 4 53 59 84 91 24 2 56 83 30 8 26 77 11 10 68 34 72 35 10 46 6 76 11 99 39 62 95 89 81 66 18 52 52 44 39 51 70 81 58 15 40 95 32 44 41 96 15 89 16 5 100 77 16 12 24 55 74 2 43 29 80 1 72 36 7 46 99 2 75 98 15 9 100 98 24 50 23 72 22 41 3 66 5 83 13 98 41 68 63 32 3 54 12 58 42 82 67 6 12 68 10 97 6 59 51 99 24 53 98 37 82 56 15 90 30 51 74 66 7 21 40 47 69 20 79 92 71 62 92 100 58 43 74 88 17 11 89 46 86 96 12 84 21 93 7 25 78 6 64 11 34 79 9 96 22 53 100 4 52 62 70 76 75 12 5 66 33 0 83 43 35 64 94 4 1 12 30 84 43 69 15 56 20 31 34 65 47 75 36 99 10 65 67 6 63 86 64 77 85 74 56 38 14 52 66 70 15 44 37 92 96 21 67 58 0 34 2 22 37 41 42 8 6 65 28 96 53 98 52 17 28 93 48 59 95 100 27 85 11 79 42 60 78 22 42 88 91 42 100 98 1 84 49 34 38 57 92 100 85 91 60 
26 89 8 17 49 44 50 32 56 30 81 77 34 43 57 32 69 25 87 5 16 69 74 77 9 46 17 23 6 52 65 33 67 45 95 3 6 39 54 64 43 8 94 63 78 23 79 86 11 52 26 48 46 82 10 66 69 1 42 30 44 43 19 44 100 30 55 60 91 5 34 46 98 33 75 44 88 89 39 30 72 68 16 86 11 3 55 53 4 69 6 56 41 48 79 7 13 44 73 60 84 59 53 14 75 74 72 44 67 34 52 99 71 76 3 29 78 76 66 11 77 10 18 65 45 30 7 94 63 71 75 34 19 79 58 11 23 81 23 6 63 79 1 78 70 15 91 0 48 89 6 36 81 32 90 98 17 67 41 60 19 30 7 4 16 94 1 10 19 35 23 82 76 34 53 73 86 27 44 37 55 0 45 32 58 14 56 52 25 47 56 55 61 73 6 9 95 75 98 97 63 45 82 69 75 60 2 18 81 97 44 63 8 34 67 75 78 94 71 47 15 29 77 44 0 45 94 34 23 60 40 93 1 8 33 72 3 90 76 49 75 31 9 55 92 100 11 25 47 13 93 99 75 90 77 94 70 42 78 91 45 27 6 70 86 17 24 8 15 26 93 2 14 33 54 43 80 95 57 20 29 23 57 25 0 11 95 38 64 35 87 11 10 86 24 45 60 31 52 90 58 45 80 80 92 9 91 2 52 7 4 31 85 71 47 31 100 73 54 60 37 91 17 98 25 6 94 14 1 70 84 19 92 37 90 65 44 10 44 25 61 11 0 35 47 79 83 0 44 88 27 20 43 7 96 26 30 2 13 43 16 79 66 10 27 58 26 93 98 60 6 76 90 89 13 85 69 61 93 81 78 96 67 88 49 19 77 77 61 29 17 28 18 68 37 36 86 41 42 83 
18 30 88 63 15 76 12 82 90 28 43 91 63 20 79 85 12 68 31 35 98 63 79 12 22 47 45 36 39 76 65 80 28 98 11 2 58 7 12 46 76 67 98 65 97 51 66 1 70 55 93 66 86 60 86 14 90 60 1 10 76 60 89 6 15 51 52 30 20 8 34 10 0 50 51 54 5 75 60 19 12 16 24 53 75 70 2 85 11 57 4 83 7 99 95 14 29 98 63 70 88 45 82 55 28 49 29 17 18 81 99 83 8 58 57 63 99 45 26 10 98 76 17 62 7 7 92 7 31 95 21 0 48 42 3 19 97 93 55 75 83 20 39 88 37 84 48 86 4 20 36 89 43 17 89 11 36 43 82 34 88 21 24 35 23 63 91 17 86 39 25 0 63 12 94 30 87 18 99 91 61 69 24 74 1 21 57 96 33 2 22 32 19 0 91 91 98 49 1 11 80 36 27 87 13 50 98 47 82 69 27 19 93 77 34 58 10 77 14 78 54 27 81 48 3 46 100 77 42 46 31 54 27 81 72 81 24 91 99 75 100 26 42 5 6 63 68 25 90 25 100 26 69 14 8 23 38 35 3 77 39 84 83 74 50 86 73 8 91 23 94 61 75 88 64 68 61 19 72 12 22 5 4 37 88 0 85 68 82 25 93 45 70 54 55 2 0 8 79 87 89 29 88 17 40 40 21 86 11 96 20 6 66 64 13 95 49 18 77 91 11 94 35 13 30 51 44 41 47 44 39 50 85 88 55 4 1 79 25 93 84 25 53 34 1 46 13 9 74 66 42 19 85 61 91 91 9 17 83 25 67 52 11 36 61 84 42 88 18 42 67 49 89 84 6 68 31 92 83 12 14 4 87 28 64 59 83 4 49 3 43 22 52 77 18 0 4 33 20 8 
92 34 25 67 77 30 56 56 6 99 91 20 95 72 65 27 36 78 27 93 22 20 48 91 77 81 87 45 77 9 25 41 45 40 70 51 35 25 5 82 86 60 63 81 49 87 59 46 52 56 77 49 57 34 37 59 35 19 45 30 34 45 73 93 20 24 51 54 28 32 44 40 16 70 17 5 16 91 20 81 78 26 54 4 79 91 10 10 36 78 25 4 18 39 3 30 22 58 17 39 18 51 53 67 61 47 58 59 70 15 25 83 93 85 2 14 81 81 9 59 75 32 23 75 59 26 25 70 6 10 32 80 63 59 3 35 17 33 72 74 41 61 38 24 52 58 30 56 63 50 23 80 28 55 1 86 47 15 41 93 42 59 41 38 26 26 8 83 0 77 65 61 12 59 79 17 6 20 80 68 39 48 90 8 23 70 61 16 34 4 54 12 66 13 20 84 71 58 69 83 86 6 43 79 63 13 2 0 38 42 90 47 24 39 53 77 97 42 0 0 67 0 48 43 83 85 4 50 66 24 7 18 81 33 27 47 91 9 27 95 90 61 8 100 83 19 45 74 34 52 45 24 88 50 95 21 9 95 57 80 92 0 63 32 99 96 40 89 56 65 88 65 51 38 20 50 83 86 65 17 4 34 39 54 56 32 58 43 31 25 89 20 65 41 19 79 87 39 57 88 83 26 39 40 10 83 10 51 7 65 84 88 24 4 2 48 47 65 97 96 49 80 15 35 27 96 89 84 69 56 93 1 51 94 22 53 67 51 80 86 14 56 15 45 49 77 36 44 25 85 100 47 49 70 37 82 84 40 1 52 10 51 35 64 56 10 14 81 63 78 62 40 67 10 40 91 49 83 59 55 18 5 27 41 84 4 42 36 59 98 87 49 48 37 84 77 88 57 65 29 
8 31 15 54 85 41 20 29 28 4 11 80 90 29 8 60 23 88 85 37 97 55 9 4 74 70 73 80 27 79 27 73 69 84 48 35 100 9 40 54 84 98 40 48 92 51 25 71 12 10 62 37 84 61 3 11 3 59 7 45 15 72 26 31 92 70 22 12 47 15 91 41 81 57 32 46 94 88 25 46 75 37 26 49 43 99 36 87 12 28 46 77 25 96 34 82 61 21 66 16 31 12 23 2 72 100 23 69 82 69 60 12 29 97 31 7 11 64 86 58 64 3 59 18 21 60 96 30 64 59 42 34 39 39 92 92 67 68 38 56 4 0 99 46 99 82 39 53 39 44 87 97 99 30 50 35 90 30 95 72 92 26 79 28 7 45 86 51 61 35 55 63 74 46 74 100 24 81 22 92 37 51 13 41 35 39 13 42 71 12 20 74 88 34 80 55 97 41 48 9 86 64 69 72 22 0 83 78 43 50 81 80 4 91 88 68 78 46 64 86 32 58 44 91 62 82 53 82 61 1 89 58 40 95 100 98 74 86 63 91 80 6 37 38 69 51 79 8 57 91 72 65 87 48 59 20 16 45 40 73 84 38 73 34 68 88 2 18 46 7 66 4 53 56 23 6 76 94 25 40 68 47 29 60 2 3 80 35 26 80 32 65 95 81 39 49 8 31 38 98 42 48 23 33 98 97 20 29 64 59 5 22 97 20 11 73 34 12 96 70 32 23 78 78 51 65 1 3 87 81 7 74 76 19 69 33 38 69 33 76 19 61 21 4 87 66 71 7 34 0 32 10 56 11 4 82 52 17 4 37 76 74 99 29 15 51 6 37 62 90 52 92 27 32 54 87 17 44 52 58 47 7 88 22 92 60 58 75 9 57 61 89 74 1 39 32 32 93 52 54 
57 13 66 26 10 80 97 44 75 96 20 34 83 62 22 96 17 56 100 57 46 49 38 13 73 48 36 22 47 4 13 37 59 16 5 85 95 88 99 66 84 81 90 31 2 90 20 32 12 40 46 66 10 72 30 96 75 56 4 83 42 24 85 91 18 53 30 96 2 53 33 51 35 14 97 0 3 36 84 55 70 75 70 23 5 86 38 44 98 38 61 86 100 25 94 53 89 73 91 57 23 12 57 54 23 45 97 72 62 55 58 89 85 98 44 70 48 65 58 11 67 34 70 43 50 57 67 36 44 55 50 69 84 10 22 45 12 75 63 77 96 64 68 83 95 16 43 56 26 45 0 5 56 48 17 32 55 27 67 96 49 87 87 69 94 53 68 99 10 85 78 72 100 57 61 85 8 94 51 68 61 59 17 98 90 34 28 50 58 50 98 62 92 75 47 90 94 29 87 56 88 34 69 96 62 27 19 58 68 72 16 20 81 9 30 12 70 13 44 28 5 93 47 59 0 65 16 42 66 65 8 33 44 53 12 8 26 6 29 42 34 48 65 2 9 18 99 40 71 79 38 4 73 76 62 63 99 33 4 82 30 65 51 27 72 96 14 19 53 82 58 16 78 69 76 24 100 40 46 81 69 60 23 13 7 20 47 85 10 50 55 16 29 55 57 12 69 54 15 1 75 6 96 44 73 78 9 30 18 88 80 26 1 37 81 26 17 41 2 62 81 95 23 63 29 60 66 97 50 33 32 39 97 85 54 11 22 6 40 77 17 95 72 5 84 71 70 16 27 25 34 61 63 15 55 6 1 42 44 78 2 92 60 87 65 52 54 100 16 48 64 11 81 36 38 67 45 6 44 85 82 0 11 13 28 11 30 52 31 93 73 41 70 87 76 98 99 2 50 43 
39 29 27 72 95 17 48 71 30 12 72 39 100 31 100 40 13 73 31 61 98 49 11 19 47 77 81 32 63 92 40 46 76 72 92 78 69 25 66 17 21 64 1 15 39 6 21 93 36 61 85 51 15 77 98 83 53 44 29 75 87 78 95 63 36 0 29 41 6 6 43 27 11 12 79 82 2 86 56 71 91 93 54 23 25 48 10 73 77 55 87 63 10 3 60 50 24 66 62 70 7 6 60 70 56 40 20 21 77 64 29 49 48 50 75 70 35 91 91 75 63 2 9 18 78 20 53 80 19 59 34 51 6 50 97 80 60 25 50 19 63 19 31 64 89 41 10 48 89 12 43 48 99 72 96 44 60 53 76 41 73 75 15 18 39 81 61 39 55 54 1 63 98 5 27 43 31 71 34 44 25 77 6 27 73 53 91 30 97 40 24 37 40 86 97 30 33 82 48 37 72 89 0 60 52 39 36 9 97 36 100 25 13 68 48 33 79 37 93 70 51 49 50 33 62 78 30 48 81 19 33 3 7 7 63 24 37 15 77 94 42 56 15 48 48 22 46 89 50 75 53 33 29 35 71 53 32 47 35 90 28 32 90 68 15 14 8 61 69 77 81 53 65 45 45 17 36 66 95 18 70 64 63 69 90 13 67 70 48 39 98 14 44 25 5 34 25 41 1 0 44 19 34 10 11 37 24 78 49 71 25 10 55 29 66 58 89 5 33 85 27 73 36 40 11 95 91 23 65 61 12 91 74 6 33 18 21 61 71 0 91 34 39 19 93 10 31 9 33 34 62 93 46 23 56 12 57 48 14 52 82 26 62 25 57 40 66 33 21 44 17 74 19 96 81 75 88 2 80 36 89 99 0 65 52 84 18 59 2 44 44 86 20 90 44 74 95 96 78 99 
31 67 10 2 62 1 47 62 50 1 6 91 46 65 32 63 68 70 1 73 19 85 69 68 69 68 90 91 84 68 33 87 6 14 30 68 37 60 62 98 75 29 54 90 11 70 63 0 94 35 91 60 82 12 74 43 78 27 26 89 58 63 89 5 61 60 40 86 97 86 64 42 21 67 44 91 90 18 98 2 17 49 59 6 46 84 55 2 48 60 3 50 67 37 72 30 33 44 72 66 18 17 75 29 65 50 19 86 19 68 46 53 15 99 18 82 9 84 65 1 14 21 46 97 18 62 34 38 91 37 20 39 29 56 7 3 88 38 37 39 20 82 58 59 90 59 49 53 27 43 5 16 52 90 87 70 60 51 39 50 47 6 35 81 99 10 50 92 11 13 100 79 3 19 48 61 37 41 56 48 34 5 95 9 79 98 25 21 47 24 56 64 95 71 24 56 92 68 66 63 84 98 63 42 74 61 41 26 29 57 55 8 23 91 61 75 99 74 45 70 71 86 63 63 16 41 40 19 95 88 45 62 77 54 50 90 53 27 67 72 98 6 12 48 87 4 82 88 32 82 4 26 24 40 46 20 51 52 1 100 76 11 13 10 99 13 4 7 96 73 20 24 50 92 69 53 37 12 68 74 61 63 54 61 50 51 72 72 76 19 98 35 38 76 91 64 62 67 28 84 72 44 81 55 71 95 69 59 9 27 26 45 46 29 80 68 91 11 24 73 45 60 94 0 71 70 6 49 26 66 37 23 93 65 68 73 98 84 12 91 81 40 60 26 36 71 4 85 59 31 23 34 43 35 57 17 76 63 43 63 47 63 59 47 44 58 45 58 0 23 18 79 5 86 16 27 29 51 56 25 13 12 34 42 79 72 79 18 94 34 57 21 20 81 45 93 25 68 56 45 
88 9 14 2 14 77 73 34 87 10 7 18 46 57 52 18 8 28 89 74 99 61 54 42 34 54 20 38 87 7 65 90 26 64 66 60 44 58 35 58 16 28 86 94 93 75 4 21 18 65 45 21 8 82 54 31 83 32 0 11 44 77 81 41 38 25 94 23 56 56 67 57 14 99 36 53 2 72 52 99 31 28 76 63 80 91 33 6 12 71 23 10 36 78 52 35 84 89 8 55 48 97 4 40 1 17 24 28 99 64 49 94 36 58 37 85 68 35 92 76 49 35 1 21 1 80 2 82 14 58 61 8 15 18 10 48 63 16 49 21 18 37 12 67 21 22 31 73 28 41 32 8 70 78 76 14 46 20 10 7 80 27 97 24 84 40 55 37 61 62 13 52 88 5 3 28 30 52 10 94 19 42 70 5 83 3 12 45 39 74 82 15 83 71 11 9 54 100 71 63 2 14 34 74 7 39 67 45 89 72 39 45 23 1 20 52 95 51 33 73 5 70 56 60 92 94 32 77 13 71 55 54 45 68 85 68 16 68 64 28 62 83 3 66 11 76 89 99 60 23 86 22 13 98 90 58 66 7 31 19 50 17 32 22 87 99 15 0 67 76 38 14 32 38 95 6 91 51 32 9 5 75 54 78 46 38 19 35 20 22 40 11 69 87 59 79 5 31 79 26 66 2 97 87 57 58 50 85 86 16 36 53 67 51 2 59 18 100 66 78 48 64 97 57 85 18 89 65 70 66 32 54 38 86 58 26 17 22 43 87 47 97 46 35 38 46 10 78 37 37 6 11 39 67 78 81 32 66 35 14 65 90 29 12 10 50 23 55 21 37 99 49 34 77 80 65 85 89 36 10 18 74 83 50 5 66 6 27 73 48 22 26 70 31 18 70 75 21 10 14 
29 52 35 47 38 78 48 89 4 71 9 48 86 31 30 48 75 21 75 54 49 19 84 35 55 86 94 95 24 88 93 23 80 78 24 19 36 60 51 70 25 7 17 36 42 30 3 91 72 4 88 16 21 63 25 9 86 58 41 70 85 85 58 25 14 22 44 19 90 38 5 64 20 17 37 41 74 83 90 9 22 39 29 55 59 2 94 39 49 26 81 29 2 87 28 55 55 84 27 90 27 54 47 23 45 79 13 39 34 79 62 13 64 5 64 70 67 1 43 56 37 20 90 55 51 10 67 11 10 52 65 85 50 6 61 46 11 14 25 73 62 65 76 74 58 72 94 64 74 94 19 12 43 0 59 31 21 28 76 14 18 18 86 72 53 86 31 49 31 31 98 77 81 26 48 18 27 98 1 33 41 83 73 90 70 37 21 76 33 64 10 52 34 22 73 18 62 21 37 40 86 7 44 49 67 71 94 96 60 92 27 81 27 13 79 96 41 15 24 59 99 40 37 2 15 21 45 74 74 16 98 9 72 30 36 2 56 1 48 8 13 60 16 33 8 32 91 36 100 85 100 94 57 55 89 28 73 30 51 0 2 33 5 50 77 79 89 59 56 98 37 16 5 48 94 96 35 6 33 74 51 31 26 83 7 40 77 25 27 49 47 11 5 30 62 99 48 46 12 30 47 64 90 88 51 23 91 9 49 64 65 26 19 23 5 87 69 6 74 76 47 42 40 81 64 4 68 46 99 6 42 31 0 15 66 70 29 26 80 24 37 49 34 95 50 9 51 95 90 68 84 50 56 27 21 0 84 25 54 17 84 22 29 19 63 81 30 56 26 73 45 0 76 52 98 89 81 93 79 9 71 100 88 3 19 38 91 89 11 59 37 7 73 8 83 38 23 94 47 59 
44 95 41 90 28 30 57 67 74 41 99 91 52 61 25 40 100 87 40 94 46 76 63 45 51 89 88 56 64 27 65 7 43 92 99 2 82 100 78 73 25 27 23 98 21 6 52 21 11 44 50 98 92 54 5 43 53 62 17 60 13 17 10 22 53 57 1 80 25 18 94 31 1 38 61 76 32 77 81 29 45 2 86 77 43 47 41 17 73 61 41 12 40 72 28 81 49 86 14 37 55 45 28 87 6 92 70 88 81 77 12 20 23 57 78 83 86 50 38 66 68 1 96 41 34 43 59 100 100 71 83 69 68 8 75 39 75 97 17 98 49 51 86 62 66 51 97 75 87 51 68 100 69 2 31 23 45 16 100 47 81 18 55 59 22 9 5 80 36 46 37 97 92 17 0 77 97 83 31 54 3 21 57 54 60 21 87 29 3 61 66 17 9 45 90 79 19 43 18 88 15 8 62 0 41 83 58 6 84 60 56 10 91 19 62 26 79 60 25 37 99 11 94 100 47 97 84 36 17 15 96 57 4 84 34 38 75 27 88 87 65 32 34 42 87 36 52 11 58 29 56 39 7 52 89 9 88 98 61 92 26 50 75 35 95 22 44 16 86 52 41 15 40 12 58 74 16 39 100 50 4 82 85 54 73 67 76 69 65 56 0 52 63 34 82 81 5 42 0 18 33 44 85 50 32 24 84 25 58 32 13 49 3 12 29 60 3 91 44 99 96 68 13 79 95 94 12 35 16 53 30 39 30 51 3 12 30 40 89 10 78 1 97 85 48 95 14 12 70 9 55 85 56 55 13 16 97 78 83 41 36 78 76 90 99 9 4 62 74 91 50 60 72 86 41 30 35 15 11 44 37 37 66 62 28 93 94 89 75 50 1 46 6 3 60 44 31 21 36 47 
26 45 81 30 13 21 85 71 67 38 48 36 43 75 93 2 95 53 42 80 34 79 49 94 15 23 57 83 93 50 2 81 32 10 28 31 56 5 78 77 30 7 31 77 10 23 94 21 64 54 89 43 83 74 47 69 33 47 43 32 99 23 31 46 11 29 16 96 77 94 56 68 42 21 22 39 10 79 24 17 75 11 56 7 63 77 36 3 8 69 49 56 90 48 65 44 30 58 52 54 28 72 97 66 95 45 78 96 13 51 7 19 91 76 98 39 4 99 95 55 17 19 18 10 7 64 89 64 90 24 72 24 4 56 84 53 80 42 35 95 50 38 75 44 74 10 98 25 40 42 6 58 35 22 97 58 74 13 43 50 42 64 72 79 42 20 40 4 23 89 25 68 70 77 75 6 10 13 70 35 50 52 73 33 61 41 3 6 62 9 24 83 46 8 15 92 58 79 94 18 87 85 43 79 52 0 62 55 75 34 89 7 7 25 64 99 84 8 20 30 30 75 89 71 21 3 73 61 23 3 70 43 15 89 2 100 66 35 31 13 65 62 31 99 38 86 22 71 49 15 8 92 57 37 49 36 44 33 85 1 84 12 61 26 68 77 93 92 86 72 44 57 9 88 8 58 92 55 18 81 31 63 46 11 90 90 97 33 9 8 42 77 22 80 37 100 10 44 86 46 62 25 8 53 33 75 91 23 46 3 37 51 92 43 50 63 93 48 37 61 3 93 4 23 38 28 57 10 78 80 19 54 18 39 2 59 1 27 33 84 79 57 38 87 77 32 10 23 22 48 58 9 51 75 65 69 72 94 31 60 39 91 81 93 3 42 67 40 94 26 0 93 47 45 49 8 21 56 72 69 59 3 27 2 1 83 25 38 87 43 86 60 54 74 50 91 72 83 19 1 
76 17 25 80 20 48 86 67 57 45 98 28 66 82 24 82 99 62 75 20 58 83 16 26 99 74 71 70 47 90 97 67 69 85 12 32 90 73 9 51 55 30 56 62 75 7 49 74 1 73 7 65 92 99 8 96 80 85 100 75 77 75 61 87 76 62 21 10 23 70 89 26 59 9 11 47 0 73 44 36 79 86 50 0 67 80 31 67 87 77 46 58 66 15 84 5 69 69 29 19 63 47 72 39 72 26 37 66 7 18 95 0 92 27 61 52 98 0 40 4 5 97 88 63 95 21 44 99 15 62 38 69 12 87 20 34 74 44 20 12 16 2 100 51 16 57 71 97 44 40 11 56 34 65 16 75 41 21 91 20 97 70 17 94 47 17 44 41 6 53 53 0 55 51 66 32 18 64 24 32 79 51 87 69 39 60 76 67 17 61 17 91 65 92 70 75 36 61 98 58 97 45 82 45 76 32 89 19 70 88 70 85 9 3 68 98 28 88 51 8 49 5 31 55 19 42 28 31 26 15 49 59 91 33 100 50 8 11 51 82 14 23 58 29 27 98 60 71 28 42 61 64 37 93 39 14 95 1 5 91 13 58 68 56 55 42 59 32 33 68 29 80 12 78 31 43 86 71 2 63 15 22 42 80 100 15 53 81 71 78 51 67 32 66 22 47 35 43 46 23 43 16 67 21 2 13 19 26 18 5 55 86 78 82 13 30 66 2 0 17 22 34 84 10 95 87 11 16 24 65 33 45 51 48 25 20 32 99 72 17 19 12 15 41 4 93 0 61 3 82 13 27 59 47 61 3 25 62 60 26 93 37 93 22 26 8 33 12 69 85 78 25 21 88 75 84 1 84 2 55 15 38 32 93 42 86 20 73 77 73 51 9 49 55 21 72 7 65 25 61 
79 100 28 65 75 9 96 21 90 25 19 96 8 56 97 81 28 64 14 41 72 30 9 4 20 87 81 82 27 38 67 96 90 85 61 13 53 77 66 40 30 96 7 70 68 93 49 81 19 53 11 96 60 73 17 61 78 73 35 26 1 80 21 1 25 90 47 13 80 8 12 48 30 59 35 98 68 1 21 94 70 29 7 8 17 47 72 21 74 11 31 59 19 72 88 3 49 25 54 42 96 95 9 73 73 87 95 31 89 11 86 41 36 91 50 100 48 57 74 24 21 46 63 32 22 7 20 41 93 3 91 71 62 51 53 79 5 92 97 64 86 56 71 43 64 0 62 19 16 27 25 83 55 41 44 63 76 95 38 58 95 19 2 65 16 15 63 88 56 45 0 64 70 51 39 25 97 97 11 90 41 51 88 38 95 29 95 2 92 67 41 94 10 33 39 71 88 90 74 63 33 21 95 37 68 55 95 95 22 24 78 92 98 97 17 61 53 77 96 52 68 79 100 68 79 26 26 68 49 100 80 1 93 37 15 37 91 19 49 91 91 11 59 20 50 57 17 21 65 58 87 44 71 21 29 79 48 15 43 31 99 7 70 37 34 35 16 46 18 6 21 28 5 10 37 20 58 36 62 46 13 46 20 50 29 92 36 69 60 69 77 21 39 96 66 52 94 21 17 98 60 18 59 63 84 47 57 61 36 47 64 23 16 2 48 86 22 36 59 49 47 18 84 7 41 10 10 21 60 16 18 23 12 82 3 76 51 98 30 75 13 28 24 49 2 93 65 79 74 43 99 92 96 57 91 45 77 62 35 70 21 44 33 46 6 55 62 41 61 23 73 16 63 41 84 79 97 99 43 97 90 87 55 59 38 49 10 34 79 37 52 54 85 22 3 32 81 5 10 74 
73 9 61 98 33 18 0 32 14 45 84 88 1 100 98 78 64 40 34 60 47 52 65 55 19 91 29 59 45 42 100 94 64 69 82 6 5 93 86 73 24 27 47 43 26 47 36 30 90 87 46 4 76 37 62 83 25 84 81 42 36 34 44 81 95 43 64 77 76 5 7 72 26 45 30 27 31 65 17 72 61 88 20 51 12 70 43 31 15 2 20 58 90 25 28 62 54 18 88 34 73 28 24 53 13 23 54 83 76 78 3 70 48 79 13 97 90 17 44 4 32 62 66 60 97 94 17 23 76 26 88 15 62 95 100 34 50 2 11 53 43 45 18 22 98 2 0 16 31 6 43 88 31 62 34 74 64 50 8 57 30 19 72 22 55 61 90 94 58 17 3 77 78 24 75 43 66 87 74 75 27 18 6 19 63 27 34 8 86 88 90 51 84 50 64 95 68 80 21 35 88 45 97 48 14 7 22 51 84 71 0 62 53 19 40 59 59 48 18 43 70 59 24 50 28 17 77 76 40 66 40 4 83 98 61 17 85 14 86 88 77 83 65 73 25 43 37 32 57 10 49 31 94 23 4 8 74 40 2 92 39 95 18 0 73 72 43 7 95 69 64 75 50 38 31 53 51 68 71 85 33 26 22 44 66 85 91 26 2 38 22 19 37 91 92 75 7 95 27 3 88 58 63 5 34 92 68 70 0 53 67 65 76 24 87 48 45 9 86 85 40 89 68 4 63 100 2 59 88 5 93 49 54 92 28 31 85 61 11 17 30 62 88 43 36 84 100 80 6 25 52 9 65 37 21 14 96 98 49 62 21 11 1 42 57 40 35 90 34 77 75 75 100 26 25 88 8 22 2 59 95 94 31 29 17 72 26 2 74 35 100 1 96 59 57 67 33 48 7 39 
34 27 60 93 91 31 97 72 0 94 19 46 64 22 48 95 32 70 24 85 11 78 25 30 29 17 66 39 6 81 27 56 2 17 71 55 89 79 97 29 34 26 86 50 54 77 24 69 98 66 55 44 32 41 93 89 55 50 21 16 61 24 23 61 50 92 78 80 36 64 88 43 95 96 8 20 32 12 81 94 70 80 72 54 16 31 53 61 23 78 98 51 74 46 68 3 40 67 40 55 59 60 76 54 78 55 15 55 22 34 3 37 49 37 66 91 60 80 81 35 16 20 12 50 87 37 35 0 95 59 84 14 23 15 55 0 92 31 63 82 2 79 82 5 82 88 95 97 85 17 28 6 89 14 37 84 82 21 18 1 99 29 80 3 28 96 100 36 93 6 76 77 59 3 35 92 3 19 79 49 47 12 30 67 45 27 60 55 29 29 27 32 85 69 9 10 43 40 4 81 48 61 9 73 33 75 38 28 22 79 32 79 13 19 61 56 35 77 77 61 56 60 99 47 100 60 16 62 99 23 21 28 67 20 78 69 67 19 24 51 91 83 19 9 70 26 61 82 32 100 69 48 53 33 41 92 9 64 78 54 62 0 59 26 50 80 75 80 67 39 98 18 16 24 8 87 0 49 82 69 0 45 93 19 81 52 45 58 57 0 19 74 8 30 59 86 8 70 8 32 51 67 69 33 66 49 78 56 29 30 7 57 0 66 74 37 41 39 25 80 93 6 2 13 38 57 24 67 2 62 100 28 68 36 17 80 14 77 45 68 0 8 29 56 62 87 45 78 43 46 65 86 46 88 74 80 20 54 45 26 51 95 34 91 0 21 39 60 1 94 88 32 24 97 34 10 65 87 59 14 71 94 16 8 66 29 29 61 67 95 47 21 30 42 53 62 82 48 52 53 
58 92 93 57 75 31 13 7 87 61 3 89 70 3 8 30 65 25 18 36 60 60 37 72 9 4 39 16 72 27 40 24 87 41 40 79 20 48 56 26 66 35 85 29 45 84 88 38 53 97 20 98 92 0 85 3 95 6 35 48 100 5 51 75 32 4 4 67 11 62 86 69 70 28 29 23 74 3 88 36 72 44 96 53 54 47 0 67 19 79 69 37 52 1 55 74 7 19 34 19 26 70 38 73 50 88 9 20 100 91 72 60 32 93 95 77 18 0 80 5 77 12 64 70 32 48 63 39 7 49 77 76 11 15 17 98 18 30 20 33 95 19 20 62 96 77 0 71 20 49 61 70 90 23 56 83 58 12 41 49 65 9 17 2 60 77 7 27 32 30 68 38 54 89 97 41 100 36 50 59 88 80 49 7 82 76 25 78 31 8 97 4 80 69 55 56 17 65 74 18 24 54 69 7 68 97 77 30 97 99 59 28 25 10 45 48 24 7 4 64 59 9 36 66 47 88 11 82 96 1 45 83 49 72 84 17 37 86 2 97 73 93 37 41 43 42 49 54 27 89 3 5 35 62 91 64 88 7 94 88 16 31 73 56 84 78 91 52 87 98 55 32 21 23 93 94 96 28 1 4 64 65 26 90 62 92 45 21 97 79 68 41 24 7 36 99 27 21 19 47 39 51 74 82 48 91 5 22 56 72 90 100 86 77 20 10 3 43 21 88 94 17 22 90 81 63 39 25 12 22 94 19 27 89 93 65 14 69 83 41 84 95 84 100 18 65 71 70 38 2 27 27 6 58 29 61 86 82 54 5 75 34 25 16 46 67 86 82 19 18 63 38 2 19 38 22 8 86 94 74 84 33 28 44 72 60 17 22 62 92 35 98 62 99 16 79 91 72 87 46 
44 34 59 61 11 49 60 25 85 75 72 93 17 96 46 93 76 99 3 63 72 91 36 11 6 78 47 66 51 34 79 38 30 44 14 44 56 19 71 30 3 50 1 7 97 12 39 81 11 64 53 31 56 15 19 52 82 57 83 47 66 78 23 25 59 9 26 24 25 24 13 93 14 34 19 57 40 83 99 60 96 64 98 6 46 20 72 57 69 65 76 51 34 17 49 77 91 32 8 85 1 48 30 34 96 70 81 61 50 48 54 19 7 8 62 83 35 78 88 25 70 7 38 55 24 39 81 30 77 89 51 8 0 44 73 57 6 70 83 95 99 23 31 73 7 79 54 83 33 36 38 87 12 0 10 79 59 89 13 9 20 54 97 95 83 78 81 82 60 66 51 8 84 54 24 15 60 59 85 74 18 33 97 31 82 57 35 90 23 82 7 70 68 88 53 15 32 8 82 11 59 48 9 47 30 69 64 70 8 26 18 91 9 91 76 3 54 45 34 87 81 89 40 14 2 79 27 2 86 61 9 51 15 27 77 76 12 46 32 61 8 75 94 74 14 97 91 27 99 66 1 66 40 50 84 64 28 47 82 58 72 10 85 70 97 40 1 8 68 14 74 68 25 57 55 36 70 86 10 24 71 71 5 8 56 31 32 1 10 96 63 55 26 82 50 86 11 45 85 70 52 53 31 54 90 60 88 92 56 4 30 68 87 86 20 96 42 65 78 1 27 49 13 94 90 94 19 97 1 16 47 40 73 61 3 49 96 55 83 92 89 80 73 13 38 38 97 75 27 78 9 35 19 47 49 31 46 91 93 68 92 82 79 72 33 40 53 85 63 65 59 41 34 55 71 90 51 77 15 84 65 94 99 61 23 43 9 11 14 56 26 18 25 83 30 59 9 59 30 29 
96 44 54 96 98 33 6 43 70 14 90 85 11 10 55 40 28 58 28 59 70 70 6 11 67 52 17 52 61 64 59 14 23 31 11 14 28 48 70 98 78 83 11 56 37 75 71 85 76 44 93 34 24 60 73 56 28 24 42 2 84 18 94 41 16 23 56 8 30 94 60 36 37 16 90 0 99 28 82 50 35 2 24 54 47 35 51 13 19 46 45 14 79 44 44 99 32 98 74 85 36 80 89 99 17 88 72 74 86 83 83 9 59 99 98 81 72 71 52 2 15 41 8 97 11 19 1 45 78 38 18 11 14 77 75 94 53 84 40 24 60 4 80 67 77 75 57 37 45 57 68 6 10 59 10 15 31 7 85 97 46 73 54 55 10 14 75 73 72 44 67 29 1 74 66 54 22 98 32 48 91 28 17 20 73 55 100 29 41 78 37 17 31 69 86 95 70 100 38 32 61 97 45 98 16 46 67 54 46 99 37 21 57 6 9 37 99 9 97 36 7 87 20 93 14 75 69 98 70 3 16 4 91 91 9 35 44 84 51 75 7 25 96 5 69 42 79 61 29 28 3 50 19 5 97 30 22 94 73 38 56 90 86 36 38 86 16 45 25 51 14 57 81 23 7 27 3 89 24 84 95 73 72 13 66 98 95 89 8 70 87 43 81 77 29 11 3 82 24 77 11 17 27 65 31 63 14 80 17 38 78 88 74 38 22 11 74 98 12 88 29 74 84 90 75 44 26 16 2 80 75 53 79 90 34 92 75 81 71 100 24 87 93 93 59 24 86 42 58 26 6 2 41 84 99 69 77 62 86 87 58 21 12 21 78 78 14 65 54 71 99 8 5 12 74 61 78 67 26 59 45 2 25 81 19 59 21 50 25 19 91 83 68 32 60 68 70 73 45 13 
39 64 4 91 92 46 60 49 74 57 45 54 16 18 73 80 30 58 43 80 35 54 44 51 62 31 32 12 79 45 44 82 13 34 35 100 63 15 7 41 72 83 19 16 15 14 28 87 72 6 72 45 47 72 34 27 81 63 21 32 72 29 93 37 87 5 37 35 9 95 13 79 84 45 59 29 28 57 30 55 67 2 43 6 66 73 47 83 49 59 70 79 94 38 5 50 78 60 1 85 79 95 64 97 100 24 31 51 31 60 57 17 88 66 7 61 37 20 98 23 94 18 94 94 54 51 65 46 50 56 37 77 83 76 8 86 46 60 2 100 71 24 29 53 35 100 26 17 60 6 94 30 87 53 15 82 54 27 96 41 33 54 0 88 12 32 22 83 11 36 31 33 31 38 31 71 41 38 36 44 66 70 21 45 16 35 1 48 80 18 88 31 100 60 27 42 83 68 90 56 23 76 10 38 100 56 21 74 44 60 4 19 17 47 98 62 15 59 45 38 97 5 41 81 34 80 23 18 31 9 9 85 8 75 63 48 31 81 40 33 12 26 76 13 26 76 63 16 10 70 73 85 39 74 11 32 65 93 9 42 22 61 23 81 66 79 32 36 65 6 42 15 26 28 27 43 50 11 44 94 86 49 25 46 45 64 17 29 74 49 70 86 89 93 52 52 39 46 3 84 9 8 64 16 90 33 8 75 26 93 55 72 94 32 100 83 47 7 20 78 49 57 29 48 92 9 95 40 76 4 67 15 52 77 98 37 38 56 96 88 45 5 14 30 32 76 72 21 19 19 5 71 9 91 53 62 48 63 16 58 41 45 19 28 94 61 3 55 67 57 96 83 8 45 0 37 88 35 1 46 71 99 32 97 34 48 31 49 43 13 0 71 63 75 73 41 81 40 48 95 
60 99 44 9 1 20 28 54 53 7 98 13 42 42 2 66 36 13 80 72 25 51 76 10 29 81 77 68 28 42 2 84 58 26 72 63 72 59 50 40 1 0 55 49 97 100 85 5 94 87 82 48 53 3 27 22 86 61 12 10 46 68 71 68 44 69 21 27 18 93 48 41 72 88 5 78 78 50 30 44 33 16 32 34 9 30 39 25 23 19 63 55 11 70 67 56 74 43 34 90 41 34 7 97 42 4 12 97 81 34 75 47 41 72 83 52 67 25 77 73 90 70 54 67 14 14 67 92 15 44 26 66 34 17 62 0 92 36 97 7 51 31 75 66 89 22 10 91 61 18 36 1 84 48 86 23 30 80 91 58 6 88 79 82 27 87 21 50 81 82 71 32 19 33 22 36 59 92 38 86 33 90 2 17 19 36 32 28 28 44 15 77 63 72 0 91 29 52 52 67 75 88 95 2 17 72 53 35 63 72 29 97 30 1 67 15 9 83 43 69 55 4 37 77 78 62 0 27 70 8 35 39 29 29 27 21 57 22 3 51 11 24 78 90 49 15 85 61 94 80 3 5 44 33 53 75 11 95 44 4 52 26 51 46 13 13 14 91 26 38 16 25 6 43 54 55 21 94 80 39 21 75 8 49 58 41 98 79 41 33 73 0 10 4 36 26 27 38 0 79 95 93 1 91 55 51 65 19 60 60 41 4 3 100 71 96 83 57 84 34 76 37 95 66 4 68 13 25 89 43 0 98 98 90 1 54 71 84 29 44 91 9 72 42 0 46 6 31 74 12 100 70 10 1 40 99 8 28 98 34 77 24 11 63 41 9 70 14 16 78 97 63 14 5 76 56 74 64 92 94 32 31 43 8 90 0 88 25 20 27 91 8 16 64 78 95 46 29 47 59 
20 89 96 16 49 61 14 81 19 97 53 64 19 57 73 45 59 13 95 72 99 63 27 29 10 71 15 53 77 48 56 64 46 6 78 18 19 62 63 1 78 45 86 21 40 38 47 55 80 79 39 32 12 22 54 33 64 37 100 79 24 70 40 41 15 44 85 83 17 60 74 43 71 14 78 8 17 59 97 43 44 37 96 2 0 4 44 12 70 77 11 68 54 48 12 35 8 6 80 11 2 79 13 31 95 95 18 22 44 7 91 86 91 71 61 85 42 19 58 23 99 46 70 3 99 22 43 46 36 7 77 79 62 63 58 33 38 90 44 70 52 78 72 59 1 18 100 96 12 98 69 92 96 99 46 100 15 1 78 76 94 29 85 66 85 95 89 12 31 80 100 24 97 79 67 72 61 66 27 40 31 27 40 96 63 56 9 22 45 59 70 72 77 12 99 29 54 52 8 23 91 42 24 8 89 46 13 87 10 81 46 66 67 56 95 11 77 41 30 46 75 49 82 22 41 23 25 98 61 34 48 2 30 16 92 83 45 47 41 66 36 23 30 79 55 47 92 81 83 31 94 53 65 83 4 89 95 79 25 25 97 47 21 26 46 6 90 79 80 74 57 3 64 20 51 50 94 28 74 26 73 89 5 76 69 43 37 88 19 89 43 97 71 87 2 90 3 76 47 7 34 89 21 56 15 86 60 76 34 94 33 15 5 71 89 65 39 57 32 80 7 76 91 7 97 35 38 95 87 53 28 58 25 35 62 21 87 40 39 68 99 75 26 85 61 19 22 4 56 29 74 82 51 63 11 4 2 61 29 36 81 16 48 77 86 91 40 52 68 46 13 30 33 97 13 25 37 56 12 33 58 94 86 60 13 34 17 93 55 10 28 3 10 54 61 68 4 7 33 24 
8 57 70 24 17 40 37 27 91 46 17 45 19 2 51 8 40 83 89 78 91 10 82 67 57 47 41 97 34 38 77 91 66 85 94 31 38 80 73 66 11 44 63 16 72 62 72 51 35 96 80 90 7 89 29 83 85 43 62 100 33 64 5 48 85 69 44 88 62 51 22 75 0 43 26 69 4 91 46 10 37 84 58 81 9 9 87 54 95 58 58 83 32 71 54 19 24 73 70 19 71 34 67 25 98 32 64 48 75 89 66 17 33 54 78 60 25 2 82 16 18 20 99 59 7 81 61 98 85 33 93 62 57 66 5 98 68 54 27 40 17 28 87 52 8 53 39 59 34 36 95 52 57 24 67 69 53 96 7 49 59 47 100 2 74 51 43 40 32 43 49 57 85 85 87 20 58 13 19 26 36 14 99 94 55 75 29 97 30 38 87 28 53 91 93 17 80 35 40 24 35 8 53 95 91 98 96 9 13 47 91 5 20 4 93 89 86 32 9 70 11 97 28 60 56 25 39 69 6 16 31 2 94 15 55 79 9 100 2 38 68 54 31 95 39 63 55 61 15 18 21 64 21 34 87 22 39 36 29 21 89 81 30 73 38 12 86 14 72 96 11 77 62 89 19 45 24 10 38 17 0 22 28 24 22 96 60 0 8 80 90 65 64 35 13 94 73 13 19 16 66 85 19 28 49 65 0 36 77 7 77 63 12 67 96 68 80 39 7 95 98 66 21 100 30 97 63 17 77 75 51 27 51 70 72 32 97 76 63 72 82 41 37 91 51 82 15 22 25 32 37 68 3 74 27 94 44 7 34 86 64 14 13 46 58 51 95 60 76 0 92 26 71 34 99 20 88 56 68 64 68 89 100 66 91 15 56 14 34 55 76 31 37 85 73 50 42 100 71 86 
16 44 67 94 53 93 10 29 70 2 75 10 21 76 77 17 62 6 55 23 61 18 93 95 22 83 84 14 33 3 36 83 46 90 41 84 92 84 4 48 99 30 47 30 89 17 50 100 7 66 45 13 43 25 48 24 24 24 98 5 16 43 90 16 46 2 81 40 69 4 23 29 82 30 27 75 86 19 7 33 53 97 4 97 21 98 97 9 42 76 34 6 60 59 48 49 42 49 44 7 83 92 33 97 23 24 18 9 93 21 75 93 81 84 66 31 33 85 69 16 99 26 64 21 79 100 100 5 55 80 71 2 60 66 31 46 72 37 21 86 83 59 9 95 56 92 6 89 74 89 42 70 100 44 92 87 74 97 37 30 8 64 57 28 58 32 79 83 90 28 33 17 50 25 38 88 70 78 68 30 6 20 94 36 88 96 81 23 63 50 0 65 97 16 59 52 73 64 19 36 80 61 81 39 36 57 11 50 19 24 2 33 56 37 95 91 67 66 76 92 6 53 12 19 52 27 77 15 54 92 50 24 99 86 0 18 65 47 61 52 68 7 76 85 42 16 54 95 90 8 66 49 63 87 30 43 88 75 22 77 52 59 28 83 30 82 71 26 30 92 99 16 4 56 98 20 73 95 65 30 45 26 32 73 5 90 80 85 85 10 69 1 76 22 2 25 61 37 98 94 98 90 30 84 63 81 100 31 64 38 97 48 61 16 44 71 72 64 3 62 22 83 100 67 72 23 47 72 84 10 19 28 71 77 49 18 22 5 95 87 88 30 85 24 9 28 16 40 17 29 81 35 3 34 56 9 77 53 26 29 92 70 74 37 68 75 18 45 15 91 27 32 48 79 63 63 6 69 49 87 98 46 13 26 70 38 47 86 63 100 18 4 18 4 61 83 85 79 36 4 
95 22 43 85 23 24 12 68 71 69 48 74 61 45 63 53 1 82 40 52 59 13 52 8 34 90 83 53 39 73 76 71 73 11 16 78 78 8 68 40 30 65 99 64 79 46 1 9 7 45 42 98 59 96 69 32 24 6 92 20 16 26 70 31 32 36 71 77 31 36 40 40 28 78 64 82 31 81 31 14 67 44 53 13 19 64 20 28 78 93 28 87 9 80 49 72 54 79 85 90 83 21 16 34 84 45 30 60 81 31 69 96 42 19 45 5 4 58 49 76 70 38 12 50 72 54 2 15 72 13 8 59 53 21 26 68 20 89 52 44 57 47 71 77 31 10 7 83 61 56 24 60 6 94 71 14 7 17 61 63 94 72 64 52 72 37 45 92 28 96 33 64 32 68 31 74 92 78 24 11 23 44 76 80 53 26 42 10 74 77 51 78 47 62 28 18 87 58 3 50 51 42 74 83 81 41 89 18 54 89 52 35 0 95 45 25 12 29 58 25 78 91 92 81 21 56 60 98 22 25 66 28 94 59 99 81 47 15 35 18 8 46 42 28 55 85 83 19 76 7 13 18 11 33 65 12 51 22 3 7 86 32 52 34 43 16 85 74 5 3 93 63 58 50 17 60 92 37 6 19 51 91 52 61 28 21 76 68 7 9 47 59 59 13 20 37 90 23 97 96 79 13 88 45 8 57 80 94 9 19 100 82 64 4 1 70 8 95 54 71 20 67 27 37 95 29 89 50 1 78 92 71 38 79 87 88 70 88 10 38 16 92 100 13 9 52 7 86 17 53 47 2 3 97 69 34 32 24 80 42 89 31 84 81 91 34 90 31 92 34 55 64 90 79 30 83 98 42 11 63 91 79 54 76 65 32 54 50 63 78 59 8 44 98 99 66 87 10 55 61 
20 27 92 72 20 46 17 38 2 94 28 44 72 23 30 98 85 89 20 86 69 60 46 59 78 65 74 74 37 87 91 72 1 59 30 37 36 7 43 27 41 62 50 10 19 62 0 50 48 88 49 39 30 56 5 79 93 20 15 39 8 72 56 88 25 13 17 95 90 4 40 93 67 51 16 91 44 71 64 23 100 45 15 58 29 79 69 75 36 74 52 23 74 30 68 54 42 34 4 2 73 1 80 67 49 43 45 50 90 32 17 89 5 32 40 32 96 21 86 68 86 55 36 70 47 51 91 41 38 98 72 3 17 12 30 84 40 87 75 63 48 49 18 58 5 88 45 46 24 100 44 57 16 58 71 82 90 7 23 50 63 61 77 97 39 88 99 98 62 27 97 41 54 23 76 60 92 13 20 36 71 61 8 74 65 60 30 46 81 22 1 19 18 30 96 60 76 88 47 56 48 16 78 76 17 24 95 41 15 28 29 4 26 5 26 70 71 92 39 4 80 21 13 10 63 37 16 70 42 91 63 65 75 76 99 37 57 75 92 68 44 78 88 58 26 85 70 67 57 61 84 39 98 65 8 10 23 80 39 80 68 39 28 53 38 71 18 98 11 53 69 68 70 76 18 40 16 39 47 63 40 27 47 49 88 36 52 70 63 62 27 1 76 72 53 97 24 34 44 39 46 75 0 72 4 46 19 72 6 64 69 81 77 23 3 84 79 24 9 7 79 49 20 41 95 76 43 91 61 26 2 69 92 30 40 36 77 56 8 10 9 28 51 13 50 96 74 20 5 46 57 19 53 5 19 11 31 96 27 38 98 92 25 27 36 98 42 65 4 83 52 75 69 30 20 25 30 40 3 4 39 96 32 92 28 77 46 64 79 21 18 9 74 37 59 45 76 31 96 36 
14 9 60 79 76 30 78 3 68 91 97 16 4 42 32 46 73 52 82 49 65 24 78 58 47 31 71 4 7 29 81 58 65 99 77 47 41 6 79 17 27 17 18 3 53 76 11 79 21 2 85 84 64 45 42 77 60 100 94 20 69 46 16 90 16 80 55 34 86 0 32 7 20 58 71 71 52 78 50 98 66 92 14 45 29 2 41 47 93 31 22 79 59 64 45 33 49 43 80 28 91 67 22 68 59 84 95 98 47 89 93 64 44 71 60 5 86 1 2 63 50 46 73 0 37 19 33 60 8 3 30 60 52 42 23 55 20 97 26 55 0 34 55 31 67 37 77 67 7 58 83 15 40 54 34 75 15 49 22 59 1 67 61 47 52 48 84 44 77 92 60 66 52 2 44 89 66 38 43 18 81 55 83 46 76 28 97 47 7 29 70 71 80 11 68 13 90 88 2 1 19 78 1 70 32 20 62 86 96 98 52 53 46 63 13 40 37 78 59 62 3 39 79 19 76 6 1 92 48 9 39 73 87 26 3 31 67 32 43 32 15 13 92 68 68 14 21 77 54 16 44 78 83 71 6 93 99 0 92 83 55 64 54 28 7 58 16 37 40 90 35 23 28 81 62 95 87 30 1 6 22 63 9 87 29 43 38 85 51 54 78 63 30 72 16 47 83 20 94 5 66 96 84 70 10 43 86 43 38 91 56 88 94 1 48 40 60 62 9 46 52 20 98 22 3 24 59 38 33 14 29 1 43 96 12 55 76 88 41 84 35 32 100 33 25 74 45 12 96 40 67 60 46 20 63 97 64 83 86 93 92 46 6 26 46 64 33 33 0 83 12 2 76 3 97 88 57 81 14 91 86 62 31 32 42 32 5 65 33 26 96 50 61 84 94 56 75 67 85 31 
16 2 24 48 87 31 5 49 10 62 41 91 97 70 0 55 37 20 39 38 64 25 18 10 88 34 22 54 31 28 36 92 40 6 99 5 31 18 12 76 15 95 13 27 60 92 98 86 61 89 37 48 11 37 14 93 49 17 34 51 18 21 47 28 34 90 26 73 76 1 70 55 100 2 19 88 74 50 43 84 58 80 1 25 52 72 87 24 45 8 67 74 17 57 70 70 70 11 52 100 18 18 42 49 67 9 71 87 26 61 14 33 24 30 20 59 86 65 39 72 39 47 58 79 24 9 19 36 75 47 82 22 13 95 73 73 18 90 80 93 66 84 31 19 26 53 16 40 42 87 0 68 32 1 53 18 59 14 77 83 66 48 38 59 9 16 1 35 55 47 14 16 59 78 43 59 73 33 51 33 55 79 2 72 60 86 22 21 48 33 49 24 74 6 25 30 95 39 64 21 78 98 32 100 29 11 9 2 66 72 56 28 91 49 44 59 80 69 27 88 8 51 30 86 73 51 67 20 58 90 98 31 83 51 27 87 48 98 71 55 69 39 81 23 55 68 63 75 4 11 36 85 71 78 94 76 43 42 93 71 65 61 5 40 56 61 28 47 89 3 96 38 49 68 55 60 57 41 71 41 90 85 4 39 42 35 62 23 16 90 82 73 72 13 50 92 25 11 82 13 43 24 33 86 48 99 19 7 16 80 10 70 35 20 61 37 53 40 42 45 87 88 40 54 77 25 41 10 65 97 68 26 19 25 39 95 36 71 100 76 46 51 46 74 38 72 41 52 8 91 23 75 20 40 23 48 79 52 81 9 7 8 0 100 13 7 20 35 39 83 92 40 31 75 99 76 5 65 69 88 62 28 78 83 85 76 68 90 98 64 91 13 10 82 83 95 73 25 73 35 
5 37 1 74 63 31 33 74 97 91 2 21 54 63 59 99 36 70 68 87 76 32 9 28 95 30 41 35 50 86 7 23 45 52 35 29 26 98 69 31 39 58 49 64 64 28 19 64 24 37 61 92 27 24 41 6 46 8 98 24 32 65 38 95 70 72 33 13 85 64 24 94 48 93 90 7 37 94 96 29 50 57 28 95 35 86 25 53 46 26 74 60 59 28 33 21 38 79 15 75 21 81 70 28 84 29 25 34 92 43 40 41 64 0 11 2 84 64 2 15 52 82 46 87 20 51 71 92 99 68 7 39 63 95 59 45 83 59 99 14 40 91 28 91 8 21 34 31 3 30 96 78 31 82 86 89 27 6 67 15 88 48 49 33 63 22 36 55 85 65 80 67 68 91 70 28 66 42 77 76 8 13 65 19 92 25 1 75 91 6 66 0 20 92 37 60 30 52 76 30 19 74 96 20 3 36 35 42 94 9 78 79 92 21 26 51 77 74 45 22 41 74 16 81 82 25 59 93 57 62 74 69 40 57 58 10 84 93 11 69 52 87 59 43 65 39 77 80 97 28 22 59 25 36 65 96 64 81 9 53 40 90 29 65 66 69 34 90 12 10 61 48 56 79 71 30 100 16 32 1 31 100 90 100 61 15 4 83 4 54 55 84 65 63 24 32 91 35 68 40 86 57 39 67 65 58 63 88 89 72 76 13 58 4 15 75 97 93 96 27 58 28 55 78 71 12 18 39 61 4 13 41 79 99 55 79 41 64 73 62 44 57 49 14 35 74 82 62 81 92 64 86 47 8 100 5 57 83 70 37 77 84 0 28 82 92 35 7 17 12 44 43 18 24 10 90 68 30 83 36 74 0 55 39 80 40 16 70 58 88 76 31 39 98 44 79 71 51 67 65 
23 70 55 65 42 82 47 90 55 31 6 56 10 11 60 23 93 25 13 54 23 87 91 59 81 95 25 21 34 20 69 51 86 2 21 92 36 11 54 55 32 71 28 21 54 5 75 57 89 11 46 46 38 82 10 24 82 6 99 54 52 11 96 51 67 52 22 32 31 27 74 16 35 40 45 55 74 91 39 48 59 78 8 35 95 100 23 90 5 8 5 25 34 63 6 44 84 71 6 24 31 49 87 40 71 20 28 80 6 38 22 2 81 82 79 59 49 85 91 27 98 28 77 47 70 35 24 93 1 96 69 46 55 21 91 92 21 64 60 77 12 10 96 52 9 23 80 92 11 16 33 47 35 80 61 37 8 99 3 60 96 92 7 18 43 56 85 77 79 48 76 99 16 57 49 78 80 51 22 69 94 59 31 15 64 2 65 95 18 28 9 67 0 50 87 20 31 16 31 79 28 69 17 76 39 9 91 59 22 34 53 19 29 16 98 42 52 65 9 36 74 54 81 37 14 45 13 50 63 92 31 5 37 87 4 57 77 35 74 95 24 83 77 86 49 85 4 55 83 65 15 69 29 17 62 61 35 24 39 38 65 7 37 6 11 69 37 35 50 42 90 15 77 28 76 100 39 76 21 98 83 92 87 53 16 33 23 38 55 74 2 63 64 75 65 5 68 36 28 50 86 51 85 52 54 39 34 86 74 55 57 35 38 85 10 79 69 40 70 7 32 94 40 44 4 82 79 20 83 67 2 34 73 67 47 9 76 84 73 66 38 56 58 78 23 80 84 48 53 93 84 8 12 25 16 62 24 8 50 25 21 37 96 68 34 43 9 36 23 19 85 26 73 14 2 14 76 32 29 32 2 87 83 7 33 3 60 70 69 100 82 37 90 75 60 82 42 50 10 93 
92 85 15 57 11 61 25 77 18 30 71 17 100 71 88 4 19 98 54 24 72 59 94 31 4 18 57 38 76 99 11 73 26 32 98 14 95 87 70 64 38 45 54 97 85 53 98 23 69 69 31 13 64 78 98 90 30 7 51 36 46 100 69 50 59 14 78 95 55 17 96 55 70 72 8 86 82 76 29 57 98 48 35 66 90 35 100 25 19 11 31 35 60 57 97 66 94 48 3 8 99 4 61 36 98 11 89 28 79 2 11 13 71 23 20 45 13 70 28 53 85 91 99 83 2 76 56 71 36 40 9 97 13 14 34 69 92 83 68 40 11 44 7 43 59 84 83 36 12 25 1 60 22 55 32 67 70 98 34 59 100 42 52 0 37 91 19 85 60 100 7 75 80 94 82 100 64 84 92 85 71 51 90 93 46 53 14 86 55 45 70 86 75 93 89 94 91 16 29 29 40 17 20 83 56 64 7 84 97 84 54 12 92 59 73 33 52 39 76 92 32 93 85 79 79 90 14 77 99 8 5 84 42 48 62 49 48 32 86 24 83 77 41 88 40 8 7 6 80 79 40 21 31 37 21 93 98 85 97 15 28 3 30 82 92 20 41 99 14 83 99 26 37 29 2 47 72 17 27 34 19 56 18 3 83 89 58 8 52 45 78 52 59 40 91 20 98 84 31 71 44 89 62 70 94 52 40 2 33 84 33 56 6 91 28 94 82 56 15 60 76 13 35 79 50 68 71 36 34 81 40 86 35 98 50 47 28 65 33 13 33 78 68 3 24 66 5 9 16 6 47 0 64 28 85 12 63 20 33 68 7 4 24 0 36 75 21 38 18 46 72 71 59 86 95 73 74 60 49 41 24 15 16 23 70 14 4 1 55 41 4 57 6 66 100 84 5 87 9 40 
50 0 17 46 80 1 23 54 84 21 7 18 38 2 67 38 43 68 9 10 34 38 32 33 60 21 66 69 12 40 45 62 31 6 4 45 90 66 77 58 47 47 15 96 17 64 67 30 2 100 94 91 49 77 6 11 78 79 20 76 49 7 50 13 42 39 34 57 42 63 43 36 36 59 84 66 81 58 53 82 34 42 3 78 76 65 83 14 49 11 1 34 7 7 49 58 100 21 94 59 94 45 6 87 72 71 18 27 100 62 48 13 90 46 53 81 38 8 34 94 53 94 54 74 32 18 43 97 40 100 32 79 17 67 56 83 25 1 88 49 31 24 12 44 45 49 90 70 96 38 100 17 0 61 100 63 41 52 2 4 82 76 63 55 13 5 43 71 86 18 87 50 20 14 4 64 6 60 64 39 48 48 58 24 61 44 45 74 32 56 87 8 52 5 64 16 54 44 89 87 66 38 9 16 61 70 57 82 25 40 19 14 30 7 76 29 43 5 71 82 81 44 71 23 55 83 17 11 26 92 0 97 42 92 38 21 26 52 24 62 54 63 19 13 87 74 60 86 2 82 89 37 28 1 49 5 58 8 79 65 99 62 93 12 26 90 61 84 97 86 88 36 80 2 34 61 90 64 91 7 23 28 34 89 51 66 15 6 56 48 56 64 76 80 96 89 23 47 73 24 6 94 29 53 40 45 29 65 24 92 38 80 43 45 75 20 70 12 63 70 41 98 78 28 81 39 98 2 28 94 14 100 80 78 38 22 16 69 61 89 18 80 74 61 18 91 26 7 22 39 57 84 81 96 85 2 41 94 86 2 37 69 63 16 97 7 47 92 17 77 46 41 12 18 93 60 21 63 29 40 10 47 98 23 46 50 92 50 72 32 83 6 43 16 64 74 21 95 97 68 
68 71 66 33 49 46 9 76 50 84 90 90 95 56 12 90 59 50 24 77 100 1 35 11 84 33 74 88 72 41 79 69 53 11 61 1 58 56 3 6 80 94 28 86 50 96 27 57 17 1 58 25 22 14 99 76 55 25 52 87 37 93 7 12 38 100 12 23 69 81 22 64 52 69 0 96 91 93 63 37 81 14 90 80 62 66 26 38 98 44 30 78 70 7 95 88 87 41 68 72 34 100 2 13 93 49 8 88 50 82 2 31 6 95 74 7 67 1 51 51 81 13 86 56 79 78 93 87 51 53 88 68 7 30 2 98 99 60 23 100 84 20 66 26 60 46 23 64 17 87 67 74 11 22 56 89 80 73 50 25 16 65 40 77 5 1 3 25 42 39 42 81 72 66 5 45 63 19 72 21 64 43 26 98 22 13 12 14 97 44 41 99 53 7 36 33 46 8 65 59 27 67 84 13 5 57 49 55 67 12 98 14 85 21 97 77 84 9 62 44 10 12 51 25 77 67 76 8 15 50 74 70 70 15 19 6 21 98 90 58 51 47 21 74 47 43 23 93 37 28 0 41 27 2 80 93 96 17 95 52 22 7 83 40 56 75 50 77 47 28 46 95 4 55 99 71 50 31 1 29 69 51 92 44 24 60 90 93 85 77 27 80 87 17 89 11 38 97 66 100 21 76 86 35 95 57 5 28 98 47 44 37 56 40 91 0 57 62 58 40 5 52 70 0 15 67 59 51 59 4 95 65 39 68 93 41 17 5 72 0 67 15 94 24 61 40 66 32 1 26 4 24 83 46 90 53 39 32 11 29 8 29 18 1 91 15 40 62 10 12 29 22 14 46 25 28 94 3 25 89 96 59 6 7 97 88 13 27 49 14 65 17 38 17 74 95 12 86 33 13 
51 12 49 57 21 64 97 55 3 84 4 83 38 50 89 80 46 86 88 36 10 23 33 68 98 100 58 40 8 83 72 43 70 88 40 55 58 24 78 77 37 76 7 77 11 47 8 3 53 100 40 17 43 29 38 15 4 69 88 13 73 77 24 20 40 11 0 42 60 30 15 16 75 55 36 49 51 27 12 73 57 36 9 84 30 59 98 3 72 17 94 46 46 50 6 25 29 61 62 2 30 52 44 63 44 38 59 96 74 69 62 58 45 0 90 62 2 27 96 94 40 99 18 94 56 6 83 100 94 92 58 23 61 74 11 54 55 14 20 82 36 86 29 56 20 12 91 53 3 63 52 56 55 17 1 13 62 96 44 51 82 20 59 37 92 99 52 81 29 22 17 95 82 11 43 18 59 42 33 17 42 32 51 62 28 16 100 76 30 8 61 79 73 61 67 94 34 23 40 3 23 75 40 81 48 53 79 17 18 33 94 96 15 40 48 83 4 65 99 76 24 1 44 78 40 47 94 60 0 84 61 32 36 71 28 1 86 98 55 72 38 76 86 75 20 47 81 28 51 7 82 31 24 18 0 58 99 98 30 39 63 17 27 85 4 19 33 11 90 30 2 69 25 24 55 73 67 91 60 36 94 11 85 15 64 93 92 92 71 58 28 87 26 74 34 31 9 3 3 3 62 69 40 50 18 43 92 44 36 38 26 81 97 35 33 42 49 86 33 1 19 27 41 24 32 69 58 19 51 92 14 88 56 5 80 98 24 19 11 49 59 57 8 25 89 76 60 59 57 74 95 15 74 64 73 40 52 56 76 5 48 40 33 90 62 69 51 47 72 72 76 57 74 69 67 14 80 94 47 72 42 66 57 94 14 55 94 26 53 98 22 86 26 79 47 2 14 23 46 90 
45 68 34 75 60 26 89 91 34 11 57 44 86 85 43 73 22 13 57 0 71 80 59 56 71 51 55 5 0 49 47 77 29 95 30 80 28 52 39 85 65 13 6 74 3 4 75 71 16 90 71 79 31 30 90 54 64 97 35 57 81 60 11 99 39 82 61 50 61 73 70 44 54 4 60 35 57 85 24 72 42 32 38 80 28 80 39 55 87 81 59 83 45 94 68 26 12 8 41 15 93 47 58 99 64 73 29 4 48 55 35 98 76 44 12 49 40 2 42 55 20 57 88 57 62 7 71 46 44 0 58 5 79 36 51 92 60 53 95 31 79 12 70 24 74 92 39 88 37 82 63 84 8 1 94 73 35 22 26 80 54 4 78 74 15 46 65 61 86 50 82 77 15 37 63 13 66 62 10 17 65 0 56 65 37 32 6 83 89 54 97 31 25 63 18 8 99 24 36 57 31 24 47 4 58 28 71 69 46 44 54 96 83 93 14 46 95 8 1 43 5 55 56 12 26 86 81 37 16 2 2 8 16 38 72 28 49 0 50 89 55 85 99 7 57 23 13 16 92 38 89 91 84 56 20 76 90 34 43 45 47 55 83 32 75 70 40 36 49 63 99 59 85 86 13 64 57 19 60 48 95 28 4 37 68 47 2 71 80 9 93 49 86 99 41 11 33 82 30 15 63 60 28 18 23 98 79 6 25 41 15 23 33 44 43 86 71 97 47 21 27 17 95 5 46 55 81 75 56 59 95 55 91 92 1 12 41 99 51 53 53 15 71 65 17 6 5 10 75 93 11 2 39 1 59 76 6 18 79 34 95 45 83 8 52 3 89 10 3 75 24 74 10 47 83 4 85 78 65 35 30 88 4 27 19 8 72 47 55 77 18 53 37 55 82 89 8 33 95 28 
10 30 14 71 82 81 25 86 86 57 58 78 32 73 93 30 83 86 50 3 82 18 28 87 89 38 23 14 83 35 86 62 56 29 52 68 39 14 51 94 21 11 63 23 8 89 93 90 86 14 88 72 60 41 80 19 65 78 55 56 12 43 53 73 95 86 94 44 35 94 5 37 37 25 12 18 60 13 83 78 56 50 62 65 60 34 70 96 29 45 69 88 73 32 72 35 93 89 72 46 6 17 55 16 1 63 56 20 39 33 62 98 59 39 19 7 3 40 87 48 95 88 8 66 43 40 13 65 16 98 37 84 42 39 77 30 1 94 38 3 53 69 4 55 21 21 18 37 88 37 81 3 30 40 67 71 87 51 64 47 62 44 7 56 61 14 89 23 36 24 45 41 65 0 82 49 49 67 93 7 12 94 20 85 90 23 57 61 88 69 0 92 65 59 79 49 45 44 28 7 27 79 12 69 30 72 78 40 42 43 46 34 55 20 42 9 45 100 7 44 6 54 96 20 95 55 51 20 3 37 10 11 4 72 77 64 6 88 40 61 55 20 28 26 38 12 16 13 43 18 64 7 70 78 33 92 60 99 10 57 84 67 42 85 79 28 47 95 12 27 9 52 90 88 78 76 26 12 16 33 75 38 22 68 55 58 31 9 83 34 45 34 51 40 63 43 17 6 52 86 48 39 63 3 34 96 64 35 36 5 99 65 29 21 94 88 86 71 80 56 79 20 87 59 10 44 66 65 42 72 6 99 18 6 41 6 2 17 77 43 100 70 38 37 86 71 88 99 82 69 88 41 50 55 21 63 33 71 2 58 67 76 84 88 73 91 62 52 67 60 56 20 85 46 11 90 7 61 5 1 75 29 72 83 93 47 47 87 15 12 27 30 93 62 86 39 85 53 26 75 
16 49 6 81 88 9 44 37 25 26 95 96 90 63 65 37 16 22 99 54 66 57 20 30 57 52 72 87 19 71 89 34 31 95 31 23 59 14 3 30 60 97 1 65 74 15 5 3 12 12 32 33 24 79 37 39 76 16 69 81 41 30 83 82 46 72 90 16 54 47 61 77 81 97 36 53 100 9 70 35 19 87 65 4 55 69 35 49 69 62 29 90 53 46 98 27 90 13 44 36 24 11 26 15 94 89 69 31 55 43 28 16 58 32 16 92 29 55 88 98 77 60 46 71 57 6 25 76 19 1 100 99 91 48 91 22 47 42 5 29 66 34 100 55 91 35 7 72 54 100 98 2 77 18 85 36 15 65 94 84 54 97 26 84 93 60 36 8 20 99 86 21 72 61 97 50 71 19 35 78 34 92 71 49 90 96 87 13 55 99 32 3 58 75 96 68 19 13 32 57 97 55 1 78 37 86 32 10 98 76 72 74 74 40 7 49 0 71 38 15 63 24 16 98 64 90 26 43 60 56 32 57 35 0 67 89 76 40 31 31 94 53 36 79 79 17 92 97 88 87 33 6 43 35 28 38 91 71 4 22 3 50 2 22 22 12 36 86 57 96 5 14 99 68 13 80 26 92 43 51 12 68 87 13 3 83 71 23 35 23 34 50 88 99 53 6 67 52 54 54 21 16 1 98 52 73 11 49 10 87 0 37 41 47 89 62 46 35 37 98 11 79 60 83 87 87 90 58 56 28 24 61 43 98 44 40 29 64 8 82 84 27 76 5 47 7 73 82 41 37 3 78 90 18 30 26 76 67 43 75 9 83 10 77 55 25 3 44 1 41 69 90 30 24 96 35 73 46 58 48 86 98 95 99 11 36 73 16 32 23 29 54 23 21 65 50 52 88 27 21 
98 79 94 92 73 47 74 32 100 96 22 82 66 49 43 63 81 58 55 71 36 10 20 69 69 4 14 48 100 16 73 31 58 13 65 39 27 15 26 76 75 86 48 90 52 40 54 55 31 79 70 83 77 68 39 63 39 65 33 68 15 18 17 29 16 95 86 2 83 5 29 78 4 33 28 83 17 95 47 43 57 95 34 10 17 52 31 41 89 24 2 14 39 24 66 79 94 16 23 88 27 31 85 8 24 47 33 12 49 20 56 51 16 59 0 41 61 11 32 54 89 37 15 64 60 54 66 7 0 91 41 3 37 36 44 31 23 44 97 88 97 5 48 69 26 85 66 30 65 62 98 34 79 83 58 49 55 22 4 88 28 35 40 100 3 27 100 30 67 41 14 21 83 64 37 65 55 56 39 60 74 37 28 12 31 79 40 8 73 26 48 89 36 56 24 89 79 45 74 84 85 57 53 64 66 37 3 39 60 41 33 49 32 57 39 48 91 67 78 17 86 27 45 53 29 34 57 88 75 0 94 67 0 47 40 46 90 69 94 30 11 86 33 28 53 25 52 77 29 80 48 77 100 93 25 25 30 100 27 16 35 5 6 59 58 21 24 74 47 10 0 28 13 35 58 9 76 19 26 8 37 70 3 40 50 23 81 71 72 50 6 57 2 7 0 62 83 24 87 42 33 7 61 29 39 62 41 85 6 95 65 43 42 83 18 15 96 15 94 15 73 36 28 20 86 91 35 49 82 64 72 8 59 68 76 2 61 84 16 51 45 44 94 43 0 66 40 81 67 26 13 58 84 95 68 57 67 10 20 43 22 50 52 87 64 19 62 81 84 21 97 17 26 91 45 87 71 74 53 79 65 7 13 4 78 35 31 14 19 12 97 5 51 98 93 45 93 96 29 34 
93 37 30 78 99 15 46 29 6 27 31 74 77 60 81 80 20 60 82 93 13 45 10 67 73 84 80 9 68 65 100 49 27 64 17 62 53 88 13 61 62 6 32 64 95 97 73 84 21 26 46 47 29 32 51 83 81 98 32 56 8 55 98 37 88 57 23 72 82 100 9 100 68 88 0 61 79 6 96 55 13 48 50 76 2 42 20 4 64 4 11 96 48 67 59 78 80 80 40 14 8 48 25 26 13 98 81 78 22 33 20 38 59 68 7 67 17 100 55 72 63 84 0 19 0 41 41 83 31 40 91 25 15 93 33 19 84 6 30 40 56 24 85 28 89 85 30 87 49 27 71 25 99 80 8 99 8 47 65 73 35 92 26 41 64 66 13 22 41 25 42 45 12 30 47 23 76 18 59 16 11 54 27 83 17 52 7 24 11 10 60 23 38 56 92 82 62 75 93 2 52 90 95 13 86 93 55 9 31 49 87 5 67 29 86 90 55 14 82 92 33 26 49 7 4 74 26 80 75 92 47 88 82 5 54 93 35 11 50 100 0 99 25 90 15 71 23 8 88 7 24 10 90 29 91 98 54 75 27 89 94 49 91 15 2 74 55 69 60 85 48 22 41 95 55 51 17 62 49 74 38 40 60 97 89 90 22 41 18 9 67 89 94 29 99 84 12 95 12 62 14 45 80 24 81 12 38 0 97 21 39 37 54 51 27 9 71 77 57 0 65 20 35 65 66 13 24 63 1 23 34 55 89 85 9 2 98 54 75 50 37 18 46 50 80 10 89 61 33 70 12 55 98 6 21 84 88 97 68 60 32 31 2 3 48 71 49 30 61 24 90 1 10 43 84 0 75 21 8 80 60 12 90 26 58 49 78 17 55 71 23 0 2 8 46 73 77 3 41 35 
1 53 84 74 3 78 8 86 34 40 59 72 56 34 98 23 0 29 32 17 77 22 48 58 45 64 43 78 71 34 82 14 20 48 48 92 31 32 9 30 17 17 35 16 34 18 57 82 29 16 58 86 28 95 69 14 60 92 80 91 50 75 68 3 50 23 69 92 37 75 69 21 11 18 98 8 17 50 78 73 73 82 7 12 11 12 68 12 13 2 59 69 56 8 64 45 90 14 56 93 52 56 18 39 95 7 74 87 8 87 64 16 68 58 45 43 17 48 54 76 32 5 61 0 53 1 78 51 35 2 33 34 43 54 72 73 6 95 75 23 16 8 78 5 71 42 27 33 27 76 29 97 61 48 96 23 79 32 53 18 47 100 83 99 17 45 99 46 74 20 44 100 77 91 9 17 33 30 64 72 74 82 17 100 89 22 75 25 11 98 53 32 64 36 23 77 37 19 81 97 44 16 36 75 90 98 11 35 49 52 62 51 53 30 18 32 27 81 29 21 74 80 42 35 0 26 42 43 98 65 92 33 56 64 100 39 68 97 80 6 57 54 87 42 87 86 10 63 95 5 96 9 48 46 99 81 81 18 10 84 27 74 44 12 33 71 6 10 44 70 64 27 18 32 91 95 50 7 44 77 26 46 27 30 4 9 13 32 35 52 97 43 5 13 64 98 19 27 65 53 18 72 9 67 79 25 85 63 66 66 88 87 70 28 80 34 0 88 48 35 67 70 94 70 81 23 86 94 12 76 96 17 94 52 93 10 48 2 95 59 56 34 57 85 57 35 18 42 38 99 83 27 76 15 58 38 25 67 68 87 89 7 57 24 39 67 15 85 99 1 31 0 21 43 57 52 75 5 27 71 37 55 47 50 86 33 70 79 96 90 93 44 31 15 13 61 39 54 10 83 
33 96 11 65 92 1 95 67 69 11 20 14 39 91 16 27 50 98 74 61 26 77 62 50 68 35 15 36 53 32 86 33 61 0 21 34 11 9 20 58 4 32 81 51 68 8 51 20 0 89 59 75 77 26 2 38 25 63 89 59 37 14 96 65 65 47 67 82 74 73 10 90 96 31 8 36 34 73 99 50 25 54 33 75 65 74 100 42 79 54 77 59 46 35 99 20 83 35 39 57 94 48 50 38 48 55 64 99 40 32 82 90 67 12 42 51 33 58 21 78 30 29 63 83 12 6 66 20 38 61 68 27 49 56 39 41 8 36 73 14 26 87 54 33 61 11 73 91 53 91 1 2 89 10 25 4 33 25 83 65 67 27 63 65 64 94 51 82 43 96 22 4 1 86 82 61 48 59 28 11 66 85 94 34 95 22 24 14 5 66 44 72 8 100 62 52 31 86 96 58 69 42 87 53 23 34 58 46 27 31 47 50 98 40 91 49 60 72 81 2 88 57 95 92 5 95 55 82 75 87 48 16 10 42 3 13 91 75 1 52 82 50 24 84 56 41 18 80 19 17 62 16 13 34 88 9 88 16 63 14 96 41 10 84 84 21 9 12 66 71 87 7 78 81 3 93 48 37 31 29 24 32 18 40 75 15 11 59 83 99 92 57 13 11 46 100 40 93 39 75 44 41 64 81 82 39 56 98 73 64 21 7 36 28 71 75 78 72 22 89 73 77 64 92 5 49 32 48 96 12 15 0 15 63 55 97 86 85 27 41 98 34 11 27 82 35 75 93 39 92 12 61 80 16 52 20 44 53 99 10 35 99 4 46 26 99 29 96 65 0 62 59 10 82 92 20 33 79 81 93 25 40 97 72 6 31 93 92 81 60 51 17 81 13 20 52 79 87 57 62 
15 75 85 12 68 54 43 78 86 38 32 23 62 29 83 29 4 76 73 48 24 75 87 67 91 39 62 5 64 5 60 18 62 66 42 29 37 67 100 77 32 22 18 2 85 71 2 50 27 27 84 68 74 11 98 67 5 89 22 86 74 50 36 5 22 96 62 65 23 11 53 97 86 14 26 92 35 28 99 77 19 7 42 95 91 19 79 21 80 49 11 34 70 29 41 17 87 4 41 68 65 97 93 19 56 16 95 52 53 59 56 5 47 9 10 24 28 57 50 81 6 66 98 13 6 99 89 43 20 41 24 46 57 58 63 5 98 29 52 38 13 1 78 37 54 83 90 51 19 62 92 56 78 19 90 23 78 92 94 21 28 92 49 61 64 28 37 75 52 44 6 38 66 65 44 72 33 42 86 66 21 90 18 97 50 23 52 92 15 99 20 23 70 42 30 90 0 97 96 50 21 91 34 75 0 22 39 16 84 2 12 69 89 44 46 67 38 12 26 99 96 17 4 16 64 73 66 61 6 67 96 55 46 19 44 52 33 97 66 0 21 59 79 77 8 43 3 3 93 72 48 9 35 16 35 52 79 68 17 44 46 81 56 64 87 58 52 37 48 72 100 91 43 58 93 17 67 79 69 6 88 61 49 78 76 58 16 86 59 23 87 72 43 8 47 26 45 83 0 47 79 56 93 91 98 55 94 70 97 86 67 17 80 40 32 70 19 63 26 6 7 48 94 64 99 5 79 5 9 74 73 14 76 8 14 71 33 22 24 68 44 46 76 71 7 51 0 67 88 52 42 99 58 91 27 95 70 99 42 22 39 53 46 10 67 0 65 58 99 21 11 39 88 52 93 26 88 98 65 66 25 11 9 56 57 58 52 14 87 7 84 17 56 6 58 80 2 86 51 34 
87 12 81 16 55 12 5 87 97 81 70 97 47 6 8 7 46 82 79 18 7 43 7 7 70 69 26 44 3 69 35 49 73 91 51 64 32 7 51 63 83 55 73 50 92 8 40 68 52 86 28 46 31 68 22 66 8 96 31 61 1 21 55 27 94 34 72 54 46 92 28 75 34 2 80 9 12 36 91 39 21 85 32 85 88 4 80 11 76 38 4 16 4 51 21 0 80 26 43 95 44 51 94 68 67 60 4 42 79 69 80 2 34 5 10 78 97 94 55 52 93 44 49 2 87 77 30 94 93 47 71 99 25 79 99 53 7 79 6 65 61 63 88 65 24 71 53 48 31 25 48 91 2 12 38 18 31 3 33 57 33 59 71 27 96 77 26 14 28 85 59 67 71 13 91 70 65 5 49 68 61 29 77 2 79 47 40 4 47 57 90 54 53 11 3 74 76 61 89 49 19 44 89 23 78 4 14 63 5 62 68 50 32 69 71 28 24 12 25 87 89 51 38 78 12 66 58 87 95 20 93 77 46 6 32 22 90 52 64 37 30 11 3 91 92 56 58 59 25 18 16 60 77 20 63 20 29 96 29 84 0 27 42 57 53 68 46 19 66 100 60 91 34 29 45 71 75 64 55 18 50 23 69 43 42 9 71 94 30 66 21 29 99 26 38 35 27 6 30 65 85 47 54 40 21 50 41 79 63 63 1 39 64 75 26 68 68 77 96 81 91 45 16 66 35 39 31 89 66 16 84 81 11 43 61 39 16 54 41 82 4 100 70 16 52 70 31 73 24 96 4 3 23 82 18 58 93 79 54 26 24 29 60 78 31 60 92 4 36 33 97 70 37 3 37 59 4 71 8 83 69 56 16 42 68 57 38 7 10 85 98 3 14 15 79 73 40 12 89 88 
98 15 75 60 56 2 21 20 10 48 36 40 63 75 77 42 6 7 54 76 67 70 46 20 87 36 6 1 89 28 52 28 5 7 83 22 77 26 26 3 75 82 98 91 4 96 13 81 87 21 73 73 23 44 26 39 44 0 50 47 54 69 76 41 80 52 76 28 100 38 77 96 70 78 18 85 95 91 26 85 48 1 71 88 5 18 32 70 62 13 15 97 94 61 95 75 10 68 96 66 86 49 64 67 18 48 63 27 88 69 9 1 89 73 32 78 80 29 58 47 24 96 75 29 87 96 41 0 36 72 40 10 94 28 29 1 55 55 70 98 16 9 76 70 25 98 77 47 24 18 57 9 55 1 61 67 74 16 74 79 32 65 93 17 44 63 90 50 40 54 94 95 61 70 94 74 32 60 4 86 7 82 63 91 66 2 1 42 46 51 72 1 44 50 36 6 12 71 22 87 87 83 52 22 75 14 28 21 34 3 70 8 67 12 93 4 19 42 79 19 3 68 100 41 15 6 62 96 34 21 37 23 71 62 6 38 0 21 73 1 34 1 65 81 28 59 38 27 13 67 93 5 31 74 72 87 31 27 54 49 11 14 36 96 66 45 39 75 95 81 72 96 81 16 58 67 35 58 26 2 16 72 7 61 96 10 87 41 83 50 55 66 94 90 87 92 84 5 28 66 84 41 88 83 94 88 18 29 75 38 64 50 29 48 6 52 80 6 36 4 85 14 45 62 33 64 6 60 29 1 68 89 71 59 71 43 94 62 35 52 48 44 43 40 92 45 62 87 40 93 86 35 27 74 26 60 50 27 78 12 86 55 52 62 59 22 76 98 82 8 6 57 17 70 27 53 11 65 13 41 32 72 49 34 1 5 66 31 44 32 37 2 14 12 32 63 15 32 73 33 
87 54 87 25 40 92 85 41 79 45 75 27 71 29 31 40 63 13 40 12 64 34 51 10 4 27 2 36 55 69 16 100 59 85 35 92 95 27 13 80 61 74 41 61 99 93 79 46 10 18 77 51 10 21 35 86 74 41 70 39 70 56 61 48 51 35 41 23 62 6 75 11 4 96 65 4 35 38 90 28 21 19 35 34 71 9 13 20 21 87 73 78 25 96 43 87 41 93 47 65 19 11 24 42 78 0 11 65 0 94 7 45 56 72 16 50 90 1 44 94 48 0 15 89 61 17 29 63 20 65 95 86 13 89 91 39 56 83 25 57 31 41 63 1 88 43 93 19 18 79 86 91 36 30 22 22 22 77 63 91 40 76 88 20 41 75 33 72 82 18 63 8 40 37 65 69 40 41 100 79 17 83 12 35 81 52 46 27 12 5 25 17 23 95 83 5 16 0 18 29 49 31 41 22 1 26 3 58 70 36 73 42 63 70 5 28 81 21 43 97 89 65 97 91 60 66 33 99 38 64 62 36 18 97 25 21 71 36 54 13 30 83 98 26 69 60 85 13 74 73 81 94 34 98 25 83 77 20 75 60 23 23 74 29 60 66 20 14 89 21 45 12 52 73 61 73 19 82 22 45 76 21 54 27 59 17 40 49 50 73 44 56 66 49 16 84 22 88 97 9 93 61 66 27 55 60 97 56 30 17 79 50 46 29 65 29 39 16 25 76 79 63 68 30 27 12 33 64 73 15 98 86 93 56 8 77 49 70 84 58 25 17 80 86 5 40 34 10 25 25 62 38 52 69 44 46 14 64 49 15 76 56 84 14 87 28 82 27 63 91 19 78 69 77 43 87 77 35 34 33 100 7 73 21 86 37 59 79 10 94 24 61 30 59 47 7 81 30 18 95 
98 17 11 52 95 63 93 100 94 52 20 10 64 39 81 80 92 98 35 5 34 68 28 95 71 95 18 47 76 71 92 33 93 61 27 36 36 46 66 34 37 75 11 89 99 42 88 2 98 59 98 90 88 43 24 81 3 54 53 26 83 88 86 57 82 3 98 65 44 51 86 3 54 30 0 16 91 52 92 15 8 15 44 50 13 8 92 14 91 15 37 36 83 96 72 97 13 18 99 89 80 19 33 32 80 61 76 69 24 12 41 13 96 8 27 43 61 49 94 19 86 91 0 75 0 71 34 53 1 67 53 96 70 76 34 86 91 16 25 66 2 38 37 98 54 72 40 32 21 58 70 84 33 72 50 13 14 31 20 100 30 38 0 45 96 36 72 59 80 66 8 47 40 25 97 32 98 26 74 4 91 82 97 75 53 54 17 26 91 13 97 49 4 73 56 40 97 47 28 100 74 64 83 100 39 98 47 73 33 52 82 8 78 57 83 98 61 91 96 64 78 48 8 2 39 32 32 50 68 60 50 67 14 26 59 43 59 35 84 78 92 100 2 97 49 2 12 96 90 90 33 0 3 21 39 28 33 28 59 67 28 28 88 52 22 35 59 71 81 11 0 62 27 72 4 36 14 37 48 71 57 32 73 77 87 85 68 16 74 79 68 85 29 2 65 55 28 53 20 46 9 58 51 43 17 51 17 78 38 77 36 43 72 24 98 60 74 8 43 35 72 43 19 62 4 31 72 25 49 83 8 23 83 90 20 33 40 3 41 15 20 93 85 32 17 28 65 67 36 75 13 91 82 28 84 0 51 19 21 1 45 70 6 53 39 76 45 8 84 20 82 27 44 25 2 67 72 60 72 51 28 56 56 10 85 12 93 84 62 5 10 50 50 36 91 45 61 48 48 83 
51 94 35 32 49 35 81 75 98 12 10 18 51 39 48 65 19 81 79 19 65 79 5 87 51 20 69 94 48 31 95 94 12 40 18 72 20 79 49 52 18 72 47 55 37 65 27 30 2 55 51 28 9 34 2 46 39 68 33 48 44 95 64 65 41 59 89 68 92 31 82 7 53 83 23 17 25 78 78 45 94 0 75 2 7 45 62 55 98 31 65 56 33 29 65 23 33 19 58 51 6 14 71 74 72 79 97 75 46 8 31 71 41 37 47 91 92 72 47 84 22 3 31 12 10 93 76 38 97 78 0 16 29 53 36 93 97 69 37 32 73 33 4 93 12 72 86 42 98 45 71 65 9 59 91 100 40 99 36 27 68 50 95 94 81 74 75 9 94 11 15 3 79 20 78 1 29 8 25 9 91 38 58 37 23 47 54 26 17 22 75 20 25 16 4 72 84 66 81 79 10 25 36 76 84 60 96 5 30 83 16 56 52 35 76 23 19 77 47 50 98 24 11 35 18 54 48 11 31 19 88 54 85 13 83 25 84 33 86 59 40 52 59 11 53 56 28 51 54 69 63 18 66 58 95 45 56 59 36 18 20 36 78 53 3 92 2 22 95 47 4 22 54 92 53 74 21 63 91 20 86 11 21 100 74 29 70 16 32 32 14 76 48 22 31 92 7 34 27 88 93 51 82 91 60 11 40 77 12 59 10 64 54 47 69 17 9 16 69 78 1 81 0 44 73 91 60 79 58 89 25 6 28 33 92 7 77 68 66 51 84 4 45 22 87 99 82 40 18 41 57 14 13 29 56 91 76 34 93 56 66 40 51 42 98 73 55 42 72 83 55 67 22 81 39 3 21 93 94 80 24 27 56 87 60 42 27 57 11 68 0 79 93 98 81 3 39 83 63 46 
62 0 30 35 24 86 48 28 33 96 12 89 71 74 97 58 76 20 32 52 69 38 73 29 32 14 36 60 67 42 31 45 66 36 28 16 6 69 23 24 26 59 88 95 28 8 44 22 64 3 70 62 2 39 56 3 60 3 53 83 21 2 8 89 39 15 15 100 18 86 37 99 58 71 27 13 67 82 73 87 10 54 4 23 36 56 24 11 11 63 37 16 33 96 96 84 70 80 45 54 14 46 94 79 93 16 78 86 2 95 38 56 54 60 15 80 1 74 14 8 15 42 63 40 82 81 59 48 47 24 94 71 40 81 71 57 87 24 34 71 41 74 8 38 74 81 91 22 69 97 89 0 26 30 22 34 16 76 23 58 94 33 40 51 30 93 99 58 18 43 81 21 90 17 12 61 2 64 85 9 80 65 100 41 53 93 69 38 5 43 42 68 24 60 88 25 13 97 42 95 41 64 97 39 25 31 94 21 29 9 88 45 22 10 0 66 16 15 23 74 93 55 31 22 70 45 31 92 17 90 22 34 67 74 65 5 28 70 60 21 88 9 64 72 11 46 45 68 63 2 6 78 80 21 14 10 65 53 13 71 62 80 97 82 74 22 28 57 95 95 14 80 71 7 62 75 41 56 42 3 88 84 71 62 55 34 9 49 4 85 61 18 27 93 100 97 99 22 91 76 7 26 1 59 14 47 39 95 6 22 73 68 24 36 75 41 34 37 97 43 49 25 7 2 43 49 20 56 62 36 33 3 60 92 12 79 4 82 8 89 64 79 5 91 100 22 27 13 86 4 61 32 8 75 29 49 33 97 97 16 55 64 65 38 4 83 52 25 14 95 22 85 58 15 6 34 69 21 43 38 11 49 37 68 27 57 78 15 14 18 61 83 86 75 40 11 42 10 43 6 
77 1 85 100 3 55 37 39 29 22 27 56 25 24 65 77 99 12 72 92 10 52 82 92 48 42 27 54 86 55 11 34 16 81 33 43 100 51 29 52 18 97 9 22 18 54 86 87 0 17 8 63 41 45 15 26 72 45 18 48 85 3 100 30 39 39 80 94 44 21 16 43 58 63 76 18 41 43 55 67 90 88 16 31 80 46 28 57 30 7 98 17 96 74 55 41 8 6 85 100 42 43 13 19 41 95 14 18 6 41 41 78 86 20 15 80 84 27 41 56 21 82 12 61 78 82 89 84 97 49 3 30 82 48 39 96 88 89 11 3 0 36 7 82 27 77 13 31 68 17 63 85 90 10 53 90 71 72 23 73 9 87 71 2 21 25 78 15 46 88 42 63 87 50 25 53 61 96 69 75 55 57 63 66 74 33 5 50 28 36 68 68 60 67 3 51 7 67 96 8 72 92 51 69 14 13 86 21 85 54 29 90 66 79 44 69 79 85 73 56 2 98 79 47 30 78 9 58 12 98 73 12 96 7 74 13 25 46 100 35 44 20 7 98 57 87 88 96 18 21 67 30 74 63 36 25 47 90 51 21 61 82 11 86 69 16 47 89 61 85 84 21 6 50 32 12 8 32 92 76 71 23 93 22 88 62 10 98 9 62 27 96 8 40 67 81 100 67 50 14 33 5 41 79 36 44 65 50 96 62 13 14 81 44 24 82 89 9 51 57 46 91 70 83 49 2 41 21 88 72 66 50 45 21 82 34 31 96 41 63 35 20 75 51 34 55 12 93 4 26 10 21 5 18 14 91 14 51 27 37 68 83 17 52 12 15 49 49 26 11 100 17 93 96 58 7 68 8 8 29 92 19 35 82 0 41 77 92 52 9 85 98 89 66 79 59 1 48 16 23 
45 79 84 63 27 86 45 74 79 56 5 12 18 44 39 21 4 39 91 30 21 70 8 18 3 18 68 3 92 76 59 24 6 17 46 96 29 24 60 71 67 3 70 83 98 0 43 3 30 46 63 81 98 72 19 52 76 49 59 9 7 24 9 13 56 58 33 30 22 42 68 79 19 100 37 92 85 92 76 6 95 32 74 58 100 41 41 99 93 38 21 44 74 89 54 83 2 27 51 85 8 75 8 26 17 65 58 33 53 92 67 72 40 53 85 11 91 16 96 18 31 97 42 53 13 5 22 46 65 32 94 51 49 30 87 69 29 69 33 52 89 97 59 53 60 80 97 62 49 61 40 74 58 54 60 60 68 22 95 84 62 71 92 98 61 11 37 81 50 92 47 41 68 24 7 80 3 74 49 67 3 6 35 8 93 9 100 81 42 84 61 90 77 100 67 97 47 45 31 34 18 0 28 80 90 7 55 40 96 82 49 10 2 11 62 87 63 5 47 44 43 22 95 30 40 93 27 22 15 92 14 30 90 49 39 83 19 100 81 74 14 73 14 40 21 46 28 15 72 90 77 86 87 67 50 0 88 30 27 80 68 47 57 88 54 85 98 6 40 98 52 25 64 77 12 93 95 51 25 68 21 27 83 34 98 33 78 93 26 89 1 33 63 64 82 94 78 65 46 41 44 48 79 91 59 57 64 53 8 23 49 43 22 89 3 4 16 43 20 96 77 41 43 48 61 87 5 60 56 6 49 32 75 55 57 21 57 35 35 98 14 19 10 2 5 65 85 8 14 54 77 71 53 58 46 3 29 38 70 2 55 67 53 92 98 39 83 53 51 14 71 60 95 22 82 84 89 76 93 37 49 28 32 39 61 32 91 31 21 16 46 71 21 97 89 43 95 16 75 60 
78 78 80 70 76 76 82 16 93 17 56 15 7 93 63 24 88 40 13 48 38 100 54 77 77 83 40 81 72 39 58 68 52 24 70 67 83 15 82 76 29 95 49 89 68 41 93 50 46 78 24 82 28 6 74 24 6 6 33 11 14 61 75 85 33 92 35 49 32 79 8 74 98 3 10 17 75 4 29 18 8 79 21 38 50 60 47 87 62 43 32 59 77 14 3 41 88 55 28 31 95 29 55 41 15 5 2 30 37 42 23 92 12 50 28 97 80 23 75 74 5 92 91 58 0 70 22 50 28 38 94 71 4 75 63 50 66 88 13 17 6 38 5 96 13 50 43 43 12 18 15 29 37 87 95 54 64 74 52 4 28 89 9 50 72 85 89 37 61 38 33 21 33 84 98 37 93 27 86 87 75 18 45 49 10 98 21 71 98 63 16 46 13 51 31 3 43 87 48 1 47 56 76 84 81 91 53 24 78 29 5 82 1 75 68 3 71 71 39 43 55 8 1 98 46 23 73 47 94 15 53 51 47 47 99 37 80 50 44 28 51 4 73 20 95 17 81 85 1 38 83 64 25 58 27 40 93 58 16 99 98 84 14 10 59 68 53 56 89 28 83 74 33 38 6 58 94 13 80 24 18 29 17 66 34 43 43 98 80 80 52 39 47 100 76 93 34 69 37 35 16 34 86 43 41 60 63 60 93 0 44 100 30 48 21 21 14 54 80 72 60 33 9 31 76 43 71 91 6 10 35 88 15 96 51 40 38 80 38 98 81 88 82 60 92 18 17 22 13 98 80 85 28 25 60 82 97 3 10 16 66 50 30 23 10 46 15 89 94 47 40 50 90 29 68 12 63 88 16 40 97 15 66 21 44 10 40 46 70 4 74 51 92 19 95 96 84 90 32 36 
46 16 57 79 16 98 63 79 29 57 8 73 66 73 11 17 87 54 73 67 56 43 54 58 22 65 84 90 86 17 91 85 91 62 43 31 68 16 34 53 21 74 71 72 12 32 4 47 86 92 64 63 89 87 21 92 77 13 85 9 24 54 78 19 10 6 67 51 28 50 78 84 65 70 43 46 91 50 10 93 75 63 10 66 29 43 23 37 53 42 84 70 40 96 66 33 2 53 89 3 60 90 72 22 64 14 20 2 56 22 35 47 29 2 40 88 88 14 82 34 76 66 18 41 13 34 12 14 58 30 97 2 93 52 34 98 81 47 26 13 84 20 51 41 2 46 8 26 86 18 12 71 30 9 48 7 35 69 6 17 84 99 84 24 17 54 69 36 100 94 24 12 92 11 54 17 44 94 74 24 14 11 18 76 95 93 28 7 9 55 77 14 39 95 51 15 47 27 54 81 32 51 82 85 40 12 87 11 66 38 66 36 48 51 67 68 28 52 49 11 35 93 31 1 72 29 5 45 18 84 70 53 15 66 74 99 17 81 73 90 68 86 96 91 78 59 21 76 25 45 80 79 56 15 44 55 52 81 92 7 76 86 98 25 6 99 62 62 63 42 37 37 84 49 5 17 77 76 67 32 65 20 40 71 1 28 96 5 48 66 4 84 0 20 93 36 0 39 33 45 61 78 81 85 66 4 63 93 83 82 18 55 41 8 44 56 69 82 84 59 92 66 12 63 85 71 94 24 96 64 85 12 7 22 92 100 26 80 3 44 27 83 58 77 82 64 83 11 82 48 76 52 28 94 77 11 62 46 19 20 81 36 67 33 7 47 79 94 29 20 42 71 79 68 55 30 3 12 95 10 42 61 93 99 23 10 63 62 1 37 57 61 38 81 44 34 87 67 78 74 
63 31 32 63 91 37 61 54 96 10 4 64 46 66 61 88 71 86 91 7 12 80 68 11 82 28 46 35 57 80 5 66 78 91 59 29 53 100 1 35 11 71 81 26 51 92 33 71 69 58 17 47 24 73 69 18 24 48 54 7 89 48 66 31 54 93 45 91 90 32 91 82 3 36 19 43 5 90 59 62 59 42 54 94 58 29 11 64 95 88 18 27 65 63 87 26 20 98 82 52 15 87 37 72 7 1 77 60 50 35 5 70 38 39 83 39 17 81 41 33 73 43 46 99 40 61 42 46 77 15 11 53 2 27 94 63 71 77 61 93 63 97 5 83 15 26 8 66 11 54 11 19 69 55 30 49 12 41 6 52 65 24 69 96 51 30 59 72 93 65 56 97 14 89 52 49 76 22 42 64 48 19 97 12 20 18 52 97 79 49 94 31 5 24 53 30 41 39 61 43 41 85 11 53 23 50 49 48 77 27 42 91 53 36 71 50 91 10 35 92 6 11 6 98 81 80 42 16 73 93 21 79 65 62 99 16 72 43 68 54 3 54 3 54 92 98 74 62 98 25 43 34 46 92 81 51 59 5 60 45 99 72 50 32 64 98 4 33 18 51 39 40 85 59 40 43 79 90 47 94 4 13 20 58 37 72 5 92 57 89 50 57 77 47 83 68 37 39 85 76 96 46 94 64 49 98 22 82 71 92 50 73 25 60 77 87 30 47 29 76 39 16 59 87 72 11 17 31 23 58 91 72 23 19 90 20 4 90 54 69 66 9 5 20 92 89 84 61 46 47 9 97 69 27 68 85 75 80 95 9 96 69 78 0 94 99 40 88 90 61 20 49 13 18 39 12 76 5 21 3 80 90 16 88 45 51 48 73 21 37 95 54 94 96 97 61 97 84 76 9 
23 22 20 64 12 90 15 25 6 19 91 69 95 6 19 26 69 17 20 20 74 50 1 3 58 94 83 46 39 69 3 89 31 30 77 56 79 98 80 14 18 30 62 92 97 28 0 45 78 9 67 1 43 49 9 97 49 36 85 42 19 29 83 78 53 15 61 53 49 59 41 17 4 44 84 66 91 33 97 32 96 28 16 6 93 51 44 32 81 24 26 86 10 41 48 95 46 83 43 41 85 55 100 31 1 53 61 14 41 20 4 87 46 64 5 44 12 11 0 95 46 87 17 66 55 74 45 67 20 90 85 83 87 88 74 37 21 8 23 46 13 40 28 69 38 23 93 5 99 70 39 87 20 3 80 26 1 46 98 68 50 34 59 86 43 51 28 4 65 33 12 2 73 21 78 29 60 88 93 95 10 35 85 18 82 4 71 21 20 16 97 65 3 28 4 29 48 19 54 80 61 11 76 25 31 16 71 27 75 46 83 13 86 75 1 34 3 82 49 55 97 51 42 59 35 22 30 77 70 56 62 13 0 5 65 61 73 47 55 21 15 88 35 81 43 75 8 94 24 72 18 75 35 78 94 55 70 9 10 96 31 83 29 74 37 64 21 47 35 60 14 91 100 90 73 100 91 46 30 64 100 36 0 41 87 77 100 60 0 53 43 17 17 12 14 70 55 53 44 64 87 54 49 73 18 82 94 97 80 43 31 40 62 19 59 93 52 84 83 60 50 37 46 84 39 41 40 83 4 20 11 91 70 54 61 73 15 83 25 50 76 79 61 83 58 86 72 11 13 54 92 15 44 65 15 89 33 80 94 50 41 60 97 46 84 45 36 98 97 80 89 70 94 9 61 0 80 16 19 85 3 38 2 69 39 92 91 68 90 25 15 41 46 69 23 35 97 57 87 5 
17 27 17 76 75 96 17 27 94 21 17 24 38 53 83 8 79 99 10 49 35 77 1 50 26 29 47 31 31 30 6 32 98 47 70 47 97 27 88 80 40 68 66 58 15 14 5 53 40 8 100 14 19 36 34 44 84 40 49 29 45 81 48 9 77 64 55 35 85 49 28 9 77 48 62 82 95 73 6 43 52 97 30 50 78 57 58 71 96 16 16 56 50 19 56 69 60 27 37 92 60 44 80 77 36 59 94 78 59 0 54 40 11 73 34 34 9 38 12 21 29 29 43 69 41 82 74 30 9 69 47 43 3 81 77 86 18 23 93 18 67 44 17 79 17 20 77 82 71 57 74 29 72 70 95 74 49 57 44 57 67 81 28 84 5 12 2 92 25 38 71 40 42 28 44 68 89 52 42 50 84 22 91 55 61 100 43 12 25 18 85 11 49 38 12 60 54 58 32 4 100 80 14 84 21 11 61 0 60 56 65 87 52 12 77 76 45 37 2 9 5 11 81 73 51 63 19 63 36 73 13 82 10 20 69 42 86 76 73 23 81 79 64 59 3 92 99 56 1 58 21 82 40 73 44 57 37 4 51 82 46 99 90 39 46 48 58 19 84 40 24 3 2 43 61 19 22 25 27 89 62 92 55 72 44 68 15 92 80 55 47 57 8 65 0 78 84 64 0 37 4 24 75 46 10 88 33 18 4 55 13 69 60 81 27 24 77 76 62 86 29 47 23 56 38 28 83 29 86 27 13 80 15 24 67 25 2 14 31 85 79 23 53 68 39 39 12 68 88 37 39 71 60 15 51 53 11 19 57 44 18 19 42 13 57 6 62 35 27 81 34 3 26 69 76 57 76 100 15 26 40 7 89 66 67 31 1 32 29 86 13 63 34 32 82 31 15 0 86 48 
11 20 53 45 75 31 40 26 48 53 27 69 51 44 63 8 5 34 61 76 37 90 92 42 47 44 79 40 41 67 24 57 16 55 92 60 84 88 68 39 10 70 88 2 6 68 73 24 56 2 85 83 44 92 92 52 29 45 49 40 94 38 41 59 51 32 29 0 56 76 91 98 7 75 58 45 66 73 12 97 51 86 7 32 18 82 76 32 94 37 13 56 16 26 14 0 22 57 52 44 7 39 67 60 25 51 69 27 4 61 68 66 78 2 9 98 27 28 55 45 89 52 62 65 1 11 66 6 23 94 80 30 57 8 17 48 90 51 91 97 44 39 54 9 6 85 62 97 39 85 7 89 99 21 38 97 16 87 82 15 99 11 85 52 68 91 44 11 33 77 85 43 88 45 29 60 11 8 1 60 86 88 34 56 44 11 83 46 99 72 65 59 4 53 99 75 81 91 4 3 18 88 96 43 95 12 16 64 97 48 17 10 34 62 20 6 94 23 40 80 14 24 52 1 47 66 49 34 50 91 50 45 9 87 67 73 90 39 92 5 61 58 63 42 5 72 15 20 84 21 5 78 89 45 22 77 33 26 1 35 15 7 81 67 88 25 56 1 60 40 1 30 77 16 87 21 71 52 80 85 82 61 75 24 46 84 76 14 79 80 32 38 9 64 56 68 93 5 45 39 1 83 23 36 99 53 17 64 4 0 21 15 98 82 96 21 12 42 18 27 47 23 47 28 95 87 26 86 93 34 9 66 2 62 50 14 14 75 90 98 63 82 56 49 95 4 24 98 99 2 67 68 85 71 32 27 91 51 9 46 18 44 79 35 74 60 1 97 10 97 24 71 10 2 100 69 44 58 41 6 45 4 96 1 68 72 10 17 14 43 49 59 88 31 9 74 49 73 51 38 
97 82 87 4 1 8 7 98 3 99 61 41 80 58 35 39 5 74 2 39 16 18 66 15 7 55 80 17 19 76 57 48 49 62 61 26 50 47 22 94 23 87 28 42 98 88 82 34 0 84 20 36 3 43 66 60 42 33 15 99 67 17 87 33 58 39 62 25 85 39 7 46 21 19 74 32 49 85 91 58 33 57 35 10 90 6 22 20 44 36 82 20 75 4 56 6 9 30 18 42 35 91 3 64 94 65 18 8 11 96 20 28 1 75 95 80 32 24 74 58 83 100 4 22 15 23 76 15 81 90 0 18 40 42 42 30 16 98 36 68 63 60 90 51 62 0 65 51 53 84 14 32 27 31 95 52 56 31 5 85 97 54 61 8 58 93 71 55 3 99 46 44 68 33 22 45 57 5 85 89 37 87 1 31 67 88 11 14 99 34 75 50 68 43 54 22 34 42 24 28 1 64 60 51 37 59 3 21 51 60 22 96 7 79 4 98 80 92 53 63 79 77 26 15 18 93 60 70 7 4 10 65 34 11 14 91 69 0 64 12 61 21 66 87 76 94 72 16 13 30 11 66 13 76 0 6 11 68 87 17 88 36 89 89 80 40 67 41 22 69 22 99 16 52 76 31 92 12 73 22 0 30 37 21 61 86 49 51 86 67 95 76 100 66 43 18 95 9 24 30 9 88 95 3 59 97 15 35 27 28 86 80 55 46 36 65 29 58 82 0 100 92 52 46 21 38 22 30 82 32 73 84 85 96 83 13 32 5 64 5 92 71 32 87 2 29 46 69 87 3 6 11 30 23 93 35 54 68 4 50 68 95 84 40 54 69 39 28 45 6 71 97 31 58 36 28 50 46 57 47 25 97 13 13 16 41 67 17 23 16 89 40 53 100 48 30 20 50 63 43 
48 79 10 28 34 82 44 17 70 8 54 75 21 29 48 6 95 88 73 43 35 92 68 65 30 78 48 59 71 57 35 64 37 22 88 85 60 52 86 87 67 7 4 5 75 58 35 34 52 95 69 35 53 51 93 41 45 72 74 21 8 26 90 69 56 50 15 16 67 97 97 41 19 20 26 55 80 13 6 2 46 11 75 13 13 17 86 90 8 6 9 73 76 77 18 72 40 25 78 10 55 52 23 97 37 91 52 70 57 25 73 0 19 27 7 73 96 5 37 25 75 39 58 88 33 74 65 27 24 11 84 20 92 74 97 81 98 82 85 7 11 84 72 46 97 37 50 18 11 24 55 15 37 81 72 100 77 65 43 59 4 79 4 30 77 88 71 76 6 13 4 30 4 4 65 6 47 26 49 54 47 95 67 73 87 75 92 80 82 89 16 7 86 33 63 48 77 59 96 87 99 71 15 75 71 18 54 98 63 55 61 94 80 3 0 55 28 10 26 35 81 99 90 29 79 98 43 22 15 80 35 42 8 76 78 25 76 76 8 83 29 33 35 13 91 32 72 83 69 9 30 49 55 6 28 90 91 43 83 83 29 17 20 62 56 56 28 98 27 24 70 55 37 91 66 80 56 83 76 18 71 34 22 4 95 81 71 41 33 53 59 37 97 37 93 70 65 93 40 89 32 27 58 17 86 14 58 12 22 94 96 88 15 82 22 0 8 89 56 60 81 48 92 77 24 19 65 60 53 95 21 41 60 41 51 89 33 4 37 1 85 2 61 92 56 82 9 81 90 93 72 88 73 9 18 87 89 16 91 50 60 35 56 97 44 43 26 76 30 80 29 18 48 25 36 59 9 13 93 24 94 95 53 42 29 96 50 57 73 14 29 65 80 36 90 87 48 46 17 84 
47 26 3 66 12 74 95 12 52 29 64 8 87 38 37 88 38 84 9 43 31 53 29 85 39 4 25 79 42 48 99 49 50 10 32 49 48 20 44 67 24 73 37 61 85 38 41 25 51 74 69 90 26 74 67 43 2 46 55 65 0 44 7 30 27 74 99 34 22 77 35 57 14 7 28 23 3 86 96 42 13 3 54 8 62 99 96 22 68 32 98 87 20 98 1 49 77 54 90 93 40 42 92 66 53 66 66 77 61 32 87 95 62 77 27 56 22 33 28 87 98 7 62 87 61 89 84 95 83 94 7 30 1 22 98 55 49 97 14 20 37 6 99 18 29 63 20 58 96 53 43 89 92 90 8 37 9 4 92 54 37 76 85 56 89 35 52 83 81 34 85 24 3 19 10 11 27 100 72 5 26 66 76 93 66 45 75 38 55 25 78 48 42 98 2 24 59 67 5 55 11 57 36 60 44 95 38 17 7 21 81 3 80 60 92 50 7 97 53 10 16 49 30 58 95 63 2 33 60 1 16 44 24 41 81 91 44 82 94 74 99 69 6 45 67 39 84 35 18 89 93 1 92 76 8 65 9 97 33 4 48 20 15 88 98 45 11 29 37 26 26 96 36 66 36 82 26 7 83 10 9 49 91 19 77 0 53 37 43 29 93 70 63 31 15 23 90 60 32 10 96 47 11 73 46 41 61 41 46 17 66 69 32 16 11 70 73 29 29 44 91 15 97 81 77 52 8 76 32 39 15 43 2 54 70 28 56 57 1 52 88 32 29 28 24 98 53 13 96 4 20 39 14 84 34 54 0 36 31 93 47 54 96 44 17 98 49 91 23 20 61 92 86 57 78 41 24 32 60 65 18 10 13 28 80 19 34 68 57 47 99 5 46 9 70 55 76 87 9 11 
22 46 79 82 76 39 5 52 52 68 72 42 50 77 65 80 7 6 59 2 20 90 23 0 84 33 81 98 27 19 91 4 17 74 37 75 44 58 66 87 91 47 14 0 17 93 100 20 45 83 90 61 54 29 32 6 18 97 23 52 91 21 38 52 72 52 62 61 93 62 14 87 28 28 37 62 97 68 67 46 68 63 47 30 3 46 20 33 78 65 69 64 40 81 5 36 64 57 31 73 0 37 65 30 20 25 4 22 21 44 56 33 50 42 58 78 67 2 38 83 33 5 87 16 35 29 9 18 36 34 36 18 20 50 16 45 10 79 51 13 91 53 52 45 42 23 96 73 95 100 50 3 89 21 88 62 35 23 72 77 55 29 51 14 12 1 19 44 49 89 42 50 78 89 97 9 13 23 61 40 69 9 32 86 93 27 75 43 91 34 9 40 35 24 81 4 33 45 11 60 47 31 4 55 45 13 35 10 56 55 4 61 97 45 12 5 38 7 90 93 72 70 29 52 41 90 39 69 69 60 99 71 43 78 74 63 53 70 45 96 90 37 91 1 39 67 81 73 13 72 92 12 52 42 98 68 74 69 10 97 86 47 65 94 96 74 19 82 89 9 7 23 14 95 63 0 83 39 53 17 28 21 49 19 99 41 9 31 25 48 72 48 57 91 29 79 2 20 6 15 32 15 30 18 23 45 26 71 34 13 62 45 52 83 58 97 22 51 77 66 33 43 59 69 50 0 37 99 51 9 24 93 86 16 13 72 75 89 18 4 74 73 8 72 10 48 11 78 67 74 92 3 73 76 91 73 48 38 90 1 21 86 73 79 38 86 82 99 24 17 5 99 85 97 11 24 51 13 27 31 47 5 2 12 76 32 13 22 41 98 43 6 16 97 99 23 17 81 23 89 
33 34 41 68 50 62 7 38 97 93 56 62 95 68 34 1 96 34 3 29 66 53 77 32 79 53 52 93 42 52 47 74 50 99 68 26 74 63 99 22 5 26 30 24 94 62 50 32 18 31 67 100 99 28 33 78 7 74 42 88 54 38 59 51 52 56 39 36 23 54 89 32 8 59 9 63 79 64 65 12 43 27 4 5 2 82 94 39 43 5 16 24 55 87 91 87 5 15 69 13 84 98 44 41 88 17 36 40 56 2 10 40 10 7 11 20 96 77 59 40 62 53 66 33 28 7 21 38 74 19 63 37 40 68 75 93 90 87 51 48 23 55 74 19 23 58 100 22 23 78 55 92 52 63 72 5 28 45 77 55 24 52 9 26 91 17 4 75 14 58 47 52 74 61 24 86 58 74 59 92 11 84 10 6 56 16 17 60 97 98 21 28 71 23 71 96 17 14 77 13 98 85 71 8 34 10 67 13 79 65 85 87 72 22 9 85 70 98 85 9 79 95 94 92 46 5 46 8 57 39 28 79 94 22 75 80 35 17 25 75 89 28 25 75 21 76 73 89 1 63 21 0 76 42 76 69 75 74 76 56 22 23 6 10 78 74 42 50 16 24 24 11 43 4 84 74 54 39 1 22 29 92 90 39 6 92 2 60 44 12 52 68 19 6 25 19 87 70 14 53 45 55 30 67 87 56 2 70 27 74 91 12 30 68 15 69 67 45 79 36 22 3 12 38 60 7 76 1 14 48 95 90 84 76 88 1 62 72 59 43 56 31 44 4 44 38 8 99 89 8 0 14 26 87 91 16 43 99 71 21 8 82 70 0 71 7 14 65 27 1 72 92 6 52 69 98 3 44 95 85 20 50 53 84 17 94 4 31 58 57 59 46 38 97 61 30 94 10 83 45 
53 16 95 73 48 17 2 82 25 87 51 68 59 20 40 72 47 40 80 16 28 1 5 69 21 53 100 21 58 53 27 26 48 24 56 80 38 31 8 98 69 0 11 96 56 71 63 24 32 12 17 92 89 7 16 49 80 66 86 56 67 30 58 75 39 55 15 100 53 49 67 14 94 94 3 33 17 36 29 96 98 63 90 87 64 71 12 11 40 8 92 3 42 13 33 84 63 43 54 87 1 0 67 57 94 93 88 96 38 13 24 25 31 83 31 29 97 97 4 31 76 66 92 10 22 36 18 48 98 93 95 39 67 51 67 100 27 88 95 30 37 73 77 19 17 17 61 83 55 86 16 77 75 75 63 62 86 77 59 68 54 29 61 76 87 100 78 41 1 29 54 65 32 47 0 72 61 21 40 8 60 78 32 12 25 100 11 52 4 65 78 100 57 89 79 99 10 96 56 41 60 48 65 10 54 24 47 15 2 67 49 46 81 85 31 59 64 2 10 87 20 64 20 55 0 22 25 96 74 88 43 34 80 32 59 86 0 21 11 8 85 95 20 15 72 16 45 16 77 33 98 53 30 14 7 56 75 99 5 26 46 44 43 16 44 90 39 45 76 14 57 29 23 37 14 34 42 6 26 75 22 46 86 57 98 79 38 7 42 4 3 37 94 42 47 99 74 39 62 36 50 77 32 54 63 95 19 88 73 15 54 26 53 55 65 78 61 4 15 97 75 44 99 49 100 36 49 62 64 16 33 47 100 17 16 59 60 78 29 20 94 47 16 5 6 24 10 15 55 8 15 93 64 20 80 86 15 10 75 1 76 85 20 64 37 25 31 78 16 87 47 89 3 15 81 50 72 63 60 3 67 33 23 100 51 33 9 98 46 91 28 64 91 34 97 91 32 66 7 69 
83 67 19 36 84 53 71 5 75 46 10 19 89 97 41 93 12 83 90 65 54 33 96 53 71 81 21 16 84 24 69 68 54 14 89 45 65 3 75 58 55 74 92 98 48 71 82 42 99 25 36 2 32 49 8 0 74 44 12 59 100 57 36 23 59 19 68 85 39 1 51 81 9 9 29 48 31 60 40 51 79 79 84 23 56 96 57 9 18 86 42 94 46 61 99 20 83 28 2 74 75 20 71 50 96 53 45 29 56 10 56 82 5 30 100 74 39 34 30 54 51 2 94 93 91 64 32 8 76 21 92 64 32 31 57 19 17 76 24 30 73 100 84 30 11 67 12 14 100 41 94 26 83 8 23 59 53 56 9 81 44 11 27 5 33 93 91 4 85 40 28 1 25 51 37 89 59 49 28 11 47 68 3 39 0 95 45 60 57 76 3 56 78 57 52 34 82 82 24 64 41 93 31 64 78 86 24 62 40 30 9 25 51 75 15 93 65 90 34 88 55 81 58 7 42 44 13 2 95 94 88 73 3 71 59 59 17 37 62 21 75 50 40 95 56 56 65 58 1 53 45 77 97 17 62 82 23 1 55 51 58 74 57 66 28 21 65 68 92 5 35 34 82 65 9 3 72 34 42 95 79 61 33 100 77 17 64 55 3 90 55 2 59 4 29 1 59 55 75 48 47 11 37 84 44 42 52 38 61 36 46 83 76 56 92 21 41 74 79 84 34 35 43 84 51 100 0 28 71 7 55 58 5 53 32 88 52 35 17 28 35 90 27 43 12 22 29 49 41 98 70 9 73 54 68 37 42 92 57 11 35 37 28 3 7 25 39 56 65 74 13 41 18 55 12 22 83 2 100 28 68 38 76 6 35 59 44 98 55 40 9 26 16 20 38 22 43 86 17 2 
85 95 16 60 1 15 75 10 66 23 48 58 37 42 79 59 65 22 66 11 54 40 43 85 67 30 1 59 44 70 94 98 96 79 74 84 68 23 22 15 21 57 64 16 13 76 3 11 14 57 54 12 74 25 20 12 18 33 37 53 73 38 36 82 74 68 47 69 14 53 90 17 41 93 19 42 3 75 84 69 100 47 77 98 86 10 58 3 40 71 61 17 50 34 32 18 76 62 73 61 86 24 53 32 74 87 63 32 9 44 9 100 3 2 63 73 80 49 88 92 83 19 82 69 1 25 75 48 19 90 69 7 26 19 69 60 18 81 6 40 50 45 38 19 97 29 97 27 61 35 85 21 22 47 99 95 97 53 55 59 0 35 38 95 66 66 100 12 84 14 97 77 15 72 68 81 71 23 44 95 45 9 11 36 54 55 84 71 65 61 57 91 67 54 81 71 2 18 90 86 91 11 18 1 10 71 93 5 22 49 95 7 72 68 3 38 78 18 65 90 39 26 51 44 22 62 61 81 61 46 41 37 67 19 43 10 62 15 75 38 17 5 43 93 44 30 72 59 22 83 1 37 78 8 16 79 92 39 63 58 47 61 93 11 2 8 35 67 76 80 88 87 36 81 95 65 50 30 74 29 77 92 80 2 59 41 37 11 80 32 46 54 60 99 96 15 5 67 48 63 57 67 24 66 9 46 34 23 45 52 48 27 92 82 69 80 70 85 62 71 60 31 7 2 91 14 15 95 30 55 94 100 45 77 99 58 77 43 42 67 53 31 14 100 5 53 44 98 86 30 61 23 62 14 78 21 25 41 14 9 78 62 57 5 45 91 31 97 76 6 57 6 99 15 26 92 26 39 14 40 83 96 1 63 75 93 74 94 38 46 65 91 24 67 1 33 61 20 78 9 
87 95 20 26 18 23 96 72 7 98 40 37 59 78 83 98 19 30 64 15 19 80 3 49 31 20 21 54 13 64 37 64 59 84 18 0 5 45 5 90 28 57 72 30 85 89 3 72 70 36 58 74 56 23 80 82 2 68 17 27 34 61 57 24 77 77 64 2 74 13 43 30 42 94 30 33 31 71 63 97 89 23 97 20 85 85 20 93 49 33 83 92 74 80 70 71 92 30 74 61 89 89 77 81 60 51 14 25 3 81 54 91 21 1 14 62 88 89 14 99 9 50 76 48 97 40 85 13 55 64 62 54 46 60 68 68 22 51 85 82 89 39 30 31 28 26 19 24 0 35 20 88 4 41 34 14 0 26 27 29 73 15 2 24 32 41 92 88 53 34 44 41 72 61 58 10 59 55 58 60 24 70 80 21 0 37 93 83 35 88 21 1 65 20 1 82 1 16 36 81 16 83 37 46 32 8 83 64 44 5 79 23 45 37 82 19 72 49 10 73 92 93 64 14 22 73 76 60 93 37 77 74 89 12 98 4 39 14 68 2 14 9 9 79 11 49 99 32 93 77 0 21 94 28 99 36 74 52 93 4 5 99 93 33 97 43 6 0 8 96 4 59 56 93 6 33 41 13 94 12 63 51 86 61 88 100 76 71 84 73 5 27 3 94 76 23 97 32 17 24 26 93 54 100 89 53 91 24 40 88 5 95 11 13 6 38 23 39 55 18 100 24 40 38 62 7 50 73 85 18 33 51 10 94 12 47 76 100 33 93 38 20 53 40 74 44 90 41 46 52 56 34 5 26 28 44 84 56 76 60 20 56 97 94 43 66 56 47 16 36 80 96 72 85 83 43 69 57 53 64 97 4 24 34 66 1 74 41 37 59 25 28 97 48 22 97 80 2 93 71 
94 74 29 88 14 36 94 23 84 57 5 32 27 61 16 19 99 23 85 4 51 21 50 14 19 33 41 52 7 71 90 20 5 74 3 59 15 47 16 35 17 15 53 95 74 23 77 62 77 29 30 48 39 15 43 63 12 7 11 32 83 93 30 19 42 71 98 8 6 93 29 21 67 12 38 4 72 73 69 51 14 98 97 56 33 35 12 41 95 79 17 35 83 94 74 6 85 30 79 0 41 37 48 2 62 38 18 35 69 61 95 14 14 5 66 1 3 86 41 34 38 75 14 94 3 17 61 60 39 15 38 69 56 12 63 86 35 65 100 78 60 18 44 93 22 28 95 92 87 89 57 67 99 28 3 31 21 32 74 24 43 95 23 45 89 12 18 68 95 3 27 0 19 88 16 80 10 66 34 34 77 70 79 48 23 94 93 72 98 39 91 44 60 99 38 93 83 40 50 92 96 64 69 82 19 72 99 100 3 19 97 5 35 84 47 50 57 21 60 70 45 26 89 48 94 37 41 71 51 64 99 7 50 100 6 66 16 52 16 22 63 18 26 42 62 69 72 12 18 4 73 37 46 77 24 16 100 52 66 21 45 97 24 38 84 100 30 47 84 19 7 85 71 97 100 13 67 16 28 23 18 12 38 86 44 93 13 15 30 54 71 16 48 25 90 11 96 91 46 68 67 38 21 21 15 57 97 47 97 51 61 19 77 98 41 25 34 48 2 54 51 4 100 21 39 50 70 85 22 74 93 84 48 5 31 49 41 67 51 15 12 7 84 75 55 12 74 85 60 98 86 88 48 93 49 84 87 36 10 20 88 43 84 61 48 0 56 27 15 8 51 86 12 60 79 71 69 37 15 65 31 72 10 63 65 33 12 29 73 34 48 18 22 6 98 88 40 91 43 71 
0 37 86 92 47 76 60 7 80 72 13 52 24 59 3 92 18 88 41 18 86 53 46 10 73 88 21 71 21 0 63 1 95 1 61 62 67 78 30 3 98 47 55 10 75 19 42 57 0 68 52 76 92 25 28 43 6 67 92 61 88 55 38 15 13 97 85 44 98 24 20 38 100 100 68 68 44 80 92 75 1 60 92 40 6 82 62 47 82 32 33 23 16 52 27 64 2 49 63 99 60 94 74 12 88 28 63 45 6 62 84 73 43 47 73 65 23 1 86 90 52 61 57 9 64 78 93 70 45 16 95 14 3 59 29 73 44 24 64 20 96 60 52 41 49 69 84 80 10 48 1 99 34 98 39 41 100 40 23 87 89 20 91 82 62 71 98 83 27 32 25 9 11 40 21 23 12 2 74 97 85 94 14 51 75 75 99 78 74 78 0 93 57 57 53 68 38 3 20 38 32 55 22 39 53 90 48 43 14 81 84 84 29 81 26 13 90 2 85 94 14 9 49 83 62 28 18 5 20 39 44 62 22 95 17 78 79 6 88 23 30 51 97 80 100 40 93 59 45 37 66 8 47 68 14 52 26 83 51 99 6 74 92 73 72 36 37 87 89 60 75 10 82 65 69 16 66 81 88 9 81 60 27 19 79 76 81 98 11 14 85 76 64 0 32 35 56 54 53 41 20 15 5 95 18 10 50 85 94 14 91 29 7 89 73 90 70 90 8 77 76 62 84 65 97 71 26 31 92 29 53 32 46 45 34 36 63 70 55 18 100 42 3 28 12 73 76 16 22 30 83 92 23 38 8 7 14 19 62 79 22 36 79 79 38 21 55 64 81 49 54 30 87 90 0 52 33 44 73 3 91 45 41 0 28 30 7 60 89 56 94 25 65 5 27 61 84 78 25 93 
68 59 22 89 41 61 52 25 61 27 33 16 98 31 33 51 62 47 10 14 76 84 70 48 58 12 12 65 38 4 87 11 97 51 68 78 100 79 47 10 3 69 44 39 5 12 41 66 66 33 71 12 94 29 82 45 35 77 24 74 98 82 3 2 29 73 62 65 10 77 23 72 44 22 75 73 22 44 8 4 7 76 11 6 55 0 55 46 32 34 43 85 4 95 33 41 53 64 73 61 57 83 21 6 75 51 29 37 91 66 56 65 31 44 24 93 65 72 96 30 25 87 81 33 68 9 10 31 79 23 49 89 84 64 3 61 62 11 79 5 69 46 79 46 32 23 59 32 77 84 57 70 15 66 53 58 34 60 86 25 100 48 33 96 11 37 64 19 44 35 12 50 88 19 54 2 5 29 46 52 27 29 13 86 47 9 99 77 10 30 10 55 21 21 14 73 22 13 96 8 18 16 47 41 64 6 44 23 12 15 46 65 83 93 3 57 20 23 66 30 83 94 75 59 32 86 48 28 82 42 81 46 74 60 61 85 44 69 56 2 21 51 44 22 4 5 80 45 41 52 71 59 99 27 100 98 69 72 50 30 84 94 49 83 51 41 51 47 49 20 69 74 91 84 45 62 60 63 79 66 12 88 90 46 8 83 53 4 40 52 16 77 80 82 77 34 54 80 66 37 95 67 49 44 14 81 31 41 8 22 81 5 2 53 43 24 82 11 25 23 60 66 68 10 2 57 37 72 88 6 44 84 99 71 50 50 23 31 31 33 93 10 21 37 92 61 21 61 88 48 27 55 24 54 56 17 90 33 23 79 69 4 74 73 100 60 36 75 15 32 32 34 71 99 17 69 10 36 37 6 55 46 71 87 85 100 21 52 24 7 9 19 78 46 92 91 87 75 64 5 
53 52 4 94 44 6 14 9 83 84 99 97 9 43 15 25 47 85 8 80 67 31 35 15 68 95 18 75 18 33 71 36 56 8 62 58 68 47 62 82 55 89 13 39 37 49 36 0 67 36 53 68 5 33 16 9 69 26 75 43 73 53 44 11 38 35 26 94 36 36 8 56 32 86 86 61 95 3 50 85 87 26 93 10 83 2 58 83 32 48 46 100 100 23 61 48 66 69 6 2 29 8 0 39 82 37 22 39 46 39 18 46 92 88 4 64 6 49 39 77 36 15 72 65 56 0 66 71 15 83 35 15 93 92 50 66 39 66 25 88 2 21 43 27 63 28 24 5 2 34 98 22 68 91 36 34 51 62 25 3 34 41 89 79 81 60 52 15 56 49 79 49 2 39 15 4 2 7 37 3 2 2 99 40 23 6 30 37 28 72 49 76 74 72 68 79 20 33 7 37 11 32 100 49 46 99 10 77 28 12 41 77 2 25 2 11 7 13 46 31 10 17 21 49 68 7 83 22 69 85 33 21 41 74 7 81 17 89 68 0 74 9 9 66 1 13 56 51 21 12 56 91 87 64 64 13 31 55 24 32 61 33 14 48 50 68 55 45 100 34 25 8 7 65 76 7 82 67 7 51 97 37 75 62 34 70 27 9 36 31 46 38 31 43 56 11 2 67 77 90 43 5 66 47 54 45 69 62 44 70 96 50 91 34 92 26 40 45 100 88 11 40 41 97 53 70 83 84 54 93 60 8 13 81 35 54 76 85 98 68 40 38 65 55 31 21 73 42 21 73 70 6 64 5 85 56 84 82 83 92 90 21 45 89 58 7 90 28 57 78 13 10 15 99 23 36 40 40 89 85 84 48 93 37 97 22 23 54 54 67 7 84 60 100 8 42 11 52 63 93 
98 15 63 61 42 58 45 6 81 76 22 51 36 4 27 40 42 11 55 17 89 56 49 53 8 26 12 48 49 43 65 69 62 93 48 14 71 28 1 77 7 54 39 99 68 39 100 18 53 96 19 40 24 57 87 60 28 32 26 84 96 37 8 1 33 53 5 45 42 19 83 80 26 3 69 0 7 73 59 38 4 20 47 82 35 75 53 99 56 86 80 63 93 16 4 69 87 77 70 90 65 13 54 22 42 72 13 9 82 42 67 86 54 62 68 74 32 24 15 41 80 52 69 48 35 30 17 49 84 29 81 32 6 17 97 90 26 8 43 81 9 61 0 88 48 63 45 56 73 41 32 7 40 51 8 81 23 10 38 12 58 41 92 95 31 4 99 88 88 100 39 67 9 33 60 24 39 41 90 48 89 69 98 7 97 31 59 7 18 86 5 85 18 86 65 80 4 88 38 61 96 51 69 30 51 26 55 77 38 80 76 68 46 51 71 61 16 52 35 54 86 84 1 25 37 85 14 97 64 3 99 100 73 45 73 37 75 52 9 33 69 20 53 83 54 51 0 52 85 96 54 83 68 48 19 51 57 98 19 58 0 94 77 53 58 63 34 52 53 96 45 97 14 73 41 27 16 39 8 62 39 36 16 51 55 27 1 99 53 88 48 36 43 32 89 74 20 55 1 61 87 15 21 36 100 47 94 56 11 81 9 18 48 30 57 75 88 83 81 21 100 8 41 9 12 18 29 64 79 75 70 61 90 48 95 28 26 51 7 19 83 68 15 64 93 41 66 96 9 82 69 77 57 82 56 3 11 63 49 63 11 68 94 89 25 47 93 5 5 83 36 54 35 65 8 13 53 58 30 44 30 11 67 76 67 47 63 37 51 99 84 89 35 18 57 93 23 78 8 4 
7 11 14 72 62 34 70 2 31 84 25 71 89 70 8 27 87 28 20 26 34 45 47 57 41 40 41 48 4 74 67 62 46 86 60 8 3 60 51 25 30 48 94 59 82 85 37 27 84 71 84 67 82 32 53 66 44 69 94 98 23 68 56 62 39 48 67 67 70 61 70 47 24 86 10 18 76 2 63 96 86 17 85 6 42 18 46 99 58 18 57 64 10 60 26 21 28 90 39 0 10 80 52 99 2 52 80 81 94 42 12 46 46 46 13 25 3 64 95 97 68 68 62 28 84 24 3 9 52 43 90 83 44 84 92 63 50 67 36 18 44 83 46 84 23 82 78 4 43 84 69 74 66 24 19 42 20 79 9 26 74 68 27 57 5 64 66 89 80 57 94 18 33 59 79 13 38 78 0 14 0 71 23 83 5 3 86 76 38 58 48 34 71 21 44 25 2 15 59 18 72 29 43 1 58 11 80 32 34 24 12 37 27 23 0 28 88 80 50 90 82 35 15 15 38 9 92 28 68 3 80 24 95 13 70 94 68 58 1 16 29 6 11 89 99 71 52 59 7 45 92 96 43 69 41 50 86 100 83 43 14 99 79 25 43 28 7 82 34 68 45 49 100 56 67 10 31 67 79 75 91 46 19 12 56 29 18 5 95 72 83 37 38 48 28 68 70 43 11 54 70 17 93 64 64 9 19 53 96 77 48 75 80 88 42 59 15 1 91 13 37 40 61 99 82 95 79 41 54 52 98 18 67 56 12 71 66 88 68 75 47 82 40 49 24 15 67 17 62 65 18 22 42 36 54 80 79 92 90 34 30 37 41 62 70 54 5 81 50 19 0 67 67 78 8 47 1 46 53 77 38 54 23 4 84 43 72 93 65 34 50 89 39 55 72 93 76 91 26 2 
57 97 77 69 14 89 25 7 11 66 26 72 98 51 75 29 89 19 18 96 84 2 12 77 87 11 2 36 16 45 58 39 77 13 6 54 0 1 33 57 12 9 33 36 16 61 82 41 26 10 35 65 2 94 34 7 43 64 5 48 46 96 42 0 31 71 6 32 82 74 38 82 65 84 51 49 45 4 34 59 79 1 65 35 38 97 29 59 17 20 85 98 13 53 45 87 73 63 71 48 33 48 88 48 23 63 89 31 22 28 48 83 78 33 26 10 34 40 95 59 66 30 36 32 25 1 67 38 52 56 74 47 92 13 89 99 83 34 46 60 25 99 64 96 80 77 78 99 43 86 12 45 83 65 8 5 43 29 28 1 99 93 89 37 5 13 69 75 64 60 90 71 69 20 79 79 100 16 32 89 65 66 77 65 20 19 87 65 79 92 63 75 98 97 50 1 11 18 20 42 9 96 48 54 41 80 77 70 49 53 73 21 10 77 88 76 63 34 32 84 39 50 88 11 34 97 82 38 86 49 44 81 61 16 2 21 20 21 12 43 6 21 38 98 68 86 24 53 9 12 94 14 7 36 43 88 24 46 41 8 97 34 43 69 75 31 40 99 62 24 17 7 17 56 100 6 23 25 69 97 11 95 89 64 55 11 4 94 63 28 92 6 29 2 7 28 4 93 48 6 87 26 82 86 59 40 47 74 85 82 31 46 51 51 58 78 43 41 95 73 42 84 0 37 50 3 46 9 99 37 93 70 64 39 35 18 100 56 63 58 6 25 59 8 6 33 0 53 41 40 50 41 4 47 64 79 22 56 52 39 16 68 78 60 35 66 22 51 90 63 22 96 94 96 21 39 79 96 22 33 55 36 6 74 54 12 94 50 100 13 93 0 32 50 20 86 59 94 67 48 
55 83 7 97 1 11 10 54 63 98 31 53 5 60 88 42 10 21 58 53 94 73 65 28 51 59 22 18 32 19 56 3 77 51 74 57 73 43 42 75 66 69 52 47 81 90 96 21 29 66 58 43 1 88 26 14 58 1 0 37 83 53 48 77 100 42 53 81 70 60 63 30 1 68 58 29 41 29 3 42 95 27 35 87 85 53 60 19 32 81 9 30 36 31 91 5 22 74 53 83 82 35 79 62 93 26 8 2 65 22 72 12 77 33 48 58 23 41 33 14 10 51 43 46 76 40 70 16 74 60 33 13 72 25 55 7 80 42 87 83 29 35 18 52 6 83 94 42 63 12 30 69 52 22 84 16 80 100 58 60 33 5 45 38 32 87 44 60 95 77 29 24 89 32 37 50 10 88 18 3 70 48 82 8 62 100 99 45 94 96 28 17 23 55 37 46 25 96 78 91 26 15 61 20 35 50 41 0 29 50 55 37 10 17 13 13 4 58 31 100 70 87 68 41 85 12 65 67 48 45 40 85 75 99 45 40 47 0 31 61 71 76 33 47 24 24 83 100 38 58 74 58 47 10 75 81 76 29 43 71 70 75 80 81 55 35 21 51 26 96 65 44 80 85 34 4 53 99 5 60 89 92 59 69 28 88 32 42 17 27 50 12 23 27 20 78 98 63 71 94 77 11 11 23 2 16 94 51 13 63 93 49 61 32 26 70 12 13 4 82 86 23 15 76 95 36 90 90 12 43 71 97 80 51 80 11 74 62 100 50 43 61 11 28 39 87 7 6 88 51 39 64 34 20 39 67 49 39 10 66 86 36 78 77 73 83 94 59 35 85 96 65 23 22 48 82 85 79 50 84 52 79 61 29 42 96 47 32 90 34 56 11 59 71 90 4 97 74 69 14 
60 41 48 86 7 99 35 82 55 44 18 47 24 60 70 75 28 32 49 29 100 60 39 1 18 66 89 32 33 1 78 88 97 2 82 31 88 69 22 85 78 99 33 78 43 80 49 94 74 13 68 77 67 88 67 44 79 91 81 61 52 72 71 62 87 43 77 82 8 24 89 33 74 45 57 36 68 59 11 78 92 91 62 66 3 86 87 31 71 3 98 31 10 94 90 100 30 92 45 86 65 88 25 31 39 42 2 38 64 50 25 32 77 8 71 59 27 74 22 57 9 27 95 56 87 72 98 4 27 35 66 83 91 11 68 68 32 92 48 46 12 74 76 77 25 51 66 34 83 13 7 86 71 39 20 89 59 12 27 47 10 71 68 13 57 54 58 48 40 89 7 87 70 69 79 64 62 76 39 53 88 61 91 12 8 61 25 82 39 7 57 55 63 14 33 96 78 17 97 34 6 95 85 33 20 82 44 32 38 80 56 46 61 38 83 14 25 3 44 68 50 25 91 42 65 9 63 30 67 28 76 46 10 31 25 66 64 47 31 1 35 27 50 26 76 52 48 79 53 56 97 59 69 1 18 38 19 12 39 95 70 10 64 37 55 60 80 43 39 67 18 26 66 83 1 18 20 85 63 25 85 6 69 62 73 95 91 14 95 57 39 78 36 21 38 74 18 2 37 27 70 73 5 83 30 83 69 7 95 69 75 36 19 81 61 69 35 26 99 76 10 79 37 56 74 49 27 61 100 84 58 71 68 99 41 90 100 11 35 84 29 30 2 95 0 8 34 16 65 27 93 25 29 14 99 46 76 4 21 81 28 12 38 63 19 9 55 33 1 6 47 25 4 94 68 73 11 52 22 36 98 57 4 45 58 74 37 70 77 38 46 50 5 63 32 48 32 19 80 78 
7 0 52 95 56 52 48 63 24 69 14 2 53 73 71 62 86 58 11 30 38 58 59 2 65 59 10 78 12 51 52 96 15 17 3 2 95 79 2 31 18 23 88 46 36 5 85 24 95 5 23 61 0 94 50 55 46 15 4 13 25 96 31 85 49 15 3 30 95 18 54 62 91 40 47 83 99 6 10 56 92 98 50 94 33 2 90 68 51 60 20 72 43 96 37 53 41 35 90 61 94 69 17 13 40 20 99 81 39 39 31 26 39 27 21 81 59 21 85 56 53 56 16 50 61 90 100 41 53 1 61 100 8 74 30 54 58 37 21 0 49 23 51 28 53 62 24 56 97 67 100 79 69 92 62 82 37 35 63 18 64 84 20 55 1 40 31 57 36 82 52 2 83 66 16 5 37 64 47 52 73 85 98 0 10 0 3 61 32 36 7 52 85 69 42 10 99 83 6 8 73 15 62 30 96 88 38 69 87 91 85 49 16 87 59 49 64 81 48 94 53 52 15 35 46 24 76 89 9 32 40 20 57 76 96 54 20 16 18 86 78 34 28 68 93 44 34 83 28 44 29 27 26 61 4 49 81 69 26 78 76 27 9 8 34 24 47 48 55 2 37 31 35 38 77 99 5 98 93 89 13 44 43 54 85 88 54 41 94 90 66 67 64 31 59 36 37 57 77 80 90 52 35 87 73 17 44 93 67 18 13 61 75 81 65 43 21 9 13 46 39 93 52 90 45 92 25 28 99 16 62 93 54 60 18 58 61 47 70 57 50 30 67 21 40 2 79 35 98 19 89 88 5 46 35 36 28 39 79 87 87 52 5 20 66 68 98 100 90 56 69 40 50 50 65 46 52 18 12 96 2 35 17 58 29 78 87 1 83 41 49 34 92 84 55 55 77 25 20 54 
39 21 53 78 74 24 79 10 64 13 38 100 58 89 59 24 65 14 67 43 59 14 20 99 80 65 6 78 56 5 35 77 49 21 76 55 62 88 18 67 30 100 42 28 98 91 0 52 48 13 90 26 68 34 7 5 46 2 13 97 58 18 0 96 61 47 70 34 33 11 84 51 63 27 55 11 70 23 50 51 82 90 99 60 85 60 13 79 39 25 18 58 28 30 2 20 8 14 24 63 32 95 68 35 21 77 37 35 32 71 37 55 49 74 88 55 55 98 35 91 13 85 61 0 74 72 20 96 58 33 90 41 45 73 51 71 16 47 58 46 33 12 66 81 2 9 27 46 59 58 67 87 22 24 48 5 2 1 39 35 46 28 71 41 16 2 53 2 95 39 5 64 27 32 54 95 32 23 93 13 76 91 12 95 14 59 35 32 61 67 39 6 85 90 83 83 35 94 37 52 89 98 96 26 43 33 27 96 78 83 65 49 73 52 25 82 85 82 73 94 54 9 74 48 54 85 54 85 25 9 96 70 30 87 72 59 34 34 42 33 67 17 7 15 8 97 81 7 78 52 47 33 10 80 81 21 69 64 60 30 79 84 61 85 8 54 32 45 54 90 22 50 44 62 30 68 66 54 24 83 35 3 34 15 82 9 13 28 83 40 0 1 88 30 65 13 57 57 46 65 65 53 53 46 34 88 89 33 43 57 23 73 85 29 66 49 74 47 30 84 38 4 62 5 29 56 60 30 100 4 17 45 34 48 5 48 85 4 6 33 64 94 23 97 91 46 61 59 21 26 46 66 14 97 68 78 11 58 65 40 37 53 53 12 72 36 32 65 6 77 22 78 62 16 20 57 84 74 22 96 85 100 11 65 62 89 69 22 63 3 87 100 13 70 82 77 7 33 63 99 
4 2 47 92 82 49 93 78 13 37 30 20 28 70 8 94 75 96 5 10 0 60 98 13 84 38 14 4 96 18 13 100 18 36 3 39 27 78 95 37 99 24 52 76 80 84 62 45 50 56 29 44 2 44 88 82 23 21 90 99 91 0 30 42 61 46 97 83 60 9 44 33 87 47 98 34 81 43 0 94 82 65 27 48 20 10 18 74 60 0 19 28 41 70 5 60 68 30 37 28 73 49 69 8 45 49 51 75 83 59 79 8 55 34 27 90 92 66 64 39 63 70 15 78 44 30 31 24 2 23 63 97 54 60 15 87 92 1 75 33 23 45 47 83 46 51 83 30 39 23 69 95 55 74 36 91 62 31 71 29 39 99 61 26 72 92 36 52 20 69 77 8 56 35 1 66 69 10 36 40 7 51 59 44 73 20 98 1 92 22 4 22 50 24 36 52 23 98 98 77 14 73 89 99 79 74 72 34 67 23 62 29 75 75 55 66 88 1 96 7 25 6 58 64 97 58 43 61 6 83 72 6 53 89 48 100 32 29 5 33 98 95 84 43 53 100 12 30 17 25 10 97 7 44 96 59 54 5 51 100 100 85 66 21 53 96 63 12 64 36 66 43 97 40 53 49 6 31 48 57 49 75 89 27 56 17 47 89 66 62 65 48 82 99 16 42 41 1 2 21 35 69 34 8 21 14 68 49 52 25 60 36 35 44 19 23 73 68 18 65 1 15 29 60 65 21 53 83 7 13 16 1 32 89 40 77 100 0 62 40 66 79 30 79 59 78 5 51 63 55 85 78 44 83 57 17 9 26 64 2 46 82 27 18 48 38 46 18 82 39 30 63 38 11 50 55 70 98 23 33 52 40 51 0 45 71 32 62 59 8 21 20 57 57 22 25 30 19 96 67 
10 50 79 45 77 31 31 99 61 64 26 84 4 26 75 97 72 67 75 43 20 61 90 73 80 65 0 35 9 20 73 18 43 58 43 35 46 95 30 3 38 31 87 90 24 59 42 20 73 16 41 58 87 62 83 17 19 82 19 76 60 59 16 67 35 56 42 98 37 75 60 22 49 74 86 17 28 77 46 3 100 3 78 28 59 67 22 60 85 90 73 10 70 63 22 9 80 12 86 35 26 32 80 18 87 53 50 49 34 57 32 57 93 8 95 26 96 13 35 41 21 66 93 46 61 72 83 8 51 93 77 12 92 77 65 39 95 9 42 25 82 10 41 4 18 46 79 2 8 33 58 77 34 53 17 97 23 73 100 79 86 64 57 89 32 23 9 95 55 18 40 91 80 2 19 36 79 59 54 82 47 31 65 48 63 15 43 31 41 100 54 66 97 68 51 9 54 22 34 70 12 13 63 80 8 94 45 48 99 19 0 42 34 75 63 55 0 54 74 0 20 43 57 24 18 36 78 55 73 63 96 71 74 45 22 57 90 56 63 46 25 54 36 47 8 82 33 40 77 87 23 14 36 59 84 16 81 86 22 44 25 92 58 25 29 7 19 6 43 46 56 35 62 34 10 20 77 54 67 74 28 0 4 46 13 100 79 69 61 23 38 6 78 10 24 21 3 7 23 13 52 33 77 26 68 75 33 15 82 89 9 1 72 2 65 19 99 81 98 53 36 85 50 63 81 34 0 14 64 45 6 62 83 68 49 71 47 48 90 52 68 0 58 50 12 56 36 60 3 49 30 98 24 65 59 48 54 22 59 14 69 67 26 83 36 30 72 39 59 18 39 73 74 97 86 7 12 40 33 64 60 77 56 24 10 99 2 62 97 22 92 28 73 10 37 59 31 33 50 14 
1 41 36 17 27 96 40 97 97 25 60 30 73 31 33 29 74 26 73 76 88 51 85 33 8 56 89 64 49 50 34 52 91 91 83 90 32 25 21 23 72 50 49 79 77 100 87 84 5 27 17 13 48 48 3 98 94 19 58 100 59 50 94 95 98 27 56 59 95 22 40 53 42 50 48 7 98 76 94 28 50 49 80 54 69 26 31 35 54 85 18 53 20 10 38 82 28 0 57 39 59 25 92 0 50 84 26 95 66 39 55 84 58 52 89 61 0 48 65 91 51 32 97 35 12 30 78 76 92 48 91 13 64 69 41 98 39 42 37 48 95 95 70 38 55 91 91 72 32 9 56 77 21 93 28 15 98 98 49 0 92 14 80 43 66 91 1 30 69 46 12 45 91 86 29 98 82 60 59 44 0 63 50 54 92 4 2 62 75 16 73 43 45 63 100 24 13 26 13 17 64 65 82 62 17 66 59 55 73 19 25 89 55 93 65 79 27 95 91 0 1 74 38 2 24 24 37 66 54 9 63 61 26 25 80 29 32 77 31 74 26 58 23 8 12 27 99 99 13 3 52 83 19 10 45 73 11 92 13 88 36 60 59 52 4 13 92 22 82 75 95 100 66 6 88 74 31 39 14 97 7 47 93 73 93 35 76 45 95 28 95 67 90 68 87 68 98 32 94 79 56 52 65 51 94 2 12 16 48 35 50 33 76 85 56 4 64 16 95 94 30 93 67 0 33 26 37 95 39 74 71 76 38 1 6 79 42 29 16 3 0 61 52 64 33 50 18 21 48 74 68 50 9 20 78 41 56 85 52 81 86 59 14 50 22 72 56 6 25 26 16 46 75 6 71 57 89 81 26 92 76 0 70 41 29 73 29 48 40 83 29 81 39 94 55 45 7 12 12 42 
0 42 89 66 24 24 15 1 65 37 75 38 64 93 32 86 28 39 77 50 46 5 88 54 24 6 34 51 9 10 30 82 77 14 83 15 29 10 90 8 100 24 89 9 34 16 93 38 5 13 95 21 64 74 17 77 19 81 19 32 70 36 84 69 55 81 47 54 79 23 82 50 9 97 18 3 37 30 2 24 17 9 32 25 1 45 8 11 89 27 20 36 23 23 14 7 1 65 91 69 3 22 63 56 95 98 88 5 68 0 35 28 36 5 93 61 53 11 40 81 60 71 96 42 19 18 73 15 23 5 49 17 63 87 83 39 77 22 42 27 16 10 44 86 30 40 39 85 73 31 67 40 63 52 86 82 68 86 20 46 49 13 54 81 35 12 45 10 28 34 30 76 4 74 48 69 77 26 1 94 60 98 38 51 46 76 26 20 13 38 79 60 19 17 49 11 68 23 18 55 7 65 73 86 90 52 33 37 20 75 48 49 100 46 26 6 14 47 94 80 29 79 85 76 11 10 6 71 16 9 83 40 66 49 6 78 17 81 79 46 69 70 89 19 77 9 5 84 66 6 35 80 19 74 80 70 20 53 63 21 77 69 75 36 34 41 0 66 2 94 56 59 38 33 69 66 47 35 0 92 6 40 88 39 48 19 32 82 97 24 16 11 99 0 78 96 54 57 5 29 76 62 15 0 13 62 93 12 74 80 93 90 48 14 65 37 60 10 64 71 50 52 53 7 100 12 55 63 7 78 1 0 68 33 57 48 66 23 27 70 28 9 92 80 81 22 43 20 41 4 67 59 45 81 28 14 80 39 50 63 75 63 60 49 29 39 41 52 69 99 20 50 87 72 31 6 40 79 22 90 73 26 45 99 58 57 19 15 70 33 96 93 8 22 31 80 48 70 79 96 
97 13 18 88 78 46 41 9 79 45 32 72 88 33 40 12 34 81 1 3 68 71 83 10 25 87 18 78 69 58 12 8 34 100 82 84 86 29 61 15 61 3 81 95 45 16 50 19 54 23 68 22 78 40 84 31 52 19 72 84 15 1 40 80 36 70 28 1 43 79 73 36 89 2 12 12 94 42 35 50 26 16 0 57 40 35 73 24 97 74 9 17 11 84 35 49 67 29 40 100 94 48 47 74 50 78 32 9 30 7 54 50 46 76 37 0 87 67 32 18 72 6 79 44 76 59 24 82 30 3 93 0 23 75 58 51 83 2 25 91 2 38 22 66 38 52 31 3 16 12 54 54 59 43 2 51 98 53 99 8 88 58 24 53 7 50 99 81 99 9 34 23 32 26 0 60 77 13 8 59 13 79 37 82 85 77 41 92 76 22 37 30 11 22 38 5 72 56 66 59 73 63 63 8 53 77 46 99 74 72 55 99 94 86 12 82 52 30 15 16 18 82 63 23 55 90 15 17 2 46 97 15 45 1 91 10 54 7 94 23 95 59 72 52 98 49 7 7 100 70 61 30 7 4 79 95 63 72 52 73 72 57 91 97 60 6 73 5 71 46 25 26 5 57 58 76 35 31 94 75 29 98 40 84 34 43 25 75 71 9 52 64 87 85 38 63 14 34 73 32 64 99 37 35 49 50 80 42 83 65 55 62 66 74 20 50 30 21 58 81 64 83 23 81 49 26 75 87 10 57 67 88 3 12 2 62 52 26 25 8 56 67 14 27 85 95 56 41 22 23 92 26 40 53 94 49 97 60 13 44 44 51 82 91 11 0 64 75 6 83 51 26 56 67 24 67 79 90 66 2 62 33 85 24 99 12 62 96 40 42 91 36 98 69 61 23 72 85 69 53 
39 6 68 70 77 55 96 69 19 5 45 51 59 71 96 9 7 73 51 24 3 90 32 19 91 63 97 72 25 49 62 24 13 57 91 64 79 95 37 41 88 35 2 8 90 81 12 19 59 45 100 84 90 45 48 11 57 100 34 80 86 99 45 17 62 2 88 29 30 21 63 50 63 78 99 1 38 50 9 47 62 44 93 38 86 95 86 60 92 42 30 88 54 29 42 6 40 55 71 3 45 62 66 88 8 69 95 83 21 36 80 32 10 30 92 7 80 7 82 66 59 47 98 90 69 59 93 44 72 85 47 61 8 68 64 24 29 5 41 67 41 57 86 80 86 35 96 27 29 58 72 49 61 31 78 49 77 10 77 72 19 93 85 99 55 92 60 75 80 71 84 81 55 86 54 8 21 61 73 68 99 79 30 31 55 12 10 57 1 7 2 41 54 2 6 79 31 44 81 54 92 97 73 44 30 12 19 14 9 45 56 16 42 89 67 3 88 33 76 77 18 71 82 17 73 66 28 72 11 83 85 50 93 5 25 49 88 11 92 60 54 25 42 17 84 19 42 48 55 31 96 87 75 90 43 19 58 14 59 1 90 12 30 22 49 13 34 16 10 76 23 46 83 95 83 57 73 96 6 18 58 99 37 30 97 31 47 82 56 30 85 6 87 15 45 19 85 83 12 90 29 46 31 94 66 94 80 1 83 57 67 26 38 92 57 41 86 48 12 59 24 78 74 65 92 77 74 26 27 1 96 36 21 79 30 33 40 59 82 68 95 11 13 4 92 74 44 53 60 62 31 2 28 41 32 93 18 9 54 14 97 75 0 28 4 91 74 25 23 42 94 0 65 23 69 63 79 36 89 44 0 30 47 8 49 91 12 61 23 48 19 51 39 19 52 23 43 21 49 88 
34 18 48 34 31 76 68 66 33 15 30 30 11 93 36 63 17 94 19 23 55 13 29 34 48 98 99 33 22 29 93 27 30 6 16 77 36 14 63 86 23 19 95 24 22 40 49 15 98 28 70 21 98 12 56 46 73 77 58 46 80 61 97 14 49 29 27 100 35 34 26 94 81 45 74 65 30 30 36 47 34 92 80 76 36 12 51 65 89 18 38 36 45 46 1 70 56 19 12 78 71 59 84 35 80 22 99 60 90 66 94 24 36 10 38 84 52 69 4 0 39 94 8 8 92 69 21 49 5 12 67 72 40 80 66 58 43 66 6 44 34 21 3 53 35 63 4 32 98 43 84 4 47 95 84 98 17 100 61 7 65 38 16 1 96 90 84 75 57 85 85 48 84 56 90 75 61 97 71 59 93 28 9 38 17 7 45 100 60 77 37 96 82 21 71 48 65 20 93 33 71 10 48 2 35 100 38 67 44 36 91 59 53 26 89 4 6 35 57 94 99 65 14 87 88 20 51 47 18 5 71 69 74 1 25 59 84 64 31 84 86 42 97 84 69 19 90 30 85 60 10 32 7 88 80 0 31 83 89 72 51 79 14 58 97 85 50 74 81 52 33 56 84 3 20 88 98 43 15 89 28 16 51 24 2 83 19 47 44 68 52 67 32 6 12 19 55 58 82 87 3 31 15 21 44 64 54 54 75 11 91 28 0 56 16 26 85 52 97 12 57 92 5 71 24 54 87 44 49 5 70 57 19 3 15 63 31 71 96 53 42 74 87 85 48 51 0 5 0 52 62 23 64 53 76 51 9 84 46 85 98 2 24 81 38 29 99 11 24 45 2 38 73 56 47 14 56 33 71 58 23 13 11 96 44 20 2 4 74 84 85 61 8 87 84 89 14 68 58 6 
3 19 5 42 99 38 60 52 79 2 7 4 45 23 26 18 64 6 35 24 31 89 16 34 25 6 68 6 32 60 82 44 51 50 50 68 70 18 19 15 27 20 30 4 43 98 77 76 22 78 27 43 2 91 37 29 98 97 20 53 25 6 40 11 68 17 91 19 65 95 98 59 27 73 1 100 58 33 31 2 60 62 49 21 52 51 36 55 34 39 73 27 86 11 24 52 64 57 55 57 3 33 86 41 8 65 38 51 18 16 24 97 31 82 71 2 50 99 12 90 5 4 43 10 4 72 84 49 54 5 76 91 47 9 88 42 72 1 55 91 100 95 42 30 39 66 76 62 33 25 92 36 19 33 89 95 71 52 18 90 61 84 17 36 57 97 31 89 76 52 66 39 51 100 17 76 97 5 2 60 76 13 97 92 20 58 9 10 50 77 37 69 38 67 5 15 100 67 26 67 45 61 31 45 20 71 69 75 12 68 83 43 68 51 69 29 17 61 49 57 93 59 58 5 62 16 61 54 36 17 70 88 78 40 46 74 50 96 12 78 40 49 12 42 21 29 86 14 82 45 94 50 83 13 26 25 8 85 6 66 58 97 2 13 0 12 92 17 69 17 73 43 30 95 26 9 93 49 63 7 89 10 73 55 80 16 38 49 50 11 68 73 21 97 56 47 77 89 21 64 78 71 51 77 29 81 27 50 81 16 74 8 98 49 65 68 74 76 43 97 58 87 23 11 75 7 74 100 88 44 81 2 2 55 38 78 21 34 97 67 69 83 56 61 67 90 80 84 93 15 24 73 90 19 19 51 66 32 64 81 40 40 16 50 47 14 10 67 72 66 77 17 71 55 11 55 82 57 74 45 15 24 73 50 75 12 57 29 53 99 54 9 2 53 73 48 10 69 93 19 
58 49 31 82 92 46 10 89 62 57 40 36 83 3 93 61 45 8 32 60 31 60 44 40 44 27 3 21 8 38 87 95 83 27 25 65 79 77 6 87 57 93 14 8 99 51 66 61 83 20 4 63 94 69 42 20 20 84 51 15 29 18 9 88 45 94 80 37 73 93 98 72 66 69 69 70 6 48 33 83 87 45 18 64 31 21 78 24 24 23 26 28 12 82 84 82 22 90 66 59 14 61 41 73 70 88 79 97 69 76 89 2 44 42 22 24 15 50 95 31 30 65 57 65 59 17 32 19 9 26 14 49 71 92 61 84 92 99 71 6 4 85 76 88 91 98 70 22 41 89 59 99 52 81 18 27 35 6 86 8 43 88 77 81 97 40 16 63 11 49 41 94 99 36 26 94 76 1 28 77 31 91 58 39 67 38 64 61 8 4 12 25 24 73 40 79 89 42 68 92 66 23 19 14 42 82 87 39 88 12 53 4 10 23 81 18 2 34 82 66 45 67 14 6 85 4 95 25 63 62 31 18 73 51 87 69 43 29 46 43 55 80 70 9 0 51 21 69 43 89 67 42 82 13 70 42 24 24 27 5 13 84 7 94 98 6 98 5 81 10 61 53 63 12 76 95 4 12 32 9 60 6 51 9 99 73 69 63 51 72 20 1 58 57 15 45 4 13 78 87 80 50 91 76 51 88 13 79 67 85 29 49 99 61 47 75 37 73 47 29 42 83 53 40 87 91 41 13 60 1 24 9 17 7 71 30 58 96 1 52 78 48 55 98 1 23 94 16 52 95 45 98 49 38 81 85 5 70 31 22 59 71 97 27 10 54 11 17 90 88 87 5 4 48 3 75 35 18 89 31 17 33 77 99 1 26 65 74 37 40 93 91 49 20 31 48 76 61 84 68 
73 38 89 95 80 36 75 47 34 59 88 64 65 58 34 58 89 66 56 99 89 48 61 24 16 71 87 16 7 27 46 97 22 66 78 87 93 70 70 96 51 85 55 22 83 26 92 55 7 87 100 40 76 70 50 41 7 57 56 51 24 67 78 40 14 65 85 80 52 81 23 15 33 79 39 56 52 65 7 56 89 2 49 91 91 62 21 0 11 22 98 20 23 78 98 52 65 8 22 46 59 99 25 60 3 82 57 86 0 22 55 42 54 74 67 44 78 100 99 28 48 26 33 14 8 3 92 70 27 92 56 39 93 79 73 82 26 6 16 71 81 14 52 44 29 60 31 79 81 60 73 46 47 83 57 58 13 31 65 23 35 38 12 47 73 39 90 63 33 43 10 24 16 62 22 48 14 14 59 33 77 38 40 45 77 70 13 85 86 18 92 55 18 79 87 54 61 12 87 16 94 97 49 96 44 50 16 86 5 71 76 1 11 38 68 81 20 100 88 7 94 92 22 50 7 45 67 56 85 17 74 14 81 8 98 97 82 28 83 23 45 40 80 84 6 26 23 0 48 42 52 37 23 85 47 87 14 100 77 52 48 52 73 42 26 82 18 6 64 1 23 59 43 32 50 75 65 61 87 78 20 0 74 9 17 85 20 79 89 54 28 20 86 28 87 48 14 48 54 13 0 29 56 28 68 56 96 67 0 1 97 54 58 31 37 57 49 54 32 83 13 9 37 84 7 91 20 20 92 9 66 95 52 70 8 53 96 51 1 68 71 29 59 30 79 55 62 88 51 3 41 37 51 86 77 41 95 79 51 36 14 70 9 4 57 35 65 51 7 10 44 21 62 31 49 15 99 15 25 80 77 26 92 2 40 18 25 89 52 4 42 9 9 19 15 87 73 36 68 91 
24 83 41 80 48 50 47 95 89 26 31 97 67 20 32 14 32 13 78 38 41 50 12 33 40 1 69 26 26 85 21 74 75 77 61 38 35 93 55 65 46 14 58 56 42 84 45 66 95 5 65 72 32 7 60 14 27 98 67 35 11 52 56 37 9 15 47 63 44 97 56 41 87 24 39 68 73 32 90 52 21 70 3 57 48 66 48 39 5 68 42 75 95 9 3 68 81 3 39 39 37 92 99 23 49 29 67 44 46 20 100 16 63 68 31 59 55 28 13 58 79 75 45 1 53 4 13 72 84 99 19 75 91 80 80 56 32 68 95 49 92 85 10 30 26 97 35 100 70 58 37 24 55 73 10 18 53 32 13 33 89 72 57 75 16 59 94 69 29 76 18 75 43 39 60 15 44 91 78 19 14 59 0 61 13 11 79 42 0 86 94 34 64 5 75 24 62 97 77 67 5 5 15 83 27 68 13 34 10 52 21 79 5 22 82 27 96 39 13 68 67 32 68 18 37 13 70 52 56 83 85 8 17 21 12 100 72 71 7 50 54 62 44 99 40 92 13 40 97 91 1 88 52 43 14 7 10 20 98 22 14 24 85 66 60 32 95 86 39 43 35 95 45 80 25 53 68 61 6 17 33 58 40 84 40 83 0 62 68 16 50 28 11 28 82 3 58 24 98 77 36 73 59 56 100 82 56 95 87 67 14 10 33 5 99 90 63 9 53 85 96 44 92 80 78 15 7 15 33 69 13 70 64 46 82 15 19 73 60 91 18 69 15 41 83 45 60 87 88 91 48 58 43 38 1 21 3 38 25 78 86 99 64 66 49 48 2 46 66 89 58 24 27 18 74 90 98 83 77 36 51 98 65 67 31 57 100 62 49 61 7 20 77 39 20 17 6 22 83 0 
45 36 43 84 43 40 73 87 0 47 92 16 66 94 3 82 0 84 25 100 7 29 65 57 76 84 50 38 54 66 54 33 30 82 42 86 14 17 84 93 15 9 81 41 74 86 46 62 92 59 86 99 74 52 68 49 78 45 75 83 12 80 74 30 49 4 30 48 36 66 23 78 29 15 52 12 65 27 100 73 82 8 22 49 10 11 63 87 73 56 52 82 34 79 93 24 72 76 88 36 52 57 97 48 11 65 13 73 71 50 50 55 75 52 35 1 46 23 22 1 0 16 3 11 1 12 90 68 54 86 30 95 62 87 5 92 29 73 92 55 94 72 73 48 4 36 20 61 73 77 9 85 88 68 36 31 86 15 37 43 6 3 35 94 77 54 32 35 97 28 51 63 40 42 18 21 20 71 81 95 4 100 67 12 84 93 7 100 83 21 19 98 88 25 35 84 66 65 85 67 50 51 36 28 45 81 47 18 82 38 60 63 20 17 61 88 15 80 93 42 79 72 68 68 25 89 7 97 57 26 98 80 95 72 18 30 99 46 40 35 71 54 30 31 43 86 82 91 43 17 66 86 15 61 20 7 12 67 52 37 16 90 28 21 82 24 22 31 55 60 79 25 48 35 9 75 75 80 82 22 31 83 88 67 43 41 4 90 48 98 12 12 85 80 38 50 37 96 33 18 21 78 27 82 4 37 70 11 31 22 92 87 94 69 79 43 64 95 52 21 15 92 100 64 17 30 41 28 67 20 97 90 31 32 98 29 10 19 82 85 16 72 16 74 43 12 1 48 89 44 4 24 86 1 12 22 54 87 2 99 5 75 84 46 87 36 58 67 12 78 26 73 0 48 56 21 14 34 66 89 72 26 63 35 21 16 80 89 23 54 34 50 72 75 19 47 92 2 13 72 
69 1 68 63 25 48 98 23 68 74 35 46 65 8 58 82 23 8 32 32 55 9 39 46 19 28 64 20 14 8 26 98 87 96 75 42 20 100 21 7 83 74 75 52 13 94 23 10 18 23 86 14 93 68 43 77 80 54 91 43 12 83 84 55 48 93 78 48 48 93 27 11 8 52 63 29 75 26 39 96 64 38 14 12 59 4 22 39 82 63 31 96 92 96 0 46 36 69 92 30 22 9 20 52 62 43 6 2 14 67 3 80 37 18 91 91 81 88 56 23 3 79 4 19 75 45 97 74 37 58 2 22 11 8 5 93 60 76 96 13 66 20 92 36 19 49 53 5 66 93 23 54 95 2 40 47 87 71 10 66 29 22 7 87 43 44 64 48 30 9 55 81 72 37 100 86 66 37 26 52 68 28 29 41 67 73 7 40 86 85 72 85 83 89 40 83 80 79 25 47 56 98 9 44 61 75 68 13 82 42 8 63 95 5 35 55 60 30 70 72 70 73 47 83 7 53 40 42 48 63 38 95 51 62 28 36 33 74 9 99 79 44 99 29 30 74 87 74 69 43 74 65 52 90 35 19 1 74 76 50 24 77 7 71 35 83 88 25 38 94 74 14 0 96 5 87 49 20 80 84 94 39 79 0 93 67 88 94 88 27 91 100 84 30 95 75 88 89 92 48 43 2 19 8 89 49 69 69 62 28 59 27 42 89 72 42 68 83 18 72 80 62 74 24 73 53 84 8 97 50 73 89 10 99 36 44 98 53 82 52 80 33 59 76 43 53 80 79 37 4 25 89 87 58 60 78 75 26 37 59 91 70 64 6 27 67 8 41 23 82 16 14 51 1 1 86 13 72 33 98 91 62 26 22 55 89 41 23 58 14 79 51 61 72 90 31 6 53 20 2 
84 89 89 66 77 64 2 73 30 23 32 6 65 92 11 25 41 67 16 2 88 27 94 41 16 7 59 72 61 93 16 4 89 96 67 38 38 72 80 63 67 26 58 1 44 84 17 67 70 51 28 43 31 41 64 95 94 93 87 28 30 25 92 38 57 83 70 71 39 71 75 14 29 35 60 44 51 36 49 64 3 38 50 83 61 83 22 70 64 75 51 46 83 69 43 76 14 94 83 14 27 27 9 80 34 10 91 28 31 0 25 45 70 28 82 89 78 61 62 47 30 91 21 0 58 93 52 58 37 81 78 72 89 21 59 18 65 12 96 31 99 15 63 38 93 88 98 86 23 30 53 39 68 1 64 38 81 9 58 25 64 40 46 91 39 56 31 65 5 35 33 57 45 98 92 82 3 89 50 18 62 59 93 65 50 40 23 4 100 18 1 33 78 9 87 44 1 34 10 94 19 18 77 85 93 72 79 12 43 57 37 5 44 100 71 96 41 55 91 13 42 49 95 92 86 88 61 99 62 8 39 65 70 6 47 51 41 37 17 43 33 91 50 68 77 20 46 3 98 85 77 39 70 44 4 65 71 84 41 22 83 27 39 2 54 1 58 2 34 75 4 14 71 22 36 33 77 69 14 42 76 72 2 19 43 66 40 18 25 95 53 77 85 65 44 41 98 37 64 65 70 43 31 96 9 39 99 61 8 10 55 82 83 29 22 67 41 50 40 95 70 12 17 15 84 34 37 1 91 14 83 66 66 26 39 64 66 41 13 28 79 50 17 12 24 82 46 42 23 47 33 16 97 69 31 66 48 63 78 71 18 22 2 65 90 11 70 66 76 91 5 79 0 53 74 49 37 42 69 8 46 74 76 49 42 68 27 21 10 56 46 35 96 43 79 57 10 57 80 45 
81 98 43 1 23 93 50 8 45 40 2 55 97 6 31 69 9 55 8 52 13 56 92 70 75 59 2 14 56 10 81 57 78 62 27 53 29 70 76 19 1 50 88 57 28 61 68 88 71 93 89 25 45 7 88 41 100 34 86 73 85 72 63 66 91 64 71 70 33 48 83 96 86 94 35 38 27 72 35 15 33 4 25 52 35 89 16 25 66 99 73 42 91 84 60 12 80 51 89 15 23 93 9 48 71 53 27 76 54 23 14 81 0 10 38 67 58 87 66 93 21 92 22 24 86 24 85 54 43 92 2 9 3 81 27 59 50 38 14 39 22 3 16 81 91 41 28 96 42 84 73 1 6 79 12 96 46 50 23 81 37 37 85 61 54 66 15 23 78 43 14 27 30 100 68 17 65 36 82 7 38 25 82 91 39 44 83 39 47 59 98 3 30 26 99 27 49 8 36 74 16 92 45 5 18 3 27 67 9 59 4 31 99 93 22 52 60 55 25 27 33 4 5 31 57 65 44 98 43 33 71 56 27 23 33 2 54 5 16 45 19 92 30 96 78 53 88 16 7 15 23 65 12 73 56 38 39 5 9 34 40 96 84 82 68 42 84 77 52 77 71 17 12 61 36 44 18 54 57 15 2 34 74 68 66 24 27 9 72 20 73 55 8 49 82 74 90 56 2 5 2 53 3 24 29 79 78 60 78 63 91 26 79 93 55 70 34 31 100 17 6 20 52 35 12 26 25 12 18 72 54 14 76 27 11 22 62 68 62 61 12 74 90 29 42 52 74 6 33 89 3 6 29 82 69 0 94 74 37 8 100 34 34 42 29 26 47 24 66 35 48 71 31 3 3 55 0 70 32 66 50 26 21 90 14 32 21 56 97 4 49 26 64 36 12 97 100 12 11 27 
11 19 42 67 46 82 57 49 49 81 1 25 70 17 24 82 5 87 13 1 57 43 22 80 79 95 34 42 82 74 36 81 85 71 63 77 22 54 95 20 17 2 80 98 14 100 53 84 36 6 21 5 65 62 64 66 44 37 91 96 7 52 28 39 7 3 58 26 81 49 82 24 39 1 25 40 45 55 84 44 87 86 52 14 84 16 26 22 74 20 19 29 41 0 94 57 34 34 7 52 92 49 76 56 95 25 8 45 31 82 4 15 100 74 85 54 43 75 28 27 4 35 56 6 94 57 96 91 32 7 3 98 72 21 89 72 79 78 34 59 22 47 55 69 66 8 14 57 19 76 12 79 36 93 67 39 75 8 86 44 24 52 12 51 22 36 22 30 86 84 85 26 10 11 38 47 49 6 17 47 45 74 77 83 95 99 0 7 8 1 97 49 15 84 42 28 45 95 0 45 1 21 18 62 88 70 68 82 10 18 63 23 36 59 62 74 84 39 25 47 64 55 27 58 15 38 75 79 23 89 83 14 78 88 2 86 88 96 36 12 11 8 54 12 59 16 48 68 15 51 98 14 38 61 59 3 74 68 32 31 80 61 83 5 21 27 73 90 80 79 86 87 91 97 35 37 79 24 55 60 42 95 95 17 7 18 19 51 78 3 61 41 5 98 52 70 48 54 33 100 13 8 67 89 78 2 94 53 77 52 56 29 33 29 71 54 64 0 20 77 71 98 37 64 53 96 76 52 67 77 58 30 35 36 17 65 38 41 50 94 1 6 24 16 7 13 78 12 79 24 95 8 57 24 19 3 71 72 30 39 18 13 56 71 97 96 20 3 15 14 71 32 92 70 3 39 76 22 36 82 93 60 83 54 34 93 84 49 60 51 90 45 52 45 86 13 18 30 38 7 
94 72 92 21 71 33 41 7 20 54 25 10 13 1 88 81 50 5 48 63 75 86 78 79 19 2 7 96 95 1 76 53 83 90 51 53 33 50 38 84 48 48 6 10 23 97 18 66 97 63 27 37 60 5 41 90 28 21 67 27 34 7 3 82 89 94 32 87 79 75 93 46 89 71 28 13 98 98 53 76 43 79 33 7 55 83 51 71 21 56 97 56 85 65 3 71 95 62 8 94 17 42 81 46 34 50 71 49 12 47 35 91 18 44 61 94 66 38 53 59 12 76 60 81 63 81 68 54 33 75 86 51 7 43 62 49 38 64 57 15 83 37 33 96 4 55 3 72 97 43 25 98 2 70 59 18 92 40 14 60 48 100 74 75 4 26 66 23 42 47 0 31 30 50 24 67 39 86 94 70 35 70 86 72 23 77 46 79 63 82 76 41 81 100 91 50 70 94 39 5 61 4 54 16 38 41 31 63 18 24 82 39 29 3 81 95 83 3 33 39 34 13 91 80 96 53 74 62 100 28 1 77 20 99 56 53 64 93 96 49 83 82 13 75 75 58 27 45 11 31 61 53 36 100 17 70 69 50 57 80 1 41 5 16 54 50 58 2 30 44 32 31 89 73 37 53 26 10 79 38 14 35 95 25 65 33 53 30 1 0 62 35 47 12 60 36 4 52 39 57 74 69 32 15 0 71 55 21 40 26 80 86 25 96 92 82 50 33 84 15 53 41 69 71 21 46 67 93 95 80 70 87 35 32 32 10 33 91 53 57 88 15 15 4 90 17 70 63 10 3 60 33 44 61 64 21 73 3 43 25 67 5 32 58 59 25 38 53 97 0 27 49 7 8 44 50 96 62 66 22 98 23 89 24 48 92 98 68 83 20 87 93 74 70 55 35 68 51 100 5 
40 9 18 32 3 22 7 57 31 55 34 35 66 19 28 32 48 92 3 4 35 16 29 59 29 58 22 38 45 85 29 83 12 32 88 13 98 94 66 87 83 91 75 82 17 57 48 38 27 34 48 26 8 12 40 14 64 14 67 28 94 45 4 17 39 31 5 43 93 69 30 40 57 23 10 13 92 26 95 4 22 94 14 15 5 53 71 11 66 18 75 86 61 4 87 96 6 38 63 99 96 19 38 67 0 60 31 54 21 43 19 86 51 69 20 25 3 86 8 94 20 81 46 89 37 7 46 97 42 47 40 45 67 4 16 84 5 70 12 48 32 44 16 38 16 69 89 84 69 0 40 86 65 70 88 4 17 13 79 38 95 25 73 79 91 79 55 89 3 99 45 29 50 41 98 36 29 18 73 54 93 38 67 28 41 86 29 51 12 15 86 63 7 13 32 75 47 33 94 64 88 37 76 14 33 30 57 61 27 44 33 100 50 59 76 50 40 22 22 5 26 13 34 24 18 15 45 90 83 26 56 29 43 63 57 84 52 6 25 31 53 26 72 74 63 82 66 36 53 43 35 16 78 59 45 57 13 84 16 100 38 74 99 77 45 31 14 64 15 8 39 70 66 45 90 94 96 72 89 61 22 6 72 14 10 45 7 23 45 49 33 47 63 86 99 40 76 38 84 40 47 20 51 17 81 31 50 73 77 99 60 13 59 27 51 21 2 14 71 51 85 3 98 31 81 11 100 32 32 59 92 7 8 45 82 88 16 40 93 4 64 86 48 13 52 75 98 50 93 94 49 17 66 38 0 47 57 1 63 65 96 50 2 46 7 66 94 70 43 58 3 97 22 14 92 78 95 54 32 77 41 91 23 96 99 29 87 82 64 40 2 54 81 19 19 33 36 69 14 1 
55 68 43 36 74 47 31 90 47 72 0 69 71 80 78 78 82 88 38 16 48 13 33 28 82 38 18 53 44 49 79 39 24 74 31 93 82 10 18 83 23 52 79 72 4 47 85 0 86 4 94 21 78 7 25 35 47 43 39 23 40 9 77 71 83 14 37 76 29 80 38 78 79 71 18 23 32 38 16 48 28 74 23 82 72 5 59 86 0 12 2 24 69 98 87 82 24 12 71 0 88 80 25 84 35 22 6 11 77 14 12 31 20 11 32 3 33 4 21 61 44 99 52 100 83 9 60 92 34 76 53 6 45 77 55 30 80 63 80 38 88 64 93 54 77 30 24 86 37 36 15 47 41 87 26 8 8 93 32 70 45 100 43 30 71 4 67 47 30 6 25 56 8 8 98 75 75 68 32 67 57 81 11 24 18 66 85 31 95 26 96 91 49 70 13 71 61 24 41 27 55 44 49 4 91 3 15 69 80 69 67 100 18 2 85 40 84 41 95 35 40 18 78 53 67 88 39 65 78 38 99 66 79 57 11 87 51 42 48 48 76 87 26 0 83 53 98 87 65 22 70 43 41 44 10 63 16 22 48 94 0 16 53 64 48 20 66 92 72 69 32 74 22 96 4 65 37 54 64 48 100 69 5 33 55 9 23 14 76 16 16 21 43 90 33 45 51 49 18 28 10 41 70 99 86 80 18 11 15 51 74 59 11 72 31 97 82 100 90 95 44 8 17 17 81 15 68 57 43 22 91 24 45 58 69 18 12 82 31 19 56 7 98 72 75 48 75 20 67 26 50 93 11 76 77 83 55 30 12 42 0 49 84 3 79 19 53 52 49 14 33 35 11 86 96 28 4 5 28 8 93 50 15 39 43 3 44 81 73 28 43 72 3 87 86 95 28 59 89 85 
95 27 1 13 25 45 40 75 8 38 14 41 44 60 0 28 8 50 94 58 70 62 48 0 69 51 69 11 83 80 83 93 54 29 76 39 81 38 23 21 28 71 49 37 7 46 71 24 40 61 71 7 99 35 86 98 19 46 60 25 48 59 95 11 94 32 97 65 79 87 76 39 17 7 43 49 51 5 69 82 87 1 8 91 20 99 85 9 26 4 16 55 11 52 67 100 2 33 1 51 41 2 97 33 23 58 9 81 28 85 74 43 16 66 19 18 8 51 72 77 53 49 77 66 64 0 80 60 55 2 34 34 60 75 1 88 64 54 75 30 21 59 9 70 17 100 81 89 64 34 83 27 15 78 76 97 95 30 58 16 37 83 64 56 17 7 93 23 32 72 92 43 99 95 54 48 23 95 62 7 74 37 64 46 34 89 30 88 3 43 77 8 6 32 84 38 92 49 31 95 38 79 20 57 90 55 24 32 67 54 56 6 78 11 31 99 28 42 40 33 34 0 75 3 14 13 42 15 2 96 43 53 66 93 8 55 48 14 5 45 24 23 70 59 22 47 60 77 14 25 17 6 87 53 33 25 2 50 12 67 31 56 34 54 40 33 83 37 0 90 1 58 38 11 57 27 89 7 18 84 46 73 96 92 83 49 86 35 19 16 52 72 77 63 34 8 36 47 47 97 48 51 90 51 64 26 15 64 43 17 95 21 94 70 19 45 20 32 55 26 34 39 67 67 2 98 31 97 37 73 9 98 8 20 46 30 38 27 99 75 4 31 73 95 20 14 2 50 51 25 72 52 41 5 14 81 13 57 35 11 13 33 58 92 13 40 81 17 7 77 78 47 1 46 10 29 15 73 31 52 10 3 40 8 25 10 49 96 65 97 14 19 90 43 90 51 82 78 100 55 
60 54 30 27 83 5 92 45 15 40 62 26 92 33 64 34 56 87 3 4 25 14 6 98 25 57 7 68 81 27 92 63 28 17 86 82 74 98 7 67 84 6 23 51 13 17 60 57 11 76 53 45 5 7 82 0 8 91 30 100 23 88 14 54 36 4 61 76 70 84 79 32 0 49 13 72 92 40 58 9 8 13 30 94 9 40 76 42 30 81 28 66 35 26 53 29 69 39 23 48 94 72 20 17 73 59 45 9 72 3 62 98 63 79 78 43 64 63 7 63 25 9 99 98 90 22 85 41 88 99 18 63 45 77 92 10 50 60 98 63 1 77 11 36 30 55 19 33 1 76 58 37 96 95 39 41 77 73 51 22 36 83 58 68 91 73 73 79 42 43 88 46 49 65 23 0 96 16 60 11 94 19 49 59 93 55 6 78 93 38 32 52 18 27 49 2 72 86 57 34 17 55 56 35 10 32 52 42 84 4 99 75 39 19 83 77 29 35 60 36 33 8 97 38 88 84 78 9 16 58 94 39 49 99 67 12 50 18 2 89 58 31 92 79 27 58 96 14 21 37 10 25 22 3 45 63 8 46 6 85 58 41 100 54 63 7 98 76 63 68 99 38 93 1 16 46 73 0 28 48 32 84 16 11 26 60 75 39 14 72 19 83 95 97 54 35 88 83 62 35 18 23 90 68 3 32 73 37 96 87 52 14 25 9 42 3 36 98 58 57 27 29 10 86 92 66 94 62 89 27 98 78 31 50 74 46 67 54 76 6 93 19 80 20 51 29 95 24 56 41 37 4 9 39 76 67 28 63 48 51 88 25 88 3 22 57 7 60 47 43 62 55 32 62 47 94 27 77 95 21 38 80 42 27 15 93 5 92 76 9 15 47 25 19 93 46 29 43 58 35 
68 15 41 98 62 85 96 42 16 100 54 79 51 57 94 53 73 35 24 24 47 39 38 9 81 65 88 31 34 11 74 3 41 100 3 12 70 61 78 50 32 60 25 40 65 48 87 38 60 97 44 59 38 11 2 83 29 54 21 28 59 6 90 20 11 9 39 64 40 54 14 56 52 21 22 40 20 21 39 57 19 60 38 54 58 42 54 9 3 24 92 41 87 98 89 42 94 27 59 33 53 83 95 95 61 44 2 35 69 60 77 10 40 87 66 55 46 76 69 38 61 80 73 99 0 68 28 24 56 80 50 61 64 13 26 70 3 3 92 48 94 38 79 26 32 4 51 10 96 1 93 40 9 68 52 6 75 17 55 22 64 59 86 79 69 28 69 13 32 1 58 23 0 4 44 22 23 43 62 75 62 8 70 0 29 51 66 46 13 57 33 77 32 1 9 0 0 57 40 87 21 31 22 0 19 58 82 15 19 95 59 96 38 9 39 17 57 69 18 74 41 15 70 9 87 77 2 58 34 20 87 82 65 41 7 72 46 85 45 81 60 52 62 88 89 36 16 7 69 44 34 24 0 99 38 28 38 87 97 60 49 57 94 6 81 10 70 92 39 59 20 3 82 4 28 82 30 82 50 94 74 15 93 44 18 42 65 87 79 8 14 91 84 100 75 7 12 0 30 56 94 36 69 22 19 62 81 45 99 88 55 98 33 19 9 58 37 94 84 82 49 26 25 99 70 24 23 66 38 62 18 49 93 17 84 67 57 27 91 36 57 27 12 10 4 100 38 17 94 58 81 13 8 89 81 92 76 91 97 41 47 68 59 36 53 36 13 93 52 77 39 93 24 71 48 19 49 30 24 86 38 50 6 24 69 94 43 3 84 85 97 50 41 69 52 18 88 75 83 48 
55 85 62 80 24 2 38 34 100 58 52 86 93 18 80 78 90 64 26 85 5 55 14 55 39 47 68 94 86 23 86 2 0 97 53 28 8 28 42 5 81 66 63 98 35 1 60 1 14 73 8 55 25 93 13 12 81 54 67 4 97 82 13 94 81 9 21 15 18 12 74 78 11 17 33 100 43 30 92 72 30 92 78 81 24 51 51 93 34 1 98 36 82 44 42 60 20 13 94 6 29 36 48 72 94 80 9 95 54 82 88 17 27 84 89 74 63 31 20 16 72 46 13 65 92 71 28 40 14 46 68 49 2 81 57 74 61 66 88 7 41 95 92 27 11 6 37 96 12 1 62 30 47 90 52 58 7 92 26 65 46 18 57 25 74 95 49 45 11 19 36 59 71 41 55 51 33 88 3 50 11 49 75 85 63 40 52 34 86 50 31 39 35 21 4 72 27 12 76 0 6 13 32 31 97 14 100 98 75 34 48 63 74 85 79 52 68 10 47 48 40 81 20 72 20 17 24 49 19 42 28 27 48 45 57 16 4 95 68 41 23 1 10 80 88 94 80 19 78 14 97 33 0 97 8 56 43 90 85 57 53 57 50 22 88 4 99 44 34 59 68 37 87 4 31 92 78 29 43 83 86 10 86 7 5 91 32 33 99 73 39 51 44 25 13 33 76 62 29 57 3 75 82 82 93 59 73 75 4 14 98 6 76 78 90 97 9 99 10 23 64 60 19 14 60 78 27 80 69 10 48 1 67 14 73 3 17 22 47 25 65 1 77 92 65 9 94 57 80 77 5 62 56 55 96 82 14 41 65 15 76 85 9 49 34 54 7 23 7 73 27 67 92 51 6 67 100 2 55 75 40 95 31 14 52 52 48 64 22 5 39 37 60 17 28 93 59 15 99 44 
60 56 18 84 70 65 37 83 68 61 46 66 59 3 37 21 3 43 38 45 97 52 56 33 0 86 30 23 8 2 10 15 94 33 62 97 21 71 27 53 36 51 76 62 13 62 26 45 56 12 79 97 77 76 12 12 0 64 57 38 6 5 47 72 88 12 0 78 41 88 53 13 61 86 12 78 2 38 49 11 42 39 67 10 98 28 93 41 19 75 9 2 97 67 90 10 42 19 87 79 73 93 93 96 2 57 12 68 91 92 98 29 0 43 74 1 2 70 74 17 3 58 67 87 74 49 72 9 54 9 42 68 0 97 82 56 89 41 3 20 33 62 0 76 18 79 96 28 14 48 43 39 87 1 7 0 6 19 13 46 24 76 83 12 72 44 67 78 34 56 86 21 0 49 67 66 100 59 77 44 54 65 33 92 46 96 49 3 73 64 34 12 74 14 47 67 11 3 26 88 47 76 22 67 20 59 40 53 69 28 26 96 50 97 42 79 10 11 64 8 20 63 57 88 50 23 32 88 29 79 34 21 5 10 52 46 31 33 71 59 31 55 45 67 49 64 9 82 40 68 10 52 57 70 6 60 14 74 97 26 1 27 90 47 59 41 89 26 50 4 91 18 94 36 17 49 0 78 65 53 32 9 64 36 21 66 34 94 70 39 7 15 2 77 29 42 72 42 59 100 39 93 97 69 0 3 19 79 81 25 81 41 98 57 93 90 76 55 76 32 4 94 69 87 36 39 47 46 44 29 97 37 66 25 53 60 81 6 12 60 28 44 12 34 98 63 21 49 49 38 93 94 75 81 40 74 98 40 11 6 41 62 64 87 10 85 47 34 31 45 56 100 52 92 26 50 81 34 16 37 21 19 86 65 35 3 14 54 92 82 54 2 31 76 82 14 11 43 70 28 
56 97 79 94 5 97 12 62 42 12 3 62 52 43 26 65 76 57 10 54 57 44 62 87 30 98 4 56 100 63 66 22 52 80 93 25 7 39 49 73 98 34 35 71 68 8 82 11 69 65 16 95 55 38 57 24 22 88 8 91 21 21 21 91 50 2 1 8 33 27 7 48 60 7 1 13 32 98 47 49 60 19 84 82 85 17 75 42 20 92 50 22 14 20 75 27 65 4 61 80 41 50 50 86 90 61 74 52 90 79 74 51 54 76 57 73 32 42 10 37 1 23 18 78 3 72 18 11 1 45 44 72 27 49 95 84 60 49 84 87 28 9 90 33 2 72 74 92 16 22 76 3 18 4 32 44 89 23 40 66 25 65 77 70 97 73 21 31 55 23 35 48 25 8 32 44 35 48 4 37 47 81 13 82 83 23 78 41 66 54 33 6 73 43 56 40 95 80 9 3 2 82 85 77 57 66 52 64 69 12 0 93 0 18 35 59 35 79 36 88 8 46 91 54 34 57 28 44 86 28 54 86 16 79 97 87 69 50 27 45 74 65 73 29 30 12 14 38 32 7 12 38 80 58 60 5 96 52 7 63 78 55 13 29 47 96 61 94 13 28 71 84 49 49 5 4 25 29 46 26 68 64 23 79 28 81 50 85 6 66 83 13 39 25 75 90 3 1 96 81 44 36 37 54 19 22 1 95 99 36 98 4 58 51 61 1 93 76 17 84 60 42 44 17 87 75 15 66 98 76 80 16 57 40 46 73 80 20 0 76 28 1 46 26 57 79 40 96 4 40 77 89 75 68 81 78 92 23 47 89 75 84 7 92 41 0 19 90 45 96 82 49 63 77 60 90 86 97 75 85 67 44 92 23 48 2 95 78 85 46 49 30 93 90 98 62 49 57 52 36 
87 29 19 98 28 96 85 83 15 80 9 99 75 35 98 86 72 24 89 66 29 78 35 58 47 44 46 42 60 60 28 12 95 68 60 31 19 8 45 43 18 81 65 32 19 95 72 28 49 83 67 51 6 27 86 8 67 63 21 70 33 10 47 72 87 10 8 7 94 3 5 99 30 84 0 78 24 22 85 53 62 20 58 56 5 71 19 97 2 25 24 51 31 14 24 6 47 25 27 85 34 14 23 64 7 32 10 61 76 8 80 10 89 19 47 16 65 55 24 50 28 0 88 93 82 83 85 26 90 2 76 32 67 89 44 75 63 84 98 62 100 24 46 62 1 36 5 9 34 22 97 44 75 57 73 1 56 85 87 69 80 94 46 5 8 15 64 13 90 25 70 16 22 48 68 69 29 94 89 78 43 6 33 34 15 0 36 22 61 25 12 37 75 82 32 32 93 82 21 6 41 25 30 48 24 74 31 91 56 29 53 83 95 35 34 57 10 34 42 41 42 33 95 73 59 36 43 86 42 54 78 66 15 10 27 67 60 96 14 90 58 6 85 73 13 31 30 2 26 56 74 17 68 44 46 88 85 76 74 28 0 100 57 91 48 3 55 46 99 59 7 15 24 95 23 3 12 94 89 51 57 24 17 35 8 77 44 34 4 81 81 59 50 43 86 50 69 96 4 83 78 71 99 96 32 32 39 5 26 83 60 49 53 92 79 23 40 58 32 90 39 8 55 63 37 81 34 68 7 48 19 1 58 42 97 33 50 61 83 75 39 28 30 78 12 95 48 33 56 63 47 93 90 34 71 45 80 74 80 96 77 98 70 95 32 23 58 66 58 19 62 24 11 19 1 47 57 24 14 27 44 44 77 28 79 8 99 77 39 99 92 94 30 70 68 15 44 81 24 62 
77 27 20 47 65 9 69 55 74 82 22 77 59 29 86 15 60 25 96 14 44 84 65 68 13 22 37 44 84 73 98 88 66 41 32 63 35 99 7 87 35 2 52 78 84 10 47 96 92 18 93 27 31 39 14 81 99 16 58 9 62 75 65 48 92 17 48 83 70 8 60 33 36 44 53 69 34 32 66 86 23 56 51 3 91 81 91 37 75 18 66 66 31 56 46 3 58 19 88 65 81 9 73 86 52 42 78 41 9 24 80 72 8 89 43 54 94 43 76 90 17 23 19 61 7 94 20 26 59 77 89 0 11 87 74 87 8 8 17 45 54 69 38 100 90 70 58 93 86 22 68 42 93 62 15 21 78 11 84 97 77 78 86 38 92 62 61 67 35 5 94 2 96 20 57 93 56 77 38 56 20 3 82 66 6 94 91 8 62 83 69 35 100 14 92 9 33 40 55 11 35 93 8 51 48 95 62 77 87 54 95 72 44 89 48 65 15 95 96 62 58 37 10 77 100 12 2 35 27 86 41 69 30 45 31 74 51 17 29 63 18 61 26 88 74 17 37 66 17 9 82 18 53 40 36 52 68 98 76 0 26 20 33 35 28 52 72 35 11 100 40 45 21 18 9 91 60 41 89 86 78 78 38 27 45 63 47 81 75 70 58 30 13 85 95 94 68 2 76 62 62 48 24 63 31 55 7 40 47 96 54 20 17 56 15 17 21 96 70 58 9 2 41 64 67 80 75 0 33 24 70 74 46 57 50 91 13 27 69 7 65 12 28 52 77 89 56 54 67 34 2 26 96 25 20 85 15 41 72 11 46 74 92 56 18 15 18 44 29 23 80 41 88 68 85 93 85 53 38 43 38 85 87 60 100 58 87 16 92 81 57 98 9 39 52 40 78 29 25 14 
75 12 80 26 23 75 31 26 69 99 80 70 45 14 59 2 70 55 96 68 42 71 77 78 31 51 34 19 18 17 5 57 91 32 16 57 3 67 65 5 83 14 42 43 14 94 95 90 75 55 72 84 76 55 9 0 93 25 20 90 46 2 89 18 17 92 3 27 24 23 22 18 71 85 62 66 24 99 61 65 35 5 55 91 40 42 86 24 53 8 54 71 67 9 52 61 8 38 96 77 51 36 39 85 78 21 85 3 77 33 94 82 33 63 46 33 95 16 16 72 42 71 99 68 73 62 94 53 89 35 64 27 41 61 61 45 95 14 88 48 94 40 55 55 14 50 48 60 57 39 60 59 49 19 70 40 97 43 49 98 16 54 88 99 54 41 97 55 37 7 16 71 25 13 78 43 5 29 63 87 74 13 73 66 61 87 41 88 67 25 99 57 98 33 60 60 44 87 62 5 6 7 22 77 66 98 43 97 50 59 79 57 82 38 63 61 9 44 72 19 72 38 86 34 96 89 31 7 2 90 74 72 16 12 22 58 92 97 12 97 28 11 21 31 48 37 61 76 29 98 54 8 35 99 93 25 50 70 95 11 73 31 6 12 47 5 9 16 5 36 73 4 24 10 42 0 47 76 56 97 35 50 0 88 75 96 18 61 20 52 93 100 83 84 25 40 98 18 38 99 95 72 67 39 69 2 53 77 80 70 20 72 13 96 51 99 15 68 27 30 2 54 54 67 17 72 43 17 86 38 41 37 33 4 63 35 68 12 64 6 74 43 36 76 55 68 31 92 80 59 32 51 100 67 35 4 32 53 31 0 28 85 40 58 24 61 42 29 52 26 33 45 95 62 55 92 7 68 99 55 69 100 0 45 37 67 88 97 74 43 22 54 35 79 88 17 13 31 73 77 
85 63 40 72 73 69 11 9 13 45 8 52 46 57 51 100 37 98 65 84 9 54 79 26 68 77 53 26 91 11 59 69 45 92 90 7 44 29 92 91 12 72 31 78 86 32 43 91 51 37 16 73 56 31 26 24 38 17 64 47 81 36 75 12 77 73 91 27 66 78 57 31 30 91 46 51 29 59 83 64 57 68 2 30 46 65 52 50 75 58 89 87 41 1 99 85 59 44 12 9 59 52 40 87 66 6 26 73 64 51 93 8 63 69 34 61 72 81 97 60 27 92 6 66 18 98 99 75 44 73 16 13 93 87 3 89 42 88 26 64 52 70 64 3 57 100 17 10 83 64 95 90 25 9 28 63 60 85 26 44 43 39 25 100 20 60 48 54 98 40 85 81 72 31 31 60 2 56 72 47 49 99 34 8 17 16 49 46 57 98 83 22 7 55 36 6 37 66 97 36 20 95 7 66 66 14 41 22 18 18 11 32 90 25 23 90 61 30 33 59 48 41 46 95 22 23 36 15 0 22 43 47 67 27 56 35 57 23 81 8 62 78 97 25 72 94 3 5 74 44 56 64 42 85 32 42 9 81 50 76 71 58 23 23 47 19 41 67 0 30 4 48 76 75 31 28 56 22 27 10 40 17 60 4 59 20 46 1 35 98 95 82 20 37 63 0 32 78 88 26 65 41 3 69 44 54 31 94 97 99 84 34 58 20 12 99 73 80 61 7 87 95 6 45 66 26 59 79 6 7 58 13 3 67 89 51 75 70 86 49 69 28 1 33 7 55 49 98 80 60 8 52 25 98 99 27 70 75 85 60 10 52 98 70 43 36 10 88 0 71 16 70 88 48 47 17 36 48 46 66 6 13 87 77 83 27 15 2 9 99 0 88 62 67 61 86 58 60 71 73 
75 95 4 16 42 8 6 15 82 65 92 78 10 41 64 98 39 68 36 12 15 76 61 42 14 34 32 83 8 3 5 31 72 82 3 11 69 72 89 92 79 22 94 70 83 82 42 46 87 82 0 2 2 9 8 70 56 14 73 66 61 90 65 98 87 77 34 7 46 92 63 27 67 72 70 7 45 61 19 77 52 25 55 98 12 46 96 31 12 44 0 91 78 49 59 95 5 85 92 32 98 90 28 60 99 19 7 55 84 34 13 66 14 92 56 50 77 12 81 2 15 44 18 60 68 8 32 81 71 95 62 52 14 85 97 77 47 74 92 66 23 36 16 74 2 32 17 51 78 59 13 57 47 37 39 31 75 54 42 96 28 50 48 0 58 58 5 33 3 68 26 65 23 36 21 42 97 77 49 91 54 98 29 6 20 94 94 63 17 39 71 8 78 16 96 24 68 80 33 43 87 78 81 10 40 70 55 9 9 29 72 9 97 7 4 18 13 88 94 32 69 33 27 11 87 76 42 92 12 42 86 41 96 59 7 5 65 27 26 86 14 29 83 34 20 43 75 38 68 57 95 47 49 3 24 8 7 12 87 27 73 22 95 43 72 12 70 73 9 76 93 85 37 62 61 90 50 49 76 97 50 82 53 72 61 27 51 91 87 94 7 64 93 11 89 87 83 81 82 41 23 19 79 32 18 68 38 1 8 55 8 96 34 32 69 60 11 52 33 80 99 17 100 6 49 20 26 50 95 39 67 77 26 57 7 69 48 63 91 30 44 46 71 80 53 51 47 63 81 39 99 31 32 64 49 71 38 10 30 10 53 76 99 48 12 56 83 41 61 19 91 50 75 36 19 7 97 47 23 48 79 71 21 39 30 45 23 59 65 43 19 63 6 11 29 28 100 47 80 62 
47 71 10 7 67 66 34 30 16 28 39 63 76 94 63 79 89 63 24 3 97 86 88 77 2 47 23 85 62 90 17 59 39 73 40 5 36 34 14 48 85 50 50 64 52 90 40 62 65 80 20 78 99 22 55 25 4 39 23 18 6 25 39 74 66 82 47 84 90 100 17 94 67 32 2 92 62 9 7 24 13 38 40 78 17 32 1 26 58 52 20 37 3 56 10 28 44 52 72 4 33 31 25 70 58 2 63 28 28 90 29 80 98 85 90 54 51 85 52 7 22 47 8 68 3 35 70 57 11 100 61 13 39 87 16 26 46 34 48 29 98 85 53 96 36 64 94 34 63 80 85 85 66 62 40 73 29 88 36 89 27 23 37 58 18 60 47 63 64 37 26 63 1 23 42 65 36 63 65 58 20 19 2 100 40 44 82 87 99 90 88 84 62 77 25 46 74 88 84 89 92 64 82 79 61 62 71 45 26 32 65 35 17 53 44 89 33 98 59 99 48 82 14 90 94 33 24 78 68 9 74 84 16 3 54 18 8 58 83 57 5 42 90 61 72 4 70 89 28 52 26 37 52 91 58 100 92 16 95 19 77 43 35 48 16 69 26 55 28 5 63 3 40 62 74 27 60 40 8 38 5 25 67 25 45 41 82 33 47 2 16 39 40 75 75 32 60 5 38 28 84 33 28 2 39 94 96 18 21 64 92 92 1 58 45 76 22 34 37 21 57 29 27 90 86 56 79 93 44 9 83 27 46 71 96 53 48 22 10 36 44 67 38 62 60 90 78 62 10 90 89 55 46 64 18 20 48 84 85 47 9 36 64 37 73 1 64 97 64 79 53 52 15 47 55 10 19 60 55 72 5 67 22 19 76 78 19 53 46 17 52 34 51 92 82 59 67 77 46 22 
54 24 78 87 34 89 42 39 42 0 58 77 4 62 73 40 24 40 88 21 56 60 22 71 7 30 26 30 34 21 84 50 32 38 94 56 15 83 16 14 21 81 53 97 84 32 90 24 68 76 90 64 87 67 49 42 43 56 76 9 57 53 23 14 47 48 35 45 23 20 39 27 42 7 94 2 93 91 53 63 47 86 63 55 98 40 50 93 83 91 16 70 93 74 45 30 66 43 100 78 0 95 85 62 92 98 22 17 15 40 96 72 76 12 14 85 8 50 33 96 94 92 47 100 47 92 59 89 39 65 40 87 99 82 67 10 17 35 27 12 85 37 83 100 6 34 99 25 100 61 100 74 38 95 81 36 12 63 47 24 94 67 24 43 76 45 62 82 30 68 10 56 4 86 15 7 87 97 66 20 29 44 25 88 10 69 42 52 15 37 41 45 66 14 12 53 5 45 69 91 31 44 55 12 45 73 12 17 48 11 61 79 1 31 50 11 52 95 81 35 60 62 85 57 89 76 70 41 40 25 9 23 76 48 56 23 76 95 21 46 10 35 31 95 45 71 97 79 42 46 75 42 27 7 3 67 9 70 48 3 76 6 96 57 54 86 83 92 67 28 0 50 60 5 6 23 5 83 32 14 87 61 0 8 27 68 76 51 67 3 55 88 45 90 69 31 6 90 90 92 49 81 28 26 66 85 47 19 93 57 91 8 31 39 95 64 7 57 92 32 44 69 68 8 30 50 20 56 14 68 12 89 55 27 72 81 66 72 88 74 73 84 24 70 75 63 19 30 0 2 12 93 31 42 38 61 3 70 55 57 86 77 30 80 33 89 57 77 17 1 49 4 18 40 35 40 16 83 94 4 83 24 31 78 47 74 94 47 84 43 27 17 71 32 66 10 85 3 20 72 
36 63 93 30 74 75 29 89 68 28 22 64 14 51 34 69 31 15 64 23 36 57 43 5 46 21 93 34 96 100 4 91 57 86 34 46 14 15 83 59 10 94 70 68 62 79 61 19 36 64 68 76 59 62 13 65 98 59 74 89 15 44 27 31 82 39 19 81 72 50 87 73 37 11 76 94 20 55 6 62 99 57 76 30 34 31 29 14 98 0 15 3 54 18 0 5 12 89 86 85 77 37 8 42 75 59 89 31 94 57 73 50 36 18 32 2 32 49 38 65 61 52 98 77 24 1 69 30 82 6 21 65 50 82 93 39 37 23 52 13 69 27 77 9 67 19 61 58 83 32 84 42 13 90 31 96 34 95 12 95 33 23 10 55 0 12 40 9 43 98 40 50 80 66 56 8 11 18 73 64 6 27 40 34 96 83 12 51 38 61 72 18 9 46 34 62 24 82 83 34 17 6 86 64 9 19 38 51 58 21 11 5 36 35 59 37 66 70 44 25 82 69 13 19 17 20 40 72 59 97 74 85 69 43 46 30 94 50 18 69 8 67 64 94 82 44 76 3 68 27 43 11 12 17 64 15 59 28 93 50 75 27 64 96 49 35 51 64 89 98 83 42 44 50 31 49 92 60 66 44 53 14 19 86 96 21 30 84 3 51 9 97 16 1 58 52 12 30 8 85 82 6 27 87 92 80 69 2 91 85 13 42 42 91 68 12 57 54 63 50 51 45 76 11 84 62 36 90 8 78 96 24 83 48 51 52 75 30 16 59 48 30 78 58 65 41 45 75 50 31 19 13 28 57 38 42 89 89 2 78 16 98 40 20 13 65 23 93 66 7 48 85 96 69 83 17 67 10 12 16 62 82 98 92 24 58 59 44 55 64 40 27 60 57 63 75 7 35 79 45 
25 38 94 78 70 16 49 57 92 51 88 67 13 48 42 63 21 33 85 83 23 27 12 21 62 56 84 90 22 12 53 6 68 12 2 24 35 73 97 51 63 96 79 88 10 89 99 93 1 42 8 3 98 57 51 63 49 54 68 65 56 43 15 41 52 0 13 84 92 14 29 12 28 68 21 38 22 24 98 100 13 52 74 86 23 32 83 83 58 57 70 30 46 59 8 43 46 92 91 52 56 84 66 28 16 27 79 50 99 62 34 42 4 66 18 22 48 72 37 1 97 3 51 56 82 66 32 60 11 32 8 71 40 28 69 52 53 63 87 34 92 36 70 84 35 47 24 7 28 94 68 66 21 96 78 74 0 6 63 42 80 51 8 5 25 2 24 99 86 9 24 39 57 41 67 56 73 78 3 34 95 75 41 70 13 57 78 28 83 60 28 45 18 42 22 19 49 20 23 11 63 41 10 87 68 57 4 10 58 38 24 47 31 48 9 94 20 33 60 14 28 27 23 69 18 29 75 65 97 48 74 52 15 41 6 1 33 44 28 4 4 52 62 93 66 12 22 75 66 64 52 62 85 40 75 90 51 11 1 86 74 23 34 80 13 36 42 50 95 64 97 16 50 88 7 21 16 57 90 32 96 76 41 82 47 3 95 81 35 89 23 74 83 7 95 74 86 61 62 22 88 53 13 11 54 100 75 81 78 16 1 23 0 30 12 74 40 81 90 3 80 1 98 25 77 88 44 55 59 3 68 56 22 98 44 50 87 19 90 72 98 47 16 31 70 92 16 27 54 77 59 100 87 27 93 25 55 19 62 62 4 41 31 22 49 42 3 78 73 67 77 64 37 98 73 83 0 5 7 54 75 65 84 34 64 21 32 86 56 62 32 61 56 32 71 44 15 3 74 86 
88 40 88 19 36 74 26 8 33 71 75 67 43 69 91 70 100 41 70 17 86 49 45 9 7 14 74 39 72 34 17 0 31 78 90 26 50 24 8 79 100 83 60 25 46 26 63 77 34 34 58 84 59 15 39 71 9 90 90 1 62 65 72 92 22 9 39 3 54 45 45 64 74 73 82 57 76 43 27 83 95 100 41 56 6 24 76 80 33 87 59 0 67 55 20 64 24 78 30 91 80 90 20 92 82 57 70 56 92 29 1 5 54 36 50 3 60 75 82 31 15 96 18 49 65 49 54 47 66 80 12 88 18 31 88 9 43 51 49 13 22 25 44 48 62 73 43 11 40 71 97 35 89 64 70 71 22 46 11 6 71 70 35 0 38 43 70 79 11 30 66 15 95 42 53 89 57 88 56 47 1 73 11 79 11 84 71 87 72 36 2 4 3 74 50 48 80 53 10 8 31 36 48 78 78 31 19 59 9 71 24 28 96 23 69 72 64 86 15 97 24 50 81 49 77 40 39 77 18 88 13 54 11 9 42 100 43 17 27 49 88 1 54 79 12 61 57 33 36 31 69 30 57 85 80 8 88 70 65 37 91 52 29 58 58 61 22 42 7 8 79 29 43 48 24 21 62 29 81 9 22 22 59 96 73 4 63 40 31 100 85 44 54 88 51 21 99 1 72 49 99 54 96 69 51 87 30 13 70 43 12 66 24 89 4 20 87 37 40 94 51 68 19 46 38 68 59 84 51 55 58 78 85 11 10 57 45 2 20 52 43 85 3 86 98 6 27 60 49 36 34 33 70 32 14 70 5 29 46 86 19 22 86 14 72 72 18 53 77 97 88 43 47 18 81 56 86 37 62 61 80 20 35 83 65 15 19 6 96 24 63 73 45 100 91 42 11 45 22 98 
52 11 67 82 66 15 50 15 14 63 4 41 91 64 52 10 72 21 8 77 30 18 42 91 2 77 2 83 95 91 19 30 23 56 75 73 71 94 47 51 71 43 95 88 24 78 14 100 61 62 55 57 46 81 72 5 81 11 35 53 88 88 66 94 21 62 57 80 31 60 66 78 100 21 32 87 59 50 81 24 56 39 1 54 63 14 100 25 71 49 95 99 27 29 88 28 81 19 11 98 21 78 80 56 42 9 43 41 68 17 83 42 46 19 72 72 94 43 10 54 31 5 10 21 27 68 18 61 46 63 99 5 44 62 42 0 31 24 1 50 25 87 53 23 68 10 6 5 34 27 51 89 27 96 18 57 20 67 37 46 56 54 38 18 96 87 53 46 74 2 77 42 33 11 46 56 83 3 49 71 84 74 86 21 46 41 44 100 61 100 1 15 10 78 100 92 59 26 62 21 72 33 52 44 81 65 67 30 91 50 55 72 45 89 7 11 3 97 52 98 26 75 34 38 97 79 51 73 34 71 27 67 37 30 65 21 13 72 72 32 24 30 97 67 54 41 75 93 3 50 49 50 7 43 44 57 81 17 7 71 84 27 32 0 64 3 72 71 33 22 70 56 42 64 56 46 23 3 1 82 26 34 28 51 57 75 26 33 40 4 75 54 22 57 11 69 22 80 99 33 80 63 47 69 68 87 100 60 24 63 91 20 41 57 77 75 29 53 36 6 46 62 78 72 83 100 10 51 38 36 95 77 8 10 32 24 19 73 40 100 6 78 77 8 58 95 10 64 33 44 87 34 97 55 16 80 0 72 28 97 52 8 96 71 74 60 58 12 46 22 6 97 60 54 19 33 8 12 92 39 93 72 7 9 0 72 40 52 23 39 89 82 32 73 94 18 35 9 77 63 
61 8 14 32 4 93 0 6 66 12 56 2 8 38 23 65 82 75 77 58 98 61 100 8 99 86 6 29 76 4 18 94 76 47 49 80 18 77 69 55 17 93 90 21 31 53 31 19 25 100 34 0 25 78 20 63 88 87 92 63 7 19 83 48 95 38 55 30 89 67 23 54 90 89 25 31 11 31 73 58 85 6 67 50 79 54 99 73 77 93 47 25 97 50 94 16 45 75 69 9 12 15 94 35 48 70 66 41 71 78 75 62 60 99 85 27 70 90 58 22 85 77 29 29 82 56 53 6 75 85 52 67 60 22 65 40 29 27 90 22 26 69 0 100 95 86 7 27 6 19 23 6 51 15 73 81 52 26 46 58 85 3 39 78 10 40 57 73 77 76 92 99 86 34 7 54 57 26 47 2 22 64 70 56 54 57 30 24 71 84 82 27 46 42 18 86 92 47 60 13 48 21 64 68 27 23 82 80 43 5 65 88 69 3 94 39 64 0 0 76 29 8 61 68 63 75 47 28 10 11 52 100 11 55 9 72 30 56 16 65 68 17 98 25 62 100 60 60 28 30 72 58 91 11 37 90 8 31 16 76 53 81 91 66 76 12 75 24 39 11 0 4 70 40 32 38 18 91 100 67 68 34 73 88 59 6 39 8 48 16 80 17 60 71 61 23 65 28 57 61 35 3 71 14 6 11 45 94 45 34 82 10 19 32 34 14 15 87 82 35 5 42 77 91 9 48 60 91 21 97 3 27 76 40 89 80 77 28 59 48 82 30 48 71 55 95 80 91 60 40 4 15 59 47 60 8 58 79 15 79 80 93 57 58 53 1 56 82 27 10 41 37 45 61 1 60 0 92 22 44 8 90 66 43 6 45 93 85 48 3 6 64 20 24 44 97 29 26 16 97 
69 7 57 37 26 93 76 23 50 25 68 95 32 21 64 27 85 24 40 3 2 31 25 19 14 0 12 15 95 56 11 72 42 70 29 76 50 79 91 85 74 0 14 1 71 19 91 77 100 96 27 45 59 84 90 28 72 32 21 34 1 76 92 92 87 2 2 33 59 30 22 86 63 16 93 26 91 5 47 4 61 77 46 15 89 34 21 46 2 9 90 85 84 13 85 80 27 44 19 25 43 2 62 8 14 47 63 76 35 21 1 34 74 34 67 91 89 32 9 81 42 13 13 98 4 0 38 57 43 17 87 24 38 75 49 75 22 90 25 17 45 50 38 14 52 60 49 39 99 6 59 62 38 96 57 87 64 95 74 88 50 70 6 98 40 31 77 80 84 0 3 89 23 13 62 99 66 82 42 63 89 88 2 73 15 89 76 39 63 78 100 32 62 54 28 65 8 67 84 54 79 67 39 5 35 2 64 44 82 38 41 20 34 23 19 18 70 42 47 93 21 48 46 88 58 0 70 73 76 89 92 9 93 51 8 77 90 47 1 2 14 16 90 74 47 68 20 33 90 58 98 82 62 95 86 32 42 93 49 71 26 84 70 10 0 68 73 85 16 86 87 65 57 1 100 82 32 8 39 33 41 63 62 82 53 97 94 52 80 97 77 72 85 23 20 62 46 5 8 99 7 33 23 7 13 51 36 40 100 7 59 14 51 4 47 1 71 57 4 15 20 59 32 45 24 2 8 12 10 25 21 82 28 56 72 16 56 59 61 12 39 40 88 31 34 8 46 35 50 2 11 83 11 76 63 99 43 8 37 33 74 31 81 51 36 69 18 99 93 94 74 50 11 21 96 24 4 1 82 20 7 25 34 33 73 76 54 77 79 75 82 29 62 13 41 80 76 13 61 74 
58 24 65 89 7 68 12 89 66 38 63 17 36 39 49 57 22 57 26 11 91 67 23 47 28 57 31 0 44 20 87 34 87 98 77 28 46 80 60 98 51 19 37 73 34 74 48 58 25 37 55 5 43 74 11 22 100 71 45 52 70 79 73 28 44 77 44 23 84 5 67 54 51 31 7 23 10 48 48 0 51 33 23 79 45 60 3 17 11 39 29 14 25 23 71 40 31 63 83 24 84 82 81 42 94 34 9 100 70 31 26 91 0 45 0 28 99 80 31 4 97 89 23 2 31 14 41 19 87 88 39 10 58 61 18 20 96 0 87 43 97 3 52 7 56 52 88 59 65 64 81 1 3 55 53 53 93 69 36 44 72 15 79 65 34 44 8 99 4 34 37 74 93 87 82 71 15 32 51 83 70 14 47 34 43 50 58 45 17 20 32 85 79 4 83 37 36 51 96 59 43 96 4 26 79 19 61 44 0 13 3 30 84 18 74 92 3 9 68 99 65 2 52 45 80 21 96 20 26 29 27 23 68 34 52 63 95 17 81 25 11 35 17 22 23 56 48 40 69 40 79 26 73 19 84 27 81 28 90 45 89 71 89 51 5 26 43 86 14 6 22 7 74 89 54 65 56 32 51 56 47 68 96 51 83 68 46 10 96 43 93 21 86 6 9 28 61 22 78 73 34 90 98 62 23 5 54 73 96 44 48 89 26 69 35 13 61 28 20 71 16 74 26 76 76 14 0 13 93 82 29 43 90 73 20 92 27 15 76 60 46 43 90 4 6 78 87 57 99 87 53 22 3 93 10 50 29 81 7 57 0 53 39 70 40 79 81 31 78 93 45 0 17 11 61 96 46 42 43 36 11 60 24 80 8 75 10 98 95 59 45 60 20 64 3 9 3 83 97 44 
69 36 22 99 9 38 32 28 59 0 2 77 72 31 33 86 24 38 52 71 40 88 68 66 92 51 5 47 23 97 57 42 75 66 11 42 96 30 8 72 75 15 7 40 10 26 68 15 33 55 47 45 32 73 33 24 14 48 4 78 4 44 87 61 89 27 55 26 55 90 86 26 3 55 23 3 37 93 36 20 98 23 84 13 4 96 65 34 15 11 35 50 29 54 34 63 100 74 8 90 12 80 83 58 66 78 68 27 35 49 74 84 94 92 88 44 48 20 37 50 31 19 79 25 99 5 23 96 37 65 69 82 54 22 25 41 74 28 49 84 7 41 68 77 30 8 92 77 54 96 0 76 30 18 42 76 69 52 1 18 18 79 93 60 67 78 30 47 75 22 70 3 7 82 56 90 27 6 49 44 1 83 37 75 62 70 86 11 44 76 91 28 48 38 20 71 62 46 15 60 25 99 56 85 2 44 65 97 1 59 48 36 77 42 91 32 88 70 60 47 0 5 2 66 20 89 49 72 11 17 24 53 57 9 20 79 18 90 20 58 6 67 33 46 23 65 31 42 36 81 17 59 22 1 88 51 73 27 64 64 31 80 46 94 79 75 62 97 38 63 29 83 45 78 55 22 94 12 64 100 27 51 7 34 94 25 23 18 67 63 74 38 34 73 73 97 37 52 80 37 31 74 99 93 79 13 50 33 2 96 31 99 60 33 36 40 83 99 21 44 81 23 79 84 85 21 86 4 34 58 80 75 71 62 47 92 64 53 44 11 68 60 11 36 38 22 98 60 52 85 9 1 10 20 26 21 67 96 12 73 78 47 89 97 63 15 66 70 86 76 33 12 47 86 83 4 12 98 10 24 56 97 72 85 61 41 76 69 86 10 15 95 90 0 66 85 80 19 86 39 
33 1 61 31 25 2 2 81 47 79 45 39 48 78 15 25 91 0 8 7 17 58 73 88 10 15 8 61 53 11 44 82 36 52 53 57 14 94 61 56 71 88 39 49 64 45 14 42 62 61 79 13 12 33 4 23 42 96 89 22 82 1 38 90 89 75 15 4 40 78 63 59 22 64 89 18 5 51 55 72 4 25 82 63 40 82 3 32 28 49 8 11 69 18 40 82 54 93 7 6 79 91 72 16 67 23 80 49 83 39 29 93 40 96 30 49 5 50 12 100 66 46 44 51 84 57 2 53 85 53 14 34 99 71 86 10 80 42 14 34 4 25 63 37 44 23 28 53 57 55 20 61 50 41 58 12 80 24 64 22 89 31 70 15 61 79 2 98 36 17 48 48 73 6 82 64 21 78 0 11 82 3 73 75 73 81 8 93 58 89 46 11 53 66 60 57 22 89 54 15 6 43 84 24 89 4 46 65 22 57 4 44 100 15 19 64 34 9 98 65 43 27 62 26 3 26 49 49 27 43 8 91 60 86 89 81 45 64 97 81 73 86 24 33 100 12 86 31 72 61 67 61 79 96 62 81 37 55 76 48 17 20 58 35 97 12 56 31 49 58 97 5 3 38 79 32 77 25 26 10 75 31 76 22 99 27 10 16 0 43 47 60 79 25 61 93 71 54 96 6 9 44 81 9 40 96 11 62 14 44 43 73 47 68 73 13 44 57 65 14 52 51 7 69 33 39 30 50 15 45 26 94 81 77 23 54 21 11 82 79 15 55 86 42 41 67 79 77 59 50 74 44 95 23 71 69 39 66 2 42 12 93 60 77 62 6 88 79 86 89 54 57 11 71 9 79 58 59 62 28 58 22 36 93 84 56 12 91 1 81 36 24 94 26 100 15 7 92 77 21 
57 24 33 84 11 91 88 2 89 46 60 48 14 73 40 83 89 56 29 79 15 60 86 93 58 20 75 21 79 18 59 74 22 2 93 45 36 59 99 33 9 85 22 78 30 97 30 63 29 16 78 84 49 5 82 24 81 72 17 53 49 49 19 16 8 7 34 50 34 1 19 84 10 25 4 22 36 98 86 69 22 10 92 69 85 38 50 20 19 7 34 31 11 80 99 58 90 70 29 59 48 88 59 83 89 97 65 25 76 36 51 77 75 57 34 80 42 84 27 73 76 54 22 59 27 41 90 51 68 30 87 34 61 95 71 88 56 77 79 70 39 77 77 77 83 100 13 47 5 24 94 48 10 92 41 35 60 18 76 40 96 86 58 39 7 63 81 43 39 93 86 55 77 24 12 25 77 36 31 81 5 26 56 85 18 85 9 47 51 75 16 70 68 68 5 62 68 30 40 59 63 2 96 72 50 64 13 96 33 53 71 59 76 88 71 100 46 76 1 7 25 99 91 7 62 99 67 33 85 59 24 26 44 98 48 69 88 53 25 80 18 24 44 4 70 68 22 49 14 64 58 29 76 58 76 100 96 58 36 43 25 9 22 58 89 80 71 55 72 67 31 3 84 58 62 42 33 75 27 1 20 71 53 18 64 58 100 1 43 63 1 3 8 79 35 62 70 52 94 86 54 9 88 81 35 67 12 93 96 89 54 29 85 73 1 7 40 74 7 71 79 90 28 70 100 37 89 11 3 35 2 20 62 36 87 36 44 73 43 2 100 84 30 88 18 7 85 45 61 26 60 29 24 82 87 44 39 3 66 70 71 31 89 4 78 14 81 79 93 79 84 51 92 23 3 22 1 40 75 10 71 66 98 59 35 5 12 94 88 61 44 46 28 82 10 75 54 41 57 20 
23 56 48 27 74 11 16 30 8 47 12 13 13 25 73 15 68 79 83 10 60 44 43 56 72 86 40 25 68 33 40 55 60 15 81 37 99 73 77 36 46 14 90 56 17 97 6 14 35 67 3 14 45 40 8 71 58 25 25 79 6 48 42 73 20 97 93 62 66 40 80 96 72 21 78 53 50 15 80 97 21 50 47 67 78 77 70 55 16 84 74 96 29 96 43 8 13 3 29 95 44 15 99 33 84 42 78 41 50 64 49 34 49 57 8 52 42 30 36 31 20 4 56 92 59 8 43 64 88 23 83 13 29 55 60 27 13 68 92 14 17 86 64 15 59 47 97 38 88 28 98 74 71 72 62 76 91 58 29 56 91 46 31 74 56 67 84 7 67 79 15 46 6 65 87 95 32 96 60 38 69 30 55 27 65 5 13 79 74 26 99 45 16 15 98 81 24 14 40 35 38 47 15 20 99 28 57 86 37 43 57 36 36 97 97 82 44 50 4 46 68 76 62 61 15 77 98 66 34 58 48 81 52 48 9 38 71 74 47 63 60 77 21 59 53 21 41 56 70 83 90 36 95 46 47 61 90 25 76 62 42 36 1 6 81 49 92 61 70 89 21 34 62 78 56 12 63 0 66 90 38 1 11 29 24 29 57 65 1 7 38 60 12 97 51 84 88 70 58 32 43 74 52 21 13 45 89 78 1 98 46 36 96 95 37 37 36 83 0 19 19 36 0 3 48 90 55 78 36 12 8 38 0 85 61 64 82 40 51 9 48 97 79 40 68 72 92 25 94 57 44 84 11 72 28 62 75 45 46 77 80 98 74 87 66 19 73 9 15 29 33 84 66 86 39 57 97 59 10 75 89 11 83 49 28 25 85 88 7 33 38 2 17 76 19 73 45 60 7 59 
12 34 30 76 96 8 32 0 54 6 52 8 22 27 51 27 57 0 31 59 20 24 78 12 91 46 21 78 34 88 75 41 19 78 68 41 50 9 35 49 36 100 6 98 23 4 55 43 36 41 59 63 12 82 67 39 46 81 1 54 60 34 17 26 63 79 5 55 45 64 49 90 70 93 69 34 85 47 23 8 52 26 88 50 98 83 14 30 92 74 54 33 80 60 33 55 49 84 63 8 37 3 81 83 8 21 20 20 34 70 76 70 2 20 59 24 1 35 82 25 61 11 42 61 21 62 45 2 67 88 85 16 27 94 21 86 87 60 27 59 48 6 74 73 5 70 83 42 42 65 16 30 93 8 52 9 52 38 70 84 57 44 98 46 93 3 7 61 78 76 10 76 3 35 39 62 35 9 15 53 25 97 42 85 31 89 93 72 80 49 20 81 38 11 57 39 1 49 10 65 11 45 34 76 34 43 78 67 11 49 49 93 61 14 82 41 64 71 54 41 98 11 92 82 93 76 15 56 19 1 4 37 92 75 81 88 38 47 12 40 22 83 46 13 27 55 29 7 94 56 13 98 71 39 68 75 2 70 23 23 80 82 59 32 65 64 30 37 80 46 100 25 63 81 87 54 84 2 15 60 33 25 47 17 71 82 52 32 73 20 53 7 16 45 33 42 37 47 51 4 22 42 70 22 62 80 95 90 30 48 1 14 64 84 33 32 2 45 82 28 77 65 51 43 87 53 41 61 41 10 71 17 32 42 17 74 48 9 30 79 81 25 30 46 77 16 79 84 73 75 30 50 77 44 78 63 33 52 79 64 46 64 39 22 87 100 72 32 96 90 0 26 56 53 60 13 22 3 55 58 15 46 57 71 99 55 29 52 97 19 100 11 63 25 27 13 13 26 68 46 
2 65 51 37 12 74 81 8 21 93 59 73 90 97 47 11 84 15 89 39 16 58 45 7 35 87 88 92 9 52 77 81 46 56 48 46 79 64 27 42 54 72 9 47 53 71 83 86 2 100 77 9 25 65 46 20 71 1 76 7 29 27 51 64 40 39 62 32 91 42 32 26 85 73 23 84 82 20 22 53 78 9 53 74 46 83 76 81 75 59 49 87 85 58 64 62 40 5 37 18 47 97 26 53 60 4 10 9 32 76 11 66 46 3 56 40 95 28 48 9 79 67 71 56 27 93 74 27 1 45 1 39 0 78 48 21 21 28 4 37 51 96 48 93 0 24 38 92 15 97 80 64 48 87 25 78 67 67 14 59 60 71 99 5 33 27 54 53 5 100 92 86 86 42 65 32 34 6 67 84 3 26 92 8 56 1 57 18 51 58 27 76 91 31 83 59 66 64 47 50 89 37 67 3 89 72 93 31 67 100 36 6 42 89 53 77 93 40 69 74 28 33 88 27 68 79 4 32 93 47 42 37 80 15 56 28 33 11 11 35 48 59 22 40 71 85 60 95 52 73 81 66 26 85 73 30 70 6 47 18 79 89 31 91 43 71 75 13 28 70 91 46 60 97 96 30 15 29 30 13 62 16 71 69 15 58 2 71 85 57 62 93 48 87 96 9 73 32 10 61 58 61 4 61 43 38 68 31 50 68 21 87 59 94 80 12 23 29 44 23 44 15 6 71 77 3 3 5 2 4 69 91 9 1 90 22 24 37 67 86 7 29 29 82 52 85 48 47 38 60 93 54 26 97 98 52 8 45 61 60 78 71 84 41 41 74 17 80 11 81 61 23 90 72 59 37 15 5 68 1 4 43 11 71 32 6 63 96 0 22 4 60 40 56 74 21 58 27 39 16 
63 93 25 80 57 60 69 42 61 87 71 14 14 95 42 86 32 21 97 65 77 72 23 56 78 45 51 46 28 65 0 69 56 12 42 67 71 58 75 32 78 2 70 98 45 24 78 73 23 20 39 84 12 2 97 98 46 1 55 83 74 23 18 22 76 68 27 27 34 2 50 76 20 36 100 39 82 71 4 98 2 3 20 48 0 49 1 62 74 29 1 44 52 33 59 22 90 70 93 35 71 44 69 68 9 68 87 63 47 3 19 1 27 70 77 43 91 6 48 49 80 41 80 89 60 6 62 91 31 66 92 48 28 68 82 96 86 58 0 90 62 24 20 76 54 87 92 2 88 2 21 27 95 53 25 97 82 21 53 31 19 74 38 18 52 60 69 23 76 75 22 45 41 88 63 20 86 40 83 58 81 90 10 62 1 23 88 79 15 86 95 20 59 7 5 100 3 54 3 97 50 5 68 96 70 77 34 45 49 1 30 13 1 58 97 62 97 87 21 64 8 84 78 93 10 15 33 34 4 99 4 99 97 51 92 1 36 24 14 34 69 95 48 22 93 8 91 99 53 63 49 33 30 74 8 63 100 78 66 92 58 97 62 60 56 27 27 29 29 2 96 82 52 21 87 76 57 87 5 25 1 37 58 49 57 39 76 83 78 20 58 15 57 47 7 62 32 48 85 5 39 32 48 4 28 14 96 50 14 41 63 63 65 8 100 17 57 5 33 15 70 74 9 89 26 97 79 58 76 26 70 20 11 4 15 77 56 77 80 3 49 9 83 14 88 22 12 37 62 42 34 28 18 71 90 0 36 13 91 24 35 89 90 29 98 67 95 12 35 31 52 76 91 84 40 18 40 57 82 83 56 58 99 51 21 7 62 34 45 82 76 98 64 74 59 53 64 98 51 95 
46 0 41 72 13 4 75 50 11 63 93 69 14 69 7 24 94 37 66 26 8 49 97 58 46 29 87 89 87 67 20 23 29 28 49 12 21 53 82 31 19 69 100 34 1 33 29 11 92 31 46 63 42 56 30 70 53 63 86 10 11 47 21 26 6 73 64 5 5 60 43 57 71 16 4 15 77 96 41 73 18 73 86 80 55 0 8 13 92 89 69 20 16 6 21 13 50 89 48 29 30 53 5 31 23 70 91 42 38 21 27 2 23 71 92 72 3 18 12 96 71 81 59 61 92 75 5 0 38 14 6 65 99 5 37 21 79 68 5 4 5 30 76 15 74 45 56 12 15 63 69 42 63 15 98 67 82 86 33 59 50 22 24 49 38 73 88 53 36 77 84 26 49 39 8 55 2 61 19 97 43 7 62 35 87 52 77 47 76 12 36 70 31 24 20 3 60 48 100 65 0 55 14 23 68 35 20 78 78 15 13 65 98 81 1 6 5 82 3 33 27 68 44 36 89 94 98 88 24 4 68 43 97 17 7 6 20 26 75 0 92 77 49 4 67 76 17 88 21 72 8 36 31 50 62 55 30 75 15 84 85 1 11 56 2 96 12 82 9 78 1 77 52 77 94 40 85 55 3 59 82 83 73 14 35 14 17 79 38 77 2 12 11 44 0 8 97 75 46 10 100 36 45 83 12 25 76 91 72 100 70 41 75 78 10 83 53 34 93 12 65 21 25 75 77 48 96 53 53 11 27 70 81 9 39 14 77 37 98 65 91 86 9 2 55 85 28 12 25 3 15 50 8 98 92 47 42 93 7 85 6 21 14 30 4 92 41 8 95 72 88 28 16 94 72 41 27 85 33 11 91 95 78 2 65 26 25 12 83 72 18 90 26 47 42 46 35 41 97 59 
62 26 32 48 42 54 4 20 77 77 67 43 9 3 84 57 60 48 53 19 6 29 53 62 6 40 99 52 40 68 60 87 49 90 18 73 42 71 45 98 68 95 49 89 99 51 9 34 17 25 22 57 74 15 33 73 48 80 5 68 56 7 18 95 38 64 29 0 47 11 47 21 39 84 77 9 63 51 92 52 34 45 41 27 68 31 43 87 47 80 91 75 5 28 42 19 18 89 11 35 81 86 29 34 46 41 54 55 90 18 47 26 39 5 56 44 97 48 32 70 92 0 8 32 51 100 16 65 32 65 72 49 54 91 22 48 66 16 80 68 6 73 75 95 89 95 19 46 13 26 76 4 56 93 44 99 68 52 32 79 23 66 69 3 26 95 42 5 9 56 6 9 53 34 66 32 85 88 14 31 16 79 41 72 90 75 9 39 6 99 22 35 38 68 31 10 37 16 71 56 92 23 99 23 63 62 81 69 46 7 27 14 42 93 43 87 41 44 25 99 23 68 40 22 57 91 78 39 66 48 22 56 47 92 99 29 63 16 94 21 78 64 58 92 13 91 92 28 9 43 44 60 47 53 95 90 59 83 41 95 58 2 10 99 29 85 48 44 2 6 9 24 19 8 99 24 65 30 78 32 23 47 35 99 98 46 42 84 44 27 63 66 36 25 44 52 78 70 71 62 6 32 5 92 35 64 65 65 62 72 25 25 28 30 100 37 98 17 6 61 40 75 86 29 32 31 88 17 49 11 21 13 17 38 42 100 30 3 46 72 97 25 22 48 87 71 72 73 53 51 58 90 41 54 62 19 44 56 10 31 85 22 7 87 91 34 62 18 5 2 41 37 10 87 61 21 34 30 96 20 55 96 11 51 11 30 52 17 62 9 64 29 76 90 91 33 42 52 3 29 
93 54 98 81 39 44 52 22 68 71 90 64 42 89 63 71 77 0 0 11 59 34 99 26 55 94 59 66 13 85 10 10 1 13 61 34 98 67 64 91 35 39 91 21 17 31 89 54 56 95 56 86 43 43 50 35 31 79 48 68 98 36 78 53 17 47 12 59 24 95 64 76 20 66 14 95 13 66 10 96 13 8 75 88 2 80 84 50 72 98 32 38 20 99 84 40 16 15 31 12 17 40 13 90 21 3 48 52 9 3 14 64 12 12 56 66 91 93 6 34 43 53 21 36 83 7 36 79 24 35 95 64 60 39 59 12 15 26 62 33 28 49 9 28 55 63 48 81 77 78 93 66 82 12 80 37 77 51 85 40 5 97 97 68 13 22 71 93 27 13 25 5 11 45 15 32 86 73 4 64 86 29 39 97 13 2 73 14 50 28 21 17 41 98 38 0 62 19 41 81 92 8 6 60 8 81 26 81 67 71 93 55 36 27 8 19 68 11 34 24 15 58 37 14 95 98 20 9 1 1 65 1 19 51 66 73 28 98 51 89 85 36 80 79 87 30 73 51 11 37 7 81 38 16 14 89 2 59 3 70 41 73 16 5 45 81 72 38 24 69 35 20 23 9 13 80 40 20 95 47 48 55 91 1 19 19 95 61 3 72 62 48 4 77 49 29 51 15 37 56 83 89 44 38 10 55 91 69 39 97 79 48 23 1 48 59 12 22 35 20 28 52 58 62 38 43 60 96 38 81 84 55 30 18 1 0 59 24 96 87 30 12 55 52 15 83 89 91 34 22 18 42 58 92 29 3 33 9 21 69 80 10 68 98 3 44 75 66 36 77 8 62 99 1 36 22 75 37 71 81 14 26 100 7 68 89 53 29 94 38 77 83 67 94 98 44 84 17 36 15 
63 15 75 45 36 81 94 11 89 86 13 67 26 73 73 54 59 19 80 38 11 61 8 24 64 54 38 98 77 65 21 80 26 100 82 13 45 70 37 93 30 92 26 73 81 75 62 36 13 96 61 2 80 55 64 39 77 80 13 34 24 41 58 82 81 82 30 42 35 73 78 24 29 22 62 41 8 45 17 51 81 73 54 100 14 72 37 16 92 37 27 43 50 57 25 96 3 51 100 88 99 52 51 1 7 37 25 39 100 24 58 12 46 30 60 64 14 36 37 58 80 37 40 51 61 89 71 71 46 64 70 72 46 97 5 40 42 45 65 98 17 79 98 98 28 10 14 82 20 98 47 54 89 51 0 45 27 5 94 37 95 19 100 5 100 49 32 52 73 88 94 69 31 64 0 40 34 28 41 3 9 1 68 98 44 29 42 36 16 23 37 67 14 91 22 3 60 58 75 74 81 4 32 84 24 34 6 73 36 17 15 15 48 69 70 58 9 44 84 73 96 66 75 64 77 75 19 19 52 36 70 41 75 40 22 39 4 71 14 88 57 9 18 17 4 68 49 67 32 35 23 3 84 36 95 32 3 62 78 60 98 100 35 47 35 84 17 10 98 61 91 3 11 73 35 14 17 36 5 39 55 99 25 4 13 63 3 64 91 87 4 82 53 24 57 72 68 1 53 81 24 93 54 48 95 95 93 82 59 86 63 71 92 22 75 76 11 50 22 8 1 67 62 67 75 44 51 47 22 92 66 34 70 62 40 48 28 32 23 13 12 46 98 80 84 60 3 56 92 59 33 79 22 53 27 3 32 23 12 6 9 96 59 91 26 50 40 31 41 61 38 45 0 95 10 11 29 43 77 51 100 81 37 66 41 5 63 91 52 75 4 39 48 48 97 14 43 66 27 83 
82 84 26 91 98 96 59 94 81 15 51 85 75 55 59 36 51 8 56 83 33 23 68 25 89 6 8 48 39 71 50 74 12 100 78 79 31 22 68 76 53 67 22 24 24 2 65 64 100 98 15 51 80 45 46 58 95 98 89 89 26 19 90 100 13 84 88 19 81 29 93 7 84 99 72 52 12 81 24 13 58 82 14 83 80 80 84 2 84 5 54 66 51 22 83 83 19 9 16 50 23 14 22 75 32 36 89 84 86 61 21 38 31 24 53 3 90 47 19 64 24 89 7 80 23 5 16 2 91 30 73 48 97 97 28 64 63 88 57 68 57 10 1 25 81 0 89 94 92 48 81 83 51 12 50 80 31 59 70 35 2 66 79 53 29 94 39 58 75 50 80 79 16 30 62 42 92 1 45 62 11 87 65 45 18 86 35 86 60 88 60 21 48 91 12 20 44 94 72 8 93 54 91 29 90 51 22 18 5 1 23 39 15 37 78 57 32 7 76 83 38 72 13 51 75 53 65 82 91 56 39 96 100 18 72 98 46 6 71 32 56 22 16 82 91 90 23 69 43 35 72 43 76 28 69 52 70 55 71 18 26 8 69 41 54 85 96 12 3 48 12 4 16 21 71 1 4 33 24 7 95 68 2 33 76 99 65 27 99 41 25 75 77 78 55 38 15 96 1 33 66 88 17 24 60 38 25 29 68 73 17 30 37 62 97 5 74 92 2 48 39 14 68 89 21 0 31 4 2 28 23 25 41 42 75 58 9 50 15 84 91 5 42 18 88 46 24 30 51 64 5 57 67 47 8 72 21 86 57 37 56 33 33 41 57 13 94 2 70 25 83 97 74 25 86 60 90 33 64 29 94 19 37 74 64 20 4 62 8 51 6 80 60 5 88 10 79 100 66 40 
78 87 23 73 11 35 66 88 36 97 46 76 40 34 49 94 0 97 96 89 82 33 39 21 80 66 94 7 97 14 76 96 47 21 55 95 85 87 19 82 37 93 86 32 58 6 8 60 50 46 46 67 38 29 65 46 74 34 74 65 5 88 54 76 28 88 13 43 12 30 50 88 95 80 64 15 50 20 21 36 42 70 7 96 1 36 47 37 93 60 19 15 9 40 89 53 68 74 70 44 47 77 21 58 45 59 64 6 84 70 45 10 25 88 6 69 97 49 90 26 94 85 57 12 93 41 40 38 79 62 83 93 87 65 66 4 81 57 99 78 49 63 68 6 60 6 18 55 20 4 53 94 88 77 74 76 87 7 74 58 13 86 70 82 6 52 63 42 78 100 53 62 38 84 9 96 3 35 76 73 10 34 78 24 74 88 6 83 3 41 18 78 96 34 0 88 93 14 47 2 88 4 94 66 25 44 100 20 93 83 12 69 84 36 5 99 51 72 42 59 68 90 31 26 85 81 60 72 60 0 78 63 100 29 18 86 40 8 91 46 69 99 88 1 68 15 55 75 45 32 75 39 90 95 5 76 14 75 41 64 42 54 17 54 24 40 74 61 82 36 60 82 84 40 90 32 21 21 18 49 100 60 100 11 21 63 47 53 19 46 95 50 1 73 62 91 29 70 57 34 27 48 84 28 36 93 52 24 32 32 46 2 54 49 17 5 90 13 16 8 80 21 47 27 11 8 74 32 88 65 73 20 85 81 39 28 45 49 88 82 37 66 70 18 42 80 95 25 76 84 67 11 16 2 82 26 2 81 99 74 60 88 4 74 20 91 65 97 5 37 97 29 98 84 20 26 58 1 22 86 76 66 74 28 12 43 48 98 94 55 70 75 55 49 84 9 86 3 93 86 
20 39 20 17 18 9 91 26 24 22 66 63 93 7 20 68 69 18 22 12 78 41 40 92 82 18 99 65 12 6 31 59 23 89 46 61 45 81 7 28 81 13 27 37 98 84 47 85 94 15 55 93 89 58 61 42 34 18 89 0 1 50 35 17 28 28 35 48 33 40 60 24 20 41 99 55 45 12 89 22 92 62 48 22 0 96 89 76 1 46 94 38 63 82 89 74 0 19 91 9 5 55 17 41 61 93 54 74 46 96 66 8 17 57 33 52 57 85 75 88 35 94 16 77 52 62 81 85 47 37 53 9 19 67 47 22 41 58 82 50 46 49 32 81 84 86 60 45 40 59 90 55 58 10 43 3 25 63 88 32 69 83 10 74 34 73 90 3 81 73 33 90 43 47 48 6 33 37 57 85 95 88 80 89 63 28 97 14 14 20 42 87 33 44 41 44 61 53 96 47 100 62 92 86 64 73 95 31 66 20 98 60 58 99 70 84 57 89 33 93 15 73 81 84 43 3 94 39 89 75 2 79 74 70 54 8 48 61 15 0 9 45 31 73 98 100 55 54 70 92 79 33 91 9 50 95 41 97 66 47 45 64 92 74 9 62 77 87 58 49 33 73 31 88 70 10 48 49 40 97 53 37 59 26 80 9 61 55 27 54 55 44 10 80 98 81 71 30 58 6 8 70 53 63 32 63 49 17 52 73 12 41 31 11 72 50 56 28 19 69 37 45 51 91 53 65 40 100 22 56 50 3 14 11 39 31 18 95 2 98 92 61 95 45 59 66 4 52 27 42 39 73 45 82 48 21 43 33 6 92 49 91 71 35 21 74 14 43 31 65 32 30 88 67 69 86 11 27 17 83 94 51 52 36 34 77 5 18 62 7 34 43 8 10 72 45 35 62 4 29 
16 56 99 93 49 41 90 55 47 80 66 78 11 89 55 8 18 64 95 15 15 85 32 68 94 86 41 63 23 19 18 88 49 40 27 54 22 74 13 14 94 46 34 70 95 94 12 55 94 6 84 57 42 10 91 69 9 4 31 43 11 16 75 63 12 5 74 23 35 40 82 28 23 46 20 33 24 43 12 14 3 68 85 30 13 74 11 95 81 41 52 57 46 9 15 15 43 78 47 7 89 61 17 21 9 9 65 22 55 31 98 96 39 63 46 22 32 35 25 70 84 22 79 61 85 40 86 22 46 78 31 69 31 1 28 95 33 10 58 17 35 78 72 100 65 20 1 99 61 9 6 20 47 67 35 5 26 35 16 58 19 21 10 2 23 92 83 33 6 98 37 61 11 42 94 99 96 12 26 73 5 12 85 35 21 62 42 59 32 83 43 90 64 69 32 79 56 23 73 47 37 11 59 83 95 95 22 80 10 8 81 7 25 23 71 27 75 72 40 94 36 23 95 80 25 16 60 31 95 65 90 25 49 94 31 97 33 22 69 47 57 57 95 59 66 86 85 64 82 96 61 46 51 33 59 47 10 94 9 82 47 29 22 56 40 43 75 78 27 64 71 18 36 77 11 41 71 41 52 100 80 52 7 88 62 47 58 60 100 33 84 56 24 76 61 60 62 94 27 61 7 76 45 28 79 95 75 92 38 15 100 39 54 48 48 35 56 49 86 56 73 45 91 25 51 25 77 38 24 78 100 57 99 46 45 83 5 27 1 0 99 49 81 45 72 47 100 41 80 60 20 3 70 43 53 79 90 18 57 55 50 76 42 96 51 29 70 0 79 44 71 33 70 20 84 30 82 33 38 7 49 76 89 13 67 7 44 4 77 59 78 59 62 64 22 100 33 58 31 74 
3 86 45 35 82 63 15 88 58 45 26 4 6 14 17 60 27 46 23 89 83 15 62 15 36 91 12 23 16 42 71 42 24 28 23 26 49 74 70 94 75 92 85 95 88 87 70 5 27 37 32 32 56 52 95 40 80 16 81 93 64 58 19 11 81 83 4 21 6 61 78 84 52 16 43 59 68 22 35 24 60 39 9 36 29 97 79 77 87 8 72 67 38 74 3 41 98 34 0 49 10 51 28 11 17 87 79 76 50 97 64 91 12 52 88 99 40 94 8 24 22 74 25 67 48 34 10 61 51 71 39 80 30 78 67 12 58 56 60 96 1 7 59 13 66 14 6 52 71 86 49 93 10 3 15 16 54 2 36 55 86 51 81 57 14 4 32 39 41 55 14 98 74 56 23 32 35 5 99 46 17 50 1 66 87 32 56 49 29 32 60 58 96 56 77 59 71 37 26 85 4 9 72 98 48 42 92 23 53 41 86 97 36 56 2 94 13 35 30 53 48 98 63 20 14 14 40 15 88 77 54 43 34 98 73 29 32 38 53 0 70 43 17 39 44 61 41 52 96 66 96 63 65 16 81 54 38 66 71 65 63 0 25 94 56 32 41 96 28 25 75 45 18 80 31 14 23 82 71 17 4 30 87 81 78 73 2 87 61 43 48 81 49 30 93 70 11 28 30 28 93 5 17 30 79 27 83 72 34 49 95 8 56 94 80 7 28 68 19 93 29 41 8 27 16 14 44 80 52 50 30 60 100 49 62 61 10 99 74 84 19 25 79 47 85 10 51 77 37 81 68 9 90 69 60 59 79 11 3 24 88 24 58 9 62 90 39 79 32 13 55 79 36 7 58 68 15 37 23 2 11 51 97 17 61 92 27 49 57 52 67 33 97 82 19 10 31 5 46 97 
15 59 42 32 67 85 20 6 10 50 11 24 31 78 8 89 82 52 85 50 53 58 95 81 16 29 40 63 6 14 47 42 14 37 53 42 13 64 71 22 55 51 68 61 83 34 19 72 55 66 65 53 37 96 67 48 29 53 25 41 100 65 66 53 87 4 42 89 59 92 16 73 21 33 69 41 70 14 44 51 46 14 80 34 46 51 69 49 94 47 8 68 66 91 72 94 86 65 28 6 46 56 81 67 35 64 39 93 14 75 74 45 95 45 12 49 13 95 69 42 93 9 100 13 88 5 24 32 21 19 94 91 100 10 56 8 85 16 34 18 17 66 44 55 58 14 50 69 0 30 76 54 34 67 86 22 15 2 34 77 70 70 62 92 54 35 30 90 24 81 26 28 37 17 38 63 26 72 90 42 92 72 9 14 11 24 100 47 11 62 66 20 99 0 41 2 50 98 59 90 17 98 23 18 2 46 25 28 44 81 96 95 39 65 67 34 88 79 74 33 18 62 20 4 81 16 51 22 72 40 50 26 40 63 59 91 68 41 14 94 40 16 14 37 29 56 3 8 6 94 100 0 43 60 12 14 52 21 62 53 69 52 19 4 57 100 2 39 21 85 10 97 62 21 80 45 58 49 13 47 72 50 41 53 13 100 63 63 15 8 75 94 84 74 48 23 40 27 1 24 81 70 97 95 54 37 49 84 42 5 76 37 52 86 22 4 67 13 87 56 80 74 75 40 99 20 56 6 27 28 19 38 46 67 46 26 18 5 72 53 37 17 40 4 41 67 64 35 29 10 45 63 5 67 89 83 99 35 60 71 81 96 69 15 56 22 71 88 76 64 37 34 44 19 61 64 6 69 8 68 11 45 17 100 66 84 17 99 27 36 100 99 6 9 83 34 17 35 72 26 
5 16 71 5 18 88 99 34 17 65 3 21 44 37 56 56 89 33 36 14 74 77 48 12 16 21 68 84 12 96 18 47 4 56 93 74 14 58 77 95 14 90 23 6 54 93 37 62 58 59 36 34 32 74 7 91 42 7 28 97 84 80 77 84 66 86 90 22 20 4 83 3 19 6 19 15 66 24 68 3 85 71 7 90 14 87 99 14 19 3 5 10 23 8 92 36 16 42 80 75 38 11 42 20 68 8 51 95 75 54 37 29 20 99 59 41 29 64 81 71 17 56 52 87 75 5 40 9 47 87 21 61 97 10 38 78 36 96 47 41 8 80 8 81 72 63 32 84 62 17 27 7 58 17 98 80 99 28 11 84 3 36 22 80 58 4 75 97 17 1 41 97 88 8 53 85 7 37 23 39 20 1 92 74 46 50 32 21 22 84 41 10 34 34 92 43 90 55 51 58 36 29 21 51 69 98 53 44 75 13 27 43 97 15 83 41 93 49 44 66 48 28 61 44 92 1 84 5 66 1 15 8 1 81 5 59 36 23 9 86 66 38 31 27 24 48 47 77 59 32 4 3 26 39 91 36 5 40 95 47 53 31 56 28 36 18 6 24 80 100 12 49 49 5 9 84 28 78 85 48 7 37 15 60 94 3 43 15 77 66 43 68 58 52 78 69 34 55 22 21 2 15 42 66 81 86 87 16 5 56 36 57 0 83 30 25 46 49 15 64 77 23 68 59 86 23 66 62 83 56 36 84 25 10 44 86 73 17 84 79 17 10 41 43 4 11 42 95 83 7 97 41 31 41 25 64 52 20 9 21 17 10 9 97 45 32 77 79 95 11 30 86 25 3 61 63 98 98 82 81 72 40 8 39 97 60 31 42 10 35 7 27 35 36 26 15 12 7 57 21 
11 94 78 16 79 6 74 20 7 22 69 79 99 14 35 52 23 71 74 85 37 8 67 74 36 75 47 70 77 79 5 66 22 86 91 18 44 78 48 66 99 54 75 43 36 100 62 37 43 97 4 64 51 80 29 99 28 9 37 21 73 41 68 36 71 63 14 70 23 29 90 49 76 8 22 99 79 3 42 64 51 50 11 7 42 94 49 72 30 87 47 99 57 34 86 46 62 20 55 91 70 81 45 13 2 28 34 69 50 66 88 97 28 6 34 97 17 55 6 94 10 42 43 97 52 24 78 38 88 2 8 54 53 91 22 50 86 87 35 96 41 87 29 15 9 1 42 29 84 93 24 81 92 51 73 77 97 37 35 63 37 39 60 34 43 89 87 36 46 45 49 60 98 5 19 55 27 25 82 40 86 61 30 67 16 42 74 30 10 55 91 21 7 92 38 83 87 60 69 46 78 5 86 10 43 33 38 94 0 28 31 91 39 82 30 76 45 68 45 42 20 8 74 17 23 30 47 42 49 16 32 13 69 27 50 58 13 54 6 8 62 21 81 55 72 58 1 45 51 38 97 47 93 86 67 73 99 26 44 50 85 81 82 73 18 61 35 82 43 49 77 84 36 49 17 63 51 27 79 24 68 41 16 51 58 66 73 41 72 40 29 48 23 34 56 40 48 24 58 91 22 96 22 16 8 81 8 10 67 59 16 87 97 41 76 51 38 6 41 29 51 97 78 94 46 95 40 74 2 8 78 48 2 79 63 24 23 14 59 77 74 98 83 64 96 57 58 34 96 41 100 27 9 21 56 74 16 26 49 40 90 14 87 75 72 96 96 81 74 6 56 89 55 96 42 3 79 94 42 72 50 95 36 53 60 49 67 35 29 24 3 45 25 73 66 73 95 1 5 63 
4 44 30 86 36 4 43 35 69 49 58 57 5 40 11 90 51 36 16 42 52 55 82 42 70 51 12 67 42 25 71 88 17 63 28 81 65 58 94 24 2 49 76 2 14 79 7 89 22 62 51 58 93 79 24 10 57 35 25 63 64 68 9 50 41 4 83 22 43 55 7 78 60 12 83 52 56 38 18 95 39 67 56 56 47 11 59 87 93 49 97 57 52 90 15 95 96 25 27 71 77 87 10 96 81 45 19 55 91 42 31 4 65 18 76 31 60 96 89 60 3 12 76 27 0 98 86 13 6 56 18 75 95 96 40 90 59 37 74 90 73 21 97 42 27 57 79 69 93 62 72 32 23 70 58 69 58 49 36 36 77 80 84 73 41 25 15 4 30 23 9 13 62 47 68 29 23 43 28 7 88 35 98 89 60 54 76 48 58 0 92 13 49 90 4 66 74 31 40 37 85 55 99 6 3 93 80 85 60 24 15 96 47 9 52 31 66 51 52 14 11 22 16 81 70 90 27 22 11 2 81 80 75 47 9 71 100 96 44 35 33 4 25 15 56 82 10 15 67 81 29 13 19 67 50 95 81 85 78 43 55 62 28 34 72 41 54 9 92 66 61 22 81 56 71 82 25 21 53 53 6 44 48 51 80 90 84 27 49 56 51 34 5 1 92 96 93 30 11 98 79 24 54 33 22 91 67 20 77 45 78 40 79 57 43 42 73 55 51 58 36 64 83 13 66 7 57 53 82 46 77 2 59 89 57 30 39 85 75 72 52 18 69 39 100 52 4 50 99 60 59 26 36 66 14 26 52 71 15 84 78 81 79 42 42 81 48 100 82 27 74 67 100 7 69 23 79 63 28 87 73 80 99 62 17 10 100 1 71 21 4 28 95 37 2 58 93 1 56 22 
47 10 27 31 100 8 84 12 6 50 44 52 30 91 89 76 29 40 16 38 59 79 74 8 21 91 50 23 47 69 77 28 32 28 37 88 56 31 4 18 32 4 95 94 97 39 55 64 30 80 31 15 100 67 12 78 82 84 4 57 30 49 54 24 93 89 14 41 46 62 75 10 14 42 18 48 75 63 85 99 45 9 54 70 5 4 65 91 27 7 64 0 31 100 89 28 46 78 17 90 0 6 70 51 53 91 32 45 32 21 79 25 37 26 25 97 52 72 69 55 62 73 74 55 63 21 52 18 16 14 95 78 41 24 1 68 33 5 21 35 88 31 99 2 87 54 93 13 1 78 16 100 95 20 11 3 2 59 24 30 34 93 73 98 67 60 36 95 33 38 52 40 33 28 99 94 93 98 98 25 33 66 9 94 51 87 0 5 76 35 61 23 61 44 0 6 86 64 95 6 22 98 61 46 39 8 63 16 2 68 75 33 13 26 34 24 69 79 8 62 46 18 75 38 81 69 34 49 82 43 46 27 43 98 68 8 39 77 18 69 43 78 51 87 14 75 2 75 85 70 68 74 49 56 64 7 90 34 95 54 23 3 38 49 97 2 44 80 54 3 5 24 14 18 9 42 7 19 95 88 76 81 32 35 94 48 74 64 9 6 45 43 7 89 18 91 0 87 32 32 89 51 48 70 35 91 39 96 74 4 89 63 93 49 36 26 84 70 100 23 45 15 6 47 98 87 65 98 40 20 3 88 17 87 88 12 23 25 75 19 76 30 63 52 15 57 42 96 56 94 62 55 65 5 67 5 14 16 62 34 10 89 5 24 3 90 20 84 83 17 38 20 86 52 76 70 46 18 31 20 64 87 34 61 30 35 12 19 91 9 59 55 77 91 14 42 54 69 13 55 
18 50 5 55 18 90 83 20 71 94 76 43 70 77 2 53 38 28 94 35 6 58 87 91 46 49 25 56 87 14 20 100 77 23 84 51 89 33 18 36 84 42 97 38 35 47 12 77 17 46 45 3 45 2 33 97 76 45 32 96 79 14 93 9 71 52 90 48 51 97 58 80 29 92 87 25 46 72 82 61 33 93 33 34 23 87 59 82 39 10 12 92 44 16 5 44 24 96 26 42 54 1 47 93 5 22 19 71 66 80 90 69 74 66 61 78 56 8 63 44 23 49 43 43 20 93 23 33 76 97 99 95 69 93 13 53 18 18 96 31 23 55 22 33 98 18 96 48 85 91 90 35 68 30 86 47 57 24 40 39 41 71 58 69 16 29 1 0 42 31 9 12 97 51 78 43 63 12 25 30 54 47 97 100 41 67 28 70 17 81 49 94 51 62 96 18 52 93 40 6 36 66 71 68 70 21 24 28 39 8 0 30 3 70 1 49 64 35 36 31 77 94 28 67 11 79 51 47 19 81 62 38 16 6 51 94 68 58 56 75 31 22 52 20 17 72 19 26 14 45 18 69 21 29 50 0 86 70 75 69 40 72 71 100 84 29 31 50 14 69 78 6 28 5 81 79 9 7 80 54 87 89 16 8 70 9 2 75 74 54 62 84 19 85 70 26 24 88 44 37 32 55 67 40 83 83 64 24 7 52 65 57 84 44 29 20 83 16 25 73 70 20 44 48 86 91 64 35 93 10 2 63 68 59 72 55 35 99 69 51 74 56 7 45 0 19 82 3 92 97 9 54 83 87 13 85 75 47 10 12 94 24 32 53 25 15 95 16 83 75 2 38 19 53 92 31 18 50 14 86 100 40 15 34 5 32 26 22 0 21 62 93 66 90 67 4 72 82 15 39 
60 52 88 14 71 24 59 67 30 37 49 97 47 51 26 50 37 77 98 2 75 34 77 20 36 28 2 39 14 97 68 96 0 59 77 92 24 47 12 8 37 37 9 84 89 78 16 11 72 41 68 91 67 65 96 15 56 89 38 44 53 64 88 90 66 67 58 83 15 11 69 28 18 76 56 9 66 74 74 15 48 73 64 91 1 68 87 85 96 35 58 2 47 19 83 1 60 41 30 94 53 71 8 43 65 33 91 2 17 58 7 84 0 40 16 89 7 44 26 17 66 75 49 0 21 51 82 11 51 79 56 84 10 68 56 89 3 17 46 86 17 47 28 15 80 4 63 52 19 80 16 96 16 78 32 36 95 7 59 56 94 94 71 88 70 38 46 58 58 89 80 52 45 86 40 93 5 9 28 23 78 24 95 44 17 41 43 93 74 16 71 57 44 27 51 60 55 4 1 14 13 12 55 86 85 71 54 76 24 75 77 99 86 18 78 86 59 47 64 9 100 92 42 95 71 26 33 94 93 20 100 20 98 43 4 39 96 17 38 11 31 86 48 43 54 28 82 77 6 67 54 75 24 55 8 99 16 78 33 53 3 73 43 44 17 23 22 28 46 38 38 91 23 83 9 13 78 15 44 64 34 85 58 28 100 24 38 3 88 87 26 71 36 27 34 76 15 67 81 93 65 43 87 76 65 15 56 51 99 81 18 87 14 21 65 87 70 69 95 3 74 76 59 3 70 75 52 39 23 96 91 1 89 30 9 95 33 82 28 75 32 73 33 83 62 11 78 63 89 30 21 52 84 93 49 10 80 97 79 74 13 62 9 57 51 39 20 92 82 21 74 42 89 61 52 25 76 0 20 36 40 89 21 70 0 69 49 52 70 32 59 19 45 49 72 4 83 94 71 2 
66 61 96 58 8 1 68 71 63 80 88 37 36 32 70 30 26 40 32 39 95 28 36 78 83 17 16 30 35 94 7 32 31 63 65 9 92 88 70 58 17 66 50 60 58 97 9 13 19 67 82 77 26 98 1 52 87 57 78 93 27 37 25 95 31 89 11 37 14 75 83 27 93 50 27 96 3 100 75 72 87 70 11 75 8 72 67 50 98 41 41 42 29 34 91 76 94 16 45 94 21 90 2 70 55 68 88 61 62 16 62 27 63 10 22 54 68 8 96 10 41 27 17 48 29 26 56 4 27 23 84 89 45 30 61 82 88 60 33 21 95 93 22 26 50 51 2 80 49 64 24 88 52 23 41 17 14 70 83 65 43 43 65 42 84 14 60 16 59 1 75 87 63 62 68 47 43 0 50 49 62 14 23 59 20 74 79 29 52 88 70 51 47 72 38 3 23 43 95 9 24 47 73 73 74 65 36 65 51 93 48 79 20 29 36 13 48 66 49 58 30 19 83 98 13 99 57 33 96 61 51 46 71 59 87 52 42 65 32 74 99 50 65 98 33 46 23 73 32 70 58 90 5 3 15 82 2 95 40 6 7 92 80 40 22 55 67 85 23 4 62 57 99 93 44 57 84 21 88 100 51 37 67 31 49 92 49 55 7 15 67 10 85 44 24 97 26 15 72 91 26 3 37 6 60 61 89 36 9 1 68 42 78 96 59 92 64 48 96 21 18 85 17 54 66 85 26 86 14 61 91 3 51 73 44 49 23 51 28 83 39 38 26 23 1 2 64 40 1 45 32 23 23 53 50 22 15 39 20 1 3 90 1 62 10 67 30 85 90 17 50 5 99 78 76 3 72 55 46 69 93 9 13 54 31 58 67 53 2 30 40 96 5 24 71 47 16 29 11 64 
42 32 68 14 19 14 69 47 87 47 90 12 98 81 46 17 24 53 66 11 12 49 90 71 1 79 77 46 79 3 54 47 24 51 64 65 26 54 17 42 85 42 54 77 83 41 46 57 71 68 38 76 96 74 37 92 35 40 59 14 63 95 1 40 83 40 88 67 85 35 18 84 51 46 92 95 93 94 43 31 71 58 43 61 27 71 8 88 17 6 44 61 64 22 57 9 1 15 9 30 31 8 97 73 31 20 73 49 46 52 65 69 76 6 45 70 72 48 80 1 81 55 45 34 82 59 79 68 42 74 36 62 1 14 58 48 21 96 70 74 31 61 20 52 86 81 44 9 37 25 16 24 21 8 99 74 49 56 70 8 29 63 77 38 6 7 15 80 24 99 70 9 72 45 76 53 12 71 9 100 64 0 57 2 4 62 38 36 12 27 15 36 96 59 10 35 23 29 93 45 64 84 15 80 80 12 77 27 33 77 14 22 71 79 97 19 100 55 64 70 45 57 34 79 53 56 49 34 36 68 49 40 36 61 89 69 96 94 68 59 53 86 71 0 66 98 45 24 10 33 97 95 56 2 25 35 83 63 98 62 60 23 44 97 35 75 68 85 98 55 83 58 99 4 82 1 92 33 8 99 80 22 69 50 41 5 82 59 27 79 47 25 22 70 46 52 1 26 71 11 97 87 58 57 79 77 12 42 91 65 9 28 12 17 42 80 36 25 33 73 4 9 76 87 31 75 83 68 17 0 9 58 23 24 49 63 96 91 4 66 64 84 48 81 32 43 94 10 8 86 47 21 59 81 11 57 4 85 90 37 13 58 3 66 74 84 49 11 98 23 8 35 67 63 73 2 79 36 69 83 8 41 15 29 11 95 59 68 91 55 72 78 95 56 64 58 18 36 81 10 
45 4 76 32 63 76 49 76 24 61 83 65 55 86 88 20 37 31 80 79 68 12 44 10 7 24 97 70 58 22 18 3 22 6 61 20 47 60 25 40 14 56 75 62 5 4 99 53 63 20 38 32 22 54 3 88 10 32 88 6 48 41 22 91 29 69 47 48 52 87 37 64 55 44 40 3 95 68 1 72 73 47 60 52 60 87 80 91 68 3 89 80 56 8 54 100 50 98 3 96 98 2 64 2 55 99 3 69 54 61 66 72 78 95 54 95 82 8 85 41 44 26 29 0 3 52 16 94 27 59 85 55 31 72 100 31 25 32 55 52 57 94 66 26 93 43 69 32 36 34 64 28 76 97 50 59 8 76 76 17 30 100 9 53 79 53 16 92 50 84 9 31 93 16 64 70 48 31 82 86 88 21 20 8 14 81 24 31 43 12 21 44 92 43 37 49 28 89 9 57 82 85 89 13 5 90 35 33 20 0 27 17 72 35 55 81 67 82 55 10 55 80 44 57 70 1 88 67 8 43 2 71 55 6 19 78 43 82 86 23 60 8 38 19 56 20 76 20 27 87 15 75 58 42 46 5 50 60 25 8 64 22 66 99 88 92 60 21 28 2 65 50 82 63 52 3 5 22 62 27 3 71 78 85 6 31 89 46 3 8 26 48 68 21 30 33 28 91 63 9 27 60 7 84 46 68 74 74 51 77 6 64 10 12 19 51 13 27 87 77 12 74 28 7 2 65 56 47 21 76 4 24 76 41 93 61 72 82 82 97 68 77 31 18 90 8 51 81 70 17 27 31 73 6 20 32 92 3 15 17 56 56 65 23 97 82 49 31 2 30 70 89 3 77 88 92 84 70 78 88 63 68 58 33 13 85 55 72 62 80 70 62 30 58 38 43 31 87 71 89 
91 10 49 65 81 55 36 54 57 25 47 34 67 31 20 2 94 36 64 13 95 57 21 60 89 2 31 6 65 47 68 16 23 46 23 38 13 80 10 92 65 4 75 29 98 65 58 25 90 53 54 3 23 57 72 34 93 31 78 49 93 34 85 18 75 19 71 82 25 27 38 8 83 73 0 62 56 56 39 74 17 59 57 23 62 38 93 4 79 64 53 34 11 45 72 51 45 50 10 86 19 70 1 79 88 41 76 40 50 50 60 43 88 38 55 69 19 13 65 84 27 88 30 33 55 39 70 26 77 10 53 96 29 29 89 99 62 50 33 81 75 95 18 15 95 95 95 31 90 58 82 58 92 31 63 69 87 17 96 72 36 66 12 18 69 93 5 19 51 93 8 88 10 59 94 24 57 72 12 85 47 38 82 31 1 31 38 65 79 58 67 38 99 82 93 46 12 10 30 63 58 50 8 44 93 37 67 4 72 21 72 2 78 36 64 32 63 97 74 17 7 15 55 19 53 76 55 99 14 70 73 87 13 97 84 3 50 52 92 48 84 35 88 26 42 8 98 74 13 56 43 2 24 36 42 69 98 63 5 7 59 68 77 100 74 89 98 54 64 15 48 33 89 1 90 97 88 90 27 90 8 75 85 72 56 45 34 57 69 73 81 24 76 100 22 47 9 75 33 85 34 52 41 71 5 93 6 5 51 71 22 21 36 55 71 99 82 70 4 56 30 73 94 79 90 31 5 79 3 11 88 95 52 80 32 76 50 44 49 98 18 62 0 43 10 25 71 46 41 93 42 38 7 95 35 27 84 92 96 36 80 81 96 61 67 34 6 29 29 12 80 82 31 63 75 83 85 53 14 4 83 30 62 5 86 49 45 80 86 33 39 24 83 20 29 78 79 16 99 61 
6 42 23 98 57 33 63 46 51 17 86 12 87 68 13 6 33 90 68 17 45 38 10 12 58 28 85 12 9 33 32 41 97 28 38 34 78 60 14 41 88 33 0 86 61 82 66 52 73 97 21 28 16 34 70 24 24 64 11 68 67 63 33 34 20 12 1 64 30 68 43 18 79 53 86 100 81 97 5 75 4 21 77 33 11 90 59 41 67 25 31 74 74 44 41 93 97 28 41 0 71 81 97 62 27 55 73 52 42 2 53 36 6 91 83 68 42 7 28 17 60 14 73 21 16 89 12 48 60 93 0 16 10 100 81 100 37 45 94 73 34 98 14 53 20 19 45 91 31 7 94 32 37 33 15 81 49 90 18 90 73 92 1 87 22 93 9 48 72 32 0 95 36 27 57 40 47 32 49 58 71 45 78 16 28 46 34 95 47 71 16 53 0 48 2 15 10 63 76 79 3 27 66 17 33 62 98 20 83 8 46 69 14 84 24 91 78 86 71 89 70 47 70 89 7 12 16 57 17 21 93 98 39 16 72 37 75 90 88 71 91 70 86 2 38 74 47 48 64 71 39 98 25 54 0 38 70 99 19 34 28 97 91 98 35 92 31 87 75 27 70 65 76 8 10 52 84 44 62 91 82 60 62 13 6 45 30 3 100 30 70 88 42 74 20 43 16 49 42 49 66 53 23 53 95 77 72 69 2 62 29 94 99 3 28 96 58 82 17 7 62 12 94 79 22 14 89 100 32 70 89 37 72 12 30 88 31 100 25 26 97 4 71 83 99 63 67 17 81 46 98 20 27 81 34 26 64 51 9 48 8 46 47 86 31 44 52 94 27 81 52 30 46 57 0 96 90 52 20 77 67 96 78 28 15 84 93 20 99 19 56 92 77 65 12 42 91 24 48 30 
53 32 67 92 71 55 44 69 6 51 99 26 76 61 44 50 43 43 8 38 75 90 89 23 84 41 92 47 74 65 42 56 4 4 88 41 25 88 66 7 62 54 20 44 57 20 20 91 84 93 6 24 41 17 2 71 7 15 29 94 58 33 22 60 77 61 51 51 31 36 35 66 46 33 96 62 79 40 66 9 86 31 14 42 95 61 58 42 31 32 92 8 36 65 83 22 99 10 62 32 93 73 35 98 37 2 21 32 27 33 55 62 47 73 95 3 38 32 91 50 36 90 88 56 39 90 92 12 93 41 57 30 21 2 82 74 44 1 89 37 8 84 83 88 68 69 93 43 50 75 86 11 54 31 1 27 54 63 59 24 100 51 88 50 5 38 71 53 31 99 15 31 20 54 82 92 36 33 1 67 89 79 36 2 24 46 46 98 17 58 92 5 73 92 19 17 16 56 85 27 61 38 74 6 10 15 85 93 19 31 44 17 84 33 68 95 17 12 30 47 48 88 51 4 92 78 30 47 62 41 14 6 38 23 44 94 13 59 64 44 21 72 94 67 5 56 1 51 10 87 53 98 64 48 53 64 12 6 62 93 33 74 64 3 25 44 35 4 6 26 0 83 70 39 41 97 21 32 24 25 10 1 70 20 46 20 79 59 64 78 45 26 38 57 26 2 85 83 19 26 74 39 93 46 98 87 3 26 93 61 0 55 2 49 84 67 84 88 53 82 70 56 69 18 51 44 84 20 55 26 83 13 37 24 31 22 30 79 5 74 94 99 68 60 69 80 57 4 95 24 62 10 69 3 56 33 43 85 26 44 28 70 17 56 28 30 86 83 12 8 27 71 1 64 25 0 59 24 17 13 28 38 5 23 30 14 18 16 77 71 72 64 13 12 41 73 12 2 9 1 
21 67 76 21 52 16 68 16 98 29 84 92 33 91 18 6 88 24 86 63 48 54 90 11 98 47 96 44 68 24 88 16 49 29 72 3 91 53 10 66 3 93 18 82 97 81 57 95 99 29 40 14 72 96 48 64 56 25 65 86 4 11 89 100 47 55 63 28 18 19 7 0 52 52 66 12 71 22 57 1 80 12 62 81 56 90 70 2 89 5 27 8 8 85 83 79 17 73 10 72 85 1 20 8 95 49 69 74 86 26 45 72 84 45 23 38 51 28 20 56 68 42 81 4 28 59 100 65 30 13 41 55 10 26 7 5 58 72 40 93 26 99 83 62 98 12 93 46 41 41 6 44 47 83 9 99 44 79 92 52 27 34 44 30 69 4 23 88 91 14 91 34 59 86 67 28 61 32 26 46 68 91 87 37 77 24 61 35 51 49 14 92 100 84 53 35 42 17 26 59 65 40 80 6 88 90 40 6 47 66 53 46 25 77 92 60 44 51 29 40 45 45 6 58 93 84 75 87 30 30 27 18 40 50 61 9 47 63 43 86 55 15 75 53 94 11 18 52 43 91 9 27 82 65 49 66 34 65 26 87 71 25 16 78 85 69 80 36 47 92 6 87 100 45 67 27 18 62 95 76 94 16 61 56 94 61 59 74 56 81 68 11 83 85 4 39 89 89 64 50 86 72 51 94 14 55 94 38 45 40 15 4 32 5 76 16 27 96 34 12 99 83 34 0 9 61 73 43 75 1 76 99 50 52 74 4 47 34 89 30 36 29 71 20 49 94 77 38 85 43 44 96 44 58 54 14 33 54 96 10 97 42 35 30 25 50 52 81 19 21 58 96 71 93 49 61 79 44 13 38 65 2 90 4 84 86 35 26 71 47 50 62 0 73 32 93 71 43 49 58 
85 30 52 58 7 58 8 79 77 55 62 76 63 94 4 52 79 96 84 92 34 24 20 30 77 45 99 68 78 69 84 26 92 100 68 44 34 78 79 69 27 16 33 14 3 32 29 91 0 8 41 95 90 90 92 58 83 54 43 68 39 64 36 24 90 4 70 15 54 92 4 38 85 31 78 0 9 10 26 1 81 64 95 78 90 86 90 17 1 52 25 38 50 87 28 63 98 38 48 59 55 63 73 34 58 75 20 63 91 96 43 80 76 43 58 37 27 37 49 74 57 89 100 90 8 86 73 13 70 34 29 81 8 26 75 24 72 73 51 81 85 86 43 8 69 26 18 48 32 47 83 61 57 92 73 3 11 16 85 97 24 98 59 75 4 1 93 83 67 49 39 99 32 50 25 90 31 23 34 91 39 86 0 38 27 65 59 58 86 1 26 83 3 98 71 54 2 14 26 78 21 71 33 97 99 39 49 2 75 34 45 36 30 90 95 45 56 94 0 18 4 83 76 95 95 5 81 100 97 98 99 49 18 6 40 53 58 55 29 49 73 75 16 29 43 47 76 10 85 54 21 76 51 20 98 38 90 34 50 17 71 79 34 13 11 7 73 75 78 36 69 35 94 37 80 61 72 92 94 60 21 56 28 64 51 58 54 21 46 77 31 74 61 21 9 66 34 84 46 59 14 85 45 2 14 56 12 1 18 79 33 44 98 53 61 90 96 29 32 18 78 40 58 11 54 4 65 72 58 30 10 1 92 22 6 43 88 64 23 37 64 50 56 46 65 72 43 46 71 10 74 89 64 83 33 23 44 43 6 84 98 37 94 15 2 49 76 100 20 19 65 85 94 33 58 80 83 69 40 25 73 2 94 78 53 42 71 15 48 67 26 0 75 27 73 11 60 35 81 94 
50 35 0 30 20 33 61 34 85 100 98 66 96 27 7 22 25 43 68 86 58 56 79 58 29 74 99 85 69 12 20 15 83 52 3 68 37 67 45 75 7 47 40 51 100 93 16 57 69 81 22 56 75 12 58 17 37 51 21 9 54 97 62 74 77 75 57 66 67 7 51 92 41 34 63 52 57 0 95 65 21 40 97 10 75 33 47 54 73 71 56 43 51 44 92 68 28 99 98 61 85 76 30 10 63 56 72 30 98 69 71 63 29 19 4 2 85 98 54 100 100 52 42 37 51 29 91 0 99 38 53 53 69 97 36 69 60 25 44 54 57 92 57 88 97 7 10 19 15 11 63 60 87 10 87 11 50 61 59 6 19 32 100 85 47 74 8 48 65 55 12 81 13 21 31 87 64 28 40 30 71 30 77 27 76 45 98 60 42 80 32 23 55 7 82 77 55 48 92 63 42 33 43 8 94 34 25 81 81 26 43 68 65 22 65 6 56 72 55 1 10 45 40 82 11 6 75 91 61 81 81 12 48 51 87 96 65 96 30 80 11 56 24 79 3 1 55 15 9 60 44 8 41 84 48 52 78 71 71 10 87 14 6 39 5 100 22 68 79 39 59 72 18 75 41 24 50 89 7 24 35 85 99 82 40 88 40 13 10 70 61 83 73 47 69 77 98 6 74 14 98 35 93 30 13 20 55 85 6 10 20 8 29 25 77 65 1 86 75 88 73 74 18 90 80 51 99 35 66 48 53 31 39 23 79 51 34 11 69 95 60 94 18 3 89 29 97 95 15 87 69 77 62 98 59 5 40 28 34 43 59 73 76 80 39 16 42 22 31 3 81 81 17 3 0 17 11 62 3 43 55 92 46 20 85 1 70 58 30 30 31 44 56 17 31 82 27 67 48 98 
71 57 54 98 62 49 56 45 78 41 86 91 25 8 34 45 76 16 7 65 66 81 76 81 58 15 90 79 7 42 64 92 41 17 47 67 100 39 18 11 27 16 12 12 5 11 65 59 96 79 55 89 25 32 45 45 38 73 50 85 14 39 35 51 51 0 37 6 28 62 44 26 40 60 46 87 100 5 8 14 11 26 70 95 62 35 10 87 72 11 53 84 11 46 96 48 16 7 18 68 31 38 65 9 96 20 47 5 79 28 15 27 97 4 73 44 59 89 13 31 41 1 39 41 59 22 12 92 4 1 92 71 62 10 94 44 72 20 33 34 90 25 35 80 86 52 70 11 0 44 29 95 91 97 78 59 94 5 73 0 62 9 87 55 79 37 16 7 27 4 9 34 84 98 39 51 0 38 12 7 30 83 10 79 43 40 41 63 77 39 54 0 82 82 20 59 41 42 5 62 96 63 44 54 68 29 74 11 74 79 22 45 57 20 79 30 49 16 48 82 67 88 54 94 5 84 100 4 51 100 58 44 67 36 82 43 54 55 20 62 66 25 33 36 33 47 72 72 30 24 93 43 12 83 7 30 14 82 78 11 77 83 9 88 18 19 98 58 11 17 38 60 56 50 71 46 81 27 31 43 8 46 14 48 23 93 22 52 0 80 13 27 16 11 48 25 81 36 80 13 74 73 37 67 52 91 37 17 82 94 36 66 38 95 56 67 23 78 61 81 0 6 37 85 15 74 56 75 12 8 59 17 39 56 79 17 42 42 78 21 63 11 65 56 22 65 62 8 75 51 32 36 58 43 51 84 68 15 2 16 83 37 58 5 14 0 54 100 71 18 97 93 97 27 47 23 50 21 80 42 3 53 24 76 55 15 42 69 79 50 19 33 40 2 39 61 37 68 78 43 
21 80 37 27 47 18 26 86 23 69 4 65 13 49 72 6 93 90 41 35 42 90 52 29 85 32 60 98 35 91 67 5 71 97 52 72 79 42 27 2 69 24 87 82 24 39 53 11 74 84 43 74 69 72 30 78 79 22 40 7 43 22 40 24 39 16 14 99 87 2 91 56 53 10 92 91 52 43 37 14 55 4 97 53 21 67 11 98 26 3 55 12 18 3 4 2 78 70 98 6 35 59 56 56 69 65 25 81 85 99 90 1 2 57 91 94 1 31 4 44 46 3 86 61 81 26 93 87 62 49 57 88 12 85 29 63 83 89 9 46 7 93 67 14 49 19 18 77 53 57 81 38 26 49 19 68 88 76 97 74 4 99 64 7 80 57 72 21 58 45 28 90 14 99 58 31 71 23 54 37 34 56 9 7 73 96 9 9 0 20 59 42 70 86 67 51 32 44 77 55 24 12 29 57 7 50 90 28 47 54 42 61 44 52 60 45 74 20 61 7 82 36 94 34 21 29 86 37 58 69 42 46 64 66 80 71 69 91 5 16 53 75 14 88 14 66 93 86 39 64 20 21 53 74 60 45 95 38 51 90 55 100 65 75 99 58 20 91 65 60 46 85 62 70 26 18 52 46 0 6 26 69 50 9 41 39 3 13 54 18 0 91 5 64 76 35 55 6 76 100 100 11 52 5 78 45 62 97 7 34 19 41 10 93 19 96 59 83 47 24 71 90 45 42 41 68 6 54 96 9 26 66 39 44 74 4 87 6 89 60 94 51 96 78 12 46 68 24 32 48 18 55 52 77 88 7 85 57 84 45 70 46 29 9 17 47 65 6 93 13 15 43 44 37 48 26 47 1 85 43 42 55 13 9 64 55 54 22 92 41 47 79 93 20 60 51 73 86 59 38 
20 55 36 84 80 10 51 85 96 93 70 66 52 83 32 97 1 59 36 30 82 1 41 75 25 61 58 3 48 86 44 11 34 36 90 89 80 45 22 23 31 20 41 70 95 9 22 45 28 73 86 47 50 71 46 85 50 7 94 70 3 18 27 73 22 9 58 6 29 50 45 62 42 45 62 66 98 61 30 64 58 67 25 4 27 49 39 3 64 89 74 42 91 39 62 37 39 2 38 1 47 96 67 9 93 54 96 91 56 44 23 27 20 12 98 17 86 68 79 54 15 30 25 89 37 48 5 29 2 51 40 63 29 21 75 1 73 95 11 38 40 42 82 36 78 90 35 90 88 74 71 11 54 74 76 16 17 7 60 43 28 81 30 61 16 5 91 98 64 67 96 11 49 8 51 96 50 33 51 39 46 32 75 73 68 41 10 30 39 51 67 23 95 20 43 40 64 13 18 35 7 53 79 57 12 27 54 19 0 91 73 43 60 47 57 31 31 68 100 9 47 69 74 86 6 89 94 29 60 84 91 100 8 62 61 65 89 65 57 100 59 63 42 59 6 94 4 56 34 51 97 55 62 30 6 6 84 59 84 85 35 6 64 22 93 52 50 1 53 74 88 63 47 29 97 18 72 38 71 30 80 35 48 74 37 69 27 52 30 61 95 18 18 87 68 72 98 43 85 4 66 62 91 64 3 15 53 71 92 91 55 88 36 87 32 46 8 65 10 29 70 38 27 52 77 38 80 1 93 70 38 31 2 91 26 5 78 80 27 6 79 38 12 41 17 77 49 36 3 57 92 74 28 50 41 11 81 59 35 6 82 58 18 59 96 89 75 14 88 88 19 34 19 11 51 27 71 7 49 83 32 4 99 44 94 16 41 6 35 65 19 46 25 21 24 24 85 88 20 82 
36 85 77 47 42 85 55 14 82 81 31 94 31 63 6 18 1 92 26 49 66 49 99 2 21 84 15 2 16 11 45 9 68 13 30 30 47 64 77 99 84 8 23 48 10 70 38 82 75 13 51 60 96 2 29 78 20 76 41 61 87 1 73 74 18 10 98 24 66 4 58 66 84 27 11 86 95 39 13 50 48 69 62 100 71 64 3 65 82 70 82 7 45 6 14 60 60 93 95 16 0 93 0 28 78 18 19 99 75 39 13 96 84 62 8 91 17 86 85 78 97 98 25 5 83 36 75 0 82 98 99 10 8 30 81 68 26 13 85 69 86 43 54 12 9 53 63 6 42 57 50 84 0 27 41 43 2 45 26 80 66 48 54 38 21 51 77 47 3 86 32 51 40 38 17 84 50 79 51 1 1 65 18 13 28 0 64 55 36 17 56 83 12 63 46 57 41 92 19 59 91 33 61 14 27 72 3 57 49 22 45 15 9 50 38 53 91 83 40 74 79 62 52 34 58 92 29 45 51 23 94 30 97 11 77 98 80 13 72 60 60 1 42 8 42 48 42 54 42 29 74 49 19 76 10 83 46 14 28 8 73 78 72 37 17 60 25 68 19 91 11 96 7 9 13 10 51 64 79 49 30 5 86 17 95 91 35 87 48 26 76 72 28 75 90 81 37 7 52 38 64 37 40 55 17 48 53 100 0 33 65 46 97 28 83 13 67 75 4 99 60 10 99 60 32 54 17 99 91 66 48 15 24 96 43 38 28 75 30 60 42 82 55 10 74 24 36 1 4 25 9 13 98 7 29 15 87 38 75 92 95 60 70 58 65 60 85 20 47 87 95 25 43 74 57 81 36 44 46 61 6 33 99 9 39 14 53 27 1 92 10 17 64 30 18 67 7 13 55 19 
73 89 2 54 40 35 81 67 9 17 45 90 96 71 71 3 37 8 37 32 62 15 85 36 48 52 4 12 15 38 7 43 44 97 5 100 54 2 27 73 26 11 18 62 99 35 22 91 0 61 8 83 50 86 98 16 41 57 5 19 54 50 54 53 34 68 91 51 42 37 35 26 80 85 21 94 19 11 36 66 12 66 70 67 27 8 13 57 84 100 78 81 42 43 75 27 28 87 44 86 33 85 52 49 88 28 75 48 72 89 16 71 0 99 51 63 93 66 7 91 96 62 34 56 73 68 15 71 64 27 53 17 34 96 23 59 0 84 25 80 58 63 83 10 39 75 29 50 97 87 77 32 41 9 41 99 42 66 71 92 54 4 15 1 56 97 65 81 9 45 74 50 36 16 44 43 55 6 25 28 79 68 53 53 56 43 61 18 75 82 55 96 81 92 14 87 9 81 63 50 26 91 52 32 37 10 6 56 57 39 39 75 57 40 22 20 98 9 64 46 48 40 59 79 53 11 63 7 90 59 19 5 6 66 6 71 16 68 49 57 2 15 29 33 16 17 55 23 8 54 42 2 5 100 12 11 57 46 40 95 27 66 68 76 22 42 66 46 95 95 74 18 89 24 2 77 30 4 92 96 71 87 10 14 16 52 68 92 69 78 30 33 32 85 4 54 45 24 22 80 85 15 84 74 69 16 61 17 68 80 25 0 9 81 97 73 5 37 67 58 65 13 85 47 77 37 90 31 83 37 40 51 79 97 39 100 93 22 23 37 40 21 44 13 70 47 31 20 72 74 46 19 13 99 87 69 30 7 85 17 56 95 64 59 64 19 49 32 1 15 32 73 59 100 5 66 49 7 86 98 28 14 70 16 14 78 80 8 35 55 51 5 46 27 63 58 40 59 26 33 
38 58 100 51 75 70 15 74 39 32 29 92 36 94 55 50 50 43 44 91 61 48 69 69 14 17 49 87 86 23 8 26 71 27 52 19 5 50 61 43 7 12 73 76 80 15 64 2 4 51 42 16 51 14 45 47 68 2 17 89 99 24 20 50 47 21 55 8 30 67 17 8 40 8 91 34 64 57 99 29 58 91 5 30 83 9 46 41 98 82 98 20 43 53 40 35 82 65 28 25 5 97 43 82 61 44 55 41 0 7 91 25 47 72 64 63 0 26 80 76 95 51 24 49 71 78 31 36 75 90 95 6 75 82 95 37 15 42 73 27 52 68 2 10 53 81 55 17 97 74 26 3 18 71 87 54 85 96 23 24 13 47 80 11 84 39 13 85 52 44 65 85 19 96 25 25 52 52 18 13 49 5 41 26 32 79 50 41 88 75 55 83 34 52 87 97 50 17 73 28 61 15 72 43 83 55 25 77 67 53 5 15 12 51 51 67 95 84 28 87 20 14 5 30 14 38 71 63 41 69 18 99 52 42 1 19 30 31 41 18 41 38 9 52 96 73 26 42 28 25 40 68 36 22 16 100 41 10 78 74 76 90 31 23 5 0 19 76 39 26 23 33 1 89 33 47 73 63 19 50 56 15 51 87 47 32 92 78 54 59 48 84 5 23 24 53 17 33 6 53 70 66 77 98 21 7 90 5 56 58 12 47 57 48 88 92 9 68 74 16 78 84 94 90 87 95 80 90 78 19 31 23 13 92 13 74 21 20 94 31 31 77 82 79 19 56 33 40 39 64 47 95 6 7 63 23 74 30 21 61 80 98 92 63 4 44 22 73 27 46 51 99 99 65 83 0 62 13 77 25 64 62 20 25 33 32 62 78 32 63 79 49 100 11 43 13 50 51 83 84 
72 17 66 65 48 89 34 84 68 40 20 40 13 86 92 52 5 9 70 45 100 81 10 84 82 80 29 50 17 6 10 45 100 31 61 56 41 82 89 86 64 81 84 50 98 53 87 8 89 8 86 47 16 39 4 26 81 82 75 90 45 21 89 68 65 43 67 44 27 21 82 78 91 24 52 72 100 65 1 52 80 92 100 17 4 58 78 23 21 16 58 22 11 63 44 29 64 58 51 25 26 38 36 18 75 43 12 99 16 61 50 22 43 72 37 91 73 77 65 20 17 74 70 88 38 47 81 23 79 38 48 7 98 97 39 45 40 41 82 9 43 94 16 58 20 24 24 33 62 70 13 1 22 84 19 0 51 63 10 70 43 81 100 70 19 21 54 63 20 4 49 6 25 76 49 25 4 31 13 30 89 46 45 83 2 87 20 58 52 12 74 18 11 53 9 9 46 73 54 67 84 54 64 31 62 54 37 21 87 57 14 65 38 55 86 25 92 75 45 76 29 32 3 14 80 61 24 47 35 38 14 13 48 7 32 75 34 8 3 88 18 22 100 56 63 96 52 35 52 72 88 13 91 75 61 21 47 34 43 17 52 96 45 14 1 84 27 39 73 62 19 24 36 96 26 26 43 16 38 25 46 29 22 67 48 82 88 0 40 66 54 13 55 26 92 100 29 99 40 26 40 19 64 85 69 31 83 69 78 91 19 72 3 100 6 29 84 30 33 63 99 51 51 64 35 34 48 0 73 89 93 11 11 52 98 71 64 23 66 36 12 75 23 62 87 60 34 43 7 28 49 78 46 38 15 49 63 56 92 89 74 44 70 70 13 94 35 59 53 51 1 73 49 100 25 8 5 38 22 30 59 44 40 17 91 29 20 58 55 41 32 34 79 96 46 1 1 39 43 4 
84 32 88 83 5 89 9 65 43 37 71 88 10 83 62 80 58 71 57 67 47 68 40 43 100 65 96 96 13 100 76 69 44 24 33 81 60 95 50 33 31 42 91 18 74 7 40 64 7 59 68 69 3 21 68 32 52 92 64 38 90 2 55 60 11 68 0 0 17 73 36 67 2 67 30 93 83 96 5 13 57 64 48 30 21 85 25 21 48 70 72 63 28 23 97 33 2 14 23 16 46 21 84 69 95 54 58 31 83 99 9 17 24 97 89 84 11 64 77 62 88 99 10 0 87 23 29 22 36 0 56 29 37 87 59 41 68 72 67 81 52 88 77 87 52 77 13 30 42 7 86 29 78 4 85 53 93 62 53 52 14 69 81 71 5 3 86 88 40 36 84 10 96 15 38 9 12 2 85 84 19 100 4 93 16 49 46 32 9 31 8 13 51 82 51 65 87 93 75 19 77 55 80 35 44 11 28 87 66 0 92 49 14 85 8 98 98 46 11 19 47 80 46 36 34 90 84 94 34 44 4 26 22 29 87 96 15 0 100 4 8 63 0 64 26 41 27 26 80 63 74 99 9 100 69 58 93 86 20 63 56 22 49 27 88 42 42 88 76 36 83 83 32 28 90 15 91 67 64 3 71 35 90 59 60 100 38 20 31 40 95 49 4 11 13 33 1 17 37 43 85 35 26 41 4 43 81 69 49 22 47 36 25 42 55 100 97 9 62 49 100 71 23 56 36 99 14 17 34 54 25 90 56 2 54 97 24 53 16 3 50 58 18 68 39 90 37 17 69 62 100 86 72 100 9 11 12 41 50 88 27 67 23 26 16 84 29 1 12 63 53 64 83 77 15 84 64 77 28 8 8 5 89 20 81 48 60 89 84 37 96 85 84 38 84 86 10 96 75 11 
90 88 87 14 77 1 3 35 24 11 73 20 59 11 26 73 26 61 80 41 18 61 91 45 30 78 54 92 97 89 74 24 17 5 1 11 50 46 55 7 18 20 81 95 28 39 55 5 98 11 72 64 91 20 0 55 78 41 40 88 31 49 2 53 78 53 67 71 73 41 22 88 25 65 36 74 53 96 9 27 79 52 94 30 91 74 79 9 98 67 44 53 78 18 65 50 85 65 11 69 96 21 4 23 34 52 9 45 45 53 1 42 22 53 68 91 15 28 97 16 2 35 2 35 58 43 32 31 89 40 26 63 57 45 16 7 15 54 40 79 69 30 83 60 38 58 53 71 49 57 39 38 68 75 93 54 53 55 86 10 14 41 58 38 81 21 19 4 96 59 59 40 58 13 9 52 1 98 8 20 10 70 6 33 16 0 81 94 86 84 45 45 88 33 60 56 50 88 16 67 1 94 84 2 63 14 62 96 68 75 29 70 47 12 50 25 5 47 96 48 77 55 30 100 54 100 57 31 29 34 63 88 75 62 10 25 22 15 88 75 100 88 45 91 66 1 89 84 91 62 89 98 14 53 99 64 41 90 42 43 9 77 34 39 50 46 31 68 53 29 77 12 100 37 36 27 5 78 29 44 14 73 95 36 94 0 100 93 59 97 98 95 35 49 45 84 50 84 88 15 4 53 57 59 34 42 7 11 73 11 81 81 3 1 58 93 73 7 90 36 95 76 89 35 29 58 50 54 2 14 21 54 71 91 57 84 72 82 10 15 16 71 16 4 69 19 87 41 87 74 49 11 16 95 78 34 61 32 43 35 17 97 51 82 29 100 40 74 63 84 30 72 82 91 68 53 33 51 3 84 73 15 10 100 45 97 30 7 70 76 1 6 9 98 74 3 51 37 42 37 
68 68 85 92 56 99 94 41 14 5 4 10 14 55 66 63 39 20 100 40 100 69 57 83 65 25 87 62 49 64 20 48 10 57 86 4 24 96 36 85 31 5 28 73 98 57 51 15 97 54 92 25 22 4 82 65 87 83 85 52 0 82 76 3 33 52 70 74 63 63 99 57 47 44 21 90 33 89 85 34 71 100 39 94 94 36 48 60 53 34 43 49 100 10 5 84 33 19 20 18 81 18 35 57 4 52 41 35 43 83 49 48 2 12 22 8 21 1 43 65 10 16 63 97 62 38 11 21 85 64 40 10 33 71 44 74 62 14 80 44 41 48 51 75 37 65 63 3 79 17 87 13 84 32 13 21 27 35 15 85 76 35 18 32 27 46 56 92 51 11 82 56 99 0 88 27 13 28 54 5 62 43 8 4 64 0 29 61 77 14 44 11 28 65 11 6 10 90 20 1 45 87 45 77 48 43 78 66 44 75 83 93 61 27 60 57 91 88 49 30 89 37 36 25 53 68 95 88 85 10 24 26 53 45 46 67 95 40 96 52 71 85 83 26 29 20 70 75 97 85 30 48 71 18 73 0 17 87 9 45 69 32 12 91 90 21 12 50 66 71 68 28 48 11 48 53 91 10 51 92 18 82 15 18 97 43 61 2 99 76 46 72 54 38 23 71 55 56 85 8 15 9 46 35 16 33 57 2 64 9 1 64 2 72 98 63 76 42 47 79 79 47 47 63 60 27 33 43 50 55 22 39 88 85 96 4 60 83 57 54 77 44 75 17 100 83 85 27 100 88 80 0 4 2 17 6 35 13 68 16 2 26 100 42 21 13 97 18 57 12 90 68 68 50 19 71 7 37 79 7 40 81 21 78 95 71 55 58 75 12 67 78 65 86 60 35 64 94 41 46 
74 50 22 30 91 31 38 70 31 85 90 19 46 60 50 59 85 35 100 62 79 47 95 52 91 44 25 73 83 9 66 70 82 40 46 32 18 48 41 90 39 44 22 60 48 58 29 11 18 28 98 18 95 54 34 38 28 96 72 28 19 87 94 17 20 24 35 40 62 36 74 12 73 40 70 75 93 27 2 73 71 57 85 10 34 76 17 7 80 85 2 77 18 55 21 30 80 16 23 19 82 49 97 84 69 31 53 85 14 96 51 92 74 64 38 44 5 26 41 0 47 84 32 23 75 87 34 47 45 35 96 73 33 61 9 50 11 89 12 9 97 36 18 23 72 100 72 92 15 17 95 79 27 27 74 78 20 29 4 21 42 39 57 12 85 20 48 49 32 11 17 1 43 30 98 95 1 84 10 85 41 92 17 3 81 80 80 62 44 25 97 31 41 71 27 8 24 100 40 37 21 31 66 90 100 46 3 66 92 61 7 65 82 91 30 68 69 24 5 31 49 82 86 13 79 33 67 41 41 46 83 71 12 77 59 73 0 2 43 14 29 27 61 74 30 78 37 97 41 29 12 31 17 41 98 6 76 78 39 100 45 36 26 95 55 18 43 0 38 78 33 82 76 64 3 10 52 95 77 70 70 54 9 88 26 25 44 82 33 13 52 91 7 100 41 18 27 86 81 64 11 40 8 39 48 14 55 25 54 85 63 2 55 54 0 49 73 47 23 58 74 46 95 35 12 69 36 38 15 6 38 90 50 75 44 59 27 33 3 95 12 76 84 18 43 79 66 12 77 26 14 2 63 58 24 34 72 32 24 40 25 100 81 34 91 75 43 86 79 51 61 1 41 83 12 12 15 59 12 98 49 23 89 87 68 71 28 86 58 79 48 29 97 95 17 95 41 96 26 34 
81 0 85 70 17 78 61 82 56 66 48 29 98 76 14 90 26 55 74 6 73 57 5 55 3 13 50 12 89 42 90 2 44 86 49 10 33 1 64 6 95 27 63 66 5 28 62 43 73 52 50 26 42 42 62 82 8 21 87 16 92 92 17 63 36 12 96 73 1 43 56 36 82 78 72 95 7 84 70 78 74 61 7 85 68 9 76 66 92 5 93 42 17 1 85 20 82 3 59 43 54 43 43 64 14 13 6 25 43 72 58 11 67 8 2 71 46 82 53 90 53 15 50 14 63 60 84 95 46 100 4 50 36 71 24 28 31 69 13 76 91 16 18 59 17 39 56 25 11 15 94 80 60 69 7 64 17 74 84 23 77 22 89 91 98 5 38 91 53 23 97 13 37 7 38 72 0 10 71 86 53 61 64 78 89 68 72 43 7 53 46 63 53 59 21 31 41 13 95 3 10 96 48 27 19 87 100 91 52 40 100 30 51 58 74 86 56 15 91 47 9 87 50 91 50 5 0 56 95 54 86 84 62 96 66 9 32 50 9 56 95 51 71 55 43 99 45 71 90 21 13 39 1 89 29 87 35 35 44 96 76 22 23 91 2 96 41 31 27 98 57 70 16 72 14 15 92 90 5 20 47 82 11 11 34 15 46 78 40 100 62 19 14 61 2 13 73 75 85 54 93 17 55 62 23 67 85 8 48 1 85 13 7 18 25 23 52 10 24 2 20 32 43 49 21 64 58 27 81 45 4 15 81 46 12 71 82 20 59 86 36 0 7 13 68 9 88 15 24 100 63 56 29 36 63 29 45 33 98 98 63 93 50 22 27 53 90 12 29 92 25 21 49 90 75 53 66 60 0 57 54 66 29 89 21 21 77 96 79 67 80 53 79 56 98 33 69 44 88 32 
66 14 2 30 28 18 35 73 94 88 85 42 27 89 84 60 78 54 8 10 63 21 22 12 87 49 49 44 98 72 20 16 70 73 28 63 49 10 41 69 80 5 79 67 68 83 9 5 35 67 32 25 22 53 9 41 31 42 78 24 20 29 18 86 68 4 7 56 41 97 48 4 79 33 23 29 95 52 50 67 80 25 10 41 68 81 89 56 24 51 55 9 5 1 64 53 54 96 95 13 94 39 85 92 15 45 32 9 26 1 97 84 96 52 58 88 3 54 58 77 50 100 33 22 65 86 0 61 31 34 68 59 29 74 6 70 20 40 66 10 78 25 41 45 97 55 98 26 79 91 95 18 18 56 43 22 65 12 17 68 93 21 28 70 18 0 74 96 8 7 27 7 81 59 52 84 87 96 75 65 81 30 21 8 58 76 34 86 23 94 39 39 85 91 0 48 30 92 94 59 0 100 28 99 68 61 55 86 15 81 55 64 7 5 65 16 1 14 100 30 78 20 96 78 96 6 54 68 86 23 9 72 56 83 70 56 0 23 80 12 86 39 20 11 27 42 85 42 73 70 35 80 82 95 26 63 84 5 1 47 8 48 0 3 8 37 69 37 33 97 9 23 79 4 26 20 66 33 60 8 23 5 59 10 26 39 13 84 77 64 37 67 0 67 82 98 78 37 52 62 14 38 4 40 83 73 66 67 5 14 19 16 81 94 93 7 16 83 40 100 83 25 1 25 95 52 37 18 7 98 80 47 67 61 45 60 4 82 32 48 20 78 5 65 29 60 41 58 39 16 58 70 11 100 35 70 66 78 36 10 39 34 86 47 60 43 93 19 81 22 68 14 4 33 27 60 71 83 18 16 68 98 93 7 29 19 53 53 41 74 74 76 73 31 71 77 43 2 10 54 
10 100 19 72 60 100 82 55 11 15 37 77 4 78 32 86 67 54 61 4 65 30 44 96 98 84 95 98 45 84 28 43 38 99 63 1 86 9 77 74 48 10 52 11 3 65 7 73 61 5 63 72 63 63 48 95 22 62 97 35 15 90 19 13 41 73 48 21 39 19 97 6 28 2 85 90 28 59 41 51 56 70 65 77 47 70 84 32 91 65 79 97 72 84 66 0 21 34 40 42 93 51 64 17 2 85 70 41 46 14 37 9 100 18 67 54 11 6 53 9 81 29 88 84 3 34 81 3 88 74 100 72 72 37 19 26 55 38 29 51 66 96 79 71 57 18 51 85 71 18 87 92 16 13 49 94 4 73 71 52 81 9 72 43 72 58 68 15 15 84 91 93 8 18 86 63 92 88 14 93 36 27 43 26 5 35 75 83 68 43 63 23 79 74 31 87 42 66 77 63 34 66 20 51 31 60 16 99 79 81 95 98 93 88 58 20 49 47 99 56 72 43 38 29 74 34 67 33 50 92 82 45 16 68 76 25 44 28 45 68 65 68 72 74 24 20 19 46 76 79 19 91 48 86 55 46 64 1 30 19 99 81 73 94 92 1 48 30 96 16 84 23 47 35 93 69 77 1 0 72 94 35 66 36 5 71 46 43 78 21 76 41 45 53 80 94 55 28 77 80 60 62 38 87 27 26 87 25 20 23 44 37 28 56 90 80 91 20 45 6 0 39 71 96 41 60 74 94 87 35 54 76 12 78 99 28 86 31 82 42 46 18 80 18 48 81 39 29 88 66 73 31 63 97 93 80 88 81 15 0 58 54 67 42 91 29 37 34 33 34 50 89 61 84 14 28 94 67 81 15 74 94 93 66 23 88 75 31 4 54 18 34 57 39 73 90 58 19 15 32 
16 37 31 74 100 32 80 11 4 85 74 77 0 3 79 48 38 87 92 63 82 78 88 80 68 58 3 97 90 37 93 43 55 18 39 59 4 50 76 93 21 100 34 5 15 29 26 95 100 72 12 65 78 59 10 85 18 80 2 59 79 59 73 8 92 69 78 30 51 5 38 15 20 12 12 82 57 78 20 85 85 19 28 14 36 77 77 61 11 87 78 10 85 33 27 6 11 95 1 8 37 59 37 27 3 39 63 24 20 74 47 66 20 74 97 51 86 90 35 80 34 27 50 10 84 14 92 61 5 32 69 87 62 62 20 44 23 17 56 50 9 69 46 50 67 16 22 40 9 86 99 8 1 36 21 72 74 12 80 62 34 42 19 100 87 50 68 100 91 97 18 96 67 77 41 70 99 60 26 28 3 92 81 74 52 91 54 49 96 8 75 71 70 97 23 48 21 64 68 35 95 4 39 21 73 39 67 26 65 43 51 70 95 21 62 8 74 22 42 45 13 93 73 46 63 67 53 9 48 37 59 47 37 19 54 77 24 7 29 31 84 41 55 8 55 84 35 63 53 1 45 49 6 99 28 30 8 31 29 41 96 71 25 96 28 71 20 71 7 86 69 78 77 56 80 34 52 63 0 31 39 46 73 24 69 45 99 80 87 13 24 22 43 97 37 26 23 22 75 37 39 53 14 46 84 13 72 33 72 6 22 51 43 41 89 74 95 99 77 89 91 10 41 27 79 100 92 9 59 78 42 56 49 12 93 17 100 83 62 88 8 27 98 9 28 30 71 53 0 91 8 94 36 3 39 89 26 85 41 73 77 48 2 6 57 15 78 34 45 3 13 56 21 98 16 56 7 60 59 12 25 53 66 93 10 3 3 30 56 93 91 4 24 67 43 76 32 83 52 49 
29 75 98 23 34 43 32 20 2 74 55 17 34 43 38 82 98 46 23 76 36 10 97 77 26 98 35 88 7 53 23 80 72 28 21 69 44 58 13 7 82 81 70 38 23 38 7 41 70 46 98 56 0 12 0 15 2 14 66 21 31 48 19 90 95 23 83 19 71 98 68 81 26 92 22 19 30 65 80 43 57 44 15 69 68 99 6 65 79 81 93 16 94 50 81 84 50 28 15 89 20 51 79 77 81 100 12 58 28 26 27 85 4 4 20 40 22 72 65 48 88 46 41 59 64 13 16 94 7 75 87 95 60 69 47 2 8 64 64 58 64 36 89 35 95 97 48 0 39 89 78 16 27 17 84 78 0 70 59 40 69 36 60 10 32 77 68 22 66 91 19 32 32 26 39 77 15 12 41 26 20 68 63 57 0 25 85 11 89 63 59 49 89 99 48 0 39 81 9 48 82 77 41 53 12 13 91 53 31 83 66 38 12 85 8 41 28 72 21 95 72 99 7 24 22 80 37 30 11 47 1 68 87 100 47 86 77 73 97 40 71 52 100 71 81 94 86 11 99 25 64 52 15 66 49 66 32 28 65 95 20 89 54 78 44 44 64 7 91 8 55 43 17 70 92 88 10 32 96 39 4 75 22 19 35 79 47 48 65 65 87 9 52 78 99 98 30 2 84 67 16 6 76 56 20 29 85 98 33 74 15 97 17 24 68 80 68 67 20 37 9 83 45 44 37 96 12 13 47 3 66 55 46 16 91 0 84 29 55 67 65 98 49 3 10 9 96 40 90 98 94 89 90 87 37 71 96 29 16 84 55 57 28 75 81 78 17 7 10 90 69 90 48 92 58 49 42 67 79 35 14 31 85 44 65 36 100 77 30 16 33 25 53 16 84 57 61 35 5 88 
22 16 38 87 10 50 20 28 44 82 63 22 73 96 10 59 36 80 37 6 0 65 29 91 60 14 93 5 57 24 53 36 55 93 74 16 76 61 90 17 83 48 37 100 44 18 18 63 92 25 86 97 43 18 22 74 6 41 18 90 91 90 36 96 9 54 48 39 66 97 78 72 55 18 34 51 33 25 6 95 88 89 91 91 59 70 10 49 52 32 78 99 46 38 64 31 7 66 83 64 29 53 35 14 96 77 17 12 39 25 51 57 91 93 95 15 76 82 73 33 40 91 92 73 73 88 58 47 3 70 62 59 67 95 9 17 37 28 43 51 54 30 88 59 42 79 16 73 95 78 41 50 83 99 26 10 76 89 63 5 38 37 95 87 17 40 42 51 80 45 83 74 29 1 5 99 84 62 6 7 13 9 56 80 69 58 63 24 61 28 90 56 13 48 6 75 68 23 43 67 64 91 44 25 25 72 61 45 55 80 43 54 10 11 28 61 11 68 29 57 44 85 22 16 24 53 9 21 87 48 87 33 71 3 54 22 49 69 69 34 17 65 71 15 22 18 8 74 65 24 61 22 27 41 87 64 15 9 91 83 98 48 25 51 32 97 86 54 54 9 48 71 5 98 50 34 19 12 28 51 55 40 47 38 85 22 72 33 78 14 5 28 0 84 64 35 16 85 16 72 98 31 37 0 18 46 93 46 99 30 81 12 66 90 87 22 38 40 68 56 10 1 42 17 39 61 0 63 42 79 43 26 21 76 98 29 1 6 53 87 76 26 84 53 95 37 24 22 42 15 75 64 90 19 53 11 33 96 100 86 66 43 76 60 82 67 95 68 77 26 5 37 50 75 38 56 71 26 60 35 79 80 88 64 24 93 71 37 30 84 3 43 88 64 43 41 40 15 11 20 
62 36 89 99 24 71 85 4 4 77 80 32 27 96 40 62 41 31 7 62 63 16 52 69 53 10 59 80 97 96 72 44 48 62 40 7 30 35 69 6 1 39 14 22 19 95 51 22 74 38 34 87 37 68 50 47 33 67 47 9 46 14 65 38 12 35 44 12 20 44 21 47 30 64 35 53 75 88 86 81 57 73 70 93 30 32 16 51 64 53 18 89 70 65 90 37 79 18 43 81 5 11 86 31 22 46 7 59 82 92 37 59 42 52 5 29 82 26 20 43 15 4 97 26 19 2 3 13 14 34 65 91 74 29 3 95 46 94 28 15 49 75 18 94 43 53 46 59 12 30 44 58 39 44 63 43 70 29 81 6 57 13 90 38 26 4 62 95 9 20 17 44 97 25 0 29 31 13 6 16 18 16 35 82 17 89 85 7 89 21 81 50 34 55 76 64 9 55 97 65 49 67 69 66 9 76 42 59 89 64 38 55 57 12 80 27 28 54 48 7 17 76 20 3 94 75 95 18 84 3 59 71 38 12 52 36 32 70 17 22 7 89 92 100 45 29 89 48 77 99 90 87 41 59 19 21 47 30 61 30 72 100 41 19 43 20 36 56 16 19 100 42 50 10 10 94 64 11 97 57 7 19 1 30 31 64 86 5 69 81 96 29 80 38 72 70 58 91 54 45 36 52 35 93 52 63 7 64 41 62 70 25 90 12 15 15 2 96 84 36 78 57 35 70 81 73 31 49 34 67 92 11 40 84 4 48 29 53 10 92 4 26 19 31 79 42 71 55 74 90 18 96 59 63 28 49 5 63 16 90 94 49 68 8 0 1 20 33 88 92 7 26 16 53 75 64 69 93 90 37 99 100 35 77 65 15 25 85 84 48 22 73 94 30 18 49 91 6 41 36 
39 5 12 77 80 76 91 3 91 5 35 27 88 48 35 82 9 17 23 42 28 63 88 40 36 62 33 43 48 92 69 35 75 89 82 29 30 3 53 86 13 69 69 42 46 87 41 16 94 81 10 98 0 100 18 55 49 17 26 49 24 72 70 70 99 6 71 7 93 40 63 0 42 46 45 87 50 12 5 49 69 51 46 11 76 67 85 8 53 42 38 28 99 79 80 51 29 36 76 87 25 73 4 52 62 45 26 99 95 17 93 27 31 96 75 52 21 20 40 92 51 92 11 87 91 26 27 64 44 4 65 98 53 31 66 18 1 29 55 6 2 8 46 82 25 64 94 94 77 56 32 84 7 49 83 92 73 67 39 96 21 17 85 0 61 27 11 99 47 11 15 54 58 24 71 2 8 4 85 54 19 54 33 21 18 1 83 37 76 89 62 75 84 37 15 27 66 72 84 36 42 100 88 41 58 55 47 67 59 28 88 42 22 97 4 44 72 26 16 87 45 80 20 82 60 75 36 38 17 30 69 8 20 83 14 59 1 83 27 51 60 61 19 21 59 80 25 46 34 1 57 10 60 38 22 74 79 54 67 94 13 75 54 3 40 21 28 78 47 83 13 92 50 13 50 32 61 61 100 94 29 86 10 14 63 58 53 4 15 72 29 9 47 40 64 44 86 33 31 36 33 47 42 81 33 5 83 21 80 90 96 93 12 14 59 49 56 25 73 56 34 94 67 68 53 82 31 22 6 82 26 22 60 30 38 26 89 67 5 91 64 61 22 48 82 34 98 21 47 61 84 68 2 7 42 44 83 75 44 84 81 14 74 79 44 11 53 93 0 45 15 40 88 46 56 83 22 17 12 32 58 94 79 68 45 7 21 78 15 9 36 54 17 1 16 12 67 0 72 4 
83 38 48 58 32 48 63 83 45 1 62 82 54 73 79 59 7 2 38 35 78 88 31 25 10 86 66 16 55 97 10 5 34 86 51 71 20 0 24 56 62 47 34 32 37 24 59 53 51 61 33 37 70 2 59 12 59 63 31 28 1 79 30 54 12 99 91 27 72 89 0 62 93 34 73 37 15 73 98 93 81 34 56 0 50 31 56 14 57 31 25 100 99 65 5 96 59 22 57 89 91 27 29 63 23 6 67 36 73 9 19 89 63 47 61 29 36 50 25 96 10 58 62 3 27 56 90 8 88 14 82 23 45 17 14 67 37 9 40 75 23 43 24 100 39 65 42 81 42 100 16 3 37 64 42 16 80 61 16 94 54 31 63 40 73 98 12 63 18 61 52 96 93 20 91 17 94 33 67 20 27 89 40 89 12 56 3 19 84 38 43 56 52 1 49 18 71 52 43 70 4 98 80 4 91 70 85 94 33 32 30 70 86 83 21 83 12 23 49 64 24 10 38 15 30 41 71 8 76 50 88 55 86 99 74 79 72 57 71 27 12 15 67 10 20 48 29 38 99 27 41 66 4 63 90 57 87 72 72 62 83 94 81 40 48 89 94 39 84 95 91 29 73 96 55 73 31 76 72 99 75 8 71 100 63 14 29 90 10 80 24 58 53 95 42 78 5 29 48 12 23 18 26 32 49 22 34 90 33 49 55 98 82 53 27 90 35 54 29 84 16 57 60 93 58 32 48 43 89 84 20 22 68 20 57 24 60 74 38 95 78 41 36 47 8 9 43 80 44 20 41 53 86 40 2 80 66 87 32 14 25 8 8 47 38 95 47 56 89 39 64 28 39 0 22 55 99 86 79 16 37 2 41 35 80 8 40 77 83 95 79 21 30 73 51 59 42 3 58 91 
26 3 76 40 4 52 19 8 40 70 22 16 56 30 50 13 96 78 48 29 42 58 64 81 79 39 53 50 55 6 12 35 28 2 97 16 66 63 69 4 61 69 39 16 69 21 34 60 29 29 62 88 97 57 79 74 56 30 9 95 55 25 21 94 67 25 15 10 48 41 97 17 86 48 52 93 66 88 45 65 29 12 88 52 84 54 14 72 1 36 46 60 69 20 52 85 83 39 20 4 63 93 87 84 57 88 40 20 86 75 49 47 36 73 66 54 91 25 74 24 68 94 2 23 69 38 65 9 5 44 69 30 24 1 50 81 28 58 52 96 20 25 97 27 38 73 32 54 36 46 41 46 19 42 49 2 17 28 41 76 57 44 60 49 15 41 93 36 97 66 77 46 22 13 5 35 47 50 68 86 7 72 61 95 0 6 48 12 6 73 98 65 89 92 33 73 57 20 70 89 75 10 78 34 89 41 63 36 49 27 0 53 35 93 0 59 44 23 78 57 79 40 38 20 4 18 87 14 74 56 0 15 3 81 45 8 34 54 17 98 14 30 92 61 6 77 91 30 9 46 82 58 56 96 10 47 20 62 63 89 29 12 36 29 74 53 88 82 65 17 52 32 25 48 2 9 75 80 32 72 28 97 88 59 90 50 93 53 95 65 12 36 19 70 96 31 41 0 55 91 88 53 48 95 45 83 98 60 83 80 19 57 54 47 33 39 95 62 67 12 83 21 52 24 96 7 56 64 77 16 81 57 67 82 29 68 42 32 33 95 32 74 35 7 21 62 100 39 91 75 57 98 27 75 39 54 63 4 40 49 78 14 54 67 100 48 99 10 95 37 97 11 46 55 48 86 9 97 6 18 18 78 96 83 92 75 8 78 52 67 42 100 19 98 39 81 9 26 71 12 
7 42 75 31 52 54 86 66 67 33 73 72 52 80 8 60 22 37 93 11 3 12 69 72 88 22 66 14 35 83 17 55 32 43 46 67 39 61 32 98 57 42 40 26 56 24 53 97 38 7 88 64 85 73 74 99 33 73 32 54 99 37 37 52 55 7 26 71 73 60 20 3 42 66 29 55 41 10 30 36 85 66 3 82 24 82 54 60 91 80 83 65 39 96 61 56 73 10 14 7 4 1 14 12 32 46 29 74 1 1 5 79 60 52 81 9 27 18 79 57 19 4 74 60 27 13 99 25 58 54 37 94 65 38 87 30 100 37 6 13 28 23 80 45 74 61 32 100 33 18 84 57 44 13 92 26 28 51 40 25 33 3 95 26 85 94 12 55 7 63 31 68 41 95 28 98 43 44 71 97 28 54 76 67 49 16 22 54 99 79 63 95 33 88 88 19 24 48 23 77 33 96 8 44 92 16 83 69 9 42 88 11 27 17 38 55 95 40 78 41 61 57 21 6 37 55 86 19 15 2 95 32 98 93 96 60 46 44 3 65 11 78 48 39 12 22 7 32 72 59 39 39 45 95 94 58 53 7 67 75 3 62 71 64 39 44 77 13 34 98 47 73 95 48 81 92 67 65 46 58 13 12 98 98 86 40 87 74 68 33 37 52 95 83 24 86 34 35 63 54 31 57 75 96 71 50 54 53 39 55 20 7 8 88 69 93 3 64 80 47 91 57 89 3 23 93 59 2 40 1 60 44 70 72 80 47 32 8 95 11 46 65 76 93 73 77 38 47 56 56 12 23 45 40 29 29 78 50 61 11 43 55 22 67 10 86 99 5 64 78 7 31 74 89 40 2 83 51 65 10 13 91 66 9 12 43 38 49 58 37 81 96 3 90 75 17 8 63 11 6 
67 74 89 31 14 25 14 84 98 6 76 93 74 59 95 42 81 16 26 69 26 44 33 18 86 32 9 10 7 56 58 57 51 52 18 90 11 92 99 43 90 38 19 8 3 69 48 6 60 67 19 53 44 73 15 40 92 53 19 53 61 32 47 51 21 36 27 3 59 63 66 74 31 85 88 87 22 13 65 1 20 11 38 87 8 24 18 0 39 10 70 87 67 17 51 13 45 7 9 53 67 79 58 73 85 0 88 44 75 23 16 23 69 56 33 99 46 45 44 90 13 12 88 76 23 7 35 68 62 5 81 45 53 37 48 64 20 81 15 46 99 25 2 70 44 78 42 37 13 44 56 52 13 24 75 49 31 72 18 37 68 29 34 26 13 99 78 15 22 82 67 65 74 61 62 0 42 90 36 35 23 53 82 5 2 53 55 80 78 27 90 54 34 88 52 76 42 30 40 80 8 80 45 95 88 30 38 18 47 54 49 51 9 65 64 92 33 43 64 37 13 61 98 50 26 99 78 61 25 71 80 29 95 84 76 31 68 61 21 54 29 58 39 55 67 64 33 56 92 93 50 57 75 65 79 92 28 53 83 7 62 40 14 34 31 88 52 45 40 42 49 74 26 75 19 80 78 63 65 6 48 67 57 26 47 12 88 86 73 38 80 10 6 71 15 33 67 37 92 14 27 11 54 68 78 84 63 95 8 15 26 68 97 37 79 81 50 96 38 72 20 75 72 45 49 17 12 61 51 21 11 77 35 59 89 53 63 32 60 56 5 10 79 63 79 50 86 60 98 20 32 8 12 32 90 7 84 51 50 45 4 24 83 27 44 18 73 42 23 18 26 50 82 44 46 27 90 51 16 85 14 97 11 5 25 48 86 59 83 92 100 12 34 34 68 79 93 21 22 83 
16 3 49 70 10 2 36 35 18 56 71 57 45 34 0 63 79 60 84 49 63 15 80 10 46 40 24 100 42 31 27 59 75 40 44 5 82 65 68 66 14 34 93 44 11 90 42 24 6 25 51 60 19 69 48 0 2 19 45 94 24 12 6 55 89 29 100 67 25 54 34 64 15 3 65 65 11 37 26 86 90 82 90 82 91 54 24 23 43 30 13 89 26 43 89 73 0 46 15 52 70 73 87 87 3 23 27 67 0 54 30 9 55 60 6 98 47 20 99 66 39 35 69 56 89 10 32 2 76 73 42 29 58 100 1 80 80 97 78 57 27 64 23 19 24 86 61 36 70 77 72 4 5 86 60 85 36 66 20 25 69 83 51 21 80 76 0 71 91 71 71 35 61 83 28 33 90 43 85 58 98 48 49 90 79 13 58 100 22 24 78 67 6 24 99 86 1 84 19 99 77 83 16 74 0 22 2 87 95 47 48 39 73 15 19 11 29 26 45 1 100 4 13 49 62 11 52 51 80 41 71 93 21 100 66 47 15 26 67 44 37 25 84 28 93 22 81 75 77 0 94 83 25 32 97 96 11 98 38 29 16 74 26 15 38 6 58 11 47 37 29 15 53 34 59 53 29 21 4 12 69 99 6 48 81 42 52 41 24 27 99 4 40 50 9 76 37 6 97 59 4 39 30 58 17 45 24 4 57 51 52 54 44 1 9 90 16 19 27 77 68 98 64 2 58 23 18 96 42 2 75 12 91 11 89 93 25 64 43 39 21 96 36 0 73 65 59 67 61 30 34 99 49 7 95 28 90 0 15 76 22 89 14 6 23 69 11 35 26 80 96 73 99 93 16 49 38 97 36 69 74 6 75 16 99 46 54 54 80 12 16 4 50 34 52 96 93 74 57 15 
94 3 42 53 33 73 83 23 68 97 8 98 59 68 15 90 24 75 46 33 22 91 24 0 76 85 3 97 71 63 32 28 22 23 90 91 64 97 100 64 49 13 98 48 50 65 83 27 54 60 37 6 88 3 62 90 0 75 94 70 83 73 56 83 89 100 58 61 67 27 73 30 61 6 70 31 58 2 48 43 99 68 8 81 51 65 31 59 0 6 64 4 83 13 45 54 75 98 15 49 64 45 94 22 58 79 87 76 88 59 99 25 96 92 49 100 92 22 80 3 39 9 20 43 7 25 38 32 9 83 31 35 30 80 82 0 74 29 63 12 65 81 90 21 78 57 40 9 54 37 94 45 35 93 67 11 81 55 38 98 56 36 5 67 52 92 14 72 35 25 60 42 0 28 44 32 56 99 5 24 89 22 64 90 14 65 7 55 72 66 18 24 57 90 82 22 91 99 52 51 71 48 9 32 41 97 81 18 34 86 33 29 77 83 77 66 31 76 39 28 74 89 81 17 30 53 12 69 92 29 55 25 36 12 55 96 92 83 97 23 34 85 89 61 61 5 73 99 6 43 56 17 91 21 18 8 45 100 66 7 5 17 56 78 99 32 82 56 62 16 97 25 59 62 21 13 24 69 4 71 89 53 54 10 60 100 99 45 33 40 47 41 14 58 79 46 74 51 56 54 59 12 17 79 23 80 20 85 32 30 33 47 24 89 85 36 32 71 9 15 51 12 59 86 100 30 8 27 66 63 87 44 71 4 79 68 78 100 42 66 16 50 34 25 26 60 13 60 51 68 38 26 92 50 59 64 62 34 70 40 1 1 80 49 18 38 74 16 74 7 20 69 76 54 89 52 50 54 86 32 46 70 98 33 38 63 66 39 48 14 90 51 1 47 31 17 43 88 100 77 
31 32 0 4 24 42 60 30 93 62 19 43 50 71 6 67 77 66 74 91 25 100 4 78 49 26 70 100 82 68 91 75 99 45 75 42 83 89 70 77 86 11 84 19 88 40 93 59 98 99 90 100 83 60 100 35 59 91 60 77 18 61 57 50 72 50 94 10 83 4 92 85 74 68 68 87 93 83 94 4 43 44 17 34 30 45 5 86 94 44 17 55 86 32 63 77 47 28 86 66 1 50 79 64 60 31 30 37 90 93 82 10 3 69 38 75 71 63 61 0 10 3 27 42 5 96 76 23 89 100 66 85 33 59 57 53 35 91 66 52 21 96 83 34 74 56 12 81 99 1 89 81 18 43 36 88 42 57 90 69 11 28 64 64 58 27 0 79 41 94 13 89 79 44 38 27 40 98 11 86 14 18 32 63 43 81 9 92 10 91 33 89 49 31 17 96 15 99 13 22 29 51 86 4 57 75 79 16 40 67 48 96 76 78 33 93 97 81 41 99 98 55 50 48 58 71 100 52 53 0 5 47 64 66 71 49 47 34 88 48 54 60 85 75 59 50 15 9 22 94 59 69 39 17 10 97 69 97 44 72 42 21 99 92 97 89 31 97 56 43 39 54 1 7 33 9 81 43 32 22 53 80 57 33 29 53 52 58 12 48 66 43 100 13 27 95 59 50 33 97 67 33 22 1 66 49 62 61 3 29 75 46 83 56 33 64 46 14 82 92 89 97 50 14 100 84 26 21 97 88 99 44 33 91 35 22 55 84 77 83 80 73 44 15 82 43 62 11 49 61 78 64 15 80 56 16 60 25 41 56 14 73 49 76 30 73 33 94 52 13 55 25 99 60 4 24 76 82 61 17 12 47 90 9 13 34 23 15 8 55 61 88 22 95 27 78 81 92 16 81 
87 41 20 90 54 5 66 27 61 47 36 7 88 46 20 69 88 79 19 25 39 80 84 35 100 83 46 58 15 15 98 90 52 59 15 65 76 90 90 92 37 95 4 17 1 2 30 11 45 62 80 93 67 8 78 67 56 35 29 70 6 99 32 96 41 33 84 41 13 35 74 37 76 0 56 29 93 14 72 62 10 85 95 43 80 90 68 20 3 53 80 89 85 89 6 16 57 37 53 17 38 23 30 11 76 52 6 57 95 96 88 49 95 64 72 57 21 9 18 100 71 83 71 91 81 35 100 15 62 23 60 93 6 39 7 27 50 84 0 75 1 14 64 93 63 20 73 20 78 94 71 62 80 40 61 52 43 74 8 16 20 15 88 29 49 10 34 27 99 14 31 60 18 18 4 34 50 82 3 14 64 77 44 70 56 45 95 25 31 46 97 68 100 39 39 33 17 39 52 32 9 80 65 0 32 5 32 51 69 73 34 34 67 22 84 48 28 48 46 52 82 24 29 29 95 56 38 78 72 82 60 42 18 61 50 80 42 23 98 44 20 84 44 43 74 59 10 33 24 36 76 51 7 92 50 66 93 75 70 11 9 57 49 21 3 71 4 38 29 65 8 17 16 1 82 45 67 47 37 35 13 2 95 94 12 72 79 37 71 18 84 12 36 59 76 48 5 50 25 66 40 18 31 19 51 96 33 91 91 51 42 65 18 7 98 100 80 31 93 70 1 25 64 98 69 9 81 49 68 12 49 5 2 94 25 18 90 1 92 49 74 14 5 17 34 3 5 89 89 41 35 65 14 81 88 97 29 66 0 40 32 96 37 90 60 63 28 4 71 77 30 19 30 64 72 75 47 71 29 6 79 40 98 42 69 59 11 64 91 25 78 77 98 96 93 68 16 86 13 58 
72 96 26 28 72 3 78 60 6 90 28 89 32 76 56 76 32 31 91 11 9 28 19 99 87 3 6 2 69 35 87 12 98 90 20 53 29 56 9 4 18 62 51 44 45 10 46 13 93 52 76 7 24 51 38 5 3 47 82 26 10 20 47 36 59 8 56 91 43 67 94 92 74 45 29 34 80 79 56 67 31 53 98 88 45 83 51 68 9 74 3 5 42 1 13 19 32 64 80 43 18 91 86 20 8 93 54 57 59 64 35 23 71 23 32 45 69 49 60 16 17 27 84 89 51 82 88 20 36 16 45 72 65 83 89 49 23 88 43 56 87 50 34 46 33 87 37 6 48 98 77 53 24 23 52 86 58 33 20 64 19 40 43 2 27 28 6 77 80 68 26 54 60 56 56 38 34 66 5 55 27 5 19 11 43 64 71 81 20 2 7 5 28 54 64 42 95 98 55 86 5 3 39 25 44 96 81 61 9 1 3 61 35 91 91 1 43 55 2 84 93 57 57 71 84 18 17 4 29 93 24 18 16 13 40 11 80 56 14 43 24 31 87 40 82 14 44 34 0 27 88 55 26 38 60 11 87 99 39 35 40 47 33 61 13 31 25 45 72 84 21 68 76 2 76 33 12 62 75 35 44 10 18 83 34 67 54 61 91 65 90 42 99 20 6 26 91 12 17 82 55 39 80 40 99 58 43 24 10 56 97 82 95 2 61 69 28 92 90 56 82 90 76 100 7 71 98 73 48 39 13 86 31 52 52 14 12 32 65 2 75 41 95 35 5 90 82 12 75 67 13 15 27 0 79 25 26 46 58 83 51 99 81 77 92 77 93 27 70 40 98 66 10 26 51 56 12 79 3 33 20 60 15 33 83 43 70 70 9 63 88 37 35 73 68 37 88 22 97 59 
37 61 61 53 26 46 9 3 94 58 7 7 28 46 42 1 44 51 45 96 17 59 51 20 31 54 58 99 57 46 97 0 64 93 64 95 63 65 10 9 82 5 26 33 98 3 38 54 57 42 45 63 33 70 69 76 20 12 4 91 45 52 15 26 100 19 7 35 25 85 22 82 77 97 62 89 95 76 82 3 9 30 17 16 41 46 51 17 40 27 1 70 79 5 31 62 83 29 79 39 93 84 24 24 28 76 20 41 47 2 42 51 78 41 80 41 42 67 57 89 72 93 100 87 87 31 48 9 60 80 47 63 66 50 9 30 78 94 63 4 73 75 31 16 32 37 96 97 75 1 100 21 28 4 41 20 57 80 62 7 36 43 77 74 48 92 77 100 33 3 17 74 1 9 48 77 28 68 6 33 46 11 15 17 13 30 16 17 70 84 62 90 14 87 18 27 48 18 24 2 90 95 94 30 20 67 32 88 97 59 19 53 8 22 55 93 42 19 93 62 71 92 100 59 26 95 18 7 89 11 0 77 72 22 29 86 37 37 46 0 69 27 66 53 84 88 47 30 52 15 75 1 31 89 69 18 28 40 92 9 98 24 34 15 51 90 57 75 50 52 45 10 43 56 55 97 45 70 31 32 70 58 43 83 18 27 25 75 15 50 36 68 42 2 0 73 23 89 13 54 51 15 98 100 78 71 36 68 86 17 49 85 89 98 2 13 89 40 13 18 0 78 57 100 34 49 27 2 34 68 99 26 56 63 36 55 47 80 66 29 92 11 92 31 37 91 67 30 26 86 74 37 58 55 50 70 57 39 39 70 79 17 26 54 31 58 31 55 52 93 2 10 1 67 81 90 98 68 82 71 76 62 86 23 84 63 54 99 35 84 6 3 52 57 30 0 32 65 25 34 
23 57 23 53 92 75 21 69 89 94 27 89 40 60 38 9 60 87 48 32 50 5 16 77 35 82 4 60 17 39 14 73 75 42 56 21 56 14 53 70 80 64 45 35 24 20 36 46 21 2 95 74 90 49 48 89 32 91 78 22 38 99 0 63 88 4 24 39 39 6 41 61 100 0 23 7 39 9 18 26 27 39 29 71 27 37 32 26 31 83 44 13 64 13 69 48 31 44 15 50 98 30 45 82 95 23 17 74 68 96 91 20 0 16 39 90 7 42 75 49 4 71 60 30 27 62 15 84 60 13 85 89 39 58 77 69 97 70 80 30 26 17 19 5 51 76 49 55 32 100 79 97 94 99 44 21 22 35 19 47 47 46 68 73 63 31 67 72 75 82 36 34 98 54 81 59 59 8 92 25 7 92 74 62 49 93 11 17 41 73 27 3 66 5 34 72 93 57 39 73 41 11 99 14 20 63 33 86 2 8 33 88 88 27 16 53 61 69 26 43 45 81 75 27 47 77 97 25 94 13 27 63 51 36 88 14 8 55 94 94 96 65 98 61 37 3 82 26 14 56 23 94 4 34 31 25 94 3 3 3 74 21 30 51 1 62 62 61 34 83 33 51 31 6 25 93 44 8 13 73 82 43 97 10 42 46 61 26 78 6 46 50 82 99 37 82 37 19 90 43 2 23 31 34 26 12 31 94 66 97 13 60 21 12 79 30 82 11 5 64 92 38 91 65 80 8 90 35 22 28 77 80 17 39 14 28 76 48 18 54 52 13 36 58 50 63 28 52 62 39 90 100 83 47 21 84 37 88 58 61 2 29 92 15 28 95 71 96 65 31 9 69 85 28 52 100 89 65 63 43 100 6 37 37 55 87 54 37 89 72 1 17 45 41 47 88 58 88 75 2 
25 89 82 88 19 22 28 65 9 97 70 72 23 41 73 74 16 21 23 26 44 2 95 95 38 10 94 6 74 76 62 94 31 79 18 62 31 6 25 43 97 20 97 95 16 50 66 89 53 29 18 79 99 25 77 83 60 2 12 74 55 17 6 6 28 20 80 43 96 57 57 54 34 37 19 83 67 68 94 19 24 35 20 51 2 95 21 36 68 74 5 12 17 46 96 28 66 55 29 70 83 39 93 88 69 11 27 26 23 47 89 66 25 82 98 50 36 93 77 15 45 38 92 66 8 33 24 51 77 27 3 4 14 63 98 42 32 87 81 32 65 100 32 92 87 98 68 62 2 54 57 51 8 53 70 61 64 6 4 83 38 3 23 85 15 69 100 100 39 3 37 52 39 63 39 52 62 13 97 63 63 65 81 99 3 10 80 31 85 0 86 93 89 69 90 26 55 26 30 44 56 81 89 35 41 59 69 97 4 93 63 95 49 27 90 37 57 94 15 94 78 84 60 80 11 51 94 24 85 18 67 20 0 74 39 60 3 93 43 87 21 5 79 20 41 29 8 75 18 24 15 4 92 87 52 19 89 90 16 96 22 63 84 73 19 55 7 9 84 69 39 26 64 47 28 31 11 6 0 0 39 62 56 8 78 71 66 21 61 59 38 18 61 90 65 60 12 50 12 8 58 91 41 84 21 32 33 31 87 39 84 65 3 28 48 38 69 94 95 76 55 90 56 65 20 64 11 29 2 51 74 28 14 34 31 83 55 51 44 2 69 96 37 9 51 93 14 46 53 13 84 86 98 59 65 37 54 25 8 34 4 61 87 88 2 89 18 15 28 23 81 3 34 29 87 63 56 34 88 87 64 65 19 78 93 61 31 12 47 90 37 7 18 22 5 16 53 9 54 90 
6 20 3 61 5 26 91 95 27 85 67 74 40 36 89 86 45 88 30 26 88 15 79 2 69 69 70 60 41 93 71 60 79 58 82 4 96 65 31 64 7 89 82 25 89 81 55 48 74 72 64 93 61 22 40 47 0 95 16 36 67 60 65 13 33 82 56 52 17 88 86 68 10 38 82 51 27 6 16 99 84 35 37 83 49 11 29 99 73 64 29 61 63 60 12 59 17 60 93 31 16 2 0 84 56 12 99 35 23 64 47 73 73 76 50 44 98 24 92 65 78 24 23 24 63 80 4 25 53 86 9 56 13 24 85 82 24 40 35 66 74 97 78 35 20 84 74 98 47 46 33 20 0 83 77 16 73 6 38 81 45 26 60 33 98 46 85 7 98 98 53 35 42 83 14 77 66 22 80 97 88 29 63 67 74 69 79 16 54 93 17 11 36 66 93 67 33 52 43 93 52 90 67 50 29 12 10 64 94 61 23 65 93 21 17 66 52 3 96 31 15 57 20 15 24 51 3 98 96 25 45 87 100 76 100 58 11 1 66 15 49 80 7 93 23 11 64 94 69 57 35 27 16 91 11 85 22 87 5 87 22 40 97 50 34 36 38 5 18 61 9 98 40 77 47 19 67 90 6 25 96 93 92 100 48 64 16 60 13 54 94 14 26 72 45 41 31 2 71 63 0 6 45 77 37 61 85 0 24 63 12 83 21 90 44 32 7 11 47 24 35 60 15 36 59 22 13 3 72 7 61 20 2 60 9 51 29 8 65 70 62 98 3 18 33 13 88 37 85 78 80 100 52 97 7 9 11 51 74 43 39 31 73 61 47 82 96 10 98 63 13 18 56 66 26 2 85 72 62 54 68 68 37 98 37 28 5 42 3 12 28 20 1 17 20 43 25 99 33 94 
75 13 49 29 89 12 46 84 66 9 31 100 64 59 54 82 45 1 72 93 59 41 2 90 8 91 12 5 62 10 66 87 30 60 12 0 62 59 17 99 54 40 18 99 1 15 38 89 89 95 64 38 31 33 31 58 83 44 67 83 8 33 85 100 70 96 50 67 99 60 69 6 89 57 100 50 29 61 52 3 36 79 34 65 13 14 62 47 66 89 18 14 41 85 35 78 46 2 59 13 32 12 8 81 65 23 82 57 78 67 80 89 61 6 6 87 11 88 36 83 87 51 25 68 45 51 98 83 85 96 51 32 23 37 22 22 5 100 58 43 83 9 79 24 27 34 36 81 95 88 84 19 30 64 1 99 33 93 13 68 48 87 58 31 0 4 77 12 87 3 40 67 76 48 75 14 95 7 68 8 99 68 32 39 74 38 94 82 39 75 50 60 66 27 14 77 96 85 56 62 42 83 88 48 43 41 24 2 54 83 56 88 79 22 10 22 51 73 94 74 6 81 15 54 84 77 52 24 59 92 19 29 35 77 12 94 33 91 20 62 68 96 56 21 51 83 83 62 75 47 86 80 23 64 8 9 51 85 11 66 99 61 28 42 73 82 94 18 29 24 55 20 41 78 18 19 8 42 11 92 11 90 9 28 88 2 14 13 42 54 52 97 28 52 87 55 32 0 49 33 34 22 14 41 50 67 51 79 57 52 20 25 66 42 13 10 25 91 19 96 90 3 92 15 69 46 8 60 89 86 48 67 94 83 85 72 6 3 92 77 41 70 74 14 82 33 99 90 29 70 11 16 90 73 72 83 19 74 39 37 37 62 90 20 73 14 6 48 80 69 69 14 53 67 9 7 95 53 97 98 23 52 5 56 17 16 87 71 83 77 19 91 55 12 26 18 50 79 18 10 
49 81 5 22 59 13 81 74 80 45 74 50 3 43 35 55 58 26 72 80 66 35 60 20 47 32 11 22 25 69 17 32 65 1 94 53 100 65 79 84 54 8 86 37 36 81 95 5 15 94 20 16 26 4 48 95 81 58 52 57 7 38 46 28 76 29 28 27 98 28 63 30 60 40 48 11 54 25 40 47 36 78 37 55 42 61 45 78 69 92 53 64 10 70 51 36 51 37 48 15 65 90 25 57 4 52 16 84 98 62 95 88 42 78 20 98 22 45 82 43 71 6 48 52 76 58 33 93 21 83 66 96 0 24 13 26 79 39 85 13 67 94 50 13 66 99 97 75 62 77 84 53 58 3 84 1 56 68 2 25 98 97 57 55 73 22 48 58 33 24 3 6 46 36 53 86 32 15 42 98 50 51 91 17 83 70 14 78 71 86 7 19 42 98 32 76 71 68 66 56 43 83 79 20 30 80 2 66 54 56 17 68 19 91 53 85 91 17 13 15 50 77 28 32 33 74 54 42 46 56 26 17 81 57 36 42 25 2 90 52 58 71 95 5 91 14 45 69 42 51 99 19 76 65 12 54 66 14 19 31 55 15 50 68 56 74 63 34 100 38 74 24 21 2 98 89 35 13 65 57 3 33 47 17 69 62 8 45 90 51 64 61 25 22 68 19 9 57 50 75 24 35 67 58 20 2 88 3 96 76 65 48 16 63 20 95 74 99 2 64 59 80 96 59 70 55 75 66 66 60 39 75 78 64 39 20 46 56 76 73 57 10 9 61 5 27 87 89 51 23 61 5 99 0 82 3 80 77 3 40 74 4 65 97 34 10 58 16 24 8 70 13 59 50 68 24 22 59 84 41 24 90 70 50 41 90 74 99 45 4 29 86 52 24 91 26 92 76 1 72 
86 41 18 90 92 46 64 91 30 10 86 79 99 71 42 56 46 55 59 69 30 14 76 42 87 56 72 94 46 22 80 55 67 42 65 100 56 16 37 93 67 29 2 95 57 52 81 31 75 86 23 52 3 46 22 12 53 56 87 64 25 15 9 11 87 54 10 87 19 34 26 65 53 8 53 4 66 32 52 18 0 42 42 71 97 95 0 30 83 60 81 51 77 31 80 34 32 87 15 77 5 41 78 29 73 94 43 11 58 78 96 40 23 17 47 7 36 63 58 84 23 7 7 1 37 34 12 21 90 38 45 23 30 100 1 75 97 44 99 70 68 22 16 63 10 32 65 31 21 23 70 25 66 61 1 38 57 72 21 85 81 87 38 47 13 100 99 67 94 18 59 71 84 7 95 71 13 83 34 58 73 93 46 100 82 69 9 75 100 74 24 37 83 66 23 48 46 2 63 43 68 52 91 34 32 95 44 0 26 65 24 45 3 14 91 60 63 20 46 56 86 57 14 2 31 6 58 21 88 32 49 28 44 68 19 95 32 70 93 78 73 25 28 30 96 25 79 12 93 34 15 8 85 21 57 96 53 98 49 36 23 40 48 7 100 40 60 20 26 19 90 73 55 32 3 81 69 49 89 65 51 28 41 52 23 22 65 48 58 5 20 4 95 14 23 43 42 88 29 69 73 2 13 87 48 86 85 62 90 76 96 65 92 31 7 44 47 15 85 35 26 39 15 56 78 33 37 43 42 54 93 42 36 94 72 24 32 71 44 63 80 83 68 26 98 17 65 92 66 10 37 29 78 100 96 33 86 91 71 29 4 21 41 41 3 1 90 53 92 72 42 9 1 29 70 27 61 42 49 10 57 100 82 26 75 37 56 37 83 20 63 61 59 14 83 74 76 29 90 23 
73 50 86 50 2 91 23 60 54 86 89 0 20 5 29 92 67 84 50 73 90 89 51 12 79 34 76 40 67 64 30 22 39 94 19 59 72 76 56 45 87 20 33 17 92 72 99 89 69 33 91 1 52 2 37 89 34 88 15 96 86 20 4 43 21 12 85 49 79 89 5 17 18 35 74 95 27 53 24 69 45 56 84 66 99 84 51 23 13 55 82 48 1 89 39 97 62 61 43 41 80 2 59 10 49 51 23 4 79 32 47 96 36 25 70 9 64 39 1 97 16 28 95 12 42 7 59 94 16 8 29 93 72 81 74 55 49 73 19 76 44 95 57 66 43 69 24 71 40 72 64 40 64 10 56 95 23 10 52 51 81 82 51 39 28 66 6 38 28 13 56 22 10 16 46 32 86 94 74 38 16 56 20 89 81 43 54 61 93 59 35 57 87 76 29 87 72 35 60 63 12 57 45 27 86 1 83 68 5 25 54 20 92 20 64 89 7 90 68 17 26 98 68 40 24 44 65 64 8 39 99 21 38 77 74 66 43 63 36 88 24 17 5 42 57 34 31 95 85 17 12 97 76 17 3 90 18 67 16 62 10 50 43 10 38 37 89 89 38 75 99 43 64 91 97 7 62 67 78 61 0 67 55 58 64 60 64 15 87 88 75 45 33 65 95 8 37 97 77 57 62 79 58 45 96 65 88 60 59 22 37 80 13 15 31 98 75 72 95 84 83 56 28 77 54 98 45 2 47 87 35 51 49 42 29 0 100 33 3 12 48 4 95 32 57 32 2 68 63 3 99 13 98 60 12 97 82 35 38 58 16 37 48 80 86 64 12 11 58 77 70 22 78 66 81 100 71 45 11 10 31 32 74 13 45 18 47 99 16 65 49 86 80 86 45 26 40 72 32 19 
86 52 40 60 5 86 60 8 27 78 22 56 22 38 14 94 59 49 27 9 41 50 41 7 100 88 57 89 36 30 49 80 84 99 11 27 83 98 100 78 48 64 61 68 80 2 8 1 75 100 54 36 14 16 65 54 82 63 32 50 14 24 27 46 76 46 16 56 60 59 72 53 39 27 20 81 80 55 37 43 5 100 48 14 91 99 17 71 70 71 29 58 9 22 29 1 52 24 70 26 39 65 48 27 39 93 17 47 66 82 51 93 63 90 22 33 83 55 88 74 76 31 23 95 35 52 31 85 66 21 99 87 1 17 17 78 59 66 70 91 54 57 22 45 53 13 0 12 58 36 75 70 85 41 70 65 93 40 99 35 62 18 36 42 100 70 66 19 13 84 67 65 85 3 86 48 58 25 70 1 82 21 51 4 85 0 51 20 81 97 26 28 79 35 6 37 96 82 3 89 83 54 50 37 0 8 6 40 90 54 38 19 31 16 93 14 73 42 33 81 0 30 81 78 94 57 13 24 68 66 51 74 63 41 44 95 68 53 34 28 86 44 2 0 90 64 11 77 46 42 22 86 77 10 76 51 39 63 77 73 42 94 19 40 44 4 6 63 26 3 58 15 44 23 67 77 37 37 95 13 45 7 34 62 92 85 18 18 43 54 13 30 91 57 56 16 72 62 11 31 28 27 12 5 1 31 32 35 5 32 1 77 65 2 43 21 99 85 83 54 8 40 46 3 79 55 31 28 12 24 73 97 43 26 70 30 35 78 81 31 57 92 83 65 42 20 65 75 47 77 90 11 10 25 78 18 38 36 45 90 38 17 13 10 33 23 3 8 9 45 11 23 47 22 81 62 91 93 86 41 53 42 50 78 58 40 27 78 48 81 15 42 58 38 82 57 49 31 90 85 
17 2 47 4 46 74 95 99 100 24 31 47 57 39 44 81 49 4 43 48 61 8 6 54 16 54 7 52 47 76 25 38 74 34 30 100 9 56 43 38 60 14 17 89 16 93 68 70 17 48 80 84 3 29 100 20 47 98 91 100 44 60 55 44 70 82 68 81 45 8 5 39 49 50 2 29 62 6 29 65 39 60 91 96 98 48 88 83 43 31 47 0 17 84 75 38 61 52 46 80 95 56 22 63 25 95 55 86 51 16 75 66 62 88 62 37 61 7 42 22 65 54 87 88 6 28 85 1 23 3 6 14 38 63 0 20 48 67 41 59 12 71 72 45 40 1 74 7 38 60 11 60 37 45 74 22 56 74 3 45 39 44 61 90 95 43 26 59 18 60 53 64 46 30 64 19 85 87 48 52 6 83 81 94 52 9 60 75 2 53 41 62 63 18 19 0 29 19 87 13 11 11 41 57 33 70 28 13 50 67 18 34 43 11 54 67 75 46 42 2 24 49 77 91 35 0 62 8 6 92 71 91 26 55 30 86 90 11 84 61 57 15 99 36 5 58 79 14 50 40 1 84 64 45 64 23 34 90 60 27 83 64 46 20 29 89 5 35 20 39 72 59 81 57 95 33 100 55 26 10 15 73 86 1 74 4 7 57 11 26 9 19 75 50 63 52 70 86 35 98 96 51 94 93 99 81 100 5 11 31 82 31 17 82 15 53 74 42 95 21 97 7 77 38 21 91 87 90 0 63 41 24 54 51 94 25 62 31 77 34 4 70 59 28 71 42 41 48 45 31 25 63 48 63 32 33 85 84 29 65 76 0 69 56 85 42 15 76 50 48 93 29 67 16 30 31 3 77 77 31 18 100 45 26 97 42 60 77 55 4 24 88 93 11 61 42 51 68 63 90 
44 21 47 10 85 76 59 15 19 85 54 37 3 83 65 11 93 17 16 80 74 8 41 91 53 54 46 91 31 75 30 65 41 29 100 47 14 18 67 22 3 52 26 25 58 51 78 100 48 95 23 95 94 94 14 28 0 40 53 89 99 90 84 12 2 18 62 50 33 26 7 75 2 37 92 70 66 73 3 88 25 80 87 90 6 21 63 74 53 49 36 74 52 13 73 75 100 5 21 61 16 39 67 25 66 58 58 40 89 91 38 13 29 68 33 2 0 67 97 27 78 87 59 4 57 2 29 48 61 83 76 97 97 70 14 97 83 81 52 73 20 99 84 66 56 1 80 55 10 91 86 28 77 52 32 75 89 44 77 0 67 52 76 17 37 93 32 20 90 74 10 55 43 26 81 21 62 36 71 5 44 0 4 85 6 28 45 44 62 4 47 61 2 92 29 54 77 33 43 91 53 81 13 37 70 41 78 38 42 72 70 40 26 45 58 37 60 61 17 46 20 66 14 56 82 70 78 12 79 66 14 84 97 97 79 5 6 79 4 87 100 84 69 3 72 62 11 61 9 32 73 46 3 68 28 13 39 34 47 87 12 11 88 90 97 37 97 63 16 57 25 47 51 53 18 85 87 4 32 43 17 76 13 78 74 56 52 60 71 42 67 95 43 30 46 46 85 66 75 64 61 6 43 10 97 52 87 59 65 38 2 19 21 0 86 59 78 99 43 26 65 34 70 38 64 44 84 61 95 98 25 40 7 40 40 31 82 89 76 8 42 40 87 54 53 7 37 44 71 84 63 10 64 46 53 38 12 67 25 75 5 2 18 59 92 39 53 76 69 64 97 42 7 49 14 16 19 95 53 33 2 76 6 10 20 84 59 70 0 71 20 63 0 35 15 97 41 92 53 29 
37 89 93 70 47 94 81 23 85 77 80 61 67 5 80 27 70 46 94 36 65 75 35 60 83 21 63 88 23 72 45 66 7 65 37 100 87 68 93 37 60 20 60 66 13 88 84 38 30 30 99 20 63 49 31 12 70 20 30 29 95 86 76 40 2 19 67 0 78 45 23 43 28 39 81 81 79 20 48 70 11 23 91 21 0 37 18 83 90 60 23 27 18 32 52 43 60 12 35 37 40 0 58 54 74 11 64 57 77 56 46 94 92 8 92 40 7 27 18 12 16 25 36 22 38 19 16 90 28 22 86 18 90 2 42 53 6 48 30 1 31 61 63 82 31 95 82 1 3 91 5 94 87 10 52 3 6 3 44 0 92 29 47 78 97 48 63 45 84 31 6 17 18 85 5 2 80 78 52 83 59 30 44 67 1 84 33 94 41 81 26 5 54 95 36 77 70 31 37 16 21 79 16 4 12 76 80 62 14 61 80 94 22 77 39 5 65 43 49 40 1 63 1 63 58 50 90 62 93 53 73 12 50 53 51 57 70 23 60 0 45 3 82 57 31 87 20 29 29 7 40 46 31 46 86 82 26 65 30 99 59 73 35 71 99 1 38 38 49 59 43 0 0 56 5 89 80 44 16 57 98 39 35 0 84 35 50 5 56 6 25 89 45 18 17 39 31 46 97 83 86 60 12 76 52 50 97 22 25 100 62 20 12 77 85 28 29 68 9 34 77 63 41 7 6 20 20 8 62 19 9 91 16 28 68 62 97 13 90 10 13 80 78 100 68 63 90 93 26 51 33 12 7 42 40 76 70 94 89 2 15 75 19 89 89 81 78 72 100 69 88 62 55 83 31 48 54 81 56 78 19 74 6 69 73 85 70 86 31 3 55 72 23 6 27 4 38 74 84 32 
6 72 44 43 64 72 52 86 78 0 92 71 2 7 71 39 95 33 43 61 63 22 95 10 85 21 85 68 54 82 74 59 69 66 52 21 70 78 97 18 21 14 44 34 14 20 99 14 94 51 9 82 70 29 89 97 13 74 24 30 22 3 71 62 12 97 11 7 54 92 27 81 56 31 42 81 84 92 44 88 15 84 37 25 87 64 0 91 63 23 100 86 24 63 82 74 59 94 80 66 36 3 68 65 21 3 94 59 69 78 7 61 59 60 68 59 56 85 82 100 75 92 65 13 100 2 0 47 4 34 20 60 77 7 53 73 17 89 61 46 12 15 96 72 42 98 79 12 91 7 53 70 97 57 80 57 35 95 11 36 21 38 28 65 33 28 57 24 51 93 75 91 82 98 35 73 60 0 23 16 35 57 94 55 79 48 81 77 17 52 48 21 57 30 85 96 94 28 24 78 55 0 72 66 57 47 22 13 60 18 22 100 32 2 18 4 81 79 54 36 38 75 42 69 91 40 33 71 30 78 72 98 1 1 8 31 76 3 47 94 0 63 62 86 27 78 80 7 98 37 93 69 58 85 78 44 26 27 67 38 11 28 10 25 43 42 8 33 24 93 50 67 79 68 3 84 53 2 81 38 91 67 13 16 39 92 38 88 24 43 13 63 22 46 67 77 63 0 9 47 86 65 49 41 30 29 98 97 43 27 91 34 93 60 54 66 22 66 20 86 91 42 42 15 22 52 58 78 7 89 8 52 3 59 80 87 70 26 10 78 15 48 42 99 47 76 37 13 19 80 12 99 9 0 98 98 71 3 3 74 39 81 35 30 4 99 28 94 98 91 37 88 1 56 87 36 59 100 19 25 85 75 93 3 87 98 20 27 26 45 14 75 85 90 9 3 17 81 86 28 
96 38 25 5 84 61 41 23 99 60 51 22 41 73 73 29 23 30 28 89 93 92 22 12 2 5 35 24 28 39 0 85 49 40 9 51 99 38 88 58 61 56 37 27 72 98 93 88 41 97 53 97 3 18 19 36 43 15 65 51 66 75 24 63 90 65 28 67 24 83 17 28 41 39 29 2 78 83 96 32 46 33 78 12 60 86 69 12 82 64 61 49 62 68 21 77 36 54 10 51 52 78 76 69 79 59 31 95 40 84 53 46 21 18 11 20 39 70 83 23 16 20 19 34 55 5 13 65 47 85 62 60 8 72 27 75 47 36 85 36 38 29 18 53 81 12 1 26 1 14 19 100 72 67 27 28 22 5 5 2 56 16 100 84 11 90 25 49 72 71 60 48 33 93 48 92 2 71 75 37 44 74 69 26 84 46 83 83 98 30 21 58 62 99 92 50 75 2 1 69 30 81 67 32 73 58 10 77 47 14 79 36 39 43 60 50 49 87 96 36 59 57 70 12 64 13 49 74 3 24 67 45 64 9 8 100 83 11 17 69 61 40 72 10 98 1 48 67 64 13 30 78 21 52 48 97 8 54 86 87 19 16 52 81 37 84 29 39 93 22 88 7 53 76 18 28 81 11 11 82 77 14 97 7 0 62 49 13 70 61 36 87 67 79 85 77 16 89 9 65 21 89 81 65 34 59 41 98 94 3 70 20 71 40 3 98 13 1 45 13 19 56 47 30 27 31 71 40 31 7 71 30 48 46 4 23 85 41 20 52 79 28 43 83 65 10 15 74 8 63 27 55 31 37 99 1 4 56 12 76 41 50 83 3 100 27 13 26 97 26 63 16 31 57 70 5 93 51 58 25 15 9 72 99 46 3 61 71 98 97 99 71 64 90 5 1 65 22 76 39 
36 27 82 42 13 20 62 90 13 78 85 77 52 63 0 24 83 85 5 6 62 2 96 90 61 53 75 49 23 16 43 40 92 27 80 70 60 15 5 30 24 64 34 32 2 28 31 92 34 30 91 80 5 42 55 30 57 72 44 2 30 75 79 36 45 94 5 65 55 71 57 1 39 21 59 41 92 41 33 18 40 27 41 30 11 22 57 71 8 80 50 31 20 27 66 23 36 14 91 28 87 18 92 7 19 94 98 53 91 49 29 100 37 25 28 68 9 83 63 24 29 72 90 0 29 37 41 14 55 57 93 6 39 55 73 11 51 81 51 77 98 38 0 75 53 21 78 29 96 42 26 76 19 5 100 96 15 39 31 86 83 66 73 66 93 88 81 10 22 34 0 90 1 5 79 33 53 0 6 59 74 44 36 66 88 41 82 51 90 38 10 21 60 44 31 86 24 31 57 25 97 43 0 93 38 68 93 63 27 85 67 43 20 60 17 70 4 33 1 63 41 85 57 47 8 97 88 26 59 34 41 44 21 52 61 17 0 24 93 78 26 48 28 30 92 46 93 80 84 99 25 15 27 85 53 32 51 90 80 7 39 94 6 45 46 99 47 77 93 92 30 1 8 77 26 0 40 40 80 25 58 2 28 44 81 2 79 83 39 0 1 0 18 29 25 19 28 49 73 32 73 74 61 38 35 89 21 55 24 13 60 50 99 77 18 60 40 39 98 34 56 81 81 49 15 69 31 15 65 6 33 97 91 52 50 1 42 48 34 75 98 67 84 85 99 98 51 26 0 76 63 65 25 36 85 37 58 36 48 36 95 28 62 81 82 98 23 88 42 93 98 27 30 99 21 91 70 98 60 67 15 100 23 58 84 90 37 40 40 46 88 39 8 34 15 28 16 14 7 42 
71 64 19 96 100 52 59 27 29 92 48 62 73 46 98 52 87 79 81 96 9 90 12 64 94 81 41 97 21 70 97 86 24 39 50 66 20 14 76 91 61 51 48 1 85 76 69 92 62 92 97 10 55 89 92 72 68 26 7 76 37 60 14 49 84 34 83 12 8 43 34 83 9 50 38 96 39 66 41 39 53 32 50 33 48 63 1 29 100 4 51 38 47 43 47 83 75 69 56 6 24 8 25 52 91 15 98 35 41 14 78 5 0 51 86 56 5 68 37 80 9 45 65 2 91 32 73 60 9 71 55 60 55 15 54 75 66 11 93 42 91 14 81 60 99 42 10 12 43 87 50 51 40 15 99 58 45 13 100 22 67 19 32 90 94 98 64 72 7 34 5 99 12 60 79 6 23 89 35 86 21 79 73 28 14 5 27 74 79 11 17 94 97 36 9 86 23 22 89 29 26 10 54 90 63 31 86 44 50 10 53 63 14 8 12 64 49 14 58 76 36 79 93 34 96 66 69 16 100 79 43 67 12 7 66 91 82 88 36 82 50 92 75 14 79 25 80 63 70 27 41 20 28 31 11 74 52 90 59 6 27 66 44 99 68 60 34 39 89 66 67 92 3 43 80 3 71 13 37 49 11 83 9 5 7 28 27 1 59 67 98 87 39 66 93 9 76 15 78 78 33 21 58 4 34 50 39 63 12 84 38 98 33 17 64 37 3 34 89 36 42 23 93 54 89 8 6 71 93 31 63 7 66 26 27 99 5 48 77 43 64 56 86 81 32 98 86 4 40 100 55 31 63 98 7 77 81 24 29 96 93 39 58 22 16 4 47 28 22 95 74 53 48 46 12 12 80 100 55 95 53 99 40 10 88 57 99 10 2 3 91 50 31 58 1 34 23 65 63 88 
21 10 51 92 89 67 76 73 33 61 44 5 99 43 34 29 28 39 22 9 46 54 69 69 58 75 61 7 95 84 39 27 0 35 98 27 31 79 80 94 91 43 76 17 40 32 95 4 91 55 5 77 69 92 70 72 45 54 55 34 82 2 3 35 93 93 84 57 19 87 100 74 82 80 6 76 42 49 31 63 55 40 80 22 69 86 18 36 9 4 70 22 40 54 83 82 80 71 6 2 62 1 81 59 24 8 31 54 99 23 39 96 64 10 25 16 75 87 68 14 28 85 94 15 64 71 80 30 68 46 19 64 91 87 46 45 34 85 0 90 63 2 80 7 67 70 14 55 3 49 54 35 64 13 85 22 6 27 71 16 89 100 38 89 25 6 87 49 28 22 61 43 2 77 55 100 8 75 15 30 78 68 40 48 73 73 8 88 83 78 71 100 34 96 2 20 25 56 99 55 45 40 74 90 100 6 42 98 46 78 34 63 90 34 0 35 3 38 99 15 13 61 70 45 16 20 48 89 8 19 78 78 94 99 16 36 55 68 29 18 33 32 35 66 54 23 79 62 28 97 98 55 94 12 78 100 20 21 17 36 95 42 90 57 30 20 85 63 21 48 32 71 99 83 6 38 29 88 18 26 19 96 100 37 50 88 37 52 28 97 17 60 79 55 57 64 13 21 66 67 92 1 83 58 79 71 65 20 84 10 61 20 23 97 13 81 80 23 20 73 44 9 90 67 85 56 56 69 88 97 89 90 72 38 86 38 45 19 75 8 79 48 12 17 5 32 65 22 80 83 56 99 31 94 47 19 99 88 95 95 58 65 84 61 11 74 70 8 80 66 83 73 16 100 60 2 66 11 3 68 90 77 15 14 14 27 80 42 63 99 59 41 79 97 42 16 93 25 8 57 
89 83 50 79 59 98 38 90 38 37 46 96 64 45 14 95 43 12 88 36 37 64 100 26 36 97 47 70 40 94 2 11 92 40 23 24 50 58 7 81 76 59 55 44 71 36 76 51 89 71 1 84 81 83 79 40 77 0 18 57 55 43 96 79 14 87 100 72 55 77 16 0 50 36 38 60 44 32 7 98 58 5 41 86 40 84 17 77 74 8 7 75 49 17 32 54 91 74 69 3 77 66 67 53 4 76 9 91 80 47 90 31 40 54 20 100 17 93 83 28 21 43 57 49 25 26 80 54 2 14 67 37 52 98 1 60 34 70 13 48 56 98 69 74 99 94 78 78 93 71 10 52 63 49 84 99 12 33 92 65 18 64 46 77 42 6 28 4 95 79 19 19 85 44 9 24 58 25 21 26 88 19 47 64 53 14 44 4 55 67 69 21 81 72 27 33 62 74 54 49 46 4 22 10 9 6 23 36 24 98 27 26 38 68 0 59 80 26 69 16 81 19 13 15 15 1 100 34 36 69 99 33 29 23 92 24 89 23 8 29 5 92 40 3 94 15 34 65 38 14 46 20 50 13 13 4 26 26 16 44 30 8 94 6 10 2 19 96 35 4 23 67 11 83 94 39 38 61 6 51 76 97 73 12 54 25 97 49 10 66 59 85 61 95 5 50 80 80 77 69 69 30 80 29 15 66 35 32 44 15 38 61 57 77 88 75 54 24 56 31 50 37 56 99 42 79 30 0 42 43 70 71 10 46 0 98 3 65 91 85 52 88 20 99 72 60 10 39 17 59 100 56 59 96 69 63 88 91 51 6 60 31 84 33 80 81 81 80 67 37 30 14 21 95 45 43 65 30 94 50 62 64 99 98 95 69 28 85 10 66 11 42 5 6 64 8 66 18 83 62 
