400 400
99 58 28 31 7 13 93 6 36 3 64 36 9 25 2 78 41 18 63 69 18 12 30 2 61 53 68 90 37 45 74 79 52 83 71 21 18 10 62 28 47 39 68 43 99 61 25 94 3 69 31 8 10 29 90 40 13 27 2 48 87 59 87 40 68 51 97 13 65 4 19 44 10 65 63 100 7 35 16 58 23 100 22 82 3 99 84 64 21 78 57 68 10 17 86 41 64 40 80 37 5 84 100 91 4 40 32 32 36 63 34 58 85 41 67 74 78 6 81 86 23 90 76 95 39 54 100 71 51 64 100 97 9 29 5 55 52 87 99 78 71 2 84 50 43 2 71 7 3 3 17 48 74 71 8 47 83 3 62 59 38 81 64 82 5 27 56 71 48 57 27 5 90 87 22 62 32 45 9 65 24 77 5 56 66 56 10 84 8 89 68 47 76 47 95 96 93 66 20 27 64 65 89 43 82 20 40 68 94 33 78 96 69 95 37 15 55 99 83 91 91 3 9 63 88 81 63 2 47 86 88 90 9 49 64 78 29 68 30 3 60 14 29 77 30 79 7 92 88 38 18 72 6 81 47 66 86 15 86 83 21 71 76 55 88 4 31 94 47 54 78 20 25 9 86 15 15 82 64 72 71 12 1 42 6 30 42 43 62 63 63 18 55 70 69 74 63 54 42 42 80 45 30 67 74 14 91 83 26 47 41 21 70 100 4 79 69 76 6 47 98 67 88 93 14 9 30 85 92 87 16 28 23 57 50 23 40 98 62 82 71 66 51 63 30 28 67 79 19 90 36 74 22 10 91 49 59 39 74 87 51 88 68 96 17 3 88 45 84 29 41 65 63 76 11 33 94 99 88 8 56 91 94 25 64 7 85 79 38 78 52 51 51 15 77 8 11 30 14 41 
11 40 30 55 2 65 65 5 45 56 12 62 5 59 35 93 72 99 89 32 94 26 89 58 80 80 92 9 30 27 95 2 24 78 17 92 3 28 20 29 6 50 39 83 26 18 35 96 24 21 22 2 26 33 56 31 6 99 28 98 96 30 36 100 18 88 83 33 85 77 48 45 49 20 72 54 18 28 29 64 87 26 63 13 0 18 78 56 89 81 45 71 46 54 31 29 27 66 8 18 56 91 2 79 62 61 37 82 76 80 39 100 2 23 3 99 91 38 14 33 79 92 36 44 97 5 51 48 96 59 67 41 26 84 61 98 17 25 16 56 24 30 41 55 9 58 99 89 15 47 31 10 2 55 49 13 41 98 8 32 45 50 96 12 14 12 75 100 77 98 14 18 86 80 38 43 100 57 22 45 78 73 17 8 68 62 90 3 16 98 56 25 92 5 40 96 1 88 5 38 4 8 75 30 7 87 49 42 18 2 57 87 92 74 16 76 49 40 21 38 0 73 80 39 4 51 21 55 41 41 13 51 88 35 44 95 2 55 92 20 48 93 20 95 68 69 12 84 79 40 89 89 59 9 34 99 40 24 87 47 24 74 61 90 41 53 53 73 8 5 52 34 89 3 24 100 41 72 40 18 23 70 11 98 4 89 44 25 38 25 68 8 92 58 22 69 36 70 90 70 7 20 100 76 12 11 58 89 72 49 62 56 47 18 76 57 20 54 86 39 50 29 77 75 84 96 75 74 38 14 100 94 93 87 7 68 5 49 80 57 29 39 93 57 83 56 36 66 70 9 95 20 23 59 54 78 19 95 31 55 72 23 73 83 84 92 40 13 25 82 33 94 16 55 41 4 42 41 14 58 68 54 51 41 75 93 65 23 59 78 20 98 89 44 12 38 18 28 5 19 
72 70 73 31 1 4 67 47 50 36 81 49 15 41 9 17 71 23 90 49 70 94 59 49 15 62 90 9 0 30 40 70 86 84 43 64 90 30 98 96 51 76 78 55 35 80 23 20 5 82 21 22 1 90 75 28 20 82 81 77 58 5 11 26 19 59 76 62 100 12 57 29 46 96 91 7 56 27 49 47 58 35 68 5 17 96 62 36 41 22 47 70 90 69 29 78 25 87 62 43 69 4 19 84 77 84 31 85 60 15 15 12 29 72 98 97 11 9 96 59 42 10 82 41 70 40 55 10 86 5 76 33 73 65 34 53 73 12 60 30 25 1 79 35 48 61 5 74 59 30 88 71 77 59 45 62 35 75 65 37 29 80 51 56 23 50 59 90 79 82 18 6 89 43 5 84 36 79 77 10 46 82 30 57 77 71 53 9 76 12 78 23 32 26 93 93 99 57 32 30 48 68 20 41 51 62 71 34 9 21 2 50 14 32 12 16 45 39 11 88 13 29 86 96 79 50 94 67 54 88 15 35 51 17 9 99 0 51 4 93 55 52 66 93 20 12 53 15 74 63 81 17 55 87 49 89 17 70 76 85 85 36 25 95 80 1 29 84 87 91 85 54 68 19 36 73 76 2 76 81 71 16 59 51 46 33 80 15 62 84 20 43 45 82 44 27 72 46 0 0 88 93 63 79 83 66 37 74 83 16 93 44 74 53 58 85 50 4 19 39 99 50 72 19 14 57 89 84 60 89 69 98 92 45 75 49 36 99 74 10 7 85 40 59 84 61 58 65 36 17 61 99 53 41 21 13 100 91 43 67 93 80 24 39 82 17 75 54 25 83 42 96 2 58 85 66 24 9 90 6 34 4 27 1 97 28 23 89 28 63 25 38 5 79 32 4 63 29 98 39 
46 48 63 94 33 38 26 90 6 20 91 68 53 81 87 58 65 24 26 79 4 50 24 95 90 89 50 83 2 72 40 57 50 42 43 63 8 29 76 72 36 70 87 42 20 59 9 0 84 63 66 15 61 48 69 15 57 23 31 66 26 54 17 96 48 51 59 67 83 72 78 92 70 63 63 69 67 85 54 79 33 21 7 8 51 94 58 99 75 64 74 55 74 97 49 52 46 28 3 25 70 81 8 61 25 54 71 58 55 10 14 56 41 32 4 48 5 60 37 96 59 43 98 64 97 26 95 26 8 6 6 7 31 52 4 10 99 90 50 90 95 26 17 51 87 52 64 77 69 90 82 94 85 9 100 57 61 5 74 81 1 6 34 92 48 84 87 57 62 72 21 50 54 17 72 38 68 6 7 6 83 91 74 34 38 76 62 17 36 23 13 52 83 12 88 68 74 24 45 33 15 4 26 91 96 41 68 69 68 46 12 56 61 12 63 67 29 70 55 6 78 22 64 74 89 35 21 31 98 61 36 32 49 32 18 67 4 61 88 43 82 94 31 65 27 31 38 15 55 27 17 48 71 55 73 36 21 63 76 41 10 67 79 39 20 81 80 46 66 48 70 19 13 35 27 56 61 4 54 55 16 84 95 4 4 73 3 48 58 4 98 48 0 49 54 23 8 10 75 22 74 9 83 48 87 89 95 83 4 79 0 69 54 39 91 49 91 60 83 56 76 64 50 44 29 24 36 1 13 83 49 90 77 72 27 42 44 38 82 48 17 57 33 96 95 13 100 22 52 67 38 41 98 40 88 10 94 99 63 68 47 94 52 26 60 47 9 67 98 57 56 32 62 53 78 7 100 1 19 97 70 37 21 50 78 25 9 76 92 52 55 68 47 71 81 20 90 4 8 46 
4 31 19 43 47 89 52 14 47 22 50 36 37 11 10 58 39 95 99 8 67 79 12 9 95 54 17 15 83 4 54 64 5 30 97 52 30 17 16 21 36 73 97 0 9 49 63 73 82 4 69 27 85 69 36 28 96 70 25 78 52 83 88 49 70 46 60 5 68 76 3 12 53 60 64 13 79 43 52 55 53 38 57 4 62 6 4 97 86 42 4 54 17 6 34 99 46 10 38 40 37 42 37 32 9 59 26 2 70 56 77 60 14 0 6 23 67 32 83 68 38 70 67 14 74 80 44 27 93 52 29 8 44 91 96 17 36 52 34 31 68 40 40 37 5 87 90 59 28 32 62 86 61 97 21 58 14 43 85 13 96 51 35 93 97 56 46 87 59 18 23 58 6 0 8 25 40 93 65 66 36 66 81 75 4 5 82 34 38 98 69 18 86 66 6 91 63 34 95 24 46 4 13 43 82 7 28 13 60 51 2 60 58 99 49 1 41 53 54 40 0 61 1 31 99 42 5 24 99 5 25 16 20 40 26 26 96 97 51 92 11 26 50 95 34 36 12 95 70 63 54 3 71 4 99 44 36 24 24 68 52 27 44 15 24 54 63 15 48 9 30 90 97 56 41 27 43 78 29 6 17 96 41 10 12 48 95 21 49 94 87 34 22 20 26 28 76 59 67 76 0 28 10 28 63 88 94 7 89 10 14 55 62 54 86 98 34 43 68 76 54 24 38 31 59 25 60 1 35 55 5 55 78 21 50 54 34 64 24 60 12 48 59 84 57 72 31 50 45 7 70 36 54 21 30 27 49 66 28 22 55 41 48 1 47 59 55 93 43 48 21 16 30 95 35 58 5 41 95 9 68 0 50 65 49 24 59 75 74 56 70 90 98 25 66 21 93 9 41 16 
73 1 63 15 8 30 37 11 58 58 68 51 100 98 98 50 76 99 70 69 67 52 42 38 5 73 29 75 93 13 27 22 79 14 53 52 64 51 62 77 2 15 10 43 73 80 36 67 85 98 12 3 33 96 92 61 32 36 14 76 64 84 75 49 11 31 71 16 56 2 94 63 22 74 11 22 99 49 51 15 64 16 99 60 72 72 61 16 53 99 98 88 7 72 49 41 22 27 69 41 76 87 98 22 97 0 19 4 11 44 87 10 67 68 52 7 48 43 64 64 51 71 46 37 7 64 62 43 22 7 37 55 83 99 28 95 85 7 92 0 84 9 6 9 30 75 0 54 54 15 94 80 79 82 99 87 53 74 96 67 21 67 60 80 82 26 1 61 35 27 38 9 68 13 66 26 78 5 24 61 71 9 92 13 45 93 59 47 71 74 26 60 99 74 74 86 50 94 51 87 74 94 86 49 33 64 60 95 50 67 43 14 37 89 7 45 55 5 81 86 35 78 53 91 72 50 34 50 40 9 65 67 63 4 12 15 72 11 76 40 39 80 52 97 0 6 82 8 6 23 69 81 49 61 52 33 75 45 52 76 2 62 13 87 26 71 58 5 90 88 45 30 21 98 64 96 88 40 86 7 1 98 7 3 5 64 29 58 19 10 26 57 33 96 41 1 20 20 99 63 67 1 40 41 30 50 82 43 35 78 49 93 70 67 49 63 45 2 64 40 33 35 60 56 70 69 57 55 63 84 41 45 34 82 29 0 96 50 5 18 45 71 38 74 51 50 10 4 14 33 37 53 7 5 31 97 57 72 16 63 7 53 82 96 69 50 13 72 49 60 2 79 48 78 26 68 75 63 10 96 90 29 85 59 63 83 20 23 100 11 90 95 2 30 48 32 12 64 92 87 
43 64 71 33 6 91 29 62 79 14 12 58 64 75 62 66 79 35 28 48 15 10 57 89 86 76 95 6 48 100 12 17 19 40 2 49 61 71 46 87 59 5 86 8 66 28 78 21 81 63 50 63 2 90 32 73 10 66 69 31 76 34 66 38 30 28 84 100 61 79 7 78 72 50 60 72 1 17 18 12 10 82 6 36 98 16 60 54 47 31 99 29 58 35 98 20 27 23 70 55 61 5 35 24 18 94 85 16 10 72 47 7 21 41 1 80 95 71 99 100 72 84 43 90 46 93 97 73 54 62 77 18 35 68 7 91 64 93 63 98 80 6 31 95 4 100 74 0 12 30 51 25 57 95 7 7 71 24 1 42 58 73 100 11 45 52 98 51 25 99 3 69 84 28 71 70 35 54 21 89 9 72 17 62 34 81 0 95 54 80 14 68 94 12 41 59 60 35 46 93 55 80 12 97 52 90 98 49 30 70 22 78 88 69 14 5 3 32 77 21 39 27 95 100 70 25 1 66 31 35 83 40 71 99 5 19 55 65 90 26 53 86 58 37 20 86 51 61 46 68 28 39 96 53 69 33 9 87 93 49 9 97 94 14 38 47 18 44 92 36 31 42 6 5 49 60 14 5 59 9 76 68 54 52 76 32 33 64 45 3 3 34 40 65 70 64 38 85 11 61 36 10 39 34 23 99 65 1 67 67 78 70 49 74 37 89 28 83 36 97 62 30 99 18 79 42 99 75 0 22 55 15 20 29 0 36 59 55 1 89 30 97 81 9 6 88 33 71 56 6 27 10 0 19 82 0 52 82 13 25 37 82 95 4 88 30 76 42 31 19 49 56 25 53 67 78 58 89 94 25 91 7 86 16 92 9 8 31 25 2 55 46 8 61 74 46 65 98 83 91 
43 97 29 53 64 0 92 71 4 17 69 37 20 16 28 97 42 84 65 80 51 74 80 51 91 55 80 4 57 46 100 90 34 34 16 44 23 55 67 42 7 94 79 23 59 25 33 89 29 95 84 83 59 100 10 45 21 10 71 14 46 53 96 16 44 80 3 18 13 20 3 26 90 35 62 72 29 17 14 63 55 48 24 20 58 52 26 100 54 55 27 61 52 77 95 4 93 43 84 51 54 76 6 32 56 44 18 11 0 70 77 99 45 54 78 85 24 44 68 18 44 47 75 87 5 58 82 49 49 95 33 70 67 18 4 5 82 39 4 25 49 50 16 74 58 50 88 79 40 33 97 88 12 30 37 48 42 96 83 28 86 84 99 17 34 55 43 97 48 89 52 42 57 16 46 21 14 99 81 41 99 34 47 13 4 82 42 65 46 72 69 68 57 18 32 76 8 48 65 54 82 78 43 25 9 11 52 20 83 81 43 78 35 4 92 67 99 41 29 3 33 63 76 66 66 35 73 29 86 45 39 2 86 95 69 57 26 54 44 43 5 12 0 53 63 75 40 99 23 72 32 39 46 84 76 71 52 44 57 61 0 46 75 21 88 82 81 54 94 32 15 35 7 40 98 78 71 21 20 100 7 47 13 92 21 5 1 52 87 79 60 58 38 66 12 88 31 99 87 14 52 25 13 32 97 14 46 53 51 14 81 64 96 88 94 54 37 1 13 73 43 9 27 50 13 91 71 55 98 48 8 35 29 61 32 51 6 71 81 7 61 14 54 6 44 66 81 50 65 69 47 19 28 55 15 77 47 7 40 92 29 61 75 10 7 2 23 18 85 50 77 79 98 1 78 56 44 22 35 51 89 59 43 52 36 39 90 91 72 71 25 57 29 15 6 19 24 5 43 100 
86 2 71 64 55 14 87 15 87 89 96 64 24 44 27 38 38 56 39 15 17 13 51 62 5 17 62 67 94 73 73 74 46 77 74 1 38 73 70 69 96 38 60 25 64 58 68 47 100 3 84 88 18 43 30 91 8 33 50 29 82 35 61 79 17 92 7 66 90 98 62 3 25 27 31 88 19 85 77 84 6 35 44 92 16 8 9 11 66 12 93 72 18 22 62 33 29 60 16 50 46 31 93 27 55 35 47 12 17 9 49 66 80 72 30 41 25 35 41 39 96 79 76 79 12 44 64 15 94 27 76 63 10 55 69 56 92 31 28 6 21 29 100 96 36 28 16 79 96 4 0 12 43 54 35 65 23 58 52 48 9 48 3 77 47 7 58 24 18 45 83 66 46 84 53 55 33 61 61 39 17 45 16 26 10 39 74 95 76 81 18 23 27 98 18 50 34 98 35 7 85 70 66 78 90 21 22 7 41 44 4 63 88 61 83 42 79 20 26 72 59 32 26 77 19 42 10 97 39 62 31 43 90 41 66 25 20 63 83 83 84 69 58 30 38 96 39 93 92 69 25 53 48 39 58 66 37 75 63 94 65 28 61 77 2 43 24 46 97 7 18 97 12 55 45 36 95 14 86 77 32 99 50 90 52 87 7 32 92 18 93 77 34 2 56 30 78 58 72 49 84 82 2 60 39 46 5 10 67 76 62 70 4 24 0 1 55 10 81 49 67 96 2 25 38 41 99 65 51 6 19 96 36 10 10 56 71 57 3 69 60 67 78 66 68 2 17 67 43 88 67 72 39 90 12 19 29 91 53 19 12 80 31 16 68 69 53 47 89 45 33 49 50 88 55 12 24 74 5 13 7 93 44 70 87 87 20 89 39 73 15 5 52 45 29 27 58 79 83 97 
48 2 98 36 17 32 76 82 81 63 73 92 78 58 8 76 35 99 29 8 49 52 29 82 32 86 27 53 85 19 90 66 81 40 60 92 99 32 39 62 81 32 55 8 3 6 13 79 72 81 100 97 21 55 6 27 19 67 13 22 91 76 29 16 88 34 61 96 87 45 82 8 39 27 65 55 45 56 69 54 49 84 45 29 83 67 11 96 31 90 67 6 69 71 37 19 17 70 100 32 45 21 4 25 90 80 38 64 60 72 1 47 19 10 69 57 35 34 79 49 56 11 55 89 96 66 75 86 97 90 38 46 90 77 37 34 57 50 33 43 3 42 58 69 9 81 49 77 76 83 40 15 41 100 23 82 48 26 36 75 31 52 25 56 81 78 60 16 95 10 1 24 87 99 88 64 35 69 33 80 16 64 82 51 47 80 23 28 56 43 23 39 29 1 36 28 95 71 58 4 76 89 4 46 63 72 30 72 55 77 83 35 25 16 0 62 88 61 0 67 55 53 66 86 38 66 12 86 51 69 45 83 27 54 3 28 58 91 26 92 61 0 8 97 99 19 63 70 59 67 64 20 13 31 57 70 23 55 69 80 18 39 19 38 25 74 45 84 45 52 33 12 5 72 21 24 81 41 88 92 2 18 53 85 50 28 45 96 54 75 57 87 55 86 54 32 30 76 83 70 56 81 30 23 26 6 47 20 18 21 43 14 69 88 58 33 90 57 38 7 98 25 41 51 94 9 4 40 72 88 87 54 41 18 48 95 49 96 43 88 76 75 55 38 62 62 37 38 64 70 88 73 63 84 4 73 95 4 47 80 4 10 46 73 91 50 49 68 74 89 14 24 62 18 10 19 39 73 15 39 30 55 51 50 18 27 70 65 24 38 44 54 95 99 48 74 43 9 33 13 
13 61 90 38 72 94 91 95 51 54 60 20 11 75 69 91 26 8 83 44 94 70 1 86 100 43 28 82 67 27 30 20 89 20 78 62 12 94 68 32 33 83 52 9 56 60 42 7 36 70 54 1 92 83 30 97 32 32 49 21 84 45 54 82 75 61 88 41 28 8 18 24 67 74 20 38 75 4 55 43 40 83 32 28 88 58 1 3 81 89 26 99 71 67 58 23 82 34 1 32 32 36 11 39 73 51 92 67 53 91 27 84 2 12 18 58 87 14 42 79 38 9 44 67 53 25 3 94 79 15 60 68 14 67 55 7 33 37 65 52 90 72 90 3 72 9 23 26 36 5 16 67 24 94 99 52 50 88 23 5 96 74 22 25 82 68 66 62 3 70 100 97 70 97 5 88 13 20 3 51 59 9 77 95 42 31 16 43 64 78 3 51 2 50 15 63 28 50 4 13 64 94 16 75 20 51 98 44 94 69 32 80 81 83 44 46 96 16 49 74 9 77 14 8 38 68 45 42 81 56 14 52 35 40 10 9 80 98 54 60 80 2 100 74 58 39 43 95 61 73 91 40 19 93 69 56 75 27 91 94 91 42 3 10 0 0 82 76 48 74 90 99 36 92 58 53 65 27 82 97 3 27 11 20 77 79 3 73 50 77 50 75 11 26 31 54 9 82 87 30 70 33 10 61 57 19 16 30 37 42 39 77 62 58 89 72 13 4 90 6 32 19 10 95 74 14 99 51 58 17 81 50 99 73 96 60 95 5 81 3 92 39 91 2 61 89 65 79 93 30 18 79 29 14 6 87 62 67 15 0 24 57 92 22 82 54 70 28 84 3 5 72 90 42 40 91 34 42 96 24 77 16 96 42 44 83 79 94 29 20 92 30 14 54 10 8 39 80 66 67 
15 51 2 40 42 80 90 11 84 28 0 63 70 55 78 64 19 87 45 80 55 93 52 18 84 78 85 47 4 12 93 53 21 44 20 35 97 5 17 62 76 51 8 76 10 19 30 22 47 25 26 13 94 16 81 34 64 72 56 62 3 41 30 83 91 65 69 67 32 12 66 13 73 82 93 24 70 47 7 58 56 85 21 97 61 87 30 93 5 79 48 60 78 44 15 83 89 16 49 32 35 90 66 86 80 67 23 46 12 45 80 43 49 36 97 0 64 3 57 50 27 68 96 87 82 62 31 8 57 99 25 91 92 72 16 76 11 24 82 86 36 70 75 36 0 56 36 56 21 64 44 53 22 84 12 62 59 63 74 40 25 5 78 76 69 52 26 50 82 32 88 70 59 69 9 45 25 80 95 15 59 18 0 46 35 7 86 67 41 85 5 0 24 73 99 7 42 98 23 46 44 95 59 45 67 5 83 31 96 34 55 35 54 28 48 21 78 22 86 13 100 9 57 2 80 77 93 100 26 57 71 74 7 55 1 63 93 91 54 78 9 66 14 0 71 39 93 28 49 61 40 87 26 100 39 37 29 73 55 59 7 20 65 64 40 21 27 81 40 7 63 15 73 86 92 93 89 44 14 76 31 0 100 22 74 20 42 88 18 7 94 82 77 43 18 81 76 77 73 41 8 98 33 71 80 76 97 50 51 71 47 11 92 72 77 81 45 20 29 40 43 47 59 55 17 47 16 83 47 32 58 63 17 47 49 43 75 26 2 1 64 79 76 95 1 2 13 73 14 66 91 78 20 46 55 15 6 68 55 75 13 84 81 94 65 88 94 46 72 0 33 71 15 100 26 39 72 64 27 61 23 31 32 18 5 7 38 55 12 70 60 9 0 20 80 69 83 0 45 98 
4 49 56 49 34 20 14 28 51 90 34 76 54 43 25 40 59 41 37 16 14 36 41 16 57 90 56 12 42 47 57 50 43 62 59 89 66 14 3 61 88 12 75 55 9 80 51 22 16 21 39 5 60 24 24 90 63 100 77 14 90 66 75 88 100 100 45 23 95 46 44 58 57 98 88 63 50 30 77 33 19 51 29 67 44 95 48 18 43 68 33 36 3 0 91 35 60 52 35 79 82 80 29 35 5 23 71 41 84 35 24 12 53 8 100 26 16 22 89 64 94 60 73 16 0 6 40 15 90 57 11 31 43 45 19 91 44 34 38 93 83 30 32 56 58 92 18 1 6 69 0 67 92 73 27 93 76 87 2 21 100 30 43 30 88 69 54 0 84 64 13 34 76 71 99 87 33 88 82 32 90 94 48 68 66 5 22 8 59 78 55 42 96 39 2 38 72 82 2 73 48 14 22 43 44 9 13 12 6 38 64 12 93 46 53 29 96 85 83 70 95 36 74 70 33 32 36 77 79 91 82 75 60 44 17 86 82 64 56 49 83 77 7 78 76 29 62 23 25 78 21 46 92 79 26 50 64 44 2 28 26 5 11 16 100 84 25 93 36 43 88 6 73 23 20 26 31 1 42 0 73 69 0 7 76 65 96 77 39 98 25 72 16 62 2 90 51 7 37 100 65 12 44 12 63 27 92 3 98 57 88 25 68 29 68 18 18 4 85 48 46 60 90 59 74 88 10 86 50 32 41 47 69 42 37 48 13 82 99 41 62 5 38 86 55 34 82 100 69 69 85 58 61 37 21 32 91 70 21 42 87 52 50 94 28 8 46 85 38 3 14 54 44 61 16 41 61 50 47 39 28 16 62 91 91 7 89 70 20 83 61 69 11 60 74 77 26 35 23 87 
22 72 91 45 66 57 100 75 31 94 38 78 31 74 98 58 76 85 70 2 93 24 100 33 11 42 72 25 70 51 95 41 21 78 22 93 18 72 72 19 51 85 53 68 10 17 81 43 91 19 22 51 27 35 83 39 63 83 81 31 51 43 73 50 17 56 36 42 83 99 74 8 1 30 79 31 67 55 49 98 41 62 46 61 51 51 55 95 92 5 95 3 65 75 64 53 27 31 20 59 94 38 58 51 99 37 4 40 36 19 50 3 34 40 88 40 33 37 56 74 35 79 81 19 73 32 97 54 29 34 5 45 85 55 83 77 99 23 64 64 19 6 18 38 84 72 33 85 51 21 8 79 96 48 69 6 75 22 22 89 21 28 4 65 6 76 49 52 39 0 59 81 50 61 90 5 60 21 60 30 39 13 2 79 69 42 15 35 54 63 14 10 17 63 77 15 11 38 99 39 89 93 56 87 85 50 47 46 51 49 61 30 0 73 93 33 1 69 13 94 41 37 90 32 73 80 30 20 38 82 2 68 92 13 9 58 48 25 24 29 41 69 37 61 54 55 50 11 74 11 3 83 2 98 51 11 30 0 86 50 74 71 88 88 15 68 14 5 79 27 43 80 93 2 59 30 80 33 26 58 16 80 10 63 40 75 10 17 100 97 3 1 21 58 31 77 89 13 20 22 39 17 0 18 27 95 51 1 63 51 14 49 74 22 63 23 46 83 90 34 9 5 9 69 19 80 89 52 88 85 89 33 17 35 86 98 35 98 14 19 47 29 52 65 74 89 29 58 90 31 76 83 60 57 54 90 30 67 98 28 78 15 64 68 31 100 12 62 82 9 94 27 56 95 75 100 40 96 86 59 85 86 41 36 98 26 8 7 50 64 7 75 68 83 84 40 69 68 87 40 
48 93 8 72 73 9 80 41 72 47 50 75 84 90 51 52 30 17 21 34 97 81 65 58 43 75 1 73 84 34 18 86 48 60 50 46 42 51 87 96 13 82 53 82 96 19 27 78 99 90 92 18 38 64 89 56 46 89 54 86 44 3 75 69 5 26 15 72 73 23 62 34 12 94 7 41 64 6 54 87 54 37 61 85 32 34 11 66 47 30 76 94 80 70 79 95 5 30 87 44 16 64 48 1 85 91 13 62 46 3 17 17 54 91 97 38 95 1 76 46 84 25 37 23 16 84 57 20 3 22 84 22 71 39 69 70 26 83 63 10 73 5 63 89 31 77 60 45 90 6 28 70 54 11 72 1 13 94 80 22 18 29 62 17 71 39 61 88 16 100 66 77 3 46 16 81 14 56 65 27 11 5 98 18 93 76 57 47 4 12 100 63 99 39 93 79 31 50 25 52 4 53 24 68 76 10 75 15 49 68 3 39 7 79 89 16 25 81 68 68 60 4 34 78 60 45 16 47 65 93 21 78 2 57 4 100 32 15 47 54 15 40 75 1 15 12 2 48 94 10 50 79 44 68 10 3 49 90 55 58 45 16 31 90 72 47 0 10 41 95 29 79 87 74 5 86 100 9 14 11 7 36 10 78 72 22 3 79 54 7 81 44 41 92 3 7 100 30 1 92 29 58 44 71 47 3 97 50 19 78 95 73 58 15 73 93 8 93 19 36 0 80 82 40 39 74 0 0 47 47 68 97 48 59 62 87 0 25 39 38 76 14 79 56 66 71 51 78 4 99 13 40 46 88 33 0 26 50 0 4 71 57 66 64 35 6 41 64 57 40 45 65 47 66 48 10 1 36 49 56 47 15 30 19 87 39 54 4 3 79 95 37 50 9 9 25 9 9 25 72 
8 39 15 28 79 35 39 34 88 25 74 39 75 85 45 81 20 12 46 91 29 18 53 46 21 69 55 1 50 27 85 27 74 48 54 92 60 78 87 63 22 12 5 24 13 1 20 20 73 24 70 13 63 6 96 36 82 60 46 46 41 21 53 81 40 99 67 47 16 2 87 96 75 13 20 51 37 59 34 91 12 2 28 91 82 57 82 71 32 61 44 66 11 81 17 50 62 7 53 41 87 36 99 16 54 56 50 90 95 50 60 30 9 66 44 76 51 60 57 51 92 30 54 68 44 41 65 88 1 4 47 17 97 67 38 81 38 91 21 91 31 30 87 67 87 33 36 36 31 71 50 26 6 70 50 57 59 75 100 38 53 97 99 93 80 30 26 2 91 19 86 14 97 54 24 70 16 79 66 47 42 84 0 99 78 78 98 37 16 55 59 5 35 17 91 79 30 53 97 44 13 23 69 53 20 47 70 98 76 37 3 47 32 88 62 30 91 57 27 46 85 87 61 53 16 83 32 34 40 24 16 88 95 84 19 32 33 88 3 79 53 43 79 21 28 77 66 98 14 95 56 22 74 0 75 99 71 44 40 16 73 69 20 35 50 35 12 90 55 97 3 2 71 46 54 96 32 92 11 1 31 100 30 8 15 1 36 99 92 20 43 7 30 3 95 68 4 87 100 6 29 49 59 53 75 26 79 92 24 31 99 94 94 87 33 63 10 86 89 0 89 88 36 72 70 5 9 100 31 100 13 34 73 97 0 5 31 89 5 35 93 83 95 28 43 5 89 55 95 16 14 26 47 57 13 33 76 92 20 32 50 92 85 86 55 2 9 72 46 49 91 43 38 22 83 10 37 53 69 79 25 77 14 35 90 79 92 23 91 97 31 60 53 98 28 75 56 38 87 61 
28 18 75 23 33 57 0 59 81 36 39 65 77 52 85 33 70 32 5 22 60 97 78 67 84 38 42 4 62 19 42 39 29 20 72 41 16 45 95 78 64 78 21 72 98 30 14 18 87 41 31 56 31 80 68 85 69 55 51 5 31 8 11 98 87 47 22 52 77 51 31 9 74 58 13 39 63 84 88 25 86 64 13 76 50 66 42 78 98 9 27 82 81 93 78 70 38 37 0 60 47 3 15 69 90 31 56 65 4 27 94 46 76 46 23 2 29 80 33 82 13 12 32 86 40 34 40 14 26 29 24 61 85 15 64 14 23 87 83 44 68 6 44 22 83 34 38 52 8 25 35 78 3 53 23 0 96 77 27 0 81 81 48 30 40 82 53 4 79 31 50 59 69 19 49 66 3 90 56 15 82 66 17 1 73 24 28 44 42 53 52 29 54 42 88 60 6 61 18 10 98 82 6 46 61 95 0 43 97 51 90 39 1 2 41 51 45 34 32 92 71 67 20 82 0 94 7 97 44 20 6 34 47 2 40 0 85 38 36 58 37 98 11 14 13 41 86 52 42 64 97 26 37 100 35 9 14 37 89 26 88 39 43 66 14 95 95 18 92 65 80 82 47 32 12 5 78 72 71 34 19 76 52 58 91 77 40 60 81 63 73 42 56 71 2 20 17 56 44 93 44 95 75 60 28 12 14 57 18 63 77 56 29 5 100 67 92 52 5 82 32 91 34 97 29 22 12 36 27 10 36 70 69 95 8 65 7 98 85 53 21 59 58 39 99 77 74 48 25 84 41 0 41 27 70 64 10 93 13 66 44 2 66 43 57 62 44 20 47 72 92 63 99 31 16 79 93 6 0 49 1 93 42 24 70 37 44 12 24 93 53 71 66 80 73 67 83 11 70 6 
33 75 35 11 20 83 46 0 36 27 23 58 97 90 32 77 95 33 13 32 54 11 31 33 12 97 75 58 96 33 37 46 92 4 34 43 7 53 16 53 93 38 68 71 15 42 72 30 4 38 54 57 11 32 48 49 11 48 42 99 82 70 5 97 30 60 59 55 6 34 76 30 93 56 62 59 87 94 44 22 99 58 16 50 13 66 56 75 67 43 84 88 60 54 70 9 94 77 13 81 68 84 21 48 80 95 58 65 83 4 10 26 2 99 86 52 7 96 47 66 76 21 24 52 0 73 17 69 64 35 83 21 80 69 40 44 59 21 88 7 10 3 37 60 2 85 17 90 89 90 100 95 99 92 93 30 93 32 14 16 75 95 5 80 24 2 76 56 14 66 54 79 32 97 91 65 92 83 36 66 79 80 51 45 35 74 77 9 8 82 41 55 21 73 86 91 42 57 64 2 47 81 47 94 100 25 40 51 23 34 97 73 27 80 39 29 28 30 15 85 78 3 10 70 46 63 77 73 17 51 56 37 31 57 38 93 72 75 100 76 17 41 20 56 98 76 72 48 6 25 56 59 64 25 88 9 31 89 81 2 33 72 39 23 76 26 100 57 47 46 60 89 81 41 83 13 52 78 100 27 65 28 73 23 60 28 18 65 37 3 29 85 76 88 18 93 90 51 79 6 41 32 98 77 63 5 96 68 89 60 22 48 54 61 2 62 50 15 21 27 13 16 90 67 33 69 25 51 33 41 57 25 20 11 96 54 14 72 49 23 89 29 0 5 30 75 89 61 38 35 73 69 83 70 83 31 7 79 20 41 100 44 58 44 80 29 3 5 18 37 79 85 56 57 90 21 87 63 23 3 63 62 11 9 16 17 30 88 92 7 3 13 28 47 55 45 61 12 7 63 
25 65 66 79 7 74 62 93 52 93 73 52 94 91 95 86 41 36 74 95 24 65 68 12 64 83 38 62 55 8 6 32 46 93 37 89 61 5 96 23 19 8 25 73 6 62 77 77 72 17 70 22 25 82 0 75 44 30 74 25 73 32 73 8 98 9 78 33 60 12 99 48 88 83 100 28 37 2 45 8 7 28 57 91 20 3 94 31 68 16 87 55 50 83 20 37 27 97 73 38 10 29 14 8 73 22 36 35 93 32 5 100 25 80 66 76 58 99 100 62 51 91 11 40 5 86 96 88 33 65 67 39 3 8 63 53 48 7 95 14 52 95 35 37 29 41 43 32 90 24 95 25 5 89 97 77 27 67 35 17 8 48 31 94 85 65 44 41 64 43 55 75 6 59 39 42 22 74 86 53 64 83 74 36 4 67 46 56 57 93 29 86 96 1 1 76 99 14 40 46 43 98 76 92 2 63 28 39 16 66 55 21 56 83 65 62 55 81 68 6 80 32 25 52 59 26 53 80 56 7 37 0 97 17 63 91 24 83 15 20 39 80 28 27 27 71 80 43 83 19 7 30 5 94 26 40 19 6 27 50 42 19 68 44 52 26 92 34 80 36 69 57 9 8 20 66 16 11 35 11 61 4 48 25 88 36 16 6 59 53 100 77 65 2 66 89 84 33 0 68 62 76 49 30 6 54 28 35 46 67 74 70 60 51 78 7 23 23 1 76 54 37 74 68 60 67 92 17 15 69 13 52 11 77 42 92 95 11 39 35 46 21 98 68 79 86 47 99 83 63 40 50 17 34 98 84 50 50 91 92 100 89 40 63 15 8 71 100 43 25 75 2 49 70 52 51 55 26 55 13 57 41 24 46 10 33 47 39 81 26 83 50 15 82 43 21 8 42 73 85 
89 57 27 14 46 14 6 24 76 54 2 38 82 88 63 22 70 63 69 78 63 11 89 31 35 64 78 99 44 92 73 63 50 80 84 71 40 34 52 75 67 79 15 1 81 7 88 91 31 61 51 49 48 10 64 97 48 31 59 25 7 42 36 94 55 45 22 79 79 11 3 14 89 34 99 60 53 54 55 96 56 22 12 12 93 38 56 71 52 100 38 65 81 36 68 93 98 14 38 6 73 12 6 33 53 49 36 22 87 31 49 48 9 69 29 73 96 67 83 27 10 68 70 38 73 12 89 72 1 40 68 65 23 55 34 49 70 52 70 73 39 6 3 33 38 89 51 41 33 51 2 92 79 35 7 22 21 86 39 94 80 54 57 64 16 69 46 4 90 13 79 29 36 45 53 46 86 83 42 43 33 95 5 43 86 34 28 4 48 26 74 56 19 47 88 90 30 98 19 30 63 81 93 16 50 93 45 1 85 92 46 54 22 95 26 90 12 2 59 58 32 10 70 85 56 38 87 44 35 90 6 3 0 18 6 68 26 20 34 53 25 94 38 33 87 33 48 40 7 27 42 5 16 10 10 89 61 83 33 85 81 79 50 76 62 31 90 26 21 86 11 79 32 82 19 48 26 47 25 66 55 66 38 57 29 28 76 77 97 5 84 96 45 7 90 13 98 11 11 47 23 33 50 96 11 79 13 93 46 48 23 26 64 35 84 79 65 12 17 81 67 51 3 69 31 6 53 33 85 84 28 92 47 27 51 11 46 36 40 40 15 4 69 69 40 68 100 32 48 20 80 7 82 1 24 97 56 8 39 84 40 12 85 59 62 7 1 69 63 57 14 38 30 59 51 46 81 99 69 46 28 64 99 63 50 19 19 2 52 78 55 39 23 69 50 82 67 6 39 52 
99 67 94 64 90 75 15 3 20 94 87 58 51 80 75 2 8 50 70 18 84 42 39 41 13 8 100 89 21 97 43 28 88 58 4 17 27 89 44 67 52 81 16 82 79 62 18 96 13 16 91 18 8 58 70 1 24 97 4 90 17 33 88 49 55 100 58 27 25 87 78 5 53 67 85 85 46 75 80 5 70 56 60 54 98 98 75 31 12 90 24 44 6 67 100 87 16 73 36 40 64 46 91 86 34 65 62 59 54 91 39 83 100 38 9 56 25 87 2 39 55 35 52 75 15 73 32 30 41 61 73 72 67 82 22 61 34 35 77 5 25 49 3 50 27 66 78 54 56 96 46 12 44 14 36 1 70 77 81 46 2 31 36 78 80 100 44 60 73 34 34 7 84 2 76 62 67 63 0 14 14 82 78 53 49 64 67 72 85 44 19 25 11 51 84 28 6 59 70 56 0 43 4 95 72 24 60 35 85 40 41 53 14 51 17 99 89 11 98 37 47 79 1 99 76 94 80 100 21 21 64 58 47 90 7 47 43 37 82 96 49 80 50 92 93 53 32 41 9 80 83 75 1 24 86 20 11 40 38 18 33 6 73 22 44 82 92 39 70 17 48 81 65 17 27 13 54 7 26 40 38 85 17 8 78 5 44 2 16 76 92 79 93 45 78 0 34 11 75 1 32 84 9 96 6 81 69 8 83 68 27 23 38 66 53 38 73 46 36 55 62 38 69 46 99 92 88 16 3 11 97 86 16 84 0 76 98 48 85 46 94 66 10 40 40 9 86 15 20 11 77 44 92 7 40 41 67 76 0 81 94 39 88 63 99 99 91 64 15 9 14 94 39 28 30 60 77 27 72 99 43 19 16 94 19 18 81 100 15 97 36 57 85 38 74 47 13 73 29 81 
68 84 95 29 35 88 83 30 30 11 6 84 99 17 30 53 5 52 48 100 12 92 32 33 39 100 63 92 74 62 59 6 74 4 52 91 100 14 95 7 13 36 14 96 9 68 91 60 76 9 81 84 91 88 13 22 39 83 52 92 26 69 76 45 70 71 39 77 80 68 70 8 95 50 72 31 4 81 74 94 28 12 16 13 7 37 67 96 89 89 86 27 50 2 4 41 2 67 82 31 20 65 76 89 46 68 66 48 51 35 77 0 64 72 74 82 35 52 19 89 30 99 88 21 83 69 65 42 90 77 23 67 17 19 46 40 21 95 84 30 91 96 22 42 58 55 85 25 24 69 4 67 31 53 16 66 38 60 25 11 24 41 0 100 94 3 75 20 94 77 80 50 66 44 41 56 87 45 36 76 94 0 41 67 40 99 30 98 62 97 64 91 36 35 37 94 79 28 63 68 66 22 95 68 71 39 3 37 57 94 1 64 67 60 90 1 54 64 51 92 88 99 63 10 33 72 54 50 86 14 14 89 39 11 55 17 22 21 63 7 35 87 78 78 59 6 73 94 86 42 87 12 81 40 89 8 43 71 18 75 32 35 46 23 95 94 16 83 57 28 66 83 48 25 6 97 0 69 85 81 82 43 7 66 39 67 94 74 34 78 54 54 35 34 56 12 30 36 95 40 69 96 41 79 27 62 11 95 40 90 28 39 73 63 42 66 83 65 62 95 1 29 57 58 99 92 69 1 59 48 41 79 71 49 97 63 81 7 74 4 18 11 30 5 40 98 30 30 86 100 2 24 19 28 53 57 62 95 52 39 30 98 65 52 28 34 37 92 80 78 43 23 50 87 65 42 96 64 30 38 81 97 2 89 35 44 99 7 0 78 82 91 63 58 57 68 77 39 71 48 
17 13 40 75 70 77 25 82 41 46 9 66 84 53 46 28 50 46 21 70 90 73 85 31 87 68 69 93 5 63 44 54 37 85 37 61 83 44 85 4 86 26 50 90 6 5 63 25 37 71 31 46 12 6 85 60 32 19 69 46 48 91 19 26 85 88 79 1 58 75 14 86 18 63 0 18 59 72 89 27 2 95 64 65 25 74 47 1 79 59 43 80 16 79 71 75 44 1 31 41 2 14 43 90 52 81 82 54 60 79 82 60 6 91 48 1 59 87 65 5 44 4 89 61 22 7 23 64 33 85 87 51 14 3 68 12 65 24 9 33 44 92 90 6 43 40 3 21 8 90 73 21 88 29 88 42 18 80 65 53 3 75 40 100 9 33 98 39 73 90 35 1 58 6 6 23 99 27 0 14 97 56 23 58 27 49 11 74 51 33 84 36 90 97 85 63 97 48 53 38 20 85 96 46 3 34 9 54 31 92 71 66 79 5 68 73 3 73 89 59 26 66 21 10 16 20 9 34 9 89 19 22 53 91 64 39 49 83 30 50 45 2 57 9 28 30 88 60 88 61 71 97 70 23 29 3 56 44 24 60 25 2 59 31 20 7 71 2 77 87 5 85 1 96 44 79 82 3 83 10 65 95 66 51 75 92 24 32 54 64 100 74 49 88 50 65 62 54 19 58 19 59 21 95 50 63 77 21 33 85 57 87 76 62 48 57 56 92 90 70 26 2 88 55 67 31 17 20 98 61 73 9 70 97 71 53 47 79 5 21 14 10 7 10 28 0 67 82 58 79 46 94 85 75 16 72 90 8 80 68 32 100 33 10 58 50 14 51 41 11 10 11 73 81 7 37 10 88 77 42 70 71 59 7 22 63 17 2 61 16 98 49 5 90 10 11 4 78 100 52 
3 24 41 48 77 16 25 54 75 18 65 10 95 26 83 29 100 22 58 82 77 45 40 69 8 46 54 10 32 48 41 93 24 25 71 93 83 84 99 25 69 77 80 60 48 91 12 5 71 29 18 58 86 15 42 53 14 73 89 88 30 10 19 36 53 70 73 96 69 67 35 32 89 20 11 85 99 96 76 54 65 91 53 64 9 95 41 37 28 1 96 33 52 47 100 12 27 2 51 23 18 40 5 59 90 88 85 65 14 76 26 98 56 53 54 22 42 60 13 70 9 13 52 25 95 58 79 4 82 85 75 8 3 4 72 68 76 98 44 76 53 86 11 37 100 75 79 2 50 48 45 36 40 96 31 1 95 80 16 85 87 77 42 17 9 63 48 69 19 96 45 62 89 3 67 93 56 73 0 6 34 25 62 24 8 43 80 32 95 97 77 10 70 63 66 59 5 95 79 7 60 78 92 66 56 8 73 99 36 43 5 91 1 22 26 53 40 6 71 64 87 49 60 30 23 74 67 73 31 25 9 1 70 57 35 99 91 63 55 97 29 10 49 61 62 47 90 21 87 66 23 23 94 47 86 37 13 85 86 84 1 72 54 9 80 38 42 37 88 58 28 73 37 76 27 41 64 51 41 96 60 72 21 41 42 75 28 95 66 47 66 98 16 72 76 37 57 11 28 16 26 73 79 78 72 15 21 46 70 32 39 62 78 70 49 94 47 50 96 35 26 62 32 64 49 41 2 76 13 42 88 18 58 54 33 25 25 28 70 33 49 71 24 96 57 55 72 69 60 26 4 93 88 70 41 88 56 5 27 20 98 69 79 22 43 21 32 10 99 67 42 50 55 50 64 10 74 33 99 1 36 29 17 87 0 87 26 4 1 15 9 22 69 54 82 82 7 77 95 67 
31 27 44 98 41 26 11 26 7 81 3 70 32 93 9 63 46 88 45 5 23 61 6 17 100 61 100 48 22 13 25 32 53 20 49 5 15 37 98 45 4 63 34 42 1 13 47 87 22 59 82 42 58 98 32 6 22 33 81 36 78 42 36 90 33 60 19 94 42 12 10 50 41 75 60 65 16 40 43 67 29 7 24 32 92 93 28 58 43 77 92 70 90 64 94 20 87 38 18 30 84 72 76 84 95 31 62 71 64 31 62 76 91 8 33 70 5 31 78 76 9 68 53 57 61 44 10 92 41 21 45 91 87 65 93 28 15 87 0 74 47 49 51 41 12 14 11 49 20 57 36 45 66 100 83 72 53 76 97 66 44 75 46 13 19 79 32 68 67 51 40 69 75 58 28 26 29 29 30 61 58 94 77 1 47 34 29 15 52 34 48 93 62 43 54 70 36 56 86 66 39 58 64 14 0 44 48 88 37 98 12 55 33 57 86 40 1 36 24 72 81 22 4 84 5 100 44 93 12 27 45 17 99 11 13 48 86 63 100 35 7 39 1 14 75 93 45 66 38 46 7 2 74 70 75 24 76 25 49 87 27 79 47 8 77 96 34 75 51 80 95 44 93 89 22 18 59 85 4 69 0 51 96 60 83 19 48 41 59 20 86 86 84 40 66 42 98 24 69 64 71 18 35 18 47 18 28 55 65 90 72 42 24 13 28 86 33 73 70 77 61 6 42 67 7 67 75 41 39 61 64 27 12 93 82 46 86 1 42 85 24 26 36 54 97 5 46 62 28 95 98 0 53 24 43 3 58 92 46 6 97 0 53 82 33 99 51 46 92 98 11 17 26 98 42 25 14 42 11 95 38 97 41 16 5 2 58 22 50 6 46 81 43 71 99 18 12 33 7 59 
13 23 13 98 96 73 7 4 81 74 27 55 3 91 26 55 17 91 22 88 47 52 26 56 17 11 88 75 96 10 23 48 20 18 29 28 34 98 85 49 100 35 56 97 32 95 65 26 77 39 11 7 66 15 71 43 16 55 55 12 84 53 69 23 19 60 24 18 33 90 89 51 43 88 90 44 15 88 1 82 1 59 41 64 27 56 50 84 69 92 35 95 30 25 54 61 10 50 41 39 25 84 88 25 82 85 58 74 52 64 74 15 36 18 15 4 32 23 29 20 54 95 46 92 25 97 93 71 23 38 84 30 72 95 3 16 65 38 96 1 65 60 2 22 87 11 37 61 70 28 17 3 84 81 26 73 51 85 96 99 47 43 71 6 67 89 44 95 47 80 17 57 61 91 62 78 54 71 24 86 85 47 85 91 39 32 68 60 83 61 28 99 48 95 72 92 81 14 45 62 100 5 10 23 85 30 99 50 31 14 14 20 62 3 77 35 18 90 54 19 68 7 66 6 72 95 100 79 26 46 52 4 63 81 47 15 92 82 96 36 24 74 35 63 35 9 79 70 52 68 87 5 34 18 17 9 66 88 78 12 36 19 87 30 13 28 61 64 2 37 47 58 6 41 76 49 77 25 6 40 14 99 52 41 53 13 56 46 73 96 99 80 6 33 72 89 19 37 31 31 4 71 96 100 3 92 30 44 2 74 97 93 68 8 44 91 82 60 2 33 62 36 64 13 51 97 82 62 68 12 74 55 16 41 8 41 76 70 57 49 82 73 18 63 33 90 84 82 89 42 72 4 6 25 45 23 68 55 28 90 16 52 4 91 66 62 48 83 81 78 1 40 27 93 80 78 71 22 58 16 80 33 57 89 14 90 3 41 73 4 52 99 57 9 56 41 71 97 72 95 
24 58 77 51 100 67 47 26 47 78 29 48 89 37 19 28 35 68 67 18 73 48 67 34 73 46 70 57 1 52 2 95 13 96 44 93 77 48 52 74 43 82 12 25 96 100 55 21 77 100 85 0 81 91 51 93 91 2 77 94 13 11 72 49 78 96 3 11 32 57 30 34 91 28 86 39 34 90 83 55 77 68 67 13 24 8 93 37 98 23 69 56 81 85 28 87 8 62 1 90 7 40 69 21 92 32 22 47 22 81 2 20 100 5 85 16 34 22 11 69 79 100 4 45 96 5 100 8 40 50 74 28 51 95 85 42 70 95 8 88 30 95 49 3 100 61 89 58 8 35 74 76 61 95 66 2 86 71 70 67 77 64 73 37 3 78 76 84 70 87 95 9 90 7 38 23 34 85 69 69 3 3 62 8 33 57 33 13 87 27 55 1 62 53 47 54 96 12 39 92 65 63 89 70 17 80 56 77 60 57 100 61 0 81 51 76 10 77 100 94 14 59 66 88 54 29 42 24 49 80 44 61 39 56 57 28 15 4 1 98 24 37 80 61 51 8 84 90 73 30 15 54 30 91 51 55 29 8 98 15 60 79 74 35 15 57 65 24 7 51 50 56 94 14 71 93 69 3 34 85 37 4 75 40 75 71 47 38 36 66 22 61 71 90 41 40 67 27 25 10 47 10 35 79 33 34 41 68 27 59 91 80 10 42 49 85 82 17 15 45 52 73 54 74 88 31 90 16 8 79 43 3 40 77 57 41 9 67 44 16 84 32 27 7 12 26 96 100 44 77 65 93 80 2 62 92 79 37 80 45 22 46 65 41 57 68 90 72 31 100 31 66 15 28 32 85 1 39 49 67 78 79 3 21 78 42 46 14 15 56 37 65 52 65 100 90 37 99 18 5 
51 97 25 37 27 62 16 42 24 81 21 60 53 18 2 71 97 48 38 87 45 65 22 88 55 54 38 79 22 91 19 22 6 30 11 37 31 12 70 75 65 85 100 30 17 36 60 21 80 46 21 67 30 58 86 84 33 26 58 52 91 21 92 73 85 30 20 26 84 83 91 64 61 80 88 34 80 25 85 21 1 63 1 77 45 69 39 64 98 57 53 83 12 21 9 48 85 65 96 11 34 53 83 57 8 74 29 15 78 30 86 12 58 81 75 84 23 12 3 29 78 60 44 12 38 59 23 77 98 84 49 34 11 97 41 89 88 12 55 1 52 92 30 0 41 3 49 75 37 65 49 39 9 97 34 27 17 67 53 79 81 63 88 4 38 100 38 48 60 89 56 93 17 51 36 20 62 20 89 1 40 9 35 67 85 12 35 77 78 11 26 28 11 41 48 9 4 82 27 5 35 78 63 8 47 54 46 11 29 100 11 41 65 59 43 23 96 39 32 9 8 80 63 43 42 11 78 61 63 95 79 3 85 5 97 1 73 31 75 86 26 41 7 75 41 34 11 31 43 3 12 24 66 22 14 54 94 17 7 10 58 95 14 31 45 9 38 72 7 78 40 38 31 89 25 45 37 81 98 94 61 60 79 81 16 70 15 22 51 4 67 56 78 1 73 86 58 4 2 23 34 74 77 48 73 21 58 28 31 47 55 76 73 26 13 0 48 2 5 58 45 36 38 17 86 9 1 44 95 58 9 91 69 50 64 87 8 46 63 36 45 40 18 58 41 4 18 28 36 62 25 79 6 76 56 49 38 48 37 43 98 64 82 10 95 55 16 3 46 26 57 34 53 56 35 50 15 85 72 47 7 61 23 2 50 78 28 30 97 52 64 45 10 59 4 9 25 92 10 54 
34 12 85 61 31 9 2 9 8 7 27 8 45 41 89 45 22 90 13 74 9 60 70 49 2 6 16 67 96 42 1 34 76 63 90 60 24 99 97 90 75 8 42 22 73 15 16 34 96 56 42 12 21 81 4 48 54 47 46 0 21 26 65 32 28 47 47 7 70 77 43 48 56 10 86 10 100 97 4 13 94 3 23 77 21 100 58 50 48 8 99 87 86 37 18 33 30 50 78 22 88 7 75 29 18 24 17 75 56 76 100 92 37 67 25 78 91 70 92 18 99 51 73 18 39 64 1 84 21 39 48 44 45 74 66 18 13 23 93 93 81 67 1 7 18 16 9 30 18 87 80 97 42 77 98 59 62 90 79 8 63 2 53 53 80 56 90 0 17 61 28 81 31 72 38 87 13 79 7 36 57 27 39 62 49 60 98 26 51 70 75 30 4 5 9 61 69 87 66 43 21 60 29 34 43 81 17 40 66 4 69 10 68 12 94 44 88 5 26 20 52 21 88 49 40 75 36 62 70 38 67 26 68 8 93 62 71 52 4 79 76 87 33 0 82 56 95 42 77 89 6 51 73 79 98 22 46 33 43 75 16 74 70 97 26 59 64 42 64 63 73 3 5 95 99 100 85 42 97 83 13 11 100 57 16 51 96 15 31 75 85 46 17 59 9 35 39 99 26 87 58 50 45 23 7 23 54 48 86 36 65 24 0 4 81 55 65 26 58 93 32 47 36 68 13 69 70 62 17 24 36 56 55 68 44 58 28 85 71 7 11 83 7 96 23 26 9 37 90 75 77 66 80 38 33 80 77 13 93 40 71 50 22 14 22 13 25 83 74 7 61 71 65 16 60 8 1 77 94 73 29 44 28 2 75 43 1 13 51 59 77 38 37 30 78 31 80 44 65 12 
87 69 20 64 84 51 18 40 85 65 39 72 50 88 64 75 46 11 94 17 50 71 9 13 71 70 77 24 11 90 93 17 94 62 32 91 1 68 33 10 71 28 40 86 5 78 33 12 29 46 28 67 53 1 62 100 78 62 79 88 28 69 24 30 12 78 88 51 60 5 8 87 89 82 42 20 76 71 15 21 8 93 90 36 11 31 4 68 65 28 29 60 26 0 72 33 68 39 3 20 15 12 52 83 66 100 32 41 46 77 96 23 66 31 47 10 75 37 55 51 83 85 67 10 32 74 6 73 79 89 6 30 22 54 46 75 96 17 47 0 99 45 61 19 75 23 0 36 38 32 8 35 41 6 21 78 1 8 15 10 85 23 78 95 30 8 49 87 20 36 37 45 46 16 96 8 44 27 81 62 66 70 52 32 88 82 51 74 31 48 73 47 24 29 8 53 31 58 90 7 2 45 25 28 62 20 51 90 7 17 26 82 8 42 44 32 78 84 43 61 55 69 54 44 67 100 30 91 55 8 12 9 95 81 99 44 82 14 34 54 16 75 77 59 6 44 61 95 69 27 5 7 4 14 90 80 68 75 19 84 90 24 78 96 52 62 88 81 100 94 3 41 50 98 20 56 70 45 13 18 46 59 69 33 57 56 68 86 91 32 73 41 23 18 93 18 62 84 59 81 29 26 66 96 56 55 33 8 33 96 76 4 51 34 8 56 3 87 48 7 54 70 69 47 47 84 98 35 68 56 0 88 3 52 6 24 63 47 48 70 29 94 95 89 8 51 62 15 65 15 60 82 33 84 44 17 91 95 30 77 50 33 30 5 49 6 19 26 93 2 63 53 7 0 53 98 59 36 18 42 95 18 95 85 33 64 93 28 62 91 31 76 35 5 16 25 55 19 19 65 
68 84 79 25 45 2 92 78 0 97 0 39 50 24 88 19 62 54 87 13 97 5 74 29 77 61 8 74 10 95 2 4 68 31 19 23 88 32 26 25 23 52 83 52 75 17 7 26 46 76 71 4 46 22 66 61 66 30 29 34 71 28 21 98 8 27 10 77 9 77 92 44 87 99 56 58 11 42 46 11 40 27 45 12 50 56 10 64 32 72 6 92 65 87 19 53 1 3 56 41 64 6 95 82 20 6 8 79 29 91 29 92 37 6 74 21 93 69 95 97 45 6 93 18 9 2 31 15 9 22 15 53 97 10 21 68 43 61 37 44 27 75 15 97 8 97 94 68 97 89 80 42 75 10 0 51 97 5 42 52 28 51 60 90 46 51 82 69 19 6 19 13 73 60 59 30 100 56 62 89 4 100 39 53 9 18 11 7 16 75 50 44 9 72 40 86 12 84 7 67 16 5 77 31 99 6 43 97 20 93 87 83 72 40 44 64 21 35 26 71 36 77 58 3 23 47 13 39 11 85 44 51 33 24 61 84 75 26 71 90 30 11 70 44 0 20 37 72 62 91 82 14 70 81 97 96 16 23 48 22 11 90 60 43 34 21 82 5 45 4 96 45 60 94 56 26 7 63 1 75 9 15 68 65 34 20 8 64 46 72 16 77 48 19 22 67 6 49 85 69 26 36 77 20 59 22 88 88 7 82 97 33 67 65 4 8 79 92 16 21 68 37 60 42 95 38 24 4 40 58 19 95 50 69 89 94 46 83 73 50 11 93 33 78 90 64 71 76 26 96 60 44 46 31 82 19 32 86 90 95 22 84 26 61 52 78 36 63 23 36 97 89 85 31 88 60 48 75 34 60 2 45 75 72 94 70 44 56 11 43 75 0 50 24 17 90 10 32 67 76 
68 97 43 2 77 75 19 84 93 61 9 46 85 30 34 81 0 7 17 34 37 13 72 49 22 29 29 45 99 70 70 93 35 28 27 39 41 99 70 72 44 28 30 30 1 33 61 44 3 96 18 81 59 20 16 99 73 74 13 51 62 58 100 34 65 14 17 55 35 70 35 36 27 4 30 26 42 43 82 49 89 96 99 32 68 74 69 98 71 5 3 77 0 57 4 52 74 70 49 3 30 55 94 71 18 9 92 80 83 24 19 66 13 55 18 71 2 84 49 45 83 30 27 64 35 32 2 49 23 38 46 100 42 2 89 58 12 66 75 52 61 44 79 90 97 26 31 41 29 4 72 96 70 57 97 16 30 78 48 90 48 90 38 42 81 34 92 100 77 11 55 60 68 62 90 42 64 40 90 81 28 32 24 24 46 30 75 30 68 96 80 63 89 83 52 4 51 95 23 76 98 62 30 35 29 29 19 58 3 8 11 74 57 35 99 84 32 14 81 45 40 3 39 29 42 83 70 77 88 1 40 4 83 24 95 76 8 60 49 20 26 16 16 44 76 16 55 12 42 37 48 81 79 1 93 40 99 32 13 79 7 44 78 51 93 53 97 40 75 90 76 51 37 95 48 33 4 50 36 87 28 40 48 6 84 30 46 7 28 9 39 12 65 81 51 7 100 32 57 63 22 17 98 64 42 80 92 29 36 0 7 66 81 100 26 50 43 29 93 66 63 1 32 100 37 61 33 47 83 5 86 58 80 68 18 54 71 41 23 53 0 74 18 79 6 49 45 65 7 4 91 42 52 43 99 85 84 91 82 0 84 88 18 39 9 7 87 39 93 48 51 40 96 29 66 44 0 28 13 87 4 99 26 62 70 82 25 22 64 2 12 19 5 92 27 48 80 51 73 61 
99 61 66 42 67 49 26 88 25 74 72 1 95 81 58 3 67 90 45 7 69 74 25 100 16 92 2 24 60 53 52 76 23 83 87 19 50 95 56 97 6 93 96 88 69 90 62 47 97 42 44 10 55 17 88 47 80 19 20 10 33 56 67 91 92 93 37 11 18 35 71 68 32 95 0 18 91 6 66 97 3 19 61 73 84 100 73 23 43 31 13 52 31 57 42 100 78 88 48 24 85 100 73 66 15 82 20 41 74 14 81 36 60 26 77 44 72 10 69 91 89 97 19 80 46 97 72 74 43 31 64 4 76 73 6 7 81 68 45 67 25 87 89 24 31 15 40 5 49 99 20 25 24 97 61 4 61 55 10 78 38 34 40 19 40 93 77 23 37 70 40 34 31 76 96 25 5 98 84 5 98 95 64 13 87 17 45 25 87 67 41 51 81 1 81 80 59 58 69 73 44 71 31 69 14 42 85 6 61 25 76 87 39 55 95 45 51 94 66 62 62 28 16 45 20 75 27 5 91 78 82 26 3 10 62 22 74 42 40 27 91 19 61 91 22 66 88 43 100 100 37 31 50 84 71 6 17 75 57 41 100 29 98 87 60 37 41 28 90 81 19 72 59 66 60 36 100 72 45 4 15 85 96 11 51 10 56 75 85 58 29 59 32 30 90 16 54 33 92 72 25 28 91 39 32 24 82 7 90 23 53 47 36 20 13 19 32 27 60 16 26 58 86 16 97 10 80 100 25 91 45 80 54 38 31 57 74 28 6 85 62 29 11 25 54 77 46 23 47 72 71 2 66 82 99 3 14 97 56 36 32 77 58 32 90 63 73 46 2 13 100 20 53 68 56 72 71 40 18 76 38 17 94 88 6 73 90 68 84 58 75 59 8 70 59 28 76 25 22 62 
15 57 53 27 31 10 44 77 78 0 18 91 80 36 4 73 53 35 61 30 19 48 13 71 12 67 20 24 5 21 74 23 9 15 40 68 28 67 88 10 86 19 80 9 60 83 85 8 30 61 3 88 18 44 54 49 75 9 93 0 40 80 9 19 3 45 55 4 46 6 48 85 33 31 20 86 99 14 26 44 56 71 51 26 18 56 15 91 83 85 20 65 50 74 28 71 9 93 80 7 82 75 22 74 97 34 0 96 0 3 45 94 75 79 4 55 50 84 98 77 71 63 27 99 8 24 86 67 17 14 98 25 5 81 4 67 43 18 17 90 41 96 78 37 49 69 100 41 3 72 88 34 56 64 5 60 57 77 20 46 54 66 21 64 65 25 42 93 27 100 88 93 28 52 84 75 0 99 25 25 47 80 52 75 15 40 42 73 62 38 37 59 1 14 93 58 72 39 25 72 15 5 72 96 77 64 43 2 5 95 53 56 27 84 59 25 8 7 62 78 39 19 74 75 39 80 32 98 98 95 49 39 59 30 83 42 45 100 87 62 92 56 74 99 2 40 86 36 87 9 19 25 47 77 62 3 59 85 72 45 5 51 28 69 37 59 46 45 14 23 34 3 3 32 6 99 99 55 7 25 40 55 76 95 59 16 73 23 92 76 43 24 61 75 88 61 100 4 5 93 90 79 86 15 23 66 65 38 0 21 30 11 52 97 21 0 26 69 13 46 24 89 5 64 12 87 43 71 3 55 51 93 74 71 48 70 89 87 98 8 74 56 27 46 85 71 64 30 51 3 95 22 44 14 11 0 32 12 84 63 78 71 92 67 59 37 64 6 87 7 84 88 76 15 96 27 16 53 93 71 14 37 21 49 54 43 97 50 92 0 10 54 80 36 85 98 95 7 85 61 
59 39 95 95 63 6 77 0 75 53 10 2 95 93 75 49 33 92 40 75 77 9 26 15 80 83 41 11 86 8 19 79 0 16 65 76 51 69 74 1 66 99 59 31 29 74 8 21 84 17 24 28 7 89 100 90 0 2 30 36 83 11 58 4 97 3 92 20 18 46 85 57 35 56 9 85 100 66 93 48 13 79 99 21 69 20 100 49 48 5 42 4 53 62 22 65 92 84 81 23 75 17 86 39 52 79 54 75 93 29 84 68 29 60 83 29 26 29 46 93 40 73 81 72 56 20 1 12 65 8 13 11 25 54 47 78 36 30 19 42 97 70 60 20 46 25 17 89 39 13 61 41 19 71 71 30 3 93 50 32 55 92 71 94 13 38 19 61 9 76 41 42 65 80 97 62 48 34 19 40 0 89 59 30 76 66 8 40 72 92 20 91 79 88 98 31 9 64 83 26 99 20 1 0 64 50 19 52 12 55 95 38 69 80 36 72 8 38 55 9 2 12 22 82 80 27 27 96 12 16 93 37 66 53 100 66 37 0 56 53 31 31 95 97 77 81 75 40 20 3 92 31 88 5 66 14 54 44 63 93 31 96 64 17 99 40 3 86 96 53 60 46 92 63 92 59 94 18 98 27 30 99 96 44 20 5 18 20 15 1 74 80 63 1 19 11 86 13 77 27 5 22 73 78 21 87 2 30 42 42 87 97 73 96 97 90 5 63 38 89 97 74 78 57 8 62 75 41 82 72 54 3 25 89 93 67 94 74 86 51 89 66 73 75 80 68 8 40 11 50 12 57 24 75 34 19 86 2 79 3 68 16 63 88 24 21 10 40 24 3 91 12 55 45 55 55 85 75 2 17 46 27 48 73 91 95 54 81 57 70 51 74 29 93 96 5 75 92 80 50 
15 49 79 69 22 9 43 49 40 83 19 71 4 41 29 27 28 62 72 89 36 62 64 16 50 73 11 33 13 3 90 22 62 48 24 28 28 25 27 25 37 30 9 72 83 61 63 97 10 0 8 66 28 40 62 88 18 17 24 35 20 47 32 98 26 100 12 47 29 78 31 74 59 3 45 97 60 61 53 2 7 18 29 61 43 53 61 69 18 90 47 54 4 60 38 86 24 43 30 20 48 10 6 35 0 68 85 87 26 29 34 99 7 72 52 83 64 54 33 30 70 55 10 88 67 60 62 56 25 82 86 72 18 64 48 15 14 35 13 61 97 26 91 34 80 39 6 84 20 27 23 89 50 75 9 94 61 26 7 79 62 50 24 9 3 21 33 99 72 45 83 72 34 25 11 43 71 7 85 28 35 67 76 16 4 92 38 38 57 63 77 0 77 98 22 16 14 78 45 44 79 54 43 78 19 4 98 84 73 86 5 85 10 17 76 38 94 23 19 63 95 60 93 43 30 66 0 12 13 4 67 20 90 79 50 34 18 50 49 1 56 57 68 76 1 8 46 36 21 70 94 93 33 83 10 79 32 86 74 47 32 37 92 56 6 83 12 46 51 31 84 19 20 10 17 63 40 85 9 38 98 31 54 87 93 98 24 21 29 55 76 87 20 49 70 87 5 49 72 44 49 25 74 17 47 65 25 78 4 93 97 2 36 22 13 16 45 60 46 100 22 4 7 93 45 46 85 2 71 31 39 3 57 51 21 0 19 20 12 7 88 38 34 32 6 41 79 74 32 86 42 66 90 22 83 42 100 80 71 85 39 95 37 73 30 11 76 70 100 76 16 100 71 93 97 63 4 36 98 80 64 77 82 52 30 76 57 14 81 58 47 29 18 40 49 7 19 96 51 41 
87 52 84 12 15 55 28 48 70 31 91 67 56 19 82 31 36 17 55 52 65 77 70 45 94 61 12 44 100 49 94 21 29 1 63 55 50 53 51 35 55 30 72 66 97 83 41 84 45 94 48 69 14 34 37 82 96 6 85 34 80 28 11 66 94 85 76 82 39 19 21 36 68 91 100 79 49 70 56 98 10 91 47 53 96 34 24 72 85 30 58 47 1 60 12 11 41 2 27 61 56 84 26 10 76 60 64 69 67 77 37 98 3 51 10 13 52 40 92 79 74 32 62 55 32 5 32 49 35 39 8 35 51 87 6 59 9 81 15 2 33 90 33 87 57 23 0 47 74 54 12 77 32 94 29 84 8 46 65 71 50 84 92 68 91 89 91 67 26 39 75 99 58 87 26 63 66 56 96 48 15 80 49 69 6 28 60 58 80 61 43 25 13 20 83 26 94 20 27 100 35 3 87 83 99 10 12 31 40 4 82 14 95 36 92 5 68 95 88 8 95 55 55 77 43 71 92 64 4 45 77 12 11 65 43 59 52 52 22 32 21 0 4 76 93 35 12 63 27 93 62 11 32 7 27 50 77 33 82 95 46 65 94 28 31 78 89 86 95 23 29 90 100 50 51 61 22 76 69 59 50 28 97 27 63 60 8 12 77 88 29 76 0 97 65 9 5 13 49 29 23 24 14 85 15 47 2 37 17 58 15 61 97 28 100 2 13 89 29 77 38 72 40 80 47 84 9 31 12 61 35 55 8 2 90 57 87 68 97 44 71 39 96 43 7 13 49 63 97 86 6 61 56 75 7 92 51 22 85 32 7 84 29 2 72 13 91 1 11 38 28 47 31 58 97 67 60 99 84 9 78 59 43 65 7 50 16 18 22 16 8 55 39 60 61 90 19 49 99 35 
100 47 87 27 84 94 67 33 49 62 2 29 10 67 86 48 61 3 57 84 88 30 29 2 47 52 67 43 71 76 95 98 54 81 31 14 88 69 28 91 38 86 56 83 74 47 73 37 4 6 8 4 42 2 4 61 21 57 79 70 2 72 66 56 82 69 67 17 28 45 25 15 51 86 75 91 75 48 44 32 53 94 89 5 38 53 81 54 98 68 21 13 45 25 49 35 39 20 100 83 25 50 59 53 61 93 50 82 13 35 10 24 55 68 79 6 71 49 99 79 11 7 20 43 74 33 44 25 14 55 76 31 95 46 50 22 68 45 51 83 55 61 18 21 41 23 84 24 16 41 8 19 81 82 3 0 20 44 41 37 31 4 85 3 33 55 94 91 28 96 43 37 76 7 56 6 93 30 24 44 57 88 43 8 0 100 2 20 81 68 78 87 83 27 3 60 96 37 21 22 71 72 37 88 67 25 38 10 30 70 34 45 85 68 86 33 68 8 92 81 93 43 40 88 27 16 61 74 51 54 38 47 46 92 52 86 18 97 45 34 1 22 61 33 36 28 71 80 37 18 94 27 48 95 34 30 1 67 72 99 66 37 54 53 68 93 36 96 88 43 98 81 22 23 33 39 55 38 9 63 89 25 49 99 68 92 63 20 30 32 34 37 86 3 63 69 87 9 17 96 6 100 97 16 40 96 6 51 64 84 63 41 90 52 98 43 89 64 47 33 47 40 30 98 61 98 33 24 45 95 33 70 83 4 83 84 87 81 17 9 13 22 31 79 96 90 90 32 32 5 62 87 5 70 38 98 70 59 86 60 52 95 87 16 18 66 44 21 81 30 13 55 15 45 50 100 31 74 83 22 10 14 88 30 30 76 11 51 48 88 64 90 56 64 56 30 21 93 100 55 
74 35 65 46 14 36 42 47 73 58 80 58 41 73 79 21 19 66 21 49 35 40 61 61 14 9 9 7 70 23 6 69 53 72 39 36 66 18 61 78 75 27 55 94 13 3 12 64 49 7 43 59 76 22 48 60 91 37 75 62 28 100 44 66 53 75 13 12 62 2 3 50 56 33 62 81 99 23 70 80 79 76 24 34 8 52 31 72 33 48 41 69 15 45 67 3 34 32 37 23 13 35 49 67 42 60 90 44 45 5 0 25 35 92 28 84 1 45 91 35 74 79 0 26 69 73 90 57 88 28 16 29 11 37 49 22 1 92 100 39 1 78 87 90 34 44 13 90 72 50 74 56 31 53 6 87 59 68 98 71 63 45 40 81 27 94 53 37 96 60 46 79 89 79 100 100 29 35 72 99 7 23 63 66 89 76 21 92 51 42 74 58 9 96 55 69 82 73 39 22 42 20 84 87 2 96 99 99 12 41 55 52 31 83 82 6 81 92 75 32 50 47 77 46 30 15 66 85 95 90 20 96 12 1 57 11 19 71 99 32 54 55 75 41 78 15 26 12 72 32 0 29 78 88 18 14 72 55 61 81 69 49 3 35 1 19 32 12 86 30 41 36 49 33 32 91 5 91 81 64 81 55 68 36 89 97 61 54 58 18 82 12 68 32 93 22 79 38 48 4 40 80 38 79 15 77 2 100 38 36 35 95 50 19 93 45 94 42 91 47 18 6 8 21 92 10 1 16 34 91 53 88 82 59 65 98 72 14 60 58 22 74 28 71 96 28 77 94 20 98 90 32 30 63 35 71 57 12 61 93 13 57 68 85 41 7 33 49 21 98 67 24 7 82 33 50 69 30 4 30 18 58 90 61 62 15 89 87 67 34 96 82 92 13 21 65 3 0 98 41 
70 59 79 51 71 57 62 73 27 0 99 14 89 36 7 45 55 68 83 74 38 77 51 90 10 66 12 100 38 89 90 81 45 38 72 0 66 52 40 4 84 56 15 75 52 56 86 44 59 71 68 27 16 15 39 81 4 63 16 8 8 100 66 12 82 96 89 97 24 56 26 21 14 74 70 13 46 30 24 62 84 5 72 61 3 1 25 72 32 22 4 87 64 92 69 65 23 20 60 43 25 72 6 42 33 68 88 44 54 95 57 87 30 19 71 63 95 43 84 2 52 35 79 87 58 32 100 66 53 70 70 56 71 29 54 82 69 16 80 20 34 65 31 31 54 85 34 2 94 20 94 67 74 83 57 90 65 5 43 71 89 82 85 51 83 22 77 46 47 22 4 15 62 56 44 13 17 48 18 92 64 87 12 65 70 88 89 14 99 29 69 91 82 42 67 76 30 100 47 72 0 43 97 22 51 96 8 87 0 89 99 99 53 78 33 15 29 72 15 74 50 34 67 90 43 79 69 88 0 34 59 36 61 98 75 15 92 56 19 54 93 53 63 83 94 71 61 50 12 31 36 16 52 21 69 36 33 97 36 77 37 9 91 22 52 87 26 1 85 82 90 12 81 32 11 39 70 26 9 65 23 89 34 78 100 62 18 27 66 96 25 1 100 2 89 80 89 85 29 62 12 80 44 27 25 89 59 99 93 29 70 30 39 49 59 65 71 82 44 82 53 65 6 74 64 49 22 99 82 62 46 77 31 16 11 10 4 97 93 16 94 10 53 65 66 6 45 28 14 34 14 49 40 23 15 72 83 73 74 87 95 89 6 75 35 29 41 50 39 84 31 87 52 48 70 0 53 20 99 27 13 9 66 58 21 59 49 2 9 29 76 37 38 7 98 12 46 5 33 78 
33 18 31 100 92 8 28 81 27 64 45 21 67 26 86 96 60 53 3 9 70 36 45 61 12 4 89 84 16 85 51 50 14 54 90 44 57 58 54 6 23 90 57 69 26 18 18 45 38 5 0 3 93 40 32 50 84 96 90 44 57 81 57 67 27 38 90 99 34 29 48 19 38 3 39 51 65 48 49 70 20 83 26 57 48 42 42 37 65 72 30 87 51 18 43 35 48 69 35 21 83 43 100 55 54 69 44 86 62 69 42 45 20 98 22 46 64 54 57 59 0 67 24 60 29 80 63 57 40 61 90 63 15 18 71 28 13 21 98 33 2 66 30 31 67 19 94 23 30 58 94 90 48 45 68 54 96 73 44 26 49 27 18 20 25 30 65 9 59 70 20 46 53 4 8 15 61 32 38 70 26 82 62 62 36 71 100 92 24 71 41 67 41 50 92 84 19 100 31 32 77 53 59 6 55 54 38 24 90 53 45 4 13 55 63 79 15 1 77 57 73 56 0 36 10 91 97 16 6 74 54 88 53 89 11 86 81 1 91 3 35 20 86 60 97 2 83 56 70 4 56 51 40 82 20 6 58 85 97 7 80 93 56 52 25 85 81 80 18 20 94 68 12 19 78 24 21 69 55 85 89 49 94 7 41 22 14 76 38 56 20 41 20 86 66 36 13 14 85 44 3 46 68 74 70 28 11 78 72 57 65 27 62 11 57 40 33 35 13 11 6 40 21 32 74 91 92 76 67 22 94 27 24 6 28 69 38 99 12 93 48 46 82 38 35 62 92 76 78 28 81 82 59 63 5 7 71 84 43 51 7 10 65 34 35 26 44 100 58 64 76 77 30 50 31 100 89 44 11 76 76 13 37 34 46 11 81 7 46 2 7 86 13 10 78 77 78 86 4 15 
12 35 26 15 52 83 33 38 0 62 48 73 22 90 19 52 11 7 87 3 35 74 24 70 79 57 94 87 19 44 60 15 3 91 16 8 66 33 20 6 59 37 61 9 18 89 17 66 18 42 80 51 51 77 92 6 82 34 16 23 82 29 18 7 63 83 18 7 93 10 86 23 38 94 67 48 15 37 88 22 86 11 44 21 83 31 82 42 78 19 35 85 73 3 36 59 92 89 84 63 59 7 94 41 8 34 24 91 84 59 48 75 31 1 1 10 36 67 0 23 46 84 95 91 98 12 23 74 2 35 76 25 0 65 43 29 5 39 25 27 2 72 32 92 51 95 30 29 32 100 19 11 33 22 26 71 65 64 12 50 8 100 47 82 17 72 66 72 3 68 88 22 49 67 50 0 41 53 1 12 51 21 93 29 4 30 89 47 89 46 63 92 8 62 70 17 10 79 86 35 81 43 50 72 59 88 59 19 65 18 55 89 83 36 69 10 43 37 20 3 37 22 68 21 70 16 34 56 77 31 12 4 85 53 0 99 52 79 27 11 36 80 68 8 8 38 21 47 92 61 32 85 28 1 90 49 73 67 24 78 100 37 21 47 36 77 36 95 91 62 51 83 9 72 4 37 98 39 8 40 99 95 18 92 84 69 2 48 14 71 67 4 94 96 5 6 51 8 83 60 66 72 15 38 5 34 54 89 6 40 49 6 26 23 45 23 28 10 45 15 17 39 90 67 96 76 2 77 15 2 37 7 67 84 22 94 18 29 95 69 10 86 32 47 3 82 39 13 62 89 22 40 34 86 83 1 70 72 47 79 58 26 89 40 61 97 68 48 89 89 25 94 32 71 81 77 95 90 68 98 3 33 44 8 94 36 52 17 80 3 78 96 99 100 87 37 66 58 28 95 
92 39 99 54 43 81 100 62 49 46 55 10 8 94 46 38 88 71 36 57 37 83 94 23 76 72 95 40 40 33 24 54 28 11 52 40 90 32 35 51 76 4 16 77 57 86 38 39 13 51 75 80 69 41 25 78 9 11 83 31 89 31 58 41 89 80 64 75 86 29 30 99 41 92 68 61 14 82 13 59 13 48 30 85 35 19 24 1 2 40 9 9 18 7 27 21 77 6 62 75 30 27 14 90 72 30 17 73 15 79 93 96 88 71 43 44 66 11 73 11 61 38 14 27 74 20 98 29 74 99 98 74 14 30 49 97 14 41 40 57 17 62 26 60 77 48 93 15 92 61 69 100 57 9 62 44 44 58 89 5 46 60 18 58 14 66 40 38 8 86 22 44 62 57 43 77 94 43 58 21 49 8 66 26 73 83 80 6 77 9 4 90 61 30 99 86 33 21 47 47 53 91 65 79 54 70 95 25 64 5 87 23 23 10 97 76 30 24 1 39 42 28 20 14 84 22 49 75 100 97 38 89 78 18 27 38 48 72 81 65 72 64 56 66 74 47 81 57 74 51 73 9 60 10 76 96 96 45 96 95 98 29 100 84 1 7 19 54 95 7 42 8 49 42 31 5 35 74 13 92 66 81 78 0 95 85 94 96 12 2 71 51 66 27 63 1 22 67 9 50 41 28 71 64 63 34 31 89 39 96 66 33 87 36 6 53 98 43 7 55 31 36 16 53 14 86 23 54 42 58 45 12 62 52 24 69 79 21 73 64 36 81 98 56 45 28 54 87 81 55 66 60 33 57 6 11 34 58 97 85 34 27 55 28 62 98 84 23 56 94 78 70 85 98 83 15 38 4 31 29 89 62 52 73 75 24 83 99 62 52 80 63 29 66 68 51 16 89 50 90 
35 83 70 93 20 56 77 76 75 69 87 39 41 72 36 94 41 88 22 23 85 21 2 54 73 56 28 78 19 58 65 60 79 87 47 22 25 86 0 75 72 74 36 44 25 19 48 80 53 3 55 27 54 16 62 42 7 67 62 8 9 10 95 8 1 51 25 0 87 35 58 26 45 73 70 95 97 21 95 87 95 19 83 93 31 15 2 15 71 95 68 45 37 99 62 12 6 6 71 22 74 41 80 8 40 100 55 26 9 26 20 35 77 76 4 30 55 76 78 99 99 16 91 43 8 2 58 62 70 22 58 32 4 11 8 45 59 56 67 86 43 71 51 0 25 39 34 59 34 16 99 4 100 71 61 94 47 87 47 95 42 12 10 92 68 65 41 86 66 2 42 26 96 54 35 21 91 89 10 40 12 65 95 83 54 95 43 61 66 51 73 64 88 26 63 13 57 87 21 72 77 34 83 38 84 96 52 73 69 38 57 98 55 96 13 85 48 65 81 30 25 80 32 95 61 99 18 15 29 19 80 62 88 81 13 96 49 54 32 99 59 88 17 64 35 20 10 13 15 0 49 60 91 70 99 0 26 5 17 72 44 12 67 79 41 80 50 6 45 39 84 90 95 83 11 85 55 70 76 35 83 48 93 78 90 87 1 40 78 31 57 37 0 51 20 78 56 72 11 21 21 16 42 15 1 55 28 43 17 58 2 40 74 95 56 32 26 25 17 24 82 20 55 60 46 36 96 38 78 73 0 66 57 91 46 15 21 100 4 42 9 100 29 60 60 89 24 75 90 78 32 26 53 2 61 37 13 100 19 21 30 31 19 25 57 42 19 35 9 12 32 80 36 98 32 31 24 59 43 90 50 48 83 25 24 13 86 98 95 80 71 20 36 100 65 7 92 0 39 22 
77 67 6 4 78 96 5 29 18 12 9 36 18 80 23 86 49 77 8 88 29 85 72 75 71 71 8 33 65 67 55 71 29 86 20 66 45 10 69 69 93 79 47 81 23 15 61 96 42 89 72 55 22 55 86 41 0 35 77 82 12 18 5 12 3 4 58 86 9 38 90 73 14 79 59 97 71 42 87 33 77 19 59 3 81 98 29 34 35 93 98 26 3 87 21 60 45 76 32 95 26 47 1 22 63 0 56 99 90 92 77 52 4 22 37 10 19 82 75 42 69 3 69 41 10 55 100 93 79 90 48 30 17 29 42 15 10 42 60 19 75 99 95 19 58 99 51 92 98 61 49 24 22 29 60 42 58 56 35 100 77 77 47 70 72 67 0 0 87 61 65 91 42 49 91 80 13 63 2 16 47 99 86 87 11 27 21 33 100 80 77 87 37 8 25 41 56 89 26 43 44 11 61 91 22 23 95 88 56 32 91 56 98 13 55 75 43 5 84 77 100 12 33 34 54 18 98 55 75 67 77 83 100 74 24 74 86 20 100 3 43 49 74 85 27 96 16 54 37 56 13 60 42 5 15 56 5 72 69 94 66 29 3 100 5 1 15 18 32 87 68 1 93 33 30 53 36 91 24 29 86 62 55 47 78 35 29 25 68 51 50 84 41 81 76 82 36 98 82 90 72 9 22 98 22 88 38 71 49 100 99 16 25 60 99 31 88 61 80 82 33 81 55 13 40 83 76 58 96 80 40 13 88 12 75 34 58 38 92 65 58 80 94 2 83 68 65 71 59 66 72 52 74 75 36 57 59 4 68 39 8 70 88 74 39 48 10 76 53 39 3 42 67 26 97 48 55 4 77 73 38 41 46 3 75 66 99 69 72 44 24 50 50 16 42 16 4 61 76 25 
52 81 77 41 71 92 37 60 75 6 31 3 89 46 12 53 23 25 75 57 37 18 66 95 88 66 35 49 23 33 3 50 98 10 59 36 6 59 5 53 58 37 25 22 13 73 80 48 80 78 49 60 45 41 16 63 31 41 56 57 64 83 83 0 29 0 95 6 89 54 71 55 38 68 18 24 52 75 78 19 100 53 12 26 72 74 37 64 84 11 71 54 15 15 41 95 13 37 23 75 12 68 15 47 56 3 78 35 68 17 53 21 48 91 61 0 89 34 16 4 43 43 45 28 23 54 39 1 16 46 58 46 24 47 55 73 86 38 98 7 6 74 72 55 92 1 94 72 76 14 25 88 67 69 79 31 48 17 67 68 95 69 5 34 33 65 31 42 66 6 63 68 16 94 39 93 65 0 33 97 6 95 62 67 54 44 18 23 23 99 81 11 7 80 29 86 75 73 5 95 88 42 46 39 80 25 96 16 26 14 62 38 6 70 75 63 36 94 31 9 51 81 17 5 65 2 46 38 34 27 32 45 64 64 0 36 47 45 72 43 78 83 67 35 18 27 7 55 8 60 91 62 32 87 92 25 10 20 11 18 22 88 100 13 85 74 10 15 94 4 78 8 36 75 33 23 1 84 13 8 78 52 27 21 14 31 9 7 75 47 31 100 21 28 98 2 47 1 24 97 70 26 90 92 37 14 21 91 20 49 100 15 22 39 42 19 11 48 14 37 56 46 26 26 45 66 12 14 26 65 32 47 43 33 68 17 82 20 69 8 12 17 17 46 55 80 59 98 72 12 13 92 78 89 53 80 56 98 4 31 2 17 8 60 31 12 1 85 95 98 24 73 45 96 8 34 50 39 3 30 32 4 66 67 29 18 82 50 49 89 68 72 73 79 54 47 54 52 71 65 
47 69 43 96 15 68 81 41 56 23 69 30 7 41 25 80 64 8 50 66 24 78 71 1 82 32 11 32 10 34 30 24 5 86 56 20 3 72 12 38 62 40 95 26 22 71 62 57 75 51 68 5 14 78 84 38 75 14 49 11 76 90 44 11 87 63 63 40 28 21 86 63 28 4 74 66 38 21 90 97 48 26 83 89 24 99 24 2 82 61 54 14 40 16 12 79 87 83 84 12 4 9 75 94 9 97 4 45 74 68 48 57 99 24 83 53 36 22 79 81 48 0 33 62 32 82 77 3 92 36 74 50 81 43 61 25 63 7 98 19 71 29 73 45 25 100 16 70 22 95 93 10 68 25 3 55 63 89 66 75 49 31 100 24 26 88 88 75 90 0 84 75 55 93 53 96 88 81 38 94 58 24 51 46 2 32 71 60 45 31 1 7 0 88 24 52 37 23 86 73 1 63 0 4 4 82 68 9 69 99 31 5 24 88 24 14 52 79 47 25 82 90 23 71 77 69 58 30 68 60 25 29 39 88 89 84 34 12 26 51 34 2 90 36 54 63 23 30 94 82 54 86 46 87 18 83 100 0 58 38 90 87 43 53 48 78 79 67 3 63 48 33 57 20 8 50 95 87 33 54 41 57 59 44 72 30 32 40 84 45 57 20 20 80 36 19 97 31 3 67 44 23 91 31 93 24 92 69 93 35 14 3 74 75 55 50 93 50 35 2 51 63 21 28 54 95 62 56 52 22 24 15 94 58 62 80 61 18 24 26 30 9 48 12 94 48 83 23 50 80 70 61 81 47 68 40 17 9 12 84 12 7 93 11 67 97 43 20 40 45 71 23 49 28 73 37 60 38 5 91 37 97 7 13 60 95 62 80 65 81 36 14 31 30 2 92 78 40 80 49 
73 15 18 32 30 26 37 95 70 91 79 87 9 22 29 72 78 95 96 38 28 52 89 14 34 35 23 55 8 16 61 36 76 11 63 54 78 60 25 17 41 44 77 64 74 12 39 40 33 2 10 40 70 51 91 92 40 95 80 74 70 75 8 73 10 61 41 63 90 74 63 42 0 35 62 21 76 35 1 1 28 2 20 45 14 85 4 50 39 11 74 26 78 60 15 39 3 43 1 3 94 16 59 65 85 52 39 42 21 41 13 63 100 29 13 83 52 0 92 28 100 46 50 0 41 37 0 99 27 35 90 62 78 28 23 8 79 10 69 12 2 96 64 64 23 26 99 2 78 66 32 13 86 50 14 95 1 16 30 80 75 48 2 28 80 80 65 35 83 63 33 91 58 71 3 27 97 37 19 9 58 98 14 92 100 67 18 12 37 5 74 19 35 88 50 77 57 77 95 90 33 32 98 41 6 88 42 38 73 61 53 73 77 44 41 78 96 95 96 9 96 78 87 68 100 59 76 28 4 95 4 71 11 78 42 41 59 18 39 36 36 71 39 0 2 35 90 100 100 98 89 30 28 77 92 35 86 98 24 2 17 94 1 56 74 74 54 32 31 37 45 64 95 32 56 13 64 14 39 59 53 30 39 30 31 82 49 88 85 25 50 82 59 55 6 33 95 72 2 46 93 78 37 5 99 7 40 11 33 90 86 27 35 24 48 39 2 4 94 18 65 58 77 84 0 0 15 40 3 10 97 91 17 57 44 20 89 85 27 50 59 45 95 40 72 28 14 88 10 42 91 100 53 79 76 3 30 99 8 50 61 92 55 33 34 78 71 38 91 72 92 7 47 18 22 33 15 31 71 14 52 90 25 73 47 35 55 35 3 33 47 2 94 57 27 78 68 30 91 66 
77 66 9 9 37 32 75 72 1 89 73 54 98 20 98 42 16 11 50 27 76 68 63 50 75 67 84 45 88 1 18 99 38 14 5 5 97 62 36 35 78 93 47 70 46 27 13 52 6 60 79 8 74 11 9 48 82 61 80 85 32 7 95 2 50 11 96 54 47 64 41 89 57 30 46 88 80 57 51 64 29 48 63 13 4 24 44 41 17 13 68 3 4 30 70 42 60 29 41 47 0 19 0 73 60 72 29 16 10 76 74 9 49 33 0 60 72 78 83 29 37 28 78 71 12 85 3 23 90 9 53 46 30 32 8 97 2 97 89 97 40 61 2 21 42 19 79 20 30 25 77 0 78 86 20 3 91 17 32 1 70 33 59 82 35 53 42 98 35 1 10 39 76 55 36 77 100 45 98 6 55 89 9 82 87 30 66 66 23 93 16 22 40 25 43 49 13 23 22 25 33 0 66 88 16 79 57 44 22 35 100 36 43 84 1 75 74 47 69 57 37 65 47 63 56 38 59 22 86 89 50 52 32 83 78 9 51 45 2 87 25 73 17 64 83 37 91 7 52 44 66 12 96 4 32 49 75 100 61 79 91 67 12 54 10 0 9 65 27 30 65 25 18 23 29 31 27 6 47 93 73 14 98 84 47 0 14 35 51 100 85 90 77 69 43 95 45 54 14 92 71 12 56 14 95 65 58 29 85 64 99 88 71 70 32 81 99 94 69 89 66 60 23 1 69 64 70 50 52 11 41 73 40 84 36 15 98 83 58 98 78 83 5 68 26 22 80 94 49 49 5 100 74 56 59 100 56 50 5 100 0 68 12 64 27 79 68 63 60 91 36 42 96 20 58 53 10 67 1 6 94 87 88 95 69 70 82 84 61 66 29 49 59 81 79 71 36 14 38 16 
98 1 48 49 99 86 61 20 2 89 95 19 23 52 73 15 75 74 87 80 33 22 49 88 1 11 17 15 34 47 33 1 98 82 7 56 37 77 35 19 27 53 94 96 96 19 35 59 59 35 5 77 80 79 65 61 70 43 49 88 15 35 86 83 38 98 34 91 18 30 6 50 32 93 30 59 22 14 44 77 21 81 62 66 42 21 33 52 85 50 51 63 4 52 2 62 54 61 26 95 33 21 45 52 80 93 38 31 24 10 20 92 27 76 29 70 27 83 45 68 62 11 73 35 25 29 80 83 88 1 55 85 19 28 39 44 30 92 68 5 26 93 25 73 42 66 93 75 82 61 60 45 53 87 30 5 46 100 32 30 77 25 19 56 90 55 74 24 13 23 24 56 48 15 48 93 73 48 21 4 21 71 11 87 12 71 7 7 31 71 6 43 66 8 22 96 86 62 66 36 66 30 37 56 59 27 12 57 92 68 93 70 92 35 67 42 9 95 40 3 27 86 98 30 6 95 3 19 100 4 74 43 54 84 62 11 24 18 19 58 1 20 77 77 13 85 12 63 94 46 51 80 18 51 12 58 97 40 80 41 73 99 12 16 87 16 78 88 50 41 2 92 9 14 49 23 80 0 28 72 12 12 5 32 38 14 54 29 58 37 70 5 59 46 78 82 53 20 80 14 25 85 15 59 15 61 92 32 59 6 20 22 89 17 95 47 75 3 98 45 35 57 68 40 34 5 72 69 6 34 47 86 61 69 76 58 28 64 60 15 83 77 2 77 24 14 1 100 27 13 57 59 89 90 54 42 51 45 2 65 49 54 85 90 49 90 73 95 71 0 43 65 62 41 64 90 95 48 80 11 38 70 77 56 24 31 2 50 70 72 20 32 28 15 78 29 79 88 75 13 
19 23 61 38 39 52 28 61 77 91 59 87 59 51 76 30 49 22 70 44 35 73 53 85 81 73 15 22 25 86 11 62 77 22 18 49 59 8 84 7 20 13 4 93 78 65 12 96 0 69 77 54 33 5 28 43 77 3 38 81 56 32 0 67 38 40 29 51 81 76 74 100 67 38 32 8 34 53 66 92 39 31 100 44 52 93 95 98 3 51 55 79 24 53 40 39 86 7 36 53 31 80 5 30 28 69 34 42 58 72 82 59 34 55 10 63 74 26 13 96 73 8 97 53 68 41 66 37 55 3 93 16 22 68 58 85 93 86 100 40 12 10 24 84 72 50 75 44 55 71 95 42 50 68 26 26 16 40 100 67 100 54 82 12 91 80 34 59 100 71 82 40 6 85 39 79 27 29 12 85 90 59 77 39 94 54 22 30 95 55 13 5 15 22 65 37 60 44 68 55 85 42 16 71 15 81 5 87 11 53 37 44 51 20 52 95 81 46 90 79 49 49 85 51 95 82 16 26 95 16 86 57 29 88 72 4 95 92 54 62 42 28 90 34 84 72 71 60 20 80 67 98 23 57 46 20 28 60 99 23 19 60 37 22 96 67 14 77 36 64 25 10 50 35 61 54 45 82 37 3 69 50 86 63 38 22 8 1 35 41 20 50 88 5 2 36 6 10 9 41 60 16 59 57 40 17 36 18 61 66 37 70 64 99 17 21 24 47 11 28 66 8 63 10 86 49 69 22 5 79 61 66 76 36 70 0 76 2 37 60 96 34 45 45 52 74 63 99 70 34 10 39 78 75 46 80 57 72 44 20 49 98 55 47 43 68 76 51 47 100 41 43 47 4 71 61 8 91 38 57 3 6 48 63 100 66 47 23 100 53 29 22 51 32 7 60 47 35 60 29 
25 67 98 43 34 73 45 73 91 37 45 24 77 33 38 69 26 63 30 33 92 91 30 13 15 84 74 84 88 29 21 98 86 85 80 6 0 13 18 88 93 79 90 57 18 65 46 27 22 35 84 65 42 49 29 13 31 40 87 74 25 70 40 91 95 73 27 28 60 8 22 64 51 61 65 65 47 90 41 78 48 69 43 6 23 19 26 48 18 86 68 95 100 100 12 25 19 30 77 5 77 26 94 12 15 21 49 66 93 44 36 89 89 70 11 97 2 79 58 88 10 72 60 6 80 81 73 67 62 74 42 29 73 99 76 78 98 67 30 88 65 94 37 35 7 35 89 15 9 37 65 75 84 76 46 21 40 99 67 79 36 68 23 18 47 10 75 51 73 7 54 37 17 95 54 34 88 31 54 54 21 47 43 48 5 99 34 85 41 65 54 19 16 34 28 58 26 72 2 70 35 84 66 46 69 75 32 27 9 4 58 10 29 15 21 68 15 90 41 6 10 67 100 34 21 59 65 34 66 39 11 94 31 93 90 35 80 35 67 12 87 37 61 87 1 45 81 20 43 60 44 15 78 7 81 41 15 82 30 22 81 24 59 33 79 81 44 10 12 95 26 59 68 88 65 92 33 61 8 62 19 21 97 40 12 71 26 65 81 16 91 54 50 87 28 11 21 42 4 59 73 18 39 74 2 66 38 60 22 71 28 18 79 69 55 79 61 24 42 60 44 38 62 14 14 50 54 34 52 51 47 99 15 16 29 61 60 8 86 16 0 23 60 26 86 95 52 87 94 46 88 18 76 65 15 15 81 88 62 18 20 58 44 6 7 96 31 42 5 67 48 6 39 70 86 44 5 42 9 52 37 5 14 11 5 89 81 16 8 7 38 11 38 76 28 37 79 98 47 1 
44 81 55 85 70 99 96 27 28 97 82 43 9 78 37 70 50 49 23 82 88 36 19 5 66 72 71 62 76 66 84 65 88 31 76 23 87 30 27 64 56 96 25 83 77 27 59 99 77 40 97 16 67 7 51 40 27 51 99 80 31 8 40 88 27 26 55 85 37 9 82 91 7 68 75 92 7 14 12 11 99 13 14 16 95 80 32 39 100 74 78 91 90 44 46 48 22 83 0 81 70 7 24 59 5 27 82 23 57 17 79 98 99 66 31 33 82 72 55 19 32 28 56 14 94 4 24 21 76 36 97 60 90 36 66 95 90 31 95 67 67 30 8 78 21 44 46 3 32 29 91 41 54 23 10 59 75 61 49 23 90 67 69 28 11 48 40 38 84 69 56 91 86 38 39 81 23 87 64 81 28 80 29 22 36 44 16 27 83 45 52 83 87 54 42 10 11 11 8 78 54 35 68 51 25 65 98 80 62 28 13 32 84 77 3 79 38 52 78 32 94 84 59 29 28 92 15 51 3 76 25 82 97 17 24 75 27 58 70 32 40 75 46 19 99 69 90 66 88 81 89 26 56 69 87 0 1 64 65 75 10 9 29 94 86 19 24 66 2 50 70 18 71 81 10 50 47 88 72 30 48 27 6 55 89 15 47 11 9 14 78 74 53 15 59 100 45 37 55 45 46 58 68 60 56 39 47 42 67 90 26 32 50 81 43 92 36 66 1 39 19 40 27 72 67 98 37 79 1 44 63 63 82 18 13 79 93 87 100 12 93 82 59 10 100 58 65 50 8 58 93 34 86 55 50 2 71 66 44 8 71 63 31 26 30 66 16 26 57 42 49 22 49 32 30 55 25 35 79 41 19 20 82 48 3 47 60 77 13 64 34 61 37 45 21 96 72 1 86 9 
78 37 39 30 44 37 95 60 67 70 4 33 24 86 51 26 30 20 28 38 11 0 50 85 74 86 52 4 6 0 30 5 30 68 73 16 63 4 36 82 48 45 29 22 51 96 35 67 58 12 48 77 8 19 63 16 0 76 0 65 42 98 60 36 97 70 14 28 21 3 21 13 30 50 31 26 28 4 81 30 47 0 25 90 63 51 27 99 13 52 65 83 4 13 88 83 25 25 3 4 28 19 83 27 52 88 15 14 45 28 46 34 79 85 4 9 8 46 31 70 72 38 59 27 93 12 60 7 29 66 88 47 45 61 42 6 22 46 50 88 33 56 71 34 52 21 27 35 38 31 10 100 31 97 1 1 90 10 59 45 27 94 18 57 62 83 33 89 73 85 80 32 63 7 7 17 77 0 37 20 21 61 8 59 72 84 22 35 50 89 5 68 50 78 58 51 83 68 50 22 58 66 14 56 42 64 15 29 21 34 78 34 54 100 88 39 45 41 89 57 70 95 5 65 12 48 74 50 34 35 99 69 19 28 44 95 32 91 64 97 80 65 37 8 71 26 68 33 76 5 88 6 15 99 99 84 47 95 35 67 60 78 6 32 31 38 15 88 20 83 24 10 9 93 66 50 89 61 69 47 65 85 46 91 100 86 13 75 17 4 7 98 5 52 44 50 64 41 87 59 84 55 60 13 70 80 80 24 57 1 57 60 13 2 71 59 5 14 64 32 94 10 44 15 68 84 22 81 78 77 5 22 41 78 16 12 23 96 15 53 44 24 4 13 39 0 3 93 45 45 92 35 67 65 73 34 81 19 7 80 31 35 55 26 56 91 54 81 48 12 1 6 1 87 32 96 93 71 83 7 29 50 69 91 85 99 70 57 74 39 64 3 41 80 66 25 89 95 19 14 
15 40 7 100 92 51 25 82 97 96 27 84 97 7 59 14 99 42 90 47 90 79 13 27 63 42 21 34 67 29 31 12 70 21 55 70 72 42 13 77 6 10 22 45 93 80 79 49 72 31 2 17 74 89 96 85 73 41 25 3 14 92 53 11 0 75 17 21 38 97 67 83 58 80 34 73 87 39 44 47 86 53 89 10 66 51 55 94 48 54 20 29 62 54 88 66 69 50 28 79 8 98 40 11 15 54 4 48 29 41 66 54 88 6 78 48 24 47 32 30 2 8 15 88 94 53 31 100 11 23 32 37 54 15 76 40 9 63 67 30 27 33 31 68 57 52 70 8 92 86 51 3 12 56 8 59 55 85 44 98 5 15 17 50 64 65 43 36 93 56 13 18 39 17 35 44 89 45 53 3 82 66 63 12 44 61 8 38 82 39 56 34 17 16 27 37 72 40 68 50 53 69 97 31 53 20 86 13 41 86 10 5 92 76 30 18 67 42 53 75 25 70 75 19 36 64 77 1 64 66 11 39 76 25 7 48 27 28 93 70 38 52 62 27 20 6 75 44 14 2 82 84 49 62 95 75 95 3 93 88 94 57 10 53 41 60 61 31 82 33 79 57 30 94 58 10 90 99 85 62 58 95 59 71 6 32 85 67 43 14 39 68 58 95 17 31 42 87 55 13 90 58 100 48 50 54 17 9 55 44 77 7 63 28 82 12 81 14 0 91 68 47 9 48 95 63 9 84 20 45 66 26 14 19 17 77 90 68 33 87 69 72 10 88 10 68 12 37 65 100 44 84 34 46 4 33 25 96 84 19 3 29 63 98 52 6 70 13 25 25 36 86 40 77 27 0 58 38 67 87 26 32 19 63 100 100 83 33 42 35 85 85 78 3 81 52 41 65 43 84 
29 62 21 80 14 3 13 54 29 57 9 3 0 77 3 53 1 26 99 60 26 47 7 25 49 85 62 75 99 36 70 38 80 35 97 57 82 73 59 18 1 47 47 25 97 40 33 24 51 90 51 6 66 36 15 54 49 38 4 76 89 5 33 69 8 50 42 80 16 13 21 76 47 82 51 20 23 14 60 44 26 93 13 0 71 19 24 65 71 1 34 94 91 81 64 61 1 51 66 100 62 92 4 49 15 68 58 46 71 96 37 85 41 18 92 11 68 21 73 12 88 60 42 42 13 37 54 30 31 33 32 45 14 61 76 17 72 23 2 46 92 1 16 37 33 51 31 76 24 83 32 66 29 25 7 59 77 74 6 67 27 28 54 62 61 47 87 21 62 42 5 7 63 8 19 85 61 85 52 30 47 38 0 100 77 61 54 50 95 84 16 81 69 60 78 90 14 45 21 16 65 11 66 39 74 74 86 67 65 76 84 10 59 92 75 96 28 86 50 62 23 85 0 9 83 1 87 25 30 3 23 4 21 13 95 17 52 73 7 18 66 75 0 42 18 1 59 4 62 54 69 79 40 38 82 12 98 34 11 26 63 14 38 14 49 75 84 91 10 82 56 28 98 18 92 22 39 7 26 2 40 80 5 26 21 28 46 10 71 83 6 52 86 17 88 85 27 67 41 91 72 60 96 90 58 42 73 92 42 84 97 76 60 97 14 51 100 51 44 27 79 27 39 74 32 10 2 24 9 66 26 35 28 9 0 28 13 64 71 1 17 42 10 6 6 99 75 11 48 46 54 12 64 52 79 44 44 35 12 94 80 81 26 77 22 37 63 62 31 46 47 73 58 13 100 26 26 81 7 83 94 98 27 8 14 44 29 32 87 60 96 36 33 95 86 20 20 13 9 66 
17 21 34 71 31 86 23 87 15 31 63 79 53 7 26 76 91 55 75 65 2 69 28 83 41 81 67 98 85 23 96 13 26 70 95 43 39 69 0 58 33 32 10 96 69 47 77 8 74 8 59 63 56 26 3 45 23 19 40 45 52 26 21 28 7 35 97 92 77 22 53 77 52 6 4 13 12 37 94 29 67 81 71 31 11 93 30 43 21 32 52 24 55 98 19 40 42 86 70 54 37 53 79 57 67 0 32 74 50 78 64 1 25 86 34 67 22 15 1 26 76 59 17 47 5 92 36 44 35 33 74 50 57 92 88 83 24 34 22 5 60 16 36 84 18 70 77 68 63 23 42 21 82 52 95 28 55 54 54 47 37 81 32 52 69 24 22 21 85 80 81 61 48 67 78 65 24 85 8 50 85 71 37 26 64 55 88 6 59 67 35 88 98 55 80 29 43 34 11 87 86 51 28 49 95 37 61 23 1 8 39 26 4 84 84 34 35 96 17 87 41 93 0 56 71 44 45 16 63 5 94 83 56 83 93 44 67 79 89 19 23 46 24 80 29 55 25 7 48 28 13 20 58 41 57 1 93 51 54 60 8 88 4 63 5 1 18 36 88 88 15 70 35 85 65 24 2 65 79 32 87 19 5 39 36 27 15 52 17 82 1 42 51 90 91 93 37 25 18 2 91 57 89 5 87 78 64 6 96 39 73 91 11 57 19 44 6 3 82 42 64 11 52 68 94 99 74 13 80 3 69 56 12 10 55 44 41 43 60 75 1 96 0 24 31 14 98 82 12 46 0 2 100 48 2 22 93 100 13 86 54 24 75 61 57 50 64 82 7 21 4 59 52 26 10 23 1 96 50 43 36 65 86 72 56 70 2 9 61 81 27 35 89 96 86 77 51 5 30 44 
10 41 44 85 78 83 25 28 96 79 95 89 31 96 25 8 93 5 30 11 21 29 28 45 80 0 78 17 25 33 43 47 54 93 56 75 58 15 44 95 86 36 86 94 7 56 18 58 43 52 60 99 49 61 82 87 51 94 100 26 23 67 53 94 54 82 86 27 18 84 31 36 76 29 2 35 6 18 88 74 52 9 24 73 21 31 86 45 61 3 50 11 97 86 93 47 70 0 27 23 31 59 85 11 37 13 29 15 78 2 60 39 5 34 96 17 70 74 65 87 79 41 79 94 36 5 81 27 53 91 98 4 75 98 98 13 84 93 21 44 69 3 20 90 93 98 56 77 88 72 48 43 97 2 79 71 76 50 65 24 73 12 0 79 4 54 16 59 25 48 70 54 14 58 96 64 63 67 85 31 79 90 63 41 28 89 91 25 63 94 17 15 14 41 13 30 20 84 45 20 93 80 38 93 8 24 31 100 63 54 84 2 27 28 16 46 79 14 17 91 15 90 64 81 29 52 22 81 56 29 49 34 26 38 55 51 85 86 8 68 84 15 48 88 83 27 19 86 71 37 65 97 56 9 41 67 20 23 36 31 61 0 49 6 78 71 9 58 76 26 77 93 19 65 74 95 23 89 7 33 36 22 4 12 44 45 34 74 70 67 75 50 98 38 38 31 9 17 8 45 75 80 46 61 9 80 56 100 25 77 39 6 91 94 85 78 4 50 98 49 92 44 98 38 32 46 2 7 84 65 63 43 10 15 5 3 15 35 83 1 32 56 66 33 58 73 60 21 62 64 32 21 10 78 18 99 65 88 38 68 73 8 39 80 20 93 35 11 45 58 17 9 17 19 21 42 53 56 98 71 18 61 64 7 20 70 97 7 46 15 95 22 75 64 32 70 27 18 0 24 
18 14 71 13 99 100 71 48 41 81 4 25 19 98 83 21 97 64 2 87 7 75 67 24 54 34 23 40 51 75 47 70 45 71 42 34 71 84 32 50 91 60 70 30 40 100 44 69 49 8 35 36 65 1 53 77 3 21 38 10 70 34 69 100 27 86 93 66 80 16 66 45 68 67 19 75 83 13 46 86 20 42 99 54 84 3 32 61 72 43 23 43 18 28 88 8 72 27 74 10 87 30 51 31 19 34 7 7 2 73 65 44 91 2 93 70 64 79 62 19 37 84 84 19 64 99 40 41 15 20 11 89 47 89 26 18 38 47 94 11 15 30 38 60 69 2 59 50 50 31 28 58 27 45 23 52 59 96 1 32 65 90 85 66 37 96 83 40 39 81 96 95 78 42 74 40 99 5 15 81 91 100 55 44 62 36 73 33 36 13 37 92 32 89 14 81 76 18 37 26 79 23 57 95 33 54 82 56 67 78 60 32 52 22 25 67 37 53 18 64 42 89 25 85 86 62 87 35 90 33 30 2 55 83 61 13 72 44 40 23 36 8 5 66 32 97 27 71 50 21 83 72 91 18 91 73 14 28 74 58 86 0 80 88 99 99 29 76 37 67 31 91 80 31 95 21 25 31 40 71 75 2 100 50 1 100 25 82 6 42 73 41 77 5 3 100 49 38 22 72 76 37 3 61 95 62 14 26 31 30 35 76 34 34 68 2 92 47 29 24 41 18 68 34 82 48 29 35 30 8 94 39 45 56 36 74 98 67 76 91 45 65 16 62 99 80 34 99 91 7 6 66 97 41 40 90 63 58 88 74 87 2 96 62 41 25 89 79 63 4 11 33 29 98 51 98 13 37 61 90 32 32 94 70 70 56 27 24 30 50 34 53 80 60 82 34 0 86 57 11 
94 91 53 60 95 69 18 42 85 29 22 49 85 72 78 88 88 48 74 100 55 5 87 64 37 31 17 20 88 12 7 74 5 88 72 98 99 69 37 87 62 31 96 21 86 36 38 27 40 87 33 29 66 80 84 84 61 4 16 6 14 86 56 94 2 92 37 40 24 19 15 90 92 38 30 13 47 80 73 89 15 11 2 98 62 94 76 68 2 45 59 57 99 24 2 24 59 10 95 6 0 86 13 50 3 0 26 89 36 32 27 8 49 71 80 14 1 95 30 9 78 26 53 81 89 8 22 3 9 90 53 12 14 43 64 93 79 64 23 35 17 53 82 69 29 100 23 83 60 83 10 40 46 65 35 47 26 53 0 71 74 42 100 75 22 56 19 2 93 33 13 54 58 91 76 43 75 28 48 55 85 37 79 72 40 85 38 75 65 89 72 59 25 11 44 7 61 82 79 53 7 99 39 73 18 21 6 73 83 55 70 50 3 68 1 7 44 5 41 37 68 90 73 67 37 64 88 65 78 12 75 76 43 9 27 28 71 24 65 66 5 99 48 58 56 27 87 92 2 0 72 34 87 4 7 16 63 87 66 97 11 95 67 84 87 8 10 59 78 46 87 26 63 21 38 1 20 52 56 45 76 81 31 41 60 74 24 94 100 9 61 15 21 80 11 45 3 52 95 21 52 21 18 5 39 45 81 10 93 51 8 8 97 5 77 78 83 51 44 49 80 75 18 50 51 40 67 53 21 21 68 43 8 97 60 57 55 94 61 36 30 64 99 11 81 78 60 42 16 84 16 26 4 29 65 11 94 55 40 2 0 16 49 14 63 44 43 83 97 71 21 54 78 76 43 97 85 84 12 88 64 29 41 31 26 10 76 35 48 53 19 78 9 4 82 25 41 99 52 70 
95 1 3 65 11 75 52 76 85 90 45 63 14 53 53 84 40 82 74 12 9 34 1 63 71 14 38 58 56 73 2 50 71 90 97 84 6 31 96 19 42 48 29 65 2 4 85 21 32 31 44 89 75 19 34 90 22 45 54 92 77 7 26 10 26 36 72 25 94 8 80 94 100 33 91 60 17 25 84 99 92 86 42 27 41 9 54 61 98 29 33 5 89 45 71 38 19 60 53 21 64 51 84 1 86 79 24 35 62 45 3 72 42 96 16 4 92 9 8 76 67 30 1 96 61 62 3 34 87 84 54 67 11 4 47 99 82 75 84 65 99 43 33 13 20 10 79 41 63 96 4 72 81 63 47 85 1 31 10 52 5 38 94 44 61 0 18 34 84 66 16 96 94 83 31 17 29 36 21 86 57 24 11 5 90 67 86 70 8 81 85 30 48 90 52 51 53 51 15 47 87 56 62 33 86 75 26 75 74 21 25 0 14 28 54 50 65 81 91 14 49 62 90 29 47 91 79 80 33 10 1 43 91 77 16 95 77 64 46 9 47 96 42 46 62 95 34 48 43 77 53 85 65 11 18 14 37 3 88 57 33 60 85 97 51 77 89 49 10 69 27 66 2 69 57 88 66 70 14 68 2 52 87 63 93 77 67 26 10 74 10 97 2 2 76 33 81 97 54 38 42 55 9 41 23 22 65 41 31 2 82 96 58 42 6 9 51 17 12 30 23 24 48 69 3 22 36 59 86 70 70 12 7 58 56 29 88 70 50 6 24 66 35 2 99 80 14 18 9 30 83 63 28 3 16 67 62 23 4 49 14 36 25 32 97 81 30 53 80 52 100 57 11 31 15 16 2 90 87 70 22 9 47 32 95 1 57 58 6 71 98 0 6 0 67 68 49 36 47 5 
97 88 68 4 81 74 57 9 69 41 25 91 65 52 91 40 33 45 48 34 100 24 58 37 13 64 53 89 48 77 35 13 78 89 49 66 74 98 65 78 0 6 35 25 72 55 84 6 33 28 38 38 84 95 79 76 46 84 22 28 67 34 5 64 63 52 61 70 99 60 38 44 92 88 59 44 34 3 93 73 24 34 42 14 60 69 67 16 58 3 72 57 76 40 76 35 32 24 52 65 61 62 20 45 44 91 36 13 66 87 43 88 9 36 36 50 30 100 39 85 84 11 46 61 95 35 25 59 67 42 32 83 59 70 27 37 0 3 34 20 48 30 22 93 99 21 28 90 36 72 8 20 93 22 1 60 44 33 67 58 97 75 27 89 100 31 67 30 22 67 79 35 93 13 5 72 97 30 41 53 44 37 94 62 67 30 84 83 74 44 58 97 82 71 8 24 46 54 93 84 9 13 28 99 23 83 57 45 18 53 18 27 50 1 36 17 5 0 60 40 7 16 61 40 39 47 94 22 52 48 99 86 50 78 61 55 53 11 25 21 57 37 83 48 11 56 9 83 94 87 4 41 87 77 88 47 15 31 83 66 23 51 78 49 47 20 7 59 60 53 13 85 66 75 10 12 85 27 51 62 6 76 88 79 40 42 59 100 46 26 33 48 60 95 57 45 32 3 1 38 6 3 79 67 46 28 45 8 76 94 71 22 31 26 16 2 51 43 74 23 44 26 0 9 20 28 9 75 100 75 15 1 4 67 77 88 28 65 82 85 80 35 9 85 61 76 89 16 44 89 71 18 79 64 39 52 8 80 13 11 35 67 5 79 40 92 58 68 90 44 56 62 42 8 75 5 59 95 53 89 58 67 1 36 82 45 20 44 95 0 98 29 21 36 0 18 11 75 72 27 
75 87 79 50 27 92 3 84 30 8 63 66 63 32 60 78 99 44 33 38 31 63 95 29 20 14 90 68 36 91 84 42 55 61 5 93 17 81 40 22 100 16 31 79 45 20 7 19 18 31 47 10 46 44 50 86 22 63 52 1 22 26 15 45 79 60 65 35 74 14 42 27 39 42 88 47 31 72 16 30 59 8 98 33 88 86 40 37 43 93 68 9 32 45 21 10 68 25 68 68 81 31 68 61 19 0 83 31 50 36 16 25 55 40 17 71 10 2 6 83 53 69 23 76 4 85 100 59 4 29 27 7 6 87 0 62 17 86 14 12 47 57 12 8 57 64 74 19 9 41 4 93 80 48 92 93 51 0 52 0 43 20 11 50 97 62 31 52 8 83 59 41 75 44 2 44 21 11 74 10 2 7 79 62 52 23 97 22 25 34 13 73 62 81 16 83 35 41 38 23 95 12 50 61 56 7 68 4 59 65 89 60 98 24 73 21 16 79 30 61 16 33 8 8 72 23 79 83 66 2 87 17 96 50 66 65 32 48 18 33 31 29 81 78 88 74 50 83 68 68 67 55 62 83 28 73 42 51 3 43 16 9 13 20 8 17 92 54 96 59 16 29 56 27 80 50 90 63 73 66 4 99 63 52 44 31 49 37 4 62 46 74 55 72 52 57 54 37 9 46 45 32 49 53 37 99 50 13 14 1 77 96 5 66 89 91 28 98 34 45 11 52 78 52 94 6 77 25 93 22 67 71 34 13 82 68 25 97 63 3 42 85 12 52 81 90 79 10 99 63 47 61 93 11 17 41 4 2 37 17 61 60 2 31 80 44 28 47 71 42 59 85 97 50 17 66 28 35 8 53 47 93 96 48 52 25 80 33 4 3 89 31 69 6 44 5 64 68 69 47 
35 2 10 79 41 83 44 92 57 97 33 0 88 6 32 87 45 79 78 91 28 77 35 3 44 30 42 67 24 58 13 26 75 66 29 28 34 13 41 89 21 66 3 54 19 93 36 48 8 94 44 100 57 36 11 7 7 75 78 37 76 21 32 73 57 98 73 96 79 58 93 46 94 86 11 59 96 91 53 30 83 80 2 86 52 67 17 63 49 76 19 53 15 75 95 73 74 99 1 86 22 62 76 68 60 47 73 14 92 22 72 81 79 76 41 67 99 96 72 33 24 37 42 22 56 6 56 34 38 9 36 19 68 32 38 91 15 86 25 45 29 25 25 36 68 34 21 18 31 3 24 69 20 99 65 78 13 29 63 80 35 92 31 56 34 69 81 39 67 4 26 31 68 6 70 13 22 15 79 48 32 37 14 69 12 95 93 34 25 93 53 34 66 3 86 1 39 75 60 74 82 86 83 77 21 74 67 45 24 5 66 16 85 90 80 37 62 96 34 16 23 62 22 55 0 55 47 69 91 90 81 77 99 18 76 3 19 97 67 73 86 18 2 57 14 57 12 27 95 75 49 4 4 23 1 12 7 95 57 80 16 85 71 63 64 18 4 70 56 30 5 23 12 29 50 83 31 96 45 92 7 27 11 24 77 62 85 46 13 86 3 51 42 25 39 94 21 23 56 50 69 30 44 21 72 4 76 72 67 80 74 76 98 93 77 8 3 96 31 25 1 59 89 64 39 59 92 7 36 96 35 46 75 7 46 24 20 23 33 9 91 18 38 5 20 17 1 21 39 66 2 77 52 78 54 86 76 61 53 13 95 73 89 98 2 74 83 22 67 8 69 95 46 16 45 90 17 20 89 41 9 80 5 78 45 39 12 96 48 63 71 68 17 67 88 41 32 42 47 79 
31 8 64 76 79 6 76 8 96 55 76 66 88 36 65 33 10 35 38 73 100 38 19 49 57 98 47 63 93 85 43 33 15 92 29 56 74 55 4 41 48 95 89 56 32 86 96 77 60 57 100 99 82 49 16 27 90 53 72 24 92 3 72 55 85 41 26 1 79 37 85 9 61 92 90 28 14 29 89 36 48 50 16 70 5 14 83 88 48 42 65 58 21 5 75 21 12 37 71 37 16 44 65 93 25 40 26 33 86 59 86 66 98 49 67 77 4 76 49 34 39 9 38 38 70 96 93 57 40 9 33 50 83 59 68 96 72 47 87 69 51 2 67 84 23 47 16 58 85 88 32 100 63 61 6 24 0 1 24 48 44 30 58 9 77 49 27 9 86 35 38 0 55 79 27 1 13 26 76 8 42 70 47 78 71 55 100 31 86 35 65 75 65 96 69 82 56 15 40 13 17 98 20 30 75 26 25 53 5 24 46 61 83 55 64 75 69 75 29 52 92 85 20 32 12 6 79 20 60 30 55 12 75 83 60 34 2 97 7 90 97 61 27 79 39 27 65 35 49 29 35 81 23 8 83 65 2 25 64 74 67 73 75 8 19 19 43 27 21 6 44 43 26 47 6 34 66 3 6 32 65 55 51 12 49 79 47 84 16 41 72 46 35 68 64 45 84 46 30 24 3 99 29 1 7 27 66 84 36 5 100 72 32 12 23 38 85 33 38 96 100 79 89 0 32 43 70 65 59 42 39 23 92 48 93 89 2 9 61 64 4 43 10 64 73 94 49 20 31 32 99 41 13 95 9 25 68 21 12 78 69 69 99 3 71 1 78 80 23 3 54 77 77 32 11 58 75 8 83 10 5 65 79 87 19 99 2 9 70 20 31 96 92 77 20 27 15 6 74 30 
63 9 100 55 81 14 74 19 87 83 87 100 91 5 15 8 81 52 81 6 80 93 37 14 98 53 99 67 85 87 74 9 40 54 8 73 24 75 51 64 99 80 11 62 71 61 71 6 92 77 96 95 36 70 38 79 89 25 94 63 69 74 4 11 91 69 35 28 79 53 56 89 52 68 95 86 99 40 55 37 55 84 55 60 5 28 100 82 48 9 49 67 14 36 34 83 84 100 76 78 17 12 14 21 93 94 42 73 75 20 53 87 90 26 89 78 83 99 71 35 18 12 3 27 93 64 23 61 81 73 57 63 91 7 76 98 44 33 94 92 19 39 8 27 61 59 87 13 34 92 21 31 99 73 82 17 20 15 46 91 41 81 60 25 38 91 4 91 78 39 85 83 97 26 76 31 17 74 14 23 17 55 80 70 22 85 41 55 40 96 69 25 63 37 32 14 8 1 51 7 22 89 37 17 2 96 91 96 53 46 24 83 96 34 29 55 83 6 54 26 98 52 45 85 79 52 40 54 75 86 52 38 70 20 1 7 23 88 75 57 63 67 77 12 49 31 53 48 10 12 56 68 79 69 84 17 32 81 95 45 81 24 32 34 80 81 75 48 13 64 38 53 15 19 83 11 63 19 89 97 62 10 64 73 61 4 22 100 69 0 18 59 70 0 13 71 4 48 91 39 24 72 32 59 84 35 26 33 2 15 47 9 58 26 87 59 2 0 47 33 5 32 83 25 27 96 14 41 51 25 49 31 83 92 65 20 21 58 84 76 66 17 91 64 78 17 58 17 32 96 3 28 86 59 17 69 73 47 76 25 72 60 22 27 17 38 99 87 96 14 99 7 22 64 27 4 39 11 27 90 42 10 99 44 38 69 7 54 58 45 100 54 76 30 76 23 6 76 47 4 
12 62 74 63 9 84 82 63 18 65 29 5 43 39 56 73 46 86 72 96 73 34 36 34 9 25 6 23 69 47 28 0 2 47 74 52 85 62 61 94 1 49 73 55 65 26 91 21 58 0 88 74 6 73 61 83 61 23 14 5 100 40 82 69 94 76 65 24 17 69 72 98 23 27 11 28 23 48 55 85 56 21 68 9 69 29 96 80 16 36 24 28 77 3 13 87 89 2 79 34 90 79 45 52 74 94 50 24 85 35 58 24 59 22 0 37 26 74 77 77 42 15 14 32 87 31 67 77 89 75 61 5 91 83 74 1 42 49 25 60 13 54 0 3 70 100 48 99 97 83 72 21 78 25 24 88 22 0 22 20 88 6 91 78 35 96 61 53 92 62 69 23 2 53 28 30 90 12 37 34 22 62 15 89 98 46 2 59 5 97 6 13 6 38 59 99 77 9 8 80 25 78 85 3 79 40 44 29 37 27 12 74 30 39 33 55 78 54 84 13 90 9 82 51 31 92 16 98 36 76 11 21 58 68 1 51 6 73 1 89 61 69 17 8 66 42 20 61 77 40 47 37 8 13 62 2 89 36 91 30 4 54 38 5 25 92 59 94 65 35 68 75 72 10 76 22 69 36 68 38 47 89 84 42 82 26 97 20 81 13 1 27 81 29 77 61 55 34 55 13 83 10 25 21 67 16 100 29 38 5 18 48 86 27 33 12 23 72 37 9 61 6 52 42 84 37 4 59 95 9 9 42 99 41 88 10 83 63 15 26 38 4 1 37 28 12 48 75 56 63 73 62 56 2 10 73 27 57 29 89 23 48 43 65 100 18 15 91 44 73 16 51 48 7 34 46 11 49 57 63 85 48 50 12 66 14 72 13 82 14 75 9 95 74 9 36 7 44 82 59 
66 80 60 1 27 89 27 51 98 88 54 6 82 27 12 91 66 62 26 7 22 58 61 30 74 74 35 58 4 80 36 10 36 65 17 93 96 90 57 66 95 64 90 5 4 5 1 17 82 95 19 99 90 69 56 91 67 63 94 73 87 16 51 75 13 22 74 13 3 99 49 57 83 32 21 36 8 64 74 19 21 39 28 85 68 89 37 1 81 59 48 34 100 78 29 43 51 76 34 21 90 46 81 94 16 76 27 63 58 41 53 26 41 28 2 32 6 44 39 18 58 86 58 17 91 23 16 15 33 31 9 11 47 8 13 93 36 44 16 84 99 89 36 63 52 20 22 47 9 73 64 3 60 51 89 22 21 35 18 43 59 41 24 59 57 36 30 69 46 54 94 38 2 86 29 56 87 3 32 61 98 96 12 29 10 66 23 15 0 100 6 79 37 89 16 39 62 85 40 42 67 74 68 67 34 69 41 63 96 48 63 94 65 44 32 48 54 18 70 40 33 85 11 53 42 31 65 41 97 15 71 62 82 6 20 78 83 94 65 42 23 16 36 54 53 86 70 25 96 48 88 23 61 47 25 88 49 4 17 23 52 68 91 21 22 59 26 53 17 50 27 68 18 53 87 69 21 44 67 73 93 33 82 15 58 88 74 58 17 61 17 94 9 58 23 73 77 53 50 0 24 22 83 42 80 2 78 73 100 40 76 19 12 72 41 94 93 3 95 26 23 16 83 0 77 11 96 13 40 88 46 77 82 92 97 43 22 16 63 37 10 43 30 54 36 45 99 18 87 49 26 21 89 90 52 44 83 63 5 33 77 70 47 58 86 76 93 46 38 28 90 29 65 72 7 15 80 52 38 91 22 80 25 95 66 7 14 36 91 18 8 81 0 98 37 49 47 87 40 27 
85 86 84 59 51 41 61 48 64 7 18 45 18 31 9 90 44 79 34 59 27 66 42 21 6 69 68 37 89 58 33 22 18 95 57 91 55 93 50 99 55 40 10 25 85 90 0 25 73 67 11 70 45 71 38 95 70 24 98 2 98 32 88 24 9 98 54 18 43 73 83 12 28 13 51 54 45 94 62 99 7 40 84 34 3 78 1 41 59 26 83 28 79 35 24 74 80 77 19 6 16 78 47 45 28 18 96 62 44 11 33 96 89 90 83 30 60 39 8 99 77 6 52 81 62 74 21 42 72 31 68 43 92 93 97 52 33 20 95 59 30 13 88 36 52 51 86 35 80 72 70 0 25 51 61 92 87 44 39 90 1 53 75 18 72 80 3 10 42 5 10 96 19 88 28 96 43 62 95 67 70 78 7 80 1 49 69 60 74 30 6 3 9 93 44 98 77 8 52 67 71 42 89 86 40 16 41 23 56 39 0 64 1 95 87 31 8 80 57 20 83 73 28 57 45 33 57 56 49 34 23 53 21 4 6 76 61 17 6 74 84 5 97 35 72 29 2 80 42 47 73 7 17 28 81 11 66 3 70 12 90 76 31 19 79 48 51 69 6 90 50 100 49 44 91 59 97 51 43 42 76 76 29 46 46 73 14 34 100 67 56 63 23 10 22 84 59 42 28 99 53 24 19 59 73 61 8 72 15 2 84 33 78 50 88 5 66 25 32 4 83 17 58 39 46 50 70 71 62 47 84 62 92 98 16 6 45 2 71 78 21 69 12 78 68 14 14 0 97 37 79 56 23 29 53 92 43 84 22 36 11 76 52 17 32 24 20 32 25 1 96 16 9 66 47 99 75 53 38 67 86 55 45 66 46 25 86 31 16 38 83 53 93 45 42 0 100 39 44 71 
50 86 85 61 49 46 31 7 68 24 11 49 21 46 98 79 35 82 47 40 26 81 37 67 64 100 1 32 65 43 81 86 83 36 1 13 75 85 35 66 5 34 71 72 90 6 64 29 69 68 75 9 55 42 92 94 51 35 67 29 20 4 98 37 72 66 19 49 71 7 44 20 74 12 37 49 4 86 70 66 18 16 98 97 93 46 94 21 26 12 49 8 85 9 93 39 25 93 87 3 34 22 85 5 99 99 40 49 100 99 84 40 37 99 26 15 13 86 94 17 87 28 78 10 5 84 72 90 11 13 40 22 58 41 46 58 57 24 87 84 52 23 10 4 31 18 58 33 38 81 69 11 98 47 23 9 65 62 3 62 86 35 92 84 72 43 38 51 80 86 50 60 67 27 50 73 31 27 11 67 19 32 70 75 75 39 67 33 77 5 42 17 8 9 88 86 16 91 47 65 7 18 83 29 83 86 61 54 19 100 17 72 86 74 72 84 88 89 20 28 77 14 45 79 80 64 95 90 60 4 54 74 25 79 36 74 20 66 3 0 82 97 95 14 73 55 98 66 12 71 27 24 67 65 58 80 75 67 4 45 51 4 35 77 92 90 67 68 40 99 85 35 46 56 100 3 37 89 89 84 74 24 86 70 49 43 75 21 41 5 48 15 69 100 73 50 81 17 15 3 69 90 49 56 1 88 56 14 23 71 37 15 68 67 4 59 72 51 67 63 15 93 58 92 29 32 40 21 46 25 83 91 96 54 87 13 16 25 82 8 13 52 44 24 93 68 92 12 3 99 30 99 42 92 83 66 18 94 4 27 74 90 84 47 64 37 56 57 14 53 96 36 48 60 98 67 90 87 95 3 69 100 85 91 88 68 14 65 84 61 66 30 55 51 50 37 30 87 21 19 
88 34 70 36 19 54 73 70 28 72 88 5 67 96 88 80 93 33 65 91 41 8 41 81 60 64 27 47 84 28 88 81 24 31 48 29 52 55 4 33 22 27 76 65 50 17 32 99 48 82 29 16 41 99 94 8 93 9 40 30 53 48 35 11 77 77 17 86 48 6 0 90 51 15 95 76 44 64 77 83 23 82 85 71 14 62 47 96 94 23 25 48 89 69 68 12 74 31 38 76 3 59 8 97 27 20 57 0 77 19 92 94 42 53 54 41 29 82 86 92 41 69 55 47 14 87 56 85 19 17 43 94 25 62 13 15 81 51 45 67 1 47 73 86 77 76 28 22 28 72 28 12 69 29 81 88 68 14 0 15 77 2 21 99 44 81 24 84 20 43 68 64 74 7 36 12 87 83 93 63 0 99 83 2 14 94 34 61 50 54 96 83 59 90 3 66 78 23 65 25 63 9 49 28 51 20 60 65 17 16 52 50 98 98 77 97 37 76 6 86 15 25 38 70 58 38 25 26 15 43 26 38 24 53 2 28 25 22 65 76 88 84 34 60 59 100 20 7 65 16 84 86 66 95 53 21 28 4 6 2 28 4 94 88 50 95 60 17 36 3 100 16 66 76 20 1 13 65 88 9 17 35 96 17 82 45 48 2 22 95 19 65 21 17 8 47 18 3 69 54 4 9 36 5 96 29 32 27 0 7 35 23 63 64 32 85 71 49 83 73 70 17 17 47 72 91 58 86 81 41 44 12 52 26 95 2 44 0 5 50 60 4 71 67 96 74 8 35 53 95 13 44 9 18 82 7 59 74 43 68 93 42 35 3 11 64 22 85 97 13 69 62 79 60 60 85 98 17 66 51 24 17 7 90 39 51 78 42 65 73 51 66 1 64 24 3 13 79 65 95 
69 52 28 96 97 33 83 87 54 61 48 7 84 49 57 16 74 8 85 37 73 98 78 93 6 59 7 82 5 44 81 91 15 48 17 3 81 84 96 43 81 73 56 61 38 86 85 13 89 17 33 57 71 47 3 57 84 1 8 15 85 70 40 56 62 74 18 23 56 28 55 92 68 61 50 16 62 58 4 34 85 26 53 95 76 40 95 50 94 13 31 70 58 99 33 65 3 14 75 2 95 80 10 20 6 62 80 12 47 36 33 20 10 85 47 99 64 85 38 67 36 35 41 16 54 17 19 9 99 28 35 45 6 26 86 28 18 26 92 28 64 46 79 24 87 21 77 3 73 91 95 9 19 87 3 28 53 60 14 71 10 17 18 61 36 58 20 72 79 93 36 35 39 59 89 41 36 39 87 53 76 55 46 55 56 63 32 20 75 46 76 93 53 97 61 32 20 30 36 25 49 28 80 22 52 32 55 88 96 34 18 50 37 55 20 88 93 41 49 98 21 48 53 29 58 82 99 95 70 100 82 61 64 52 32 89 24 63 49 4 77 19 93 39 31 93 25 57 23 32 95 48 51 41 19 50 25 4 21 52 46 84 70 73 100 28 2 99 41 47 44 55 41 34 66 64 9 10 98 95 5 46 46 49 81 71 36 23 77 40 27 89 36 37 63 78 92 94 99 58 48 95 43 19 20 33 50 53 12 53 54 9 10 82 60 28 25 48 4 100 94 71 19 100 94 94 26 38 16 99 70 60 33 8 98 43 3 14 93 82 44 47 17 98 52 84 57 11 61 24 16 91 48 48 4 80 2 53 35 1 29 45 22 39 64 0 49 100 25 6 64 72 24 74 65 51 98 26 62 95 10 6 21 9 44 92 94 100 29 67 55 49 26 71 0 23 55 62 88 90 
42 42 84 20 57 25 56 10 17 75 41 74 23 95 12 89 21 55 20 17 78 96 18 11 18 41 41 80 90 13 62 45 80 10 62 80 8 72 15 41 84 91 97 30 57 24 73 44 97 98 35 19 31 7 42 85 86 22 15 9 96 31 29 98 9 0 79 80 34 5 4 15 82 21 34 84 88 6 99 0 26 64 30 36 82 92 33 74 20 59 2 73 25 17 43 93 36 64 79 100 21 60 1 27 33 35 34 93 30 44 58 8 75 35 86 83 64 19 30 1 100 8 16 12 37 83 30 93 58 67 60 22 18 61 29 91 48 66 93 27 96 33 2 100 27 7 2 63 33 60 51 90 100 32 0 10 88 68 69 8 59 56 95 99 7 54 86 79 4 71 4 91 39 79 66 2 14 17 22 4 96 86 80 54 66 22 61 5 5 2 93 42 7 62 46 41 72 23 31 68 14 98 46 47 95 47 30 99 8 24 39 33 98 5 89 99 46 65 54 98 44 33 27 46 24 36 38 14 41 60 50 77 71 44 75 5 96 84 51 12 91 31 64 56 6 8 91 7 6 70 83 46 100 12 97 52 72 11 45 8 91 25 54 5 95 66 86 100 84 38 43 94 73 51 44 24 36 7 59 53 81 94 4 68 51 23 92 52 80 37 22 22 97 75 68 66 67 68 52 97 86 82 99 0 55 17 6 66 75 17 61 81 58 17 66 21 96 28 53 89 53 15 75 25 10 16 69 72 3 3 35 93 37 71 10 31 53 57 15 94 22 56 62 9 3 48 59 91 49 95 36 15 74 13 17 22 49 2 98 52 98 91 17 75 57 60 56 18 30 80 89 4 70 32 82 38 72 86 29 44 55 40 21 35 59 29 91 45 17 78 17 21 21 70 99 60 42 29 45 37 
50 27 42 6 33 93 25 77 27 44 9 19 14 76 16 10 24 64 71 95 49 93 45 14 63 69 96 85 9 14 80 4 55 91 64 27 75 44 70 99 39 8 21 13 57 88 32 89 29 37 64 60 92 19 77 32 60 75 74 13 80 29 48 84 96 7 30 32 30 17 42 43 73 76 62 28 68 79 1 98 23 86 82 96 21 84 88 95 77 5 86 70 77 78 98 45 16 51 33 30 58 99 82 44 33 54 70 19 92 26 9 57 49 37 60 77 74 8 18 66 91 84 68 93 47 63 71 72 30 69 74 68 85 92 93 47 13 19 30 4 4 38 91 11 7 13 78 80 74 87 36 62 34 5 9 77 43 8 53 90 0 13 19 45 83 33 0 65 93 27 42 97 11 33 45 4 58 70 52 77 26 20 19 12 34 41 98 51 32 58 89 31 86 66 47 23 74 58 81 69 89 14 40 99 65 71 87 38 75 26 99 19 64 72 99 93 81 70 7 80 52 12 64 45 81 100 44 39 37 44 35 62 6 12 72 43 48 88 85 97 51 6 20 87 49 47 15 75 92 56 24 38 1 50 85 83 63 95 22 43 58 37 97 92 13 98 100 8 1 93 93 17 40 59 34 100 91 41 10 64 0 31 1 67 6 26 21 66 0 34 48 29 69 99 16 25 69 80 73 38 79 19 86 13 33 34 69 33 86 66 45 52 58 0 92 39 69 51 77 86 35 49 33 42 51 79 54 92 6 11 19 85 58 16 4 99 5 21 89 64 87 50 88 74 86 20 89 92 3 77 23 33 14 70 30 42 3 33 100 67 11 40 22 12 0 83 47 22 62 83 6 61 26 83 78 59 64 63 31 0 50 24 30 92 14 65 88 93 71 21 68 36 84 92 42 91 68 53 51 12 
91 74 97 78 61 5 11 38 68 16 64 49 4 92 31 34 61 50 43 57 66 72 44 96 95 11 89 85 67 13 40 22 59 94 57 58 11 87 34 60 46 82 28 34 57 42 21 48 41 71 70 55 22 58 25 52 7 68 78 43 54 20 24 53 1 44 45 44 27 6 50 81 23 2 27 19 78 35 91 23 99 48 30 69 84 69 52 58 28 42 66 26 84 70 59 81 7 65 21 22 52 96 83 90 33 27 55 34 24 48 8 81 50 48 14 31 83 76 97 21 71 57 0 31 96 94 61 96 56 91 21 25 76 5 62 26 67 65 14 19 94 58 86 97 65 56 67 37 99 25 83 51 89 46 11 31 20 63 4 11 98 62 17 4 86 90 10 72 54 85 96 62 88 49 62 34 24 15 99 62 59 54 25 94 47 89 70 97 44 65 18 38 40 26 41 5 14 2 97 76 34 21 53 18 81 92 94 39 30 71 0 19 68 0 39 83 76 25 28 50 15 25 40 27 43 50 75 12 87 67 67 17 72 38 31 50 20 9 58 22 55 98 77 67 55 87 49 0 57 12 80 12 35 61 55 89 91 37 81 38 7 6 55 81 100 26 99 60 41 97 77 82 51 32 24 29 8 49 26 8 8 16 14 97 75 27 85 14 48 76 24 17 9 94 6 29 73 14 80 83 65 62 100 58 14 28 89 23 57 94 14 47 37 30 62 1 19 83 96 46 57 63 72 81 1 52 88 54 38 58 52 31 64 14 61 26 86 87 42 42 79 21 71 57 15 26 24 21 72 1 1 24 57 13 24 67 68 74 14 86 18 15 49 60 28 56 66 46 99 3 75 72 7 97 31 24 53 96 67 6 82 4 47 68 65 66 10 45 7 7 22 33 0 91 89 82 47 94 76 46 
2 16 51 28 12 80 32 82 33 42 6 61 45 43 83 38 24 40 98 19 83 32 1 97 21 6 26 15 69 22 64 54 97 41 40 72 5 80 46 32 10 46 34 19 69 66 0 74 93 25 3 9 46 62 70 58 68 30 33 35 88 69 47 76 7 80 93 11 35 47 75 96 17 4 48 28 4 81 99 34 51 84 97 72 17 1 74 40 25 73 75 66 73 38 71 31 66 93 85 55 55 9 98 90 45 49 63 14 82 34 29 94 15 89 54 6 93 65 23 54 5 83 93 49 82 57 98 43 95 11 55 21 29 58 59 51 62 93 51 90 95 38 37 26 38 83 2 92 27 18 78 10 75 23 25 59 95 64 5 83 55 83 44 87 68 17 7 81 78 14 12 44 50 6 92 46 0 3 94 53 70 89 57 72 49 99 86 79 66 93 63 50 62 82 69 66 93 33 27 64 88 97 3 70 2 48 49 39 51 1 19 29 31 33 100 47 68 76 73 40 70 73 16 22 29 12 43 46 73 92 72 93 94 30 4 82 4 59 44 93 21 55 12 78 87 94 25 61 25 61 47 29 16 39 67 95 88 29 54 13 74 31 10 42 28 76 31 48 41 69 25 45 4 54 63 54 92 26 67 77 81 77 10 17 61 17 88 97 56 71 19 15 81 23 21 8 68 30 36 11 49 15 54 24 3 71 28 30 96 21 54 1 22 83 86 18 94 38 63 91 9 86 100 60 25 17 41 44 52 66 65 1 5 7 31 93 38 8 11 88 14 44 26 50 65 63 9 5 84 36 34 48 59 99 96 32 61 92 78 68 54 20 57 83 75 91 25 53 41 76 55 32 49 23 59 51 39 66 79 72 69 83 77 50 96 44 20 44 15 77 44 14 33 13 29 69 13 20 61 73 
77 77 66 13 65 31 64 90 19 35 22 13 26 91 60 74 95 6 79 80 9 67 12 33 44 21 100 65 7 23 53 32 74 41 55 22 99 25 2 89 6 66 12 44 98 5 8 73 79 57 81 40 52 2 84 90 32 82 37 50 21 77 14 36 72 97 89 77 94 79 45 38 20 84 99 43 44 63 22 85 51 89 84 47 95 41 94 12 90 49 48 79 86 32 88 30 54 98 33 28 62 20 34 53 77 7 17 47 22 62 81 54 35 76 29 44 13 60 65 23 55 65 41 99 17 76 53 79 70 60 6 93 43 67 47 75 41 75 66 69 79 22 42 88 100 25 67 52 75 25 81 69 36 17 55 83 66 23 20 10 94 86 89 66 55 70 63 65 56 99 25 19 80 66 54 85 50 14 35 9 39 34 6 27 10 39 0 64 31 95 18 83 84 72 29 53 98 38 69 6 92 88 97 12 43 98 67 38 53 94 98 74 61 64 54 60 50 9 4 73 36 62 70 2 50 96 55 70 85 40 83 100 58 52 82 59 26 93 47 55 94 74 60 77 77 2 33 71 93 27 14 73 65 3 29 10 60 4 96 92 73 58 0 87 24 100 83 88 46 86 24 54 22 81 52 94 4 11 98 2 64 77 34 51 24 87 72 45 42 6 59 15 55 2 85 38 76 95 95 51 48 9 25 49 48 26 59 16 56 88 12 32 3 63 0 52 40 90 74 24 53 23 97 58 46 96 27 97 83 31 26 53 44 36 81 55 61 36 33 71 61 14 42 95 54 17 91 75 76 23 17 32 84 32 79 34 72 79 83 7 94 25 89 77 50 21 8 47 51 63 35 18 60 78 18 63 92 16 27 14 61 16 59 11 33 94 69 43 90 99 50 59 99 83 92 28 34 72 52 96 
15 21 98 32 68 19 89 38 17 81 48 69 59 44 73 9 82 97 5 85 27 98 68 90 55 31 48 77 19 62 22 65 60 53 62 83 35 34 43 2 69 11 73 22 74 79 36 0 50 18 7 86 51 74 18 92 49 89 25 16 14 77 3 48 46 86 37 73 25 58 31 30 70 12 6 57 70 65 71 25 53 40 31 1 100 23 69 88 11 56 30 28 65 9 73 36 39 55 72 93 31 37 26 68 26 51 100 54 44 37 48 21 88 7 91 24 34 84 74 3 11 96 30 0 61 71 32 19 16 5 65 23 33 14 4 28 60 89 25 1 44 9 89 46 7 77 91 6 64 46 62 75 85 81 95 52 86 32 89 97 76 63 24 65 23 54 58 9 14 32 11 12 63 86 89 78 83 52 1 50 78 17 100 62 25 11 32 35 12 17 44 62 59 78 14 47 27 56 65 0 16 24 80 96 53 23 77 41 44 4 33 84 19 99 36 32 96 33 95 12 69 53 21 3 33 96 72 58 77 1 46 65 66 36 47 75 78 12 22 45 22 61 51 93 70 10 91 55 32 57 52 79 97 79 44 76 24 7 65 80 49 24 99 74 76 26 2 95 45 41 36 52 62 32 9 67 17 77 40 73 85 58 0 31 93 29 18 66 57 32 18 86 78 48 94 24 70 43 99 28 79 34 78 4 2 10 22 62 68 63 58 35 41 54 66 71 96 79 19 71 13 81 75 48 22 89 4 58 15 48 29 37 93 29 25 91 32 7 87 38 69 47 96 61 2 36 76 97 13 75 55 11 51 95 91 93 64 37 53 83 30 23 90 49 15 8 44 33 83 12 97 83 38 71 4 25 29 71 49 32 79 4 40 34 38 10 63 23 49 3 14 9 64 59 24 12 34 23 53 90 
6 24 96 69 57 31 55 89 55 90 60 84 25 51 64 54 72 68 3 74 44 63 49 60 9 58 81 22 57 69 84 99 30 99 8 64 71 63 51 44 57 6 81 39 0 80 32 86 33 42 93 60 83 58 78 84 53 83 6 81 77 33 22 61 78 36 95 19 79 74 98 65 90 97 99 66 0 15 30 33 5 65 74 54 57 97 79 92 79 28 92 69 64 6 30 64 84 46 78 25 15 65 64 91 40 57 1 43 21 14 97 31 7 95 77 65 90 74 85 3 87 21 17 6 1 7 91 62 48 36 15 38 89 89 86 78 99 3 3 38 66 13 31 55 10 86 58 27 67 13 78 29 24 8 46 42 14 81 79 11 69 34 76 52 6 40 90 94 28 73 67 28 99 71 59 51 12 99 71 83 30 47 40 2 47 23 7 89 84 70 37 81 59 30 52 13 66 30 51 41 24 70 9 44 45 32 78 3 65 91 14 43 97 45 35 86 7 9 25 90 59 74 6 21 0 50 91 83 89 10 71 70 5 55 0 87 100 93 89 61 58 85 11 90 5 94 16 9 36 84 62 38 62 70 86 27 13 63 1 57 83 73 79 84 14 68 28 79 26 77 14 15 35 16 31 66 34 66 73 81 27 73 33 63 35 87 84 49 42 50 59 66 14 6 16 54 5 90 14 67 86 92 46 78 35 19 16 74 62 31 16 78 50 8 21 68 43 71 15 24 29 100 17 65 71 71 83 4 44 41 39 14 76 18 55 86 69 13 77 35 80 37 99 97 4 1 2 74 99 2 12 64 11 38 48 7 32 79 30 64 100 76 32 23 4 49 90 60 62 77 61 27 17 24 77 55 12 21 24 89 80 83 51 65 56 34 12 90 86 96 11 58 62 99 53 80 86 93 24 14 
88 4 41 28 80 75 96 0 93 35 51 21 14 98 29 62 75 22 40 4 100 5 14 16 48 49 46 17 80 2 50 98 14 10 89 0 28 39 96 97 82 95 31 31 28 73 69 85 69 46 86 32 8 1 38 1 37 79 64 13 5 33 56 15 36 96 17 56 12 81 46 95 23 89 20 100 24 70 7 38 98 86 81 3 81 82 15 71 24 82 77 35 19 96 5 97 82 90 27 91 50 52 25 48 2 65 49 56 89 62 59 100 67 57 85 72 28 77 59 83 64 2 42 52 64 58 49 68 74 29 66 41 93 88 5 94 22 96 2 62 61 97 77 6 32 33 68 6 48 73 69 81 26 31 29 10 23 27 70 39 45 68 42 72 80 62 38 75 65 16 9 83 29 50 55 54 4 71 18 81 59 42 79 79 86 63 56 80 42 67 58 46 14 30 74 93 39 58 36 56 12 69 64 13 62 19 33 1 21 11 51 87 50 81 46 66 90 70 1 5 67 76 56 54 99 62 35 72 42 2 29 56 48 20 27 90 22 32 7 56 41 62 73 85 67 25 17 85 3 6 54 6 80 100 94 65 37 56 5 92 39 79 71 11 37 23 85 65 29 91 35 86 61 30 94 11 69 67 60 83 54 42 5 46 95 24 94 89 21 69 88 92 79 12 27 26 76 14 32 25 61 39 20 72 80 57 56 1 17 11 74 50 26 39 19 61 17 23 67 59 10 56 6 97 56 87 31 79 94 72 99 100 91 84 39 75 6 44 79 49 10 48 60 47 28 31 77 64 28 72 27 45 20 40 19 5 53 24 52 25 75 98 89 50 71 0 31 51 11 43 37 31 41 62 74 51 40 78 85 65 53 14 44 69 1 13 9 16 51 93 14 29 70 40 63 98 44 45 37 50 
39 94 39 47 15 61 58 6 58 93 77 6 76 35 24 1 4 71 42 82 95 17 19 15 30 87 41 10 6 93 17 77 47 61 42 27 98 92 25 11 5 91 39 47 13 70 9 91 0 29 38 25 14 46 76 1 24 39 21 44 62 85 78 52 81 84 29 39 79 92 72 96 49 90 98 88 38 26 32 48 11 22 49 46 17 47 9 99 66 68 67 4 52 19 5 82 58 20 60 72 85 75 14 52 88 79 92 68 96 12 69 10 25 53 78 76 51 31 75 5 72 80 82 28 1 70 68 98 76 66 99 95 32 95 59 69 20 13 36 37 2 94 52 96 62 54 8 26 65 80 0 100 58 89 34 27 63 64 35 61 4 89 22 48 72 25 22 84 83 39 23 25 34 87 25 42 75 53 98 30 95 50 76 93 67 100 98 60 91 67 0 97 54 70 4 47 35 43 29 30 11 40 61 95 95 78 37 71 25 17 3 95 16 65 98 77 1 5 52 45 64 48 85 64 37 72 36 49 85 76 71 14 36 4 50 37 66 58 63 92 51 67 23 95 21 13 86 30 47 37 11 96 27 17 2 14 12 63 34 2 2 1 57 30 68 33 49 61 31 29 34 15 17 85 93 80 83 91 39 58 13 23 29 42 86 21 97 2 0 25 57 58 49 78 24 29 30 61 52 28 47 76 99 20 72 4 68 75 82 95 71 28 62 66 2 47 54 0 76 9 34 56 48 58 39 29 45 22 50 37 82 58 16 0 53 25 23 94 56 33 1 8 94 0 12 77 34 93 43 72 68 66 67 16 49 77 5 9 2 17 63 94 91 55 2 77 80 51 23 27 75 66 22 54 17 43 40 5 18 10 4 72 22 15 3 59 34 78 37 50 33 81 33 11 89 64 64 46 58 12 
95 17 33 75 100 18 69 31 28 56 9 66 50 8 5 44 33 41 98 70 14 43 93 6 66 71 34 72 11 2 85 49 89 63 65 83 0 61 19 34 44 64 12 35 2 57 100 79 94 99 36 94 70 55 29 94 97 54 44 49 52 32 51 77 52 89 60 15 41 88 67 99 40 55 2 52 27 24 1 87 4 60 69 55 91 18 62 12 22 80 29 35 66 57 51 95 25 64 38 0 69 21 31 22 70 98 93 75 71 21 98 64 36 86 98 10 43 46 88 93 77 37 64 48 0 62 95 24 76 61 43 25 84 75 21 42 18 36 35 93 55 43 77 91 90 43 49 27 76 20 52 81 70 33 49 33 14 33 7 56 99 99 35 44 89 69 65 44 64 4 33 53 41 88 42 89 73 81 1 31 97 29 83 7 62 69 79 51 92 40 42 68 50 41 15 27 26 6 52 25 83 13 100 88 60 15 1 2 33 72 1 17 17 39 59 89 62 11 42 4 49 34 53 92 96 8 6 46 39 54 24 93 66 95 3 91 77 44 86 73 41 82 77 100 58 32 36 56 26 67 55 57 62 23 9 88 30 15 21 29 68 50 81 18 9 29 19 8 97 55 42 17 88 98 24 96 12 8 69 62 23 16 93 98 86 80 63 49 54 29 67 8 7 8 89 28 8 78 39 5 59 52 67 18 62 38 7 67 12 56 82 24 71 96 32 0 70 6 19 28 86 57 79 46 71 61 99 25 16 44 58 21 68 28 24 5 45 3 44 52 100 14 87 98 23 50 41 98 22 83 66 74 3 17 75 63 0 15 79 98 93 82 19 43 2 16 6 27 17 21 53 66 43 63 68 68 81 100 60 51 57 28 17 97 49 53 95 96 52 58 9 4 50 83 14 64 42 19 69 51 
33 89 52 88 7 45 90 84 5 28 38 69 14 8 39 87 73 86 65 54 58 34 45 25 49 85 97 18 52 22 76 38 58 22 83 42 74 83 24 43 52 54 80 43 52 49 18 12 99 7 48 67 14 86 55 38 5 0 82 98 33 8 53 43 23 20 66 34 22 63 49 32 11 4 93 25 11 33 13 38 16 80 95 53 9 11 65 17 51 29 85 58 100 2 83 68 84 37 16 17 62 14 57 61 53 7 80 73 28 27 64 6 12 56 2 51 4 34 61 89 98 14 97 79 80 57 59 48 72 56 24 10 15 85 55 10 12 33 11 22 94 2 83 64 35 14 43 55 75 36 79 38 32 63 38 87 53 46 72 75 0 18 52 64 11 37 76 58 53 28 56 86 3 89 92 68 95 60 84 66 44 61 20 10 36 27 11 3 83 27 54 31 39 34 80 44 40 48 95 97 36 76 99 82 57 58 82 99 70 99 4 85 23 92 25 52 80 74 66 7 66 4 27 36 21 96 0 35 76 61 60 85 23 82 73 2 89 47 83 15 23 39 12 29 80 81 97 58 50 70 65 76 42 73 75 33 51 14 79 8 75 9 17 44 77 51 0 57 25 55 46 92 91 16 9 23 40 28 15 55 25 67 58 72 6 70 4 91 87 26 75 29 29 25 7 19 89 58 42 69 73 85 38 11 28 26 76 51 95 41 8 62 42 56 72 86 40 70 79 10 18 44 38 75 92 95 42 61 89 18 37 15 63 86 40 74 44 25 14 76 52 11 2 14 75 16 98 63 31 63 95 74 41 3 59 68 26 20 34 10 65 40 63 17 77 61 91 84 1 57 93 92 100 45 58 38 100 41 36 16 1 74 65 39 2 48 71 56 1 29 10 26 56 20 68 72 10 28 55 30 
57 94 10 23 47 51 91 40 27 37 16 68 12 54 100 92 26 79 66 59 62 57 63 93 43 87 57 18 2 77 97 85 65 92 81 98 94 89 100 33 49 88 85 0 70 12 16 3 14 28 98 22 57 35 89 18 14 94 78 22 7 90 15 34 93 7 18 37 13 18 44 45 90 83 51 87 15 9 21 19 93 74 21 53 67 65 90 75 85 49 88 46 11 24 18 61 5 2 45 52 0 91 31 5 3 74 21 50 14 93 62 57 56 52 66 61 75 33 80 74 30 70 74 26 39 91 23 15 97 3 12 28 24 99 57 53 91 52 71 5 70 0 93 55 48 73 9 69 76 86 65 28 11 53 68 93 1 27 6 14 99 97 45 36 69 88 96 97 19 82 92 10 4 75 65 72 45 49 2 14 19 70 81 21 82 37 55 55 47 66 10 9 73 13 28 26 16 100 22 34 26 56 1 68 91 52 73 97 94 97 68 45 7 33 95 75 67 13 92 27 84 14 95 44 55 40 64 73 81 72 98 44 97 81 57 13 36 94 32 92 67 61 4 65 67 30 99 19 11 28 8 54 2 35 39 28 50 46 70 40 73 54 4 85 45 12 91 99 15 30 94 51 91 68 57 50 63 13 9 69 27 56 33 79 10 11 85 10 10 35 79 8 58 39 51 35 74 56 64 59 8 62 40 79 64 50 62 83 92 53 16 54 81 22 39 95 34 10 56 66 37 53 38 48 57 64 66 89 92 6 73 72 36 82 26 58 95 17 42 5 24 1 50 49 85 77 7 99 56 50 44 64 93 40 16 29 19 78 87 16 32 74 46 55 22 14 93 41 47 90 89 18 85 42 35 45 29 2 60 82 6 33 75 11 83 55 53 94 98 5 97 36 74 10 74 34 57 87 33 39 
57 76 44 74 82 47 86 93 67 81 92 65 95 87 45 0 59 33 64 20 74 27 72 51 98 36 11 19 99 95 68 12 35 53 88 14 66 4 60 88 22 61 59 24 55 64 86 63 30 11 30 81 12 73 67 12 2 35 65 25 39 57 38 87 12 94 85 7 52 82 62 93 54 41 83 97 88 46 6 86 43 83 57 75 100 52 92 5 78 33 35 90 90 3 19 36 36 61 91 20 12 98 70 21 79 14 73 18 24 77 3 79 82 79 8 56 48 29 95 55 91 48 81 73 34 91 11 44 84 45 91 37 81 61 12 3 56 54 52 13 50 88 12 100 85 47 56 23 53 39 43 60 20 69 12 11 49 23 41 24 3 44 30 60 6 70 88 82 43 94 27 29 61 57 36 64 85 87 49 26 33 23 42 18 69 33 8 10 14 93 26 49 33 43 33 6 69 48 71 36 5 68 100 7 88 55 90 26 31 13 23 43 8 54 78 29 18 28 100 50 95 15 1 78 3 45 7 33 82 58 44 33 43 16 31 35 68 13 33 57 39 90 97 40 55 54 97 8 34 46 0 69 0 27 65 89 74 99 43 100 23 53 66 76 2 6 59 11 72 54 51 51 62 57 80 80 58 49 91 24 9 71 65 53 52 82 42 4 59 49 52 34 32 91 15 22 99 18 11 39 31 81 26 60 11 80 72 90 62 84 94 91 77 3 79 92 34 61 26 35 32 39 100 97 59 77 4 98 83 82 36 43 0 55 84 95 80 40 74 46 63 80 97 98 53 18 96 82 86 54 75 26 14 63 81 25 36 41 41 74 52 8 58 28 7 15 60 6 71 90 24 37 31 54 80 63 81 0 5 1 1 14 98 99 91 18 43 1 68 49 89 9 17 28 16 23 41 12 93 55 
59 64 30 39 17 91 57 1 64 34 14 29 80 4 81 46 10 60 52 34 2 19 3 60 75 9 79 97 8 72 47 63 76 18 78 6 8 43 32 9 24 15 46 35 32 91 100 5 84 23 58 83 66 100 42 6 54 6 7 77 16 10 82 4 73 35 92 27 22 19 20 19 15 36 55 3 73 41 16 50 12 5 52 77 96 91 87 90 48 34 63 50 10 32 72 50 66 30 0 8 28 73 53 97 90 79 45 89 100 27 56 72 66 62 81 62 5 96 18 64 57 97 6 18 9 4 11 66 49 76 32 11 83 85 92 14 81 71 78 47 1 6 47 6 89 86 14 24 13 30 11 65 97 87 5 63 1 55 78 39 37 55 78 33 64 52 58 77 75 67 8 49 5 56 98 60 29 34 49 12 93 5 26 51 81 8 2 60 41 38 41 19 40 35 21 48 85 75 78 80 47 73 82 7 80 89 46 81 63 72 59 51 64 72 86 3 28 75 95 60 43 7 80 98 4 13 23 79 24 0 57 68 50 34 23 61 63 30 14 61 8 43 54 72 18 49 1 3 45 76 79 59 47 29 67 56 51 41 80 24 69 63 4 64 28 33 49 36 85 24 26 9 95 51 1 87 40 34 98 45 7 92 94 25 62 69 62 36 83 98 74 87 8 58 20 97 76 42 35 85 67 57 78 6 6 1 89 97 24 42 15 54 25 55 20 23 13 91 8 16 98 53 93 51 46 29 18 78 2 12 65 6 62 4 31 17 95 84 40 60 61 82 72 21 34 39 49 12 72 62 22 3 92 78 20 39 76 42 81 7 23 60 97 77 62 100 22 5 8 48 76 74 8 23 95 54 10 24 53 94 68 65 76 19 23 63 29 6 50 0 38 23 91 33 34 93 33 15 34 74 
34 21 25 94 93 3 83 29 20 2 73 36 93 13 29 16 19 64 21 76 2 20 18 27 9 76 94 66 20 30 10 2 35 63 89 15 87 83 43 56 72 61 74 19 93 73 41 5 88 89 69 57 6 74 7 65 98 16 73 19 92 70 68 93 78 44 27 87 91 16 98 15 19 77 68 59 5 10 32 37 7 81 51 64 69 52 18 64 43 75 0 43 2 32 69 87 86 34 40 99 98 55 34 56 65 85 25 5 23 77 8 97 4 28 57 26 28 80 2 47 73 21 53 1 5 6 53 85 79 58 97 67 92 17 79 72 84 54 85 6 50 61 66 34 82 3 65 16 39 0 6 52 14 61 74 78 49 27 90 93 56 9 76 69 45 68 12 25 6 80 96 34 55 94 99 47 18 22 27 69 0 73 31 21 49 3 91 55 97 71 90 41 42 82 48 43 3 7 21 0 55 85 12 74 8 11 44 96 48 16 19 42 68 24 72 42 22 21 17 99 52 99 28 5 43 18 51 50 96 44 50 31 78 5 69 20 88 4 73 62 64 75 95 90 25 91 31 31 56 3 21 81 74 92 92 76 28 83 63 15 53 35 2 29 36 81 28 71 77 63 76 28 8 8 10 7 56 13 46 85 71 50 51 34 32 59 47 18 99 100 92 5 70 69 39 85 40 63 4 98 16 14 90 46 55 91 75 26 80 60 87 51 8 96 35 61 57 90 20 2 88 99 51 43 43 32 13 41 48 1 53 40 12 47 88 16 1 56 76 65 94 23 51 88 32 62 26 23 22 19 10 52 48 66 18 58 46 20 85 52 26 5 9 66 86 68 98 76 30 4 85 62 84 3 14 3 15 5 77 19 35 8 82 74 87 30 48 69 17 61 32 27 20 33 35 17 59 14 4 73 
5 7 21 47 4 100 74 49 77 62 28 2 21 7 82 67 4 12 27 100 77 67 88 16 7 89 5 19 17 52 90 96 38 72 28 9 67 70 3 95 22 11 37 98 18 34 84 73 90 32 69 68 93 52 22 9 99 36 61 61 33 81 96 98 88 18 32 84 4 3 33 60 58 81 59 27 3 25 33 83 25 68 5 60 76 39 81 89 87 79 77 48 33 87 62 62 85 45 76 49 19 94 0 56 12 86 87 75 35 86 15 39 82 39 7 13 18 100 85 35 37 39 86 88 39 98 95 70 83 35 33 84 61 41 75 70 7 6 19 33 77 31 14 66 32 37 66 77 82 78 51 64 36 14 9 37 48 28 63 53 62 12 97 47 15 33 41 35 83 4 44 22 2 78 64 19 70 73 20 57 10 26 94 96 94 55 33 82 47 98 48 59 12 74 48 47 23 65 9 16 12 35 63 53 47 0 44 0 85 98 32 37 98 2 44 32 38 70 37 74 82 56 4 31 93 84 34 84 13 56 62 24 61 80 1 69 47 16 64 61 65 93 87 25 75 13 8 88 20 99 6 20 52 10 54 29 2 58 85 43 84 22 74 96 52 26 71 84 61 58 81 25 39 27 0 30 65 37 22 46 14 34 44 90 2 62 5 44 99 42 97 17 52 53 63 4 66 18 24 93 42 47 30 7 100 69 11 62 34 88 2 96 57 55 42 8 26 40 15 27 95 89 69 61 42 73 89 82 80 96 14 25 34 71 6 30 28 80 3 26 41 32 84 4 47 32 17 49 92 74 8 15 31 50 61 72 3 75 33 77 45 19 62 93 68 5 96 98 5 45 24 76 28 18 47 75 43 46 70 100 73 12 95 12 37 86 51 31 16 39 65 91 2 7 7 32 9 78 75 20 
17 98 48 88 26 97 85 51 0 80 42 7 45 77 67 71 50 18 4 72 2 50 74 65 98 17 36 19 65 43 17 82 94 16 72 31 12 69 29 16 44 35 61 10 70 46 97 37 39 69 76 47 44 81 96 95 40 32 94 27 55 15 3 39 62 67 8 44 4 17 68 32 0 76 69 38 0 98 81 60 95 76 23 43 43 15 78 13 68 66 50 88 20 7 67 60 57 56 37 7 58 56 44 69 74 9 27 34 14 59 63 87 20 65 34 35 68 64 69 39 26 52 41 44 71 59 12 13 98 11 76 93 79 37 91 70 79 93 19 39 1 12 44 77 47 3 89 49 84 39 25 23 13 98 58 12 86 6 33 44 96 44 8 30 76 88 90 23 29 73 67 66 48 60 81 62 23 17 7 69 96 59 97 7 52 48 89 12 69 94 89 68 95 86 47 72 1 54 81 72 61 90 85 78 58 94 87 32 21 30 60 25 5 61 20 71 90 62 18 87 85 99 91 36 60 74 53 9 37 97 91 61 83 95 98 79 84 29 80 43 80 55 82 80 17 64 56 61 74 70 64 94 58 87 44 99 0 30 100 45 35 85 85 37 61 29 27 30 12 65 13 45 67 87 55 70 82 62 55 94 54 86 9 99 25 42 0 10 100 37 26 24 82 62 23 34 4 67 43 74 51 58 85 98 41 29 79 11 51 43 27 32 90 64 49 84 66 33 97 33 26 31 12 62 9 75 13 33 65 32 0 29 79 95 27 47 61 63 81 43 63 75 89 54 58 55 26 77 27 34 85 100 53 57 2 97 95 64 88 99 79 8 39 87 47 5 89 94 58 12 68 10 81 77 17 70 57 35 26 53 45 85 84 73 0 25 19 26 43 73 48 61 35 45 97 11 30 13 83 61 
20 92 69 100 90 78 55 38 39 71 86 33 94 73 57 15 39 24 33 59 46 33 76 34 40 85 82 75 13 2 52 42 71 63 49 26 33 55 10 97 25 93 78 24 92 68 8 64 55 92 34 0 27 41 82 75 82 38 86 44 2 78 54 9 18 37 20 79 23 81 63 8 10 19 84 84 35 34 87 72 91 36 7 45 43 15 36 76 58 9 93 11 83 94 30 59 81 15 55 20 76 62 8 72 64 58 92 38 33 96 9 82 23 2 48 6 59 90 62 58 86 1 90 72 37 78 57 38 32 66 4 38 94 57 31 82 73 32 46 50 22 38 42 89 37 32 80 94 31 51 3 71 96 5 48 59 26 21 4 47 19 95 49 82 71 10 99 20 83 19 86 41 87 19 2 6 59 67 20 3 2 8 58 37 94 10 50 75 53 11 58 74 5 19 12 67 25 26 48 34 18 30 15 42 53 76 100 85 8 91 41 27 2 0 56 0 56 41 73 11 13 43 6 97 98 43 62 72 78 61 7 84 95 27 90 19 40 72 37 15 2 87 85 55 90 12 76 45 21 79 78 19 29 90 81 33 94 42 25 15 85 40 43 71 9 71 99 37 14 39 39 74 29 60 38 56 28 49 83 16 38 33 14 13 8 59 13 12 23 21 28 6 85 83 59 50 31 13 67 60 58 39 70 95 64 74 63 25 84 14 79 69 10 26 56 65 44 94 95 53 73 1 31 63 2 89 93 14 94 56 26 0 97 46 12 83 75 46 56 76 76 60 100 77 64 62 73 74 18 93 2 21 98 66 4 24 49 39 97 61 48 27 60 12 7 28 19 97 25 50 87 37 62 47 65 62 18 17 42 68 98 74 43 42 70 58 9 45 20 69 25 48 37 92 19 2 53 48 27 58 
6 40 12 27 93 54 0 84 38 73 6 77 60 30 93 23 82 5 67 32 8 16 52 96 71 91 28 55 68 94 82 38 4 66 78 37 3 35 13 96 57 43 41 50 69 84 63 81 90 19 51 88 75 25 89 51 91 11 12 84 41 7 19 83 51 41 50 73 62 99 99 53 35 59 56 12 21 25 7 57 5 90 55 29 54 33 0 79 3 67 22 0 48 46 59 44 37 26 10 0 21 100 72 61 12 48 81 18 70 95 23 49 92 91 78 78 36 75 98 2 0 44 77 73 17 75 84 39 13 66 87 83 74 53 47 21 46 72 69 13 39 94 62 27 0 77 27 44 78 13 79 10 56 41 3 81 63 78 97 45 80 22 97 10 41 2 14 17 55 60 82 89 20 60 37 12 41 96 38 0 53 93 59 48 14 52 55 33 39 6 98 32 35 85 31 48 34 31 59 52 64 56 43 4 40 55 28 16 19 20 94 62 77 31 84 31 30 56 48 30 58 57 43 95 50 94 76 44 75 50 34 10 45 81 5 40 94 4 86 6 70 73 2 6 15 22 95 3 10 52 12 11 6 27 25 72 47 49 41 58 29 74 82 74 18 39 40 70 58 5 13 54 99 40 20 11 66 64 14 50 42 58 82 79 26 48 44 10 34 62 56 61 43 86 10 24 1 46 79 78 100 50 92 20 37 1 61 24 26 75 71 28 81 28 98 91 67 21 11 7 94 58 98 28 64 51 73 11 58 44 82 12 80 86 18 10 81 98 33 34 41 33 57 42 73 31 87 22 67 8 18 3 68 45 76 30 85 18 22 30 48 69 92 11 16 23 42 49 35 7 73 63 14 59 28 97 80 9 81 94 62 97 29 24 44 73 76 99 64 78 54 44 48 85 17 62 18 43 22 77 
28 24 23 73 11 77 3 37 20 21 70 96 11 63 83 60 22 51 48 79 23 54 68 39 53 13 38 89 12 27 90 36 61 23 53 35 58 52 82 50 27 48 62 68 94 17 19 66 84 42 47 60 3 92 32 33 29 10 28 77 56 62 39 75 53 45 95 17 1 80 30 23 89 21 7 38 94 50 20 88 3 1 55 18 87 33 3 5 60 42 6 75 73 13 91 67 63 36 38 41 46 45 41 47 57 70 47 7 29 23 89 80 7 83 33 72 54 54 42 68 34 95 66 33 91 53 38 95 28 78 52 87 17 59 23 62 33 98 71 12 41 42 3 49 54 0 2 62 38 26 16 17 30 38 81 74 54 7 21 93 4 4 30 77 62 6 69 47 78 86 33 73 100 22 1 74 70 26 16 43 57 81 54 77 58 32 57 14 87 21 17 61 12 60 52 97 51 23 51 47 4 48 58 73 11 97 76 75 51 76 47 94 65 94 78 30 28 70 16 68 6 88 72 25 34 37 32 11 53 87 38 61 82 25 89 85 63 20 53 10 63 35 81 45 4 97 62 3 84 14 54 98 15 65 37 15 91 30 19 24 10 60 77 67 35 40 91 84 2 42 29 78 83 100 71 60 1 64 9 52 28 85 50 75 16 82 85 83 82 5 10 64 34 40 34 23 20 100 99 46 67 31 74 18 95 10 80 46 12 12 75 7 2 16 88 70 23 29 27 45 22 5 9 58 1 67 29 25 45 69 43 24 38 27 89 59 43 45 34 13 77 12 26 98 8 32 87 5 22 43 3 88 28 16 35 2 41 89 33 40 55 44 82 7 58 76 11 27 25 97 85 35 7 41 69 98 14 46 30 98 15 76 43 85 15 17 57 57 15 86 30 78 29 83 7 61 21 1 74 45 
83 5 62 30 10 54 26 40 10 53 15 26 17 69 3 92 43 57 14 69 77 56 55 52 85 79 82 27 68 74 14 57 33 5 71 50 51 32 53 5 54 59 26 51 97 31 92 42 95 80 51 26 72 74 65 98 89 89 53 83 19 23 28 6 77 5 67 29 97 47 0 36 14 0 17 2 72 58 47 52 77 19 77 60 99 6 2 62 55 41 84 60 77 2 59 68 21 45 62 40 6 17 44 70 58 10 5 36 6 93 6 51 75 29 97 47 4 44 93 41 99 13 67 36 12 32 11 54 87 8 92 4 75 62 0 13 20 56 38 48 9 82 84 55 9 78 78 72 37 27 61 70 34 21 63 62 12 88 61 58 60 6 93 71 83 46 56 68 4 97 7 85 70 25 3 37 46 60 98 91 84 55 98 92 88 91 42 52 58 23 43 90 33 51 59 62 7 85 54 80 38 41 74 69 96 67 53 62 68 38 25 10 91 58 46 98 43 51 35 45 70 41 95 83 64 38 16 92 66 97 39 60 84 2 93 94 68 31 47 51 44 38 100 32 97 47 80 39 23 28 47 22 72 83 5 77 23 6 26 4 63 61 1 44 66 29 99 26 48 84 69 59 49 99 44 13 15 2 6 33 38 45 70 26 20 71 77 7 21 20 15 3 39 73 67 75 17 8 97 75 9 20 95 52 71 21 34 10 85 18 23 72 57 49 89 33 21 74 64 46 82 94 31 81 45 95 80 36 2 76 16 67 91 5 78 45 52 39 29 14 47 8 15 22 16 11 27 57 29 77 92 44 100 83 41 3 55 95 2 87 83 51 2 78 99 38 57 20 72 88 36 57 15 0 35 39 61 42 0 3 75 41 3 12 0 93 51 21 73 59 55 23 46 32 34 0 67 93 72 35 
73 79 89 74 24 63 92 74 4 17 57 82 15 10 90 53 15 49 72 9 71 20 78 59 90 33 52 28 2 68 82 62 13 7 58 57 78 56 81 60 50 39 8 46 37 90 1 60 48 99 52 68 93 64 65 13 30 73 39 1 89 4 78 77 66 15 80 13 30 36 46 4 20 49 48 4 9 5 11 74 89 21 70 92 57 99 91 36 31 80 65 42 42 56 52 55 9 85 27 58 67 39 5 100 46 38 98 97 85 41 8 59 69 59 18 100 97 35 9 36 60 75 39 82 83 82 30 82 1 85 53 100 41 62 38 47 21 56 1 5 23 40 72 5 97 86 66 88 4 5 98 58 98 19 91 82 89 31 38 95 56 74 60 31 89 80 50 47 0 69 27 45 15 57 23 93 32 1 93 37 92 74 23 4 57 77 12 72 96 0 18 56 33 19 0 39 85 54 34 18 83 90 55 50 3 8 11 25 68 54 26 53 87 34 43 10 53 66 74 18 6 43 13 93 71 53 40 3 29 19 62 82 19 61 99 7 44 27 79 100 83 63 27 15 77 48 44 8 27 87 90 22 96 42 90 11 74 62 58 32 91 53 57 29 90 51 16 55 4 26 45 90 34 95 13 88 32 8 30 29 77 21 74 84 16 47 2 27 41 68 29 10 5 84 30 71 59 79 61 69 92 94 28 14 38 59 35 1 1 29 89 17 70 24 26 0 69 2 71 33 83 19 83 38 37 87 92 58 44 43 83 51 52 13 30 80 86 88 7 26 87 77 0 98 7 84 58 72 20 68 39 57 14 41 8 10 70 71 92 35 29 37 43 6 84 45 46 67 72 21 44 70 61 39 5 10 56 63 9 37 6 67 77 40 18 52 94 57 12 32 82 20 39 80 11 22 11 99 82 17 
64 25 37 44 91 1 15 55 15 4 78 82 55 8 74 55 30 98 50 67 86 16 30 30 98 63 4 85 72 75 27 99 58 76 40 17 98 90 71 16 25 24 26 21 56 17 26 40 64 92 95 87 57 36 96 75 89 14 36 79 91 97 12 55 56 19 81 2 51 79 93 6 67 94 95 60 70 42 59 67 74 42 0 61 0 13 97 34 32 52 25 11 57 40 52 22 85 15 88 70 28 21 47 74 7 51 76 34 73 97 83 82 49 15 88 1 65 19 34 78 74 43 67 35 34 81 61 89 68 24 96 92 67 70 60 66 74 38 55 25 63 84 48 79 51 1 99 41 48 26 99 33 29 64 87 76 47 9 68 59 21 32 50 41 40 30 71 16 79 59 32 72 1 58 12 4 36 79 62 15 38 7 43 2 67 46 29 73 51 1 18 14 19 52 89 44 91 60 69 67 15 67 51 54 52 61 73 16 4 14 53 88 45 17 91 98 54 33 94 55 76 52 98 53 78 87 65 40 39 60 99 67 86 90 19 1 30 82 2 97 12 82 70 47 64 44 86 4 100 2 38 59 1 72 100 76 53 24 44 72 77 99 76 10 36 92 44 42 13 1 61 77 2 88 16 90 6 89 44 82 38 32 10 95 41 69 65 9 27 58 91 1 37 72 62 0 89 1 1 48 36 18 33 41 43 85 51 38 3 71 85 63 81 67 57 45 46 73 90 30 37 2 36 64 72 54 53 36 84 47 12 60 44 99 55 38 15 50 34 92 6 1 20 90 6 35 84 27 55 25 42 2 91 99 28 81 83 60 49 99 14 82 98 34 50 65 54 87 22 75 92 4 100 27 20 45 18 18 57 55 48 11 47 12 64 91 55 14 50 4 85 13 85 23 62 6 96 81 11 4 
72 11 0 98 61 89 34 40 1 35 42 81 86 30 48 51 73 59 26 56 62 33 38 98 46 29 61 27 17 21 67 2 29 38 44 58 67 97 54 88 78 57 57 18 24 17 18 39 13 0 84 32 27 77 91 49 90 95 6 67 6 33 17 58 81 57 93 64 48 45 27 46 66 40 39 72 48 42 10 26 98 56 59 31 12 99 55 76 31 74 88 21 95 8 90 34 17 38 89 78 30 76 20 43 72 100 84 29 0 73 44 48 71 10 68 19 90 80 18 64 98 7 96 94 89 59 46 21 95 36 70 0 50 88 1 95 42 96 19 23 29 14 94 23 78 28 49 51 95 0 24 12 63 9 96 7 86 30 63 24 94 27 73 94 63 17 6 64 62 12 45 31 4 85 30 47 55 60 100 66 85 47 22 65 46 61 33 11 4 56 94 74 25 87 79 86 32 25 38 27 66 47 96 6 94 44 62 18 62 73 99 98 57 84 81 28 69 61 66 73 97 64 4 11 32 27 29 47 44 1 72 14 38 96 18 40 63 6 72 86 71 16 20 76 44 60 88 77 68 39 52 64 11 5 54 39 23 59 34 47 29 29 67 80 78 39 21 63 88 41 62 30 32 63 95 33 39 89 72 75 89 83 50 65 22 40 59 10 53 13 87 86 16 40 67 26 7 73 41 17 36 30 85 80 84 52 22 67 8 25 20 20 44 20 86 37 22 18 93 58 85 23 75 1 51 99 67 89 54 86 74 41 35 14 60 19 95 5 75 14 83 32 37 26 4 3 72 55 9 55 28 64 92 99 52 88 54 83 71 24 26 74 15 51 10 13 88 57 97 22 76 46 5 61 45 4 2 66 51 59 34 90 64 41 21 2 38 33 83 38 61 11 36 36 24 44 10 21 30 54 
10 48 21 95 14 80 20 0 79 13 3 57 72 91 10 78 60 53 12 33 27 75 33 66 17 50 2 0 16 80 94 96 77 8 6 87 39 76 95 88 62 42 3 60 68 16 94 24 50 46 98 58 69 65 39 92 44 58 18 0 84 38 12 37 70 92 58 84 15 5 49 83 40 4 48 31 60 15 88 82 83 47 67 48 28 83 76 20 66 16 49 60 10 30 47 21 3 42 10 73 40 53 70 53 2 21 66 98 59 36 85 72 37 100 12 23 79 90 0 91 98 20 0 8 8 6 84 88 70 27 37 67 12 59 80 42 16 33 16 19 17 63 6 31 9 3 31 60 97 86 46 59 7 52 1 78 29 5 45 36 96 15 29 12 23 21 0 65 50 23 47 56 68 19 11 8 72 0 93 56 71 49 66 53 11 99 39 16 48 94 74 19 34 69 50 55 9 69 74 63 7 66 80 92 37 50 48 37 80 36 14 73 3 37 76 36 15 0 57 91 44 89 76 65 64 82 61 57 71 100 53 33 50 65 52 28 86 25 93 79 73 12 73 58 27 78 95 71 11 75 6 60 43 34 93 72 11 4 87 7 72 85 53 41 71 46 31 55 0 35 12 31 34 90 31 2 10 68 93 39 49 25 91 45 55 14 1 19 59 87 82 29 68 2 95 45 14 86 24 63 54 62 99 1 39 68 31 43 65 95 25 19 8 7 33 7 39 94 91 47 73 93 87 50 25 3 85 9 9 26 81 6 83 37 98 76 18 14 75 72 17 9 84 78 16 19 20 74 77 75 22 12 63 84 39 12 40 92 37 33 100 41 50 5 100 90 31 36 94 72 3 14 22 30 52 57 73 31 14 30 78 22 35 43 95 36 20 86 50 98 32 2 75 16 14 56 13 55 66 62 
44 40 21 32 52 78 40 77 63 62 7 5 29 9 84 25 30 48 74 34 73 12 97 82 26 71 1 96 35 47 46 77 66 97 95 56 42 57 50 67 39 48 11 34 74 23 74 17 100 50 38 78 37 42 42 0 52 25 10 90 17 98 31 92 90 29 29 89 67 93 54 51 14 11 28 41 85 42 2 13 16 51 55 39 87 76 19 19 59 15 59 99 65 1 52 51 44 4 65 13 13 90 77 86 26 96 27 49 20 77 1 30 49 75 8 12 57 73 48 79 13 89 53 62 52 38 88 8 61 99 78 25 28 15 12 60 13 85 6 39 64 61 56 24 50 53 92 9 44 43 85 79 92 92 88 31 12 8 85 27 39 50 79 46 92 81 56 61 60 25 37 51 26 6 12 25 36 42 24 12 15 18 46 63 18 61 57 45 93 39 87 10 2 35 97 41 13 92 24 52 49 35 42 85 74 98 42 72 93 97 35 68 77 18 35 99 13 66 48 87 78 44 77 23 73 61 58 92 26 51 24 33 37 82 13 20 64 62 89 48 6 94 81 32 67 39 14 57 39 37 73 31 64 66 99 40 33 91 86 43 71 61 86 29 35 40 63 55 80 45 83 28 40 1 38 100 49 99 81 90 16 1 97 40 5 30 18 43 84 28 76 32 43 12 78 4 2 19 73 6 80 49 98 5 81 62 76 68 89 95 76 23 19 8 11 6 63 27 52 32 58 69 36 68 0 92 7 84 36 97 58 36 79 77 59 49 99 82 51 39 54 34 28 79 19 22 25 74 86 80 27 12 86 44 42 39 93 31 50 78 6 77 54 65 86 44 37 91 71 94 60 52 5 9 95 71 13 5 57 0 24 18 96 97 22 60 30 58 100 69 17 9 100 92 79 38 22 88 25 64 
90 46 44 18 17 0 38 97 87 9 12 35 99 70 44 98 66 92 74 34 30 62 34 87 80 80 4 76 8 78 52 21 82 5 47 68 93 28 32 77 28 66 1 13 45 76 100 72 44 1 27 91 41 78 47 0 45 29 79 92 80 8 36 80 40 81 30 50 63 40 57 48 95 62 100 22 8 93 83 8 78 22 82 44 67 35 65 94 49 2 98 55 53 77 90 55 0 17 37 15 86 1 61 83 86 47 16 84 84 74 23 70 100 42 89 97 59 22 49 53 20 37 47 17 66 58 85 63 92 7 89 69 22 50 5 71 15 27 43 79 37 28 79 32 93 85 68 48 22 1 7 71 45 17 21 4 38 14 25 22 51 42 15 57 14 76 64 46 78 47 99 91 51 28 54 33 29 47 96 24 54 77 15 20 13 84 74 4 31 85 53 23 61 2 99 45 17 99 27 23 15 28 38 23 28 68 75 90 38 4 64 3 45 81 21 6 0 65 63 31 61 61 23 87 31 74 20 66 1 23 35 45 69 33 35 66 44 50 86 66 40 91 50 40 9 71 7 15 17 34 7 100 18 54 50 89 81 84 18 9 11 40 93 56 22 8 30 6 46 30 96 97 24 82 32 90 14 15 68 56 68 45 8 34 8 27 10 51 16 3 42 39 67 27 69 43 26 74 52 48 4 19 89 91 1 29 73 76 87 72 56 58 96 28 60 34 2 52 5 38 28 92 25 95 71 29 9 74 85 82 6 4 62 75 75 16 91 84 89 11 80 12 51 26 27 51 37 63 38 51 62 23 32 78 80 29 32 59 25 4 89 35 89 7 22 100 83 36 30 98 60 94 79 40 13 87 73 51 48 60 49 87 65 69 92 28 92 84 54 62 88 50 73 41 46 1 32 27 38 53 
75 99 46 80 94 65 73 27 81 88 9 65 84 95 13 90 93 90 65 68 81 84 16 71 88 82 60 5 23 58 77 42 3 85 29 85 21 67 27 85 13 87 31 93 30 88 10 79 62 66 36 0 13 95 8 25 96 20 57 1 45 39 53 52 37 30 89 21 93 65 54 76 94 31 50 23 67 74 19 71 71 43 71 56 91 50 64 91 49 84 87 85 21 68 17 23 82 64 69 2 84 67 14 8 26 46 74 77 96 14 57 73 59 74 57 56 52 5 51 76 34 41 81 15 83 28 86 65 44 90 54 44 56 100 44 87 52 67 72 96 20 96 43 61 62 15 41 82 12 80 89 53 64 22 80 90 66 21 33 7 75 54 84 24 5 30 62 83 86 3 92 9 17 74 25 7 57 49 66 93 52 87 30 97 64 80 56 89 5 10 34 32 19 27 7 80 81 15 61 35 70 39 64 35 37 81 2 24 84 31 76 34 76 28 53 75 27 83 30 79 73 52 100 11 74 37 40 95 70 38 9 20 60 81 18 48 70 95 70 75 95 82 93 11 85 27 46 81 53 68 98 34 92 71 81 24 2 57 56 11 7 55 46 56 70 77 84 71 62 93 83 79 63 99 41 1 11 86 67 1 54 64 36 91 22 49 30 36 43 63 13 11 61 7 10 27 76 100 69 84 43 55 86 67 91 41 53 60 88 77 44 79 6 57 87 30 73 84 11 68 32 95 84 10 28 50 62 99 41 24 31 1 78 86 54 44 49 12 48 67 96 94 98 82 60 69 80 67 66 58 20 67 1 74 47 33 17 87 77 59 44 12 87 69 12 86 31 40 56 46 73 86 52 56 32 92 76 11 29 34 47 82 34 15 42 34 21 54 78 18 17 86 41 1 59 6 65 38 100 63 
68 53 4 49 74 12 80 47 0 81 54 38 30 38 46 0 9 10 86 7 91 50 28 36 16 45 15 94 24 44 80 15 60 45 8 89 54 95 64 93 15 82 17 56 74 0 52 8 81 13 17 14 43 32 24 53 93 83 50 43 68 36 22 48 21 73 90 16 92 91 85 3 1 57 25 81 88 20 4 33 51 8 31 0 68 63 66 34 38 51 88 69 63 48 45 66 22 75 33 28 82 5 68 7 38 46 94 54 85 100 76 5 100 77 65 46 52 47 89 75 39 81 81 29 67 63 98 37 50 64 34 91 62 93 95 82 79 2 29 87 34 14 95 0 80 14 28 42 55 83 91 27 63 17 63 81 50 5 73 47 95 24 5 52 77 32 37 20 9 78 17 24 25 7 20 11 21 75 28 40 57 3 63 15 50 41 33 98 98 39 85 5 94 67 6 44 52 83 33 77 56 64 35 6 90 24 0 65 6 49 61 4 28 96 16 13 44 80 29 72 58 29 78 32 58 17 39 37 90 23 51 77 79 76 100 97 48 74 6 40 99 35 10 100 32 19 5 8 59 11 92 88 87 97 58 85 37 44 67 21 25 39 67 41 99 39 67 27 87 8 60 41 17 7 2 58 16 51 87 19 97 93 43 57 58 48 82 8 33 51 46 100 88 93 31 58 0 72 39 58 60 73 99 53 28 33 26 97 64 3 37 92 39 38 24 8 3 86 7 57 45 46 43 24 37 97 4 98 81 82 16 52 76 95 37 42 19 13 26 8 61 44 66 43 78 76 97 30 19 76 92 26 62 41 47 47 1 93 49 63 93 77 4 80 98 40 15 25 72 52 85 77 75 34 55 97 10 49 52 66 8 67 41 29 30 63 96 81 86 95 37 63 51 50 75 45 98 60 83 15 
99 81 10 79 54 100 12 27 39 52 23 78 59 94 12 94 99 76 5 77 51 37 58 18 79 68 87 73 22 82 17 85 46 23 26 89 30 77 41 21 12 16 84 5 80 3 57 65 13 38 14 94 63 46 75 37 15 85 43 55 19 71 56 39 43 42 90 5 78 83 28 0 91 17 14 92 92 12 1 31 6 34 78 54 50 13 44 37 56 1 52 26 40 78 49 66 14 18 3 90 1 35 41 11 80 56 78 52 77 100 60 95 83 82 72 94 49 80 0 4 97 73 90 1 53 36 24 12 21 8 66 90 52 48 26 13 39 23 85 43 97 74 56 74 23 12 48 77 61 29 42 97 24 40 7 54 31 63 75 26 80 66 60 61 9 28 0 0 88 27 32 13 83 12 56 76 68 5 63 82 11 11 75 18 68 50 99 45 34 80 56 48 7 80 44 76 52 24 61 68 21 86 57 87 55 70 19 98 39 25 96 18 21 75 79 5 57 78 98 80 95 52 26 42 29 7 18 57 38 33 3 87 50 39 14 69 12 85 94 6 88 43 5 44 33 10 83 7 29 91 29 13 81 47 10 14 15 92 57 29 8 60 77 62 27 14 44 76 32 91 62 92 16 23 55 64 44 8 71 36 12 78 36 34 88 26 88 75 37 13 48 87 76 17 82 21 46 34 37 42 25 9 17 29 53 99 91 43 96 83 13 87 91 97 52 30 37 51 81 95 92 72 37 70 27 58 5 67 65 48 96 14 56 76 89 95 22 96 76 97 60 18 60 6 68 56 45 26 58 79 22 51 16 17 89 96 5 64 21 60 5 8 21 39 96 34 11 73 58 43 10 17 64 48 81 17 32 81 8 85 34 88 25 90 85 36 92 6 6 45 37 69 88 91 32 10 47 43 17 6 
48 98 76 78 63 2 85 7 47 96 56 45 2 47 27 96 82 86 65 57 84 10 29 23 86 19 61 69 86 31 14 56 6 34 43 97 36 28 53 91 11 31 20 19 36 63 1 86 71 81 57 38 87 63 80 76 19 92 6 16 33 33 70 57 15 33 42 0 10 14 92 29 10 35 98 36 20 56 28 44 49 29 83 70 93 92 84 2 68 66 35 59 93 72 31 12 4 4 49 45 97 26 67 36 27 33 67 10 15 99 30 25 84 93 100 12 100 99 78 51 15 76 2 32 95 89 8 52 52 7 3 85 78 2 30 84 7 5 26 46 34 79 45 91 16 43 42 53 29 60 59 99 40 71 81 68 62 1 37 99 39 54 89 85 7 14 1 96 15 25 24 87 76 63 82 100 87 33 59 16 87 55 89 72 31 6 71 56 14 57 79 38 11 86 52 26 38 5 82 34 54 7 93 16 80 45 43 35 94 24 44 11 89 31 2 61 9 84 2 51 57 73 8 14 100 47 44 63 72 92 80 50 98 64 18 79 35 36 12 3 27 62 32 63 34 37 98 4 60 9 89 10 68 27 0 38 79 93 77 37 93 73 8 32 63 95 20 83 76 64 60 79 37 96 59 86 34 16 13 68 46 19 65 84 91 58 95 75 15 15 87 83 73 53 99 35 65 56 5 4 17 0 31 77 79 7 91 4 63 1 70 59 38 81 3 43 80 16 11 42 76 25 33 20 74 53 58 35 76 11 18 68 90 99 0 46 38 14 44 18 70 72 54 42 21 18 44 41 42 62 44 77 84 84 86 53 68 68 58 80 90 55 62 80 90 20 63 35 39 83 55 50 33 21 71 84 73 81 31 50 0 12 48 4 28 100 92 3 61 23 33 9 24 74 45 31 77 40 97 48 
42 46 78 24 7 40 23 55 19 65 27 56 56 75 38 63 94 0 42 41 35 51 14 79 89 56 66 86 61 26 31 71 54 63 46 85 67 48 22 61 96 41 72 27 96 5 34 68 30 38 44 100 27 83 0 68 60 58 55 70 44 42 84 30 96 52 65 33 19 32 92 71 100 45 95 56 9 75 53 6 95 76 14 84 35 100 14 57 18 12 65 21 94 73 39 60 97 92 17 9 65 73 14 93 57 77 61 65 49 30 29 90 66 62 35 90 53 99 2 14 76 69 76 25 86 2 20 3 15 1 80 48 70 31 66 16 8 9 59 29 42 28 19 78 78 91 6 8 42 8 36 92 51 56 61 43 18 63 13 2 74 28 81 95 57 98 88 22 33 72 38 58 68 88 24 70 22 89 100 42 65 45 8 100 96 100 7 42 71 99 53 44 4 82 61 9 20 3 70 57 88 80 57 74 42 69 89 35 80 97 36 92 41 16 6 99 16 26 26 41 75 100 41 9 25 62 75 86 84 43 0 9 46 28 3 56 60 21 98 22 74 89 38 27 2 68 90 67 43 58 25 83 8 27 70 4 7 18 14 61 74 0 15 57 86 48 28 60 55 61 51 6 49 66 73 89 48 68 4 4 68 36 79 29 70 64 23 62 72 40 89 4 20 25 35 26 4 21 99 12 3 59 59 76 51 98 13 73 35 49 7 76 46 22 26 19 61 98 38 7 51 74 81 17 29 25 51 45 1 3 29 43 15 13 34 3 99 37 37 82 94 59 5 9 29 45 35 46 27 0 50 97 17 100 34 77 65 96 54 6 35 65 100 15 81 41 4 69 14 65 43 23 18 0 99 73 11 84 80 30 49 22 53 6 94 52 82 82 29 65 7 8 27 0 41 66 73 76 20 75 
51 100 61 96 62 80 44 98 77 73 22 30 7 95 63 64 11 9 22 1 26 94 64 44 47 57 23 34 36 66 79 23 90 28 74 82 91 33 22 74 90 96 31 6 86 16 36 23 56 87 40 74 90 7 14 20 72 27 83 5 69 10 3 36 78 55 37 81 27 71 53 54 32 99 96 36 5 79 9 86 17 49 81 75 87 27 100 59 97 58 61 1 6 38 69 79 38 86 14 75 65 57 37 18 78 40 58 48 50 77 57 64 19 72 23 64 46 39 25 17 67 28 3 14 66 11 91 96 49 91 26 24 41 59 12 34 19 20 81 66 21 49 67 97 4 81 50 57 41 54 42 47 4 48 94 5 63 80 7 80 81 24 18 72 33 22 67 96 83 89 49 84 1 79 38 12 71 0 67 11 36 69 63 33 74 24 62 66 79 2 22 87 71 30 45 23 3 58 55 84 30 69 37 23 4 35 40 19 78 15 74 48 51 71 17 86 9 2 84 20 25 3 53 73 59 54 40 8 53 64 86 58 49 61 25 59 69 3 98 91 20 24 50 10 42 72 16 20 27 85 12 97 46 30 43 43 16 30 34 94 26 49 16 43 51 35 9 55 1 86 1 66 12 13 67 82 24 84 78 56 58 27 21 12 68 96 16 83 30 79 62 84 74 24 96 56 48 100 5 100 25 91 7 9 61 52 12 66 43 62 59 12 19 87 36 36 61 29 41 68 43 72 16 3 32 65 44 12 60 83 87 24 91 22 63 65 83 7 21 58 77 23 17 18 98 69 4 50 100 58 36 57 18 98 84 46 61 71 75 95 27 30 72 29 32 64 8 41 61 64 42 26 1 45 63 68 75 11 78 61 91 95 76 41 87 4 45 2 1 19 56 29 57 7 81 35 49 41 30 73 
81 85 55 40 83 1 18 44 78 48 27 78 50 82 62 37 90 29 60 26 48 69 54 90 100 93 11 89 63 74 38 50 45 80 21 20 46 52 34 27 26 21 32 43 95 91 5 52 83 80 21 33 53 62 79 20 67 34 55 74 56 71 62 82 64 90 98 66 31 65 27 13 47 17 95 5 90 85 72 59 29 32 81 91 98 37 0 57 81 49 41 81 41 26 82 3 87 95 37 24 86 70 32 77 73 38 28 17 53 14 90 4 64 69 6 3 83 30 43 92 1 25 58 2 48 39 20 77 61 6 33 12 5 52 55 95 36 8 32 34 65 96 48 13 64 81 81 54 22 37 42 97 89 53 62 67 92 41 76 76 12 63 79 82 57 10 26 34 30 41 98 71 72 61 20 44 42 4 75 65 97 24 61 21 91 88 9 27 78 94 67 41 54 70 81 17 4 64 15 100 80 18 20 62 47 52 6 2 63 66 24 53 34 35 5 57 11 22 28 14 61 33 88 52 40 98 56 36 27 80 22 27 71 62 2 94 32 47 88 5 60 0 99 91 2 76 14 95 57 43 30 77 12 61 71 77 88 11 87 47 29 94 65 6 23 85 7 14 84 65 14 42 84 79 85 76 64 45 75 10 79 28 47 19 9 72 48 17 79 58 1 100 74 6 80 66 24 2 87 68 34 63 84 92 29 0 76 23 46 68 50 5 23 21 80 21 81 38 52 40 83 37 60 38 72 17 45 52 28 44 80 99 14 54 99 67 93 77 24 90 1 74 9 31 49 50 5 39 53 21 71 20 29 55 73 43 62 87 20 75 61 4 19 88 78 27 73 42 52 55 29 52 50 44 91 80 6 2 42 58 90 2 6 87 27 26 88 81 94 36 82 83 93 20 65 57 66 79 24 2 
48 44 63 62 91 46 41 88 96 49 12 70 74 51 55 77 40 59 11 66 22 17 62 95 10 44 95 87 47 62 17 64 69 74 43 23 43 79 66 31 1 62 99 48 97 56 98 67 26 87 89 89 11 74 79 22 6 78 24 94 16 39 87 66 70 27 46 47 58 17 50 55 64 60 43 39 20 83 79 17 72 14 62 78 31 14 36 59 46 73 71 61 33 85 32 24 67 95 53 27 58 53 53 35 67 68 10 30 15 53 16 56 91 0 34 7 31 48 71 90 79 68 49 52 40 86 9 60 37 35 59 86 18 1 1 90 44 44 54 99 65 95 5 5 77 0 30 100 39 32 48 36 8 60 36 67 42 37 58 53 12 100 75 88 99 87 59 74 37 89 56 65 14 21 96 38 66 7 60 91 72 43 93 85 77 36 60 93 13 19 50 13 45 75 23 36 8 73 28 52 81 81 84 18 5 82 78 7 97 15 47 17 47 25 96 32 89 72 6 76 30 8 16 99 21 28 21 62 71 13 10 24 29 34 82 29 62 89 80 63 98 88 11 45 64 13 85 57 45 84 54 50 58 81 37 84 71 21 15 32 49 8 96 46 59 52 86 91 54 22 78 85 18 79 92 49 20 16 29 34 98 88 80 34 79 72 80 75 100 69 26 33 52 70 77 44 80 85 78 7 1 38 41 2 67 68 34 73 16 100 3 52 24 45 92 53 62 16 85 51 46 6 48 91 66 66 13 48 41 51 59 57 92 33 19 56 60 81 4 8 94 43 91 93 17 48 66 98 17 51 33 100 14 46 73 31 9 94 89 29 35 20 61 53 84 60 32 96 56 9 31 94 57 14 17 97 62 37 53 85 50 60 96 97 9 95 56 92 99 63 30 23 9 75 84 80 71 32 97 53 
12 92 61 73 88 9 86 98 44 21 88 77 41 82 76 16 78 47 94 66 31 90 82 25 57 24 50 46 60 17 46 12 54 63 48 44 67 41 38 12 17 12 3 80 29 58 17 65 30 85 29 37 6 88 78 82 99 73 24 32 4 100 51 69 31 89 17 78 54 23 68 56 80 82 27 100 79 27 79 14 8 11 2 81 41 95 11 37 93 67 17 56 38 68 24 59 16 35 69 20 29 64 93 84 18 57 80 57 40 57 13 13 52 7 92 47 60 37 31 66 2 91 21 100 68 55 49 12 17 70 0 23 34 27 91 89 3 21 10 1 90 56 76 51 84 15 53 30 63 78 72 5 51 91 41 99 56 31 64 34 85 32 18 77 59 99 3 6 75 35 7 46 56 50 13 85 68 36 61 50 12 81 47 93 14 9 83 35 80 82 78 28 32 41 34 84 55 53 14 61 84 4 71 13 38 56 1 66 95 63 46 42 54 93 57 44 71 37 35 96 47 7 87 14 93 79 96 7 45 80 88 14 0 46 13 2 44 22 10 6 49 37 69 29 79 43 55 70 76 73 89 75 51 70 36 0 57 17 4 5 34 17 81 42 91 46 44 47 29 43 63 33 50 90 29 61 78 16 34 66 5 26 44 44 89 25 60 15 71 2 22 66 35 73 12 47 65 24 83 49 17 89 36 80 39 22 64 44 25 48 9 25 19 30 53 23 72 75 20 69 88 73 41 30 40 94 17 78 21 63 8 21 97 86 88 58 93 6 65 45 88 41 65 57 20 45 45 31 11 94 27 88 86 33 84 57 76 32 45 77 22 85 51 40 45 35 39 3 5 88 23 17 53 47 45 21 73 27 55 76 15 61 83 99 78 63 93 77 2 59 36 82 77 90 51 99 52 99 18 84 
58 35 53 48 68 54 58 85 79 4 94 21 97 35 54 75 93 8 71 11 15 10 12 29 96 73 5 81 78 95 100 93 96 69 38 74 59 70 64 38 97 36 55 62 63 37 60 72 42 51 62 38 4 84 72 28 89 34 94 7 63 62 17 44 7 50 96 75 16 25 67 66 84 99 23 73 76 82 67 17 20 36 19 27 27 45 86 15 42 89 20 53 45 54 54 79 7 89 12 94 85 37 58 3 19 24 8 84 77 53 64 60 13 10 47 19 63 94 77 44 16 64 4 82 97 22 69 10 6 58 92 9 22 10 36 52 23 62 3 53 99 57 41 80 81 55 17 28 4 39 11 25 88 24 79 65 10 34 29 73 1 69 70 26 37 36 7 54 62 3 19 55 97 35 6 44 17 42 48 9 84 62 53 90 90 51 63 61 32 27 24 80 60 14 5 15 74 12 61 33 10 48 16 76 68 51 68 69 8 75 60 84 29 10 80 84 67 74 63 11 65 48 83 67 89 39 35 12 28 85 84 67 66 26 73 29 61 21 64 69 73 29 64 43 88 55 13 36 22 12 32 49 10 22 90 83 30 59 99 7 8 65 39 11 60 34 12 5 92 27 69 57 61 69 76 69 95 69 20 37 44 83 15 56 33 45 57 23 78 91 45 50 5 31 14 7 82 12 36 1 33 14 76 32 73 92 61 44 99 22 59 79 40 44 81 20 41 59 8 29 28 84 76 61 54 59 30 72 95 10 6 94 98 12 28 37 7 83 45 41 72 48 67 34 57 0 86 18 22 17 22 83 45 20 44 26 4 35 22 45 23 65 40 9 76 44 100 9 10 44 27 35 51 31 68 55 47 89 47 90 70 78 44 0 95 69 88 5 74 53 18 30 48 34 87 19 89 17 87 23 
12 77 71 8 85 34 35 48 75 90 38 0 83 64 21 1 65 9 58 56 50 25 62 97 40 69 71 58 6 83 84 21 62 0 47 71 4 20 65 92 41 67 36 87 34 33 54 21 35 27 39 62 54 33 23 51 28 67 38 13 100 2 32 83 74 49 50 34 37 60 86 94 46 48 96 61 87 32 33 9 95 98 92 73 31 71 18 3 45 48 44 4 38 7 20 12 54 34 42 9 66 49 46 36 97 63 17 73 74 37 47 20 1 31 67 57 27 19 60 52 58 42 52 24 72 19 16 15 16 85 75 71 14 3 39 76 64 50 94 60 92 92 67 38 13 35 61 28 62 29 96 66 34 79 72 1 41 87 3 51 1 25 39 72 25 47 53 29 73 42 20 60 30 38 71 42 89 8 19 38 25 88 7 56 33 59 85 42 8 60 9 1 25 53 62 31 56 100 14 93 97 42 22 51 43 33 87 58 49 44 90 53 20 47 53 91 55 93 20 19 35 24 79 74 76 94 37 23 62 54 3 72 75 64 13 92 49 97 30 67 28 14 71 7 78 50 82 71 81 71 22 7 31 1 98 96 47 45 53 85 19 38 77 48 54 41 38 28 79 32 97 100 23 36 43 85 10 9 71 25 67 76 56 27 43 96 39 40 35 25 71 51 59 35 46 36 93 64 6 34 38 14 97 90 41 37 33 29 51 18 10 81 43 78 100 3 48 55 27 32 55 51 41 90 75 64 83 83 48 50 4 92 78 60 47 2 97 19 27 41 72 26 92 35 79 56 60 69 72 34 66 53 15 4 2 90 55 0 87 9 38 88 70 65 21 15 3 63 27 46 4 44 40 53 26 70 44 10 6 72 12 78 18 5 70 85 72 96 25 99 87 71 42 39 98 36 62 73 85 15 
55 97 51 32 54 71 5 10 8 90 84 43 68 72 8 22 29 11 82 69 4 70 50 43 90 19 67 85 72 80 3 25 44 69 3 44 94 73 42 0 3 84 24 19 72 17 10 20 4 34 91 88 70 1 40 98 49 44 22 41 95 79 21 6 59 3 74 89 74 84 19 67 91 16 23 52 72 3 12 14 60 82 5 17 41 63 64 60 86 59 90 3 10 60 65 59 88 21 94 57 69 92 12 36 93 35 26 3 80 73 26 8 83 77 28 63 23 4 55 90 54 50 3 46 20 93 15 20 5 24 52 46 39 11 82 78 11 38 34 54 55 30 36 79 71 59 97 80 5 0 80 55 99 24 1 8 94 39 18 14 63 70 76 68 21 76 96 93 83 24 75 2 33 30 94 78 46 77 52 6 53 70 73 3 39 74 78 74 53 56 56 94 62 44 81 59 85 70 67 59 18 27 52 37 20 97 78 22 17 29 59 79 43 11 4 66 41 24 0 57 21 68 42 51 73 6 83 30 26 43 1 20 49 43 100 84 53 74 33 26 18 89 15 73 26 61 11 68 47 57 76 31 39 10 76 25 10 93 26 10 40 100 57 66 53 4 27 96 97 93 76 80 7 75 82 9 7 32 54 55 35 31 76 40 77 90 70 62 39 72 90 7 44 89 1 2 12 27 83 47 17 34 8 81 56 21 44 76 9 80 100 34 92 50 29 45 43 20 87 71 54 66 15 84 64 98 65 54 85 6 17 78 81 98 20 25 58 59 97 6 66 61 55 62 50 65 6 3 68 43 57 2 80 14 22 74 50 98 16 72 5 31 3 38 96 78 61 73 78 37 2 93 20 4 41 3 19 95 96 26 99 76 50 95 8 0 87 0 80 35 4 61 45 70 97 38 37 97 42 73 
6 21 95 71 98 53 14 60 72 29 97 84 27 85 6 55 20 17 2 26 45 51 35 12 92 16 83 61 27 72 19 49 20 2 12 1 28 78 79 36 95 100 61 69 67 45 85 13 37 5 3 88 60 29 22 89 93 90 69 87 10 17 79 61 35 3 91 99 66 79 25 40 3 24 33 57 2 99 50 64 80 4 2 92 83 88 92 21 11 10 40 71 62 75 25 41 3 28 89 80 79 65 13 90 90 42 11 86 90 90 88 2 74 92 3 17 97 74 36 25 20 100 85 98 37 73 29 2 92 37 16 35 44 92 92 0 24 1 89 53 42 45 95 25 40 32 98 57 26 75 62 14 36 54 74 83 59 29 99 60 93 54 45 33 66 36 65 44 67 55 10 36 28 48 100 40 25 82 50 7 44 18 59 3 24 59 1 35 40 35 73 3 18 67 21 5 12 8 14 52 16 16 52 97 99 38 35 16 97 87 6 46 86 97 36 43 27 2 17 49 2 76 20 35 35 100 85 16 80 54 36 83 13 28 68 14 91 35 84 78 58 96 11 65 35 18 50 72 69 26 39 50 56 21 63 86 86 55 10 48 46 80 47 75 71 28 52 35 39 19 27 27 58 39 41 32 74 66 9 70 100 71 84 62 95 34 26 42 92 95 45 81 54 10 24 13 100 81 72 45 92 17 73 20 31 87 78 16 61 21 66 48 1 23 100 97 15 56 69 61 98 70 0 52 99 45 96 21 69 69 82 14 83 15 22 3 41 82 15 98 62 59 10 87 93 99 37 71 53 13 84 0 87 82 5 93 87 66 18 46 36 0 47 20 57 8 4 29 50 60 96 64 67 1 53 18 83 69 45 98 18 26 94 61 97 84 90 3 85 51 22 90 15 76 30 69 98 41 81 52 
39 57 56 51 13 37 63 88 99 30 14 94 29 88 1 68 96 55 56 57 40 13 44 62 29 10 3 78 18 51 23 86 66 100 29 79 26 73 91 26 15 62 89 42 15 51 32 47 37 24 37 35 97 0 39 99 4 79 12 90 35 68 73 83 61 34 73 89 69 16 66 82 49 24 68 39 46 71 25 60 32 77 36 73 80 77 65 19 53 80 95 6 72 4 6 93 55 57 77 10 11 34 62 86 54 29 72 90 42 39 93 57 1 47 63 92 45 88 21 54 1 90 5 57 35 0 37 59 62 59 31 31 31 98 2 22 11 31 19 86 15 21 28 67 19 74 77 41 71 7 22 16 58 40 47 92 59 58 59 48 75 5 2 64 15 28 70 6 97 32 36 95 37 29 35 94 55 4 90 70 44 14 49 7 3 94 80 3 25 84 70 62 28 24 82 18 32 99 15 99 2 14 100 38 28 80 29 11 6 46 6 38 46 88 70 3 82 22 5 14 10 32 54 10 92 94 50 29 90 13 61 68 50 47 34 3 16 8 95 32 44 88 15 72 51 3 85 37 61 30 53 66 41 88 23 19 43 59 24 85 3 32 42 57 63 44 52 44 95 65 95 25 27 5 18 88 34 6 78 91 45 20 54 68 17 50 9 9 16 75 21 62 99 33 75 80 68 49 58 47 5 44 57 76 55 36 16 51 76 0 67 81 35 55 47 38 57 8 72 35 23 95 37 86 92 49 97 45 81 22 78 2 37 26 18 87 49 47 61 63 49 38 14 96 56 17 68 17 57 3 88 86 1 90 23 70 11 64 12 58 11 48 59 10 72 44 39 55 43 90 95 75 91 54 26 59 32 35 53 41 23 41 5 100 7 0 84 37 81 28 99 32 79 85 98 94 6 93 9 29 
29 33 26 74 24 50 40 30 68 97 60 51 42 92 3 73 55 31 78 51 73 59 100 39 48 66 44 100 83 3 8 97 93 51 60 72 57 85 31 19 0 35 80 49 60 11 50 16 68 39 1 88 70 86 99 100 60 31 47 70 20 69 46 48 68 4 97 33 76 64 100 34 45 16 85 9 72 50 13 53 70 85 14 100 57 32 57 46 72 62 76 29 15 27 56 71 35 9 24 40 45 86 15 86 11 52 20 46 91 52 71 5 50 81 9 80 81 91 6 69 26 98 95 33 25 7 100 94 1 51 27 46 8 0 98 64 91 76 68 98 75 27 40 88 57 2 78 27 7 71 3 65 57 17 45 86 18 91 28 0 28 11 96 62 36 48 91 68 43 51 34 51 79 67 21 98 23 55 59 49 23 35 16 28 87 63 35 81 22 95 64 88 56 51 97 18 83 75 6 54 59 37 29 39 21 86 20 70 48 44 7 98 39 61 59 90 74 47 49 13 59 66 50 8 26 22 91 54 56 56 22 8 67 97 54 63 77 84 23 32 16 24 14 30 14 92 15 25 75 68 0 70 65 66 30 76 41 7 50 33 19 73 42 86 16 82 73 80 72 43 100 40 11 2 32 95 25 67 37 4 42 78 91 77 22 77 72 76 20 48 26 98 51 78 56 55 5 22 57 68 64 46 26 18 29 23 26 35 25 13 11 17 58 89 32 25 97 28 26 61 66 9 73 59 35 20 64 26 83 27 100 25 16 30 78 96 62 66 5 38 100 63 89 27 58 19 61 96 72 55 7 17 37 60 13 25 65 34 25 69 88 61 33 66 22 44 54 61 21 46 47 91 89 37 80 63 24 37 53 60 71 5 32 91 72 99 32 22 82 53 23 27 25 31 7 98 1 11 84 72 
77 57 44 72 46 81 91 62 35 94 49 65 34 80 10 24 60 63 69 38 9 4 93 83 81 32 72 92 45 74 29 98 36 94 15 99 24 86 53 24 83 93 78 81 95 87 19 19 9 20 44 48 50 43 38 99 94 29 96 79 45 47 7 24 10 94 97 100 6 42 76 6 38 48 85 62 87 59 21 31 66 52 78 8 45 0 95 43 6 68 45 93 45 66 28 87 15 27 63 42 40 53 50 66 18 92 12 34 63 83 4 34 82 63 55 8 42 87 10 28 56 7 93 38 100 84 12 32 52 77 28 54 14 76 42 81 64 51 64 64 90 83 55 77 7 48 89 40 36 13 66 97 26 59 89 38 87 85 20 34 39 79 48 68 6 33 1 2 76 20 38 7 5 79 94 21 64 70 49 78 32 60 13 74 95 31 75 58 38 40 95 4 72 6 59 14 84 27 7 65 64 31 34 73 1 72 41 51 67 13 16 50 15 90 47 31 69 33 23 95 98 89 33 40 45 90 84 6 26 60 95 70 10 7 74 51 51 71 34 61 51 15 91 96 20 65 12 58 71 56 55 21 78 78 90 9 21 77 44 19 80 70 42 38 3 93 96 35 39 34 62 92 75 89 0 26 5 74 93 28 34 6 62 55 89 22 33 47 41 52 8 39 46 92 56 70 0 35 89 76 9 16 80 30 45 25 78 9 10 12 13 51 8 88 7 40 96 20 8 72 59 55 31 76 94 61 19 83 6 64 59 98 98 68 49 41 5 54 11 81 63 56 74 11 22 47 100 70 50 38 70 76 72 36 94 15 94 6 34 19 14 56 65 52 75 42 5 100 5 14 70 68 75 59 6 27 19 93 29 3 57 1 95 26 43 25 27 96 25 58 70 86 82 67 4 47 82 76 59 6 
12 15 34 69 99 6 95 87 47 80 45 2 70 7 61 9 71 46 82 88 86 36 80 14 30 12 23 53 11 8 32 54 98 89 31 52 3 7 68 50 94 7 74 14 90 25 81 12 90 7 3 31 19 27 77 15 61 41 4 92 76 84 26 86 40 97 82 16 6 75 98 15 5 1 68 66 28 87 84 61 12 34 27 24 94 50 58 20 36 47 84 6 50 49 52 63 6 63 43 75 18 37 28 89 14 54 95 39 36 83 73 69 72 35 93 97 63 8 69 5 75 24 80 91 7 87 37 56 41 31 30 6 20 16 65 88 11 62 64 61 80 32 24 100 38 47 5 43 31 72 19 38 37 83 24 4 66 87 85 36 90 82 61 53 88 98 30 60 72 95 82 44 29 59 86 72 100 72 68 35 80 9 53 11 47 32 32 6 34 2 18 68 78 80 45 20 30 92 33 83 12 66 62 74 21 86 87 2 70 44 82 9 46 99 85 89 31 72 18 60 58 69 43 65 71 27 40 23 42 73 22 64 68 53 4 77 32 95 36 94 83 77 54 32 23 86 28 66 36 31 80 74 2 54 39 41 79 14 13 5 63 5 51 65 86 67 83 3 61 49 81 15 68 75 96 30 92 94 40 39 95 76 59 82 85 67 36 63 33 63 88 18 12 50 32 86 16 100 83 73 27 35 73 70 58 90 93 12 88 4 10 53 97 58 46 79 43 10 10 91 49 48 36 23 57 47 39 68 97 18 76 28 50 34 93 34 32 14 42 83 56 86 5 92 74 83 89 92 43 72 91 79 67 38 85 12 46 59 99 79 42 75 47 47 65 16 77 23 72 13 4 47 50 2 14 18 28 44 41 36 99 25 90 39 68 83 23 100 83 20 84 86 25 11 91 12 69 2 89 58 
17 59 1 29 14 79 23 36 43 85 58 80 27 52 16 36 4 20 21 72 47 60 73 35 71 31 74 25 10 14 66 69 7 81 11 66 18 5 69 38 99 7 64 95 68 22 40 45 73 66 98 33 40 15 58 84 38 12 85 55 64 52 41 2 54 64 3 96 93 96 93 5 36 27 40 29 12 75 37 38 99 72 52 48 17 23 68 4 34 29 60 16 80 30 18 58 4 93 31 88 47 46 27 36 6 100 54 22 56 68 13 7 54 43 10 14 34 86 20 82 91 35 15 3 95 54 62 56 1 53 27 59 50 94 13 30 24 12 15 99 42 15 46 4 4 49 30 6 90 21 40 45 25 24 28 92 98 14 56 48 81 8 19 75 66 23 16 92 74 1 49 19 68 41 53 58 42 38 53 8 96 3 71 93 95 31 70 32 54 41 18 84 35 83 88 7 92 24 89 78 96 9 53 23 30 40 2 75 23 72 4 98 26 54 31 37 37 56 31 76 70 1 40 66 82 33 61 20 6 58 52 73 61 5 89 75 25 43 0 13 4 5 74 24 24 33 10 90 36 64 41 42 59 90 66 46 56 33 60 58 24 44 18 67 90 20 55 71 87 14 83 1 96 79 77 56 78 5 11 7 52 13 22 67 45 100 38 100 60 33 59 47 90 66 61 49 19 34 10 97 17 13 41 13 51 84 90 14 74 13 99 43 84 19 12 3 6 66 99 87 54 87 81 17 46 24 94 11 6 10 9 63 44 24 17 79 58 55 98 30 29 58 16 3 78 59 37 95 86 79 43 79 63 74 13 87 0 9 87 67 8 27 62 37 62 84 86 33 26 39 79 52 27 76 36 94 2 17 79 100 7 57 64 1 0 95 71 50 90 47 8 8 99 66 58 19 52 22 5 1 
3 47 76 56 49 35 43 73 90 46 88 50 39 13 63 90 27 96 40 67 26 93 63 89 7 79 100 67 9 51 85 36 16 29 49 92 38 98 41 51 49 36 97 68 45 50 53 13 48 84 89 65 35 28 41 91 75 98 7 29 90 65 70 99 71 55 99 90 26 25 4 38 82 60 87 33 62 44 3 48 38 43 13 58 36 46 1 45 21 10 37 83 61 50 74 32 35 2 76 78 93 100 35 39 54 31 24 14 13 27 6 78 3 26 96 88 0 92 9 21 98 56 13 45 96 4 26 33 91 59 33 82 48 33 0 42 77 96 94 37 9 46 34 8 50 64 74 16 7 20 33 19 93 80 50 30 28 80 50 24 53 18 97 23 88 36 88 60 70 68 78 99 38 62 44 57 65 23 60 62 54 9 64 80 95 9 10 12 83 23 91 62 49 67 86 85 26 36 83 16 37 32 62 65 51 68 1 49 20 25 43 21 100 40 71 55 28 8 3 39 96 97 88 17 57 96 81 99 24 16 88 35 49 25 28 74 54 71 16 47 28 64 19 73 14 20 48 82 5 46 11 96 30 28 8 10 10 68 71 49 96 39 59 63 18 67 62 29 7 68 3 54 28 64 72 27 61 10 25 30 13 22 63 42 62 96 74 66 43 95 94 13 80 56 84 90 21 26 46 50 15 54 0 61 54 96 99 26 23 64 51 64 10 20 44 16 10 70 51 42 84 5 55 100 15 38 34 44 48 60 9 73 33 97 55 17 31 34 35 32 91 75 65 81 78 52 7 44 25 30 57 79 66 21 32 63 24 67 7 38 0 41 44 71 20 59 20 32 90 67 27 41 32 16 58 84 67 81 73 44 41 97 93 77 18 47 44 86 97 95 48 30 90 6 16 38 94 22 81 64 
72 27 70 90 89 15 95 46 88 1 61 4 42 5 82 14 65 51 14 0 59 99 90 2 89 2 73 19 47 74 52 32 93 35 78 4 36 42 95 50 24 63 2 82 80 85 64 95 43 93 25 50 30 75 78 69 77 49 27 70 63 34 25 78 49 87 75 0 15 87 69 4 46 16 82 5 62 23 81 16 53 92 99 60 44 85 19 34 34 96 84 32 49 30 24 55 66 71 47 95 37 69 93 69 95 3 51 71 88 71 62 6 74 73 53 19 60 75 73 83 11 40 6 99 35 1 57 96 96 82 27 27 57 86 95 7 88 34 74 97 13 19 24 87 99 51 71 22 63 4 0 54 67 41 28 13 92 21 81 82 86 11 88 95 50 13 60 15 17 17 60 33 46 90 19 89 0 8 50 13 57 61 70 90 44 76 28 71 51 68 10 90 11 85 84 31 71 91 52 84 51 3 56 45 63 67 64 44 56 96 80 91 72 25 48 97 43 41 80 70 86 97 59 13 20 31 29 37 59 45 72 96 0 84 47 97 48 60 17 17 6 17 39 72 38 80 76 68 58 17 56 33 24 41 86 63 51 35 44 13 90 99 52 22 60 86 14 82 43 87 33 7 41 89 66 69 25 90 33 89 63 76 29 25 42 21 11 95 64 96 98 8 15 78 15 65 60 41 76 100 76 81 38 34 24 48 5 60 19 95 91 88 90 66 57 56 44 45 20 54 60 76 38 30 77 56 34 50 59 46 27 21 74 59 11 31 52 2 46 76 76 55 67 57 99 4 93 1 89 16 66 45 65 68 100 5 95 30 18 29 5 93 96 20 65 65 4 17 34 58 23 64 24 68 60 42 49 22 68 52 75 12 25 26 98 96 89 77 7 78 19 42 51 92 6 20 23 73 36 85 
77 50 31 62 35 75 6 32 24 39 73 33 55 5 59 3 61 67 62 72 60 81 79 73 44 0 14 28 64 33 75 38 20 33 1 95 41 14 63 20 94 1 84 0 73 6 47 41 2 92 46 8 52 5 4 17 64 44 45 100 9 48 81 11 91 4 6 44 65 6 52 78 79 47 1 72 58 50 20 40 11 82 39 27 92 84 18 38 89 53 59 12 58 73 79 34 44 28 86 79 26 39 84 57 85 47 39 28 22 11 10 88 4 10 20 37 0 21 97 6 92 4 82 26 78 91 84 68 50 27 10 32 35 65 5 13 45 74 14 61 77 62 56 48 86 92 72 99 94 34 94 15 48 17 64 24 75 8 88 41 5 74 78 74 33 93 29 96 21 73 15 12 13 7 2 64 57 2 64 88 99 61 43 1 67 46 1 95 81 6 0 96 47 55 90 40 87 58 44 32 91 51 59 79 66 81 56 76 86 90 17 37 14 95 22 5 26 37 19 39 34 40 91 16 27 78 56 38 43 57 64 77 76 59 50 32 42 58 19 99 80 1 37 43 21 53 17 65 53 89 27 31 61 34 3 43 70 66 92 89 26 90 5 82 60 14 53 66 49 48 47 13 21 84 86 55 33 37 62 98 57 13 60 62 96 99 60 92 50 81 28 50 6 83 37 30 6 82 19 72 13 42 95 100 81 56 43 24 11 33 33 52 57 89 94 74 53 51 92 60 61 10 3 76 55 19 93 60 98 79 28 70 21 90 36 99 35 72 61 56 19 19 29 31 76 69 32 68 27 30 95 78 15 27 46 9 38 40 44 15 50 11 86 9 75 30 20 17 78 67 53 15 61 41 44 19 76 32 96 71 87 13 89 58 61 57 79 1 39 28 66 64 60 81 81 62 53 46 0 90 
82 63 62 17 27 3 64 56 61 24 64 11 28 9 18 7 76 30 98 46 66 27 88 44 72 80 14 85 83 39 61 42 0 69 26 42 42 30 60 63 73 47 39 23 90 14 90 0 100 97 95 43 72 98 46 80 41 18 24 94 27 99 75 72 43 30 44 64 22 23 3 74 64 10 86 79 10 62 60 69 87 85 66 62 43 85 22 12 97 19 94 70 30 95 44 69 31 66 38 44 41 89 60 52 91 27 92 20 25 50 42 1 88 47 89 81 66 14 61 88 16 38 19 57 68 36 79 8 24 20 78 36 63 38 49 8 79 75 43 68 62 36 31 68 97 82 48 46 4 68 74 75 23 62 100 27 35 61 12 78 10 9 23 52 39 100 84 71 44 14 84 80 83 85 15 85 40 31 4 63 2 22 95 52 16 66 59 54 29 54 98 19 45 32 82 95 96 2 39 77 11 100 24 20 20 53 8 83 81 16 50 93 28 96 92 39 77 30 89 71 80 71 36 34 49 98 56 36 89 62 62 73 77 94 41 96 75 16 66 64 40 23 8 23 12 15 65 41 84 98 9 75 1 48 91 32 26 23 64 42 90 52 57 56 47 51 62 71 100 73 51 28 53 6 96 13 25 92 6 11 71 92 18 61 16 85 16 24 50 6 26 54 77 77 22 65 43 81 46 2 76 46 83 0 49 48 67 19 74 52 24 63 92 98 46 65 72 90 77 53 13 91 33 20 93 91 57 36 83 75 11 15 77 45 75 11 38 99 27 54 10 73 27 75 91 47 70 55 2 35 51 74 81 21 39 28 75 82 1 17 89 71 46 31 94 49 36 8 44 99 20 93 56 88 63 88 83 93 70 28 29 81 87 72 15 6 38 32 41 56 60 80 80 14 14 1 11 77 90 51 
60 89 84 30 82 34 13 79 14 46 68 52 74 50 86 57 51 76 96 9 21 48 72 93 91 92 19 19 87 36 85 59 73 66 45 80 69 4 72 61 47 78 65 96 53 0 69 52 67 63 36 91 25 60 11 50 94 53 56 67 81 58 85 19 47 33 20 96 41 0 29 93 76 29 9 26 8 85 35 61 41 78 20 94 14 23 29 61 94 83 31 63 89 26 33 89 85 81 4 2 54 61 43 51 82 1 49 43 59 35 86 13 89 79 91 1 77 30 77 11 59 36 52 53 15 42 7 50 40 67 45 21 20 4 57 23 18 2 5 84 22 69 98 69 56 0 36 71 60 49 83 62 61 57 70 59 0 6 6 4 48 97 90 7 78 38 85 96 24 50 15 34 26 85 19 8 99 6 63 48 87 48 13 80 11 59 74 0 52 63 46 22 6 96 68 23 56 24 61 55 11 17 22 55 72 33 36 9 59 55 90 85 98 86 82 41 62 40 62 69 86 23 31 31 74 16 44 81 60 97 84 88 94 40 0 9 91 49 3 73 43 92 85 22 31 50 84 19 41 71 14 58 2 93 57 77 4 49 98 34 94 49 52 62 13 13 83 85 44 24 42 52 65 85 45 81 32 30 99 73 97 39 68 80 75 100 78 69 95 60 45 22 35 76 14 53 27 94 73 18 86 38 54 85 59 81 75 10 99 87 0 43 24 11 35 82 24 37 24 20 37 48 74 64 15 93 24 70 19 15 4 56 74 22 70 67 9 67 95 75 7 98 36 38 67 35 54 92 97 59 2 43 50 63 86 21 0 13 94 77 53 0 28 81 57 68 81 90 60 27 94 49 75 54 43 46 59 58 14 13 43 86 20 77 71 6 10 42 51 2 39 72 35 66 23 78 82 36 39 22 
91 78 59 41 34 88 47 55 50 93 78 32 42 100 94 96 51 19 21 99 27 45 87 46 16 18 2 18 77 76 49 14 84 70 5 23 55 22 51 51 57 30 50 70 96 52 78 34 45 90 70 78 30 59 5 0 30 97 93 4 100 61 47 61 97 52 6 28 26 14 92 18 86 2 0 78 2 36 3 6 88 1 44 99 24 97 22 89 53 74 95 25 77 30 39 46 61 17 93 98 24 70 85 12 68 63 16 54 66 76 68 87 53 8 85 84 82 29 13 69 90 76 94 12 14 48 69 50 91 4 23 99 25 93 79 100 24 41 4 87 69 78 41 20 63 80 4 84 66 18 87 57 65 96 20 57 54 22 37 47 13 76 16 95 63 18 91 84 92 88 88 89 62 69 100 22 60 51 65 60 56 40 98 90 8 82 51 3 54 19 67 66 52 52 79 51 33 40 97 72 50 79 7 62 98 41 99 97 5 88 34 24 28 2 12 34 76 48 18 62 96 61 96 34 45 62 40 91 87 83 63 9 44 84 98 18 64 67 44 22 31 97 90 38 74 39 84 55 82 68 44 51 32 8 0 5 84 13 85 40 0 10 0 89 78 42 51 42 82 64 60 3 45 96 59 87 17 80 39 26 65 89 20 68 16 69 68 49 57 94 96 4 67 64 87 5 33 15 95 74 86 67 50 22 74 92 87 85 66 73 49 88 51 92 2 71 30 9 46 81 97 62 39 27 76 62 37 29 70 75 63 19 97 9 28 28 56 51 50 30 49 93 68 10 60 69 16 91 3 43 60 79 69 97 8 89 73 52 4 6 82 69 47 26 56 37 54 9 11 75 13 2 74 91 1 34 13 87 64 76 100 39 82 17 57 92 19 3 79 34 8 75 74 28 16 21 52 77 76 34 
83 11 34 13 57 19 0 16 96 35 46 100 51 91 3 0 65 89 79 3 27 97 63 68 54 70 68 75 67 97 67 82 1 34 16 25 5 92 76 35 10 50 4 7 66 23 72 36 51 26 26 59 73 90 69 58 98 84 64 25 81 78 47 33 8 62 15 76 73 45 54 54 78 70 83 100 90 42 90 100 74 74 37 51 8 58 72 82 60 93 78 30 19 16 1 63 30 21 77 43 67 88 68 42 51 90 85 90 74 49 72 23 9 17 8 90 59 42 80 71 21 84 4 4 38 33 89 92 28 28 4 77 73 79 33 75 50 53 49 77 49 31 91 58 90 13 1 60 71 67 34 13 72 75 8 16 67 76 36 47 95 8 87 13 52 25 5 85 43 51 36 14 76 17 85 6 40 9 26 30 18 59 36 96 90 98 56 91 60 57 22 9 65 39 87 7 71 55 63 72 88 1 17 23 69 25 80 66 57 33 62 86 2 32 34 80 46 97 98 41 12 99 19 35 58 4 27 2 94 14 32 67 79 58 20 34 85 7 87 98 10 88 99 57 65 38 2 33 27 68 85 37 24 24 13 55 3 0 3 73 40 33 49 74 2 46 84 74 29 60 49 67 34 93 26 19 33 38 5 45 47 50 0 64 24 15 18 58 57 31 11 11 4 23 91 22 3 54 72 99 28 84 30 70 67 26 84 42 51 40 54 32 99 75 33 10 52 100 78 18 97 60 73 93 52 93 49 80 8 64 45 78 96 41 59 76 18 19 87 91 7 81 39 79 77 81 15 78 6 22 46 65 8 98 70 100 2 39 26 78 91 16 69 67 66 63 50 97 90 89 34 92 80 48 28 38 86 37 92 100 33 47 33 84 72 73 9 62 30 39 89 86 46 93 4 27 16 17 45 93 
8 56 80 87 71 2 75 65 5 91 17 51 16 82 16 76 45 86 17 66 57 13 6 53 84 64 63 96 94 80 15 88 63 32 64 95 36 15 45 2 69 44 71 54 94 20 46 41 17 14 23 52 35 80 97 23 12 61 69 76 14 51 65 81 25 83 93 33 94 58 80 27 13 64 56 72 96 57 89 91 37 100 47 40 88 6 37 71 45 3 14 3 16 9 93 55 86 87 55 93 18 59 7 82 17 20 14 67 96 42 16 33 37 65 13 90 29 30 62 69 53 74 100 17 66 11 34 2 64 84 80 1 10 79 97 51 56 4 58 96 88 17 13 81 66 88 80 21 14 96 78 79 66 32 13 86 76 11 88 46 30 89 4 81 27 42 93 81 40 41 76 47 52 37 64 64 8 38 28 64 24 53 85 17 31 52 27 69 12 76 43 41 24 77 62 60 58 92 99 47 54 57 93 41 99 3 99 15 29 68 0 20 57 53 67 12 40 75 30 87 72 55 97 85 2 33 55 19 45 26 51 92 100 28 29 47 32 20 23 85 80 11 74 19 12 93 25 84 81 44 69 10 35 87 63 20 0 64 18 70 77 2 99 11 32 53 52 92 76 40 94 48 51 86 9 4 44 36 87 50 20 90 31 6 43 83 48 17 48 28 56 72 64 88 48 83 30 53 7 17 96 57 43 93 87 38 27 33 15 49 14 69 77 33 34 25 79 6 48 80 4 24 21 5 42 19 7 75 30 14 97 24 26 3 99 45 94 64 58 80 98 92 97 75 60 11 76 41 95 73 21 97 27 28 77 30 32 70 28 35 65 48 30 88 48 61 90 1 28 28 8 51 17 33 18 79 19 35 89 13 53 7 42 6 67 77 53 77 4 45 0 32 58 9 57 11 23 93 18 42 
19 25 87 65 92 12 69 61 57 71 66 19 28 11 84 65 75 93 91 64 13 58 85 70 23 94 62 37 96 25 42 34 4 14 71 5 36 90 41 70 51 25 40 41 11 42 92 77 79 86 40 6 1 86 48 34 14 51 99 83 53 10 69 82 63 42 26 33 60 70 36 25 79 19 98 7 86 31 64 81 22 97 81 69 41 94 11 12 25 21 67 3 81 67 82 1 67 52 20 74 95 79 71 7 30 27 31 52 61 60 68 64 20 69 36 95 20 4 34 99 5 5 24 89 49 100 58 15 7 39 43 92 4 74 67 71 33 6 97 82 34 31 99 24 42 67 63 56 64 60 1 10 28 57 16 43 73 78 98 85 46 7 17 36 85 15 86 77 28 78 79 15 13 92 50 46 75 4 31 31 81 86 32 81 23 67 9 81 46 48 51 70 18 84 4 26 94 34 72 36 11 93 6 18 36 75 36 9 78 25 88 22 4 99 14 92 87 99 35 42 33 42 79 74 72 73 64 61 50 3 4 39 97 98 36 8 90 12 81 42 72 20 2 11 98 65 19 5 52 81 59 13 83 17 87 9 1 96 32 66 77 37 30 96 35 67 22 38 14 40 90 49 53 30 49 13 90 18 19 79 65 28 14 77 20 36 31 66 53 14 99 71 60 62 86 78 83 41 15 25 94 85 25 31 24 94 89 81 20 24 39 31 17 90 97 9 64 23 27 70 65 19 80 58 88 63 6 47 19 59 31 22 53 96 9 48 60 28 6 64 53 67 44 51 66 21 63 37 74 34 77 100 21 48 38 12 13 14 16 5 62 27 80 95 77 15 53 44 29 69 30 64 60 62 59 100 7 52 61 3 14 65 78 80 36 80 47 3 27 46 8 14 1 45 27 34 15 99 1 85 
78 21 6 2 85 34 64 21 9 72 70 0 76 71 38 54 36 8 55 67 1 96 60 45 74 66 24 8 84 1 18 42 74 18 81 85 48 20 83 41 52 64 29 52 97 84 15 75 63 10 12 13 84 81 6 99 48 38 27 62 51 36 98 34 83 71 19 42 59 38 78 44 6 84 63 19 98 20 90 31 66 6 52 32 32 23 71 73 30 77 31 7 28 76 69 90 87 44 12 83 100 28 40 89 17 54 30 72 46 9 71 49 36 96 58 79 69 45 61 39 100 100 8 52 95 14 20 71 63 94 79 75 11 30 58 26 3 54 95 11 45 99 59 23 90 94 75 69 45 41 33 73 63 88 70 19 89 59 5 63 0 12 66 18 88 22 28 55 91 83 24 73 14 14 53 46 86 13 10 44 69 92 24 5 37 77 2 61 97 5 93 50 10 99 99 77 71 18 98 99 76 5 80 76 94 96 24 81 73 11 34 19 85 45 44 75 61 1 79 78 79 54 64 88 5 47 23 9 27 38 6 88 49 54 26 97 59 26 52 99 62 88 79 53 85 49 52 93 32 35 32 69 69 45 50 10 5 87 19 7 29 24 72 77 41 94 44 28 89 17 100 92 76 21 49 24 2 6 45 58 6 66 15 65 83 60 4 90 97 29 17 93 3 37 35 49 23 14 46 0 35 79 56 38 7 69 90 63 94 36 23 55 99 16 56 56 6 24 80 20 20 59 8 31 97 21 57 71 24 48 59 40 28 71 54 77 32 85 80 10 46 6 93 56 2 16 26 51 80 98 26 89 70 28 62 4 55 0 75 8 22 90 83 32 68 89 60 92 11 28 69 25 65 32 86 34 77 57 85 91 78 72 38 56 34 28 45 61 59 19 42 23 49 68 12 100 83 63 9 9 
56 85 5 58 55 59 78 83 77 33 95 35 13 70 58 82 20 93 7 63 81 71 63 68 54 8 56 17 62 81 79 3 22 43 62 67 83 0 87 57 32 66 86 72 0 47 6 73 73 61 6 90 42 90 54 55 32 69 77 19 49 15 35 95 11 46 40 64 81 77 80 15 68 83 85 2 44 71 9 89 13 13 64 6 68 10 16 69 2 52 35 81 57 29 88 40 25 86 50 62 67 53 15 100 17 4 30 82 35 38 88 39 37 82 72 82 43 80 17 74 3 66 44 87 59 79 11 53 1 67 81 95 71 88 12 40 65 79 43 75 44 90 68 76 52 18 88 53 20 54 35 62 13 38 3 31 12 5 62 57 4 33 98 22 7 71 36 71 57 61 10 57 79 85 2 34 64 98 90 74 55 20 1 36 71 23 33 30 82 41 41 13 73 84 5 93 69 40 57 56 97 51 26 36 1 59 82 39 44 81 73 15 86 82 88 17 29 47 33 81 69 87 94 70 63 6 28 21 43 36 82 87 61 24 83 45 61 86 58 74 67 60 49 72 51 41 80 62 25 26 81 14 1 53 68 6 34 99 98 65 31 48 17 6 31 33 23 61 75 61 94 44 65 32 15 18 1 86 21 37 75 72 82 73 97 94 37 42 32 35 93 88 50 48 89 32 17 57 40 45 62 43 75 54 67 25 63 13 63 44 25 89 10 88 50 15 1 18 98 78 100 30 22 43 66 8 67 72 15 66 50 45 21 48 6 26 94 1 2 66 47 53 72 7 99 75 10 8 55 27 23 81 72 42 97 89 9 75 84 86 55 46 93 48 85 95 55 13 4 87 28 44 36 0 44 21 5 69 91 29 71 32 76 49 83 67 88 53 32 25 82 35 95 11 40 99 24 8 88 13 
22 62 23 48 53 2 48 16 87 35 49 59 63 12 69 77 7 31 41 5 56 81 75 51 65 90 39 13 54 8 52 56 47 99 82 51 43 65 53 83 46 33 3 95 51 63 40 99 91 27 86 27 2 50 1 71 48 86 49 16 20 45 90 13 4 58 51 62 57 75 47 33 72 49 69 63 4 69 66 34 14 73 55 59 85 58 65 75 81 33 45 63 36 53 88 90 92 100 38 4 21 45 91 16 0 40 74 69 65 28 4 91 54 43 71 35 69 5 0 8 74 37 83 15 28 29 49 22 44 0 23 8 45 66 11 57 41 43 77 76 95 28 84 93 81 65 93 84 24 80 78 18 81 25 58 71 10 90 45 59 67 90 92 44 37 64 85 99 54 85 49 38 74 75 37 41 18 19 60 41 6 21 16 14 32 14 24 15 60 60 12 1 44 89 53 19 19 16 22 65 35 33 73 35 60 85 12 94 68 58 32 74 41 51 29 6 61 95 43 44 79 31 26 33 100 63 10 94 43 8 11 21 90 75 3 99 74 22 87 45 31 20 25 10 100 68 17 57 35 66 53 51 9 67 35 74 91 4 96 24 39 53 95 97 93 45 13 48 30 35 3 26 75 91 54 77 72 4 5 8 65 68 81 37 53 75 69 39 23 93 0 67 8 47 46 2 97 2 67 16 82 9 93 73 15 61 97 17 9 77 34 61 85 89 38 79 39 56 18 100 95 22 37 53 48 88 50 41 49 12 31 51 37 32 52 55 5 27 74 45 36 86 24 80 93 81 71 83 76 43 33 88 97 10 91 32 54 42 86 83 13 20 48 70 13 26 45 1 36 78 68 24 48 59 96 77 20 70 44 66 37 90 26 94 97 48 51 41 31 86 86 85 78 41 23 40 76 93 100 39 
76 7 5 87 89 38 26 66 45 18 18 3 60 9 7 93 61 99 7 57 15 52 54 81 20 91 86 98 39 56 30 25 81 6 7 20 46 100 46 17 73 54 90 38 82 46 12 34 42 97 10 47 30 7 28 38 30 82 0 100 47 22 80 86 42 19 79 63 29 30 21 94 59 96 72 67 1 54 77 75 82 99 74 15 27 41 12 42 35 33 97 88 39 41 2 60 40 46 62 13 58 84 76 30 5 25 9 8 12 40 24 30 67 59 95 68 13 49 10 5 28 81 79 24 22 73 21 63 94 78 4 56 81 94 64 71 27 10 52 46 75 38 43 41 77 10 52 71 11 21 0 92 14 35 53 3 16 89 22 5 33 10 23 60 91 18 96 59 49 100 42 34 36 40 8 98 48 18 22 4 30 46 73 21 32 44 67 59 3 64 4 88 79 88 49 75 89 30 64 47 92 47 71 95 28 65 89 4 47 1 68 2 62 86 96 55 13 21 62 47 36 72 90 83 44 96 17 2 80 84 43 54 65 27 54 28 98 61 70 78 75 42 53 80 55 20 10 12 74 88 3 41 99 71 2 29 13 16 37 36 58 22 22 33 88 67 2 52 79 25 89 8 75 3 59 58 87 54 72 14 88 80 12 79 75 73 29 34 39 29 0 100 55 39 45 57 92 72 88 66 98 31 25 1 35 69 30 36 82 30 62 34 56 16 27 72 95 95 1 40 92 100 46 9 34 55 94 65 16 63 71 78 99 63 99 36 4 49 1 77 49 89 52 75 3 72 26 57 14 65 66 35 46 83 26 63 51 87 17 61 89 52 47 34 13 36 40 33 1 41 41 0 90 75 68 0 90 94 32 56 50 97 47 92 74 62 34 41 33 21 72 57 6 27 31 80 48 3 41 81 
8 43 39 97 42 22 19 98 53 1 47 8 29 59 97 10 64 93 71 13 34 91 31 66 50 37 95 21 15 87 28 79 95 15 11 17 74 38 48 72 2 81 39 32 41 87 92 15 90 39 44 46 71 84 57 41 19 28 78 48 10 53 88 55 82 42 27 89 54 84 80 3 52 52 65 34 19 90 89 7 24 2 29 98 83 10 75 75 82 69 96 81 68 95 59 33 90 35 28 59 28 90 25 45 44 88 98 100 82 59 39 70 6 85 28 15 14 61 89 92 73 44 46 62 26 24 41 54 55 40 32 33 58 22 67 10 95 30 58 85 44 55 62 22 86 79 4 56 70 24 6 50 7 16 18 47 89 99 65 22 77 6 39 30 62 6 91 16 88 5 20 36 61 80 13 38 72 42 29 50 60 89 64 42 8 46 22 13 53 23 34 39 0 46 71 11 31 98 12 4 18 27 65 9 21 13 99 17 69 30 69 60 76 59 61 77 100 31 6 24 26 28 61 91 12 39 51 83 71 60 94 59 80 80 31 29 92 93 78 33 65 83 63 89 70 50 14 70 69 98 94 76 57 47 11 78 11 24 40 81 25 5 65 33 71 10 70 34 61 34 23 37 91 72 66 77 58 2 63 8 64 68 57 26 0 35 41 97 91 42 100 86 54 23 65 31 100 56 11 49 85 62 66 66 87 13 81 74 44 32 31 86 52 6 7 15 65 96 3 20 17 84 77 47 59 46 61 39 33 57 91 48 90 34 41 7 84 32 75 25 70 85 85 97 84 98 44 58 77 1 98 91 85 62 52 80 5 33 29 2 25 87 43 9 47 64 12 63 5 34 16 7 36 90 4 52 34 3 74 92 60 98 99 31 61 11 65 40 80 79 73 25 65 27 3 96 69 81 38 54 
2 93 25 43 27 47 31 26 70 85 34 36 62 90 91 45 60 76 67 51 81 14 24 14 88 33 10 86 28 72 65 79 18 41 11 13 78 64 64 12 73 2 30 67 43 56 38 83 83 39 70 24 71 73 96 95 72 39 85 93 9 7 45 12 44 52 79 42 60 43 92 74 38 37 62 11 74 55 62 85 22 30 37 79 19 32 40 85 99 13 23 49 35 55 66 32 82 20 69 40 81 100 97 34 65 95 24 15 64 55 45 80 90 67 42 6 5 32 8 23 65 89 60 75 64 83 51 20 100 95 27 71 30 46 35 83 75 27 92 83 41 60 35 35 62 31 92 40 3 95 83 31 87 40 19 40 30 81 4 11 36 66 6 69 68 59 61 10 65 40 90 99 45 18 76 65 45 13 6 7 5 61 11 100 80 12 99 66 30 30 19 56 65 91 29 4 87 60 80 85 62 8 95 78 51 55 77 22 98 84 54 36 71 20 82 18 15 35 81 11 37 3 11 81 53 95 87 68 6 25 20 47 52 22 19 43 91 59 78 98 38 85 97 19 49 2 6 62 43 98 35 80 52 75 36 46 7 6 47 75 72 89 3 20 74 9 90 29 70 28 28 11 37 36 8 77 17 33 7 54 45 16 29 59 22 37 91 71 99 16 89 70 9 23 66 73 31 7 6 81 9 61 57 99 51 48 51 42 17 17 5 32 22 86 68 38 18 3 20 36 96 15 63 32 24 54 52 64 74 44 63 83 53 90 66 17 50 38 83 78 1 29 79 54 55 17 60 58 66 5 11 99 39 21 52 12 49 6 59 79 38 70 75 3 91 6 12 65 100 14 25 82 84 94 10 18 14 50 37 70 35 91 96 45 87 100 33 52 76 66 93 90 18 4 20 34 22 2 50 43 
84 99 43 40 83 31 76 27 33 74 1 0 21 11 40 57 21 34 76 4 43 54 63 74 9 95 91 66 1 8 64 68 63 46 95 97 69 37 87 61 81 99 97 18 81 41 96 7 16 12 83 46 29 21 70 1 23 68 2 59 68 80 82 46 5 55 23 31 81 27 61 37 53 62 52 94 15 32 56 7 58 75 79 31 42 70 80 77 71 91 54 36 4 30 40 35 56 33 26 47 95 42 68 47 4 72 58 24 39 0 50 69 91 65 68 16 95 33 19 63 48 75 61 56 7 55 90 79 38 68 30 23 24 64 46 8 74 1 27 28 32 21 92 65 33 5 70 11 5 26 61 39 78 36 48 84 48 71 78 88 40 2 57 92 44 30 18 58 36 26 37 31 53 84 31 82 65 87 1 56 0 1 86 64 52 94 80 29 97 99 90 42 44 82 75 59 88 49 88 85 78 69 65 15 6 84 20 2 37 75 35 91 4 72 81 89 86 11 90 6 95 97 30 69 42 36 79 43 73 96 35 72 52 74 98 14 54 65 68 94 49 11 46 6 40 20 75 86 14 60 53 62 22 96 5 92 14 26 28 88 36 45 13 47 1 57 46 21 79 100 28 73 49 63 68 38 19 41 38 81 41 74 93 10 81 79 57 28 10 23 49 52 61 69 59 52 7 74 65 27 74 9 6 85 76 17 71 85 87 6 64 82 3 97 19 77 29 12 92 19 54 81 32 31 61 13 35 55 77 54 19 56 31 65 6 79 2 9 35 55 52 96 27 12 31 18 18 68 13 72 26 23 21 37 26 3 18 52 41 47 97 42 54 50 76 3 71 27 78 18 29 59 84 61 45 89 26 82 70 28 32 70 87 68 59 30 75 1 21 78 30 35 81 13 38 91 77 48 96 63 
88 82 80 29 54 68 66 72 76 82 38 27 83 51 66 70 33 96 60 100 61 78 76 32 48 8 46 1 82 28 25 56 67 93 0 58 78 23 63 58 62 78 43 26 87 63 1 23 22 7 64 85 65 66 90 89 62 44 3 29 85 31 28 5 80 77 26 2 0 49 15 51 68 78 6 1 66 34 87 25 77 5 36 75 71 98 33 76 77 10 42 36 30 35 66 71 72 30 55 43 59 81 58 97 84 90 54 46 74 16 9 99 69 11 9 89 97 63 76 50 7 5 18 31 49 19 29 19 37 5 21 90 83 94 36 14 80 69 24 17 60 11 29 49 8 61 21 88 65 39 75 10 23 4 67 25 58 74 54 85 14 20 70 8 99 65 11 45 51 58 16 12 3 44 7 79 63 100 15 18 47 71 99 83 59 85 22 3 23 57 4 22 57 88 36 46 20 11 25 72 37 78 35 52 7 7 65 25 78 37 13 99 49 24 45 90 39 43 29 57 67 73 93 0 21 70 83 24 54 66 71 86 39 83 94 25 62 86 3 63 30 18 56 41 18 67 38 97 52 44 69 77 4 86 32 91 100 54 99 61 6 88 42 89 26 11 45 92 54 96 81 9 97 61 23 96 22 81 75 2 41 45 73 63 46 7 22 55 53 27 12 46 21 15 67 54 55 15 3 30 68 11 51 29 87 94 99 38 39 3 9 1 45 47 93 34 16 49 7 78 9 16 14 37 96 19 46 82 44 38 71 26 65 12 72 84 48 71 10 30 44 13 42 73 22 93 68 90 54 59 28 55 72 59 28 47 68 83 24 14 18 62 68 44 38 84 3 80 78 72 33 67 21 59 14 18 0 57 10 96 4 36 87 81 96 82 40 66 65 40 28 37 11 27 56 75 58 1 17 79 
28 93 22 84 84 37 11 60 19 20 59 1 12 64 90 54 7 92 53 33 59 71 11 54 21 84 43 39 3 64 5 60 70 75 11 80 34 37 35 28 6 4 79 99 80 93 42 15 33 43 31 76 84 73 9 99 44 20 83 93 25 84 13 57 83 46 55 75 0 14 66 2 63 87 37 48 30 39 47 19 40 15 66 68 29 52 42 46 79 11 65 69 52 67 56 94 26 81 60 95 24 71 39 37 67 58 51 32 63 61 27 11 63 25 52 53 23 88 7 97 75 46 93 40 55 11 51 76 14 50 95 43 52 1 25 93 71 86 18 33 60 65 39 26 75 38 77 14 9 44 79 90 42 26 47 93 81 2 37 70 46 36 85 89 8 6 27 43 10 74 62 49 78 63 39 50 18 2 56 71 53 100 81 55 69 83 70 43 47 55 77 3 58 71 70 30 14 22 37 19 94 39 4 3 55 2 41 92 95 82 53 73 34 43 43 62 24 73 72 84 9 46 52 76 10 66 32 49 20 36 90 97 43 70 34 17 7 66 2 55 98 48 82 62 80 51 38 61 49 17 77 96 76 81 12 27 56 64 100 93 6 68 22 39 3 24 25 3 29 67 17 86 78 76 51 73 60 60 61 82 92 85 20 63 69 81 75 5 68 79 67 39 17 35 70 39 91 50 88 48 77 52 63 33 95 64 30 61 73 57 62 33 11 10 48 76 77 87 73 96 76 97 16 79 9 42 69 7 20 2 98 29 88 17 50 74 45 61 34 36 35 29 11 1 75 92 73 42 47 21 37 68 20 61 97 22 4 77 96 47 76 92 51 19 65 7 10 88 70 69 13 97 13 19 97 93 42 16 12 53 53 68 89 77 63 15 45 13 42 38 11 35 11 51 16 57 51 90 23 12 
37 84 77 74 29 58 28 1 15 36 73 63 67 75 63 1 99 37 1 80 58 65 98 43 86 69 46 6 99 19 29 82 19 42 65 22 48 5 68 95 90 0 38 35 21 68 39 7 71 22 83 34 79 72 86 99 31 41 75 51 5 82 99 20 62 10 61 66 83 60 8 62 27 34 90 76 47 24 91 98 99 33 49 52 32 66 29 67 65 25 47 15 15 77 36 77 16 66 62 94 55 47 86 97 84 75 94 13 86 61 64 99 69 69 83 79 27 52 24 82 98 86 86 88 54 48 64 93 11 3 91 11 79 33 16 2 3 96 12 52 22 96 53 73 59 63 75 80 67 19 36 40 38 63 63 95 25 22 67 84 51 98 74 2 57 98 15 96 83 24 35 92 84 19 94 29 16 66 19 85 66 83 56 25 62 33 92 38 92 39 73 10 39 65 74 84 52 32 72 38 32 19 27 67 27 24 58 72 40 47 67 99 11 93 40 63 44 38 5 23 61 87 56 47 70 66 0 61 95 20 60 85 13 11 80 76 18 21 54 88 10 98 81 26 26 40 10 45 80 47 26 94 38 31 64 52 39 9 76 24 84 33 27 2 43 72 16 98 31 59 68 48 86 91 95 46 97 92 62 80 34 47 79 61 20 2 98 36 95 57 70 0 20 26 86 34 90 3 80 90 13 24 90 74 5 17 71 1 22 65 33 49 10 70 30 73 64 35 89 28 87 81 65 48 10 86 49 88 87 31 86 27 9 6 16 2 3 58 83 78 27 1 12 10 35 40 7 28 57 54 19 85 30 42 72 27 92 81 19 46 55 99 79 44 12 98 48 46 35 61 98 78 40 24 33 45 26 76 45 91 53 89 27 79 39 1 79 69 24 34 87 87 44 38 2 84 53 79 88 56 
70 67 1 9 72 34 30 5 10 75 51 64 31 14 18 25 100 64 28 10 23 0 97 78 7 77 8 84 71 3 98 15 97 91 21 78 12 75 41 66 7 11 98 80 56 98 91 45 67 61 20 70 48 41 39 87 21 41 95 81 71 100 79 35 6 92 36 47 41 56 82 48 63 28 30 93 7 70 59 27 6 18 11 23 36 98 7 22 81 11 54 69 21 18 39 35 11 64 16 9 59 78 16 27 92 39 6 71 9 2 24 7 31 21 1 75 100 32 53 70 88 46 85 66 62 12 95 77 46 12 88 37 23 88 2 6 51 97 3 92 29 10 66 39 41 25 66 95 82 81 42 16 20 62 77 25 17 81 52 42 78 1 6 66 41 8 0 73 95 4 88 44 18 35 61 72 57 52 79 64 12 15 71 4 43 33 30 42 81 42 70 97 46 53 43 42 65 44 83 19 17 1 44 22 66 80 63 22 92 83 24 94 96 83 94 97 22 41 34 17 96 95 22 14 72 14 26 55 15 47 7 20 70 31 21 21 17 43 72 87 99 96 44 38 41 73 9 82 27 4 6 1 18 5 72 64 60 87 39 6 37 40 12 85 67 55 18 81 55 5 85 94 37 82 17 22 53 33 89 42 67 63 48 25 67 75 15 40 2 82 51 13 30 73 92 33 81 53 29 84 77 16 10 26 98 14 51 87 33 56 38 36 72 56 62 21 19 65 6 38 99 33 55 75 84 89 73 24 50 83 41 35 40 70 38 40 54 85 37 35 51 72 88 52 92 1 27 40 16 67 48 90 42 29 5 25 5 29 92 54 64 89 61 18 92 48 48 89 55 34 94 72 92 13 32 52 49 48 32 3 31 70 28 73 100 87 92 47 55 37 88 22 69 23 63 79 39 89 65 11 
26 94 50 80 24 28 75 10 31 92 16 14 27 70 99 76 22 40 50 2 72 96 39 75 76 18 47 65 26 41 33 40 64 38 9 66 93 77 60 48 64 90 3 42 14 38 29 22 5 90 14 91 2 19 98 46 75 81 45 5 98 18 89 17 42 41 52 95 41 58 49 18 85 72 45 46 26 10 2 0 92 55 44 84 0 83 40 12 10 30 90 4 37 2 32 72 39 75 76 5 86 88 35 36 100 63 8 40 29 93 88 76 20 59 72 14 75 58 82 41 78 86 55 15 4 100 10 5 3 30 32 8 11 20 58 57 73 47 87 49 51 96 33 84 70 48 80 98 79 51 61 13 58 68 64 42 79 36 84 18 82 96 27 54 21 61 46 3 60 46 87 9 87 55 37 52 18 41 62 19 5 83 25 38 100 3 8 93 2 58 54 29 12 21 36 13 43 99 45 66 6 67 59 95 8 75 60 0 45 16 46 22 69 20 8 43 0 21 100 78 87 76 85 92 46 23 74 68 75 15 61 22 20 66 91 61 67 81 98 56 46 25 28 92 50 100 35 58 0 22 26 75 95 92 8 63 74 75 79 29 8 84 1 33 18 75 33 56 53 28 34 77 9 90 99 24 81 27 7 92 87 40 82 8 40 13 75 0 18 39 55 14 13 19 57 85 68 93 85 97 21 96 18 33 12 32 46 53 26 84 26 91 86 42 3 35 40 91 3 69 15 28 49 99 61 62 82 61 35 0 1 85 98 74 41 98 90 16 62 77 81 61 59 70 57 29 68 78 48 30 80 62 97 85 51 43 3 97 93 99 36 91 41 69 56 47 67 92 54 37 27 34 50 63 60 54 100 74 97 64 5 3 15 21 77 42 17 94 64 42 54 40 94 40 45 32 55 80 93 90 
66 46 30 49 50 20 49 13 29 48 47 9 8 62 95 65 81 15 62 65 38 30 77 71 21 28 63 21 64 89 9 71 58 31 76 27 11 53 53 96 4 91 85 0 27 87 31 100 8 23 91 14 73 44 52 93 79 17 58 86 16 50 5 63 70 63 21 54 48 60 81 93 50 53 69 95 49 39 74 58 42 68 88 9 98 23 69 37 20 22 29 8 23 25 10 2 43 76 46 76 87 92 76 26 25 41 75 84 92 15 55 73 10 5 35 48 16 34 68 64 91 56 31 41 76 26 26 87 6 98 98 88 52 50 5 77 62 74 77 92 46 9 26 30 7 35 10 80 100 65 31 98 75 33 47 38 47 23 54 81 26 93 8 78 86 74 9 78 41 82 35 33 87 9 45 83 55 88 25 98 28 8 10 0 11 83 19 80 60 83 3 16 26 24 28 87 49 13 48 90 51 18 14 54 92 18 2 90 83 95 97 0 38 86 8 26 33 71 92 20 46 6 88 83 6 4 20 3 20 77 72 25 96 24 4 89 26 5 53 98 22 79 59 89 48 90 65 86 14 96 30 41 84 26 26 32 41 14 66 73 76 80 22 74 57 28 47 32 74 83 50 50 21 84 70 52 40 29 74 1 62 26 80 45 44 83 68 50 97 62 30 48 37 85 70 77 64 75 77 41 43 65 92 52 45 69 95 13 57 65 22 58 36 22 18 10 98 10 51 91 31 31 48 38 5 80 84 96 43 98 45 68 0 36 86 50 46 38 77 68 18 89 65 61 47 88 27 99 56 38 35 22 6 73 37 93 44 62 15 63 8 61 68 62 30 60 79 9 49 20 92 27 12 61 54 28 48 98 37 47 41 45 24 57 92 81 7 17 10 83 26 33 15 31 79 42 91 51 48 39 
32 28 67 60 92 5 34 92 81 10 43 20 52 20 100 2 77 69 72 80 32 52 68 91 87 51 38 21 9 13 43 29 77 33 32 33 36 10 14 73 20 17 26 44 66 61 56 82 92 62 61 44 99 18 35 89 44 83 28 56 31 85 6 16 1 53 99 12 21 88 18 7 99 35 51 59 91 80 79 83 2 43 23 10 83 96 74 42 92 57 64 20 13 69 82 48 53 91 89 50 42 55 95 23 36 17 28 94 32 88 31 88 16 3 39 85 51 19 63 76 59 30 100 78 97 12 29 25 33 66 74 50 71 88 72 87 23 56 45 51 46 18 17 37 13 57 35 86 78 100 63 21 70 94 63 33 36 77 23 88 21 21 5 27 55 45 3 72 85 33 6 26 87 35 90 36 14 38 27 46 29 63 25 41 18 95 67 47 36 74 85 33 79 100 85 46 24 50 36 24 50 79 30 81 62 7 36 20 5 51 86 54 93 20 40 29 24 96 99 41 33 25 70 2 2 96 79 56 5 19 80 75 99 84 74 98 10 24 36 60 90 43 45 82 68 15 12 89 12 1 55 18 65 40 57 32 87 99 44 22 59 60 18 96 27 79 21 47 0 82 34 85 90 57 23 22 53 91 65 99 6 15 67 83 88 39 88 93 34 54 74 17 7 15 47 11 20 42 78 36 73 61 40 3 29 1 17 29 12 48 82 70 44 25 96 92 41 36 30 53 56 47 53 52 47 56 67 18 23 68 67 67 53 87 86 44 63 95 59 4 71 52 21 88 32 10 54 69 1 19 19 100 14 53 0 54 89 64 87 85 64 49 97 46 71 63 11 41 84 48 76 26 55 23 19 44 71 37 37 32 77 92 4 12 93 39 81 70 39 39 76 14 60 17 0 10 73 85 37 21 
15 34 8 6 41 73 87 53 5 89 18 14 54 48 60 76 74 28 31 48 96 90 81 30 92 33 31 50 9 75 25 41 21 66 41 0 5 98 58 20 15 25 96 67 99 60 76 25 44 44 100 17 20 12 66 77 6 90 32 33 67 35 32 41 3 32 3 52 78 32 9 98 88 21 65 13 38 36 88 45 86 73 85 39 31 43 76 21 81 89 81 13 6 84 4 92 36 62 72 15 55 19 19 71 64 88 24 50 6 89 81 67 3 2 1 18 83 73 87 37 78 48 47 88 72 44 26 36 89 14 42 6 84 69 35 71 23 17 14 96 9 86 17 66 40 72 89 49 70 39 44 30 71 8 21 61 44 37 42 32 4 94 44 25 25 19 95 94 71 97 100 93 12 14 23 35 68 52 11 19 3 70 44 27 87 8 9 7 69 97 98 52 24 49 7 93 94 14 15 30 37 20 52 28 92 96 76 26 12 8 94 93 46 13 51 100 99 35 43 11 67 76 75 14 32 77 35 87 56 75 14 15 13 95 51 95 7 47 8 15 45 46 76 86 93 24 2 69 22 18 70 90 0 46 43 83 89 13 66 62 74 34 91 6 93 79 4 90 78 40 15 46 90 39 79 84 47 12 99 76 10 96 22 21 90 95 50 0 8 13 4 24 49 18 40 61 65 10 75 79 36 17 22 87 21 20 45 69 85 68 78 37 81 66 61 4 30 96 50 29 27 31 42 54 14 26 100 48 78 55 64 75 66 91 100 7 15 83 48 20 17 81 91 95 41 58 79 87 78 7 25 92 34 48 32 50 83 78 18 41 95 98 17 73 53 76 52 24 69 43 60 98 64 97 61 12 13 73 0 82 79 5 11 46 17 12 62 45 95 89 49 18 82 16 73 63 37 45 16 23 
69 28 55 85 17 4 42 50 93 62 27 19 20 34 18 56 15 99 78 64 12 44 7 25 8 98 33 55 22 65 66 74 68 79 69 31 21 11 68 29 12 93 78 41 64 23 79 95 69 24 18 84 54 41 27 12 2 93 32 62 53 52 28 26 55 37 89 10 3 28 77 96 32 54 3 28 89 61 20 43 77 69 36 21 77 69 10 80 53 85 8 92 59 63 7 52 35 30 1 37 90 5 80 36 69 61 74 87 23 29 68 47 41 83 2 20 60 1 42 56 55 0 82 6 32 67 21 30 45 19 91 31 24 34 59 80 94 52 7 3 16 43 71 51 64 61 52 80 19 68 81 32 67 53 50 51 87 98 71 84 81 52 23 9 94 29 48 27 53 84 9 54 10 98 30 81 33 87 10 96 84 42 9 59 73 1 72 10 54 81 55 6 55 30 62 54 95 83 6 21 84 57 38 75 70 50 20 94 72 74 48 75 98 27 82 79 12 82 11 49 45 23 100 87 91 3 63 21 7 48 20 31 17 77 24 30 88 61 2 1 22 32 93 74 81 99 52 81 11 32 54 92 3 43 9 65 19 42 50 25 80 28 41 45 72 81 87 84 56 75 73 90 74 56 68 22 14 70 52 32 16 24 61 97 27 49 78 59 91 74 50 68 38 99 19 77 55 75 60 32 59 97 87 14 59 87 48 73 97 99 58 48 24 44 47 7 16 3 18 76 48 35 34 45 2 11 62 81 55 69 32 17 3 59 9 94 82 54 97 97 91 94 7 31 37 45 83 42 71 1 77 90 0 82 76 83 42 83 15 81 86 6 34 55 98 17 43 9 76 93 82 39 38 3 23 45 87 18 93 86 79 33 27 17 39 72 29 9 34 72 6 18 47 5 77 16 69 51 71 67 
92 71 2 5 5 78 77 50 59 8 6 76 73 92 17 26 47 72 12 44 14 88 26 57 89 81 56 53 32 11 8 91 6 6 96 21 44 1 28 1 93 78 30 13 89 66 54 19 42 96 14 45 78 95 60 9 12 86 53 44 29 70 95 12 34 18 26 81 60 94 41 22 45 98 33 31 97 98 33 82 32 93 77 67 2 61 75 9 85 86 99 20 60 79 18 14 6 14 33 42 86 80 17 55 96 43 19 5 59 31 32 6 80 59 5 80 80 63 89 44 20 6 16 71 69 50 25 84 19 70 39 25 52 29 45 3 61 14 73 2 70 85 58 82 100 39 22 89 19 16 45 13 27 3 39 93 67 24 9 93 75 6 51 11 37 57 68 42 85 73 34 48 75 34 38 96 38 4 23 81 46 67 52 96 1 84 42 74 13 10 57 66 15 63 79 40 47 28 36 58 51 9 11 61 19 56 35 17 45 72 26 81 85 56 64 17 15 31 4 0 16 57 52 73 5 42 86 8 43 6 16 56 41 61 35 69 72 79 72 60 10 71 25 69 51 48 32 98 59 34 84 90 47 8 93 70 68 80 15 87 56 38 78 98 75 65 41 52 57 98 14 51 8 84 64 25 18 70 90 7 86 26 47 73 24 1 20 75 8 97 0 25 85 73 4 15 71 19 47 37 84 24 16 66 99 39 65 8 4 2 45 61 21 4 98 93 54 34 22 40 40 8 85 5 22 7 16 98 5 41 77 18 31 9 47 62 45 15 25 82 5 5 50 81 89 96 31 38 57 89 33 35 10 65 15 88 10 48 38 24 31 46 37 54 6 40 26 86 8 0 80 74 95 85 82 7 61 11 9 96 49 51 22 46 44 82 24 25 19 80 81 21 67 83 66 69 25 72 64 96 
68 100 87 20 96 89 39 47 65 47 62 20 87 37 17 84 45 46 42 0 58 45 8 28 21 62 12 32 23 51 57 35 83 39 28 91 52 3 73 87 74 30 3 3 28 54 24 99 58 99 24 49 85 11 98 70 34 27 23 34 48 78 90 2 94 45 3 0 48 67 27 63 74 96 2 23 42 1 0 22 94 62 11 86 88 34 12 28 76 25 49 6 53 51 93 65 23 41 25 66 31 73 52 70 29 68 14 73 4 9 80 58 16 26 20 55 43 96 1 82 18 73 11 9 61 93 56 67 83 23 6 67 22 90 70 78 89 98 72 21 100 11 58 24 100 86 94 8 88 19 4 43 72 69 52 60 64 10 99 41 29 7 18 12 55 70 66 51 57 92 6 27 59 5 89 17 80 91 70 70 6 81 41 94 10 6 97 22 88 85 13 36 16 58 56 66 85 7 48 95 12 33 11 42 31 34 84 14 68 30 45 65 32 52 30 68 73 63 29 30 97 75 54 21 39 8 24 47 69 68 89 15 55 97 17 91 78 32 8 61 80 30 25 28 55 95 18 73 19 37 40 96 66 2 87 13 28 52 18 96 24 11 57 13 32 56 46 39 69 82 92 63 0 25 96 41 31 19 44 23 22 80 95 41 43 39 58 50 51 25 90 28 65 42 43 6 9 34 40 12 70 3 58 29 69 8 62 0 9 10 88 11 7 15 2 75 72 35 53 50 44 62 20 66 84 86 95 69 31 0 57 41 3 72 97 25 8 70 68 34 61 95 48 49 27 17 14 83 70 73 25 40 12 68 56 64 22 49 20 9 79 63 45 62 44 66 37 67 7 97 64 58 15 71 66 92 94 21 80 5 27 50 40 71 5 5 24 54 13 29 18 2 12 5 49 85 34 9 97 19 
48 63 41 28 20 71 37 36 60 23 89 85 26 69 87 85 57 4 72 58 58 21 13 83 1 36 64 36 15 43 24 31 45 39 1 91 35 64 39 31 1 53 74 74 28 57 7 49 34 62 39 50 65 64 42 98 2 46 1 76 32 10 66 65 5 47 79 54 57 56 1 97 35 100 100 41 56 65 7 39 51 11 11 1 45 97 85 14 89 97 35 90 89 25 50 29 79 15 11 51 53 26 38 40 90 60 96 74 5 89 67 74 95 27 19 63 93 50 38 24 51 5 53 32 7 76 60 69 42 87 21 28 87 27 36 22 14 3 3 44 73 69 2 81 40 17 39 6 0 15 93 23 48 100 10 60 41 90 7 100 14 28 42 97 76 36 14 15 4 76 39 86 7 5 23 43 37 74 91 56 14 72 15 15 50 72 46 9 27 81 42 79 78 81 86 29 21 27 58 28 85 94 32 71 11 83 39 34 20 14 6 31 14 64 95 58 99 79 11 37 98 92 85 1 15 59 90 52 20 31 72 18 15 59 41 60 53 20 10 99 39 2 41 31 44 83 10 27 82 28 4 98 55 6 57 87 11 22 21 47 80 75 65 8 94 70 61 79 50 58 46 29 5 67 26 68 8 89 31 6 90 54 48 35 68 52 62 28 61 4 66 35 12 85 84 48 51 98 15 74 85 2 72 97 85 28 33 7 73 57 53 8 63 12 68 36 91 35 58 44 23 31 34 29 29 88 68 14 86 6 30 31 66 85 25 8 83 92 8 90 4 63 94 63 83 35 11 71 78 83 91 79 57 38 11 21 74 93 43 68 0 70 28 29 41 15 48 55 66 72 33 37 1 46 20 90 18 95 57 82 33 91 60 85 23 82 74 34 4 62 66 90 35 94 84 19 63 1 82 72 
69 90 45 40 50 5 2 18 18 47 54 91 18 22 24 12 59 39 27 69 81 83 95 69 14 19 47 78 30 90 59 98 65 13 84 15 44 39 9 92 28 81 5 74 60 72 75 22 85 23 55 27 1 80 65 74 44 62 99 58 63 3 30 49 19 14 100 91 9 86 10 4 39 53 36 56 27 1 6 92 1 77 89 24 76 40 76 46 23 43 5 28 20 22 50 56 91 73 53 14 77 81 88 24 63 24 13 82 96 50 78 76 83 72 35 42 0 77 65 89 74 54 95 28 25 29 40 3 60 51 10 13 11 46 89 13 55 43 65 21 35 85 56 42 98 55 70 41 6 9 99 43 80 52 49 56 90 15 31 31 68 95 8 90 55 99 81 78 78 26 49 82 32 90 59 33 18 55 20 71 49 48 3 46 55 44 40 34 2 13 21 9 41 73 59 38 91 86 11 18 63 30 16 50 82 28 56 51 26 83 0 59 54 16 97 88 87 27 53 85 85 72 77 0 100 51 35 95 31 60 22 84 17 41 89 11 30 70 64 88 91 45 0 49 34 14 15 62 45 28 71 35 79 6 34 16 100 8 5 87 37 8 89 60 19 95 72 89 41 62 87 81 65 100 25 66 44 93 91 1 3 83 10 21 99 45 7 72 26 41 25 9 91 96 21 79 93 50 8 52 79 68 36 87 87 38 85 62 67 12 60 11 45 59 36 37 15 24 31 35 40 24 87 80 25 1 10 34 28 61 28 1 8 45 59 89 76 21 62 93 53 30 70 93 41 70 5 85 53 35 71 41 32 51 46 72 23 30 34 83 5 32 5 98 19 70 97 53 27 6 100 82 85 47 34 60 4 49 92 39 47 84 19 85 86 22 1 6 57 71 79 29 7 22 59 60 24 22 18 29 
95 93 46 82 2 96 53 23 25 90 86 97 38 66 96 16 67 65 18 21 12 10 97 26 39 88 79 39 3 21 47 32 52 6 7 13 42 11 14 27 36 96 18 1 23 46 94 96 62 3 57 51 7 53 66 99 46 2 37 88 91 45 28 39 56 8 93 2 5 100 92 31 79 47 13 53 18 51 67 80 80 30 54 90 21 35 25 100 69 36 31 16 55 4 29 11 90 35 69 28 90 82 5 47 7 3 80 53 79 55 51 49 81 36 9 19 71 87 3 12 82 26 37 18 72 28 64 19 3 100 68 50 47 99 55 0 24 62 78 83 58 19 26 93 24 97 96 86 56 93 81 13 58 90 10 73 52 30 4 48 97 41 85 1 47 1 74 80 52 22 1 18 62 76 97 61 59 75 97 98 0 74 79 58 66 0 38 66 63 36 35 98 78 80 52 51 51 39 96 12 75 31 85 2 66 54 8 1 33 23 42 20 70 51 38 24 56 22 5 72 78 96 71 52 45 47 63 81 87 12 60 18 75 12 98 93 69 42 75 18 83 62 26 60 88 97 29 72 14 50 17 29 36 70 65 94 15 28 88 19 76 7 37 57 66 48 87 68 30 99 97 81 15 100 32 20 100 0 62 95 26 0 80 9 49 39 31 24 21 84 50 78 21 55 3 7 7 77 40 100 38 31 20 54 96 64 10 89 70 85 91 35 82 24 9 33 50 66 66 50 54 0 34 64 64 35 43 66 94 4 4 87 52 81 86 31 75 56 44 2 13 43 79 24 73 3 99 51 85 76 91 67 39 22 52 54 31 54 1 35 4 35 49 32 38 17 35 83 99 59 83 51 82 94 76 77 63 52 92 19 1 59 11 71 39 81 95 73 91 54 77 84 49 24 41 14 4 79 91 94 
17 6 90 19 86 97 37 5 15 16 59 63 53 19 47 78 58 89 30 7 59 52 54 43 100 83 8 77 9 38 8 22 19 56 39 18 45 76 20 24 90 10 90 6 94 37 26 35 47 29 57 93 96 79 71 63 100 66 82 59 51 56 60 5 31 44 96 9 32 14 59 19 5 74 22 36 38 42 68 55 80 46 88 48 74 82 81 68 64 92 57 32 5 50 1 58 70 55 58 52 23 71 78 63 66 17 12 22 88 44 9 47 19 32 65 25 13 35 23 5 14 72 29 44 20 40 13 29 48 14 57 86 89 17 44 47 10 34 79 7 17 61 73 68 69 33 26 88 64 10 75 50 10 17 81 53 85 71 37 18 15 38 25 97 33 59 67 71 59 38 82 66 71 60 23 57 16 7 91 57 56 100 22 50 79 61 22 23 64 17 11 46 48 2 34 62 27 16 58 41 82 69 48 63 73 84 56 12 89 72 26 35 84 12 8 10 28 60 54 64 51 86 53 54 63 56 69 25 8 18 58 59 80 79 35 10 23 51 1 68 39 42 1 96 62 66 23 9 28 36 68 25 84 0 97 17 61 64 45 90 63 33 26 60 39 8 94 21 29 64 72 17 62 60 18 87 75 85 51 92 83 67 84 20 46 68 20 51 10 100 47 79 35 70 93 10 15 99 35 36 79 57 5 46 4 58 96 93 73 71 45 7 88 62 78 25 48 16 15 49 40 64 5 48 84 38 0 39 78 50 44 14 12 25 62 27 63 12 4 75 92 35 75 70 75 29 36 30 53 21 5 97 37 93 80 32 85 96 3 25 42 98 16 27 31 4 21 85 80 54 33 95 58 16 91 84 82 34 61 30 29 74 7 95 7 36 70 18 55 8 81 7 58 9 23 1 51 74 87 58 
9 12 65 63 12 51 59 38 100 36 62 91 32 79 33 4 97 89 85 73 85 63 54 71 33 23 57 88 34 9 89 2 90 76 24 73 78 85 1 67 40 26 33 44 43 48 5 17 86 54 87 8 12 39 78 67 81 20 66 66 100 52 56 85 42 67 10 76 8 34 16 47 56 83 41 26 37 49 17 63 83 20 63 76 35 67 17 7 43 92 87 90 49 52 54 66 82 91 38 54 10 16 8 90 75 88 72 73 63 89 95 1 4 83 7 93 1 23 31 2 47 15 37 57 22 50 31 42 36 0 30 27 56 79 88 50 26 64 77 25 69 47 65 4 98 70 53 71 83 84 3 18 86 8 20 58 82 32 11 83 32 92 22 19 56 98 60 80 2 18 46 30 4 42 55 32 45 33 95 72 43 22 32 47 57 67 10 14 96 42 83 28 24 33 65 3 57 16 52 40 29 95 60 24 50 20 50 68 22 9 14 61 85 18 17 73 25 70 38 96 4 33 79 78 9 10 78 34 48 90 69 37 84 73 29 38 35 38 35 33 2 82 58 45 6 93 93 76 36 85 22 81 50 21 36 100 86 25 63 92 24 14 17 69 6 84 30 96 85 11 53 10 16 26 41 4 26 93 28 57 20 38 44 45 6 37 11 58 64 80 42 54 54 57 79 79 39 51 52 0 77 38 31 66 56 70 77 77 77 95 74 48 22 38 2 96 58 10 73 57 74 99 85 11 65 6 58 81 28 30 58 43 14 100 33 58 89 43 44 34 18 28 58 63 15 30 25 56 10 91 76 88 4 77 5 32 91 3 63 50 29 89 25 80 76 83 31 38 43 19 98 87 7 36 21 22 88 31 96 96 15 33 48 45 34 28 96 84 29 56 48 40 31 32 8 56 90 6 12 48 
24 2 28 28 25 33 96 86 8 11 63 36 65 40 73 97 40 57 24 65 6 18 8 17 48 39 92 48 90 29 38 69 16 82 56 73 28 25 19 96 95 27 27 70 43 21 66 19 70 91 85 62 33 7 68 5 13 74 94 24 14 12 22 94 87 72 26 66 7 59 76 6 91 13 99 26 73 42 97 15 46 13 90 55 4 7 27 85 88 27 98 61 66 90 5 38 83 30 88 12 9 64 74 83 70 30 70 63 63 64 70 60 69 33 43 21 57 10 85 62 78 57 24 24 99 61 41 34 71 10 63 96 51 96 3 88 52 23 16 66 49 93 100 90 82 82 41 27 25 35 39 7 65 1 81 3 39 30 73 13 53 28 32 27 12 25 74 93 37 51 6 83 44 10 20 53 19 3 5 39 97 71 71 4 73 93 39 19 54 29 63 56 34 13 20 75 41 29 66 5 0 55 45 84 68 51 63 38 99 46 99 76 0 62 78 36 75 58 35 66 8 47 90 72 32 8 8 25 24 99 0 16 21 12 99 89 50 37 25 2 13 35 52 56 45 66 70 37 43 66 62 32 1 69 16 2 52 39 82 54 19 99 26 19 100 86 9 94 88 30 14 2 77 40 88 11 59 70 74 89 42 34 88 90 16 51 21 4 25 21 12 90 95 82 81 59 12 2 23 75 95 74 11 55 76 11 58 87 44 95 80 68 0 47 3 97 24 29 22 51 44 29 5 60 47 35 28 50 69 2 14 84 64 8 72 62 95 77 84 61 19 70 60 88 36 68 74 74 47 22 49 45 12 8 67 36 91 90 27 93 91 74 48 63 91 57 27 87 44 51 93 14 3 32 78 0 41 62 25 80 77 28 54 14 4 87 30 96 42 57 57 93 7 97 43 80 1 6 22 32 
100 35 60 22 7 89 5 89 46 36 52 35 40 1 81 77 29 2 32 89 27 92 98 77 69 40 65 80 83 64 89 31 7 74 97 47 67 30 21 50 88 18 39 82 98 97 47 75 1 10 27 50 35 64 84 88 29 79 11 100 60 60 51 44 49 88 84 52 38 27 95 12 80 72 76 36 20 68 47 23 81 92 0 66 57 4 60 60 81 61 17 1 61 57 44 86 63 40 80 3 46 77 9 87 77 90 26 99 100 14 61 53 43 14 22 60 35 91 54 16 0 26 1 76 58 76 68 40 39 66 62 84 22 59 54 36 74 25 65 79 50 39 33 42 49 61 51 93 47 81 75 25 99 87 75 70 40 55 11 0 13 1 78 77 6 73 31 2 42 14 37 39 52 42 83 37 78 65 44 11 5 47 8 5 55 75 3 49 77 2 10 54 42 91 9 91 11 31 57 65 62 31 14 92 74 13 53 28 39 88 25 26 37 64 5 23 3 78 37 15 96 21 79 75 15 22 94 3 9 55 59 38 55 56 96 57 86 1 73 84 85 34 4 67 72 100 5 54 10 23 62 66 22 27 93 74 75 49 94 94 86 78 72 47 3 6 98 64 35 9 66 89 80 1 73 83 41 62 54 0 78 81 87 6 87 29 20 72 11 68 88 29 84 60 52 76 24 13 41 31 97 55 95 12 54 40 65 91 43 78 83 33 24 15 27 30 99 66 86 74 34 44 72 13 34 64 65 49 65 25 87 70 65 76 94 24 44 77 34 32 89 100 9 90 95 48 74 73 12 66 85 98 39 61 83 57 26 60 25 98 22 87 46 4 97 95 88 91 12 55 2 1 60 39 53 85 98 31 58 64 100 46 60 70 61 28 68 3 86 36 16 93 93 97 79 78 58 72 47 36 
40 90 21 43 75 57 47 23 77 77 81 22 45 81 4 49 19 22 74 3 14 71 65 27 96 25 21 37 24 45 23 31 8 2 73 93 98 95 95 79 49 86 37 38 73 19 38 90 67 63 67 71 7 80 96 90 41 51 60 31 31 62 90 97 20 26 55 9 8 91 26 58 88 37 11 57 58 29 23 39 53 84 32 21 55 92 9 41 51 9 59 31 25 45 95 46 29 50 61 31 100 65 36 9 15 14 97 65 23 67 34 22 44 46 71 32 38 92 64 25 21 79 85 20 0 30 96 31 52 0 28 38 16 23 29 25 65 98 77 86 6 95 81 73 37 48 92 59 61 34 43 22 81 80 74 88 82 24 55 65 20 21 90 36 24 53 26 41 80 56 58 76 17 43 98 71 81 63 33 58 21 24 40 26 35 55 12 23 60 90 45 79 85 24 70 74 66 79 56 94 45 76 58 57 94 84 20 65 24 5 79 11 32 68 82 95 94 3 90 69 2 81 0 24 28 12 6 58 5 91 90 30 22 95 47 43 90 37 48 24 20 51 23 1 35 26 56 9 90 39 36 54 86 73 99 35 82 67 74 80 100 47 16 41 11 60 74 95 31 44 40 21 47 50 30 27 41 23 71 17 89 87 56 55 19 46 44 19 35 21 75 23 49 78 87 54 20 58 75 17 12 35 45 40 95 12 43 34 10 55 83 52 27 97 37 57 59 8 44 56 92 60 76 90 83 43 86 29 38 24 47 93 80 96 29 33 28 19 22 80 61 4 68 17 76 31 58 94 100 83 12 11 41 16 37 73 9 64 6 55 14 89 88 13 83 83 28 31 29 0 22 31 42 58 6 26 37 37 47 59 0 65 66 3 93 66 83 67 8 61 18 36 16 31 84 75 62 27 50 41 
82 84 12 84 58 92 63 13 19 53 26 44 24 33 94 90 81 9 45 75 62 28 68 98 70 63 6 44 65 14 12 45 30 89 34 67 91 1 0 39 3 97 0 86 64 58 68 97 73 51 55 3 98 31 40 4 22 5 91 15 83 100 8 66 9 55 61 37 5 71 0 47 46 98 28 45 29 54 43 32 15 69 10 26 43 42 12 58 63 6 90 19 16 63 96 87 74 70 85 4 87 40 50 44 12 85 81 26 62 31 90 10 11 85 70 3 1 65 63 42 3 35 6 55 89 82 91 17 95 13 10 34 21 82 9 11 23 38 89 13 62 36 5 90 77 5 2 97 75 30 3 31 39 45 4 24 91 75 86 16 10 87 96 85 16 77 15 25 26 100 71 9 2 4 93 43 60 49 63 9 82 38 70 6 100 87 23 78 67 53 9 64 4 64 98 14 25 24 54 71 92 78 43 45 68 58 4 86 77 8 89 65 90 10 94 9 68 56 25 47 69 55 28 89 1 3 93 87 81 67 74 82 47 62 98 48 5 22 53 73 58 66 16 38 4 9 71 15 82 62 28 26 36 78 71 67 64 40 39 61 69 5 11 38 92 82 63 12 6 21 71 12 71 57 66 90 56 42 27 40 37 95 42 74 69 65 67 10 76 32 47 2 43 62 21 38 5 3 36 22 27 22 35 2 31 16 84 86 43 26 90 59 11 96 90 39 28 73 98 33 48 77 79 89 96 11 95 58 95 33 71 88 70 80 46 82 99 39 64 56 91 9 62 32 45 9 5 54 21 28 27 59 13 28 21 37 17 1 59 92 46 78 5 21 13 100 7 46 0 36 24 31 50 72 86 77 35 55 46 11 99 9 38 64 35 94 1 29 92 25 89 97 80 52 5 6 61 82 56 95 
20 90 70 84 12 35 49 88 46 2 27 56 76 54 73 39 83 73 6 58 44 86 7 38 55 47 4 37 63 38 90 69 6 79 6 56 67 96 93 31 40 68 76 27 33 61 25 92 65 79 8 44 25 4 28 15 50 17 0 0 17 21 10 60 8 6 31 80 52 38 91 35 28 23 99 33 24 37 74 63 73 8 91 24 28 76 65 37 13 45 81 7 95 85 72 85 90 26 9 92 26 98 81 9 22 36 6 9 98 95 91 13 95 27 1 84 75 5 9 30 51 34 62 77 59 67 53 45 35 88 82 46 59 82 50 20 32 31 9 31 26 2 64 96 61 58 87 5 45 59 44 27 10 21 90 56 63 9 38 100 80 27 37 90 63 33 67 80 36 41 86 2 62 8 10 64 22 22 70 68 35 66 99 39 9 3 31 82 9 35 85 68 7 57 89 20 7 36 9 26 66 18 94 90 45 32 31 3 48 11 5 90 88 61 49 66 86 15 81 13 15 22 42 53 68 11 84 57 63 10 56 55 7 88 5 72 29 53 67 79 81 49 72 82 55 47 58 23 96 44 79 64 14 29 22 1 38 13 42 36 35 6 39 28 82 84 73 31 82 90 63 68 56 42 56 55 16 44 7 33 43 99 31 30 94 92 67 76 84 70 50 85 15 19 88 41 56 15 92 11 4 54 68 51 97 67 45 21 80 13 91 95 11 65 19 6 55 31 34 11 91 36 91 15 36 28 21 29 82 20 89 23 57 1 7 14 56 77 94 95 55 90 14 30 73 8 59 70 22 2 42 88 4 54 40 7 42 92 44 38 52 88 58 65 92 49 78 30 11 7 37 93 36 62 42 58 22 65 43 34 96 53 64 30 21 9 85 14 45 72 30 2 33 53 69 98 77 77 53 19 
96 91 53 73 43 47 44 86 75 98 18 50 68 90 32 3 18 28 2 75 26 63 69 35 45 38 48 99 85 9 89 51 25 35 57 7 23 79 60 32 52 94 13 51 24 59 23 0 94 34 71 42 10 41 82 65 81 20 11 82 30 8 86 30 63 84 87 38 3 46 96 2 82 35 51 80 5 90 23 1 60 6 54 67 80 0 0 21 18 48 93 34 28 52 84 91 16 21 2 99 86 13 91 40 80 2 60 65 83 44 5 27 77 94 18 16 53 15 66 30 86 85 3 16 70 40 86 67 43 74 12 97 59 1 70 51 6 58 88 71 4 41 70 46 35 25 73 16 95 74 85 60 63 62 78 59 90 35 48 94 63 92 97 68 47 86 44 71 35 33 93 0 14 6 1 42 70 36 3 74 13 66 28 74 53 66 40 68 19 41 84 78 15 29 46 53 61 66 46 9 7 11 54 30 32 59 53 22 45 73 88 69 41 92 3 46 55 20 21 87 68 18 33 92 0 92 55 0 42 23 66 30 74 66 80 20 90 65 76 80 85 67 88 95 90 46 100 43 36 65 74 76 46 28 78 49 26 27 8 63 12 22 81 46 66 61 60 52 87 50 14 9 25 13 83 29 3 6 52 77 38 15 11 10 48 79 26 25 51 38 72 54 40 83 43 36 63 25 40 0 21 25 55 0 19 79 69 26 37 31 65 62 31 33 57 17 62 16 28 25 18 88 37 80 43 61 85 73 50 69 68 20 40 61 74 70 75 1 92 40 53 25 50 30 70 38 9 35 40 72 49 75 39 99 71 57 89 14 23 49 10 84 59 14 90 13 25 30 16 1 82 55 84 98 0 22 11 59 83 7 18 5 26 69 60 51 3 58 44 27 25 41 22 87 21 21 27 82 65 13 
13 14 74 16 93 60 58 30 51 8 67 60 71 59 81 40 88 19 10 63 48 32 89 90 99 1 20 31 60 21 18 20 19 11 58 38 38 41 83 79 65 75 91 43 100 94 22 58 6 44 93 53 40 77 64 91 26 58 34 99 54 82 46 65 71 94 0 60 78 6 12 98 85 23 4 7 3 15 93 55 79 86 4 89 70 8 94 53 43 35 27 50 66 84 13 52 82 65 99 33 80 33 6 49 47 26 20 84 100 99 5 88 22 62 75 95 24 15 4 81 64 42 85 43 31 52 31 55 93 79 2 96 32 98 15 82 6 75 9 12 32 33 29 98 88 44 95 92 47 31 58 50 67 12 27 47 2 63 41 27 58 36 64 34 72 84 88 19 94 67 54 90 65 63 7 4 65 39 5 48 77 19 41 78 40 67 86 11 11 96 72 41 87 100 62 67 30 69 48 35 2 52 48 70 66 15 62 54 59 46 100 0 46 78 79 66 96 9 92 76 40 46 58 99 12 75 91 97 92 35 16 43 28 51 85 83 17 45 86 29 92 99 40 4 81 42 93 67 68 68 29 86 28 70 96 42 51 90 94 89 23 77 99 88 41 37 69 61 68 13 35 22 11 9 9 99 96 40 51 80 28 70 6 41 12 76 84 50 72 57 23 25 54 56 81 50 45 26 77 92 80 89 7 99 28 12 10 24 33 42 3 21 74 4 13 34 40 4 69 69 17 29 19 86 24 7 35 70 24 40 51 59 97 74 83 25 54 71 73 33 100 55 62 67 67 16 56 27 89 48 57 4 61 88 2 31 59 99 42 10 85 65 86 62 82 9 92 29 78 23 99 12 61 16 1 1 20 40 75 29 28 22 70 85 84 41 4 56 37 1 35 19 97 86 61 95 99 15 27 55 
73 21 20 33 56 87 49 60 43 88 0 28 70 39 84 70 99 40 83 86 98 5 48 55 61 66 53 41 78 20 7 30 94 36 45 6 84 80 96 11 42 13 15 56 80 39 75 24 20 46 34 93 9 53 7 67 47 36 99 98 23 13 1 62 32 50 56 17 70 82 61 27 29 54 82 77 50 13 15 65 91 63 44 24 39 60 67 88 60 71 93 58 36 46 43 70 87 87 78 48 90 95 64 17 31 84 3 81 53 81 25 46 34 36 9 35 70 57 12 58 57 90 14 9 21 91 60 77 67 91 98 35 99 96 40 65 84 99 51 20 78 57 83 9 22 12 82 0 57 9 28 33 1 65 35 73 44 33 32 37 3 19 45 63 87 3 36 77 7 33 35 58 98 65 95 38 7 78 39 23 46 45 26 55 62 100 18 60 60 97 66 33 49 82 1 84 3 5 80 0 5 83 14 25 1 51 89 60 46 30 93 9 24 17 34 43 49 100 4 92 59 52 93 23 48 59 93 59 37 23 96 46 53 30 51 28 22 17 41 88 46 93 95 70 80 48 40 58 89 96 13 42 88 13 38 13 96 97 52 89 33 45 10 81 3 78 99 64 15 31 44 79 93 33 71 48 80 55 43 100 52 54 90 85 99 57 59 85 88 1 67 49 28 29 32 84 74 38 76 3 1 83 27 15 90 86 80 72 63 7 59 42 27 59 31 68 3 5 40 47 26 9 47 5 44 65 39 78 97 86 83 91 55 94 2 3 82 7 77 48 52 2 73 45 0 1 22 90 70 19 45 67 100 10 4 41 25 89 77 91 47 97 17 51 51 67 7 100 97 23 33 30 33 9 97 16 78 48 57 55 52 9 16 35 4 89 25 79 88 51 9 45 3 62 29 10 41 46 93 44 
26 81 73 57 87 16 39 92 76 43 26 36 13 21 97 87 55 16 25 76 45 16 55 33 2 81 89 48 4 59 98 11 17 62 59 3 72 11 23 33 2 61 85 60 16 35 10 69 54 52 16 36 89 72 95 77 79 20 2 4 94 45 83 4 10 31 4 93 44 91 94 49 77 89 33 58 66 47 22 62 99 7 85 83 93 22 32 92 43 58 78 82 15 93 25 99 46 30 30 10 45 53 13 91 66 10 67 1 16 80 86 25 44 7 64 63 98 12 18 34 88 4 94 8 41 71 40 89 7 41 60 52 12 34 18 90 55 66 97 9 96 56 8 5 50 95 50 3 40 42 22 58 78 39 69 55 72 59 7 67 96 62 32 46 8 13 86 90 15 69 67 45 37 80 51 66 3 84 81 47 62 65 82 68 11 7 27 30 82 26 74 84 40 26 49 95 99 35 27 94 34 15 10 7 33 61 74 91 60 42 35 15 50 99 93 17 90 67 69 63 73 58 82 25 77 39 25 18 61 50 89 38 51 49 88 99 35 62 55 48 86 4 2 62 91 56 13 71 94 65 74 31 92 99 31 59 81 54 66 57 52 87 24 22 85 68 59 75 87 1 7 8 89 3 10 8 76 93 96 92 25 69 72 5 13 58 87 53 18 0 93 52 15 18 98 88 17 30 49 37 19 89 34 49 76 4 36 41 50 26 10 80 32 36 28 28 57 64 7 39 90 20 54 56 98 35 0 3 4 8 10 4 75 62 81 2 92 33 76 88 68 34 99 37 22 42 44 66 47 51 40 0 65 69 55 31 11 40 62 61 1 33 72 29 74 91 28 80 89 12 54 16 79 32 18 41 44 0 79 23 34 11 51 77 1 2 7 45 88 98 84 75 98 46 11 6 28 3 58 68 
90 87 73 98 41 88 83 88 92 52 15 6 61 80 94 2 71 56 5 11 37 24 14 25 73 39 82 40 69 12 15 38 7 33 33 35 11 2 95 57 53 57 63 65 98 47 77 81 72 64 63 17 21 50 62 46 55 11 97 11 37 77 80 31 25 24 19 24 12 28 89 56 11 10 26 63 1 25 64 17 37 86 34 15 30 28 98 76 19 90 23 93 43 16 85 92 48 23 85 9 30 73 51 38 7 83 3 28 51 18 74 12 49 22 41 96 13 89 11 23 100 49 24 75 91 59 6 29 21 4 86 64 51 54 92 32 1 23 24 24 66 48 83 7 76 34 0 7 86 9 85 78 89 4 87 79 84 16 95 12 87 34 70 40 90 73 43 16 97 43 8 56 22 42 75 4 44 64 21 59 23 87 72 58 33 84 43 77 32 89 89 100 23 31 68 52 3 60 23 41 13 19 96 32 10 96 85 91 77 10 82 24 51 81 58 55 67 72 89 1 76 68 50 43 42 23 42 12 47 25 41 76 69 75 75 73 24 83 96 97 48 15 88 51 35 17 24 16 55 6 92 60 1 64 49 87 17 54 14 75 90 22 89 19 1 51 20 16 47 86 100 54 44 76 90 4 18 94 55 71 63 39 55 24 1 62 58 70 99 18 37 68 50 79 66 41 68 43 73 12 35 38 24 51 6 31 17 91 2 37 68 40 61 9 51 20 93 33 93 90 10 28 97 54 70 50 20 74 94 24 25 67 67 96 77 98 32 11 39 55 100 88 26 51 47 61 2 74 24 85 14 65 75 73 16 61 17 97 41 56 32 34 90 19 42 30 14 20 1 61 52 77 7 10 52 84 81 91 47 93 55 74 45 84 99 26 90 97 31 15 12 14 59 64 62 32 60 92 87 56 
15 63 68 23 71 46 6 12 57 2 2 91 16 28 23 86 43 50 15 46 76 18 45 36 43 99 34 85 69 55 35 43 28 13 3 39 6 31 90 24 3 22 75 27 51 22 13 33 91 80 60 92 61 21 50 20 2 84 86 11 77 65 60 11 90 6 82 67 98 87 80 33 9 13 19 95 84 90 71 61 41 51 77 88 3 71 70 55 1 52 60 11 26 30 60 74 64 21 12 8 23 30 47 40 83 22 35 28 25 94 96 4 86 9 12 70 44 84 30 99 44 85 96 60 63 62 61 98 96 100 59 39 2 69 86 22 34 36 73 11 34 15 15 83 55 15 7 57 69 24 5 28 11 8 56 92 71 67 30 7 58 2 44 74 22 80 62 28 82 59 17 92 47 15 15 29 0 33 61 4 73 35 74 7 93 84 0 23 69 19 53 89 93 9 75 52 34 88 30 1 67 17 66 79 71 60 14 63 0 73 100 66 27 7 31 46 53 40 25 9 56 90 27 37 24 80 64 3 41 73 92 98 20 9 16 37 84 41 93 73 73 89 82 11 25 84 49 20 49 50 25 67 9 93 39 55 31 46 72 73 4 43 24 80 95 27 65 93 46 36 39 20 24 98 67 61 90 1 64 19 12 58 47 54 75 12 5 54 19 42 84 77 52 59 42 85 79 94 19 34 56 59 45 20 52 76 75 55 83 50 77 57 94 65 29 4 22 26 74 86 87 48 5 36 75 17 90 12 32 12 94 53 2 67 83 79 88 9 73 74 88 69 61 86 8 55 88 27 48 96 16 91 55 40 54 65 89 76 68 21 62 3 91 39 47 56 60 15 9 10 72 21 100 46 51 42 50 89 30 71 17 13 45 84 19 2 12 67 20 2 23 98 1 6 86 2 77 29 92 10 
3 58 1 32 75 22 35 27 29 16 75 17 66 10 62 40 73 3 44 48 47 12 96 19 38 36 3 15 2 29 35 25 56 12 34 67 41 82 32 38 24 40 49 21 82 31 86 7 24 93 71 25 36 80 30 11 73 76 60 8 55 26 15 97 67 80 14 11 51 94 44 71 48 7 12 34 12 21 56 88 58 40 77 15 19 37 97 77 93 86 28 37 97 87 8 23 17 14 70 68 36 55 58 89 13 45 47 93 22 20 57 63 44 3 93 88 1 87 71 97 59 12 13 42 34 93 72 67 98 73 18 89 19 67 23 67 33 30 71 31 49 39 0 71 55 27 29 46 86 20 43 71 62 71 76 8 88 95 95 44 37 44 24 80 90 52 82 33 84 87 11 15 76 54 32 26 77 41 42 59 45 3 68 25 44 77 2 79 68 38 92 30 97 95 36 90 87 29 27 24 34 45 56 37 21 0 46 71 65 14 9 34 56 72 56 28 82 93 88 83 74 26 95 75 59 67 62 34 86 62 13 91 49 93 96 37 41 1 95 58 12 44 100 51 44 62 62 20 2 86 64 4 53 30 76 65 87 87 77 15 50 33 52 10 20 8 48 34 27 63 47 43 69 87 76 58 51 99 47 23 48 98 84 11 32 1 91 92 5 19 39 42 17 76 91 37 41 3 2 36 73 77 36 72 13 89 48 83 70 96 87 3 96 18 2 24 64 93 7 37 60 7 41 24 61 99 33 89 94 41 23 90 42 25 85 11 43 78 49 27 6 76 53 16 52 36 98 54 71 29 83 9 1 35 77 11 29 43 82 92 65 9 36 38 32 95 57 24 51 0 18 0 20 4 31 96 87 66 97 87 50 31 90 28 33 31 80 93 34 84 65 15 80 31 20 67 49 72 10 10 
5 87 25 68 69 54 86 89 2 56 79 83 11 58 79 47 82 78 79 51 97 77 68 51 11 85 6 83 40 59 31 23 80 90 83 31 89 65 23 35 12 96 44 35 46 26 16 17 35 30 40 24 58 5 61 46 94 5 98 46 50 45 89 21 60 47 69 91 82 6 91 92 30 95 75 29 31 86 44 2 1 25 61 49 67 39 6 95 10 59 18 62 45 84 29 37 39 11 94 20 8 46 45 6 86 79 86 39 95 58 12 40 75 61 100 35 20 10 7 46 91 41 28 89 4 87 28 84 15 85 22 42 97 8 62 49 26 38 96 52 18 13 79 0 25 31 91 22 68 52 59 31 76 91 2 67 48 92 57 61 37 19 91 9 99 33 22 33 42 39 55 40 74 100 47 31 48 65 12 66 40 99 22 36 48 57 71 92 76 83 34 21 88 15 0 37 89 71 84 20 77 96 85 12 94 99 86 35 45 74 73 31 87 59 13 28 42 51 20 68 34 40 34 59 28 18 70 49 65 32 41 57 70 1 53 23 44 57 23 23 67 57 92 93 64 31 40 97 67 4 44 60 5 85 0 56 49 96 8 100 36 82 51 85 64 9 35 52 61 95 14 65 42 24 71 15 39 75 53 92 71 66 5 63 35 3 68 11 38 73 96 2 57 54 23 10 36 79 14 40 75 3 51 93 65 28 59 25 86 91 99 83 25 67 11 87 4 84 81 22 29 47 41 86 60 44 40 63 12 16 11 95 67 75 87 47 85 56 77 88 27 30 90 65 74 7 10 91 75 17 14 87 59 14 26 1 33 28 87 81 91 31 12 40 57 28 53 27 35 74 64 23 14 98 85 92 6 93 54 50 21 83 24 35 16 29 3 1 57 71 62 15 51 37 57 95 35 75 21 22 
66 21 58 23 21 99 7 57 94 80 78 70 76 16 19 100 11 49 11 29 8 12 15 50 90 85 49 10 12 79 75 69 62 26 60 26 96 27 12 60 61 49 29 9 63 61 83 38 16 38 7 52 4 77 93 83 19 35 12 12 54 31 7 38 88 33 9 82 96 75 36 89 6 44 73 79 43 48 1 96 39 66 21 54 59 91 96 75 48 44 92 19 14 49 61 62 99 85 25 43 59 33 6 3 77 92 42 31 16 94 55 81 13 49 1 67 5 38 45 34 68 84 33 5 18 14 65 19 35 40 66 64 73 14 0 37 31 83 49 90 91 52 30 44 38 21 96 40 56 71 85 89 100 48 51 51 12 27 62 66 66 63 97 42 86 78 69 93 87 87 93 44 23 75 60 99 79 16 63 1 26 32 90 61 60 58 84 22 53 78 11 47 93 63 11 31 69 69 8 70 61 61 73 86 95 93 92 46 25 90 63 98 30 63 11 43 91 81 31 27 65 13 89 27 80 89 38 0 91 75 77 6 2 70 79 90 8 44 22 68 71 28 46 47 49 79 32 73 14 42 75 10 3 75 41 23 19 81 54 80 13 76 17 31 98 56 94 100 38 46 44 81 42 34 27 52 47 43 1 77 93 21 59 9 52 25 41 14 11 76 99 95 94 3 15 11 66 33 77 69 26 78 73 26 34 85 39 45 98 9 66 32 28 82 15 70 25 89 1 46 69 47 5 79 94 50 78 14 42 54 47 91 67 57 75 46 95 54 56 17 3 50 50 88 96 38 90 70 3 35 15 99 84 32 53 32 81 9 48 48 12 55 0 1 49 98 9 62 0 72 10 97 73 37 83 16 91 86 12 98 42 90 82 83 12 34 38 23 10 1 88 41 93 97 88 63 2 6 42 63 
35 21 16 16 91 39 51 34 8 54 45 92 61 14 97 18 61 29 62 56 45 50 86 56 7 3 79 31 24 27 42 97 41 29 94 9 92 38 23 68 66 20 9 31 39 30 49 78 0 49 89 16 45 80 73 66 4 66 71 79 64 3 39 32 34 49 58 66 53 50 5 8 6 17 99 7 87 26 33 25 18 95 35 20 33 84 59 80 18 74 53 9 79 91 81 6 32 88 12 96 37 64 13 49 66 90 34 20 36 60 93 90 14 95 62 79 46 47 41 30 94 1 27 78 71 46 18 97 64 51 62 17 83 99 76 66 44 41 97 38 71 52 57 22 9 25 25 82 38 97 67 16 22 1 53 70 93 76 4 48 67 72 21 49 41 59 59 56 33 21 53 43 44 50 78 97 96 72 3 31 33 4 33 35 66 79 70 64 47 80 1 41 44 64 46 53 68 30 42 46 29 4 74 75 90 19 37 27 48 47 82 67 62 94 74 30 12 44 36 16 38 22 90 69 45 80 9 4 0 22 94 29 92 48 25 77 39 76 50 40 80 68 28 16 27 20 29 35 77 2 17 80 54 32 8 86 92 40 28 35 63 13 33 60 1 38 39 14 19 20 32 50 39 6 98 65 66 25 91 86 84 35 31 15 100 84 81 15 0 72 75 86 98 63 31 91 3 16 74 82 30 62 55 10 26 39 23 62 99 96 41 3 57 35 78 96 54 11 11 46 20 36 68 41 69 90 37 66 10 16 68 18 62 50 16 94 16 69 12 16 10 15 16 48 21 71 77 91 76 70 96 91 37 4 53 12 67 2 10 37 31 92 51 87 10 82 59 20 25 20 42 66 89 25 7 90 23 40 37 58 10 35 53 9 34 19 36 90 92 90 49 9 24 70 12 33 93 55 22 95 
95 73 42 86 11 76 60 48 71 26 89 26 0 51 90 51 87 44 19 4 40 93 4 33 80 7 48 42 3 78 11 53 93 44 40 90 33 68 0 41 50 69 59 52 61 27 4 6 86 90 76 45 12 6 44 14 93 76 46 99 23 85 54 63 30 2 66 37 27 36 63 6 58 88 91 99 72 40 91 15 70 92 64 84 4 38 69 41 83 4 28 87 90 51 85 78 71 25 84 96 36 45 11 79 66 15 42 48 15 22 53 17 13 25 93 58 36 2 29 26 68 13 17 23 32 61 93 39 2 94 71 2 41 94 69 17 91 81 77 41 48 67 16 28 35 38 75 18 17 8 11 10 45 46 91 22 49 66 86 63 4 19 21 42 72 55 70 24 39 47 12 95 65 89 41 59 56 80 3 37 44 29 51 32 41 0 0 77 8 63 25 70 78 57 26 46 30 73 75 20 67 18 61 37 15 38 45 31 74 1 54 20 52 37 7 38 98 89 9 89 92 100 26 19 21 15 1 56 0 10 17 5 42 52 46 56 59 70 50 55 11 67 2 50 63 15 12 11 60 98 52 41 8 60 91 10 99 56 56 98 16 0 83 59 26 97 100 55 87 9 33 5 18 60 52 24 44 43 11 76 95 73 14 95 61 49 94 8 39 83 24 29 5 38 14 72 63 66 82 53 42 48 50 73 52 42 68 89 32 95 23 14 8 59 68 35 41 74 33 18 91 87 8 13 2 81 31 85 40 32 8 66 56 91 0 65 62 57 64 85 49 51 65 77 73 35 98 79 10 23 92 83 31 0 29 91 20 45 12 86 50 35 31 39 46 47 22 57 88 72 36 2 11 71 17 23 14 44 39 93 0 25 20 81 33 80 93 77 84 15 59 16 42 5 25 79 73 67 68 1 
67 53 1 10 42 49 18 47 63 79 76 38 92 69 78 74 53 55 92 16 81 69 16 96 43 57 4 38 7 11 28 1 19 22 26 47 39 41 99 17 85 26 87 5 57 93 91 56 73 98 92 37 70 60 17 26 82 47 33 14 71 72 60 16 18 3 100 92 18 32 53 2 91 43 22 63 98 53 59 69 17 40 26 68 61 79 46 5 58 4 45 64 49 64 77 36 82 1 6 71 100 13 85 17 28 36 39 91 50 67 28 37 83 5 4 76 53 63 10 8 61 59 9 79 5 17 17 32 99 16 23 59 92 57 10 82 35 22 57 81 50 52 0 20 8 20 66 4 14 40 87 7 54 77 31 61 2 75 1 73 18 1 71 24 23 17 64 53 72 38 33 72 51 10 35 23 7 46 93 8 57 81 59 33 75 89 16 65 77 81 65 92 21 12 68 51 81 69 60 65 76 7 76 45 6 100 24 91 66 44 18 50 14 95 40 79 76 56 2 13 75 43 29 18 99 96 81 79 29 88 82 43 14 41 71 72 31 26 97 68 52 59 4 68 60 28 49 72 6 65 17 47 14 97 93 97 55 79 65 97 39 48 41 31 55 87 43 26 71 64 46 11 38 85 82 93 88 39 6 20 21 97 56 45 61 30 37 87 35 43 2 77 89 67 50 72 52 56 58 24 99 14 18 54 44 6 10 71 96 2 89 1 95 0 80 45 41 14 16 72 18 61 35 0 30 86 28 3 2 8 26 43 98 4 43 70 56 12 23 61 57 7 54 53 4 100 20 70 1 58 26 90 81 12 76 35 12 95 39 61 91 86 76 81 35 72 15 38 15 94 35 23 33 3 60 85 100 73 93 70 33 89 6 54 68 14 34 50 82 63 45 5 70 44 58 3 36 52 51 84 
53 61 55 92 49 17 50 84 67 50 18 5 80 60 16 1 85 74 89 73 78 32 22 100 60 45 67 11 26 80 81 17 95 21 64 48 53 19 9 58 17 60 86 53 89 57 45 9 54 74 6 73 82 74 6 99 40 59 89 62 10 50 60 32 39 38 94 57 44 71 80 0 76 25 0 63 27 71 18 1 20 11 29 32 26 3 4 87 3 75 56 92 8 53 67 22 77 34 1 10 38 75 16 25 28 85 55 35 94 12 62 47 47 3 33 57 42 76 35 90 16 72 90 67 69 62 95 5 100 37 23 12 44 44 31 99 64 7 20 97 36 13 62 73 8 56 4 74 22 90 45 96 83 8 75 91 47 38 2 11 25 71 31 96 75 13 51 11 9 2 35 20 40 47 73 94 27 43 25 8 45 7 51 8 58 96 45 2 66 33 95 58 43 75 64 71 89 17 31 70 89 77 8 3 39 45 70 11 31 54 57 97 87 18 62 67 62 37 67 52 69 39 11 13 67 41 29 21 92 35 97 63 79 70 34 45 81 80 47 94 51 24 54 16 85 7 91 22 0 93 23 99 14 24 21 3 18 80 5 24 39 26 45 53 67 38 77 34 18 59 3 54 59 49 3 91 71 16 72 96 73 14 50 86 90 42 17 71 6 26 49 58 17 47 94 21 15 61 65 23 24 100 20 94 48 96 62 90 16 37 40 90 85 31 23 70 8 40 77 93 52 37 12 46 11 86 94 73 71 46 33 45 72 4 56 40 7 5 96 46 95 1 21 16 21 74 58 43 77 89 62 49 41 56 20 83 30 79 43 32 67 43 68 54 10 10 17 68 92 65 51 4 62 45 21 81 40 2 40 82 89 10 76 41 32 53 56 38 84 24 4 5 31 36 58 0 73 82 76 95 
4 24 71 31 42 53 43 93 4 0 16 28 74 67 76 46 41 8 94 0 48 89 10 1 39 76 9 66 36 44 50 92 74 37 96 48 30 61 8 91 79 19 3 21 73 23 6 13 4 3 80 33 70 27 98 11 7 73 98 86 93 100 63 17 66 32 28 5 36 40 35 20 54 32 61 56 58 3 34 50 21 69 99 46 90 69 44 75 41 85 84 33 22 12 93 1 5 57 83 32 31 13 55 41 66 71 80 72 42 79 82 85 59 79 28 51 74 98 9 35 47 66 30 34 95 57 88 37 87 30 56 20 47 73 46 66 3 82 58 52 8 66 88 37 6 50 10 24 88 36 67 82 81 35 19 88 15 77 42 91 17 97 23 62 46 31 12 79 27 16 79 85 6 56 90 67 22 69 18 61 8 79 97 9 24 96 68 7 19 79 32 58 0 62 32 77 22 77 50 59 11 59 65 8 72 99 7 20 17 2 73 50 14 68 98 18 40 42 91 62 10 15 94 6 46 22 61 86 90 87 91 63 67 94 31 80 7 3 68 68 15 90 50 51 34 88 13 16 89 77 27 36 3 56 97 1 44 83 92 47 0 58 60 11 49 78 57 44 95 93 51 73 20 49 20 57 84 31 60 72 95 71 98 77 62 67 37 53 80 54 64 72 75 77 29 35 70 24 61 70 52 37 57 70 70 80 86 6 16 91 14 46 80 84 95 12 61 25 21 32 44 69 49 21 16 6 26 16 87 34 89 54 80 49 1 43 28 35 54 30 55 18 74 42 73 8 26 53 37 59 69 2 19 16 35 94 90 39 25 42 84 37 61 52 95 46 2 44 17 84 36 61 88 37 82 36 14 34 88 51 34 72 45 50 6 11 27 7 25 47 6 41 17 91 54 99 3 57 62 8 
10 72 46 2 80 23 35 8 65 87 8 48 40 18 59 51 48 70 75 71 86 44 0 90 49 90 72 85 23 69 0 0 28 78 48 65 65 95 43 88 39 66 95 28 95 92 57 63 80 81 67 42 62 7 39 90 45 74 14 52 14 36 54 26 37 2 97 21 75 1 35 77 78 47 54 16 60 41 26 63 10 34 51 36 100 67 41 76 58 54 94 99 0 43 98 45 26 37 50 78 97 74 85 8 78 3 5 87 20 20 75 72 31 66 38 54 8 76 99 32 59 87 82 77 36 22 15 51 85 48 33 61 80 68 42 60 74 86 7 18 30 44 80 95 95 11 73 11 82 37 84 97 31 37 39 56 8 60 52 26 55 30 89 19 86 54 75 40 83 81 89 55 62 61 22 22 51 24 90 73 58 13 11 85 53 96 27 72 93 28 24 21 84 32 48 36 84 93 100 61 34 3 68 32 16 76 22 99 50 67 62 24 26 88 62 20 9 2 16 64 20 10 51 93 34 65 91 81 1 74 0 80 93 75 19 63 24 51 68 82 35 65 14 66 47 75 37 98 59 25 38 13 2 82 50 33 27 11 57 48 82 63 96 93 65 86 0 88 71 6 52 19 49 76 12 0 10 79 66 23 19 18 10 73 100 96 99 16 42 11 20 21 8 3 5 21 56 60 82 57 100 13 27 19 33 46 4 9 51 90 80 22 35 36 20 27 43 53 54 12 23 1 48 4 65 90 30 51 9 83 73 44 81 89 54 22 72 88 82 24 5 9 78 34 29 16 5 55 79 44 51 10 28 44 50 4 28 80 78 39 58 55 31 2 93 19 47 28 95 59 54 19 7 70 29 20 21 64 62 64 70 47 10 70 42 1 31 76 77 50 34 85 13 27 78 20 10 70 92 19 
72 47 5 76 23 71 23 51 41 23 74 42 31 80 49 58 37 77 86 36 16 32 75 60 38 78 70 94 80 41 52 94 10 63 46 57 81 65 6 41 38 46 65 57 49 72 99 35 14 65 50 25 23 95 2 21 3 44 45 26 45 1 19 78 64 12 35 58 54 69 21 26 34 30 29 1 68 29 37 98 13 93 19 22 26 10 93 13 78 83 34 95 14 93 77 96 69 36 87 43 81 61 33 62 40 9 47 89 50 33 95 7 31 1 28 43 16 88 42 60 23 31 43 21 51 93 90 97 61 7 25 63 38 81 98 49 0 61 1 90 19 29 45 43 65 0 95 2 86 44 42 23 11 59 8 21 90 74 71 32 81 19 22 83 65 53 82 89 87 53 29 62 81 78 40 26 64 90 45 28 80 76 52 8 68 31 62 58 76 90 9 90 96 99 9 67 48 61 68 28 8 40 20 43 100 27 62 89 32 20 66 0 50 28 50 94 93 84 50 5 81 49 0 29 68 84 59 74 41 35 32 63 33 4 40 49 2 9 15 16 12 67 24 21 70 76 77 20 13 82 58 23 26 31 76 8 38 51 2 31 53 28 95 5 13 30 35 36 62 82 42 83 85 12 47 51 78 24 69 27 15 42 83 83 79 46 15 69 74 7 94 5 64 29 52 75 4 53 56 57 46 82 42 58 80 47 90 15 68 91 23 88 99 55 30 48 78 15 44 81 42 53 42 32 68 14 19 15 11 30 49 66 56 48 11 70 82 100 97 65 16 26 44 72 66 95 96 62 72 33 63 64 99 16 37 95 42 31 79 59 70 6 5 63 95 5 12 80 56 71 19 33 32 16 71 1 57 60 30 17 99 8 54 16 26 89 99 42 5 12 54 85 28 65 1 74 36 48 12 53 
15 73 96 83 26 33 31 90 31 66 38 84 12 86 4 8 53 77 1 95 26 10 74 32 20 86 100 58 41 40 70 27 73 82 24 96 66 23 69 98 63 86 73 16 22 56 79 0 84 52 93 47 38 91 81 4 67 1 22 85 71 30 10 42 96 25 11 12 36 82 75 48 57 96 53 97 7 97 64 84 29 65 21 44 51 69 0 30 67 89 64 39 87 75 66 3 99 7 52 52 44 89 45 68 95 51 45 67 78 61 75 79 79 63 95 42 93 35 39 12 60 87 66 93 69 35 15 68 99 45 41 19 68 28 47 21 81 31 99 11 68 48 67 6 20 81 4 69 67 72 52 51 62 67 54 61 74 88 38 85 51 55 75 56 33 26 31 64 0 29 76 48 94 53 7 39 7 72 42 3 17 94 85 59 18 1 74 56 5 1 26 89 63 73 91 21 49 53 78 17 83 22 26 70 14 29 68 60 18 80 67 55 52 26 36 25 79 4 82 10 91 90 44 32 10 35 78 12 20 75 19 100 33 48 53 76 16 75 68 83 6 37 4 84 98 19 14 46 61 79 80 38 52 6 22 53 64 78 6 87 79 91 69 19 15 73 100 28 100 85 71 39 94 76 23 44 27 87 2 21 1 83 46 4 45 39 97 32 25 32 25 25 25 45 17 5 36 34 29 45 76 32 22 47 29 82 16 81 45 75 97 56 63 82 23 100 42 71 39 30 21 32 69 20 21 7 42 81 22 55 56 0 64 96 24 66 88 8 52 34 15 76 12 84 63 67 24 2 68 22 1 91 43 54 89 30 45 91 32 18 27 77 42 48 30 94 40 55 65 4 71 42 71 11 44 97 88 27 83 95 80 81 79 99 55 26 46 22 96 97 20 62 93 26 66 34 46 96 50 59 
68 24 42 42 68 16 50 87 35 25 3 18 10 9 57 0 40 65 10 58 40 25 0 73 80 6 46 23 66 61 76 92 87 49 66 30 31 20 81 13 65 12 57 27 56 18 31 71 92 6 28 34 47 4 8 73 42 42 64 26 41 15 43 88 1 88 12 88 57 24 38 87 90 69 97 50 0 19 70 48 99 92 12 33 24 95 5 37 37 68 95 3 10 36 40 99 46 85 96 61 55 58 95 43 63 91 57 67 11 74 2 94 7 81 51 79 4 62 25 6 38 57 52 68 96 24 33 28 87 72 19 92 47 70 29 4 11 7 98 66 26 50 36 39 81 39 40 51 98 27 41 34 17 57 94 12 10 59 66 22 48 37 63 37 58 64 71 5 44 33 48 34 65 12 73 63 49 11 89 87 33 60 77 92 60 1 13 31 33 78 29 11 99 67 27 91 93 60 87 98 59 0 60 91 42 24 98 46 40 6 55 65 8 26 71 53 37 50 80 63 75 58 36 51 10 100 83 11 0 57 61 16 70 61 33 42 37 40 28 42 50 74 17 8 50 87 97 48 57 74 22 49 61 29 31 7 33 42 27 61 91 65 3 14 39 4 99 95 62 46 8 57 89 36 62 80 76 28 31 94 86 2 74 11 40 95 98 25 3 7 28 9 80 95 31 4 18 2 53 25 90 65 54 53 34 17 77 66 68 47 96 46 10 10 90 63 52 58 49 8 62 88 23 64 41 45 63 31 88 53 98 6 5 33 3 77 83 41 23 100 49 6 91 14 3 38 26 83 74 52 97 32 93 90 47 48 1 96 61 60 98 75 58 71 59 33 17 51 47 57 86 22 59 88 8 81 96 11 73 65 53 53 33 27 7 35 11 67 78 51 24 51 48 51 13 5 53 46 27 4 
37 13 75 30 68 21 32 10 21 37 20 16 92 10 57 36 37 87 41 2 61 21 83 58 62 86 91 66 94 55 75 83 97 93 73 54 82 63 16 32 73 94 55 49 10 75 40 51 20 98 22 23 89 82 87 56 71 24 79 97 75 33 37 10 45 12 51 47 54 32 27 34 3 73 76 85 93 36 71 26 79 40 37 60 25 49 12 2 63 7 63 12 31 3 22 99 22 69 45 5 33 63 64 63 35 74 67 39 93 20 88 29 80 15 29 34 99 19 90 80 75 55 94 10 42 45 48 11 11 82 29 38 14 60 78 87 92 96 31 49 9 88 65 38 65 86 2 79 89 52 86 29 25 100 30 40 49 69 13 95 4 75 11 17 38 2 65 65 84 17 90 33 78 59 15 81 33 5 72 48 13 81 36 79 91 3 12 99 81 59 71 81 56 82 0 12 86 15 19 22 22 79 11 92 81 34 79 11 90 77 24 4 2 18 16 55 67 20 77 5 41 51 46 4 50 97 89 40 82 33 51 21 83 71 11 96 82 71 63 86 29 38 71 50 69 45 87 11 32 68 13 47 25 95 19 47 48 2 85 37 54 88 89 89 52 19 86 36 98 20 83 18 53 40 90 100 8 95 87 48 76 73 43 67 47 57 21 55 26 73 45 28 47 32 27 36 85 63 54 43 11 58 16 66 80 59 68 7 21 40 89 98 74 56 13 9 15 51 98 68 59 79 100 63 69 4 40 51 21 24 44 89 84 83 11 11 62 50 66 10 11 53 43 48 61 37 28 10 34 35 8 64 51 51 82 36 84 1 5 43 84 50 68 85 46 22 11 38 78 89 25 89 70 15 42 77 81 15 32 38 89 30 28 35 55 85 6 91 3 42 67 9 99 63 92 71 43 81 56 47 
93 89 7 65 65 83 98 3 8 86 33 6 51 86 63 88 78 26 25 74 35 5 71 89 70 48 73 19 10 43 19 15 0 7 84 42 85 40 43 89 77 44 68 100 57 15 84 73 9 71 74 100 80 96 82 38 57 71 75 27 25 5 62 72 83 72 47 75 51 58 27 46 11 2 18 13 39 19 22 4 2 90 90 98 0 60 2 12 25 69 82 75 41 98 88 87 66 91 56 14 2 83 67 26 74 17 74 37 30 41 65 5 93 40 29 4 61 2 80 81 60 30 29 4 7 8 53 79 90 32 34 43 71 85 23 75 32 75 47 57 17 31 22 89 46 80 15 26 35 99 44 18 41 88 29 20 97 66 51 42 96 85 53 40 47 20 11 93 64 12 86 16 22 28 40 88 79 12 8 19 69 97 90 64 69 91 77 68 12 34 86 59 30 98 100 38 67 24 24 21 11 60 50 70 90 20 91 93 98 12 13 2 19 93 33 85 35 32 39 59 41 66 78 85 55 33 20 30 9 57 34 99 5 45 9 26 69 56 86 75 90 41 95 94 23 23 85 67 92 87 94 6 90 49 81 27 64 87 52 77 69 83 81 9 86 83 43 9 95 77 0 99 81 72 17 49 56 2 57 1 39 52 29 60 14 88 61 36 87 50 98 64 13 82 33 65 74 71 10 45 36 66 34 31 45 46 15 100 52 95 13 89 18 17 0 55 52 45 79 80 50 41 48 66 68 77 39 16 98 14 30 96 89 98 1 60 79 9 32 52 92 99 21 91 15 10 94 68 99 24 74 17 77 43 14 8 17 86 92 96 88 96 11 22 70 49 75 93 79 62 8 71 89 97 85 45 83 52 86 90 19 0 89 72 7 97 96 46 3 36 69 54 45 12 77 65 10 79 80 86 
9 13 55 8 33 28 24 36 47 99 48 50 37 62 15 68 48 52 78 12 72 37 62 11 14 75 86 100 23 51 40 90 50 58 77 61 31 86 41 20 28 16 98 13 59 10 38 45 29 64 32 57 12 18 96 66 15 44 60 87 76 50 18 3 54 97 79 77 58 83 42 85 35 29 88 92 68 68 82 66 18 1 57 94 46 51 37 66 7 91 60 61 57 45 99 38 43 25 48 71 49 77 10 40 61 18 38 16 9 38 35 42 85 90 51 30 92 38 22 28 87 54 75 65 37 51 67 25 78 70 100 4 17 77 98 97 7 77 27 56 35 64 72 44 95 77 92 14 74 13 37 36 20 47 52 7 79 37 19 20 6 90 62 66 100 27 25 4 13 57 49 25 75 77 21 32 39 84 12 94 86 94 14 13 94 70 61 49 11 77 57 77 82 77 78 12 12 5 15 65 21 46 62 77 47 80 15 68 99 59 3 100 77 99 21 81 52 39 2 41 69 96 21 25 80 88 34 97 86 63 93 11 64 19 90 79 0 56 75 86 13 21 77 89 5 58 13 79 18 56 66 14 51 97 97 81 68 93 48 44 28 32 17 87 95 17 71 53 98 98 23 56 79 1 69 9 61 11 19 90 79 70 4 47 25 7 14 67 88 98 80 26 28 28 71 37 70 27 14 19 72 77 9 6 46 98 17 93 91 49 50 32 78 28 20 81 51 41 91 7 57 85 28 7 62 16 86 29 96 45 25 16 68 5 67 5 20 82 60 67 63 38 85 24 18 14 26 96 74 38 67 0 6 58 85 21 80 48 46 6 56 12 55 66 96 67 53 12 67 37 79 100 81 43 45 55 40 87 61 8 95 27 2 19 100 65 74 94 43 73 33 52 55 65 66 7 45 94 63 13 
86 58 38 71 63 63 70 88 6 97 63 67 15 94 17 52 6 79 53 83 10 56 71 100 93 83 1 36 32 46 83 88 78 25 81 8 89 4 1 28 77 20 68 43 39 52 87 17 88 38 51 25 34 1 80 85 98 58 75 25 29 9 77 37 84 32 21 15 43 59 83 55 12 82 19 73 88 23 17 98 32 99 83 44 62 47 57 64 77 26 98 60 43 51 20 50 5 17 74 21 59 49 37 74 42 9 38 54 100 97 0 67 86 37 0 72 27 14 24 79 6 20 73 11 4 24 71 10 66 12 96 32 19 35 25 91 57 68 55 45 41 48 89 28 7 18 97 93 85 13 47 68 78 48 28 74 93 43 68 23 8 54 14 81 37 23 54 41 67 43 68 10 57 76 33 70 32 78 15 7 14 96 50 56 72 50 77 22 69 82 88 70 84 4 11 84 96 12 18 18 73 96 34 72 81 72 70 69 21 7 36 75 9 55 84 63 39 56 90 21 27 41 52 50 72 4 2 80 11 45 67 11 49 69 9 49 14 32 53 9 33 55 15 46 49 27 3 92 52 67 89 3 60 66 31 38 25 75 84 14 76 43 69 9 18 88 1 60 6 7 79 88 31 92 8 86 7 98 31 86 55 64 24 100 59 99 82 34 84 27 38 36 84 52 95 46 11 6 60 55 23 69 77 80 84 40 43 48 73 30 45 65 12 14 15 85 33 94 97 36 97 1 87 32 64 10 29 24 80 13 3 39 16 21 63 67 23 73 67 78 44 17 69 55 84 18 5 55 5 64 76 88 37 24 59 99 93 62 4 28 48 45 6 83 36 90 16 34 45 89 16 58 43 54 67 87 31 94 20 11 4 5 98 76 5 58 33 62 54 58 37 31 8 50 52 88 1 24 28 40 
87 33 99 88 2 84 29 26 21 69 10 91 84 8 60 24 79 56 45 4 90 55 34 71 21 21 25 90 27 22 58 25 61 93 57 9 7 61 87 18 3 99 24 30 26 26 56 74 61 67 96 91 58 99 90 90 19 77 22 74 96 25 63 44 55 77 0 48 8 24 26 11 25 14 55 67 68 77 61 34 21 59 46 43 76 86 83 19 96 17 50 49 65 14 93 49 61 20 88 61 100 86 49 27 71 12 64 56 10 40 72 26 64 43 10 48 66 36 93 25 2 51 19 76 92 51 21 94 13 33 75 99 88 85 51 56 46 78 25 17 94 88 10 84 65 100 12 67 81 51 9 38 0 32 85 57 78 21 28 72 4 16 79 99 60 5 7 54 54 71 65 80 8 48 93 90 39 35 82 43 33 78 56 55 60 91 41 58 79 11 98 39 41 49 68 43 87 94 56 72 94 5 23 46 25 18 56 77 51 47 49 15 98 51 25 84 26 49 70 77 17 23 1 6 69 29 42 77 81 71 28 16 63 97 4 57 32 47 8 52 74 80 84 36 31 90 19 89 83 98 56 44 79 29 64 86 65 72 69 71 56 8 1 98 44 6 30 45 4 22 16 94 62 86 94 13 0 73 77 72 68 28 77 30 68 60 38 75 77 66 60 83 99 70 18 21 83 100 56 95 93 25 43 99 18 97 69 4 77 30 46 20 100 80 10 9 45 74 10 78 75 92 2 73 45 34 93 50 75 49 13 16 11 22 99 69 76 87 42 48 1 36 23 82 83 51 16 37 80 75 22 18 66 1 82 79 36 73 32 80 29 4 28 45 57 7 3 54 58 72 84 84 81 52 69 20 27 7 71 65 64 23 34 32 4 73 22 63 47 23 13 34 96 0 75 48 32 24 75 46 
83 41 63 15 30 47 31 6 79 86 57 43 15 25 93 82 3 67 42 68 96 68 58 91 52 81 79 84 58 79 37 94 58 47 49 42 60 70 36 99 16 96 65 28 97 74 0 47 59 52 77 90 67 93 22 42 16 55 2 39 57 2 92 95 6 5 73 25 30 90 43 40 3 22 12 85 32 53 34 41 70 11 12 16 16 36 50 54 35 67 64 33 6 75 13 64 13 68 40 48 90 6 26 89 58 1 87 27 11 21 94 36 78 20 81 65 20 23 90 71 71 92 57 29 44 15 34 44 62 8 96 48 17 99 62 78 52 26 90 41 93 84 51 84 61 26 86 42 67 25 39 78 76 62 28 3 14 89 23 35 100 20 38 66 24 3 20 93 13 85 57 6 36 32 44 27 80 80 33 97 33 100 14 99 18 77 57 15 2 40 18 25 1 51 27 27 82 76 14 55 59 68 74 47 38 35 45 87 53 78 5 91 81 65 66 41 75 19 43 31 82 71 38 14 33 35 10 1 30 72 95 42 21 90 16 24 49 1 8 42 13 8 65 66 56 75 88 95 50 82 21 21 76 16 0 80 80 95 6 50 96 15 50 58 62 20 57 12 25 45 81 56 99 39 9 45 18 69 59 3 13 52 25 77 88 73 22 91 19 11 92 63 60 27 34 30 48 49 30 28 32 16 30 81 43 60 8 60 55 60 15 2 100 96 47 82 43 50 9 48 86 29 67 28 1 28 94 38 37 65 79 9 4 31 6 3 24 92 61 16 17 85 63 74 67 35 63 89 90 91 16 56 5 69 30 3 23 66 43 9 43 2 37 42 75 71 28 95 82 34 59 22 15 19 42 99 5 52 77 34 68 18 89 36 96 49 79 35 15 4 33 92 55 23 90 23 58 100 15 63 
48 83 10 77 55 75 15 5 28 79 48 57 14 24 32 25 19 84 9 31 7 18 37 63 39 53 6 67 60 30 17 95 70 88 14 67 7 73 59 43 31 10 51 23 70 7 27 81 5 34 40 85 7 83 7 14 74 85 65 70 79 22 11 42 79 44 81 83 91 13 65 11 56 20 65 85 56 59 37 83 58 4 68 68 7 65 24 17 14 83 93 42 0 9 26 6 0 34 0 18 22 59 16 62 44 36 47 52 2 92 36 45 40 62 39 18 72 58 51 98 51 66 14 75 19 67 86 59 39 67 83 97 73 17 70 44 1 75 36 99 69 58 32 85 72 37 37 34 97 54 7 14 2 73 71 1 59 77 53 30 87 70 63 61 3 17 99 100 53 22 10 49 38 18 94 16 14 26 68 6 96 20 61 3 100 1 3 55 100 28 30 88 87 50 87 4 63 71 41 98 15 16 60 66 98 45 9 85 38 44 22 22 56 83 13 68 79 21 90 69 100 63 27 21 92 72 6 97 14 14 94 8 80 28 74 59 96 48 64 11 47 35 29 12 70 38 11 76 51 47 65 72 3 88 3 46 29 33 3 86 10 27 8 44 65 84 56 8 90 12 0 44 4 100 30 34 66 5 79 74 5 58 53 24 41 53 97 50 66 21 65 27 7 56 43 70 9 43 80 52 99 1 4 87 13 22 5 49 87 40 57 42 55 71 71 7 9 90 84 95 83 5 69 60 96 52 6 67 23 64 28 77 29 95 91 14 81 66 89 48 42 90 5 27 26 62 9 24 48 22 56 92 6 77 28 85 89 77 35 89 70 17 74 12 43 27 87 54 37 94 40 44 38 43 88 83 1 24 16 18 4 41 66 38 72 68 100 71 87 59 27 2 60 6 26 61 12 8 3 93 
48 72 78 32 95 35 54 3 65 49 26 20 65 65 15 65 12 94 81 93 42 0 50 25 3 84 86 46 5 74 78 98 84 26 86 68 67 73 79 16 62 24 98 73 61 49 36 5 2 12 9 18 79 46 76 59 45 77 6 90 31 57 68 82 8 28 84 56 16 67 100 21 43 81 3 99 21 70 89 70 26 49 35 29 12 3 1 53 58 65 25 51 83 10 19 50 62 5 97 14 60 21 47 76 22 87 54 91 49 20 35 55 61 68 82 57 12 83 14 49 79 11 15 86 38 96 85 24 28 17 14 20 43 90 75 2 83 54 71 91 26 75 51 61 3 8 33 95 14 58 38 53 26 5 100 71 20 71 11 85 43 73 50 91 37 20 100 80 85 30 53 59 87 12 11 58 81 44 41 14 25 90 55 15 57 56 75 19 8 87 30 48 96 19 78 16 27 10 62 89 45 86 64 100 44 12 91 57 36 99 93 93 40 94 52 35 58 16 2 39 84 46 79 72 30 33 96 45 39 63 33 74 64 18 71 41 77 9 97 50 28 1 63 26 77 69 2 29 50 92 37 54 54 10 32 30 7 65 2 88 67 22 70 75 24 68 51 77 49 29 28 40 25 13 92 78 49 24 93 9 53 82 96 60 97 100 17 21 2 23 1 10 74 41 65 92 52 48 0 75 83 73 18 49 45 58 61 1 83 26 69 87 3 5 6 45 33 90 69 12 29 63 60 4 42 83 66 50 46 92 0 26 28 95 27 15 54 50 14 2 15 10 93 50 36 41 74 11 1 3 54 93 56 33 61 97 52 14 77 70 84 88 59 91 76 42 99 22 4 93 2 80 26 31 98 37 63 97 31 22 26 79 54 31 57 43 37 89 25 6 66 87 73 77 36 16 60 6 33 60 
27 99 24 79 8 47 46 90 0 99 73 36 2 99 54 10 97 57 75 98 55 75 22 17 39 78 74 21 23 73 15 67 82 50 27 21 77 26 9 61 45 45 62 64 67 60 2 91 91 1 4 96 95 62 3 24 91 63 92 68 20 95 46 53 100 89 39 95 36 64 12 98 62 83 65 91 39 11 37 68 36 0 70 2 59 17 14 71 93 79 17 48 49 89 67 47 57 90 47 0 58 31 74 21 56 57 45 8 34 27 42 41 9 41 41 2 93 74 26 29 1 13 7 80 8 34 64 61 94 20 84 91 93 41 35 89 18 17 29 1 60 57 73 58 3 45 43 47 68 85 85 58 60 60 71 13 63 16 41 59 98 26 48 28 15 98 95 99 36 42 66 16 40 59 49 18 93 27 76 79 95 22 58 46 64 92 16 96 3 24 49 76 2 4 48 17 22 23 72 51 37 98 31 94 97 5 78 14 15 95 95 16 72 31 51 34 1 75 71 65 40 30 76 65 99 48 84 12 22 88 46 58 73 11 100 96 55 99 87 70 46 49 93 30 54 70 68 61 44 78 62 88 89 85 76 40 37 37 79 56 79 78 2 45 58 29 64 9 19 3 86 4 24 80 24 55 70 89 51 97 79 66 66 6 39 30 47 26 13 100 90 77 14 94 88 22 73 14 54 5 40 28 75 3 9 2 41 72 60 53 38 68 79 69 73 57 93 0 0 79 86 46 54 78 67 58 97 93 88 27 11 25 33 55 69 14 12 31 51 27 51 41 1 0 38 79 47 87 28 45 18 79 56 72 70 29 81 99 10 77 17 96 16 14 4 16 92 23 60 53 55 78 41 42 16 16 27 81 2 51 67 61 6 45 65 83 36 50 5 74 85 7 94 45 38 97 82 82 48 95 
7 100 50 50 10 85 95 1 9 21 4 91 0 46 71 36 66 16 30 87 52 81 10 72 14 94 57 23 4 73 9 82 49 14 10 77 64 90 50 84 58 8 5 56 83 54 39 28 75 92 35 83 80 88 36 16 49 99 61 90 73 67 25 84 53 92 80 51 87 82 49 66 58 74 2 4 6 40 38 54 99 2 28 25 55 94 87 15 33 96 26 33 42 85 44 44 87 21 26 4 31 91 31 17 92 61 27 55 29 28 59 12 65 37 30 79 83 77 14 66 45 61 19 67 4 98 61 53 53 19 84 44 7 41 66 29 37 93 99 67 20 52 36 77 1 23 69 88 23 40 100 11 48 74 71 99 1 47 76 91 24 99 96 35 66 1 18 25 11 75 31 69 96 0 0 48 90 51 23 74 87 58 5 86 71 14 50 47 64 53 42 30 32 26 75 97 56 99 67 60 55 37 30 23 78 23 88 73 4 6 83 63 92 31 97 58 10 38 96 30 55 31 54 80 28 100 80 55 48 15 2 36 24 25 31 63 40 78 13 50 55 65 92 50 66 91 41 81 68 66 72 18 47 8 59 0 17 10 95 31 2 73 8 5 46 10 96 57 87 59 48 1 38 26 86 81 12 42 64 61 45 24 31 8 14 26 65 90 22 23 86 44 56 78 88 85 44 26 85 96 91 88 46 99 20 0 4 84 51 0 19 36 33 28 78 76 90 92 85 85 50 81 28 68 52 55 49 8 15 80 59 23 92 69 51 4 17 87 12 12 48 64 2 70 10 10 96 86 85 38 81 51 84 48 35 48 44 8 85 89 44 7 98 4 45 87 34 35 67 92 35 80 21 98 74 84 77 29 27 73 69 6 29 54 76 24 64 78 39 18 88 60 40 21 75 100 34 23 77 40 
84 60 53 33 69 27 19 47 4 51 70 64 10 10 5 13 6 1 40 71 46 78 58 76 29 18 79 88 54 4 23 53 21 36 5 46 42 50 35 51 58 86 5 77 20 47 58 72 72 16 97 37 44 33 30 75 24 46 2 93 15 45 72 68 93 29 26 43 27 35 62 68 15 9 71 100 78 66 68 14 87 21 1 61 43 24 59 81 20 79 62 83 40 63 98 84 67 25 57 5 90 12 61 3 19 19 40 13 93 81 61 4 25 89 79 62 55 79 57 13 39 37 64 54 72 82 1 87 40 88 53 63 99 3 38 85 62 81 50 31 42 79 23 79 26 12 30 69 2 80 15 35 65 52 8 91 43 55 68 14 21 9 76 62 41 51 12 7 15 27 83 97 9 11 22 26 41 63 9 89 81 3 3 47 68 72 73 17 69 65 2 85 20 32 90 82 36 63 19 72 3 44 9 90 79 65 68 58 44 19 4 98 24 23 95 36 95 51 92 52 9 86 82 36 87 64 94 3 97 97 71 19 36 11 43 99 82 96 74 41 76 52 18 37 90 43 31 89 12 48 72 80 53 34 88 63 97 63 71 2 1 16 16 74 79 85 47 90 96 79 46 26 41 66 91 91 21 18 33 0 59 20 22 23 9 55 67 61 42 92 65 90 26 35 98 72 18 44 81 30 36 68 99 12 83 5 62 55 73 7 41 19 100 5 22 65 51 10 88 87 81 62 43 94 86 5 30 66 60 46 29 76 31 69 29 88 57 47 57 27 65 47 46 61 56 80 13 100 80 15 39 62 8 77 57 17 53 29 25 40 41 33 18 92 71 38 87 56 64 58 35 99 78 51 43 33 42 2 33 21 16 60 80 3 83 28 55 51 30 25 33 67 66 31 7 48 100 0 30 18 
74 12 37 94 97 58 85 86 50 47 8 25 80 80 73 77 29 52 97 19 39 25 12 58 72 91 72 37 52 88 63 9 33 11 66 52 81 59 6 60 99 1 74 99 61 55 13 42 64 68 89 27 73 100 51 71 100 56 8 40 37 13 61 9 71 71 97 21 64 26 18 90 70 0 44 88 10 97 74 22 60 58 17 59 76 20 2 19 8 13 1 38 18 68 54 65 69 0 38 61 66 68 69 65 90 74 12 24 66 34 21 90 33 9 46 52 26 71 78 18 17 42 28 36 77 40 80 5 71 96 89 11 15 88 79 64 86 19 37 69 54 87 66 9 44 18 22 96 49 24 55 60 50 47 6 10 7 42 57 49 99 54 48 42 28 41 73 16 35 16 53 47 54 15 8 26 97 42 72 63 58 90 69 22 72 4 44 27 15 15 26 58 28 69 77 44 68 9 61 74 7 5 64 4 99 66 80 90 59 80 47 37 28 70 6 82 4 10 43 33 98 56 14 43 69 82 2 40 10 50 60 1 36 23 45 8 40 70 63 12 67 19 44 60 87 26 73 0 53 61 58 13 20 97 3 98 56 45 4 16 15 87 50 16 87 18 32 92 5 71 73 33 73 93 56 53 44 8 45 35 47 8 37 18 22 23 83 0 72 21 32 53 26 20 81 66 32 28 10 97 69 21 32 3 19 33 95 34 46 21 85 26 11 87 70 91 35 66 64 24 44 2 63 0 66 94 72 53 85 54 51 81 83 24 82 21 30 62 12 5 13 29 6 76 29 3 50 5 87 40 54 89 84 14 22 88 19 33 56 71 69 2 24 11 66 5 54 59 21 51 81 31 57 14 6 68 74 16 42 44 88 41 24 98 97 97 91 90 94 38 95 9 94 11 92 56 24 12 56 99 
16 5 53 81 61 43 27 46 67 20 14 30 45 34 89 52 36 4 84 63 76 95 85 47 9 15 67 39 100 74 50 83 83 53 75 93 18 99 36 32 48 39 33 19 81 78 13 1 4 44 71 20 75 79 56 11 11 60 61 80 40 41 39 35 75 19 52 78 39 43 77 0 72 59 29 64 11 34 58 36 45 33 20 11 15 79 74 2 93 7 95 41 42 21 18 78 28 75 51 94 13 2 25 58 63 84 0 1 50 74 84 25 80 64 34 4 50 52 29 36 13 86 17 83 69 15 72 62 35 40 69 90 80 98 51 91 52 34 66 82 10 33 42 80 94 42 38 72 26 45 60 69 33 7 51 68 53 29 65 35 63 6 14 91 18 31 17 27 6 46 82 95 100 86 10 57 76 45 42 8 4 24 76 55 96 6 26 17 71 81 34 2 4 59 79 30 77 86 48 71 78 89 52 81 26 89 17 53 95 84 20 50 37 80 73 38 59 8 100 16 56 43 90 47 94 58 99 66 73 1 29 0 59 74 29 7 25 33 61 3 50 59 23 20 64 40 29 2 40 74 71 67 22 10 62 84 32 22 95 71 61 63 25 35 2 11 80 7 32 32 18 2 56 54 25 60 74 18 31 30 28 48 53 16 44 28 79 63 85 34 19 29 75 93 63 42 38 18 53 41 84 4 64 29 29 89 54 85 19 18 54 42 27 5 87 48 66 53 16 63 17 26 83 70 78 50 5 75 0 31 4 33 8 82 93 95 30 94 4 58 96 85 45 83 53 25 15 31 0 71 59 49 83 48 44 52 71 38 47 3 76 62 72 6 43 50 47 40 92 43 82 52 0 11 19 42 85 38 43 45 67 63 64 35 18 48 89 45 54 86 89 11 96 79 28 59 43 38 52 54 
9 53 9 52 82 85 8 70 11 34 38 12 89 62 8 73 82 24 43 49 25 80 91 83 54 36 80 39 15 54 32 23 86 19 25 60 20 14 39 52 60 42 12 48 94 100 73 0 54 99 60 79 100 11 15 64 60 14 7 99 76 86 28 6 98 69 34 1 58 64 28 44 96 47 93 73 64 89 28 34 61 83 88 50 80 81 19 78 97 22 90 75 90 18 25 28 93 15 66 61 42 32 99 55 67 46 75 31 2 0 33 83 53 56 74 73 23 60 57 17 15 29 20 41 65 43 58 87 37 64 79 100 5 98 49 34 58 8 53 3 78 88 6 89 41 6 16 95 45 88 72 15 10 15 64 78 51 8 48 23 18 85 98 93 50 19 21 49 89 91 1 48 62 92 56 11 42 7 28 8 1 54 26 67 67 0 22 58 17 10 37 71 87 96 43 28 36 11 57 97 20 1 40 3 83 55 0 55 57 34 53 10 83 95 49 38 26 43 22 96 86 40 97 64 100 31 59 5 80 47 35 95 88 53 90 36 24 60 57 61 44 36 71 89 6 91 95 26 28 44 79 29 96 93 36 7 67 58 53 61 88 28 44 54 6 36 54 49 68 19 13 59 31 9 64 93 3 4 98 48 19 46 68 42 78 91 64 90 31 66 92 96 63 80 49 20 12 64 66 31 92 72 33 56 59 94 69 59 1 9 96 32 77 96 100 86 45 2 71 82 21 21 37 8 68 66 61 2 68 43 46 34 69 40 33 64 27 55 77 40 29 9 34 85 23 61 16 47 99 97 60 94 7 73 17 90 99 71 46 45 1 43 71 10 29 14 56 2 49 47 20 86 22 32 11 0 29 48 56 7 51 29 28 9 70 0 37 25 88 81 0 28 16 8 67 19 13 10 0 83 
84 86 27 21 81 47 45 9 89 12 28 86 94 20 72 4 68 33 16 52 83 40 44 23 14 96 78 38 42 87 24 88 25 94 80 51 39 43 84 92 93 66 0 20 92 45 93 86 3 87 0 23 6 39 78 69 14 30 30 55 34 88 50 87 29 19 75 56 89 100 46 81 92 67 8 93 47 28 14 32 78 13 37 18 50 41 34 3 18 88 44 84 12 60 75 35 33 3 52 44 19 17 67 55 21 72 28 89 28 96 87 58 22 36 64 32 25 48 47 98 83 60 98 35 20 90 1 57 94 82 39 82 90 35 57 30 76 87 91 49 0 35 71 67 96 23 85 89 20 55 1 7 94 83 3 1 22 53 46 45 43 80 92 2 93 70 93 68 89 6 91 81 50 5 74 82 78 77 27 71 33 3 81 15 74 42 44 29 56 60 73 20 25 97 31 75 29 18 5 37 46 97 74 34 60 16 77 28 75 67 72 3 86 54 83 65 64 2 99 82 63 99 32 88 79 2 84 85 60 80 98 92 69 21 38 23 20 81 25 4 90 48 52 39 69 58 49 21 49 47 18 96 28 4 77 60 91 18 19 82 33 100 43 48 28 1 16 10 58 52 91 91 43 32 12 33 40 78 38 99 60 59 17 82 22 29 76 57 92 3 35 85 76 43 31 52 81 23 31 29 59 79 21 55 81 66 41 3 27 77 63 32 4 11 64 63 13 16 75 76 80 86 99 84 40 71 71 42 62 92 70 11 94 65 95 54 4 18 42 62 99 67 56 57 6 4 50 7 52 91 84 79 33 60 54 16 31 58 70 11 93 23 70 28 70 87 79 0 40 81 67 90 75 72 15 98 3 6 10 54 69 19 78 74 8 67 56 16 73 75 60 18 10 45 27 31 67 67 15 94 
98 8 49 93 93 40 91 86 13 5 92 39 95 53 85 56 79 34 86 0 97 35 48 38 58 45 85 52 15 97 48 81 92 81 12 54 41 80 12 84 26 47 26 5 20 40 91 74 65 68 48 80 16 31 15 19 65 58 6 27 75 89 90 20 88 87 11 0 28 95 61 43 91 42 90 70 54 49 4 31 62 50 40 40 2 17 5 30 56 70 64 36 26 63 20 33 62 25 1 10 57 44 23 32 88 41 72 95 22 17 7 37 96 29 68 38 22 8 40 13 83 32 64 75 15 49 36 58 18 8 65 99 15 65 91 83 21 85 74 41 18 97 37 56 50 60 39 46 21 57 50 28 90 52 0 81 47 57 78 16 51 9 69 62 90 88 16 56 96 2 1 14 87 59 91 94 46 93 56 1 30 17 35 39 46 36 41 41 36 98 6 24 10 98 23 69 69 81 37 15 73 25 45 38 62 10 66 64 55 36 71 8 86 10 63 71 79 83 55 48 72 89 1 60 6 93 26 84 72 42 49 23 88 68 32 74 87 37 97 93 25 5 96 60 0 4 82 18 48 71 9 70 57 10 33 70 7 76 44 63 25 12 58 44 56 25 31 32 25 60 60 19 39 25 8 30 87 21 95 0 24 19 90 66 86 74 46 33 63 26 88 64 3 19 80 90 3 26 36 56 63 66 50 89 71 29 72 23 33 39 80 40 51 84 13 2 21 69 70 77 0 35 80 10 66 84 47 59 53 24 42 6 11 66 17 59 23 38 24 85 89 27 75 79 83 47 81 62 68 40 43 39 87 73 6 23 84 7 69 39 11 56 89 1 11 50 76 43 49 92 84 9 63 24 61 28 100 96 12 64 79 15 13 48 54 67 57 93 52 65 58 53 30 28 21 75 93 33 52 86 
96 56 74 40 6 40 100 46 54 77 42 58 30 67 92 38 50 44 49 72 1 92 16 14 65 88 69 95 29 94 64 81 52 60 67 85 63 99 60 6 85 66 12 5 9 67 67 14 77 80 70 87 87 17 13 32 66 58 68 23 20 39 9 95 69 99 0 8 29 20 49 16 35 23 45 91 67 4 37 20 86 47 77 72 75 20 58 6 22 71 3 36 100 18 20 21 49 49 4 17 85 49 54 50 92 20 41 30 6 29 15 19 90 7 67 84 44 37 55 69 5 2 53 52 97 76 17 39 23 51 87 77 26 3 42 55 90 67 54 71 37 64 13 7 49 40 79 82 38 35 14 50 21 10 15 34 36 34 27 94 77 8 64 17 35 55 45 78 9 64 6 31 70 47 48 72 20 40 28 50 82 83 92 53 34 9 37 73 72 69 49 99 22 0 64 13 28 47 94 28 31 47 6 10 3 24 11 65 92 91 59 25 72 37 82 38 40 47 91 94 34 62 6 23 74 81 14 48 29 11 65 61 72 59 50 10 86 85 43 86 32 66 80 98 68 85 0 14 70 26 86 37 50 39 91 35 8 21 5 24 37 66 68 53 89 81 98 56 33 16 83 67 28 89 31 63 28 13 90 1 90 1 50 8 68 87 92 31 5 64 59 92 25 36 39 7 55 80 44 97 89 97 9 46 77 67 50 59 48 79 94 77 66 52 11 38 71 58 54 56 70 17 42 29 98 80 10 87 44 14 67 29 31 38 24 67 92 84 6 19 82 0 66 94 88 100 14 18 71 6 8 27 65 42 18 61 52 47 67 23 89 73 83 58 47 46 75 11 31 26 74 53 22 23 28 37 25 77 70 60 3 56 71 15 5 49 100 35 82 95 62 63 74 91 9 62 41 77 65 47 
75 2 55 22 90 20 78 83 8 19 10 95 19 77 47 51 72 60 49 77 67 53 92 67 73 25 93 73 21 87 66 25 20 93 11 59 100 26 72 89 100 80 90 98 48 23 85 25 50 31 59 35 0 30 29 84 79 37 45 88 64 39 94 72 38 6 39 88 38 19 56 75 93 81 52 97 22 20 71 50 60 28 37 51 35 64 83 84 76 73 30 62 30 60 55 26 27 26 21 93 39 0 60 77 18 78 25 45 11 58 34 70 53 53 71 49 52 18 61 0 86 33 32 61 87 55 46 81 3 25 52 76 80 1 5 23 27 85 19 2 57 5 44 71 64 71 29 66 25 15 7 65 99 61 95 13 33 87 92 38 42 5 94 70 37 92 35 32 87 91 34 82 99 56 83 71 77 64 19 19 97 22 13 69 33 86 58 63 70 82 3 92 31 43 93 76 97 34 36 34 31 56 55 74 78 4 19 98 82 95 25 44 91 54 10 7 31 44 92 43 50 58 4 20 19 8 56 14 87 11 61 61 97 64 15 59 50 58 87 90 42 69 24 31 43 72 4 21 100 56 96 75 97 81 50 65 88 27 1 51 89 95 47 75 9 61 10 15 44 22 84 43 3 32 59 34 4 23 72 22 82 37 13 50 85 26 76 27 16 1 95 1 6 4 9 53 40 9 54 49 22 86 49 22 32 0 94 53 91 76 19 64 88 16 81 94 4 84 81 59 57 51 69 63 60 90 8 94 70 56 4 57 87 70 82 9 10 60 9 12 21 54 49 56 92 43 18 90 13 16 60 3 76 18 55 87 19 59 45 50 11 8 15 15 55 62 8 46 83 54 61 16 83 90 4 40 44 88 90 47 16 22 45 53 88 87 27 57 30 68 57 87 98 95 28 45 90 94 75 67 
28 55 21 71 68 37 25 65 3 78 0 51 92 92 94 100 100 60 53 78 44 76 34 8 76 41 52 47 72 19 31 50 40 4 5 54 55 15 85 52 28 90 52 68 71 53 50 57 92 1 59 54 51 10 91 17 47 7 33 35 36 75 18 100 92 12 10 89 42 49 67 43 19 81 91 45 86 58 24 64 37 41 26 89 55 70 39 65 90 79 26 69 72 66 1 36 74 65 37 45 52 45 82 46 27 88 33 92 2 96 1 19 81 18 35 54 69 71 45 37 95 52 16 74 98 8 51 30 28 9 79 23 55 38 57 24 78 7 61 24 57 81 84 26 57 69 58 5 74 73 34 76 65 32 81 16 87 36 3 40 40 79 84 79 11 58 85 74 70 26 48 54 0 69 49 34 83 16 38 39 54 86 84 66 85 48 48 33 12 45 13 27 23 70 96 30 84 9 51 94 2 98 23 26 73 88 69 37 16 23 42 32 15 58 6 35 71 62 8 91 90 24 46 99 75 70 79 94 47 42 22 36 1 63 100 67 38 29 7 16 26 44 92 84 28 13 39 18 65 83 16 21 56 65 9 98 90 70 59 23 36 70 93 19 51 15 35 35 86 36 25 1 27 18 71 37 67 99 2 66 51 26 71 86 61 14 72 24 35 53 98 80 51 31 41 83 77 19 72 63 93 4 30 68 88 63 14 52 64 50 75 20 92 55 97 98 24 20 20 27 57 55 38 74 70 5 31 60 39 63 86 55 82 2 30 36 89 30 91 100 51 46 56 4 73 76 10 75 92 75 72 36 3 67 92 80 93 41 53 2 65 95 4 15 0 31 13 14 8 49 6 37 82 73 16 83 70 75 9 11 74 57 12 97 25 48 10 14 44 10 90 83 3 63 61 81 5 52 98 53 
81 52 94 47 1 1 33 13 40 51 27 15 100 73 29 18 11 65 25 43 10 52 64 45 16 82 47 97 90 97 93 25 67 39 21 98 37 18 42 5 59 9 68 71 45 32 39 28 11 64 26 40 90 94 97 1 31 30 43 94 52 48 82 93 46 32 96 16 91 6 91 45 58 67 32 100 15 45 21 51 82 1 82 14 46 19 65 23 51 20 30 36 19 70 28 19 8 44 95 40 2 17 91 55 50 42 50 57 0 61 90 4 1 25 78 30 52 42 49 59 93 21 24 71 38 4 88 100 93 40 62 45 85 94 100 24 8 49 95 46 47 64 79 86 22 100 54 49 3 49 82 51 65 25 85 87 89 20 25 54 100 55 22 3 81 100 77 33 78 42 69 10 95 13 69 41 33 20 96 26 77 26 100 32 65 99 63 90 65 41 95 0 63 0 98 67 72 55 59 43 84 60 72 27 95 61 92 10 71 68 1 30 78 67 9 75 2 16 23 39 10 85 94 70 1 50 14 17 25 99 8 86 44 1 74 74 87 29 7 24 94 26 71 71 47 0 81 65 14 63 71 77 86 85 47 57 2 29 97 52 100 55 70 45 20 31 52 68 45 21 3 55 20 21 91 27 98 53 39 65 33 38 4 1 23 6 64 20 68 45 73 21 18 74 86 82 35 33 91 57 41 96 52 25 70 83 36 71 87 7 66 62 93 54 42 92 59 30 56 29 67 100 31 28 48 24 4 53 24 41 93 9 65 63 95 36 6 86 91 14 92 17 3 35 3 28 9 40 64 85 42 2 1 97 50 55 6 2 83 43 15 13 63 91 93 25 30 84 56 29 16 7 14 45 33 68 59 20 48 89 76 83 12 36 86 6 92 59 88 46 60 84 0 32 24 42 89 78 67 62 
79 69 28 84 42 87 71 31 84 49 52 18 98 38 68 38 46 92 92 94 18 33 57 79 81 43 94 86 51 24 30 44 66 81 48 85 63 47 56 60 25 80 72 84 20 56 10 55 64 86 1 93 31 36 50 39 75 12 17 71 0 8 19 14 79 95 72 4 34 95 47 53 73 63 5 5 35 34 64 76 98 10 10 100 94 36 5 6 35 86 38 4 13 42 94 74 53 26 65 80 78 64 77 97 64 28 58 8 76 36 27 13 77 73 12 2 13 57 92 40 77 47 69 25 93 18 59 97 28 12 45 24 87 19 13 57 81 90 80 86 35 40 3 57 70 73 18 77 6 99 15 38 66 52 62 11 46 15 33 35 77 34 25 40 15 53 53 61 12 55 20 15 39 56 2 44 20 78 39 44 40 40 63 24 2 82 74 76 98 36 41 58 81 33 44 83 18 74 45 96 20 22 75 47 37 89 78 86 71 59 28 16 54 80 66 56 78 99 55 52 37 72 41 40 66 41 88 93 0 18 16 99 51 15 1 96 18 47 90 43 61 32 72 18 28 19 20 94 21 20 34 58 100 88 28 67 9 7 81 54 44 32 3 29 38 90 71 67 24 16 66 67 8 58 93 51 26 11 0 66 67 96 69 28 25 12 58 1 36 68 0 54 5 18 4 54 35 80 16 43 33 57 28 31 72 52 48 10 61 62 4 92 14 60 90 1 77 12 43 44 32 64 78 81 90 29 22 58 26 71 35 75 80 52 92 91 1 67 75 100 11 83 21 48 61 74 51 33 48 56 96 70 10 57 73 6 63 4 44 64 92 86 85 71 59 38 73 4 60 45 65 15 93 48 83 74 43 7 29 49 31 23 69 35 90 49 15 51 45 43 54 89 21 32 81 10 19 59 76 25 
72 25 41 1 73 87 39 58 90 87 51 20 9 90 19 65 44 56 24 14 43 62 59 53 71 31 22 39 70 70 84 85 15 10 67 50 35 49 5 86 43 98 12 58 73 8 15 63 54 82 15 78 63 38 12 38 14 96 7 93 47 51 23 3 78 40 96 75 18 4 90 5 30 16 72 71 67 38 99 0 19 33 6 74 67 2 24 60 15 78 52 34 68 19 23 66 59 94 99 26 70 69 50 17 84 46 57 32 85 83 76 25 36 0 27 49 63 19 75 58 41 8 63 77 71 6 60 33 0 34 65 48 76 34 42 62 26 97 32 16 36 99 9 37 16 74 75 87 3 8 97 5 41 50 80 45 8 42 6 67 71 15 63 73 84 84 58 54 64 96 68 97 60 86 16 87 85 86 73 84 36 28 10 52 70 77 68 80 91 9 82 72 53 12 42 62 71 62 89 40 24 4 5 82 5 19 62 79 67 39 77 47 65 91 87 52 78 100 90 60 70 67 8 50 12 79 71 13 54 2 99 24 10 91 79 40 45 82 64 14 22 31 73 3 40 6 40 63 25 10 17 22 54 53 7 44 82 56 22 97 14 40 96 35 24 22 74 33 57 10 58 78 24 0 0 68 19 87 99 74 71 13 35 86 19 93 45 29 16 92 87 82 56 42 20 88 38 94 98 54 85 30 64 9 45 38 83 57 5 20 5 31 3 14 71 97 2 26 36 10 45 100 39 81 70 6 30 20 90 57 56 31 9 82 86 55 97 20 9 74 14 27 5 2 99 21 56 16 71 72 34 17 79 94 54 40 5 89 22 44 17 69 52 62 31 67 1 26 60 47 48 13 27 61 90 55 57 98 43 75 60 3 12 28 4 84 39 41 57 1 75 38 5 24 45 31 80 9 98 4 
69 44 25 61 6 52 54 87 29 0 98 97 3 51 81 53 81 87 66 70 62 2 57 30 32 60 9 25 63 85 33 22 99 71 47 77 29 50 83 83 16 21 46 93 3 41 28 23 31 33 11 79 55 57 62 76 76 81 26 59 54 3 96 49 99 74 23 29 7 46 50 15 41 24 66 38 80 77 43 80 16 22 15 39 2 23 26 69 44 11 94 94 83 68 4 89 40 100 1 6 8 38 78 64 59 82 24 2 62 74 89 92 46 90 20 65 71 65 70 24 28 76 99 20 16 34 31 52 91 60 65 18 75 73 73 79 83 67 48 95 43 71 100 3 64 91 64 44 19 8 36 71 10 73 83 5 50 48 52 74 9 96 36 0 87 71 37 28 30 99 15 16 87 4 99 76 35 59 58 92 46 55 45 1 68 91 15 82 18 41 86 65 65 89 53 55 22 75 75 0 98 17 13 94 96 4 26 66 0 68 77 56 55 16 22 22 34 17 72 9 78 54 74 76 73 54 89 18 68 99 98 29 38 49 91 62 53 73 74 42 33 21 33 22 77 0 83 63 27 80 13 53 36 63 24 90 26 36 60 9 63 36 31 92 33 70 33 24 35 13 88 85 51 90 71 81 94 54 94 14 73 52 7 89 45 34 41 14 75 85 78 99 8 28 9 38 2 44 40 15 69 49 48 28 10 4 14 58 67 18 79 95 47 82 21 76 32 60 43 69 49 10 96 42 49 59 79 76 41 74 57 73 51 47 38 86 50 84 50 40 38 11 46 8 3 15 74 6 90 100 25 3 20 23 71 21 30 26 70 91 79 7 36 20 48 61 55 72 90 66 43 90 22 63 4 6 97 93 56 57 21 7 64 57 12 19 93 44 38 38 7 1 23 8 45 4 25 44 93 31 
71 81 0 72 20 60 23 97 1 63 39 15 29 31 15 87 53 57 49 99 52 18 57 51 92 97 12 8 73 1 41 54 37 41 54 80 23 57 12 8 4 52 77 70 31 74 57 33 93 24 70 64 50 12 37 3 6 91 33 64 28 80 7 88 82 40 30 97 60 19 92 8 98 5 85 86 44 58 5 71 17 8 5 16 74 90 36 93 79 3 1 97 81 53 4 77 50 88 53 35 24 75 95 81 56 49 76 48 19 22 99 59 82 89 98 3 43 74 44 42 71 76 95 19 62 58 35 34 87 31 61 49 11 87 36 91 29 6 100 63 56 81 97 28 88 24 9 88 20 67 1 79 42 92 16 72 24 12 53 78 69 10 33 85 53 43 15 77 28 79 91 38 43 19 86 75 94 7 86 39 58 91 87 31 0 36 89 16 31 14 44 8 12 87 71 89 68 9 35 70 3 26 28 49 18 38 83 99 15 50 5 44 94 64 52 24 40 67 86 67 55 92 24 63 39 52 99 94 26 67 55 36 62 24 96 72 29 87 20 82 26 58 0 72 22 57 61 82 85 97 10 100 56 3 43 63 95 100 71 12 56 21 94 43 94 58 28 22 80 72 72 51 30 83 46 36 26 39 85 2 23 70 24 77 53 58 73 64 97 45 1 31 17 35 25 59 69 42 64 33 90 14 82 94 10 4 93 16 100 30 37 20 58 53 32 19 19 71 82 73 95 24 71 42 32 46 82 39 94 24 79 28 63 72 8 82 76 37 1 49 64 26 41 21 59 43 30 31 63 93 49 86 42 93 15 40 46 48 46 16 78 26 88 6 34 82 64 78 24 61 47 88 40 44 24 20 32 8 86 26 33 53 36 6 40 22 11 23 49 100 20 20 49 36 75 65 51 58 82 84 
26 13 76 14 43 42 51 70 98 80 87 2 34 30 71 68 97 45 13 2 49 90 99 70 98 26 64 75 1 54 38 40 65 6 35 78 4 96 84 91 94 23 66 98 72 50 32 49 47 81 93 12 41 30 48 99 95 35 48 95 77 68 90 13 17 91 75 39 87 22 74 81 25 85 73 93 62 12 96 10 83 70 37 83 40 73 21 98 67 37 12 8 48 81 98 68 31 10 92 59 84 26 56 97 37 70 60 51 82 72 20 11 92 62 60 55 22 55 12 99 41 37 22 0 66 24 80 56 14 72 78 13 14 2 98 80 4 2 47 79 90 82 21 60 17 46 63 76 91 44 27 60 31 18 52 63 24 89 24 23 61 51 76 84 1 9 29 74 63 35 47 70 27 49 59 43 81 72 7 31 4 77 1 39 21 15 5 9 11 42 3 74 9 23 46 17 59 8 92 65 97 2 45 4 41 92 88 87 11 13 36 76 81 55 35 61 21 4 19 14 69 26 89 68 92 70 71 81 68 70 17 76 40 35 9 54 44 86 57 47 46 59 50 79 69 58 48 57 45 43 63 74 88 89 87 65 80 41 21 76 22 65 100 79 25 33 81 48 87 41 97 79 29 87 72 35 43 11 59 39 47 89 44 82 79 85 76 67 70 27 31 39 25 46 0 85 23 20 30 92 62 71 93 13 95 63 41 2 98 85 83 38 87 86 68 66 62 76 56 6 9 82 21 6 21 20 35 56 67 87 88 14 55 0 11 11 2 47 43 51 56 11 42 18 48 0 67 31 36 88 3 61 66 28 60 58 30 7 71 92 99 76 53 45 14 93 66 30 34 49 24 90 80 79 64 31 20 30 86 91 28 86 8 70 27 65 98 44 1 28 34 20 36 38 23 59 84 77 93 92 
34 23 99 44 38 53 55 20 67 49 36 70 32 14 30 18 84 52 41 22 44 36 3 41 36 53 4 30 34 99 61 26 69 3 27 27 34 8 46 7 83 46 59 66 68 67 13 100 43 25 4 99 31 68 4 31 82 71 42 14 82 82 66 47 98 44 10 98 70 63 79 22 59 80 73 9 10 40 95 33 83 9 29 100 40 44 86 77 28 100 100 98 23 54 63 22 28 5 66 53 22 29 12 98 49 77 43 85 13 0 40 49 8 31 60 86 2 4 59 75 5 61 88 95 54 87 43 36 84 73 38 4 83 28 21 13 65 60 33 97 86 38 96 87 83 53 50 23 94 31 71 6 20 49 82 23 10 100 87 31 28 40 35 42 57 1 70 46 17 95 0 62 57 28 55 34 62 12 84 16 2 23 21 96 19 40 39 26 19 45 93 76 73 97 44 41 41 21 40 18 42 92 2 51 76 52 13 39 28 30 79 50 6 45 91 28 40 22 77 41 38 61 41 39 24 53 92 3 69 5 31 44 8 84 72 87 79 87 68 6 93 93 81 85 99 68 27 97 10 73 44 25 59 48 0 56 88 32 72 18 60 45 30 55 47 70 51 86 87 73 63 21 13 94 66 93 15 77 27 41 64 10 34 100 80 9 47 92 77 28 6 37 78 60 44 27 5 39 17 76 7 64 32 91 48 75 29 20 14 24 84 28 67 33 44 85 15 67 46 31 47 77 72 50 27 86 23 93 14 11 13 72 45 96 75 36 25 46 24 94 32 86 49 34 25 9 71 61 84 13 25 28 58 74 1 78 63 55 89 100 58 75 51 33 94 71 95 13 23 2 33 40 5 46 99 18 50 57 85 67 78 41 11 88 17 6 7 23 19 63 66 58 47 69 35 21 79 0 3 15 
32 66 50 40 18 64 33 17 48 24 60 75 96 61 45 87 39 15 78 53 23 15 49 35 28 36 100 10 5 13 43 44 73 73 72 25 77 60 1 78 41 33 58 47 58 48 96 23 86 84 22 99 58 84 86 94 96 26 67 21 6 25 28 8 26 58 90 72 22 9 23 27 64 59 23 65 35 75 32 92 55 56 78 70 71 87 82 22 54 56 70 73 24 3 31 48 29 29 72 4 54 85 73 61 19 2 51 53 66 90 5 30 78 48 73 56 16 77 91 31 54 94 90 34 67 64 23 13 96 75 37 77 50 48 21 72 91 72 49 84 50 9 46 93 23 18 98 58 54 65 99 59 59 81 95 9 18 14 94 12 33 61 1 36 59 1 15 57 46 21 5 95 86 61 91 53 61 95 93 69 98 51 64 59 0 72 75 98 42 70 37 10 1 54 72 25 40 44 43 66 16 46 70 100 54 58 54 95 69 30 10 64 67 85 38 55 93 97 77 79 77 100 79 56 59 5 3 88 69 79 80 21 4 68 7 97 73 35 82 98 71 70 49 48 51 36 72 48 16 15 95 66 74 95 38 72 34 89 20 73 60 3 72 25 88 26 31 82 71 91 34 31 15 22 63 63 82 3 52 81 16 91 54 36 19 6 57 5 60 83 22 35 8 88 29 68 98 1 88 87 8 94 94 97 20 67 30 25 88 88 9 43 39 97 60 79 94 1 71 17 30 79 17 68 92 88 46 62 65 54 55 73 78 29 40 71 91 0 51 50 19 92 12 71 94 88 33 50 36 4 42 18 47 2 97 37 74 18 63 63 88 91 90 58 46 66 90 75 56 67 5 87 0 85 43 63 54 70 95 83 15 0 73 97 47 34 56 77 42 0 96 50 62 44 97 69 55 9 79 96 
57 87 47 11 6 27 39 12 21 88 64 23 25 33 9 3 73 32 29 13 34 30 91 2 40 59 51 30 46 69 64 77 15 34 40 46 97 2 51 40 49 68 68 44 93 81 73 9 88 14 63 1 86 63 98 63 37 2 89 50 43 92 39 5 6 58 91 91 16 95 20 10 47 43 22 40 32 55 71 62 17 43 72 41 14 65 4 24 45 73 89 37 52 42 13 38 48 66 63 66 99 42 72 65 20 12 77 33 58 30 1 16 53 81 89 12 97 15 42 8 6 34 80 44 14 14 58 47 18 75 12 44 35 69 65 71 22 39 79 22 92 71 57 43 39 89 66 31 67 1 32 21 3 7 26 21 66 25 93 32 50 72 5 34 57 98 69 96 4 38 2 88 70 36 62 53 9 67 22 30 96 24 21 8 22 84 60 31 66 32 68 40 1 12 13 2 40 85 73 79 79 61 33 16 76 86 18 43 84 33 35 9 9 60 23 55 40 5 29 23 79 9 97 10 84 24 55 91 8 56 11 91 31 61 19 89 65 41 84 88 89 77 27 67 86 99 55 90 76 71 86 67 9 34 7 31 49 86 53 47 80 37 0 12 68 35 97 56 76 61 100 45 68 66 51 0 84 38 6 91 42 8 40 72 62 5 50 56 30 12 92 75 95 84 45 66 84 77 80 75 80 82 61 20 75 1 30 37 89 22 25 72 61 8 40 20 19 27 89 44 99 100 54 2 11 82 97 44 8 55 39 56 5 89 8 9 34 53 65 1 16 26 40 5 90 41 94 30 64 26 60 29 75 74 58 28 74 69 78 53 34 40 98 39 15 23 95 67 94 85 87 97 91 26 34 48 47 15 1 29 86 34 0 50 68 99 60 43 13 34 79 70 25 41 74 100 42 18 64 81 
22 16 81 48 54 20 46 24 68 37 13 50 9 97 22 60 35 83 32 98 47 94 16 48 99 42 28 98 86 38 76 49 12 0 48 99 5 25 17 70 7 80 28 48 50 87 16 46 4 55 38 1 97 50 8 22 43 45 11 62 67 49 19 77 49 99 87 6 51 48 35 77 70 90 87 84 7 34 81 31 29 96 0 45 75 46 56 12 1 96 8 51 31 67 76 38 92 64 62 17 86 62 50 42 14 95 97 88 19 91 45 42 52 72 21 49 19 96 80 23 24 49 18 26 25 77 2 26 46 90 72 54 28 98 21 96 5 4 40 30 26 30 22 96 26 2 56 4 26 40 97 87 92 49 46 45 0 32 78 62 24 55 93 59 56 80 40 87 4 87 87 75 38 11 93 77 1 82 11 49 45 79 53 3 36 41 33 47 42 35 5 76 75 11 87 42 20 35 91 31 35 58 75 57 95 37 62 52 23 73 95 63 67 14 64 41 12 23 31 72 99 66 97 96 73 41 76 54 50 34 70 91 19 41 58 73 67 12 88 83 4 100 1 46 62 79 8 47 99 91 95 97 46 38 71 91 58 79 59 49 37 86 61 2 75 63 82 54 53 38 89 59 7 64 39 76 8 94 52 85 39 16 52 76 23 40 0 96 66 0 70 62 64 81 54 4 97 91 52 58 4 99 30 55 76 77 26 12 100 89 34 20 38 5 80 0 51 29 9 29 37 70 54 33 5 59 76 87 98 71 8 83 26 55 70 32 96 56 61 8 36 32 5 72 17 50 91 89 19 18 39 6 30 5 37 6 52 13 86 0 71 58 18 75 54 74 46 52 22 66 95 76 6 36 21 13 56 80 20 80 9 38 64 93 92 40 79 40 7 60 32 89 55 96 85 57 33 97 20 34 
1 9 2 100 85 25 60 53 32 72 51 69 49 47 23 3 66 69 77 53 79 46 98 50 16 40 53 94 94 75 92 39 30 78 78 100 73 41 10 18 32 26 0 90 78 48 96 29 58 24 43 2 21 41 100 72 45 69 66 38 47 81 11 41 80 70 37 11 73 8 75 35 44 91 100 16 63 85 19 92 4 93 25 24 58 6 70 35 90 30 75 46 21 59 64 29 29 93 21 44 41 81 4 36 4 22 0 95 73 51 77 89 94 20 36 26 86 15 26 48 10 30 91 100 93 22 94 30 21 70 92 31 50 84 84 25 48 26 57 27 1 63 69 18 44 39 51 95 71 11 73 99 93 30 33 98 19 48 82 21 25 98 28 7 74 87 15 52 32 23 71 86 14 51 73 5 14 31 98 91 31 44 59 43 44 57 27 46 95 93 5 8 33 59 76 72 91 68 80 43 14 86 22 94 36 68 10 83 22 79 20 41 99 14 37 99 78 0 72 11 40 13 10 35 22 76 31 89 67 4 75 5 57 87 31 81 13 59 43 14 58 21 45 30 23 50 40 42 64 48 0 50 17 72 99 100 32 33 18 42 94 14 92 71 97 86 7 12 29 48 62 38 45 94 97 24 94 89 87 20 30 23 51 42 30 97 90 48 80 4 58 20 10 23 78 35 87 13 62 62 93 72 73 48 40 39 46 10 68 82 76 43 49 31 85 63 94 82 43 28 77 23 18 22 1 6 10 40 98 73 25 1 49 46 27 13 36 55 41 2 2 74 33 52 81 39 59 66 61 42 70 46 90 55 59 7 83 97 1 62 33 96 18 83 24 43 0 51 61 35 74 58 31 38 67 30 77 40 85 87 4 80 56 45 72 7 7 84 74 85 26 92 78 69 68 59 52 74 3 62 
93 80 89 28 89 73 93 52 39 89 17 42 40 53 95 13 74 66 15 35 40 47 88 60 41 1 100 99 20 75 7 7 1 65 58 41 61 34 80 81 38 47 97 45 64 14 22 88 52 84 28 70 1 69 53 78 34 86 35 16 92 70 28 61 29 89 65 20 62 43 93 87 34 90 72 15 25 94 41 34 57 7 84 53 62 97 68 50 89 81 26 47 90 45 44 46 26 18 82 90 21 75 78 33 28 49 59 19 40 98 27 42 13 73 96 33 60 14 35 94 78 89 10 91 45 64 17 31 18 65 94 10 41 98 67 97 67 63 1 15 22 41 76 89 43 45 78 91 31 87 28 16 8 26 71 67 87 85 94 67 0 24 95 26 75 39 100 28 51 60 69 81 89 44 1 80 20 86 92 35 25 98 46 50 11 0 64 94 89 5 53 14 0 45 65 17 46 68 38 9 83 59 91 43 30 43 15 76 18 39 34 69 57 1 76 52 73 46 95 26 48 78 55 94 55 15 98 25 77 60 68 0 35 63 87 45 89 1 2 3 34 34 45 37 68 29 1 19 38 95 24 92 96 3 91 3 40 30 2 37 17 13 60 54 53 48 49 9 82 94 76 28 79 44 56 0 8 1 28 90 31 17 30 27 54 32 82 61 79 7 50 75 56 91 5 78 83 88 96 76 94 9 32 18 5 90 65 47 41 60 44 48 45 8 32 21 70 32 53 54 91 28 59 52 5 62 81 66 83 31 32 20 8 48 16 65 90 27 35 54 62 65 62 25 1 4 96 23 69 14 34 31 24 20 70 25 38 12 33 5 14 24 7 59 99 15 87 40 35 63 63 96 25 16 86 8 63 70 39 67 97 74 75 18 55 49 53 94 7 42 58 17 19 81 20 74 65 98 49 99 
84 84 83 15 49 64 32 37 31 90 2 36 86 56 80 76 0 81 59 32 43 96 24 54 9 0 50 11 74 85 83 52 45 39 29 94 63 96 95 51 37 20 54 91 38 81 78 24 91 20 15 24 35 45 8 0 86 47 89 77 52 37 29 0 40 76 46 24 61 0 3 7 84 26 16 73 99 42 48 94 14 66 23 87 33 95 23 8 34 30 30 0 43 57 64 91 33 19 35 84 21 40 94 95 24 100 52 32 27 70 3 1 24 53 22 21 100 49 33 21 39 77 19 30 89 74 31 29 56 6 30 8 69 17 36 90 100 15 83 83 9 84 50 25 58 68 13 58 28 80 15 67 82 62 89 56 5 44 94 6 27 34 81 89 94 65 45 20 40 71 79 62 29 70 52 100 30 21 29 66 3 7 92 78 0 33 10 57 12 24 81 2 86 95 23 18 21 79 44 71 94 33 47 63 17 28 1 24 1 45 51 75 69 27 18 23 45 59 74 65 15 30 83 62 95 64 12 50 38 73 12 32 18 66 10 98 100 18 47 41 100 79 46 32 61 32 73 35 47 3 60 16 41 52 64 64 93 83 77 79 6 18 33 25 4 33 43 15 92 76 91 22 49 84 66 29 71 34 52 22 40 96 88 86 31 3 77 60 68 31 68 73 36 21 97 75 33 7 52 54 20 99 5 48 45 77 63 98 22 23 9 15 2 71 47 28 98 87 0 64 3 62 62 57 94 94 32 60 21 8 7 11 29 89 8 59 38 54 21 44 88 3 43 76 40 87 43 52 52 30 52 60 97 11 33 69 67 21 20 9 10 97 21 10 3 52 77 2 72 78 12 64 46 98 25 37 49 51 47 54 39 8 13 76 21 93 94 10 93 78 76 90 0 47 30 60 78 40 53 54 
99 98 13 10 37 14 27 35 85 31 100 3 60 4 65 75 35 32 49 83 37 8 28 41 50 52 58 81 31 6 90 86 75 57 21 17 47 60 65 87 16 83 54 23 7 16 40 100 21 8 44 46 55 57 29 33 100 51 7 45 14 30 62 87 56 4 59 69 47 81 43 91 50 51 2 3 65 28 29 44 1 73 67 73 17 28 63 95 0 74 52 31 18 51 16 1 60 20 20 10 48 71 5 29 71 17 4 6 40 98 46 97 38 55 42 69 75 22 29 45 38 63 0 11 15 64 28 35 61 44 31 11 74 34 63 57 73 48 37 91 83 9 73 30 10 45 37 100 21 75 90 69 10 68 64 95 96 80 85 71 45 83 96 40 99 69 94 4 74 76 93 70 97 47 0 52 34 63 57 36 53 9 45 18 7 99 57 91 96 55 75 98 30 99 76 58 100 82 59 61 30 17 29 6 55 82 74 6 3 43 89 91 11 73 36 25 89 20 55 79 48 15 32 14 86 88 32 92 11 33 16 95 23 82 13 76 46 88 18 19 23 13 13 15 64 91 50 17 95 20 40 71 50 18 81 53 10 17 22 48 31 3 40 34 8 58 68 94 75 97 67 79 55 69 27 24 41 34 37 57 82 84 96 67 67 36 81 96 1 95 38 77 64 66 7 26 60 1 7 24 44 69 89 98 12 58 50 44 10 8 42 84 28 42 21 2 96 98 68 83 69 10 15 78 38 97 28 84 27 38 23 92 23 100 16 32 65 88 53 29 29 92 12 96 46 9 28 57 6 67 57 27 5 91 13 38 25 56 13 60 67 97 64 43 2 62 24 20 83 92 99 33 84 96 76 13 72 60 71 1 38 86 21 50 4 91 38 34 45 75 29 16 26 24 33 96 20 94 31 100 
95 44 1 34 96 96 87 24 58 5 77 4 45 0 37 77 67 9 1 61 7 67 71 57 33 47 3 83 82 81 62 78 8 84 57 79 77 43 7 82 48 35 86 48 98 35 62 84 15 80 74 40 49 41 93 78 6 26 14 33 39 55 56 34 3 57 88 37 6 65 91 40 42 55 61 27 20 98 65 23 90 4 100 56 39 47 92 34 71 69 66 1 96 28 40 69 38 49 81 72 68 49 35 69 41 60 28 96 35 46 70 21 75 30 33 89 81 3 96 87 8 17 8 32 89 89 23 51 92 86 95 27 11 78 17 16 59 70 55 24 26 75 97 62 32 28 23 3 92 12 85 23 20 10 14 33 74 65 5 32 51 76 79 37 96 68 45 3 5 20 44 57 20 15 15 19 64 53 97 17 78 45 76 46 15 38 30 26 28 11 46 27 25 76 29 11 87 56 46 14 69 93 65 14 15 36 96 100 79 85 88 28 53 27 99 17 52 64 8 3 40 3 38 15 84 5 60 50 3 40 37 85 93 45 62 0 79 22 5 67 89 20 53 8 98 13 84 33 69 76 74 57 34 94 56 41 88 68 57 34 70 12 18 58 56 29 30 35 10 36 56 67 84 75 5 53 39 53 74 2 56 29 61 98 10 74 50 46 30 85 44 6 43 25 41 24 34 29 92 71 52 96 59 23 69 31 6 63 39 86 88 42 29 45 81 23 64 26 9 71 15 83 59 17 27 70 64 73 62 54 37 92 40 47 55 1 32 9 17 14 38 49 33 85 82 3 75 17 76 92 70 28 93 89 98 50 71 87 66 42 7 56 91 11 44 89 1 38 77 12 44 14 35 5 39 58 56 81 94 69 20 72 61 25 25 60 15 60 48 26 81 22 54 38 40 27 28 32 1 78 
14 20 78 64 32 80 71 54 83 33 82 34 0 90 65 50 49 96 11 59 69 89 91 55 55 65 85 71 70 38 5 8 87 34 45 50 99 26 7 81 62 85 46 2 79 61 44 92 13 61 54 76 95 24 22 80 27 41 41 40 37 38 67 11 56 28 69 27 22 67 86 92 71 73 66 53 75 43 21 31 66 65 25 55 29 96 1 80 76 11 81 71 55 91 37 23 84 68 32 65 70 41 87 62 33 62 31 63 90 91 21 9 48 62 84 82 35 2 96 32 5 76 13 59 19 85 76 81 46 3 19 58 57 67 92 21 32 13 36 20 11 41 29 77 47 32 29 13 19 34 17 89 69 67 93 26 38 45 84 7 7 64 27 69 38 25 90 32 55 64 25 73 92 77 94 97 99 17 41 77 94 65 15 96 26 9 9 9 74 92 52 66 26 98 71 70 11 8 24 20 34 44 25 30 58 39 69 99 65 3 100 44 22 19 14 7 53 96 51 43 61 81 98 38 12 18 9 5 18 17 75 13 90 79 9 19 27 73 73 32 70 75 84 37 76 95 59 10 81 53 54 96 2 0 27 50 17 99 66 6 12 3 49 57 51 23 8 22 43 8 53 29 90 87 68 22 11 62 96 84 39 47 26 58 4 97 1 46 42 63 18 81 59 25 95 27 35 79 44 56 62 75 71 24 2 3 46 21 34 92 95 86 24 22 7 70 6 82 27 2 59 41 40 85 73 93 1 1 38 25 16 71 28 96 15 84 94 76 50 66 33 25 68 4 90 90 25 49 94 97 32 23 98 87 59 45 49 31 38 40 92 3 5 36 30 23 97 33 56 58 22 23 54 72 80 95 56 90 8 98 85 20 2 5 46 21 51 95 44 62 73 7 53 59 7 52 37 17 0 12 
18 7 58 78 0 42 26 8 77 71 35 74 93 85 62 76 55 9 46 24 76 20 58 22 89 53 70 93 58 97 15 41 48 31 31 14 13 23 48 14 17 96 5 42 66 65 17 55 65 6 44 54 34 30 18 30 85 31 83 87 93 28 81 19 47 66 88 81 16 77 65 1 93 98 27 36 27 62 54 44 4 29 73 31 57 40 78 62 94 49 67 58 24 54 96 25 63 43 61 66 39 86 9 47 62 57 51 60 8 48 88 83 87 86 82 1 2 35 82 91 89 64 31 38 9 22 20 92 89 55 38 88 45 33 6 56 11 77 88 70 36 96 86 30 48 16 22 5 15 19 63 39 19 10 91 30 54 88 100 40 94 8 4 25 3 25 74 12 11 90 92 8 62 90 78 50 64 71 98 43 7 19 25 25 87 92 33 100 63 40 26 24 89 96 93 83 60 100 87 93 61 13 8 33 77 53 29 51 96 93 71 55 10 20 64 88 44 27 21 90 72 39 39 92 59 38 56 37 11 31 31 19 67 98 16 90 75 54 90 90 52 6 92 17 62 17 75 8 75 91 62 58 19 82 61 41 73 57 34 54 89 96 31 61 88 54 70 91 11 86 47 1 89 90 30 15 32 32 13 64 58 2 39 12 44 29 87 87 95 72 68 39 82 83 61 32 1 48 59 44 11 62 65 58 9 64 95 90 55 78 60 90 68 26 8 17 96 77 9 92 100 53 56 37 46 100 43 85 87 54 43 6 41 51 61 67 90 58 40 44 75 48 65 6 61 69 100 99 56 29 89 87 48 40 79 57 88 5 15 12 68 78 99 41 22 4 59 31 6 75 48 4 92 69 13 82 7 53 22 14 13 70 82 33 85 65 76 73 76 95 76 91 8 98 0 73 83 87 12 9 
22 97 83 23 90 7 4 86 11 33 29 39 28 100 42 83 87 36 85 51 95 96 25 77 15 58 50 30 85 13 78 99 94 0 30 45 12 30 67 75 66 54 46 16 14 2 77 51 96 57 11 68 97 11 20 13 74 48 96 54 46 81 70 7 49 50 100 27 82 20 46 74 10 99 2 66 56 80 70 34 2 94 10 27 41 47 34 83 27 97 27 12 33 24 59 80 87 70 93 59 20 81 21 25 33 57 29 52 89 64 91 50 0 9 37 65 46 36 53 28 85 84 91 24 5 8 43 52 35 16 49 49 89 90 31 85 13 39 45 76 69 51 25 44 50 63 69 60 61 10 37 15 74 74 66 34 11 23 71 62 9 2 51 12 51 82 14 92 63 14 63 32 2 6 79 20 56 61 48 7 39 14 4 29 53 73 68 87 78 10 75 68 57 28 41 54 36 43 37 63 20 84 59 30 76 67 81 23 43 5 31 45 48 36 13 88 97 85 96 72 33 63 74 36 74 5 0 15 45 44 34 98 90 10 78 50 8 65 1 44 28 75 20 34 92 63 27 30 62 65 13 58 32 97 42 68 95 96 71 12 10 33 32 4 19 36 68 21 66 15 9 52 68 55 2 43 5 19 15 8 19 0 67 12 86 96 96 96 29 6 67 39 86 56 23 52 86 8 32 48 70 40 26 47 20 90 89 45 85 7 18 35 61 17 7 56 34 58 53 34 54 15 40 58 86 40 15 53 60 22 29 47 62 9 8 31 98 94 56 25 24 66 49 53 47 96 32 53 2 35 35 35 10 90 83 99 32 59 92 77 68 6 40 72 54 72 81 13 92 35 55 13 41 97 47 35 14 85 21 26 24 61 66 21 31 81 92 85 24 36 51 50 29 38 12 65 35 34 81 20 
84 93 70 40 71 91 89 60 66 0 83 70 97 43 59 69 78 27 30 24 48 24 88 42 4 71 95 24 37 57 21 7 6 77 14 13 57 9 85 93 15 80 52 94 7 68 9 75 0 15 9 47 13 29 75 11 36 70 98 54 8 37 83 90 88 59 83 40 86 45 96 37 71 20 37 84 14 78 59 78 90 36 46 21 83 35 63 3 79 3 43 5 98 72 58 89 18 16 25 93 67 30 22 6 16 95 34 53 5 87 30 62 24 44 84 26 40 97 99 35 31 43 9 84 28 70 55 9 7 11 78 0 66 20 61 48 36 68 33 68 93 48 60 25 90 52 10 11 92 36 54 59 6 90 6 50 66 65 51 42 100 71 13 42 5 9 11 23 65 57 50 14 16 8 78 95 97 65 48 18 4 14 7 95 67 13 80 5 64 41 89 93 29 16 1 34 58 36 1 69 73 79 89 99 27 64 33 45 50 5 15 26 20 0 21 93 86 60 96 24 98 17 36 71 62 70 61 88 17 66 13 100 76 38 38 11 10 38 91 22 88 5 68 16 52 31 14 54 62 69 50 66 37 50 90 97 77 78 94 42 57 100 38 32 24 41 37 87 67 32 91 85 55 20 71 52 20 40 13 87 61 18 49 13 46 78 49 48 67 75 86 64 79 24 21 43 41 100 49 42 2 49 60 87 86 80 73 23 47 42 30 64 33 34 95 48 6 0 78 31 91 81 70 18 18 95 63 17 69 32 58 41 70 76 72 84 22 88 14 56 84 67 95 2 86 29 51 77 12 81 13 55 5 71 63 46 21 61 61 56 33 5 42 67 64 18 36 30 37 6 94 44 13 81 13 88 37 69 20 11 15 31 13 76 31 54 38 81 75 85 93 13 42 73 89 27 84 74 14 14 
85 34 72 1 95 57 93 71 18 26 20 95 46 90 81 92 33 32 83 91 46 27 1 26 13 70 25 16 77 3 52 16 34 98 98 76 41 49 54 29 4 96 4 44 21 94 60 32 10 40 40 100 21 3 6 56 10 46 42 29 77 82 62 63 6 40 33 54 45 3 22 82 69 87 67 51 75 46 29 61 39 35 81 88 90 20 9 93 11 25 25 9 52 75 92 57 39 23 81 34 86 5 9 0 30 17 70 11 7 5 30 95 4 85 71 94 4 16 99 30 6 39 8 88 28 76 18 54 53 86 54 53 63 28 11 58 60 11 40 63 53 43 21 65 33 91 11 100 81 64 26 16 79 83 43 19 25 36 57 66 98 81 83 79 99 60 74 24 81 28 5 8 49 8 31 38 9 98 90 0 68 47 12 61 19 23 79 82 32 76 71 71 14 9 23 50 53 35 63 56 40 79 66 53 16 47 20 83 79 99 46 94 22 13 53 99 42 87 89 15 9 18 9 3 4 32 11 15 26 75 23 2 12 58 57 100 12 62 74 77 70 47 46 94 100 68 54 3 83 26 6 99 2 3 31 58 79 72 56 10 39 34 1 45 61 71 65 23 1 99 61 100 2 34 65 50 15 22 20 94 59 24 58 92 76 9 17 28 22 57 52 62 96 24 69 91 100 2 4 33 9 59 31 11 28 8 24 74 75 24 58 93 3 89 43 58 72 15 37 1 13 44 36 61 75 24 78 10 27 64 73 67 87 49 8 28 23 78 7 13 75 66 17 90 85 47 31 58 65 47 88 38 79 20 80 42 64 32 97 52 72 96 71 5 67 50 69 23 15 31 89 4 60 5 74 39 2 34 89 71 3 50 49 82 54 64 61 66 12 50 20 36 49 78 77 52 93 5 29 73 
17 84 70 48 85 14 82 97 68 97 62 67 82 21 80 48 53 28 30 66 57 45 92 9 74 47 87 3 6 84 66 62 79 65 42 18 63 60 30 37 36 92 22 55 6 100 6 44 79 12 92 63 10 57 18 32 100 40 12 73 23 53 8 17 31 13 72 23 33 19 20 84 60 27 78 38 23 1 38 72 96 95 51 39 98 61 47 10 71 98 3 100 87 28 55 99 94 70 16 15 67 11 62 65 21 62 29 57 82 9 32 98 86 69 50 72 73 36 34 100 61 53 2 68 65 9 66 15 83 100 70 76 85 66 10 22 49 44 1 64 85 42 23 84 78 52 1 30 49 96 2 26 49 56 58 11 48 85 46 60 3 5 0 19 100 12 30 46 10 38 42 23 16 79 51 55 56 84 5 48 24 23 33 89 67 42 42 93 7 23 61 23 87 33 38 3 83 40 5 49 12 59 54 97 46 0 58 56 99 52 24 32 6 92 69 65 73 28 61 38 69 94 96 45 21 98 58 99 32 94 47 23 72 21 79 96 97 23 20 24 99 19 75 67 98 36 47 41 21 70 65 49 41 71 32 53 88 98 67 60 42 19 55 8 34 81 54 37 72 54 84 50 72 96 44 18 97 37 86 83 31 11 83 18 85 26 55 95 85 57 24 69 98 31 83 37 74 71 71 35 77 67 58 16 3 97 8 53 25 18 4 19 77 48 84 75 59 68 75 78 11 88 52 26 26 2 44 62 77 89 88 57 87 96 44 71 7 77 22 4 47 97 58 31 28 77 93 77 17 73 81 41 41 76 59 40 85 24 59 39 17 27 41 12 55 14 30 6 33 25 55 97 63 96 71 88 43 49 17 44 68 97 6 62 62 39 76 3 50 8 95 37 95 59 14 72 33 75 8 97 
39 81 78 38 15 68 14 46 58 75 13 63 55 96 87 7 24 93 2 54 38 8 15 44 51 55 15 96 80 34 93 34 72 86 34 9 26 45 62 22 3 96 44 84 69 64 98 43 1 34 35 93 0 43 61 1 27 70 34 36 29 77 19 14 42 1 51 91 81 78 37 86 62 43 70 72 96 78 22 65 23 49 1 7 71 74 5 29 28 19 69 73 22 9 31 85 81 63 95 28 60 63 17 23 75 97 34 20 25 25 70 47 43 38 22 56 15 60 59 8 33 44 26 27 28 9 53 44 28 17 4 77 76 66 2 8 44 34 55 34 1 75 2 47 58 91 27 57 52 98 60 29 51 24 28 58 58 8 10 66 88 57 34 68 48 85 27 36 65 56 46 72 87 60 20 72 77 26 22 92 50 43 95 39 17 26 42 11 11 67 63 2 100 1 3 76 77 63 88 85 77 57 75 40 43 61 62 91 21 95 6 99 35 62 54 17 14 92 22 44 4 60 68 33 94 1 6 96 99 15 32 26 22 60 56 18 100 34 23 77 62 11 19 23 100 19 93 32 23 7 0 11 26 75 75 44 10 13 4 17 5 30 6 4 44 72 85 50 46 52 31 24 81 70 59 100 71 40 12 33 1 55 15 96 79 30 99 15 21 8 82 46 7 19 91 99 56 88 30 84 66 65 23 78 13 75 76 34 95 88 20 6 42 96 12 33 14 50 44 40 31 16 84 12 8 53 50 18 34 18 81 61 35 30 93 41 21 57 35 14 100 57 60 50 100 26 5 8 88 38 23 90 10 44 84 60 58 93 59 91 55 59 21 61 85 46 32 9 10 71 89 63 69 71 86 36 26 37 12 100 72 69 38 10 67 54 65 21 21 30 51 69 32 29 22 51 22 35 87 75 
3 90 64 77 71 31 57 40 65 28 13 4 52 68 73 64 29 66 99 72 89 59 69 32 72 77 50 65 51 33 20 70 23 38 59 90 15 28 53 71 26 42 91 52 2 5 73 86 53 31 15 48 92 27 17 3 92 98 1 39 94 24 5 99 49 36 9 37 32 46 61 48 14 36 30 30 18 44 2 89 3 36 96 87 74 19 38 65 82 88 25 75 67 32 7 96 65 83 17 3 42 6 7 75 14 88 22 51 5 15 16 97 58 82 59 35 69 29 14 39 67 7 56 7 93 30 36 93 82 17 75 4 72 34 77 40 76 69 0 39 2 96 28 8 52 28 86 82 56 46 74 67 20 47 50 54 93 96 19 19 60 93 92 96 52 45 28 53 27 8 80 93 78 14 30 73 19 35 96 97 23 98 37 11 42 49 44 94 4 35 42 12 70 46 47 30 90 42 79 71 19 89 16 57 98 25 13 6 100 74 10 7 54 18 42 28 15 45 53 40 38 25 12 85 28 46 36 74 47 61 33 58 53 53 72 6 36 72 60 96 32 27 75 19 42 95 77 34 19 100 2 82 32 18 46 29 68 62 19 16 79 89 57 79 86 54 55 36 84 61 16 35 37 46 50 36 9 16 53 91 59 95 63 53 7 83 72 66 38 16 4 87 51 58 12 4 63 96 2 88 86 19 49 0 50 20 12 85 77 88 62 30 66 74 81 90 41 48 21 78 62 76 33 62 43 81 33 87 47 53 77 74 86 36 64 8 86 13 97 38 78 37 47 73 29 99 28 37 96 47 96 78 43 97 3 78 27 53 30 32 36 44 31 52 60 77 86 0 77 1 40 58 70 81 83 50 12 36 93 83 1 92 67 45 57 12 91 15 84 25 63 16 5 55 62 41 37 30 66 98 
61 67 98 2 85 48 84 48 2 6 26 48 87 16 5 99 81 27 55 48 68 90 95 22 41 97 54 19 14 29 90 96 63 18 35 60 21 96 72 59 85 55 56 65 32 57 63 27 84 50 60 63 14 47 40 5 81 70 29 44 33 94 95 100 70 90 72 6 57 41 60 88 29 33 30 41 37 73 52 17 61 1 59 70 18 7 25 2 81 88 7 68 20 14 79 70 9 7 1 61 35 87 15 49 96 60 9 35 71 8 63 47 88 14 17 61 18 38 98 55 40 95 24 28 98 44 73 97 72 57 48 64 19 27 99 4 98 22 23 72 74 20 95 61 21 23 5 23 84 57 52 26 83 52 6 95 63 77 68 41 91 91 21 19 19 98 98 45 44 30 84 85 30 85 40 6 13 21 98 89 43 54 28 9 4 69 82 84 85 22 94 71 93 16 33 84 49 26 15 85 22 73 24 73 62 18 62 89 83 15 73 68 58 49 1 66 80 12 16 81 59 83 96 12 25 90 81 85 8 23 52 9 52 45 78 57 27 58 79 71 28 87 43 87 21 40 56 8 34 24 48 59 66 69 24 19 85 58 7 57 83 6 79 15 34 69 61 29 75 93 67 61 14 57 79 100 90 49 63 82 83 24 80 21 90 84 56 43 48 65 35 40 71 5 79 77 77 1 70 68 75 48 45 44 32 9 62 34 5 41 77 3 37 7 80 12 45 95 13 46 50 51 81 71 65 30 67 87 32 89 0 59 25 5 60 56 0 14 76 26 94 4 0 61 50 43 23 85 86 69 38 32 26 89 29 64 42 90 87 78 77 43 79 48 29 62 8 35 48 47 87 38 79 68 39 23 10 36 14 6 79 80 46 19 96 59 77 98 61 77 95 27 61 18 34 47 19 23 17 76 
31 13 3 58 67 33 98 13 96 24 14 80 80 16 1 8 14 60 75 73 25 82 67 79 84 17 63 95 94 14 88 62 11 50 59 100 60 86 93 8 82 46 95 60 39 89 71 62 33 32 29 87 89 29 22 72 69 38 2 44 24 85 8 56 5 80 83 95 3 24 90 95 36 34 45 89 24 34 58 34 67 75 31 13 90 37 14 57 97 9 14 9 26 45 19 67 64 81 20 63 42 79 55 38 91 65 97 97 47 100 51 32 95 55 40 56 93 100 55 43 34 52 27 48 82 98 56 100 43 71 24 12 10 94 91 15 47 53 51 11 98 12 94 54 41 87 42 15 53 14 39 39 89 51 43 7 63 23 36 29 71 86 43 80 15 88 77 37 28 81 48 19 11 26 98 45 47 45 96 96 31 4 90 87 1 14 56 90 78 83 64 49 52 85 76 7 67 15 76 14 61 81 83 40 97 52 41 90 49 2 48 12 24 27 49 76 29 9 75 2 21 8 79 22 66 36 21 32 100 70 35 33 75 4 61 47 31 44 8 78 59 42 97 67 87 41 32 14 83 72 28 72 46 63 81 39 18 2 18 6 46 12 19 95 47 59 74 56 55 5 59 67 37 74 58 53 73 62 34 80 91 93 3 62 20 88 74 77 9 58 66 27 98 5 92 66 1 44 44 19 96 17 0 11 87 82 38 97 88 1 56 27 40 58 5 89 71 56 54 17 16 4 48 50 66 40 30 13 37 80 14 89 47 26 0 41 61 85 37 81 91 38 72 15 56 51 100 90 92 61 12 57 61 19 68 32 21 6 14 36 80 33 100 24 90 76 43 71 34 7 24 12 83 65 57 93 32 37 61 72 30 77 53 68 70 4 28 63 77 78 92 1 53 94 68 26 93 82 2 9 
74 77 49 63 83 34 65 69 25 61 57 55 1 27 96 6 99 77 89 77 53 18 100 79 72 87 16 8 67 80 18 47 95 25 50 64 12 28 5 39 70 74 61 63 27 76 23 31 56 31 20 51 100 97 40 95 44 67 44 88 27 65 28 81 99 71 94 3 73 57 100 69 98 74 86 58 39 89 97 49 28 29 68 12 71 59 22 13 51 66 57 40 61 14 2 2 27 21 41 17 30 51 60 49 71 31 96 84 88 82 88 19 95 14 46 99 46 14 56 38 81 88 28 17 10 88 81 94 48 32 69 55 70 39 80 80 3 53 35 2 72 86 18 45 30 78 89 4 4 15 73 38 2 57 62 98 45 97 32 47 22 31 17 60 4 78 57 28 7 86 11 63 69 25 51 92 26 47 86 69 91 51 14 8 97 82 75 95 99 79 9 36 47 76 67 70 75 32 43 73 100 61 68 98 97 49 52 57 49 50 96 100 38 71 6 43 43 88 20 58 37 1 8 15 85 67 79 1 40 54 89 51 97 97 29 70 51 62 67 30 79 82 72 69 6 17 72 0 76 16 88 65 91 30 57 18 37 8 51 82 27 90 40 58 65 70 60 58 84 46 60 86 31 98 93 37 37 55 39 0 67 24 74 70 99 61 20 69 55 21 78 57 9 72 67 24 70 81 100 36 48 5 45 96 3 84 33 98 31 49 83 46 5 17 51 21 38 39 70 60 55 60 38 94 95 14 18 36 63 15 49 86 48 2 25 14 70 7 89 48 18 16 44 61 58 18 38 27 41 97 7 8 93 63 19 64 83 23 14 62 75 92 64 54 13 73 86 9 46 85 52 68 93 55 41 69 79 4 97 47 57 3 81 37 83 38 82 61 51 41 80 20 12 15 69 74 37 45 74 85 
37 89 66 12 75 89 53 53 56 94 36 2 17 89 46 95 31 54 25 66 46 0 20 92 98 71 30 22 89 25 27 41 37 35 73 13 58 27 54 73 44 58 66 11 22 20 100 5 28 21 39 80 14 100 1 20 16 96 79 77 88 36 65 80 1 80 73 40 13 28 9 56 35 18 90 27 67 48 32 74 78 69 19 11 48 61 58 21 47 14 9 91 52 14 35 100 1 29 26 32 84 29 97 51 39 95 40 35 50 90 35 82 98 40 34 59 50 21 51 30 100 24 18 95 43 18 12 48 83 71 83 42 75 34 24 57 10 96 58 72 46 86 92 34 58 76 24 20 10 83 17 18 32 69 32 90 59 76 29 89 77 42 10 36 49 17 38 70 6 2 32 9 96 97 97 50 28 14 15 45 72 65 59 9 41 31 68 79 55 43 96 14 77 42 42 78 9 68 69 21 74 39 18 46 84 99 69 0 66 51 83 10 38 68 16 16 0 81 58 12 51 42 45 92 4 36 29 0 81 97 93 4 39 94 25 48 85 11 100 32 18 44 58 89 38 96 39 47 82 6 18 36 65 2 79 88 6 84 34 22 67 13 58 47 59 81 46 17 21 92 33 45 51 9 3 21 25 18 60 85 5 33 25 79 98 44 38 45 74 5 62 65 90 25 58 35 14 62 3 14 43 80 38 23 57 47 70 5 88 75 60 95 53 85 28 9 18 87 61 55 41 52 29 97 85 10 50 34 15 19 91 34 13 69 47 33 24 49 42 58 82 87 0 59 83 60 78 20 42 32 44 72 54 8 9 64 77 41 34 6 27 66 14 52 71 61 43 6 6 64 3 22 1 50 79 8 31 72 61 65 75 98 49 98 13 97 98 53 22 70 78 49 62 23 99 62 14 84 5 20 
21 12 29 100 42 60 37 4 26 77 96 86 98 96 85 3 10 99 30 88 85 88 54 97 54 12 94 17 22 9 39 2 22 22 66 60 6 48 49 98 35 67 81 1 43 66 27 62 22 72 5 47 6 99 98 6 52 34 55 10 54 59 10 43 95 13 61 33 1 31 73 37 78 42 77 41 47 18 9 52 1 7 68 16 2 45 91 49 65 43 37 65 49 36 75 77 1 6 9 85 2 95 85 10 96 64 21 82 86 49 69 1 69 62 84 45 7 48 47 54 30 86 82 76 17 61 19 85 100 51 68 40 6 16 1 12 27 27 0 52 55 34 77 68 12 48 57 93 57 66 37 96 92 4 24 58 84 39 11 60 84 50 52 54 10 44 93 26 6 62 94 49 96 40 76 36 42 76 98 79 16 68 42 8 75 18 91 70 17 61 62 24 93 69 66 85 79 76 18 37 49 62 23 79 93 92 12 64 26 47 70 53 100 49 89 40 76 22 74 100 93 60 93 60 21 54 100 24 19 33 34 22 79 81 87 7 34 31 96 69 21 19 43 61 69 4 57 77 44 98 5 26 51 70 42 6 0 27 99 48 20 36 1 8 64 58 16 38 1 76 91 61 50 45 33 87 44 33 65 35 72 82 46 68 97 31 30 88 55 87 77 63 68 71 94 38 55 90 49 39 74 30 9 60 64 6 5 62 61 57 10 55 18 66 39 27 38 87 69 46 67 36 11 42 99 37 84 84 68 1 71 57 97 15 18 36 95 5 40 48 44 91 94 41 63 14 20 63 15 13 5 35 42 31 65 96 11 33 4 6 72 17 65 35 15 74 24 50 93 33 78 61 75 91 10 86 91 41 38 64 75 38 16 61 47 100 42 65 96 15 7 10 34 70 73 80 76 28 57 67 
97 8 97 19 80 74 53 63 22 94 56 58 75 99 64 18 19 61 27 32 44 90 11 25 67 100 11 16 86 61 6 31 44 94 16 53 61 45 48 5 73 20 23 66 21 100 53 63 6 94 54 23 6 93 24 55 5 73 73 31 29 87 44 42 14 18 53 26 46 1 76 86 40 7 67 65 25 87 12 99 83 57 77 26 31 90 19 25 4 30 57 5 11 24 21 68 7 50 33 95 73 62 53 26 20 18 4 18 82 38 13 52 27 97 83 17 75 44 25 54 42 49 46 96 70 18 27 60 50 51 67 41 20 67 51 2 58 41 94 30 47 93 94 21 71 98 82 72 98 54 98 30 95 17 39 92 53 49 32 27 12 89 10 26 32 10 77 44 72 5 48 85 19 25 36 68 10 35 58 48 25 25 14 12 74 64 98 47 72 20 32 4 6 92 97 96 13 57 37 69 12 93 21 15 69 64 76 41 53 86 72 17 75 44 47 57 15 32 42 64 100 61 91 77 12 16 14 92 17 60 57 90 68 35 38 10 47 49 33 69 12 80 71 70 26 13 79 39 10 62 21 66 46 29 58 46 60 23 66 52 30 62 3 37 43 83 86 85 21 66 0 46 48 26 24 28 7 47 95 76 26 10 98 2 94 6 16 98 60 86 8 4 91 48 84 75 12 97 66 46 59 59 85 7 91 47 22 38 16 21 1 72 13 1 35 1 85 61 30 93 27 54 1 70 23 14 26 73 12 49 32 35 31 81 20 28 64 91 91 12 71 97 11 10 61 27 41 33 64 65 75 43 96 54 65 32 23 0 43 72 28 83 63 18 59 28 18 0 66 6 80 76 28 70 34 10 57 62 25 5 63 14 93 20 56 12 21 36 70 82 92 13 79 99 61 17 8 89 98 17 
92 25 38 83 65 76 10 6 79 45 95 37 53 19 10 76 9 49 84 76 90 92 55 97 29 94 19 32 69 67 45 60 68 39 78 56 1 9 48 87 71 61 61 26 100 80 97 69 95 20 26 22 30 30 45 85 27 79 52 82 11 16 63 60 23 57 88 43 23 33 20 24 97 36 18 72 5 26 57 49 72 14 30 12 62 5 90 21 82 90 85 29 98 35 21 1 85 75 62 16 78 22 80 74 84 62 18 38 33 2 18 65 83 73 46 12 97 43 77 6 84 6 55 40 76 36 72 46 61 56 12 60 88 34 81 8 85 75 41 98 94 25 16 20 0 91 87 46 12 73 1 82 65 4 88 51 97 49 36 41 0 94 97 56 29 85 20 39 35 59 74 16 40 16 96 22 5 26 78 44 42 64 2 99 26 17 17 46 33 67 99 91 7 3 16 47 37 53 64 26 73 64 35 90 13 7 90 64 3 50 16 10 60 27 29 82 52 18 85 43 63 7 25 37 60 97 99 73 99 34 87 63 73 15 57 95 4 21 79 90 88 76 24 37 59 80 20 46 26 76 99 5 75 82 38 27 59 27 80 68 57 39 74 70 99 40 90 41 51 5 23 51 30 57 3 88 39 44 94 80 80 2 58 89 41 53 42 24 49 73 96 75 70 14 68 46 3 46 2 83 14 49 71 67 69 26 55 40 82 82 57 54 98 81 72 82 0 86 40 37 20 34 91 51 38 37 37 15 45 14 52 90 61 91 36 26 42 19 96 57 21 29 53 38 50 39 34 52 95 25 31 47 57 13 35 69 10 80 10 94 3 17 16 33 42 57 90 80 17 39 77 68 22 8 40 97 45 22 60 76 91 100 88 18 30 81 86 23 61 84 48 57 42 79 83 56 61 77 9 40 
47 90 2 34 35 67 10 3 76 66 48 22 79 16 39 36 66 35 35 2 63 53 53 36 62 7 89 18 12 37 100 96 25 77 95 68 98 79 35 74 41 55 37 1 3 65 42 69 10 18 84 61 10 39 45 24 41 19 74 69 82 26 60 66 27 21 41 56 35 58 25 36 61 88 100 86 25 22 76 11 26 62 93 77 39 72 94 30 11 67 27 19 62 19 39 85 10 31 71 16 20 89 30 27 62 83 87 20 18 99 63 50 49 33 36 40 78 70 7 40 61 80 47 95 87 87 71 91 76 4 13 44 54 60 68 70 65 43 82 96 5 68 65 55 92 24 98 35 18 95 89 60 40 34 42 23 52 8 41 98 24 6 97 73 48 27 58 73 88 70 35 21 86 92 22 54 55 18 4 3 29 41 37 37 31 98 45 86 6 88 81 10 18 43 72 15 43 89 91 89 68 29 37 14 14 97 36 34 83 86 71 93 67 71 19 70 68 92 11 39 54 50 53 26 14 92 70 95 80 27 8 7 44 97 67 92 52 96 29 91 66 86 86 96 10 83 61 30 29 27 74 76 39 93 48 91 14 86 94 20 87 63 12 63 28 71 91 80 34 81 57 18 42 4 14 69 23 84 12 97 71 13 6 50 0 60 35 65 74 80 4 8 4 40 81 33 74 37 64 97 89 90 73 2 84 43 0 26 29 7 11 17 12 32 84 87 3 97 34 39 73 54 20 32 53 43 6 0 21 97 43 5 98 64 23 63 80 36 95 85 36 69 79 78 98 56 21 67 87 57 52 66 31 62 94 100 15 39 29 51 44 15 52 42 61 37 41 18 36 8 81 2 77 60 80 56 40 91 45 62 54 45 37 43 99 99 73 4 19 24 8 14 82 59 69 18 61 85 73 26 
36 61 27 29 16 80 34 90 44 22 85 58 62 1 50 21 23 35 26 21 96 52 93 6 20 36 77 92 55 66 78 55 61 20 51 74 43 78 29 20 82 63 38 75 77 96 79 18 39 12 15 98 75 41 40 28 92 49 62 26 97 7 57 97 62 64 71 71 38 5 40 80 96 74 69 54 61 100 60 86 20 69 73 5 3 80 3 29 56 47 47 91 38 51 14 35 38 100 62 90 97 96 49 17 38 73 38 31 60 92 85 22 33 35 0 75 21 51 27 59 79 80 92 28 32 33 40 78 95 76 77 32 76 5 0 24 43 41 89 54 66 55 25 29 4 78 64 93 18 29 32 18 79 61 46 83 5 91 40 43 42 35 49 22 7 30 17 91 44 28 66 94 26 68 2 40 24 90 73 41 1 66 60 7 58 22 87 75 80 100 31 74 21 10 8 51 26 36 16 72 71 9 11 78 90 22 56 20 16 25 42 31 96 51 60 51 3 24 49 80 36 13 74 59 58 71 17 59 48 68 27 46 87 74 83 52 33 95 50 78 10 31 65 48 0 7 66 77 56 9 44 82 42 65 2 94 7 1 79 74 20 97 19 41 54 18 86 99 31 3 87 31 73 62 58 61 58 39 86 35 84 99 3 51 15 49 46 98 42 79 38 29 76 99 36 99 91 72 59 38 7 95 33 31 77 54 73 56 0 63 95 30 68 70 99 49 67 43 72 25 81 5 34 44 92 31 20 1 2 17 74 28 10 90 33 26 40 5 6 17 97 97 67 1 16 52 61 10 12 24 22 55 23 73 24 77 40 67 53 62 65 77 64 34 75 12 59 28 8 16 44 100 19 75 29 11 75 52 66 29 83 4 99 65 14 49 36 23 100 66 45 16 60 71 81 88 49 88 24 52 
22 11 83 97 4 31 38 81 37 60 92 30 7 95 17 1 78 34 64 4 76 20 96 23 49 93 43 48 32 51 10 52 0 7 92 73 65 66 14 31 36 36 67 78 94 99 58 68 76 0 94 82 46 58 52 79 62 82 100 51 69 85 88 28 93 61 55 35 10 58 69 71 77 16 76 67 28 28 79 11 51 4 51 44 11 34 37 43 47 14 76 78 16 62 73 87 41 7 20 55 54 99 32 84 5 95 40 49 5 78 84 18 63 82 14 85 53 67 15 52 52 62 75 17 22 34 85 72 83 15 4 72 82 64 48 52 7 82 34 22 53 75 2 46 72 70 19 15 1 15 2 52 20 71 29 36 87 84 31 34 46 92 11 60 47 6 46 44 10 30 80 68 99 70 34 71 49 71 46 77 51 18 54 97 74 65 54 99 72 4 35 54 37 44 46 64 52 91 96 98 35 21 54 83 46 46 48 19 24 52 76 95 97 95 91 69 83 33 39 58 52 53 51 46 37 55 26 49 91 88 72 99 27 61 88 26 19 49 64 74 67 46 88 11 67 100 66 95 80 0 25 52 64 36 93 13 63 94 23 38 16 72 41 48 66 47 93 37 38 55 81 3 64 44 27 26 57 56 57 69 36 52 17 58 58 99 76 48 30 80 85 95 45 55 78 55 74 21 55 36 39 70 57 58 89 22 65 82 11 94 69 89 20 48 0 29 29 16 10 88 77 52 80 19 47 76 41 38 47 33 84 64 17 70 9 57 56 87 72 14 85 13 85 63 97 57 83 71 51 37 64 97 18 15 7 24 97 12 98 50 44 87 9 31 85 34 28 50 1 97 58 80 31 28 78 61 76 91 13 44 65 23 41 39 90 22 55 29 79 48 58 17 36 83 15 68 60 23 38 36 
62 41 45 62 54 87 57 40 77 43 47 30 51 86 54 52 70 22 64 47 23 51 2 9 53 91 33 68 10 63 29 33 77 72 23 18 9 80 98 16 93 14 76 30 39 36 7 77 33 8 61 33 91 31 27 66 59 35 19 27 70 41 79 18 29 24 23 17 43 0 44 56 49 70 38 94 37 44 44 95 10 33 34 26 87 55 60 87 41 22 81 36 78 56 70 75 11 46 29 57 80 25 63 38 72 26 6 64 80 18 43 37 70 4 69 63 72 0 8 40 58 8 49 55 68 6 61 51 45 4 44 75 63 7 45 79 20 53 94 40 39 46 81 54 70 82 5 82 90 29 73 1 23 68 69 27 58 55 98 96 87 33 53 82 65 86 84 8 36 30 15 10 14 0 61 9 81 90 84 98 53 50 99 23 21 56 21 30 57 67 28 26 97 81 97 58 53 84 94 16 16 53 69 68 66 80 64 1 63 65 30 7 27 15 5 41 9 85 58 57 57 100 33 32 15 100 91 24 7 60 52 98 100 98 57 97 14 73 79 35 26 29 25 27 30 70 57 2 19 10 33 28 49 94 75 5 80 21 71 96 19 34 55 22 89 10 5 13 15 98 62 79 82 41 52 1 16 93 78 46 66 68 47 63 87 62 91 12 51 8 84 85 1 43 0 52 37 91 78 70 52 8 44 20 26 38 51 92 49 45 2 64 89 43 35 62 65 92 82 9 13 12 69 6 22 1 61 66 44 16 73 83 35 2 54 9 3 91 67 99 76 1 56 90 14 30 22 39 35 73 35 10 72 51 16 17 82 84 52 5 53 54 50 51 66 98 15 35 63 67 78 22 10 57 8 27 72 19 79 59 4 30 98 31 21 50 28 61 12 3 32 7 59 99 88 22 57 12 31 41 
44 33 78 97 71 44 56 15 51 1 24 95 100 69 1 92 28 58 47 61 99 25 81 23 42 80 74 69 20 2 57 24 83 33 16 44 71 25 68 12 48 54 44 1 46 83 96 82 69 61 84 48 87 93 59 66 57 83 30 67 90 83 40 99 98 3 60 29 9 57 52 11 70 84 20 1 44 59 82 95 71 6 30 85 57 97 92 53 89 30 16 87 86 100 31 96 27 49 63 67 94 45 62 27 55 11 25 27 80 1 99 85 5 60 93 4 59 72 88 62 77 28 47 14 46 64 18 59 42 78 25 24 30 69 41 66 9 80 17 23 47 51 42 38 64 85 53 37 38 6 89 64 59 84 30 83 94 50 32 14 36 100 10 71 87 51 63 69 66 45 98 59 91 12 100 99 61 36 37 41 12 72 33 82 61 21 55 47 55 38 84 11 38 75 24 68 46 1 39 37 87 57 12 24 93 53 35 34 52 42 27 32 29 10 31 87 49 38 88 26 36 82 1 90 91 85 66 57 49 51 2 26 38 15 2 1 16 30 56 93 29 71 40 22 96 11 27 65 28 90 46 79 81 25 70 12 85 75 69 64 65 1 32 50 76 53 59 86 1 38 44 3 37 29 69 77 98 92 55 29 66 34 73 76 4 64 68 86 59 59 5 86 90 13 87 35 95 88 37 47 43 38 43 14 43 72 47 54 14 87 95 20 6 23 1 43 34 97 7 48 2 15 26 84 79 52 16 76 49 77 7 19 13 71 40 26 21 91 36 7 20 88 69 80 50 46 29 17 5 51 85 57 94 4 39 57 51 1 77 74 80 41 31 30 39 98 74 67 20 55 1 7 62 97 48 85 75 83 95 95 63 25 85 38 51 58 98 82 67 87 52 45 17 51 69 56 78 27 62 29 
19 69 41 86 90 100 54 13 75 10 0 42 1 17 81 1 88 51 86 89 59 83 84 71 96 81 10 54 69 58 92 43 58 5 6 15 91 84 87 96 40 47 57 36 14 17 68 22 31 26 38 69 67 24 16 48 28 42 72 14 96 29 46 11 25 27 48 8 1 11 23 68 93 7 42 21 8 88 44 40 88 3 32 2 0 60 2 87 31 42 95 7 56 87 60 86 64 35 88 54 18 9 45 31 40 24 0 39 89 66 76 49 93 9 50 77 43 12 86 20 1 50 21 57 84 38 43 65 24 13 48 18 4 73 59 55 77 38 76 71 49 100 32 77 44 14 89 40 81 28 78 71 57 15 56 54 49 21 56 38 84 7 85 81 24 11 55 2 82 47 92 30 92 72 52 62 51 78 88 99 44 95 64 37 36 43 89 73 6 70 59 6 76 78 22 88 100 13 9 22 12 14 29 12 41 15 2 39 96 64 9 51 70 87 4 17 61 21 56 70 87 73 80 48 57 32 43 54 0 17 71 36 4 96 33 76 19 37 90 82 3 59 92 63 99 32 85 39 71 4 12 56 46 55 87 23 64 19 21 12 19 87 54 30 62 91 87 79 86 59 50 73 14 97 61 46 62 26 28 3 67 97 16 59 1 80 31 65 31 15 17 97 82 74 37 79 81 53 36 57 3 62 63 58 64 50 88 89 46 13 58 33 84 92 91 8 16 83 36 0 10 0 4 48 10 96 55 28 31 76 55 38 0 0 2 25 53 13 8 81 27 1 66 17 80 46 29 49 91 13 67 0 94 28 77 17 78 3 32 34 41 93 42 64 93 36 1 60 13 83 72 87 65 87 95 84 48 64 57 27 9 76 98 56 55 37 33 26 14 23 90 7 68 33 96 72 9 11 82 48 
5 93 6 20 45 23 80 24 73 45 65 46 100 19 60 36 91 1 69 73 52 49 3 16 7 17 67 64 74 85 10 93 89 49 52 88 23 36 52 16 70 26 48 48 58 94 20 65 87 52 16 47 49 18 45 67 88 47 5 97 83 85 65 72 80 8 34 51 10 14 24 50 64 6 72 68 13 26 82 27 55 95 25 28 6 97 90 45 18 99 58 90 89 79 41 2 55 23 19 26 85 85 90 57 42 14 19 4 71 82 59 15 5 89 82 96 92 67 66 67 51 13 82 50 82 22 86 22 14 100 43 90 34 82 58 21 57 2 14 66 75 79 98 24 81 49 72 73 100 80 72 45 2 18 2 47 54 33 93 63 85 91 28 59 69 56 82 11 4 76 13 93 98 77 4 42 7 47 57 29 54 47 98 54 88 45 44 43 31 42 29 98 30 10 4 36 73 48 28 24 99 9 69 2 44 3 66 55 43 84 78 97 75 86 15 40 94 75 75 52 53 5 69 84 21 28 18 69 90 91 21 78 48 15 75 13 99 73 88 26 1 35 81 80 7 20 16 86 33 47 87 75 57 64 24 19 56 88 40 27 51 25 29 5 1 47 1 15 21 37 59 62 78 7 59 25 86 80 10 1 59 19 9 21 13 61 2 83 14 63 5 48 61 39 59 18 20 26 63 54 7 1 83 93 34 38 71 8 68 74 11 79 69 61 100 98 43 31 71 1 68 3 71 33 43 70 31 14 94 30 0 5 91 11 46 58 81 60 94 53 88 60 66 2 65 74 5 15 79 0 82 5 26 75 46 27 96 73 98 81 73 38 37 72 91 11 96 80 46 92 53 65 83 59 2 11 85 48 76 9 21 24 64 78 0 38 10 14 0 30 63 10 19 31 74 68 27 93 58 5 
43 64 71 67 77 54 97 39 41 49 5 45 94 82 20 13 11 65 0 16 60 33 84 76 19 47 40 65 53 41 61 83 63 45 28 79 51 51 79 84 31 84 53 22 57 47 26 21 18 43 47 9 18 49 61 54 100 53 3 19 92 8 43 96 95 47 47 0 41 98 3 55 55 17 79 18 42 84 54 11 69 99 12 27 38 21 80 73 20 85 80 79 1 94 36 41 37 23 30 76 15 49 77 87 100 13 36 4 24 71 44 61 60 83 27 23 14 18 0 69 20 39 37 45 31 17 1 66 100 49 97 100 51 90 26 79 43 12 12 22 9 19 49 1 68 41 53 46 36 27 9 60 70 65 40 30 52 17 60 44 9 28 15 45 82 4 0 57 12 35 68 33 22 66 94 1 21 13 61 3 40 82 42 27 29 6 34 44 79 47 87 59 8 72 1 90 80 37 50 22 61 5 10 76 63 13 47 88 30 39 98 1 39 5 54 35 76 63 80 30 55 98 33 17 68 29 42 57 38 72 99 8 25 32 9 37 38 54 9 9 81 94 73 42 45 24 11 54 1 45 50 38 72 69 99 93 6 2 96 9 82 67 84 46 33 17 69 42 38 38 22 17 52 88 98 3 75 9 49 15 81 95 93 55 75 34 75 94 63 84 38 34 36 92 61 76 100 13 99 16 59 34 48 81 82 73 49 21 48 29 99 31 96 39 2 54 14 21 27 14 71 69 46 69 77 46 35 55 31 97 58 23 50 49 88 73 43 82 81 84 98 32 55 48 27 51 0 40 99 35 2 43 21 20 43 97 81 67 12 30 10 66 59 96 99 29 71 11 46 96 58 22 9 1 63 67 20 71 15 44 11 65 82 15 21 9 91 30 51 89 85 19 55 74 39 67 77 94 39 62 
86 42 14 95 63 75 56 86 2 49 70 30 43 69 89 2 7 14 78 51 46 22 97 53 94 85 95 29 74 30 76 14 55 26 73 35 17 79 49 81 65 47 25 79 72 3 30 71 40 86 14 98 43 1 34 30 92 6 15 50 99 38 92 93 49 14 20 64 84 97 92 75 9 49 92 61 93 69 36 39 37 12 73 67 86 9 38 30 47 30 76 34 57 82 66 11 37 71 57 3 11 77 73 11 40 40 9 65 91 15 34 17 42 98 44 99 85 80 100 1 79 94 21 48 82 46 80 89 93 43 2 78 21 42 99 71 5 18 9 44 28 49 6 2 95 10 17 95 32 53 19 71 99 81 22 52 43 4 60 71 41 54 61 73 27 80 14 85 72 3 26 82 84 19 60 48 87 55 26 44 85 21 68 14 52 46 90 98 54 14 42 88 73 41 81 80 39 91 89 37 27 43 36 28 13 71 7 89 37 54 47 4 90 92 57 15 84 62 97 91 76 27 69 35 17 91 4 5 48 1 37 74 72 93 67 23 50 9 76 26 75 98 39 70 34 98 45 25 26 42 52 55 31 94 30 65 67 94 47 21 52 58 27 72 49 19 44 78 41 45 54 90 28 15 25 8 99 51 25 36 7 69 82 31 82 7 97 23 13 50 89 3 44 64 5 0 47 96 85 54 24 49 58 45 73 38 92 61 4 6 0 19 35 23 18 97 94 47 17 58 22 68 75 22 48 27 97 62 78 83 57 18 100 89 88 73 9 33 34 1 68 75 45 6 52 19 22 1 35 73 22 27 98 63 45 22 70 86 43 64 44 46 71 72 37 1 61 63 91 33 81 28 69 20 61 35 81 31 37 60 99 47 41 33 9 19 38 90 87 77 95 87 86 61 59 59 16 17 11 42 
88 75 81 26 74 91 96 93 84 84 0 49 35 70 50 30 98 61 17 2 2 11 89 65 63 63 49 11 73 2 68 29 30 39 47 49 57 30 95 64 87 21 30 51 95 9 7 100 25 17 13 28 91 72 40 100 45 23 94 40 49 65 78 65 24 48 67 70 9 83 99 54 38 6 47 69 54 59 45 53 76 30 100 84 99 35 61 66 2 56 48 100 97 34 88 67 55 88 72 91 91 1 5 97 39 13 45 62 26 63 96 23 0 93 67 89 8 79 20 8 90 6 29 93 17 91 5 5 20 19 97 95 42 49 45 68 69 90 30 84 17 67 0 49 91 65 58 43 58 10 51 83 23 96 23 1 99 15 16 78 12 92 26 15 89 86 72 71 61 0 98 15 36 5 1 65 22 23 4 6 32 71 93 30 75 81 82 75 20 87 52 17 22 9 68 13 72 87 61 46 34 94 42 65 43 81 92 98 70 58 71 7 32 74 78 56 64 5 83 22 49 64 68 49 85 24 48 7 63 89 75 32 3 89 63 67 25 19 8 76 63 77 98 65 15 62 57 19 87 41 19 53 52 33 32 8 3 28 25 22 98 37 0 87 4 34 6 51 79 25 77 17 37 55 86 80 31 9 45 7 17 18 65 34 69 23 38 75 62 93 81 13 94 41 9 0 75 25 91 77 56 95 80 17 42 17 77 27 85 20 14 76 26 48 39 15 71 67 92 82 22 18 54 61 64 97 53 52 99 9 46 31 12 34 96 99 28 23 1 19 5 49 73 9 84 45 56 44 64 39 1 0 17 51 30 87 40 57 57 97 90 16 78 21 7 93 99 83 52 91 64 30 48 7 0 9 42 94 5 91 91 86 86 92 16 2 52 12 21 85 22 79 26 42 90 46 56 6 18 2 
96 59 59 51 96 6 0 70 20 7 21 12 83 4 10 49 2 51 10 6 82 31 19 77 95 99 63 10 5 68 87 10 17 16 5 45 74 22 21 10 37 32 98 14 39 100 78 10 10 70 28 70 43 93 4 30 85 10 61 93 56 32 58 22 63 23 71 4 98 31 38 86 97 86 82 49 96 43 2 76 37 13 80 19 80 35 10 52 25 71 42 77 92 82 55 31 73 97 15 46 94 58 24 32 91 88 53 29 42 39 9 67 6 4 69 7 11 90 52 52 65 84 89 40 34 71 88 55 35 99 95 38 55 22 18 83 58 31 58 37 8 60 95 96 32 4 87 65 40 83 16 45 26 37 90 83 30 85 9 65 9 13 40 80 32 84 18 33 21 9 33 28 9 36 43 27 42 52 81 85 9 47 29 56 57 78 4 57 44 57 41 33 89 88 11 24 77 67 16 3 26 75 88 88 67 9 62 58 52 78 87 40 13 8 81 42 12 13 65 89 54 18 56 96 1 7 60 36 46 50 32 14 10 87 53 98 23 5 26 40 24 46 81 19 65 63 58 71 99 65 94 0 85 39 43 90 82 0 79 78 20 17 26 40 58 1 29 62 35 47 64 37 91 19 45 51 75 13 16 90 8 24 76 57 87 3 20 92 68 16 60 60 48 1 92 9 63 85 41 0 46 36 66 40 76 9 84 37 35 15 46 26 74 80 94 88 67 87 25 70 97 86 63 46 29 80 94 90 24 35 26 68 28 32 80 97 71 35 14 87 44 69 37 63 34 87 73 88 27 47 25 21 10 49 28 11 38 82 2 26 12 94 74 21 86 100 21 58 48 20 90 86 75 40 12 57 56 47 51 47 90 96 21 65 29 19 72 77 30 8 1 59 88 13 35 39 64 32 58 54 
26 82 79 8 21 94 81 86 75 99 76 1 96 71 67 33 98 56 4 97 99 96 95 56 38 52 41 64 55 49 18 37 22 73 53 80 36 89 90 23 96 63 58 75 15 0 47 43 72 18 31 10 49 98 53 55 65 0 49 44 36 60 72 53 49 46 61 8 15 16 2 100 90 54 35 79 10 29 70 60 24 53 83 74 15 30 61 95 96 36 37 36 54 55 80 77 14 90 56 19 36 91 62 77 40 21 30 99 2 90 43 91 99 81 18 78 59 20 19 84 95 87 96 38 45 18 79 22 91 93 33 69 18 40 36 40 32 19 2 98 71 55 23 1 51 100 12 45 88 35 98 82 72 42 44 77 73 40 2 8 41 11 30 18 19 91 43 34 27 99 31 80 3 16 69 75 26 33 52 55 45 50 91 76 87 42 68 61 2 12 17 60 14 61 55 59 19 94 40 39 1 24 90 75 57 74 21 25 26 3 7 57 11 45 47 20 81 92 1 18 46 80 48 83 11 68 89 7 29 78 25 44 15 5 45 47 39 63 53 23 72 64 12 90 15 90 17 12 46 8 47 29 92 72 31 90 73 77 40 51 42 20 41 16 99 38 45 23 27 34 32 71 47 10 54 39 95 46 77 68 58 25 12 93 43 55 91 42 41 70 48 57 15 5 59 24 69 62 81 48 24 22 31 35 82 16 65 43 42 20 29 4 62 21 19 93 71 76 24 21 75 77 59 67 0 22 83 55 47 37 8 48 57 11 85 11 50 88 64 47 62 90 54 0 57 29 40 33 39 29 60 33 1 26 14 34 85 30 37 73 90 11 80 75 71 59 74 15 83 76 40 66 35 92 76 73 36 86 25 93 65 80 35 49 85 98 31 23 38 93 35 87 24 74 31 73 84 30 76 46 
30 65 95 77 43 64 76 35 19 57 0 41 84 38 84 57 95 96 37 16 7 61 10 76 40 82 15 20 83 69 8 33 79 90 24 91 95 17 80 92 62 18 16 27 4 58 8 0 20 70 22 43 10 89 90 56 51 69 43 25 53 38 62 31 35 19 46 14 83 64 68 20 40 44 11 35 63 83 23 100 74 30 22 54 79 53 50 10 50 55 97 60 62 89 7 91 65 94 93 100 50 69 74 64 3 59 7 26 40 43 89 58 91 25 65 52 60 42 59 42 62 15 30 2 2 53 11 17 10 34 78 41 7 93 24 80 45 36 62 80 32 51 15 12 46 20 52 79 38 96 100 40 92 30 34 70 92 37 31 8 74 79 93 90 47 1 68 75 28 76 5 91 73 83 91 93 37 88 78 5 22 74 20 73 64 10 65 56 96 65 79 75 16 88 56 54 31 44 92 47 35 0 4 57 54 57 71 11 39 39 67 49 10 10 48 80 25 48 36 85 75 65 20 96 52 89 80 39 77 82 28 75 59 51 97 58 54 94 95 26 78 85 37 97 30 65 83 60 56 91 65 58 48 95 10 41 78 84 27 5 63 39 68 37 27 77 65 24 66 7 3 18 41 80 7 8 35 35 59 9 62 71 20 41 90 54 87 57 69 69 63 29 83 0 57 88 63 27 69 83 40 35 45 92 95 63 41 58 75 64 43 11 44 97 80 45 34 0 22 46 8 47 46 61 84 11 96 44 50 63 90 38 91 13 81 44 28 53 38 72 98 51 63 34 83 20 82 84 60 54 7 88 7 8 50 78 10 47 31 70 49 38 17 6 2 81 27 64 17 17 67 69 83 45 28 9 88 88 25 80 56 47 37 34 82 34 64 2 60 15 82 20 59 10 60 75 24 20 67 91 
36 69 64 72 47 46 88 15 46 76 39 96 80 83 39 84 80 25 51 82 59 17 77 31 68 99 75 85 52 57 84 45 96 68 64 9 23 60 85 11 71 44 73 71 13 63 9 30 16 61 61 88 65 13 16 59 70 67 46 53 15 1 70 0 70 65 16 84 39 93 4 8 4 23 46 30 33 54 42 98 20 12 7 39 87 35 22 23 23 38 43 87 71 71 100 65 20 17 60 39 41 95 1 48 96 8 48 13 32 32 35 4 81 41 63 15 81 82 6 7 100 79 4 64 70 30 23 31 71 74 77 25 84 6 31 63 59 70 92 25 71 98 74 83 80 39 32 12 3 49 31 77 67 14 42 45 83 88 60 65 4 5 95 92 83 53 1 8 90 45 39 66 96 47 99 7 54 31 49 13 91 58 54 78 51 48 64 28 98 66 88 8 12 73 36 66 56 20 67 26 85 0 73 56 80 84 65 51 45 95 80 79 91 11 29 0 86 70 65 19 73 36 64 7 1 68 63 0 86 90 89 52 68 73 64 51 14 38 35 13 38 63 46 2 98 71 9 0 35 25 87 73 50 0 26 3 36 87 4 22 82 33 19 94 63 100 77 78 96 87 43 50 42 96 23 91 43 25 83 17 84 80 21 22 64 100 30 42 67 53 78 90 15 70 14 76 18 87 10 10 98 97 4 55 52 90 39 38 47 85 18 56 3 32 5 70 7 38 90 12 61 70 89 2 46 77 38 26 48 57 66 23 87 62 87 44 66 48 19 91 36 79 50 11 32 83 55 84 28 17 56 36 86 64 30 51 74 21 45 63 83 100 47 80 57 36 54 66 47 67 53 75 40 92 62 72 44 84 41 43 69 68 68 3 15 21 86 61 32 2 50 76 96 78 58 50 99 29 61 67 
83 40 18 47 53 12 37 76 91 42 43 68 68 95 5 23 64 41 93 85 87 6 53 64 1 55 7 84 79 45 48 73 70 90 0 72 82 21 67 84 44 78 100 13 64 6 11 35 33 48 85 70 64 6 57 60 94 2 29 34 53 55 54 49 33 31 50 58 17 69 33 55 47 49 30 71 58 78 26 14 86 54 19 70 18 67 4 24 23 100 79 17 1 20 12 5 82 19 18 53 35 39 25 77 90 77 74 1 97 30 14 53 5 88 86 100 74 5 16 9 72 41 96 9 19 65 83 69 70 11 55 90 13 85 52 98 21 25 30 11 5 18 79 0 98 81 73 77 16 93 26 73 42 62 44 90 37 46 30 27 1 73 52 69 38 43 86 50 69 60 55 51 27 95 69 27 22 50 35 37 34 19 25 79 34 24 79 78 93 48 36 91 68 91 57 83 94 85 80 3 51 0 64 42 31 94 59 25 28 45 10 20 83 10 81 63 22 13 68 51 23 64 21 82 82 44 64 99 25 1 54 59 57 25 44 2 45 0 11 57 65 13 15 83 21 44 10 34 80 53 32 69 35 32 0 62 65 78 31 25 41 11 44 21 74 32 39 83 36 86 50 23 88 95 43 89 48 73 87 50 55 59 95 25 79 69 8 2 99 13 37 14 0 43 90 30 30 24 97 95 4 75 86 12 27 24 65 43 15 85 71 96 92 27 89 98 81 52 60 37 99 29 21 24 15 6 14 21 7 39 74 67 26 78 29 21 51 66 24 98 36 23 24 67 17 34 14 21 11 62 15 53 75 8 21 89 52 67 81 52 97 83 30 77 64 73 19 30 22 31 26 21 10 25 80 27 89 54 82 22 35 62 60 83 22 1 33 34 52 78 40 65 90 18 50 95 68 42 93 96 
2 80 28 12 13 88 25 60 77 87 7 7 75 85 5 8 82 75 26 59 66 77 69 100 93 75 90 35 23 10 88 2 84 98 28 25 47 84 16 62 64 36 18 39 78 89 58 75 83 70 31 33 71 44 0 1 89 80 92 45 18 21 99 16 49 34 56 71 13 56 98 92 38 79 53 58 42 38 59 15 99 63 16 28 63 8 4 41 28 11 16 76 46 84 31 58 50 24 87 10 84 28 58 73 16 40 97 7 49 7 52 39 59 80 14 32 4 83 34 84 57 30 61 26 6 3 90 32 83 25 50 6 40 72 3 9 11 41 56 46 11 2 89 94 39 69 70 43 46 71 8 4 76 100 33 48 48 55 84 22 83 33 5 88 48 62 93 69 69 49 57 25 72 53 28 54 57 59 11 57 71 57 47 55 37 59 12 87 13 36 8 29 35 100 59 4 76 98 67 45 6 90 39 15 29 29 86 10 95 68 26 77 74 84 8 89 51 59 0 21 36 20 94 20 58 93 50 80 20 58 59 3 47 52 63 70 68 57 87 77 36 21 5 93 35 8 76 25 51 77 22 36 93 44 60 13 11 77 92 49 88 61 68 100 24 58 51 82 45 97 35 16 50 10 56 67 83 51 51 67 44 83 1 20 87 70 59 99 19 93 12 27 61 46 18 70 96 96 14 57 58 75 2 15 30 84 95 59 49 38 25 3 39 69 31 64 35 76 59 89 96 26 47 4 39 47 15 66 13 17 3 1 40 21 60 73 2 26 31 78 9 71 52 12 21 88 54 75 1 73 35 46 99 94 63 70 6 29 71 54 46 91 28 66 98 67 11 50 91 52 43 46 52 98 98 54 47 25 71 84 29 44 85 68 76 61 39 93 65 87 72 12 96 19 49 67 78 84 34 9 
51 67 15 66 42 63 68 63 95 45 100 46 17 33 9 56 83 39 82 84 87 81 14 10 67 38 62 63 62 39 79 56 6 27 25 26 35 90 8 22 9 43 76 10 83 86 20 84 56 51 29 64 43 28 93 57 41 70 99 70 62 40 28 3 46 66 63 19 50 75 45 76 61 80 98 35 3 63 44 84 64 53 56 37 85 39 58 56 24 58 64 51 47 81 91 77 62 59 20 65 37 74 2 64 51 47 57 71 60 59 36 62 33 26 89 37 85 47 85 95 43 15 90 84 66 68 64 13 15 90 78 88 71 70 54 98 99 2 7 26 30 88 46 9 88 51 93 66 85 63 56 40 30 41 59 32 72 98 1 59 43 6 0 0 38 80 30 10 51 84 78 31 40 84 84 12 52 59 43 66 53 88 82 97 29 35 81 81 49 62 44 2 19 41 53 97 8 79 33 43 0 16 78 12 31 8 73 63 86 78 10 100 47 90 30 42 35 65 74 1 16 4 96 70 5 27 34 33 62 44 86 0 69 45 99 16 36 9 17 0 91 33 55 78 49 61 18 19 50 93 5 3 27 62 73 11 56 75 43 63 22 100 40 61 15 40 98 69 77 54 47 5 6 86 4 37 1 34 87 78 48 91 76 14 46 53 14 56 54 66 37 23 91 52 25 96 1 97 43 94 24 56 12 36 12 38 4 6 49 2 7 77 94 89 0 60 19 41 5 53 30 3 24 83 29 97 70 38 94 47 19 38 97 36 52 29 20 86 28 79 66 33 21 50 96 78 56 12 38 20 35 18 45 12 29 35 96 1 43 50 45 97 31 0 45 9 83 82 89 59 88 95 40 82 54 52 50 77 8 28 81 41 17 72 67 81 76 24 84 98 56 10 0 85 62 66 27 77 27 82 
67 25 43 89 78 33 99 56 99 89 44 55 92 38 22 93 52 85 8 37 100 4 47 13 62 59 78 7 47 26 7 54 0 52 8 17 24 41 0 69 86 17 88 39 69 78 5 45 14 38 98 16 92 10 21 26 47 3 81 76 58 64 72 20 25 78 45 41 77 88 73 15 20 31 65 51 85 65 34 77 98 52 23 8 96 78 46 69 90 56 96 11 76 62 59 94 6 77 71 62 75 1 37 79 73 91 97 26 98 67 64 85 37 27 95 21 88 58 76 91 57 26 55 81 52 84 99 63 8 79 74 88 53 77 4 21 12 6 96 32 27 43 2 80 33 14 58 59 14 85 14 31 73 0 79 20 58 24 30 83 60 92 54 64 45 40 74 48 14 78 19 7 54 15 66 53 19 63 50 32 27 37 22 15 71 0 92 75 70 94 23 48 12 33 65 78 8 47 8 58 19 67 75 33 97 5 86 44 22 5 25 32 12 50 12 62 76 66 56 40 41 21 99 76 94 40 66 63 15 5 47 74 71 32 73 10 94 11 46 62 68 47 43 50 81 82 63 49 52 83 80 79 59 65 30 56 2 96 59 57 78 84 72 52 72 11 78 36 25 59 33 76 46 16 61 17 64 89 54 5 26 16 56 1 87 52 1 29 26 37 75 55 8 86 85 98 50 4 42 18 4 34 44 94 51 18 9 86 99 6 2 58 96 83 0 18 80 2 89 71 31 26 14 33 77 72 10 45 66 51 7 95 38 26 63 1 28 32 82 21 50 62 88 99 25 94 80 32 27 85 88 13 50 2 90 32 2 35 68 20 88 24 27 18 57 16 32 12 4 46 77 29 73 52 87 33 4 51 86 91 81 9 99 85 53 37 41 89 39 60 21 77 88 72 32 96 27 3 13 30 
11 90 43 9 19 0 3 27 51 100 32 1 89 54 27 88 74 3 11 57 3 90 91 91 48 77 19 62 55 35 39 94 39 68 29 96 92 100 70 17 91 92 36 68 51 6 65 77 41 78 13 77 91 92 16 12 90 88 62 45 8 30 53 58 52 15 24 73 74 26 83 65 83 1 75 78 78 99 83 48 61 41 61 91 67 66 31 28 9 70 34 71 25 5 69 68 16 43 80 40 55 12 73 81 46 83 57 86 93 78 73 9 87 15 0 29 34 52 77 84 70 58 77 76 76 88 70 17 71 89 53 84 26 99 59 40 33 56 94 53 46 24 18 58 41 42 33 51 25 15 49 36 67 41 11 52 71 22 32 81 43 26 27 10 47 67 62 19 87 6 54 72 27 74 23 16 73 83 65 59 50 19 62 28 20 92 66 43 64 89 4 61 40 84 15 5 80 25 58 19 97 48 14 32 34 17 20 83 1 64 4 99 45 84 65 31 45 2 54 58 29 26 76 28 53 6 69 72 81 62 20 54 85 47 82 16 33 100 2 14 33 4 43 71 95 1 76 56 46 28 64 78 25 95 14 96 71 12 0 50 70 19 37 62 78 74 97 24 45 88 79 41 100 86 63 8 21 38 22 34 42 26 58 10 73 94 23 38 58 69 11 8 59 80 100 10 65 19 40 100 63 6 45 31 8 26 68 27 83 48 92 76 80 68 12 97 96 54 40 45 99 8 5 73 39 89 33 87 7 36 20 17 51 79 81 97 2 63 35 89 34 70 39 53 56 64 35 90 27 25 48 74 91 79 71 70 44 10 44 62 83 37 65 19 53 51 71 32 80 14 38 60 74 47 75 61 41 76 10 98 5 7 43 76 33 99 89 51 63 31 83 93 33 4 70 40 38 16 46 36 
24 88 4 94 22 49 2 85 59 31 48 99 53 1 0 45 56 21 80 18 81 52 63 22 9 27 87 68 69 19 46 14 34 2 70 66 50 18 37 27 91 59 54 42 32 11 96 79 54 100 35 40 30 19 59 75 79 70 62 41 22 9 45 55 74 14 6 96 91 69 39 21 59 4 49 66 84 26 29 4 40 39 37 69 26 85 7 30 65 84 33 11 64 69 94 55 27 12 8 54 60 83 78 55 49 73 0 36 55 35 94 58 61 48 6 66 37 10 93 87 100 54 32 70 22 70 19 50 52 35 94 47 44 46 16 11 15 21 65 93 73 41 51 78 2 76 100 87 50 10 37 14 82 81 20 77 34 61 36 75 14 17 64 3 83 73 29 38 75 92 35 45 60 75 66 41 19 26 85 49 92 22 45 27 50 62 38 31 79 79 54 74 49 50 2 31 28 47 75 15 93 46 41 8 4 64 47 26 78 99 62 67 56 25 0 41 4 18 35 72 77 16 99 31 10 27 18 40 41 28 29 2 94 0 39 87 91 72 15 37 30 25 19 8 3 0 48 38 40 78 58 42 27 25 33 17 82 41 63 70 95 80 38 57 73 84 7 21 80 100 75 68 62 87 41 33 48 67 77 34 80 4 38 33 9 38 60 30 21 14 37 97 41 69 5 7 23 100 56 85 62 90 73 51 38 17 91 91 27 92 53 95 7 18 5 98 28 37 15 87 25 5 70 41 39 73 56 94 70 27 1 2 41 55 64 56 89 36 75 57 60 99 88 6 86 65 82 9 3 45 6 52 55 50 87 99 94 66 38 73 75 33 58 88 11 32 71 55 42 78 15 2 30 97 86 25 48 36 40 33 39 44 59 30 73 46 78 48 20 97 29 75 52 83 0 27 46 28 62 16 
10 50 90 19 24 75 74 34 53 59 50 40 49 99 41 60 49 87 42 74 23 58 12 5 3 46 16 84 10 30 59 18 18 100 44 38 7 95 76 46 28 87 35 12 74 68 71 62 26 36 22 80 64 45 20 44 79 53 76 85 72 1 74 56 25 6 29 7 23 6 37 24 56 41 38 12 7 96 100 54 23 55 21 1 31 33 68 85 46 23 48 90 28 28 38 63 68 6 85 42 51 96 71 5 38 48 99 74 8 25 66 57 80 95 97 56 10 87 89 91 39 32 19 27 45 48 98 93 85 12 74 92 37 50 72 38 77 14 80 94 78 80 92 3 7 81 16 41 96 17 91 78 74 22 65 39 49 18 29 67 37 86 82 43 76 44 68 54 74 4 78 10 79 94 56 88 51 98 57 70 3 8 27 62 20 78 30 65 29 18 100 57 51 1 19 40 90 74 70 55 58 95 17 70 2 40 76 33 24 78 32 7 23 66 30 91 56 100 96 78 4 18 62 26 44 47 46 25 42 2 57 46 67 63 57 100 43 39 54 65 34 55 56 8 35 93 25 58 54 54 86 96 7 81 62 13 77 16 37 40 46 41 10 91 46 75 53 7 91 68 57 17 8 13 8 34 21 34 4 74 85 62 4 32 3 98 81 87 8 29 86 26 1 16 78 33 84 38 68 23 74 96 86 31 27 43 45 27 43 33 28 26 65 80 66 60 61 52 46 96 69 92 16 97 6 7 91 85 90 31 24 20 43 35 65 17 5 55 39 23 50 88 8 2 77 9 35 96 88 29 44 65 64 75 57 30 65 76 100 29 99 52 95 58 22 17 32 14 21 92 100 89 40 36 56 18 17 9 53 63 25 80 50 93 90 85 72 44 96 58 8 92 91 28 34 27 17 3 90 59 
85 6 7 95 22 81 75 27 65 31 18 47 31 67 7 19 84 75 54 50 14 70 36 11 10 95 25 59 36 54 62 39 16 38 40 85 16 28 99 14 69 97 91 59 93 2 93 85 56 41 90 80 45 16 25 73 12 99 46 0 51 36 99 72 61 76 25 97 43 93 57 35 60 26 70 72 64 78 59 57 44 95 23 74 95 64 85 38 35 37 96 9 91 38 40 28 21 59 44 33 94 56 65 10 4 28 26 87 67 60 94 85 53 78 67 75 27 15 68 86 12 92 60 51 20 81 51 25 1 67 30 39 19 17 13 31 61 15 49 85 80 68 31 100 31 72 5 87 11 31 10 22 39 79 57 81 44 58 24 93 82 86 98 12 3 20 62 58 33 57 8 84 50 79 64 61 14 18 65 14 36 30 82 67 8 95 50 14 26 65 22 30 69 83 79 72 15 90 89 9 48 2 83 76 49 88 28 11 61 82 7 53 50 89 28 17 96 24 36 1 43 36 8 49 69 69 49 9 53 95 26 7 54 71 10 99 100 48 49 96 27 14 95 44 65 41 56 91 1 33 64 81 38 22 100 5 15 23 67 71 93 72 40 77 18 31 34 56 49 98 15 23 18 27 41 65 81 11 5 80 96 56 63 19 21 65 43 30 38 74 46 89 46 24 95 65 81 79 61 51 79 30 47 9 8 39 85 61 40 31 94 100 96 59 72 98 96 38 18 78 90 31 39 94 77 89 91 11 50 60 48 68 6 67 97 12 59 19 3 97 14 7 55 70 43 74 22 41 97 17 10 73 62 54 7 49 90 100 39 63 46 13 48 7 13 21 11 58 76 0 78 52 35 51 0 29 17 30 17 82 67 36 76 53 8 22 35 67 11 35 80 51 24 66 0 30 9 82 89 96 
65 4 41 26 22 62 52 50 65 84 2 94 96 26 66 44 58 89 55 65 71 26 40 10 17 92 58 85 22 100 10 65 7 33 60 46 95 95 93 74 17 32 80 2 79 15 34 45 70 87 86 11 57 79 45 73 28 48 73 26 54 63 82 19 51 94 72 61 97 82 60 8 96 40 19 43 11 6 83 19 49 100 59 98 47 99 39 38 14 16 9 5 23 90 88 82 97 89 7 23 4 9 23 78 97 96 54 25 86 24 87 4 57 30 11 43 16 35 45 68 3 74 24 81 93 29 92 63 76 50 51 18 28 70 18 98 82 68 83 97 46 21 64 100 12 92 38 83 79 9 43 9 61 27 29 28 42 13 74 56 54 26 41 49 48 4 82 22 69 17 91 28 63 21 51 16 95 76 4 40 53 84 40 54 83 13 42 34 89 56 32 17 38 55 60 80 30 91 82 29 40 33 83 30 36 64 73 67 13 36 48 21 57 89 18 98 11 65 22 61 51 57 10 14 78 15 42 54 37 6 75 34 55 99 89 76 18 76 74 46 70 0 85 32 56 1 52 50 93 77 56 71 11 94 21 59 66 22 52 25 45 4 50 27 46 76 63 7 31 75 69 65 43 93 6 60 85 28 5 94 38 91 50 56 26 43 60 49 93 58 68 27 9 26 43 94 21 51 75 4 87 44 80 13 73 10 36 88 64 66 63 85 76 83 89 80 95 88 74 17 80 100 44 65 16 62 17 14 62 61 75 10 35 86 2 98 6 60 35 29 54 34 96 25 83 32 27 93 92 2 88 16 25 24 27 51 54 84 89 47 53 49 100 34 10 66 89 75 18 44 66 39 68 86 21 69 22 25 78 53 38 0 22 61 92 95 42 55 81 56 33 44 92 35 91 33 35 80 12 66 
31 35 20 16 74 98 97 85 22 35 41 59 5 47 59 25 45 16 25 100 16 39 51 79 63 96 99 78 83 28 40 58 86 57 73 66 51 35 93 77 29 39 99 36 10 24 74 1 4 48 59 13 56 56 1 78 94 83 30 22 16 87 59 70 1 20 62 93 65 1 57 6 7 89 54 95 90 35 5 41 53 48 61 66 40 40 9 71 23 74 12 33 31 32 15 11 23 49 43 57 56 24 54 2 45 55 89 78 41 94 21 7 32 73 90 98 19 38 92 3 35 65 97 92 93 55 51 99 53 73 74 85 80 74 69 21 32 40 47 34 88 67 52 53 54 77 95 100 35 100 67 15 68 39 57 87 28 66 19 25 20 51 27 83 78 91 4 44 83 66 67 26 4 49 72 2 61 7 6 91 45 10 53 97 52 26 86 54 32 44 15 16 17 5 36 68 80 51 73 51 27 71 66 18 37 48 67 18 15 15 26 70 84 1 11 29 46 32 61 30 46 8 84 28 56 47 48 33 35 62 82 15 63 69 36 88 70 46 94 81 98 65 67 24 59 76 2 42 91 95 49 57 97 96 62 79 60 60 37 46 25 39 6 13 76 77 6 93 23 64 4 82 33 92 49 78 12 75 92 68 75 41 34 78 3 80 100 48 28 99 1 77 31 51 34 78 48 93 69 66 30 71 50 45 71 51 24 29 43 35 40 64 71 33 63 42 93 24 39 81 60 94 7 34 60 7 42 54 0 88 11 39 58 75 85 60 92 96 58 35 71 80 50 3 92 30 12 88 37 29 96 48 69 78 66 98 35 32 44 78 72 33 36 60 47 74 77 84 90 13 87 92 41 34 67 85 5 43 25 18 11 43 11 3 25 56 3 36 90 81 41 51 4 75 62 5 43 60 85 3 
54 63 78 64 15 78 51 42 63 15 80 21 9 28 100 99 21 54 87 23 60 95 33 88 31 6 9 62 26 56 97 95 29 98 83 29 47 91 48 23 33 14 99 85 14 10 44 81 25 6 63 33 40 63 24 7 84 23 55 90 17 89 0 24 39 27 82 66 0 70 100 72 2 84 97 12 96 93 23 82 44 54 58 32 35 24 10 7 46 88 100 5 62 8 32 30 20 73 75 37 7 35 62 43 99 74 64 27 47 51 55 82 98 22 11 23 83 20 6 17 16 70 3 20 66 27 90 63 55 99 46 91 3 47 1 72 5 44 1 45 93 39 1 60 43 94 18 83 71 41 63 68 22 82 18 22 97 57 45 88 76 96 73 79 100 84 26 52 9 49 72 30 22 82 61 95 1 91 28 0 48 81 96 28 68 60 85 31 19 30 52 22 87 69 2 99 34 50 56 40 54 12 60 41 31 39 8 92 70 24 65 81 62 55 18 24 12 68 10 54 80 21 88 63 20 25 89 22 64 53 47 22 25 14 50 47 99 41 66 16 3 53 86 48 93 92 16 31 32 94 97 44 64 94 56 23 86 45 37 48 10 33 30 13 93 30 27 54 51 45 84 21 77 67 54 24 39 50 100 25 15 49 30 85 81 75 43 20 32 51 7 36 44 48 39 94 8 68 49 44 98 6 18 90 57 88 0 3 23 67 78 4 97 61 55 15 36 87 40 86 6 1 70 92 68 39 74 27 32 13 45 72 11 99 12 53 77 0 66 70 71 58 0 41 19 23 3 39 55 75 74 73 54 21 72 55 15 80 41 68 1 86 81 72 91 16 3 45 74 35 49 39 65 87 68 75 64 41 18 8 8 55 48 20 1 72 86 61 42 58 28 1 8 66 80 58 80 37 73 4 
66 75 11 88 50 96 61 95 60 29 35 7 68 22 86 7 85 0 22 50 26 34 67 38 69 35 45 31 92 34 33 5 76 93 10 26 94 75 62 68 27 10 46 55 28 100 14 33 13 56 12 100 62 13 94 55 11 67 64 21 43 9 38 38 34 96 30 94 93 47 97 24 72 85 84 61 69 45 51 31 6 90 76 28 35 36 16 96 42 76 71 95 41 15 9 34 46 15 56 49 84 38 11 1 11 21 25 21 96 11 41 64 31 90 0 55 53 25 15 96 79 61 100 44 25 30 1 26 79 37 50 59 67 28 82 15 78 24 9 6 6 14 87 29 73 63 34 12 22 54 12 91 48 65 79 1 71 86 56 41 86 61 37 62 24 60 13 56 3 74 89 49 100 76 66 65 24 4 80 91 93 46 98 86 90 29 62 30 76 87 27 58 74 92 98 28 36 47 23 81 6 41 48 79 26 43 9 62 67 19 20 2 88 68 29 42 34 69 42 7 48 14 16 19 78 14 45 90 59 77 60 32 26 24 47 33 77 3 71 56 94 4 33 10 50 4 97 16 28 100 86 57 2 41 28 40 86 24 87 94 77 52 17 50 47 65 68 70 81 48 8 3 9 46 96 75 61 52 37 41 31 44 25 9 84 27 10 65 83 44 49 24 82 24 7 95 71 10 1 1 77 3 73 15 25 54 69 42 22 21 54 24 59 92 95 94 84 78 82 35 24 56 2 53 51 83 8 21 9 90 4 0 13 31 50 1 77 3 68 12 81 32 35 64 78 8 11 45 71 18 33 9 15 93 23 95 46 60 71 71 6 13 100 28 48 85 95 47 26 74 23 41 3 49 99 81 80 2 46 34 30 27 80 100 38 43 82 88 1 9 51 2 11 8 85 34 30 14 76 2 
87 22 7 91 42 75 98 96 91 25 80 40 69 75 36 34 64 11 100 16 27 34 97 73 47 58 71 86 20 21 69 40 21 24 22 25 84 89 12 7 34 2 18 18 23 97 91 21 39 63 73 99 61 43 60 6 51 49 60 88 3 64 68 99 49 46 70 10 89 8 71 35 86 30 10 85 77 32 21 62 20 27 80 9 59 61 0 89 48 75 16 77 97 74 78 69 35 99 44 40 88 0 59 62 94 41 84 86 6 62 27 63 91 0 82 75 15 22 54 0 29 67 59 31 11 71 33 68 50 52 92 78 18 100 82 0 51 22 10 49 70 78 54 21 31 41 53 86 2 71 90 47 54 90 28 28 33 81 21 63 60 31 83 41 73 89 65 89 66 34 47 31 68 57 46 24 76 97 84 47 14 1 61 4 40 99 54 35 3 49 53 39 3 74 45 6 62 78 60 19 96 42 19 74 68 62 67 30 87 3 39 90 33 25 49 86 37 83 2 54 11 74 63 57 84 76 24 8 13 19 45 12 78 14 81 14 36 68 71 2 12 33 59 78 44 67 15 67 23 71 63 65 99 79 86 2 50 70 78 98 99 28 77 21 94 35 30 45 94 27 6 86 87 62 72 25 44 71 9 49 70 89 86 32 69 48 2 57 15 55 58 61 27 8 8 86 3 24 1 43 36 63 46 53 11 72 16 99 96 11 48 21 25 43 25 61 21 3 59 40 56 8 36 35 46 78 25 38 25 97 95 46 43 72 76 75 86 78 25 21 61 2 80 71 31 61 95 51 87 93 71 78 63 17 41 83 16 16 34 32 43 58 76 8 19 7 70 81 93 68 2 47 84 44 31 50 96 6 40 18 4 34 63 79 100 55 98 14 75 17 49 83 38 90 21 31 12 40 17 36 
23 5 22 3 21 31 42 47 89 23 31 80 31 38 5 61 11 60 94 75 53 47 18 4 76 15 13 41 11 71 46 20 26 5 59 79 50 2 81 34 27 99 15 48 23 3 34 37 47 35 72 7 54 69 74 97 66 75 22 2 91 32 55 21 67 77 82 4 86 6 44 90 0 72 61 43 66 85 36 52 84 73 50 51 76 95 97 9 15 74 28 52 6 54 51 35 10 94 27 27 80 15 60 73 11 12 23 95 95 33 30 1 55 71 91 61 84 78 29 34 61 85 12 42 48 63 66 86 61 46 93 50 15 37 92 67 77 71 90 68 74 16 76 87 54 34 82 2 68 16 61 64 88 44 26 58 13 58 92 25 28 92 71 74 23 78 53 18 80 64 15 21 31 8 11 49 33 0 88 62 98 83 89 92 63 37 79 16 92 11 90 39 1 16 8 95 98 73 23 40 26 86 67 93 58 78 24 73 44 7 9 12 39 57 88 18 41 68 99 9 25 90 66 9 8 84 10 46 60 86 78 15 81 84 61 42 63 19 24 62 67 21 29 69 59 88 24 7 15 44 37 92 28 85 54 39 84 58 46 81 24 6 17 38 17 28 23 42 24 14 41 57 79 1 67 62 10 19 79 66 63 53 40 47 49 24 77 51 2 39 8 78 17 30 64 80 85 56 97 11 72 31 98 51 35 28 77 2 72 68 31 51 64 35 88 40 46 92 17 41 69 51 61 72 70 41 69 16 0 12 49 70 49 79 8 13 4 99 90 0 51 42 31 61 84 54 43 87 4 50 55 50 45 90 2 64 87 19 2 83 14 44 78 32 99 48 76 17 11 52 85 93 46 11 97 2 30 74 26 25 82 42 60 50 22 67 100 47 28 91 2 84 16 49 82 64 47 48 20 24 
15 3 30 36 79 92 74 80 11 36 87 10 95 51 11 96 10 27 95 28 87 34 33 13 9 25 14 67 7 3 74 7 25 1 30 30 78 4 18 21 57 1 58 99 87 52 76 93 36 23 26 55 72 84 57 50 92 89 48 52 52 32 53 67 96 55 50 5 73 65 67 7 64 34 78 9 39 13 34 22 11 9 94 75 72 19 12 40 87 44 85 30 71 61 49 30 79 78 27 91 68 15 96 56 7 28 4 69 23 11 77 85 9 22 11 98 51 60 57 5 91 57 62 45 86 79 44 52 34 28 94 67 44 54 59 41 27 79 81 35 97 0 67 5 32 88 4 40 82 52 71 33 50 17 41 86 58 47 48 83 44 32 79 7 40 77 80 31 100 72 27 35 83 6 23 18 10 53 8 62 94 48 58 53 30 66 79 4 95 43 22 97 81 86 10 82 73 90 50 12 83 96 54 87 69 99 32 79 82 88 97 40 38 71 7 25 55 89 38 79 62 35 54 44 51 2 29 55 7 64 20 95 18 2 85 92 87 9 9 16 39 75 54 64 82 84 43 35 37 21 40 28 96 56 6 75 4 53 100 10 24 30 58 66 16 37 75 88 68 99 73 19 7 46 32 22 18 7 69 39 21 86 82 29 33 78 26 16 96 96 32 52 13 78 31 90 2 17 91 84 87 78 24 33 99 44 28 91 84 65 8 58 91 3 97 41 33 60 61 90 7 82 34 90 93 97 92 88 13 100 98 1 81 52 49 26 82 17 2 86 46 3 95 75 23 34 48 61 14 61 2 29 85 93 39 79 68 75 76 10 85 96 9 5 39 93 93 35 56 53 34 63 23 14 57 46 85 33 97 38 86 37 20 63 70 11 24 0 79 77 84 1 79 2 77 7 14 97 25 58 
87 16 76 78 4 96 13 13 45 9 37 49 26 29 80 21 24 96 2 56 26 47 92 50 66 62 44 82 49 10 11 68 47 79 63 58 75 66 21 42 46 100 30 28 6 21 58 90 17 77 51 36 16 52 67 7 25 35 31 6 76 79 45 64 21 77 79 90 43 52 43 85 45 31 79 27 0 98 67 76 16 34 72 82 2 77 56 65 82 37 50 36 90 7 100 75 39 90 96 82 66 18 7 7 72 16 61 19 26 26 55 5 29 20 65 75 90 14 1 12 84 84 6 7 21 63 78 68 45 97 95 15 40 30 36 91 34 32 99 46 94 2 20 16 15 54 25 30 45 26 75 39 79 97 83 52 20 100 50 55 24 36 29 28 10 15 15 32 20 24 9 91 13 13 0 74 57 4 85 92 75 91 66 90 63 18 20 50 25 16 67 59 9 98 84 25 89 4 99 1 68 20 37 93 41 69 87 38 16 67 22 88 86 71 41 55 25 29 13 51 83 47 33 7 95 83 43 49 8 70 13 36 87 67 59 79 66 54 8 24 79 64 70 94 68 67 3 76 51 5 98 1 3 34 46 77 51 5 67 37 46 17 59 31 26 70 1 87 93 42 71 75 100 87 16 32 94 63 53 0 75 73 95 19 30 86 98 22 10 14 44 33 37 4 15 76 69 85 70 29 57 81 10 94 3 53 9 10 92 4 15 66 13 25 34 35 78 26 31 99 79 27 21 57 4 37 34 86 85 13 79 77 0 45 14 60 31 97 82 81 39 3 71 22 81 71 20 39 93 48 64 57 63 40 44 94 29 4 60 14 93 30 74 33 18 26 85 5 18 46 3 24 51 66 91 8 79 95 95 16 94 42 23 84 13 19 17 96 53 76 99 31 99 65 96 10 63 51 47 93 
70 58 49 38 66 54 76 70 34 81 89 97 96 24 70 19 66 66 99 66 39 22 30 24 14 40 59 40 85 71 43 10 70 13 9 87 16 45 57 62 64 40 27 25 65 13 63 44 32 53 29 36 2 12 69 80 51 79 44 86 10 83 37 88 6 86 28 52 46 95 42 56 11 64 61 39 62 88 14 17 0 98 57 50 77 33 78 25 43 27 71 94 9 4 11 20 87 86 36 52 49 81 18 69 19 21 32 83 30 83 84 65 34 8 20 39 52 100 94 86 55 56 25 61 51 89 0 69 23 22 4 19 3 45 21 57 53 80 50 84 83 38 88 77 54 96 49 38 9 34 70 82 62 98 8 37 79 40 13 6 1 9 20 41 34 22 16 22 67 26 60 54 58 41 20 45 67 37 94 88 74 78 74 15 48 0 97 58 89 15 54 59 91 3 92 26 7 45 68 17 59 86 88 47 42 86 38 96 45 53 36 44 23 22 78 18 52 85 20 75 20 64 64 52 12 94 46 28 28 33 62 61 0 89 74 76 76 59 95 63 11 23 31 95 7 11 14 80 90 2 31 34 75 82 40 28 9 15 36 73 4 34 15 69 21 20 76 28 78 40 4 63 6 1 24 57 79 51 0 27 48 23 7 66 47 82 55 9 1 39 16 3 15 3 95 27 97 39 92 71 77 16 56 79 37 72 50 80 30 47 96 2 14 31 93 8 65 95 81 22 50 66 57 79 84 25 60 98 0 56 37 1 93 55 71 98 59 91 68 88 97 6 67 5 67 12 86 15 95 92 74 25 90 17 27 37 63 26 79 16 75 7 66 77 85 18 93 46 81 56 36 38 20 66 80 90 64 35 95 39 76 76 40 48 57 92 8 11 36 2 74 69 14 44 42 86 60 12 9 44 
76 24 18 54 96 64 72 78 82 12 24 84 94 99 75 19 23 64 97 55 32 31 63 84 12 35 58 76 99 4 80 37 31 91 2 8 0 32 65 76 57 81 66 46 42 71 36 42 91 77 78 56 50 56 3 60 41 59 40 39 39 9 25 57 42 84 60 84 1 56 44 67 37 88 73 67 83 83 58 32 0 49 80 71 67 49 44 95 36 30 24 48 9 81 28 11 57 52 19 1 29 51 46 57 18 6 83 77 80 63 91 57 78 88 92 16 63 25 53 34 27 10 91 32 6 9 8 78 53 49 24 74 69 31 55 16 25 96 93 61 37 52 7 30 22 25 20 27 99 85 43 29 98 27 72 97 69 48 37 12 23 28 87 40 67 6 2 68 56 56 19 38 48 53 53 9 82 63 57 90 82 48 92 80 65 49 9 35 15 47 32 47 98 48 74 55 47 62 96 51 12 99 90 0 40 5 52 25 23 24 63 17 64 87 49 42 21 91 7 57 8 9 16 12 69 65 49 100 83 65 81 48 54 28 28 50 66 87 55 63 42 13 51 5 82 15 69 20 76 83 81 16 57 97 17 36 40 78 65 4 93 76 38 89 66 37 0 92 15 24 19 72 44 2 77 75 61 27 38 44 98 48 35 99 76 82 88 35 26 15 71 66 45 50 70 24 4 83 0 62 75 80 69 31 33 10 69 72 26 66 100 42 99 89 83 4 23 17 81 22 74 96 45 39 50 5 5 34 7 83 47 30 46 86 42 81 47 58 12 30 23 23 86 21 41 100 68 0 7 78 14 50 47 34 22 40 30 6 70 50 71 59 100 33 15 5 18 77 68 99 65 74 68 31 86 17 56 26 46 4 100 73 99 71 47 88 11 22 8 28 13 7 66 50 15 28 45 46 15 34 
24 11 14 34 31 27 32 38 13 90 6 71 29 21 11 93 83 66 44 11 82 19 83 31 12 53 32 35 34 91 72 88 63 83 100 11 3 28 19 97 83 47 71 24 31 59 13 95 42 44 76 87 14 0 62 58 33 34 61 14 13 35 45 39 36 63 31 43 15 70 16 25 8 16 53 90 83 33 87 95 71 22 85 62 85 33 23 91 97 90 43 84 36 91 9 6 40 64 32 80 25 17 82 100 90 47 27 35 72 7 86 85 10 93 76 68 46 49 8 46 83 8 50 55 42 21 55 12 14 74 34 95 84 62 95 14 91 48 100 26 7 28 23 50 78 83 71 1 77 90 14 93 35 0 85 56 34 19 52 93 21 53 36 13 46 67 92 27 69 39 83 25 66 92 39 22 57 33 46 30 0 56 69 91 33 13 10 95 86 7 90 18 46 41 68 34 26 39 48 80 48 52 90 1 53 12 8 99 73 66 13 56 19 33 59 27 57 61 11 18 100 66 26 97 78 11 10 56 17 75 7 5 91 98 47 2 22 5 5 47 36 26 15 49 67 80 8 36 10 74 19 7 29 0 62 66 37 20 38 50 91 59 0 35 17 43 64 42 93 92 40 12 4 13 9 0 16 88 42 83 99 15 2 51 12 98 42 19 16 2 13 54 12 11 59 67 77 96 89 29 9 8 40 86 84 32 13 58 9 37 40 63 54 97 99 37 95 10 37 33 14 67 11 75 11 73 63 54 16 50 98 38 32 71 66 40 17 38 28 59 66 90 99 60 66 6 2 83 10 94 68 31 20 97 89 87 86 59 88 19 73 53 34 60 82 91 46 46 18 29 70 44 44 89 56 4 79 8 8 69 52 89 15 81 17 55 27 76 63 25 66 8 3 26 40 44 77 41 71 52 
12 62 66 35 25 60 32 83 9 48 7 98 51 22 32 64 22 89 22 91 32 61 96 44 59 37 61 39 15 71 10 75 65 65 42 6 37 51 43 76 72 74 43 55 67 2 34 67 1 6 40 49 72 6 78 24 20 3 15 55 92 31 92 10 31 94 18 64 87 99 33 40 18 86 44 91 85 7 93 50 65 72 42 7 39 25 4 35 36 67 1 67 21 16 71 88 29 87 89 47 50 14 33 20 19 62 94 92 34 18 89 23 57 76 92 92 53 21 9 62 52 71 29 96 65 64 30 14 40 72 17 2 39 13 59 83 23 29 1 90 45 32 81 20 96 83 83 99 47 4 33 2 24 98 75 74 73 83 1 50 42 18 32 97 77 61 61 79 19 37 2 23 82 4 9 22 71 76 11 60 59 3 56 3 22 1 1 41 45 95 46 32 92 21 81 34 99 29 51 13 52 33 88 33 94 55 10 54 5 89 30 67 100 44 78 81 77 87 17 11 28 95 78 37 90 34 8 40 41 80 35 16 77 18 35 0 70 98 80 97 70 22 92 16 55 46 19 62 63 92 16 8 47 25 34 19 53 92 34 48 70 30 72 0 78 48 33 49 43 49 16 26 80 8 63 30 37 95 76 50 27 19 81 65 15 3 12 81 86 29 13 9 25 41 77 44 94 30 85 87 55 17 78 99 55 31 93 18 42 95 91 14 1 92 62 46 8 58 94 43 36 90 62 20 47 82 6 43 94 47 81 13 21 11 25 46 13 81 83 94 77 7 40 59 13 46 16 49 1 37 59 74 54 67 14 56 49 2 44 36 29 7 49 59 62 34 39 28 33 99 43 92 15 92 94 0 95 7 31 95 91 60 58 0 91 32 70 59 73 38 36 31 5 75 22 16 95 77 27 10 
50 27 69 72 35 98 82 40 43 29 54 43 96 84 48 33 53 16 16 99 67 16 37 94 24 86 8 91 62 11 56 37 99 79 41 56 89 8 68 28 67 89 71 62 75 17 39 4 31 13 61 48 65 63 28 18 90 59 67 55 18 85 72 18 78 69 49 86 42 6 36 24 93 11 47 82 1 70 27 76 19 74 84 39 33 23 53 99 50 64 69 86 56 67 41 31 75 11 78 38 22 68 37 7 42 6 83 74 6 16 35 77 46 20 73 30 64 25 88 91 31 79 37 31 47 2 42 36 16 76 76 34 19 76 75 63 21 20 28 92 12 28 74 33 58 61 47 18 97 56 59 44 8 71 8 24 93 46 5 51 89 86 64 64 15 45 54 66 65 12 86 93 59 19 41 56 26 81 24 19 45 82 36 78 0 74 33 58 50 19 65 29 95 76 86 15 23 51 14 73 83 90 12 57 79 99 59 38 7 62 67 67 74 50 37 62 5 32 59 64 96 0 14 70 94 65 6 59 53 33 47 84 4 53 59 33 36 0 42 24 22 96 91 23 77 36 8 88 89 93 95 5 4 55 49 74 80 86 96 77 30 69 34 39 54 39 10 67 43 46 37 61 14 65 27 5 70 100 87 99 61 48 1 62 53 72 73 57 39 1 72 68 21 19 67 97 86 45 77 24 11 83 34 63 27 49 31 69 68 91 16 9 31 12 16 8 66 95 98 19 72 36 10 34 61 41 3 85 80 13 35 49 99 26 20 97 48 65 67 70 13 17 60 39 71 95 65 92 71 28 43 80 25 58 12 60 97 35 97 77 8 32 91 15 76 8 22 21 52 78 100 17 9 1 56 23 82 30 79 70 57 23 64 9 75 78 25 79 26 98 53 53 69 83 88 43 80 88 100 99 
74 17 74 91 86 64 50 74 94 1 72 78 47 32 31 95 98 94 30 43 29 52 86 59 42 48 79 96 51 91 93 10 1 11 70 38 100 45 28 12 49 14 67 39 2 2 27 25 94 16 0 62 11 27 19 3 3 6 26 13 25 29 42 80 81 21 42 6 27 57 45 60 38 25 63 37 10 2 28 62 80 99 96 97 55 42 52 65 1 5 76 89 69 33 14 19 29 38 51 1 69 99 89 31 44 83 56 70 8 73 11 54 0 94 12 98 49 63 57 72 61 61 18 89 54 67 8 28 9 76 43 37 68 98 66 76 70 64 56 50 89 12 53 33 5 59 67 53 41 74 69 86 59 53 57 44 68 97 24 20 99 57 98 20 32 81 17 83 29 18 89 55 65 92 45 80 1 30 91 22 7 40 50 1 2 38 61 28 9 83 88 79 42 88 100 3 34 3 18 2 79 15 94 96 49 39 72 90 75 73 14 25 24 6 48 50 61 5 100 59 15 63 99 2 24 49 0 3 92 66 5 74 7 58 67 37 68 89 47 90 35 38 12 83 95 71 69 96 1 52 42 27 79 77 91 88 46 32 69 0 45 26 6 37 97 64 30 39 88 39 28 97 12 61 9 56 67 72 99 30 65 86 51 36 83 64 43 67 44 66 52 45 50 64 28 37 98 70 12 79 4 33 61 62 74 20 74 23 42 100 97 90 85 81 34 90 7 73 0 36 14 95 97 94 4 84 27 86 57 91 85 1 52 61 68 68 70 25 83 24 14 38 43 67 2 31 94 32 35 35 78 43 41 54 54 93 64 23 42 4 25 14 42 71 63 32 43 24 67 71 73 62 33 76 61 69 17 37 89 1 2 6 76 42 100 98 97 78 2 52 91 39 49 89 52 88 76 89 73 75 
50 13 66 80 22 37 96 17 42 77 27 68 27 16 71 65 2 42 61 60 21 81 0 0 22 54 67 16 51 13 42 29 96 89 9 58 20 86 17 26 15 53 67 68 72 29 81 92 67 48 4 92 44 19 74 69 32 99 27 1 50 86 3 33 69 82 38 79 41 54 92 16 53 54 90 15 55 54 9 80 28 70 23 32 8 22 18 62 60 20 86 44 55 21 84 82 28 61 92 26 76 96 16 27 74 29 65 61 5 41 15 54 62 92 15 1 46 11 7 43 77 45 5 38 48 38 83 82 17 20 80 32 3 5 9 96 60 66 4 50 32 84 75 29 42 20 97 32 57 88 52 47 43 90 25 13 19 95 81 13 79 7 33 88 0 44 29 16 19 93 59 4 97 35 42 73 12 60 36 44 69 45 53 26 49 68 12 52 49 44 15 55 71 69 67 41 21 22 47 43 57 61 27 10 60 90 17 79 67 37 25 57 52 10 43 4 72 0 79 78 31 83 17 100 26 12 78 60 5 60 38 69 32 13 51 73 58 61 68 70 84 78 50 37 95 24 18 70 29 81 57 54 97 7 65 52 85 80 40 10 31 74 70 76 79 65 54 16 80 29 12 55 32 82 89 31 94 13 20 80 90 63 93 21 48 72 34 27 40 39 48 4 80 51 88 1 71 76 65 74 81 74 85 97 67 67 49 52 9 17 16 17 15 47 11 77 54 30 0 55 77 11 47 55 28 17 79 18 24 42 41 15 64 12 65 64 100 63 44 16 31 64 17 11 89 8 70 54 64 91 77 33 6 83 87 11 35 23 36 100 23 9 92 95 68 32 19 69 94 78 55 57 94 64 41 4 46 69 87 26 66 28 43 27 3 92 11 36 71 42 81 15 99 13 44 57 97 46 23 99 
67 93 13 12 32 85 79 58 40 70 83 18 10 42 53 38 22 56 40 74 71 95 19 32 10 19 70 100 48 28 67 87 15 24 43 22 68 46 89 38 54 78 28 66 82 39 62 18 66 93 75 18 90 44 67 12 71 92 47 52 91 19 50 2 74 72 97 18 51 58 95 35 48 86 100 62 85 62 26 94 42 12 82 52 89 16 6 24 4 30 31 49 80 71 82 100 47 93 100 26 83 8 67 49 91 5 54 18 41 71 86 17 31 68 11 97 80 75 84 83 90 85 26 77 51 64 61 34 17 71 52 31 73 11 59 62 30 57 4 10 25 24 95 88 71 60 92 57 54 40 24 49 77 82 85 75 90 68 69 32 88 55 58 73 68 20 25 7 28 0 12 11 77 23 0 0 86 38 91 73 67 34 87 60 33 16 24 76 27 69 78 29 7 23 100 65 69 63 16 45 79 47 21 1 27 66 18 87 53 13 55 62 73 36 17 12 3 26 30 32 1 68 29 72 14 53 60 31 6 93 40 33 74 5 27 7 16 54 36 45 74 65 14 85 64 44 49 33 17 53 15 56 65 39 32 8 44 54 72 42 16 48 1 61 60 88 53 21 99 44 4 26 37 28 86 52 72 54 41 9 84 21 27 65 84 90 77 66 52 9 19 0 14 69 38 49 27 60 7 77 21 54 71 85 83 32 83 26 97 30 71 13 78 65 25 0 62 80 23 19 75 20 54 90 33 11 91 88 72 57 71 56 64 62 88 4 94 47 70 29 9 68 70 38 79 74 66 27 3 61 83 10 78 16 35 84 95 22 81 100 59 60 51 8 21 66 6 3 88 22 66 52 42 48 28 1 32 14 23 20 54 57 35 98 55 11 80 26 70 73 78 68 17 80 7 53 79 43 40 5 
69 74 92 93 77 13 26 72 30 97 0 27 97 29 22 76 81 55 2 56 50 73 29 92 83 88 46 78 14 37 35 48 56 35 50 82 32 64 96 47 37 98 23 69 85 95 74 22 22 75 74 74 6 16 96 23 43 6 29 80 25 7 30 96 45 5 51 60 31 36 3 63 20 58 64 97 40 21 89 86 73 3 97 27 2 88 22 34 31 97 8 75 88 87 91 94 13 31 88 71 80 33 98 56 35 86 37 3 97 86 64 82 30 57 24 62 47 8 96 63 13 11 95 81 75 59 30 31 7 83 4 86 42 54 59 30 59 86 47 95 12 6 85 28 5 46 3 62 15 36 25 99 96 61 36 99 74 66 31 28 26 50 98 32 56 60 31 16 83 39 2 89 84 64 78 30 80 36 2 24 12 47 2 86 82 60 38 33 93 38 88 0 91 23 54 55 62 69 53 23 38 74 59 37 17 46 91 98 65 84 14 32 49 90 74 50 52 62 94 27 25 29 14 83 43 20 95 76 91 79 73 43 42 76 50 38 95 9 90 28 4 45 87 80 26 68 91 96 14 93 88 66 10 12 25 32 64 10 50 62 27 9 84 81 79 90 73 74 19 79 67 40 51 98 90 69 98 85 95 90 79 21 98 82 100 36 8 66 42 5 68 69 100 49 66 57 2 95 30 32 67 78 51 99 81 42 78 2 83 0 12 59 49 96 52 42 29 37 67 34 71 31 93 38 69 71 26 11 100 38 71 70 72 53 22 77 78 71 54 0 83 87 73 32 48 15 46 96 93 62 60 21 21 64 79 70 16 3 52 3 26 25 30 92 8 60 56 43 77 13 74 56 2 100 59 73 89 41 52 71 99 72 91 76 72 1 31 68 31 36 77 41 76 7 6 64 49 61 19 6 
86 34 25 1 23 93 28 29 42 98 53 15 1 36 94 34 31 25 27 97 27 83 86 55 78 78 50 71 16 38 72 93 81 75 60 7 54 5 93 17 83 52 22 23 55 76 5 97 69 34 71 84 47 51 14 43 83 0 0 81 22 69 99 90 94 43 35 60 67 27 54 25 63 6 83 78 76 7 83 73 70 67 98 100 48 9 30 50 15 45 4 25 71 3 4 7 32 10 67 57 48 83 83 68 41 94 19 40 97 86 7 70 37 17 62 70 92 16 91 51 3 69 10 51 30 2 74 26 40 20 13 35 49 83 37 73 61 57 7 21 2 22 24 3 58 73 63 26 9 15 79 99 85 34 63 56 91 24 81 62 87 40 93 60 61 24 13 96 53 58 25 91 67 17 96 98 45 8 2 49 93 92 13 64 41 27 52 90 71 54 46 74 83 19 7 3 26 69 43 99 89 73 86 74 67 63 29 59 43 42 73 19 83 42 59 65 77 20 31 71 57 97 46 29 50 13 96 64 36 89 30 33 31 73 77 82 60 66 30 47 96 29 51 78 12 0 65 20 44 45 81 28 73 55 15 49 95 27 2 88 55 17 17 68 35 54 43 66 80 70 4 92 45 76 100 38 32 56 64 89 32 36 68 27 46 90 2 80 33 5 89 59 2 57 5 55 16 65 41 33 41 48 93 95 27 81 56 93 75 100 45 7 54 62 27 59 47 74 51 22 49 77 6 98 18 79 73 75 15 3 78 37 57 15 92 21 100 77 25 40 39 59 84 4 6 45 26 8 62 19 0 11 91 56 70 84 6 92 57 30 2 32 0 88 48 78 2 74 56 78 41 47 34 89 95 54 0 20 84 13 29 32 39 0 14 65 61 23 22 83 72 26 64 72 53 83 10 7 15 7 
8 51 0 6 99 75 41 47 42 8 4 10 45 71 34 81 61 45 8 89 73 56 12 66 16 93 97 25 66 36 12 64 1 37 6 31 23 39 12 82 39 83 71 77 74 86 51 85 31 29 48 81 92 87 69 43 43 66 84 90 21 25 90 13 20 6 86 58 72 65 35 32 83 81 26 82 51 8 37 97 83 39 50 7 33 61 45 70 76 36 64 90 28 12 97 58 20 45 69 26 92 13 65 78 73 28 15 91 17 39 41 26 38 22 54 70 9 0 48 47 83 87 53 86 50 25 76 83 2 52 78 36 12 34 78 59 79 58 31 35 1 97 43 5 27 57 10 55 53 79 31 96 28 95 72 58 14 51 4 4 51 90 27 42 5 77 3 84 36 8 40 92 89 71 13 55 95 0 80 62 50 95 92 6 87 31 97 23 60 11 84 54 43 74 82 83 54 72 62 40 84 23 98 92 91 47 38 58 30 27 44 29 23 26 73 94 80 59 56 56 79 92 95 99 32 100 37 25 95 14 20 94 75 95 30 59 72 70 18 54 69 3 42 47 78 26 83 68 24 45 53 44 19 18 10 64 79 46 68 14 77 96 71 43 8 58 0 9 30 67 86 56 70 30 23 25 16 48 14 14 12 30 35 90 35 61 49 86 84 87 46 43 92 15 76 43 47 69 52 39 80 41 33 69 53 98 70 28 51 62 5 46 30 30 24 75 100 46 10 27 39 9 82 3 55 59 82 34 71 32 3 33 56 1 97 41 84 91 24 65 61 85 85 100 80 3 95 65 88 56 1 64 57 28 12 12 41 73 27 100 82 95 38 48 19 84 17 82 68 28 4 59 30 36 100 47 70 64 51 62 4 90 28 48 5 95 49 64 47 51 78 60 56 21 35 19 43 8 67 19 
9 49 100 43 35 78 1 64 57 70 44 29 28 48 7 84 64 51 65 39 78 59 93 68 20 99 15 25 3 89 76 94 87 33 0 7 51 60 20 21 85 64 92 65 61 97 47 76 93 100 82 11 75 90 25 57 0 37 58 65 87 40 50 84 36 35 25 87 59 43 11 7 48 54 0 90 29 32 41 48 27 97 79 69 32 97 78 72 99 92 17 59 79 31 4 36 76 44 78 4 9 10 60 74 72 53 77 60 7 68 70 63 10 47 100 63 46 62 37 64 35 34 94 88 41 51 26 65 43 71 50 85 80 33 49 89 27 1 17 93 20 19 75 27 9 4 42 35 77 99 64 19 1 43 59 80 54 19 53 33 15 19 74 36 71 70 93 67 24 94 24 11 53 61 56 4 60 68 32 30 14 38 14 80 89 38 65 53 64 82 89 86 61 0 43 100 88 60 7 70 90 37 6 33 17 63 18 9 20 61 14 5 42 63 17 23 25 21 19 29 65 39 67 32 79 13 87 61 45 5 83 34 81 44 36 74 93 49 40 16 39 59 40 74 98 100 11 63 26 18 99 19 80 1 61 96 1 3 67 41 94 92 6 81 65 96 68 82 18 63 91 26 33 44 72 98 52 71 4 91 75 7 19 70 23 32 2 70 12 17 86 93 36 12 27 29 13 53 79 94 69 57 68 64 79 61 90 27 70 6 20 60 72 40 89 6 74 4 62 86 82 74 69 84 31 21 62 2 10 19 85 72 94 42 80 64 36 87 81 15 9 36 29 35 86 30 7 30 24 21 66 84 37 76 100 100 50 34 1 83 42 56 1 1 85 4 48 58 12 75 84 55 14 42 63 37 66 14 36 70 34 67 58 47 41 95 46 24 88 82 40 7 65 61 87 60 34 44 76 28 
100 86 14 80 85 67 30 37 84 61 27 9 67 24 77 64 100 15 93 68 82 52 85 15 69 36 41 23 26 28 60 34 43 22 3 34 44 86 69 61 29 14 45 70 24 98 6 68 2 81 97 29 37 19 9 88 35 25 65 52 61 44 74 11 99 63 98 27 75 77 45 94 19 20 16 65 76 96 69 4 97 90 0 35 91 78 19 72 100 17 82 17 74 94 1 12 49 86 100 41 98 45 71 24 65 11 5 9 25 83 25 81 51 40 77 71 1 41 97 75 29 74 38 86 22 85 37 35 89 79 5 50 69 36 86 78 24 2 97 27 39 77 5 24 70 13 63 69 11 56 2 65 0 14 67 67 66 41 12 88 43 90 83 99 99 6 23 21 88 43 79 73 94 83 65 23 4 7 83 100 89 31 12 43 34 47 88 18 43 16 100 37 9 66 30 45 63 33 76 95 17 65 60 63 19 62 87 30 8 94 27 63 95 27 25 84 5 12 43 33 3 25 21 10 51 85 4 28 74 96 99 25 35 56 75 30 58 66 13 13 17 15 51 92 14 51 10 4 8 44 32 67 29 26 34 68 67 98 33 87 80 57 10 97 34 37 10 60 28 19 52 94 23 29 70 66 99 36 13 22 79 65 91 44 59 55 11 27 76 69 72 90 17 75 30 27 14 8 8 43 89 53 63 77 1 68 64 61 31 50 42 52 80 41 56 81 7 53 0 1 96 26 88 24 95 6 70 97 100 60 29 96 76 7 32 96 77 8 60 30 79 72 24 5 90 51 90 45 88 77 74 85 4 61 21 39 19 53 43 62 89 61 72 23 62 58 61 98 38 89 29 8 95 94 49 75 72 1 39 2 68 96 53 14 85 9 4 74 56 83 45 70 88 3 19 74 52 75 5 69 
35 12 69 73 17 39 89 39 83 22 67 34 44 62 19 32 13 61 82 34 34 99 0 99 71 55 55 79 38 61 61 56 81 91 39 14 14 88 8 74 94 19 50 56 31 42 2 39 69 17 78 21 53 34 25 27 25 82 33 34 93 79 67 35 95 84 93 25 29 78 9 53 56 49 76 36 48 34 20 64 59 79 53 97 56 35 90 59 42 5 53 45 3 84 75 26 64 96 17 0 15 28 31 69 43 57 49 99 85 0 84 5 20 99 58 100 26 60 86 18 58 28 81 18 30 51 37 57 78 55 11 84 66 1 35 76 86 85 9 33 43 18 11 13 24 42 0 66 57 52 83 79 48 60 63 67 55 92 84 81 30 46 36 96 15 53 50 96 21 61 45 99 4 15 54 25 91 2 21 3 75 99 64 16 67 30 90 19 97 16 30 76 8 67 34 97 30 42 37 62 36 84 37 49 3 42 87 72 39 66 88 32 82 60 8 64 96 71 11 69 75 8 46 20 86 5 36 39 27 64 18 48 98 35 23 10 92 76 67 73 34 99 35 52 20 100 37 81 81 78 46 2 30 17 87 69 95 70 83 58 13 55 65 81 17 23 3 10 41 23 11 70 35 6 79 36 44 28 52 24 10 10 54 99 95 95 9 9 0 67 72 59 1 92 44 19 97 54 52 18 72 68 64 85 35 55 20 83 72 63 48 34 17 5 74 75 39 43 6 89 43 5 68 90 43 70 85 83 57 30 52 5 43 41 23 52 69 68 97 81 64 4 23 46 52 0 18 74 6 58 93 46 47 18 31 69 47 50 49 4 75 98 88 59 39 24 100 63 91 21 17 54 48 61 54 20 49 31 76 90 93 66 66 62 83 34 76 15 78 25 95 79 65 6 76 83 50 74 95 89 
75 31 4 79 35 85 89 86 74 81 29 42 79 34 81 81 85 63 40 95 82 49 35 43 96 66 90 90 36 12 99 74 88 54 29 52 89 19 90 34 55 15 72 2 37 42 19 93 25 76 19 78 61 23 36 50 40 6 100 86 2 75 62 26 83 90 85 91 44 85 19 90 14 26 64 26 24 90 60 81 73 92 83 26 97 75 12 67 49 95 67 9 17 85 8 81 13 29 92 40 17 47 35 80 36 30 97 79 86 49 25 51 10 41 48 25 39 97 5 24 30 56 1 61 51 10 97 76 93 90 92 80 39 46 3 50 72 2 55 73 95 19 46 20 4 29 65 22 11 6 46 18 68 85 75 5 87 34 66 8 60 0 30 34 54 73 39 7 30 71 96 73 37 31 8 71 4 94 28 23 81 0 63 50 9 68 68 48 17 8 77 52 81 54 54 28 48 27 39 62 76 41 74 12 46 9 80 41 27 73 59 49 32 39 33 79 35 9 72 39 30 24 66 15 90 98 74 71 26 44 62 96 99 29 78 43 3 81 56 79 91 37 90 92 26 70 82 96 100 24 0 69 95 46 82 75 87 99 21 37 76 18 17 10 90 3 48 21 4 64 78 31 16 63 95 81 4 65 53 42 85 78 64 31 47 86 60 11 9 25 68 24 39 62 59 43 61 59 94 79 6 47 25 30 22 60 87 77 4 44 54 81 42 61 53 0 72 35 58 14 27 34 34 17 21 27 87 91 83 3 7 66 5 85 91 65 57 51 84 44 73 64 76 27 29 4 60 40 8 90 10 74 51 38 33 41 32 66 47 45 22 61 17 57 86 12 15 53 19 77 91 14 34 61 84 82 41 88 60 27 42 75 65 75 66 41 96 69 22 70 91 63 32 85 37 8 9 56 73 2 
17 38 30 99 32 31 7 65 24 21 30 83 30 32 32 8 18 80 96 74 78 18 23 80 78 49 20 44 0 67 53 85 38 53 1 73 53 44 21 17 42 14 80 55 83 84 91 27 13 14 34 82 77 98 86 38 27 59 8 77 21 14 28 97 5 41 2 38 18 11 56 54 60 82 68 14 77 78 14 80 64 19 32 14 73 37 81 59 70 70 59 61 12 96 64 9 12 38 9 69 7 23 41 30 1 82 27 99 82 84 4 29 70 90 22 36 52 23 63 69 86 98 0 80 42 11 31 48 90 83 27 3 87 30 67 6 87 1 38 35 15 36 24 52 71 48 63 37 47 30 24 30 56 46 94 23 52 52 10 83 4 56 14 88 18 33 46 8 3 91 89 67 13 58 20 69 26 81 89 84 30 95 22 72 82 59 97 28 5 5 12 48 40 94 77 41 97 68 98 9 26 27 20 51 13 24 95 56 52 16 16 68 44 71 21 100 38 81 83 72 80 24 6 79 2 67 52 8 34 68 52 76 18 95 34 39 41 12 98 24 91 66 12 1 80 3 60 18 33 90 81 85 44 32 27 1 28 15 7 7 84 34 48 51 21 99 99 11 81 96 2 84 37 53 66 90 65 7 56 92 22 55 84 17 17 38 21 92 65 83 100 65 89 16 61 62 36 19 15 24 11 90 24 100 38 66 64 76 91 25 47 45 55 80 45 91 97 69 100 12 88 46 25 29 100 47 98 71 98 64 55 47 50 82 3 40 1 16 23 49 31 46 84 72 13 18 52 2 88 54 4 90 10 88 98 51 19 44 83 31 99 24 5 39 67 80 44 99 23 30 55 21 37 5 1 92 19 85 42 9 25 56 55 49 26 3 75 5 3 70 18 14 31 38 44 70 88 99 75 36 
60 36 70 8 36 56 48 90 99 82 69 11 56 79 8 1 85 66 83 73 26 25 86 54 81 71 22 21 86 85 66 85 50 56 75 14 78 27 44 81 40 28 58 65 28 84 35 67 44 17 97 81 75 54 62 79 87 4 18 100 70 60 89 84 2 31 46 45 6 75 65 86 85 90 4 51 75 42 81 17 59 42 49 94 6 29 98 96 64 26 65 20 47 58 11 98 9 21 18 6 13 82 58 6 11 26 39 55 51 3 50 0 14 84 45 45 55 7 91 93 45 50 69 43 60 21 18 71 87 14 66 54 89 56 48 13 70 40 97 63 64 76 73 26 70 94 76 8 33 88 99 37 54 55 63 60 25 15 89 8 19 15 23 62 50 24 0 39 58 48 57 59 53 89 49 32 94 75 60 78 4 49 46 15 29 68 66 78 37 49 76 31 18 63 83 75 66 44 22 93 43 47 1 82 31 20 61 2 78 59 41 79 31 31 68 58 87 1 66 32 32 96 26 53 95 20 24 45 98 41 46 43 24 81 41 67 35 55 73 31 95 46 57 97 98 29 7 90 2 94 1 57 71 15 32 68 66 3 28 57 73 34 65 43 24 29 49 0 47 11 60 35 88 98 68 1 84 40 53 23 7 42 86 51 55 62 62 16 81 8 9 13 33 81 58 74 52 17 99 58 18 63 66 84 31 13 70 29 77 32 71 58 83 74 19 96 15 63 88 22 7 72 6 74 31 10 47 64 20 7 30 55 60 58 72 96 13 45 83 43 30 83 6 69 47 70 39 33 2 55 32 12 32 16 77 44 50 59 41 73 19 24 100 34 75 22 84 26 28 86 22 76 11 64 74 55 91 18 51 74 54 30 57 83 52 96 71 86 14 60 79 74 1 6 37 73 90 64 67 62 
12 75 66 78 96 70 45 76 52 35 60 77 83 76 63 80 89 33 92 90 34 24 75 97 11 9 22 31 28 31 49 34 11 85 77 86 83 32 84 54 47 70 35 73 16 39 31 60 72 16 51 28 16 26 97 84 65 81 30 16 33 37 94 53 86 75 43 9 63 33 9 31 97 11 81 53 38 37 7 93 48 86 80 67 39 24 46 55 70 76 68 64 7 26 1 44 71 88 30 44 68 13 6 26 46 12 80 59 16 83 11 28 4 69 30 76 91 6 15 34 71 18 85 73 100 23 38 47 41 16 27 51 73 49 0 55 58 49 80 59 3 15 77 79 75 48 53 16 54 93 65 99 5 21 24 43 0 20 12 60 93 24 26 1 61 39 2 100 98 82 88 51 53 69 25 98 20 32 6 52 76 38 92 74 59 20 15 17 51 78 33 3 94 80 85 29 4 31 32 94 46 83 36 40 61 13 67 97 42 46 89 19 49 66 60 42 77 91 10 77 49 64 28 59 59 29 83 99 90 0 80 94 71 51 78 13 5 23 24 85 69 22 55 32 99 99 2 98 63 15 23 40 61 38 58 100 18 98 75 34 98 88 15 49 1 76 82 23 69 31 82 92 31 85 7 8 99 36 10 10 52 78 69 99 67 8 97 95 47 14 100 85 38 72 7 41 89 77 50 12 57 47 74 3 73 51 31 90 58 94 72 60 100 50 11 39 10 0 51 8 81 99 29 66 47 54 52 28 52 48 53 59 97 67 93 58 59 17 27 95 38 71 54 3 30 100 55 98 19 13 73 8 74 96 75 55 92 57 47 92 23 19 34 7 46 13 36 42 97 76 67 93 45 44 62 50 72 34 17 18 86 64 53 52 69 47 71 68 60 26 38 14 75 90 98 96 81 81 71 5 
55 58 62 21 50 39 27 73 36 43 22 63 36 0 4 25 93 68 38 97 6 17 65 75 100 35 49 19 84 0 26 64 21 1 37 100 29 52 100 65 74 12 76 72 13 15 12 34 80 7 6 23 10 52 96 23 45 40 21 87 89 42 32 27 44 11 87 34 98 20 22 65 58 65 1 58 99 63 75 94 36 42 59 67 64 28 36 93 72 59 25 66 23 19 46 25 53 66 20 5 40 9 44 2 28 52 83 33 77 19 99 95 44 94 84 48 55 69 64 30 76 83 29 58 20 20 67 100 84 26 82 65 66 54 79 57 28 97 42 74 3 23 81 12 45 44 19 28 46 45 72 39 38 2 69 8 83 75 63 77 35 42 22 88 36 7 70 1 2 33 29 81 23 34 4 24 84 49 7 43 87 44 94 60 1 99 99 76 16 10 54 56 61 55 54 2 3 66 57 94 23 82 96 72 55 69 54 13 2 63 11 18 78 4 73 58 98 23 67 72 57 80 36 59 51 7 27 67 3 18 95 1 10 42 14 75 83 63 63 25 66 56 70 11 67 31 74 11 34 0 21 49 33 34 36 32 58 50 63 50 1 73 73 63 20 66 12 84 25 62 92 76 6 100 68 8 13 89 97 67 37 32 65 71 28 54 5 40 34 46 29 36 96 27 40 16 68 66 37 51 97 45 57 77 15 93 47 73 53 8 93 17 17 89 47 23 36 18 4 89 29 72 10 72 59 58 94 85 67 56 1 97 22 1 72 4 59 19 43 25 35 35 27 9 69 28 72 58 65 42 29 95 81 21 9 57 76 96 96 90 34 43 3 62 78 44 77 90 95 45 32 93 98 62 10 87 71 9 11 70 72 83 64 56 99 73 87 65 18 56 84 67 78 41 100 32 79 2 76 94 
65 41 32 14 69 29 40 79 28 94 69 63 61 99 0 19 63 11 50 3 80 25 33 3 87 77 69 54 47 18 70 7 56 72 32 95 60 57 26 17 5 25 46 0 87 69 7 30 90 27 89 74 13 66 93 81 56 38 24 13 12 85 38 77 44 93 48 51 59 85 100 65 25 29 11 32 84 47 20 7 1 8 0 43 60 55 67 70 75 85 58 4 100 39 99 40 87 12 11 93 22 7 0 30 42 48 72 64 74 80 9 40 72 72 34 20 90 24 64 51 86 58 21 8 83 40 50 56 88 82 68 39 43 84 4 65 77 52 12 89 82 82 60 80 57 71 50 15 64 65 69 54 69 1 12 18 24 46 41 12 98 84 17 25 99 41 4 88 4 47 88 68 81 62 95 50 79 91 95 59 65 51 46 75 4 83 14 33 27 24 44 47 69 3 6 18 27 72 40 6 5 21 56 64 82 59 89 97 31 33 20 34 44 26 13 80 17 48 51 10 94 43 93 72 23 96 2 17 91 66 94 57 97 82 3 75 3 61 79 24 64 0 51 97 26 94 67 18 69 80 70 79 34 44 57 86 25 50 62 12 94 70 89 16 17 32 10 53 1 35 8 4 96 17 50 97 38 30 59 38 30 8 81 95 70 53 52 53 35 84 58 8 66 7 72 22 54 18 31 34 48 51 56 41 32 80 46 8 9 29 2 47 3 11 99 50 52 62 21 59 80 98 95 53 68 64 90 83 75 47 53 43 84 17 4 48 60 78 47 54 95 53 73 14 3 57 69 86 74 99 98 1 87 6 67 94 67 20 2 3 47 4 95 86 7 51 11 92 24 65 78 44 37 96 37 75 61 12 28 79 9 14 77 58 17 98 41 39 58 74 47 73 27 16 89 19 40 21 90 12 
22 59 17 98 74 25 60 17 46 48 87 99 10 42 7 93 34 43 85 51 86 37 61 37 54 31 85 1 5 17 91 94 20 87 20 5 89 96 56 3 89 86 10 34 44 35 49 89 81 85 63 59 20 59 39 62 95 28 44 11 43 33 87 63 6 66 50 24 71 16 94 46 54 4 98 66 84 79 88 14 20 33 25 66 0 80 37 25 92 68 92 37 27 12 78 40 25 1 8 1 84 57 14 43 28 89 10 79 29 22 82 26 27 82 88 8 95 46 94 52 11 6 23 19 70 29 99 88 32 63 54 48 22 17 6 84 12 83 81 6 78 84 90 41 99 52 55 5 76 78 97 39 8 96 55 47 33 92 34 98 3 4 2 0 47 46 83 22 5 20 74 88 27 27 48 58 43 12 33 39 38 3 96 90 55 12 70 59 33 48 100 16 49 74 11 85 50 55 7 27 54 15 90 84 5 33 29 60 79 100 35 31 1 22 8 36 10 95 70 13 64 87 72 11 55 20 67 66 66 95 97 77 41 11 37 54 92 15 43 65 82 11 79 34 20 42 65 4 33 78 15 25 36 60 45 3 48 80 84 38 24 65 51 27 72 11 28 48 86 49 90 29 37 26 92 61 51 11 28 42 100 13 68 90 66 4 88 55 32 91 3 31 38 28 36 65 35 45 96 66 46 92 34 44 4 33 87 71 34 5 81 75 33 48 61 41 87 51 7 5 96 9 99 18 89 41 17 67 2 42 61 21 4 37 44 13 15 29 6 33 84 13 64 13 47 30 81 76 37 45 86 70 66 43 53 34 69 50 63 27 60 69 77 10 25 95 9 45 9 14 50 16 38 64 4 57 6 81 21 22 1 11 47 72 52 74 76 21 41 13 12 20 31 86 22 96 22 19 77 88 
73 91 63 0 22 10 72 70 78 48 60 35 88 68 9 100 45 58 33 2 90 43 49 10 68 38 97 46 0 57 2 25 24 42 60 43 34 28 13 81 37 46 13 90 63 74 90 9 8 23 83 38 75 41 14 12 4 29 42 42 36 81 12 62 78 14 46 85 83 46 71 68 30 19 85 77 77 27 24 24 76 77 26 50 70 65 50 62 11 6 81 57 52 40 46 15 55 23 78 82 59 92 64 82 61 100 29 38 15 60 85 38 31 8 27 39 35 80 26 46 95 65 75 99 32 59 17 85 16 66 91 63 1 63 94 26 94 83 6 24 40 82 12 8 83 53 60 89 8 46 22 30 32 35 35 5 76 14 71 28 56 49 17 79 59 41 42 34 77 41 47 84 79 25 2 70 78 17 5 97 4 68 29 31 60 40 67 69 22 53 32 34 65 41 47 72 7 50 64 85 55 57 42 3 2 58 74 14 68 22 64 45 34 95 66 8 4 98 89 99 49 6 72 41 71 76 98 57 24 42 11 25 20 85 85 13 3 71 70 58 65 100 76 84 89 90 90 65 78 0 13 85 59 75 24 13 82 39 18 23 14 28 94 94 83 81 61 22 34 4 96 52 56 27 40 55 58 12 55 41 8 16 100 23 33 73 72 67 64 77 33 27 30 19 26 86 2 60 21 70 33 21 87 33 58 81 60 7 42 88 61 8 31 48 84 17 84 9 43 25 29 1 93 0 67 62 89 35 25 42 17 65 9 0 50 97 6 23 83 17 95 65 42 61 65 17 98 42 26 6 62 49 64 63 59 22 5 28 82 50 67 6 58 41 84 7 93 99 3 91 71 54 0 40 56 84 76 97 12 81 26 12 18 12 43 76 15 73 95 93 38 67 29 37 38 27 6 2 11 68 
21 35 60 60 19 88 89 63 34 92 1 94 11 79 10 96 6 70 98 18 9 66 65 51 18 54 12 72 88 49 73 13 36 14 96 24 66 54 13 45 98 72 81 28 100 75 75 70 70 47 99 79 93 92 80 56 46 18 42 22 8 92 67 47 85 41 47 8 87 65 58 2 8 29 10 27 88 3 7 19 67 13 59 87 0 45 0 25 1 21 45 34 62 6 66 49 18 25 37 31 61 9 48 84 33 35 95 17 61 46 65 78 50 25 64 8 53 16 81 93 75 8 52 63 54 12 100 45 23 55 42 47 53 0 41 26 19 77 53 69 42 21 7 73 92 4 8 92 82 10 70 94 52 20 89 87 73 14 82 8 66 66 4 21 32 12 30 65 43 81 14 3 8 83 22 20 66 57 19 27 23 6 12 71 29 62 67 86 16 43 14 45 59 50 81 27 37 46 31 100 90 94 69 11 89 5 88 28 46 86 75 86 69 37 23 29 75 52 26 7 5 16 31 39 12 7 90 93 15 61 3 46 57 15 55 14 57 100 85 80 9 81 27 52 46 14 7 56 44 22 33 57 24 27 19 66 49 80 48 55 29 96 3 81 49 86 80 34 56 81 77 62 67 2 54 82 54 30 100 5 15 0 50 75 56 84 65 86 26 33 1 25 6 14 89 83 53 58 42 87 70 3 25 4 62 52 83 64 73 62 77 19 28 30 54 87 12 29 97 87 23 50 93 23 74 22 70 4 61 17 36 57 30 58 70 8 78 85 96 78 60 28 2 70 71 35 70 85 50 52 55 41 67 28 15 85 1 74 62 51 70 35 91 15 29 90 77 9 28 94 89 98 30 27 42 9 69 2 40 64 38 51 22 99 18 30 39 91 62 11 61 43 41 34 85 53 5 20 11 34 
25 69 39 94 53 16 18 33 26 35 84 14 46 3 80 53 79 8 69 41 90 52 15 54 94 45 22 16 69 92 23 86 38 22 52 65 29 26 21 64 19 72 70 45 46 35 31 27 0 18 82 37 99 98 44 61 57 48 53 42 58 51 66 79 16 57 30 54 5 78 96 26 50 70 5 9 88 67 90 48 22 82 91 41 74 24 4 20 75 81 96 46 47 15 55 60 49 3 20 37 100 70 96 14 15 58 93 20 49 19 75 43 90 50 83 35 74 42 11 77 5 81 40 24 50 78 18 48 78 40 29 23 30 39 54 32 11 74 8 30 17 40 68 30 93 25 4 8 21 38 77 60 45 42 88 24 99 43 81 51 16 24 27 99 37 79 82 0 80 48 58 32 88 84 55 88 88 25 36 76 71 27 41 63 13 55 29 87 12 51 93 60 66 11 16 60 35 34 68 73 44 90 89 11 57 70 18 24 7 86 76 47 65 13 49 69 63 44 90 18 49 20 9 99 38 74 57 31 29 91 80 75 76 28 29 22 27 44 63 26 74 45 59 19 57 44 96 2 7 69 100 1 99 44 10 35 50 84 25 69 21 33 53 23 3 60 0 9 86 2 61 88 71 3 23 55 39 24 0 85 93 67 62 37 93 48 92 46 86 64 12 83 82 91 83 38 26 34 12 11 10 30 43 78 43 41 6 31 68 20 19 96 26 56 20 94 39 56 81 64 98 55 51 4 35 65 78 64 54 42 9 24 17 72 51 84 11 48 36 39 38 25 39 39 85 76 44 42 89 42 7 5 0 79 47 65 100 95 66 98 72 2 36 54 55 61 100 5 52 43 56 79 99 49 82 33 42 7 82 74 88 93 20 89 37 11 20 43 46 26 44 34 7 61 22 13 87 38 30 63 
94 71 10 84 70 51 33 92 10 27 21 74 89 39 14 36 40 28 24 49 92 13 70 61 13 41 58 1 7 19 60 84 59 31 82 57 98 77 73 62 89 86 99 26 46 65 4 40 76 20 93 93 43 82 64 5 43 43 76 22 66 3 57 71 94 50 30 28 72 33 20 45 76 82 7 8 83 13 95 93 54 92 43 32 42 78 100 77 92 43 89 96 25 35 18 32 97 59 8 2 5 4 66 88 45 26 42 23 59 37 10 30 98 50 45 46 38 1 78 29 50 88 55 41 2 65 95 84 53 55 74 6 27 76 78 77 96 31 40 80 99 64 35 9 76 23 24 17 60 63 82 90 14 31 87 53 4 20 58 75 31 52 74 2 90 34 53 15 39 51 12 82 73 21 81 71 55 74 76 21 75 27 29 37 56 72 86 48 27 92 47 17 9 77 30 94 7 40 70 78 25 63 22 39 88 47 53 44 74 89 65 24 100 57 23 24 26 2 19 64 85 33 42 62 97 20 22 22 2 74 16 36 31 58 12 100 17 61 23 13 76 28 91 33 36 9 3 44 52 43 61 24 64 5 3 58 9 95 69 99 11 86 45 40 32 64 28 78 32 60 76 82 75 52 13 92 43 22 41 19 22 32 20 59 64 33 54 1 13 23 90 21 66 43 61 23 61 57 43 69 85 73 16 12 81 12 11 42 61 61 95 47 50 70 77 23 13 5 0 75 59 33 15 64 62 71 12 51 22 89 25 61 92 3 24 67 6 66 12 54 100 40 66 22 36 23 43 66 20 3 42 12 81 88 97 54 45 63 9 71 78 92 67 20 96 14 13 9 72 78 62 17 48 43 74 6 49 43 66 93 91 66 76 32 29 64 97 21 38 29 33 8 12 95 83 21 34 79 21 62 
29 44 18 25 29 53 19 94 67 7 4 43 48 58 82 82 43 49 52 31 2 69 48 64 54 55 61 91 4 50 94 21 31 36 6 16 96 78 94 47 98 52 66 95 16 33 48 74 89 13 36 66 66 81 24 57 18 60 44 73 21 35 67 88 69 22 23 16 76 7 11 29 14 6 28 61 97 44 49 14 81 79 34 27 81 57 59 0 46 40 100 26 50 87 48 47 84 75 18 74 74 55 88 70 38 90 7 32 65 65 66 94 65 22 18 88 55 9 62 43 21 16 44 15 89 80 92 51 62 78 60 34 87 97 57 16 48 71 61 63 16 84 49 92 48 46 75 61 100 69 98 0 41 8 65 21 81 26 83 20 33 33 36 68 22 51 39 45 22 38 71 16 82 18 29 95 57 96 61 54 37 79 19 71 27 81 95 6 100 58 79 61 82 5 96 73 43 88 33 39 70 29 14 53 63 4 36 41 0 81 97 62 21 62 83 90 77 90 28 16 86 74 69 39 3 83 33 79 34 5 18 50 7 93 100 86 60 10 81 44 77 46 53 88 67 23 0 19 90 70 91 98 96 55 36 47 63 93 8 45 23 10 88 61 83 30 99 34 8 68 99 15 31 58 10 31 76 30 75 81 58 9 30 68 72 5 20 64 94 55 44 47 39 89 27 39 49 39 6 45 81 54 0 1 11 16 17 24 70 88 24 74 4 20 74 16 9 88 73 29 90 62 89 72 55 44 40 24 50 48 78 45 68 50 34 53 65 44 100 50 11 54 39 38 95 75 80 46 55 4 24 24 55 53 69 14 72 94 8 2 1 42 46 45 44 51 50 94 49 60 86 87 91 33 2 51 32 47 62 5 18 46 51 8 14 66 28 20 52 67 6 32 47 80 58 89 47 60 26 76 
2 80 23 92 8 47 36 21 27 66 69 92 81 59 42 54 67 50 21 97 26 56 59 36 20 38 63 6 64 61 56 19 78 30 27 97 94 52 43 12 22 60 89 56 43 64 9 50 48 18 74 97 98 56 54 52 68 9 36 76 68 73 94 25 12 79 5 75 85 79 3 97 26 29 31 89 67 86 17 34 24 100 34 58 28 68 14 44 17 7 80 36 6 63 38 39 13 43 19 39 37 86 89 11 88 88 89 7 77 62 18 33 15 13 42 9 16 64 44 23 50 43 51 26 56 35 85 51 29 81 1 19 22 45 96 41 81 38 33 40 84 5 45 2 52 58 72 71 74 71 46 97 58 73 92 23 89 67 66 83 42 76 80 42 99 8 27 26 32 8 81 2 31 87 43 85 90 30 2 67 35 92 77 53 48 78 31 34 14 32 24 80 25 62 77 76 48 40 100 53 88 71 19 62 30 4 15 59 22 91 40 35 61 93 96 50 4 9 47 84 87 18 86 57 70 14 0 97 33 87 91 8 27 15 30 3 68 57 96 60 7 12 16 87 39 64 96 5 95 92 85 83 45 77 96 27 77 70 98 80 24 21 83 73 51 74 38 26 94 1 36 73 49 7 23 7 52 27 63 62 34 57 63 64 27 89 90 42 51 66 69 56 21 69 16 17 69 61 99 76 43 62 23 91 72 3 12 79 73 10 63 22 57 98 46 66 32 13 55 42 33 80 21 33 2 100 93 39 43 9 89 77 33 62 46 64 89 91 49 90 99 66 25 63 15 10 64 77 95 44 93 60 32 65 82 56 97 49 89 98 56 57 12 40 65 62 62 100 5 3 22 57 84 73 79 25 19 85 4 35 26 24 76 92 88 73 90 13 35 87 26 26 16 67 29 7 98 72 15 76 
44 95 65 99 85 53 93 29 11 54 12 59 46 100 76 84 42 19 18 26 13 16 51 70 32 23 97 30 38 59 98 2 0 10 56 37 1 40 26 98 14 1 42 36 69 28 41 63 44 22 18 78 78 22 31 3 90 6 22 33 75 96 14 40 73 15 28 81 71 44 98 54 56 39 71 52 97 72 95 12 33 63 0 32 64 81 81 22 82 48 16 83 2 51 81 63 20 63 100 11 96 34 56 73 12 62 42 37 64 21 96 84 39 72 98 38 73 50 26 94 52 46 78 15 94 98 10 3 25 64 7 33 48 50 89 1 57 48 81 54 68 11 11 65 74 43 70 81 83 71 58 31 69 76 69 17 26 71 2 2 26 57 11 74 0 43 98 41 84 1 13 61 99 9 77 61 95 82 94 46 39 92 89 72 13 75 18 43 79 64 71 29 33 71 17 56 74 47 25 78 53 22 40 12 23 48 81 55 78 89 42 86 63 32 54 69 28 82 27 64 77 55 18 7 57 27 76 64 70 39 50 15 90 27 86 52 61 24 74 75 86 91 90 21 36 53 31 39 48 6 49 44 74 6 38 39 57 62 14 80 28 94 27 12 37 39 25 97 8 47 61 83 80 26 19 17 42 72 37 30 13 72 17 22 86 22 80 69 11 91 45 55 63 39 56 68 66 93 72 96 97 32 92 43 17 85 36 43 0 42 60 34 89 11 28 99 4 70 34 7 0 90 40 54 33 24 27 84 19 3 100 69 16 53 16 49 41 36 14 12 74 74 60 67 83 79 28 0 53 48 39 4 17 13 10 18 81 99 12 94 51 75 89 29 82 39 44 18 16 1 85 98 20 28 79 76 8 20 30 9 8 72 56 73 4 60 54 50 40 37 56 13 63 32 14 7 71 89 76 95 
4 64 82 39 13 85 92 81 17 33 64 19 43 79 72 78 82 100 93 18 82 51 89 13 25 2 36 36 57 59 2 56 89 11 76 6 10 45 35 79 95 80 38 15 90 77 83 77 100 35 49 3 86 36 69 97 68 68 32 79 85 84 67 68 90 42 6 95 75 43 86 2 4 92 81 11 50 15 82 29 22 61 89 71 64 76 95 82 26 84 65 77 34 60 92 29 56 53 55 42 64 69 21 61 6 14 9 68 6 21 2 34 87 23 9 17 63 96 74 98 84 1 4 94 82 51 59 75 26 52 26 45 67 65 21 62 90 94 9 57 27 99 22 14 31 91 92 4 8 50 25 95 95 42 56 5 85 26 50 5 6 38 87 59 94 86 59 24 2 90 6 9 43 59 50 87 13 30 0 73 52 43 26 57 11 62 40 28 96 51 65 56 54 37 98 82 12 28 15 84 56 59 60 3 45 22 20 45 95 40 33 47 34 71 79 38 93 46 69 48 1 30 41 57 67 22 13 5 71 32 19 16 10 89 62 2 93 27 92 96 43 94 51 88 75 11 14 13 91 12 72 48 74 55 25 53 74 76 15 10 55 74 99 98 43 50 64 74 52 73 5 24 16 27 86 0 38 73 0 39 47 85 60 43 47 11 30 59 82 15 9 84 45 77 83 22 77 45 72 52 6 66 6 42 73 39 84 68 63 76 58 25 3 38 77 14 3 65 46 55 73 42 49 85 92 73 14 83 4 14 4 11 7 39 89 55 15 3 97 41 20 63 98 95 40 38 19 37 81 12 20 92 87 40 4 42 33 28 81 83 59 14 1 58 28 41 40 72 73 18 40 46 76 95 87 17 14 25 42 43 41 73 8 44 64 32 90 52 44 46 77 14 92 71 8 67 49 64 37 8 
98 42 75 71 82 95 97 27 99 66 26 79 31 79 4 73 68 92 5 44 8 31 59 11 46 81 80 44 0 47 57 95 2 63 58 8 15 55 76 93 16 78 98 25 37 75 61 22 95 87 30 92 22 67 41 85 0 37 57 88 35 6 48 41 51 93 91 17 48 50 14 99 35 75 39 49 95 14 63 24 50 19 80 89 6 41 84 100 74 23 77 89 93 61 32 75 18 14 41 30 90 86 11 94 99 87 90 69 88 50 0 8 61 24 13 14 100 96 95 61 29 46 85 92 13 94 35 90 38 72 39 30 17 70 19 57 38 56 97 74 66 22 77 90 0 79 39 81 85 96 93 3 63 44 63 52 38 86 82 47 100 21 51 86 30 70 70 89 6 1 75 21 26 98 81 67 64 10 92 84 6 82 80 51 72 71 6 34 79 85 67 99 6 38 31 64 5 2 82 32 11 71 64 42 28 96 76 32 98 9 37 55 92 54 83 16 21 1 36 84 50 69 67 63 45 19 98 61 34 89 48 84 17 55 37 17 50 91 29 77 32 30 25 20 62 42 68 94 33 29 12 35 80 62 72 73 90 39 43 71 73 61 54 32 13 74 9 73 13 30 34 25 2 78 66 56 26 31 53 84 55 18 91 3 29 67 95 100 41 56 31 27 88 24 41 18 13 53 77 56 73 43 41 93 26 1 47 2 78 40 89 54 20 27 9 24 55 66 78 60 23 1 65 69 19 93 45 6 61 34 49 94 79 52 73 48 38 65 93 44 68 87 90 29 85 37 18 50 21 11 10 81 48 23 12 1 12 78 35 96 28 56 96 82 29 71 89 93 29 24 8 53 61 11 37 16 23 26 73 73 49 70 63 34 15 96 58 12 99 93 46 17 64 61 5 53 16 69 3 79 
73 88 68 28 57 93 91 73 82 82 27 41 51 99 86 35 72 98 72 37 14 49 8 72 19 9 52 23 33 48 23 54 83 19 86 81 66 44 88 85 52 32 53 98 90 33 81 95 11 59 49 27 42 51 52 80 14 85 3 40 19 49 11 96 43 21 84 61 6 33 66 32 19 21 4 83 67 43 16 26 49 93 82 58 72 14 26 92 61 35 8 83 61 26 43 9 6 24 13 11 10 13 43 21 10 16 77 18 71 10 42 67 61 79 56 4 86 80 60 80 76 15 2 19 17 96 56 24 49 43 14 12 65 16 72 55 63 95 62 44 39 88 99 13 81 68 69 80 10 36 16 27 100 95 46 73 67 68 66 88 89 86 55 48 55 28 28 46 11 3 46 15 0 35 25 48 13 6 74 24 58 20 72 36 6 12 39 90 31 6 15 40 2 68 96 47 27 3 14 70 10 87 40 73 2 36 28 55 98 28 31 72 85 21 42 92 48 72 28 66 42 14 16 77 84 6 0 20 90 36 78 96 36 89 78 89 99 100 36 10 54 7 94 37 75 30 49 89 2 86 99 18 63 5 30 98 59 48 20 63 95 59 75 12 69 46 17 52 82 93 73 26 79 92 55 5 49 18 56 49 68 57 76 91 67 77 48 4 60 66 24 33 64 17 97 100 13 14 29 100 24 86 49 32 90 56 12 90 23 44 55 52 65 44 92 54 62 3 2 98 36 59 34 0 34 26 6 70 3 64 47 69 17 31 84 6 24 91 97 46 66 11 64 62 61 85 16 30 39 90 39 81 85 40 44 76 55 96 84 46 49 90 40 29 22 66 36 55 0 37 15 85 61 83 74 50 80 8 45 10 11 0 58 98 48 4 95 17 38 48 7 39 39 9 83 39 66 27 35 83 
23 69 8 43 7 26 19 96 12 9 25 21 85 76 50 88 25 67 87 73 4 43 69 75 84 55 52 62 78 38 50 24 61 19 27 24 50 0 49 14 92 64 15 42 25 30 6 9 36 2 60 19 23 25 71 31 12 41 100 2 19 68 70 39 18 22 98 55 34 85 16 100 49 67 34 12 62 73 88 45 93 28 44 88 28 87 4 40 80 17 30 26 11 59 11 76 71 65 4 26 74 88 33 6 8 51 31 8 26 21 28 93 90 70 35 33 36 35 50 34 56 41 91 65 29 97 85 96 70 26 98 66 28 41 12 43 77 33 3 95 89 80 78 66 6 25 98 11 90 62 38 48 38 46 14 93 35 29 28 66 91 67 5 96 41 51 47 81 32 18 78 18 92 98 5 55 19 2 27 79 29 47 87 78 14 75 94 19 16 90 72 37 74 83 81 4 51 80 29 17 64 69 72 14 16 33 6 89 60 10 18 26 87 82 32 63 10 64 71 15 69 81 80 68 65 55 60 37 98 50 10 37 32 85 57 32 32 45 50 60 54 17 55 46 21 95 9 24 87 17 21 13 66 62 16 23 11 17 64 97 21 42 11 17 84 59 83 30 48 86 14 65 53 39 54 15 1 29 36 13 52 68 92 24 5 58 3 63 30 61 79 21 76 31 72 23 41 95 72 11 6 43 93 38 11 77 59 67 47 91 18 60 78 61 59 56 15 11 60 65 61 40 68 62 1 58 84 37 66 73 43 73 86 85 6 75 99 55 12 26 100 22 55 42 20 47 86 71 41 65 46 0 38 98 66 20 33 67 5 39 26 8 2 0 93 65 92 7 36 37 11 5 85 77 50 29 59 8 88 48 82 86 59 56 7 12 76 62 57 98 40 9 61 24 59 96 36 53 82 89 
93 44 91 50 39 33 62 31 75 78 88 11 45 38 81 4 27 42 30 98 53 72 21 65 93 96 36 52 47 28 58 85 66 29 73 20 73 13 85 30 46 38 36 99 53 64 32 40 72 51 49 67 26 49 1 5 2 99 74 31 67 0 81 51 36 89 2 36 2 60 38 8 46 16 36 13 42 45 85 97 47 85 86 39 25 87 35 8 94 60 43 35 69 72 53 54 64 71 94 72 6 84 52 76 65 0 71 86 78 26 50 0 35 79 41 73 85 93 36 15 78 77 16 2 92 24 12 66 28 22 34 86 89 74 33 71 22 83 59 40 69 32 20 69 28 90 66 20 68 37 65 63 66 46 35 65 90 41 40 33 30 10 65 31 65 76 9 26 2 37 71 45 96 59 43 54 56 54 8 10 14 1 6 72 74 86 6 65 0 98 43 72 7 60 1 19 82 5 14 19 26 76 5 65 22 96 27 54 70 29 78 58 93 30 32 47 62 21 78 1 30 18 26 2 42 25 27 1 72 64 8 83 33 45 43 88 96 0 39 78 2 73 26 5 30 20 59 78 56 37 27 5 38 84 14 93 72 4 75 73 94 11 100 23 79 30 9 33 99 14 94 18 89 69 45 14 97 57 96 90 74 75 74 13 78 65 95 39 99 62 78 98 31 0 15 43 91 61 15 98 84 51 37 100 42 8 51 11 85 40 54 6 48 41 65 0 70 80 75 27 13 1 11 85 85 34 59 1 27 39 10 55 12 80 64 56 75 14 63 81 53 80 47 12 48 62 35 66 94 78 0 0 18 91 78 86 45 64 73 42 81 55 77 11 87 88 24 37 43 48 74 41 8 67 55 90 100 49 59 25 80 18 95 47 68 17 95 67 88 99 50 74 2 81 37 24 51 32 78 29 
10 67 60 63 39 58 93 25 95 5 33 78 24 56 0 90 7 50 28 88 87 26 63 98 70 93 98 34 16 73 37 24 87 38 4 9 100 36 27 65 96 13 93 35 6 76 40 63 20 79 48 41 71 58 25 17 85 9 38 20 14 97 54 97 93 55 21 13 90 86 31 64 47 62 60 55 74 23 81 82 60 28 61 62 49 61 83 30 53 23 75 65 74 71 73 90 78 91 60 30 12 14 39 59 34 75 85 50 12 81 49 82 21 49 11 24 61 20 47 83 31 47 59 99 93 36 88 14 45 100 52 85 59 26 70 84 86 47 56 21 85 72 69 26 42 44 80 73 83 76 50 17 52 61 40 78 0 47 38 77 0 27 61 58 74 69 78 68 80 1 17 39 12 12 47 18 20 44 63 100 27 63 97 57 4 4 95 80 15 52 4 16 4 69 77 24 6 74 30 1 40 78 43 50 33 41 62 4 67 31 82 19 50 80 36 95 15 72 30 25 88 25 22 61 62 74 13 41 39 80 36 31 82 83 83 80 93 5 61 93 44 81 92 37 59 59 46 76 65 89 25 76 48 87 20 80 84 71 36 19 35 52 82 50 10 87 86 24 4 35 9 41 18 22 42 76 65 97 86 57 37 12 0 34 31 30 0 77 98 100 84 12 4 22 68 87 50 39 95 84 7 90 68 93 66 4 13 14 59 23 68 73 45 59 21 61 1 71 98 49 75 93 30 14 55 52 48 3 41 7 99 68 90 52 23 100 23 29 95 51 79 25 5 70 67 29 91 60 16 88 69 11 82 75 94 79 83 6 26 5 34 33 59 39 88 60 30 93 41 84 3 55 71 57 98 73 40 25 23 90 85 51 46 8 1 54 25 33 92 7 50 33 43 53 36 84 55 52 88 93 
51 89 85 80 94 39 32 81 81 85 36 32 56 21 98 11 87 92 22 94 52 6 9 57 54 32 40 8 54 82 69 52 94 16 50 88 64 42 72 16 49 43 46 65 95 33 10 70 95 92 7 28 83 37 14 92 32 1 24 37 34 3 0 88 3 58 88 73 0 59 9 53 9 21 53 60 35 56 88 12 90 82 19 89 30 3 36 7 35 76 80 39 23 7 22 88 29 33 9 22 93 41 64 67 42 72 74 100 74 55 40 63 8 36 99 10 0 32 58 33 35 11 46 17 66 85 31 72 34 18 11 15 93 78 54 92 61 97 58 61 21 65 58 38 6 32 60 70 7 68 84 9 84 19 23 70 11 100 48 29 83 65 67 43 82 13 55 92 3 53 2 15 25 64 40 75 58 93 10 42 86 10 7 62 38 46 65 61 49 21 77 65 62 75 78 43 57 40 32 11 40 41 66 86 49 52 43 8 62 29 66 80 51 42 9 16 39 6 49 29 37 64 32 67 0 65 41 93 37 41 1 25 92 6 61 82 21 15 8 63 88 76 61 34 36 15 94 22 35 52 37 38 64 31 95 50 24 45 84 77 57 77 46 64 47 53 40 60 71 17 20 87 92 77 47 60 59 5 75 30 76 72 14 86 76 82 78 70 98 36 17 73 53 27 23 32 55 73 100 34 48 27 22 7 42 52 10 60 14 54 54 32 5 12 11 96 88 63 32 83 99 57 86 8 8 29 73 63 83 79 16 62 63 61 82 69 100 68 32 23 23 86 37 47 42 90 57 20 77 72 38 36 49 41 50 19 54 10 12 33 30 88 47 64 94 59 67 14 20 30 36 80 9 14 17 93 84 46 45 96 70 25 19 72 65 59 63 34 1 18 28 33 93 63 36 27 29 62 20 9 
19 27 67 53 14 69 79 11 99 74 20 96 81 71 0 1 24 36 40 2 97 24 88 59 84 89 88 57 43 3 22 18 92 60 56 38 71 42 70 65 79 98 9 50 81 49 31 11 62 51 74 27 44 68 21 94 38 8 45 6 30 16 72 27 65 87 8 66 32 37 80 57 96 14 11 64 82 47 78 11 41 73 67 36 97 76 44 100 13 25 61 54 82 23 61 30 37 95 19 30 42 15 0 34 15 87 28 13 79 18 49 23 91 91 2 11 78 87 61 45 9 4 63 78 13 73 67 86 93 49 14 100 80 49 73 15 13 59 95 3 56 3 48 29 100 63 85 78 70 94 77 100 5 60 69 57 18 39 91 98 58 11 4 54 19 32 57 13 37 27 72 83 86 20 75 31 73 84 58 18 18 98 74 27 69 47 89 31 21 13 70 76 51 35 52 7 79 17 30 96 22 65 45 60 60 75 54 52 65 21 18 61 17 81 41 80 44 99 93 89 97 88 4 27 1 88 36 98 17 14 76 19 82 35 24 80 10 30 2 57 34 54 89 57 9 74 84 52 48 12 8 9 61 44 3 77 15 14 48 75 20 50 71 0 75 26 24 5 45 49 2 87 77 56 84 3 72 8 41 82 21 45 31 98 61 14 50 62 92 55 27 64 64 20 56 30 68 91 73 43 54 86 38 45 24 16 43 1 87 36 97 81 19 49 50 44 46 29 58 73 36 80 66 2 84 97 31 34 1 70 81 93 99 5 75 97 56 89 97 81 60 31 93 27 72 31 94 54 96 55 43 92 25 42 36 94 89 84 38 55 10 95 59 73 90 62 53 14 93 39 72 48 18 61 53 18 65 50 91 29 76 9 64 70 78 20 88 61 51 29 20 42 19 6 23 18 36 42 3 60 
89 98 22 13 7 52 99 21 7 4 55 75 24 24 68 71 32 88 35 53 93 92 36 48 6 95 49 60 22 23 72 30 52 31 31 81 36 11 44 32 36 52 29 89 31 3 6 65 78 61 96 40 32 0 6 33 4 44 22 26 20 16 71 37 14 39 23 43 44 86 5 37 98 28 50 47 75 58 22 81 40 81 32 82 63 12 34 94 91 15 71 1 48 31 22 17 19 52 42 33 25 73 44 52 46 22 74 89 61 92 35 55 59 78 7 6 75 93 46 22 12 40 10 25 21 33 71 60 74 71 41 86 91 98 85 8 8 6 31 38 84 15 100 14 75 4 16 74 17 89 30 66 77 76 61 85 46 62 65 84 86 54 11 88 45 97 15 40 83 91 90 90 76 93 34 84 72 59 73 77 43 50 24 26 3 76 92 6 13 13 59 25 83 99 52 15 73 60 1 21 76 50 0 25 10 77 50 90 96 97 8 63 63 71 38 82 43 61 39 53 18 64 94 2 23 13 28 39 8 32 37 11 21 98 8 95 60 42 77 17 56 50 50 60 98 43 56 45 59 58 38 1 36 77 32 47 70 48 56 92 15 28 86 7 22 88 75 33 34 73 28 28 35 52 8 13 46 27 36 47 68 70 11 81 1 23 23 48 1 89 63 26 64 14 58 2 92 22 53 30 4 56 26 82 70 43 77 64 85 74 81 16 21 42 78 20 43 11 88 17 4 24 61 88 53 19 47 64 84 9 15 90 7 3 43 8 44 36 81 88 64 89 90 40 36 83 29 80 28 51 49 28 4 9 19 45 32 71 92 21 39 37 90 47 34 71 35 15 88 76 10 39 14 91 17 58 94 100 88 55 27 40 64 16 16 100 80 8 56 53 98 22 16 5 94 14 72 25 66 7 
96 29 52 5 25 42 90 52 70 62 8 52 54 97 38 55 48 2 72 86 97 26 55 6 21 95 36 81 51 99 1 97 40 63 46 59 73 4 29 65 20 57 74 29 20 92 22 1 22 34 58 14 18 44 68 91 69 4 35 70 67 56 66 7 17 16 89 94 85 5 16 40 98 12 33 98 75 87 4 74 64 100 21 41 20 88 55 68 2 74 5 6 9 8 92 97 89 88 1 12 5 80 52 44 12 81 5 60 1 14 80 68 54 92 34 77 28 58 94 57 32 4 45 41 30 15 22 9 30 33 79 26 94 12 43 4 51 75 0 63 54 19 93 43 0 0 97 28 61 46 25 65 15 17 58 61 28 96 69 95 91 95 42 26 56 41 85 52 49 48 7 67 27 44 6 39 64 35 93 34 57 68 79 62 41 52 47 20 50 67 50 62 38 5 93 28 78 67 9 81 17 51 69 47 94 22 67 38 57 4 32 14 35 47 29 5 86 6 79 8 74 28 76 64 20 62 92 18 100 52 51 99 70 18 60 14 21 98 87 87 34 70 59 10 27 96 2 59 79 2 43 47 31 51 39 7 78 61 39 46 76 38 100 53 97 62 79 6 73 18 45 34 71 94 6 35 79 48 49 78 20 54 84 72 22 29 57 67 45 87 17 40 70 40 59 94 60 14 64 0 40 97 12 1 61 0 72 9 21 9 66 32 56 37 78 41 40 82 2 83 56 81 65 77 71 7 69 80 39 99 94 71 43 97 92 28 49 80 12 91 58 68 32 9 77 95 97 64 42 0 59 36 2 76 28 49 23 40 83 15 70 72 8 1 85 80 97 96 45 84 27 0 12 99 96 88 64 64 15 56 9 31 40 7 64 21 97 50 77 78 57 99 70 100 84 21 13 13 89 74 
41 98 1 0 77 89 6 41 58 55 70 12 14 74 35 94 23 62 5 19 29 89 34 34 36 40 81 4 6 54 41 65 22 24 20 70 22 56 95 36 56 36 21 93 18 35 64 71 80 41 66 93 78 79 70 88 98 20 99 49 53 21 38 32 39 24 62 88 71 98 56 27 72 1 69 99 62 1 2 11 87 52 21 2 35 61 93 66 28 34 50 59 50 39 0 27 68 51 29 3 59 3 11 31 66 56 72 19 28 8 46 49 45 84 79 57 93 91 78 32 22 76 89 38 15 98 20 29 51 98 77 3 74 34 72 9 93 27 44 63 82 44 3 75 29 23 8 78 12 84 91 38 25 58 59 86 33 60 25 21 35 61 57 39 69 11 1 6 100 68 13 90 72 51 87 32 93 15 30 22 57 69 33 5 98 83 89 10 68 94 98 69 31 79 52 7 6 98 24 76 21 18 84 31 7 71 30 68 56 0 49 57 13 53 88 74 34 92 23 45 31 47 9 8 81 44 48 3 5 19 72 7 56 1 36 62 89 24 10 15 35 48 66 21 34 16 31 48 1 23 82 64 29 7 7 1 52 23 34 74 83 21 39 95 12 82 82 44 65 50 41 26 87 50 65 15 10 96 97 60 91 76 68 50 71 30 20 36 40 12 29 50 95 84 9 33 73 17 19 61 50 84 57 62 41 52 92 2 65 54 100 57 27 60 76 18 39 45 30 29 52 44 21 33 73 15 0 28 49 77 74 70 90 70 41 28 41 85 38 49 39 27 70 32 93 19 35 0 30 21 97 62 57 76 82 83 74 3 83 64 70 69 94 86 94 78 50 58 25 41 78 48 52 33 31 64 27 58 100 57 76 97 19 76 89 45 69 3 27 43 31 98 51 73 10 15 11 20 37 70 
14 9 70 70 10 95 88 37 71 52 31 94 43 24 27 99 11 13 18 12 88 16 70 96 44 21 39 96 34 27 57 3 67 13 74 33 26 11 77 75 80 89 50 15 60 57 85 25 20 80 18 90 59 79 28 12 72 44 98 86 75 99 74 40 36 73 83 16 37 60 2 49 52 24 51 5 78 18 13 58 81 49 40 85 20 23 72 34 10 99 91 86 20 90 60 34 81 8 24 79 33 39 50 55 34 96 53 53 13 5 73 16 49 20 28 98 9 88 98 0 4 54 43 36 44 20 96 88 73 92 90 92 65 98 15 41 70 13 23 23 31 35 16 61 57 87 62 37 66 88 47 6 35 89 62 44 97 76 66 25 81 20 61 23 47 0 85 7 99 71 55 35 43 30 29 19 76 60 44 51 82 70 70 78 70 62 1 89 19 98 97 9 30 100 38 90 94 10 84 76 12 74 24 83 84 32 45 64 86 39 82 36 72 78 99 16 20 27 74 94 59 37 83 43 10 70 48 30 81 51 72 70 57 58 5 18 16 55 37 100 83 30 34 45 11 46 53 84 27 51 79 62 92 13 22 34 60 5 100 12 56 69 43 26 5 11 100 86 73 54 47 81 44 26 33 71 79 88 74 6 46 95 31 59 66 1 4 86 79 20 89 8 54 31 91 70 4 20 31 58 46 40 80 12 4 26 74 18 72 29 57 2 57 83 84 3 15 60 59 41 11 68 4 30 43 64 99 74 30 90 73 28 77 71 40 13 41 25 24 83 39 70 97 71 65 54 25 9 29 43 100 13 48 93 26 41 31 16 25 69 12 21 69 79 75 6 19 26 83 11 39 21 52 85 85 24 73 97 65 54 14 71 31 77 14 14 8 76 83 94 23 4 85 8 67 53 45 60 6 80 
87 65 88 21 7 96 50 96 33 5 81 22 29 21 59 61 90 21 85 48 69 60 8 6 12 21 14 23 77 53 99 32 56 82 34 14 37 42 33 62 27 24 88 66 91 17 50 15 61 34 63 87 58 36 6 71 34 26 68 86 94 97 54 19 58 90 22 95 13 46 6 20 62 0 45 56 78 46 30 4 12 18 29 37 53 21 61 95 24 34 75 11 21 47 47 37 26 42 0 8 77 14 81 40 39 50 22 80 32 23 49 25 13 79 15 11 93 2 3 56 7 28 5 94 100 17 0 76 91 70 51 92 15 6 43 11 34 3 74 85 5 89 31 19 97 27 100 29 44 89 20 20 75 43 100 81 52 42 3 29 41 40 85 49 3 7 51 57 31 45 70 61 11 52 66 28 59 37 54 50 77 16 50 55 23 17 78 37 74 66 48 29 13 54 70 61 28 12 5 62 15 49 43 38 6 56 7 7 53 94 27 18 15 69 55 71 61 34 6 33 69 53 99 69 83 15 85 31 77 66 1 35 99 23 21 94 40 10 14 50 17 9 21 57 30 67 86 48 41 98 66 16 37 64 17 44 67 32 80 29 85 19 19 25 54 18 0 60 42 44 19 39 3 44 37 80 44 3 94 85 55 28 100 39 82 33 30 56 70 62 43 0 63 72 21 7 30 14 94 98 8 41 34 61 43 68 8 89 23 67 2 48 2 23 26 68 11 37 100 99 38 10 10 25 87 70 50 23 88 68 54 35 15 27 52 43 70 5 4 100 91 97 79 24 78 93 82 23 91 76 79 82 99 0 26 58 53 45 61 83 99 57 95 84 9 48 90 76 31 22 70 51 18 32 0 27 57 66 62 25 100 48 6 71 30 10 40 60 88 83 42 22 45 76 60 49 23 37 30 19 
42 74 40 70 25 27 78 39 54 76 79 89 66 92 1 90 42 3 24 81 60 10 27 76 13 29 89 22 42 6 61 89 51 10 93 54 6 52 40 81 91 76 82 100 98 96 30 23 74 15 32 6 8 43 69 74 56 61 48 76 5 73 89 91 94 64 69 57 41 27 67 50 62 8 6 93 57 9 4 22 31 44 51 0 24 93 6 67 99 92 74 8 83 96 40 77 97 73 86 35 52 77 69 42 89 16 6 74 4 55 95 68 33 61 66 9 96 50 73 43 2 19 56 73 32 66 92 25 61 39 25 64 14 78 21 26 84 31 28 72 37 75 64 10 74 77 65 95 4 89 28 90 93 52 64 80 57 43 39 54 74 89 100 67 11 29 69 35 91 92 48 48 56 75 70 73 77 89 54 94 84 100 88 76 19 68 2 0 97 24 27 30 85 68 20 47 6 59 79 42 40 34 15 98 85 17 0 90 31 74 54 27 68 58 47 83 23 10 21 64 6 38 41 33 64 32 61 41 99 76 10 87 46 43 26 11 27 31 23 24 8 99 46 37 28 51 86 92 62 92 75 37 69 78 36 78 82 39 5 65 97 79 65 61 6 38 53 4 43 11 79 4 6 56 53 47 92 26 17 80 63 37 81 81 36 30 51 100 31 41 82 95 18 20 30 35 25 21 91 60 64 60 87 37 40 44 17 66 24 27 50 81 97 14 85 90 8 97 27 4 89 15 69 57 81 17 4 24 74 26 85 47 69 9 95 29 95 67 22 95 86 58 57 2 61 89 20 33 24 34 85 11 1 66 52 47 91 86 17 47 16 66 54 15 39 51 29 98 31 58 53 44 12 33 2 83 44 37 83 68 31 48 61 0 79 17 36 62 10 72 14 79 33 4 88 7 53 99 9 14 
26 7 10 94 3 9 63 41 57 89 92 99 78 35 24 26 95 44 61 9 5 51 80 88 35 17 37 15 57 85 30 51 31 70 60 41 47 55 37 39 74 61 98 72 18 94 16 100 79 38 0 10 67 19 97 97 96 62 40 46 33 42 47 61 61 36 62 97 75 32 91 4 73 64 40 18 51 57 6 20 21 13 27 4 36 63 87 63 66 52 67 88 25 33 78 77 14 83 47 50 66 13 85 81 11 11 96 33 1 36 19 15 14 1 65 86 27 92 80 39 5 94 48 93 91 82 46 22 69 35 98 5 22 27 51 13 51 78 32 8 39 32 43 42 74 43 10 40 45 98 45 8 13 82 27 98 8 58 85 83 87 52 63 14 77 65 50 43 28 22 24 91 32 45 31 95 16 66 68 45 68 90 30 56 2 7 7 14 38 100 39 30 40 16 100 16 81 95 19 82 15 46 65 23 62 24 97 82 48 15 50 48 17 1 0 76 21 77 75 25 6 70 78 8 14 88 84 38 51 94 1 69 92 85 97 88 65 36 86 99 47 34 46 19 44 77 20 10 95 45 20 64 40 15 58 43 87 73 7 54 26 78 35 35 78 64 53 35 63 54 83 98 80 26 0 51 90 6 35 54 75 32 53 1 82 72 41 32 51 11 32 76 17 35 84 79 83 64 1 87 85 53 66 32 14 57 71 66 81 74 33 57 52 21 5 99 67 50 47 11 24 13 25 80 72 60 72 78 71 55 61 50 27 69 82 17 94 36 18 66 19 11 47 40 30 46 0 36 11 17 80 29 36 73 20 43 63 53 66 19 89 96 27 91 59 92 12 7 38 88 4 62 27 97 57 71 54 69 29 99 38 93 39 94 53 45 37 100 74 96 83 77 100 56 41 100 8 71 91 23 
99 48 3 52 17 72 41 26 7 12 21 20 41 52 92 75 2 48 100 45 83 32 45 86 71 39 32 52 97 56 14 20 48 24 35 82 52 90 74 80 89 95 39 65 99 2 62 46 53 46 20 19 34 65 15 51 39 17 31 47 26 71 29 72 73 85 5 95 44 2 70 35 23 42 1 90 40 12 70 67 50 30 51 5 16 10 18 71 55 52 69 57 13 51 88 35 33 45 13 15 7 12 52 25 53 7 8 21 11 75 41 11 17 70 31 29 40 2 28 40 38 51 50 33 69 8 2 78 81 73 78 99 25 83 57 53 0 53 89 57 43 87 28 41 85 87 19 12 14 32 68 4 27 98 89 81 78 100 59 42 46 33 84 14 2 73 70 31 41 68 100 10 77 62 63 77 92 35 95 43 43 97 73 11 77 64 62 61 34 72 37 3 19 19 28 29 95 74 14 76 24 1 16 52 56 40 55 22 44 65 53 50 69 17 35 26 49 44 11 9 29 86 92 9 96 99 35 74 60 46 0 29 10 74 4 55 23 34 70 100 49 62 21 8 32 47 78 21 13 100 81 21 69 50 65 81 51 49 100 67 34 80 51 97 75 4 28 53 39 4 55 63 28 33 40 78 49 30 92 97 95 7 88 78 75 93 79 6 38 23 47 21 50 73 37 10 39 38 29 25 38 48 13 58 83 49 89 98 0 34 47 38 79 4 26 55 70 18 13 6 25 29 18 64 16 9 22 30 20 20 65 33 98 69 86 28 17 90 95 98 91 22 38 80 64 10 67 92 23 29 85 51 95 27 19 22 44 12 39 57 11 8 11 12 63 80 83 30 99 31 27 100 8 36 5 61 74 28 56 5 23 87 15 35 52 39 24 79 36 64 79 50 99 27 39 8 49 67 86 76 
22 62 95 2 83 44 12 1 33 90 61 1 59 16 84 96 87 93 13 30 30 40 3 3 34 28 79 76 20 98 14 100 51 16 69 78 30 97 51 90 14 51 23 99 77 86 27 43 74 81 11 35 40 38 93 91 6 3 41 100 18 98 32 54 90 30 60 83 20 95 43 48 40 19 8 0 38 82 63 65 80 42 49 9 35 25 8 31 97 46 21 16 83 73 68 92 70 89 34 56 63 74 13 29 27 4 30 61 65 84 98 20 14 88 60 98 93 87 22 100 35 79 53 76 13 9 87 43 89 40 2 31 47 22 60 51 27 19 9 74 30 84 44 41 4 74 29 46 87 22 91 13 23 9 75 45 33 0 21 43 57 49 7 28 62 50 31 54 77 30 48 11 10 32 72 5 24 62 39 7 16 69 59 77 56 60 31 93 96 12 21 67 7 40 90 28 97 19 21 73 1 11 32 30 44 0 22 55 18 52 45 81 56 24 18 10 81 2 9 94 49 12 67 17 72 32 53 7 11 59 54 36 96 3 5 27 57 86 86 61 2 74 7 60 45 37 4 96 25 18 99 30 56 46 32 18 81 60 6 15 45 74 1 68 82 53 46 20 72 9 14 4 58 21 72 70 46 84 32 10 58 66 22 30 8 72 79 11 78 78 88 30 0 17 18 79 92 41 88 18 32 15 51 88 22 54 10 62 89 31 7 94 18 100 28 12 84 21 60 55 59 8 75 31 36 30 53 55 1 87 46 29 31 38 15 70 36 86 75 11 23 68 58 41 23 15 40 66 71 48 40 29 45 11 37 100 31 65 88 65 70 58 13 78 56 13 0 60 99 33 26 5 91 93 82 91 0 36 73 10 53 48 25 37 18 87 76 92 11 84 75 19 9 67 2 12 14 40 46 66 
66 96 30 31 38 14 2 79 20 79 55 43 39 96 10 90 56 72 71 50 8 15 75 81 51 52 30 54 99 4 1 54 52 16 49 23 37 32 37 82 76 17 94 39 92 14 27 80 16 12 47 61 6 64 94 32 40 77 16 61 9 61 43 63 6 88 80 21 39 4 0 10 41 69 32 17 100 89 92 41 75 76 54 49 49 34 95 49 98 83 50 33 54 41 6 43 93 0 26 76 73 33 83 67 50 36 93 6 86 72 68 7 83 52 2 35 95 57 20 21 61 26 75 77 87 40 62 41 80 82 48 51 75 55 58 16 100 24 15 87 72 41 7 47 70 29 74 0 19 45 28 83 44 29 29 52 9 74 27 52 42 63 83 21 90 99 25 98 98 92 46 88 54 55 78 18 65 50 1 71 90 63 58 44 28 93 82 46 28 88 8 0 65 34 64 37 5 88 82 45 68 38 47 30 7 20 36 64 13 100 64 18 62 54 99 71 74 100 63 13 94 1 68 39 95 51 0 66 60 67 68 45 38 55 38 93 82 28 30 95 28 74 38 32 81 100 18 55 87 65 68 95 8 51 18 30 72 18 87 21 51 3 71 53 94 52 7 72 35 96 85 34 78 21 62 14 3 98 22 70 40 67 95 85 99 34 71 32 85 88 68 74 88 20 35 89 27 92 95 41 30 30 64 16 82 41 21 56 21 23 0 34 46 89 67 9 56 35 32 48 98 38 54 85 63 54 25 90 58 13 98 95 75 41 17 99 49 45 7 97 40 27 40 98 27 81 22 27 50 36 14 80 14 27 10 24 83 32 62 64 84 63 72 31 89 54 53 60 91 77 49 71 33 60 57 85 35 53 37 45 71 91 45 30 83 53 68 33 46 46 10 13 45 38 51 8 57 65 15 2 
79 66 0 98 80 98 58 16 57 74 0 45 77 24 15 35 66 11 59 36 70 78 67 22 54 53 68 75 92 72 24 62 51 52 95 50 70 19 58 8 75 29 80 22 71 67 15 3 34 52 21 47 77 78 91 67 29 44 88 71 30 69 88 4 80 39 86 64 66 20 33 16 79 54 31 55 95 97 69 18 50 48 33 90 21 54 90 55 37 9 41 41 100 14 12 68 71 50 19 57 33 59 46 63 4 27 8 99 72 51 93 8 15 60 97 50 16 77 64 75 58 55 54 51 40 62 84 44 75 84 47 81 81 52 96 4 38 51 100 11 10 52 0 35 32 89 61 58 5 86 50 37 80 31 57 7 81 40 87 33 90 67 64 27 50 55 6 81 53 92 64 77 58 1 87 6 25 91 34 35 89 3 19 76 47 58 29 91 72 68 46 5 86 4 97 18 92 94 65 30 97 48 78 22 47 71 17 90 24 70 2 1 67 23 62 100 52 90 20 12 77 28 73 83 14 65 81 88 44 15 52 32 67 95 34 24 83 45 69 86 89 13 48 32 78 25 75 62 47 2 59 88 86 50 43 36 39 35 93 18 50 17 64 12 50 60 48 86 51 42 54 25 46 15 49 19 15 71 85 82 37 83 58 77 89 70 93 19 57 90 71 7 52 26 8 44 34 45 8 14 41 70 82 34 8 90 54 4 67 51 63 36 53 5 21 95 8 59 41 79 33 4 28 10 60 12 32 28 34 49 72 29 23 3 58 92 59 33 60 21 95 55 75 35 97 86 99 23 0 77 11 78 14 64 57 42 54 9 60 93 8 79 27 53 70 37 83 50 95 20 40 6 73 34 75 75 91 22 42 67 43 77 91 59 62 37 99 22 98 34 78 9 74 35 97 85 4 76 40 99 
100 50 33 40 31 70 33 49 78 30 87 72 74 59 43 66 57 70 5 15 36 60 21 59 43 11 30 60 35 10 56 32 93 33 37 76 97 59 43 85 6 3 69 85 96 49 54 71 87 71 1 93 9 8 26 76 19 25 31 13 16 44 31 97 2 82 55 83 52 33 40 43 11 71 8 100 11 77 22 73 12 47 47 94 14 67 44 42 27 59 65 66 32 68 73 7 27 23 46 34 93 35 91 59 86 50 79 28 53 0 81 15 17 28 33 54 2 51 45 72 32 90 21 38 99 40 15 66 83 93 49 96 63 40 56 82 71 32 75 19 85 93 14 75 39 91 30 23 80 32 10 62 81 46 89 69 27 69 60 39 55 82 8 27 6 19 33 0 69 77 75 41 11 35 13 25 89 80 90 57 44 96 5 45 61 51 94 67 40 31 39 69 37 79 45 51 89 84 96 63 17 72 27 26 42 58 37 65 30 97 67 65 16 69 98 79 18 22 78 99 91 80 72 60 41 93 83 19 67 31 62 72 64 7 74 44 20 4 68 83 65 31 89 61 27 1 100 40 13 48 21 92 54 48 8 88 7 25 86 66 77 27 12 78 24 29 83 5 50 3 53 41 13 16 26 89 70 97 21 99 19 88 48 53 93 87 33 67 10 33 8 100 62 13 37 39 32 5 37 6 44 45 4 53 85 61 23 79 12 36 27 39 4 87 34 31 69 14 35 77 49 49 45 69 87 55 37 91 98 3 62 37 77 43 99 20 98 13 80 2 40 96 40 78 39 60 6 57 60 66 96 29 70 72 75 72 74 38 76 75 47 40 44 67 98 20 64 99 68 83 3 34 68 20 39 68 86 6 23 13 71 80 10 31 31 35 98 53 28 47 46 23 78 76 68 67 22 76 10 74 
99 63 11 77 70 49 22 94 24 89 55 8 56 28 27 37 87 75 23 0 13 84 93 94 66 36 1 26 84 11 63 9 97 27 4 27 17 100 87 37 69 38 11 13 8 6 58 57 77 41 58 33 85 14 66 3 20 92 4 3 0 64 80 0 6 26 83 28 72 5 78 77 25 59 23 34 70 40 19 14 3 1 78 97 24 66 35 75 89 33 96 27 42 100 19 5 60 32 89 52 88 45 54 15 96 15 86 7 0 52 68 11 84 1 31 97 16 5 19 20 84 55 2 29 12 14 24 13 68 17 5 62 74 0 72 30 92 67 36 50 33 40 22 52 28 72 80 12 48 38 65 77 80 74 35 38 33 42 52 34 33 82 55 54 61 63 52 43 47 75 58 58 78 1 71 34 26 55 54 59 29 68 76 13 14 40 52 98 77 98 63 54 0 18 87 24 41 91 42 43 98 43 49 83 95 60 52 34 92 19 77 58 29 78 31 64 16 62 63 30 37 1 66 71 95 86 20 19 56 92 73 51 14 20 67 92 73 27 72 16 42 14 14 50 70 44 18 68 9 41 25 49 89 22 8 90 97 95 44 73 6 4 50 50 85 99 14 3 31 28 67 80 63 51 99 52 58 82 67 49 92 32 88 80 81 99 36 24 82 76 22 80 97 61 62 32 84 50 44 23 34 31 12 98 48 19 22 36 4 58 23 16 91 60 88 31 88 71 77 6 81 73 19 99 9 80 50 29 32 86 88 70 73 39 81 83 30 89 97 15 19 34 62 98 36 73 9 70 30 62 33 49 30 77 54 14 56 41 55 56 88 25 66 71 13 53 67 66 10 100 20 87 51 65 13 60 51 33 1 36 20 71 43 3 90 19 68 42 59 59 55 22 84 21 40 41 25 79 70 60 
7 97 43 3 15 17 42 100 61 19 0 92 50 50 34 55 31 26 66 6 43 34 71 12 73 71 74 73 32 0 84 49 92 46 66 17 70 31 59 95 52 13 16 29 86 54 21 78 68 81 4 89 96 51 98 28 10 42 78 13 57 42 0 25 81 30 13 18 6 93 81 64 14 78 15 2 23 56 21 18 32 37 78 83 27 91 14 88 25 71 70 3 28 46 28 87 93 8 95 28 47 81 45 99 43 99 41 22 70 33 25 44 74 49 80 50 5 58 74 96 67 22 38 2 14 45 85 45 56 73 66 55 100 40 73 56 58 84 93 80 16 30 48 53 76 33 2 80 64 90 2 77 99 35 59 91 43 18 92 78 39 34 64 27 62 29 25 86 61 93 67 38 34 85 48 56 31 64 68 42 78 66 78 1 20 45 53 76 67 91 3 30 51 7 69 14 98 66 36 45 70 68 97 17 79 84 41 59 28 12 44 90 61 6 41 36 64 48 50 96 54 81 2 20 64 58 78 59 89 36 44 23 30 15 64 20 19 16 92 61 48 33 80 80 87 66 98 30 28 7 53 15 38 87 41 24 1 30 61 58 51 0 29 99 97 87 81 85 91 95 43 4 59 65 15 17 45 56 0 99 62 15 37 12 42 54 20 83 0 12 99 58 12 68 85 35 19 18 80 36 64 62 30 26 57 63 40 43 56 80 15 59 55 87 50 74 97 66 63 82 48 29 60 13 3 39 89 14 4 82 55 35 97 94 90 98 44 36 50 87 8 74 62 78 95 66 67 88 53 83 3 7 17 60 3 10 51 19 84 96 97 10 49 55 94 94 71 24 14 97 97 60 5 56 57 21 81 25 23 87 42 80 26 19 59 36 28 76 84 30 29 76 94 31 78 88 18 18 11 47 
41 53 28 54 11 5 75 39 13 88 39 11 91 61 95 83 64 64 5 78 0 26 79 50 7 90 96 57 79 24 67 82 47 45 66 73 76 92 40 86 65 37 92 73 86 82 13 66 75 48 67 62 7 26 41 92 68 80 28 0 34 92 0 98 14 36 98 86 47 19 45 8 14 76 33 16 92 86 21 20 30 34 18 70 21 37 50 36 39 5 40 54 54 2 73 28 14 6 19 86 36 11 38 46 56 65 22 71 54 95 37 100 28 84 57 35 72 72 23 4 97 80 9 72 38 47 73 93 60 67 44 57 99 13 48 12 42 23 84 99 98 17 30 1 10 59 26 16 32 91 79 100 60 58 49 6 68 83 16 91 81 4 88 99 22 47 7 93 26 55 64 95 17 38 16 17 80 79 71 38 92 60 55 52 53 0 48 85 33 7 22 0 60 42 81 81 61 75 19 81 6 34 75 100 88 29 73 85 93 58 2 84 51 55 64 8 76 89 60 52 74 5 22 26 39 100 28 33 26 21 81 56 78 38 100 3 89 19 43 92 80 76 11 87 17 61 73 28 31 54 49 86 47 55 63 100 40 39 51 81 91 50 15 16 71 3 39 47 63 11 18 84 50 60 78 14 99 24 11 83 97 51 80 57 53 88 97 58 91 35 41 31 39 16 52 34 78 81 95 14 99 29 82 80 88 73 68 3 87 54 66 54 51 31 87 97 72 96 4 45 100 49 35 10 22 20 67 36 43 23 7 82 39 82 99 53 42 58 90 30 89 91 74 10 57 79 81 44 23 92 72 70 61 91 9 25 48 16 63 11 82 30 39 44 63 40 17 12 61 56 16 79 9 69 46 75 25 4 27 75 99 25 53 40 73 93 40 48 97 80 14 70 51 28 13 78 36 63 73 51 
94 91 16 6 2 54 97 64 58 35 95 18 87 51 70 39 58 74 59 73 26 27 20 58 2 44 56 67 43 40 71 71 42 45 10 12 73 50 27 70 48 41 70 60 6 20 73 88 26 40 18 30 36 60 88 44 58 39 64 86 61 57 88 66 25 43 27 43 71 100 76 61 79 54 93 36 66 81 77 72 99 16 51 34 73 24 78 85 82 67 0 99 52 99 33 30 37 97 88 77 74 2 76 33 99 80 0 67 55 97 40 51 99 100 13 17 23 26 93 62 22 13 70 15 40 70 55 27 85 81 75 54 98 4 86 87 35 77 65 88 43 34 2 33 91 64 39 62 55 57 4 25 17 12 61 51 5 42 50 96 89 71 19 61 35 17 84 67 72 94 47 27 7 53 65 54 59 47 14 43 59 48 71 48 22 64 4 54 1 94 28 50 67 46 51 55 70 38 17 96 71 51 32 11 89 86 44 72 39 63 7 67 54 90 24 42 58 9 84 35 6 50 14 1 15 96 100 56 82 99 0 8 78 97 64 15 1 59 90 63 15 59 39 86 19 19 33 16 15 43 22 31 85 53 10 65 19 10 24 40 37 61 1 90 49 35 53 23 32 13 52 35 49 26 74 70 69 39 11 97 100 94 37 38 28 61 66 95 87 77 72 29 50 76 83 68 53 52 72 4 17 20 47 2 92 69 58 23 34 15 89 48 82 23 88 25 16 22 38 23 68 51 9 50 60 41 49 59 21 29 21 23 3 32 1 67 20 27 67 64 23 97 99 2 25 85 67 65 31 75 3 100 58 25 40 84 15 88 24 75 34 87 38 26 20 86 82 37 72 32 85 20 40 81 34 97 1 96 57 57 77 57 45 40 29 100 9 80 44 74 100 23 32 67 78 36 63 46 63 78 
46 73 82 42 56 6 75 54 26 10 23 88 21 19 53 1 98 92 42 56 85 15 13 18 59 9 57 30 64 38 30 77 85 50 45 94 95 20 18 4 66 58 46 75 82 64 86 69 76 80 87 80 61 80 82 74 67 72 44 38 79 91 58 44 86 75 77 1 56 85 71 56 34 27 84 56 71 67 60 45 92 100 47 48 52 61 97 81 4 95 77 97 19 8 54 25 4 26 13 21 68 21 37 86 54 97 23 14 75 12 93 53 68 90 59 88 80 55 18 91 55 60 92 50 95 52 63 85 46 8 30 21 30 71 44 6 75 73 2 68 55 54 12 27 70 56 98 96 36 4 37 25 100 5 82 48 69 81 67 21 21 80 92 64 57 70 100 56 30 30 23 72 34 34 90 10 91 30 47 17 13 31 59 60 31 86 45 77 46 36 15 64 52 42 84 52 63 6 50 64 53 81 19 30 30 74 51 53 90 75 81 60 98 7 14 50 75 95 85 36 74 11 39 62 35 85 34 47 44 88 89 48 97 27 43 32 45 72 95 22 40 92 80 89 0 9 80 87 68 43 33 78 32 10 68 72 82 68 48 47 90 21 85 82 84 81 66 35 83 5 82 44 93 95 3 16 91 45 51 73 100 95 37 24 75 29 90 95 22 36 2 37 92 32 41 91 96 56 50 77 51 86 68 82 65 34 96 94 60 32 30 69 41 6 87 18 50 8 100 56 65 93 22 45 83 96 49 23 20 39 17 30 27 1 91 96 42 92 31 76 86 31 15 89 83 1 37 96 50 72 31 60 12 14 24 7 66 26 8 14 78 7 16 84 77 91 70 59 0 41 20 9 81 20 57 51 6 22 98 38 20 67 87 22 3 47 57 38 21 100 52 55 53 35 59 85 92 1 79 88 
32 25 59 44 32 36 8 29 91 56 58 2 35 36 18 81 43 72 57 73 76 27 60 9 72 67 3 62 28 79 71 21 42 29 36 55 4 2 63 34 1 7 19 47 39 32 100 58 30 90 60 10 99 68 57 54 77 4 88 71 98 22 98 11 98 46 12 3 57 77 71 35 1 80 59 69 44 53 12 45 38 44 38 37 43 49 68 38 24 70 36 15 33 42 19 47 81 59 65 17 43 73 19 18 53 2 81 15 27 29 46 0 9 3 70 88 38 52 86 37 35 71 37 70 32 97 35 22 6 11 31 54 54 79 25 37 97 83 12 93 78 72 9 87 78 75 94 93 11 5 20 23 78 79 99 48 67 81 37 3 17 87 80 83 94 30 82 6 67 54 12 18 51 50 57 87 11 40 49 29 8 80 0 46 91 40 30 46 11 73 73 74 42 8 55 65 7 15 31 18 52 63 10 88 64 11 96 49 63 35 71 43 51 91 30 23 61 6 89 92 3 74 78 94 90 75 60 47 61 22 87 1 49 99 52 17 58 17 19 35 55 1 96 40 82 1 74 31 45 81 30 88 9 49 81 35 63 91 87 18 73 60 67 53 46 7 97 55 85 55 21 9 9 10 11 20 96 34 44 48 75 92 44 72 69 34 57 59 71 11 95 88 56 96 43 20 92 22 22 20 20 90 37 3 92 31 7 9 21 31 64 84 94 62 98 40 87 17 80 38 98 89 18 9 99 11 48 84 36 35 41 82 81 38 70 2 51 74 47 50 35 20 71 57 63 86 15 19 51 34 9 2 81 25 17 99 25 71 31 5 16 27 96 37 69 43 9 47 60 13 39 83 15 50 72 1 1 43 17 40 85 96 49 96 80 66 19 4 24 23 62 36 56 54 57 11 62 27 7 93 
45 45 74 15 9 73 86 92 51 10 92 65 91 4 21 32 47 86 73 76 16 56 95 3 5 14 42 5 93 83 23 29 47 52 44 27 69 37 42 96 89 87 13 72 23 30 44 77 8 29 59 5 60 26 45 36 90 98 50 15 39 72 49 20 73 80 16 28 35 8 21 65 73 38 55 16 98 50 1 17 47 23 87 48 12 79 75 1 28 36 46 58 43 99 66 50 23 76 55 73 3 55 57 52 81 83 59 92 64 77 72 39 57 84 27 37 60 75 54 52 74 71 35 93 49 0 53 11 55 49 37 91 26 87 7 66 9 84 54 60 5 47 37 69 44 41 9 33 2 90 26 69 81 8 70 32 85 11 66 41 87 82 62 28 50 40 20 49 15 19 69 52 11 21 36 85 68 12 5 13 9 82 4 71 0 60 91 81 33 77 60 24 30 40 28 99 91 49 68 15 0 79 59 17 72 34 93 21 28 87 85 96 83 71 19 22 94 46 59 91 13 72 36 72 2 54 62 21 84 0 23 31 76 18 59 88 67 84 86 95 82 83 38 44 10 99 44 10 80 91 33 56 24 1 48 70 23 42 81 20 3 5 86 64 71 99 40 49 69 47 1 6 42 81 61 87 78 65 2 9 76 7 69 96 37 36 44 93 92 49 1 78 9 58 64 33 9 23 38 24 30 53 79 50 65 47 82 87 20 86 17 0 7 13 100 89 43 32 73 87 54 32 82 79 48 27 0 48 3 62 35 100 21 3 30 32 45 46 36 71 93 62 30 14 25 93 72 91 52 20 8 14 72 10 16 90 15 14 85 78 33 13 7 79 38 2 79 86 99 19 10 58 60 92 81 55 64 10 75 7 40 13 46 3 59 68 43 33 91 35 79 28 94 19 90 3 73 36 20 72 
83 82 63 40 24 4 14 10 83 99 33 75 36 55 65 40 73 62 44 49 40 6 83 66 84 81 74 46 69 73 78 5 56 59 15 59 45 17 4 80 74 29 83 61 21 66 56 44 47 70 19 96 75 55 23 15 0 28 70 81 76 97 82 18 12 27 97 29 38 51 85 76 63 80 60 99 20 22 90 72 93 63 96 91 88 57 70 91 79 60 76 60 31 91 97 63 56 69 47 41 38 94 44 17 82 15 80 13 96 10 17 40 86 39 96 45 52 73 14 4 45 74 18 8 36 96 9 20 93 84 13 5 14 61 1 32 6 17 54 92 18 79 57 39 86 60 96 82 48 5 34 46 51 82 54 32 93 88 47 34 65 71 64 42 53 80 52 28 8 43 86 24 24 39 45 6 39 80 82 38 57 5 84 25 41 58 74 8 50 45 10 45 81 87 89 20 25 79 40 47 19 62 72 22 16 30 52 72 69 71 67 16 52 99 31 96 49 73 90 31 61 4 51 41 48 94 60 50 61 40 55 20 54 5 29 78 46 57 40 100 29 29 15 41 56 82 55 59 69 32 9 68 53 54 0 80 24 20 83 3 85 17 81 23 71 76 72 78 54 4 15 16 40 25 41 80 40 8 14 12 94 68 76 10 63 72 43 62 59 95 29 22 10 58 94 22 19 31 54 34 59 47 58 60 13 2 82 43 96 73 49 36 66 44 40 17 87 1 40 67 32 7 6 43 98 41 19 87 79 42 61 32 96 90 30 81 22 79 82 21 49 86 31 97 77 14 41 16 42 74 4 78 64 3 37 66 70 22 49 41 10 0 38 93 54 56 31 28 75 38 66 14 95 71 2 35 81 70 9 42 90 29 16 48 94 63 25 22 92 3 84 66 13 43 45 84 57 91 82 32 
8 68 23 25 9 35 68 24 16 3 64 83 84 13 1 76 42 38 93 74 67 23 79 99 86 93 34 15 59 15 6 32 0 45 66 88 0 58 35 22 64 42 40 26 84 61 16 35 35 2 66 19 84 28 23 71 21 70 28 36 42 76 2 93 29 93 46 17 21 12 36 95 92 45 73 12 0 30 67 63 45 66 20 9 47 1 80 57 46 23 24 18 65 85 65 61 20 11 39 95 0 62 24 6 35 83 3 12 55 68 22 54 79 75 78 27 44 45 93 55 16 13 64 63 17 53 99 13 96 76 61 5 48 86 88 62 55 0 22 40 56 42 24 63 65 10 61 85 10 42 90 37 4 50 47 49 99 93 6 73 46 87 25 35 52 94 68 61 90 68 23 57 61 41 84 100 30 49 60 80 73 36 34 22 40 74 48 35 50 8 46 73 100 69 12 87 33 38 17 57 1 32 52 72 97 7 56 31 34 76 91 19 86 70 29 64 15 4 2 44 0 5 41 10 74 33 24 25 47 90 17 56 70 5 99 99 4 33 70 12 2 93 54 48 79 83 29 36 27 94 86 44 83 20 18 100 72 4 4 54 10 60 13 12 51 92 76 7 75 17 41 83 28 47 79 90 27 42 33 19 34 31 88 37 82 89 33 8 98 78 0 49 37 46 73 5 13 43 81 37 25 4 26 25 23 47 93 38 75 99 65 55 100 19 99 15 33 48 58 71 39 11 50 90 100 72 17 35 93 87 96 50 62 33 21 31 29 44 1 3 12 44 4 50 4 64 1 69 70 7 60 83 25 61 41 71 29 66 77 33 24 58 70 68 58 15 49 81 10 30 98 24 17 42 16 5 94 5 69 13 99 30 47 94 12 46 10 45 29 82 22 76 78 62 18 78 14 49 36 0 
81 6 29 82 66 36 54 32 39 72 34 2 60 55 50 40 73 24 35 63 90 22 91 63 28 52 26 84 78 12 19 77 40 27 29 4 70 48 30 14 44 3 43 43 6 25 74 23 14 30 73 0 15 70 52 4 86 54 49 83 53 10 67 66 28 31 84 24 81 80 44 41 26 29 4 7 54 46 12 91 90 27 65 74 10 81 98 4 20 57 13 84 84 50 100 0 13 73 61 46 18 58 57 91 34 37 82 29 36 10 47 80 14 70 58 27 9 47 45 83 71 10 20 4 43 75 0 49 12 24 24 8 39 52 24 3 48 63 70 43 100 97 57 58 42 58 80 10 76 66 53 79 58 88 30 22 7 89 8 9 84 65 33 7 79 72 27 46 52 40 0 52 31 7 85 51 52 3 54 14 1 3 92 18 87 16 91 72 61 59 10 31 13 2 77 100 37 19 97 51 55 28 36 83 24 2 74 14 99 88 40 5 47 15 40 15 61 97 31 25 99 34 86 77 36 51 85 55 5 78 80 25 66 7 17 29 62 52 65 69 20 76 74 23 6 5 31 36 52 94 42 43 98 22 88 93 94 58 70 76 83 4 81 62 37 95 54 34 87 76 35 97 59 81 92 57 5 81 73 93 25 37 41 22 74 27 92 69 78 64 26 86 2 82 26 12 79 96 57 59 48 8 59 33 47 79 52 46 86 62 4 76 3 33 14 16 5 86 56 44 61 33 60 51 45 36 51 32 97 57 93 49 55 2 54 84 89 51 7 46 95 12 95 60 59 68 84 80 16 6 72 53 98 94 77 74 2 30 15 43 73 12 83 4 82 73 41 56 56 73 54 73 52 41 84 38 0 33 51 48 45 66 41 36 6 75 75 24 16 2 57 64 95 11 26 100 1 33 22 48 
38 9 96 52 85 54 84 53 67 82 81 35 81 77 68 61 67 33 38 27 20 53 25 4 93 64 39 3 97 16 10 50 43 98 44 17 95 95 61 29 39 3 32 84 72 95 28 92 84 80 94 89 33 60 69 4 8 8 26 88 42 60 8 59 72 63 20 74 6 50 82 81 5 9 92 90 79 52 50 73 35 18 78 83 16 4 15 52 76 34 0 3 71 15 28 86 18 2 34 93 84 96 53 32 49 72 27 59 88 83 31 59 31 5 7 8 34 43 47 40 83 64 85 34 61 89 75 85 75 14 85 20 36 88 84 13 46 35 55 85 55 37 82 51 72 91 0 37 67 82 92 63 36 8 10 28 6 60 79 76 68 90 22 92 27 97 21 46 95 19 82 19 88 99 85 34 66 22 90 41 14 69 22 1 58 30 82 34 91 90 52 54 41 10 72 70 5 25 51 92 92 0 92 34 29 61 50 68 28 85 90 61 6 16 73 73 62 45 55 12 33 1 6 24 22 83 40 46 75 35 4 92 66 26 54 88 55 60 6 34 3 48 50 61 31 31 64 8 71 89 12 63 89 57 87 17 82 36 60 8 29 4 69 11 29 75 58 1 28 90 25 84 61 87 55 77 23 63 45 29 88 26 54 52 55 20 24 61 90 21 22 16 58 78 12 8 73 26 20 12 84 91 35 75 80 1 21 72 22 51 22 83 34 28 86 47 61 58 45 0 7 73 69 50 5 90 34 5 5 6 35 46 94 87 94 91 31 80 95 22 3 54 99 86 22 22 28 77 12 38 39 34 98 69 96 60 44 93 8 5 2 51 18 37 0 6 38 75 21 50 100 22 57 34 45 51 82 90 22 35 92 92 87 12 35 59 23 9 28 72 41 42 50 93 54 52 11 56 56 24 
100 26 21 67 81 43 17 31 15 64 40 71 56 28 63 14 45 1 82 32 26 21 39 82 75 78 48 36 53 11 68 44 99 81 2 79 12 94 16 3 34 40 23 59 57 62 63 12 10 3 11 35 4 82 51 43 52 33 65 4 44 33 64 52 46 80 31 33 16 0 5 24 68 11 46 41 96 57 85 10 53 18 61 11 13 74 19 19 14 16 53 88 26 34 64 38 71 42 18 25 66 60 51 48 77 96 98 29 78 57 46 57 8 29 72 62 78 2 42 76 17 8 34 40 99 21 22 91 26 35 34 97 43 70 92 31 30 42 38 16 75 65 25 75 53 69 61 75 22 75 60 32 78 76 52 56 77 76 73 76 38 91 32 1 69 56 27 99 88 0 54 55 36 45 75 68 87 18 45 15 72 21 99 19 65 59 71 84 45 36 29 3 6 74 30 52 92 56 23 64 72 74 88 8 61 41 8 28 22 60 100 16 65 33 33 3 71 74 80 86 68 69 53 74 85 2 17 25 39 65 3 38 63 95 51 32 80 37 61 59 18 25 94 19 88 44 19 29 80 51 95 6 76 32 42 96 18 63 22 89 63 60 44 78 95 41 57 37 61 14 65 41 94 86 72 94 8 35 52 69 44 4 57 37 18 70 94 0 31 31 85 23 44 25 48 53 45 95 91 0 9 45 73 23 11 35 59 77 96 51 42 60 45 56 62 49 26 73 50 66 78 23 78 19 42 14 52 14 36 44 2 55 54 23 83 9 13 90 64 96 12 32 99 30 82 61 77 18 85 29 7 91 19 93 54 61 25 12 23 89 59 22 77 44 40 35 11 86 37 9 86 68 52 69 56 28 65 36 81 71 0 30 54 1 76 100 3 87 46 20 80 33 59 43 25 41 63 13 89 8 
41 39 92 11 0 76 28 47 75 81 62 67 76 68 51 73 16 31 69 2 76 33 94 20 14 80 20 45 80 94 0 74 97 6 14 58 7 27 63 20 62 63 41 73 48 37 100 17 22 51 43 8 26 77 3 31 48 45 9 89 0 92 30 40 55 19 54 20 44 77 76 10 76 84 74 26 13 71 60 95 40 4 67 76 36 66 34 75 38 63 3 23 93 49 49 89 14 53 12 70 86 35 57 96 36 58 88 63 56 17 94 26 22 30 45 82 71 47 46 48 30 51 97 14 51 1 46 56 85 87 77 90 6 99 89 67 92 8 79 47 29 25 50 99 31 58 84 74 55 71 63 90 83 83 46 5 25 40 66 80 56 10 44 11 41 49 91 46 95 65 56 47 63 80 94 60 34 2 68 17 52 68 75 75 57 56 69 4 41 76 55 76 47 3 93 41 47 26 30 59 50 19 28 4 79 5 56 5 3 4 52 32 61 51 83 52 45 28 80 31 68 66 31 27 46 55 35 46 53 14 10 39 44 64 0 29 89 17 61 65 92 46 25 68 33 52 31 67 33 34 89 60 27 14 28 60 11 84 56 47 4 60 97 52 38 88 99 81 2 37 61 60 76 97 63 92 84 51 92 81 28 45 17 75 86 13 43 52 63 1 65 24 34 36 90 62 36 93 64 45 41 6 6 30 78 33 68 97 0 53 19 23 100 38 4 59 91 13 37 11 59 63 71 81 95 76 27 22 14 88 100 24 16 12 42 26 48 11 28 26 83 22 93 59 46 17 66 48 42 13 13 36 53 64 66 54 92 19 83 54 46 84 65 94 92 36 95 60 79 30 76 99 48 91 59 77 22 81 85 86 51 1 24 64 45 87 24 69 88 59 13 10 12 31 3 91 18 73 24 68 
89 26 89 26 8 0 24 50 36 48 17 27 46 2 88 11 18 54 12 57 42 10 55 1 71 24 36 58 79 45 65 5 8 36 39 86 37 66 74 40 26 82 99 18 9 65 80 30 80 54 44 76 26 47 23 32 11 94 85 61 97 52 92 47 53 22 54 67 44 100 56 7 5 17 53 40 0 28 88 19 98 73 86 48 39 25 92 70 8 2 65 54 49 57 69 84 96 74 20 30 99 43 10 6 89 19 27 11 31 51 89 65 88 34 41 98 85 52 21 6 57 73 0 46 81 10 47 9 43 85 40 24 82 67 23 35 76 83 88 35 49 98 81 43 24 49 67 53 6 87 67 29 66 39 43 20 7 16 87 84 81 59 85 93 21 27 81 48 16 39 20 39 82 90 46 55 34 75 12 61 59 48 55 19 73 87 9 98 64 9 36 46 5 18 1 52 10 93 17 29 91 52 70 33 19 37 83 44 30 61 79 28 75 88 63 39 68 15 23 38 12 41 37 28 12 49 7 75 66 79 27 99 8 37 2 25 69 40 43 53 70 22 91 88 69 53 59 97 67 2 14 72 98 3 26 84 42 62 82 32 11 38 100 6 55 34 91 47 55 0 56 45 99 36 59 75 3 93 13 26 23 41 21 70 55 88 31 84 43 0 100 24 2 90 57 60 90 66 27 3 12 38 29 86 50 98 63 92 84 21 71 91 83 90 27 29 21 99 57 27 86 74 73 88 69 40 69 74 94 33 66 11 19 99 38 16 3 88 34 17 84 58 25 36 33 42 36 93 73 45 58 31 95 92 34 22 89 65 59 85 30 4 94 33 49 46 19 99 15 9 89 56 22 5 80 76 66 48 40 26 74 53 36 74 62 92 39 77 60 1 62 16 16 76 74 11 66 67 65 30 
97 34 51 31 12 65 90 40 41 45 13 22 40 37 51 23 35 54 54 59 8 81 12 24 18 59 85 43 17 15 48 32 52 28 99 61 40 37 41 47 56 47 99 22 93 26 97 61 0 53 74 32 18 81 62 94 45 11 47 88 20 5 70 51 36 89 1 54 62 52 35 88 28 36 66 20 19 55 63 83 82 59 14 75 83 54 22 53 30 21 42 80 30 84 65 29 93 75 35 39 58 95 32 8 41 97 57 99 78 35 37 100 39 85 69 26 67 99 75 32 29 28 53 83 75 47 69 70 96 80 78 16 97 66 90 8 46 89 19 26 98 35 91 37 68 85 71 57 39 2 56 79 100 75 77 19 18 95 53 53 44 45 98 24 16 37 39 49 30 27 52 72 57 88 39 62 74 14 36 96 44 28 79 68 38 49 2 74 47 38 3 63 64 84 81 36 56 82 36 42 83 4 57 98 78 2 33 63 98 44 95 30 85 40 32 79 99 75 31 46 36 47 6 71 94 100 92 68 26 52 12 29 58 63 94 91 85 66 77 54 26 89 26 80 4 40 38 4 66 65 2 14 90 48 28 67 41 34 6 23 56 40 61 51 94 86 69 90 50 28 75 89 78 27 45 76 32 65 65 53 61 5 16 81 27 83 73 47 70 22 21 9 69 38 75 13 54 10 32 79 61 53 37 11 6 20 87 49 44 44 14 91 80 54 16 61 35 46 0 15 77 76 43 80 17 38 93 82 58 25 34 37 40 22 91 4 69 74 68 65 63 32 75 59 42 3 14 94 38 13 50 0 54 97 71 33 72 57 48 40 21 87 82 34 16 7 99 2 95 66 92 88 69 93 64 87 38 34 64 14 67 61 57 69 7 74 91 96 40 73 93 83 33 24 11 9 26 65 77 65 
9 78 55 67 15 26 34 19 23 67 77 22 20 34 52 25 47 44 32 86 14 39 91 67 57 94 16 3 67 95 58 21 68 25 73 27 89 34 27 31 66 80 13 60 74 84 61 31 85 25 76 21 100 31 47 4 96 98 40 45 75 94 3 53 83 93 91 31 16 54 39 2 26 65 46 54 73 56 51 19 42 30 53 2 91 95 3 3 94 44 48 66 2 9 52 13 78 62 48 53 71 77 85 33 50 1 8 10 68 52 26 23 68 66 24 53 84 96 57 75 40 68 63 62 82 94 65 16 16 36 11 97 3 34 83 95 43 59 0 45 78 14 48 65 99 25 15 3 48 67 44 5 85 51 46 78 89 81 64 57 90 3 17 42 73 42 98 13 11 36 41 16 29 95 6 51 78 58 69 8 85 72 10 27 3 23 60 62 56 30 98 15 8 6 91 8 96 46 33 68 13 61 80 80 89 65 23 67 10 34 54 36 78 24 77 30 57 43 50 20 52 20 81 75 83 13 34 27 86 93 18 20 28 67 13 55 48 4 100 61 41 59 71 8 63 80 91 59 89 97 15 48 11 76 24 99 68 0 15 98 2 2 76 11 31 59 69 19 39 40 45 54 60 61 49 38 15 23 64 84 23 23 2 33 53 77 38 23 2 44 2 36 58 69 50 17 40 26 8 91 70 72 69 92 59 65 50 85 0 18 22 53 56 65 16 20 55 77 49 70 65 61 6 24 39 89 56 46 14 82 29 35 10 77 64 27 58 96 23 1 40 59 79 18 61 69 7 96 15 31 35 2 63 28 39 57 43 3 73 54 51 97 94 50 19 16 77 43 63 64 2 97 89 26 46 77 51 7 85 49 73 36 40 62 10 11 46 0 39 30 22 48 77 49 59 14 29 8 89 32 
75 34 14 94 0 52 58 23 83 2 14 97 22 92 26 95 76 100 3 40 83 76 18 72 81 81 65 71 1 95 52 44 43 31 35 99 6 11 58 0 3 18 2 74 12 44 33 50 49 83 94 86 88 66 6 69 97 43 13 81 18 86 41 6 35 87 79 47 47 82 56 54 96 21 6 67 94 32 34 31 95 30 6 33 32 90 25 36 30 61 29 63 42 61 15 62 48 99 0 67 74 34 17 92 14 15 75 19 6 41 10 78 18 74 43 86 89 27 100 2 24 13 43 69 55 69 99 20 96 2 51 41 85 82 11 83 52 89 19 11 50 83 35 16 69 96 17 19 82 73 56 33 100 99 88 90 52 37 59 11 42 42 51 29 31 91 34 51 12 74 27 37 43 6 98 72 15 51 69 68 52 1 96 38 99 54 44 14 6 87 96 5 6 85 53 79 57 46 79 32 65 0 18 39 58 19 100 93 43 69 65 17 3 20 99 34 46 21 99 30 4 21 95 100 23 4 98 79 93 54 48 57 66 45 36 27 39 27 37 14 45 70 59 64 28 18 54 37 3 0 2 20 66 96 0 89 12 58 2 74 11 26 53 9 26 57 79 58 90 30 65 37 71 55 69 81 15 51 6 82 24 91 41 88 11 69 8 78 37 34 87 10 5 11 46 87 61 22 10 23 17 73 94 3 99 87 13 14 65 55 46 23 46 11 16 64 5 31 80 23 55 19 18 78 41 18 72 10 64 62 51 81 36 54 43 67 13 37 81 15 37 12 0 88 80 72 39 66 18 97 51 92 13 83 39 3 58 13 93 95 14 68 78 83 84 32 36 36 61 92 28 71 29 60 61 64 99 68 97 99 2 14 35 88 0 14 94 89 72 86 30 19 50 58 29 5 71 64 100 81 
11 14 19 64 16 58 93 40 55 9 74 33 37 4 32 12 16 50 100 80 74 85 6 36 98 9 38 9 29 49 9 11 72 49 5 82 57 91 36 98 18 67 88 55 0 44 30 95 25 17 65 70 37 36 33 9 69 53 41 24 76 36 80 46 35 37 60 33 21 69 42 15 41 85 26 99 97 77 63 55 1 1 98 61 79 70 7 80 89 44 100 5 65 16 91 71 77 70 22 22 72 89 40 36 66 98 73 22 25 56 69 8 4 42 49 45 16 62 5 3 48 58 15 76 79 61 18 33 32 35 67 6 37 5 49 37 95 18 52 1 7 4 32 57 60 2 43 21 33 9 35 2 41 60 72 25 82 91 0 96 86 60 94 22 61 54 91 27 17 22 78 71 0 47 1 53 3 13 18 54 65 43 87 83 92 94 7 16 36 41 75 92 14 2 52 57 2 18 38 20 68 74 0 32 87 82 95 23 11 50 47 11 45 8 41 46 49 74 74 79 89 62 34 56 32 2 18 73 96 45 50 77 16 53 83 92 2 11 5 89 95 31 36 85 49 52 56 46 36 16 97 64 61 52 13 94 99 53 81 12 62 89 63 56 98 98 12 8 70 22 9 86 52 99 99 1 0 98 72 78 40 95 96 72 27 70 64 53 47 34 69 67 90 45 16 90 31 58 52 12 57 53 56 94 42 78 66 56 69 45 44 28 66 52 75 61 82 70 0 12 90 8 80 92 30 28 41 50 84 85 2 53 12 34 37 19 81 47 83 9 96 16 29 57 56 60 34 87 73 2 71 81 33 59 72 84 97 94 34 96 36 100 16 55 36 44 33 84 51 85 97 18 7 79 25 45 74 90 47 46 13 32 52 48 99 8 5 2 46 22 8 55 94 32 36 46 31 99 98 33 
85 100 61 25 80 63 87 50 58 44 80 89 67 50 62 88 76 97 79 58 28 64 32 72 31 67 88 58 18 44 43 63 34 3 48 96 35 15 51 7 93 87 8 59 86 25 72 52 33 61 99 24 46 84 3 66 35 81 27 40 15 96 86 27 53 85 41 91 75 25 87 91 97 44 81 89 51 92 89 64 61 86 4 97 58 0 88 29 10 24 83 44 69 1 67 59 25 4 57 78 32 70 18 74 29 38 27 75 94 15 89 15 14 90 55 68 53 24 0 38 51 66 40 90 20 45 77 84 1 89 91 34 93 30 2 15 27 19 93 89 16 76 12 54 11 25 56 8 40 88 83 85 60 20 89 23 81 93 57 96 39 63 69 51 59 23 39 59 85 55 49 34 88 45 78 55 77 95 40 96 100 26 40 30 94 2 65 56 87 56 88 78 92 82 17 56 1 68 92 47 8 10 54 50 92 8 69 10 40 56 46 84 26 83 79 13 97 61 36 79 86 76 38 7 65 69 65 76 36 9 7 100 32 76 25 6 37 53 62 48 11 5 22 14 5 65 5 67 61 2 88 35 71 9 90 64 47 43 52 73 66 65 81 52 80 59 4 81 45 38 48 8 55 52 18 77 98 61 83 30 91 50 94 22 34 76 47 74 38 98 22 75 75 38 85 24 82 43 80 22 6 67 91 34 7 53 71 28 24 8 79 91 86 6 24 40 70 11 38 18 59 41 75 15 59 18 9 66 63 12 91 52 60 89 19 85 23 67 85 19 59 98 11 42 90 39 36 34 79 86 11 91 26 31 52 35 2 46 45 57 52 8 54 63 6 23 23 24 1 44 66 85 72 14 40 62 15 96 52 13 11 29 72 18 48 17 63 30 27 52 87 55 57 1 78 40 80 68 42 2 
75 42 11 69 53 10 29 86 94 26 5 63 49 43 44 0 36 73 23 81 32 98 28 20 68 34 6 45 69 98 20 22 54 76 0 20 93 27 4 66 67 4 6 39 12 12 19 75 94 49 4 8 84 24 10 64 13 20 70 53 61 0 92 23 67 83 3 55 83 49 100 9 62 27 63 60 26 20 57 75 26 57 99 79 64 86 44 81 91 74 66 67 14 92 79 84 8 32 84 15 81 24 1 18 33 99 27 62 25 98 83 79 48 70 36 99 51 13 69 25 43 41 13 31 57 73 42 90 69 55 75 100 5 12 19 76 12 61 74 30 49 100 19 68 82 58 94 25 85 97 22 35 31 86 2 78 63 76 30 41 95 96 11 0 53 38 9 81 35 33 71 80 7 26 78 57 42 1 57 14 74 40 47 81 54 39 35 11 56 19 14 88 17 2 51 48 77 78 94 61 6 72 33 88 86 79 43 52 64 61 27 49 13 91 20 35 44 40 40 6 71 71 33 66 58 96 61 79 93 89 27 44 11 78 74 58 90 100 84 64 75 23 57 87 10 54 7 46 58 42 22 76 48 85 83 65 17 37 85 10 3 95 20 39 75 87 62 100 59 92 76 10 1 10 58 27 8 17 90 17 39 8 13 21 54 96 61 92 21 9 97 49 47 56 20 85 92 72 66 8 19 54 59 54 24 96 3 33 55 7 14 17 39 44 38 10 38 81 89 34 77 86 65 46 75 88 51 71 88 93 71 88 93 86 32 60 17 61 4 77 78 4 22 39 1 72 90 42 1 68 82 58 50 72 98 88 84 23 98 7 58 50 88 92 76 34 71 73 10 44 17 34 71 53 93 84 70 7 97 78 10 7 31 88 97 43 74 45 50 4 36 97 0 34 59 86 51 85 45 46 
48 94 43 2 32 60 22 100 87 70 81 90 47 50 21 3 100 67 23 41 92 24 90 80 26 77 55 78 84 19 39 75 32 13 83 16 79 5 0 83 98 2 19 81 35 21 100 5 68 21 75 49 75 62 43 37 41 96 55 84 92 49 28 49 89 39 86 46 37 49 0 53 14 65 5 67 63 32 56 8 66 64 98 66 43 39 45 83 73 36 88 36 7 57 52 90 11 30 50 81 22 15 53 84 83 41 85 81 59 88 13 54 39 44 99 82 63 61 30 46 4 8 7 9 31 94 45 65 71 80 86 41 39 55 62 75 57 46 81 1 73 17 97 96 1 60 54 40 30 1 26 0 62 73 38 5 55 67 44 14 34 21 86 6 17 1 25 78 27 39 36 72 88 21 55 68 94 98 42 58 52 51 69 61 7 1 35 59 16 47 71 63 100 15 60 19 18 4 85 29 56 0 69 34 21 96 19 43 78 96 84 92 3 0 90 11 34 1 85 74 14 69 88 73 79 12 70 41 40 75 8 98 50 19 62 0 26 20 44 4 48 35 100 99 27 34 38 92 38 17 61 99 40 34 85 38 8 7 40 58 76 81 26 24 36 59 0 92 53 75 33 65 32 4 81 6 18 78 88 57 83 66 16 72 23 44 36 65 66 74 100 12 99 19 41 96 3 81 94 27 9 7 76 48 70 71 84 86 38 37 26 54 98 48 61 20 7 27 84 99 77 58 74 88 41 23 37 36 7 13 18 81 53 86 83 75 80 17 68 54 95 90 51 37 45 24 73 67 88 98 14 64 69 62 27 76 93 1 41 35 80 55 62 15 100 43 3 78 35 49 26 65 23 22 52 82 21 31 99 86 97 58 33 40 49 17 35 45 18 8 77 25 31 58 91 77 71 43 43 93 
45 28 54 2 96 15 23 29 34 62 72 31 12 24 32 79 99 18 67 62 27 8 30 23 98 41 27 0 19 77 29 19 4 19 94 49 47 27 41 43 86 55 55 67 50 42 64 8 97 14 37 57 15 21 21 18 57 67 41 89 2 51 47 82 16 98 62 65 96 80 7 95 15 6 18 88 52 19 37 47 43 61 17 79 8 41 42 47 85 45 0 76 17 27 22 61 9 0 64 100 68 11 54 91 78 39 73 99 74 23 27 70 14 81 88 51 30 83 17 7 87 75 40 30 7 52 20 29 16 0 75 6 80 74 0 34 50 32 45 15 66 38 63 36 47 95 40 19 8 3 29 20 34 91 27 81 16 63 83 63 48 33 28 13 76 68 1 40 29 36 46 10 47 18 52 3 2 94 33 93 38 5 33 84 97 33 57 4 67 52 74 7 91 95 42 53 22 69 98 19 12 4 42 31 27 41 99 88 7 18 37 47 34 53 2 4 22 87 3 77 52 64 68 52 42 29 92 62 77 18 27 63 79 4 25 61 1 29 3 56 22 39 35 68 10 72 29 77 20 62 52 87 59 94 64 11 35 96 10 11 30 30 22 41 76 33 93 63 47 26 6 38 79 64 30 91 76 23 2 93 6 99 18 34 55 99 40 5 29 30 18 100 14 67 46 32 93 1 14 49 48 4 34 5 73 77 99 52 15 41 60 75 99 57 88 48 43 59 49 49 54 52 50 29 32 93 26 13 36 26 67 55 42 20 26 96 54 12 53 98 17 20 44 1 29 30 65 94 44 75 0 97 15 76 47 50 93 51 19 3 11 21 58 52 36 40 68 71 73 3 91 29 66 89 10 71 72 53 19 41 63 12 63 19 88 75 86 45 23 44 13 86 34 85 84 79 85 65 88 33 
24 78 5 40 9 83 77 89 70 26 61 82 96 30 50 95 8 64 78 56 80 82 88 86 20 29 71 2 52 21 14 37 0 9 100 64 92 85 79 96 26 55 99 33 44 91 93 64 55 26 17 52 0 94 7 76 90 21 71 34 54 81 52 78 14 44 3 80 57 44 63 99 6 31 52 86 38 12 57 87 45 87 73 42 93 13 74 2 19 3 32 100 90 57 94 8 82 7 47 27 37 84 50 94 26 79 9 53 13 70 7 53 46 73 59 96 14 95 78 37 94 41 59 8 87 59 19 36 42 14 13 78 60 97 51 39 93 34 79 56 34 50 33 87 3 39 37 30 52 18 66 68 77 96 33 60 72 14 2 46 8 63 7 96 92 56 84 57 22 44 99 60 61 21 81 1 12 37 68 49 97 99 71 97 26 65 24 37 79 69 13 38 92 81 5 99 46 89 10 80 76 5 92 9 83 5 85 20 36 64 90 66 9 29 8 13 25 39 53 79 73 20 24 94 16 66 88 91 15 92 65 75 2 25 69 30 78 96 96 22 92 79 30 74 26 46 33 59 60 45 82 4 58 47 37 97 60 10 89 9 62 57 19 35 30 95 72 91 22 4 41 41 1 32 99 12 4 59 2 5 42 68 74 62 78 82 79 58 46 100 56 22 97 64 11 1 32 81 14 29 85 28 76 92 35 95 49 43 87 3 30 61 89 21 96 31 26 61 90 36 40 60 71 92 81 25 65 78 31 40 64 68 38 69 62 8 89 62 65 5 63 38 43 23 61 7 96 60 21 86 56 0 39 78 6 86 93 39 71 44 49 41 49 12 72 40 8 46 11 65 50 66 72 28 13 93 5 79 61 50 41 21 31 90 10 12 69 70 5 57 34 54 11 96 27 26 34 53 74 37 
21 64 79 65 11 56 38 35 24 25 32 49 79 11 44 97 69 75 74 51 32 8 17 64 24 42 12 4 15 63 99 27 86 13 85 68 19 85 28 51 87 54 59 8 3 64 44 65 74 51 63 10 23 44 11 4 24 11 5 19 17 67 36 47 78 32 28 70 78 82 26 63 14 5 71 98 3 33 48 49 57 50 86 41 53 16 10 59 29 54 97 34 38 68 92 64 64 4 0 42 100 5 28 73 85 76 66 24 56 76 85 92 70 81 90 38 40 39 69 32 28 16 60 93 17 85 44 85 59 95 83 34 75 60 27 67 49 86 62 100 23 5 99 50 14 33 52 92 61 13 86 82 14 31 45 50 47 73 63 62 45 28 36 26 26 36 40 5 71 31 98 32 39 69 82 89 29 2 51 43 5 53 40 40 89 72 77 77 19 83 6 47 83 81 38 52 93 1 4 86 63 62 61 69 73 38 2 87 97 20 24 35 94 63 30 35 23 53 75 61 9 38 20 52 25 4 28 11 53 94 11 72 64 70 77 6 91 90 95 92 50 66 58 19 6 15 83 97 86 78 49 23 6 14 63 37 99 74 83 76 36 49 43 1 50 32 77 33 7 11 92 2 17 6 40 83 63 29 48 53 52 26 80 26 15 63 29 83 30 2 7 89 82 30 22 40 57 39 84 31 72 48 59 24 58 26 48 42 1 54 40 83 19 55 19 33 3 52 63 28 23 64 49 86 44 35 77 41 87 56 73 72 63 28 28 90 87 70 43 4 46 18 96 36 87 84 40 18 38 44 81 92 96 60 43 15 63 37 94 71 18 16 5 86 40 11 24 37 58 76 39 59 20 40 44 60 0 41 17 99 11 35 24 25 69 40 71 47 30 97 44 53 31 78 2 30 60 41 2 8 
34 43 10 69 60 55 19 85 67 4 16 0 27 72 65 9 69 56 72 67 36 31 49 82 7 25 43 12 40 74 70 79 47 79 36 31 97 58 7 23 74 32 0 93 3 7 10 60 62 3 75 90 98 89 77 53 60 67 41 49 21 40 60 51 58 68 15 60 20 26 42 19 11 2 13 97 98 80 13 69 39 28 47 95 79 66 80 14 90 87 6 38 64 96 73 66 92 56 51 97 97 69 81 75 20 8 87 28 34 20 63 61 72 7 72 23 62 13 6 19 75 36 46 35 32 38 48 19 66 91 67 35 40 68 92 43 69 57 84 28 86 42 87 18 85 23 42 10 79 1 19 64 61 34 2 74 91 20 47 33 60 0 26 41 90 50 29 58 95 62 16 27 39 78 8 63 99 50 73 92 1 38 54 41 83 7 41 30 2 98 60 64 37 76 32 0 1 79 98 77 42 37 36 52 16 38 8 28 99 25 25 45 14 6 88 81 38 57 77 54 31 45 39 62 57 47 51 24 91 2 96 48 23 79 100 52 19 32 38 100 0 7 23 18 27 43 10 24 38 50 57 90 75 51 90 10 15 74 48 21 5 100 69 22 76 11 33 11 86 72 91 25 30 51 24 49 5 15 64 53 98 80 88 85 58 80 56 30 58 55 93 84 87 43 54 3 84 77 96 2 52 35 5 43 50 80 56 79 67 84 25 28 45 79 55 65 57 75 95 24 11 95 24 18 43 12 65 74 48 33 48 1 57 74 48 11 53 40 44 50 82 37 78 54 42 28 20 41 30 40 82 32 4 93 83 67 93 42 99 90 33 80 35 79 17 99 46 49 23 62 77 100 33 25 71 57 16 63 68 75 82 54 29 28 71 16 87 85 30 100 87 82 50 24 51 45 21 25 34 87 
86 51 78 88 2 58 6 20 43 71 69 0 38 52 83 38 75 16 28 28 32 41 1 46 59 57 38 41 38 87 96 11 20 46 21 99 95 66 34 37 47 54 74 15 32 50 87 31 18 65 32 2 29 4 37 35 23 85 11 18 53 27 34 85 27 74 8 26 18 90 31 16 7 36 89 22 36 36 67 73 25 61 54 82 37 15 97 54 34 53 39 48 67 14 0 0 6 83 77 50 97 66 81 13 90 1 84 64 68 1 5 97 20 50 8 57 60 68 95 69 32 63 55 51 12 96 63 20 26 23 81 0 65 88 97 76 30 33 72 72 0 85 38 26 18 100 90 19 84 55 1 57 20 47 90 26 21 33 71 25 93 16 32 4 64 76 66 27 53 74 60 51 63 57 60 70 43 69 16 18 59 7 87 56 52 70 75 13 45 60 35 12 0 15 68 34 1 60 55 72 41 50 13 34 81 17 2 65 3 24 29 81 13 20 79 37 13 45 14 71 14 2 69 17 41 65 39 0 65 24 3 24 49 84 99 61 93 96 64 74 9 17 76 22 47 81 32 12 31 73 27 17 16 89 9 58 89 15 97 13 93 72 47 70 79 31 65 60 19 53 16 65 16 88 77 90 71 14 84 78 17 37 75 52 36 43 48 64 17 56 2 39 89 92 53 20 38 35 24 37 43 55 63 31 93 20 64 18 83 74 97 51 62 20 64 53 24 82 24 99 28 63 40 55 3 40 67 43 74 32 97 67 54 33 24 71 57 73 93 30 19 7 100 47 79 71 55 59 97 7 29 15 77 35 3 39 57 8 20 22 17 1 72 68 74 71 69 94 64 97 87 99 0 1 39 97 72 6 13 60 2 60 42 40 46 97 5 99 11 50 62 32 1 71 39 46 22 53 14 12 
47 8 38 46 39 71 50 89 34 63 1 16 58 79 37 42 6 32 20 100 46 1 54 17 77 92 46 8 42 35 32 24 41 26 90 64 94 19 96 54 27 40 75 91 84 56 14 65 49 25 61 87 42 89 5 15 86 81 31 35 15 88 30 74 2 4 42 1 17 0 34 34 7 78 29 53 37 62 8 69 58 2 45 44 18 64 16 70 7 83 76 97 100 15 76 84 86 30 9 48 17 90 53 24 86 63 37 0 9 14 74 31 69 12 66 10 66 95 67 75 67 81 67 9 3 77 30 35 82 45 27 48 3 6 19 26 16 67 93 54 46 3 32 64 71 49 97 11 51 23 59 57 75 34 56 10 23 62 77 79 71 41 51 92 56 94 29 37 98 73 17 64 40 95 83 7 32 9 83 80 90 20 82 83 31 95 56 71 38 36 86 88 69 70 12 30 21 63 51 34 39 72 60 96 26 7 11 1 67 0 20 6 47 0 78 57 85 58 23 27 70 21 58 77 95 50 5 30 76 8 90 10 51 66 100 5 89 8 90 34 56 13 39 76 94 91 15 6 66 62 54 41 22 6 55 58 4 20 9 1 39 82 98 1 100 48 50 92 57 77 65 31 31 17 97 100 40 53 5 99 88 57 62 51 11 75 27 68 57 1 19 94 75 49 74 84 38 22 48 47 9 2 58 7 79 71 7 56 18 58 71 92 22 3 43 98 81 22 24 98 42 87 22 25 37 10 4 54 8 49 88 73 68 7 1 34 87 2 77 84 34 48 68 42 12 25 19 28 60 85 51 83 65 74 57 17 6 6 43 41 34 28 92 58 37 70 88 7 78 8 66 62 93 3 40 92 90 19 20 73 85 94 17 46 97 15 91 12 29 8 42 95 55 35 100 23 12 0 12 48 
22 14 88 14 82 67 58 51 13 35 8 59 90 28 91 41 51 28 37 36 86 96 6 74 91 8 51 25 13 40 83 62 66 44 73 11 41 88 40 48 44 30 99 6 25 60 43 50 23 22 52 44 5 9 5 98 68 47 97 41 50 17 16 81 98 99 21 29 60 7 81 6 69 48 98 63 84 75 23 48 9 54 37 34 86 73 9 28 32 86 96 81 80 90 48 74 67 38 69 28 58 81 88 89 70 50 72 71 74 65 39 61 28 29 52 53 61 87 57 84 40 0 49 80 11 69 82 6 89 97 54 16 68 57 95 0 67 40 62 32 23 65 70 43 19 2 50 91 62 78 56 10 36 87 77 93 29 87 93 74 95 93 80 28 5 58 55 34 81 91 72 26 34 78 31 7 100 4 46 7 50 68 56 49 17 53 91 80 99 18 18 67 32 66 46 24 37 42 87 68 97 40 81 38 77 75 100 18 1 74 49 23 63 55 20 67 75 62 43 63 57 55 68 9 52 2 44 21 91 55 49 10 71 14 0 67 25 23 31 96 98 6 16 71 16 5 23 29 32 16 89 85 51 90 23 51 45 58 16 16 49 99 42 99 52 92 41 69 94 7 96 34 39 68 38 27 54 39 84 11 69 78 79 9 66 25 37 96 15 50 95 19 55 77 4 81 48 92 44 70 13 5 16 80 66 98 79 23 60 49 65 73 15 94 40 65 55 75 40 58 8 96 49 76 84 30 98 99 40 60 45 57 66 96 92 44 94 18 3 26 11 48 71 49 92 48 73 57 37 39 63 98 77 82 69 64 9 30 37 32 58 72 87 73 65 83 45 38 39 7 78 41 70 68 75 24 72 60 64 79 72 45 14 97 84 16 20 71 76 3 8 9 38 63 17 2 68 23 16 68 
68 46 67 61 88 38 66 41 45 39 3 64 19 2 74 94 67 85 0 73 77 86 53 100 80 52 2 52 31 73 94 55 66 21 65 8 73 19 88 31 2 24 0 54 64 74 28 56 28 53 76 84 8 46 33 33 73 50 62 54 25 51 97 34 25 78 54 61 8 92 5 13 1 95 92 27 96 46 13 44 73 50 20 99 52 30 17 37 89 94 27 43 7 12 54 28 19 84 62 70 32 15 38 18 95 64 74 23 32 5 85 52 16 39 66 27 43 97 37 52 95 93 57 19 12 9 71 69 44 27 73 29 86 25 0 11 6 44 20 26 33 52 2 0 66 75 44 62 43 78 17 26 29 17 1 70 81 4 61 33 10 18 20 43 92 48 74 20 39 29 76 82 44 38 36 13 24 15 5 14 16 91 57 25 48 23 2 52 57 11 22 23 35 65 58 44 70 4 62 79 65 88 20 3 48 69 8 75 67 29 88 49 35 61 35 78 87 26 1 50 90 96 80 86 0 92 42 21 21 46 36 98 10 91 53 5 39 70 51 55 49 65 99 99 43 5 94 24 9 4 43 83 64 82 100 50 87 83 84 22 0 88 16 52 96 13 27 86 79 36 39 6 2 43 98 54 79 69 46 99 35 82 86 0 51 38 3 45 9 5 70 31 77 14 69 25 56 31 29 98 54 73 71 9 21 57 8 40 26 69 55 5 74 42 68 8 54 16 47 29 84 21 85 22 96 33 70 82 42 68 53 36 14 52 41 32 96 22 86 92 1 21 57 31 90 49 41 7 33 38 77 23 98 91 0 43 77 92 1 80 88 92 83 36 88 20 72 15 15 20 65 99 58 56 12 49 64 14 68 78 27 23 69 73 40 71 44 30 62 85 4 55 39 18 82 28 25 76 97 92 
54 33 24 50 62 4 77 76 26 5 37 36 79 90 65 24 73 37 10 70 1 24 12 22 88 47 55 72 82 79 37 84 55 78 12 32 67 70 95 22 57 20 17 45 84 16 46 65 99 23 7 81 7 95 28 7 7 14 31 45 42 33 72 81 11 66 62 25 55 39 19 68 12 3 33 51 83 94 48 92 27 57 37 50 58 72 100 14 10 4 36 15 41 100 7 58 84 33 83 79 10 9 83 26 79 43 62 92 99 81 65 93 71 40 9 76 41 83 75 68 13 35 59 10 60 98 95 9 17 62 46 94 20 79 38 52 25 32 32 99 20 75 11 74 46 38 37 21 82 74 12 91 53 95 94 56 59 45 52 60 29 9 58 58 88 79 79 94 90 83 28 47 7 11 92 44 40 19 9 47 33 65 65 64 12 30 91 60 82 93 66 95 99 94 37 33 17 85 0 49 62 69 61 99 85 15 57 62 48 76 20 60 39 72 86 14 100 40 31 80 97 77 19 42 44 25 82 86 41 6 22 11 91 42 42 96 92 25 98 92 24 34 23 66 80 72 73 71 64 26 66 89 93 55 20 15 75 24 40 15 44 40 30 20 75 61 11 57 14 23 97 92 26 57 41 67 44 20 97 88 26 37 38 92 11 41 94 45 34 70 18 48 29 99 0 55 43 9 92 18 71 60 52 6 74 82 94 8 98 36 84 74 59 86 86 11 93 29 31 32 46 24 68 5 40 35 20 81 1 19 64 88 53 24 39 67 8 27 69 94 92 51 92 14 62 87 82 41 69 62 94 20 79 79 67 27 42 63 94 0 34 87 75 98 56 33 47 26 13 52 100 50 76 47 65 47 19 18 41 65 70 67 17 50 36 37 95 25 64 58 98 89 100 29 35 85 5 7 34 24 
13 21 31 68 28 66 66 1 13 15 87 73 59 35 64 83 55 18 76 62 13 61 6 39 48 21 37 50 81 24 92 15 64 48 93 59 65 32 28 61 34 23 9 81 40 44 1 18 26 62 49 66 26 28 93 75 84 25 51 100 11 73 88 93 72 26 12 62 60 29 51 54 70 81 59 89 98 65 56 52 58 78 36 35 52 54 73 29 33 89 10 87 47 93 17 47 56 39 51 51 82 51 41 65 53 3 88 33 84 29 91 98 29 59 25 57 78 78 6 25 32 5 31 58 100 98 18 89 100 68 51 67 19 12 38 26 50 14 31 51 52 75 19 63 1 78 94 66 50 14 84 83 68 75 3 95 41 73 54 96 51 62 67 70 67 48 77 72 66 50 22 33 64 40 27 26 80 43 29 21 33 14 46 1 37 32 75 46 40 9 71 37 88 67 44 68 2 3 39 45 78 10 95 4 81 92 42 41 71 38 85 5 11 57 35 32 11 20 33 61 16 93 96 54 60 72 76 0 83 5 61 56 81 48 57 74 85 74 69 27 51 48 66 14 97 5 70 46 99 14 32 90 79 86 94 44 86 86 36 27 29 75 91 19 61 55 74 7 57 81 34 59 1 31 94 25 2 11 41 19 12 45 79 8 33 16 73 89 60 32 18 19 2 59 81 81 10 94 32 46 55 97 17 63 9 92 36 61 63 97 51 62 39 25 56 2 82 47 46 70 9 91 18 28 5 5 85 37 82 6 49 75 20 17 37 81 76 100 64 18 78 47 89 63 93 76 95 93 90 31 45 51 30 72 30 22 24 88 45 56 13 18 39 6 66 54 100 100 72 79 98 9 35 23 11 28 19 71 52 55 34 71 94 79 24 64 42 48 88 18 94 9 51 14 68 50 48 12 31 83 
69 64 81 3 19 12 99 52 11 98 87 50 4 6 50 19 24 3 54 52 4 85 9 41 93 82 35 16 21 77 21 94 5 99 85 91 93 82 81 88 17 83 89 100 45 73 26 34 62 33 7 83 20 52 94 80 27 73 22 86 62 79 7 100 15 99 94 7 41 89 6 98 27 80 63 59 24 13 24 49 12 71 96 19 77 80 0 93 32 57 70 98 68 64 12 35 64 37 13 79 6 21 42 62 9 39 41 85 10 24 14 25 81 14 26 44 6 99 55 74 13 68 77 33 31 7 67 43 30 5 41 67 34 99 20 48 9 98 20 25 19 4 38 63 36 4 59 61 3 54 67 38 6 98 23 38 71 15 30 65 79 6 44 41 27 54 4 1 31 6 81 58 70 60 44 63 37 73 57 38 4 77 78 43 91 41 96 7 71 36 70 28 21 97 14 35 89 30 71 13 27 36 76 19 76 77 25 84 35 71 4 82 9 73 20 93 19 68 100 96 57 31 86 3 50 79 82 90 36 47 58 14 44 25 22 21 42 94 25 43 17 1 37 85 48 44 67 51 28 82 6 44 73 7 20 58 32 45 61 33 95 17 77 99 2 90 84 8 79 46 94 15 74 3 45 78 42 64 26 94 30 51 70 74 84 34 88 25 81 43 21 26 88 49 46 43 95 28 64 99 87 24 14 80 83 49 26 53 8 69 48 50 65 4 47 3 38 100 75 35 23 7 57 14 88 31 98 10 79 17 75 35 52 80 7 52 72 15 4 73 96 53 64 61 16 5 81 19 23 59 80 63 19 86 56 6 6 25 73 18 13 65 71 22 1 77 24 78 23 35 85 45 29 56 83 2 86 39 96 25 50 69 66 10 49 42 86 9 61 70 21 63 64 86 61 42 30 71 26 60 
33 64 67 77 79 45 3 94 61 95 32 30 48 17 12 97 54 8 58 77 87 22 1 89 69 79 86 13 53 71 97 74 50 5 84 41 80 26 49 87 85 50 58 53 83 99 94 99 24 52 67 36 74 14 17 70 4 83 44 7 47 42 12 62 59 1 68 54 72 96 77 94 6 46 23 75 38 73 79 52 13 39 69 40 29 79 63 38 18 85 84 64 27 64 95 66 24 74 54 41 30 54 37 87 94 46 30 30 44 31 69 20 98 93 69 83 32 12 81 49 22 44 98 30 40 100 74 7 52 10 47 49 21 52 92 4 36 35 26 72 64 39 66 88 70 0 91 61 87 30 66 62 44 76 68 56 10 32 32 73 72 32 87 18 8 30 48 100 67 13 85 81 86 99 47 26 5 5 21 53 33 3 9 85 71 96 5 15 28 47 0 55 44 31 98 40 32 75 59 99 60 24 54 18 32 32 52 23 89 78 37 4 2 24 33 85 34 87 96 21 52 94 68 67 49 17 23 22 34 58 98 58 43 93 7 12 88 12 74 73 84 73 98 5 97 60 43 24 43 97 5 86 30 71 67 64 79 47 62 88 21 77 38 96 14 65 40 60 37 67 81 97 94 57 72 12 85 28 89 83 91 2 92 13 86 79 29 28 34 87 21 0 100 24 66 79 32 60 71 84 83 37 72 78 100 40 94 83 100 11 33 10 21 63 39 54 79 0 42 93 72 78 19 12 45 84 96 77 31 27 50 1 81 53 94 4 46 55 53 26 17 39 95 57 28 93 43 72 76 56 94 18 64 36 57 29 43 43 95 37 74 1 22 85 29 60 38 20 6 2 5 100 3 14 71 94 62 48 4 2 83 14 22 38 89 79 39 61 6 84 47 97 81 25 49 75 69 63 52 60 
8 5 49 24 98 19 37 64 6 15 66 80 72 7 39 57 12 71 94 58 44 60 23 46 44 1 66 13 55 65 46 73 18 84 46 19 1 30 41 51 97 85 50 56 60 21 68 100 44 42 26 62 93 63 3 59 81 8 87 86 14 25 22 37 47 38 25 13 68 44 27 23 60 50 73 62 2 73 77 18 72 54 59 38 26 69 19 92 54 64 88 49 63 36 78 60 92 57 64 97 45 2 81 40 93 58 79 74 66 31 98 82 46 89 63 14 13 62 25 76 29 25 25 58 43 88 14 96 70 10 98 86 83 25 49 15 75 79 21 67 12 55 96 94 55 48 69 94 40 1 53 14 17 93 52 45 78 55 33 24 34 27 18 70 19 15 61 65 56 39 92 10 83 37 76 26 9 80 67 2 59 95 70 90 34 39 39 98 13 97 33 80 13 80 85 95 80 33 35 28 45 10 85 83 23 40 83 76 88 47 99 1 91 23 57 9 51 74 1 81 57 79 14 8 75 52 73 81 31 82 49 27 81 82 75 30 91 59 95 85 99 75 34 81 10 24 8 24 6 44 67 27 64 28 42 74 21 55 65 81 8 86 77 24 64 13 23 6 30 17 15 86 20 66 42 42 89 60 12 5 43 3 0 38 92 9 73 3 21 23 82 75 30 88 4 48 73 7 78 29 10 86 67 38 35 1 8 27 11 33 67 23 46 52 88 4 90 47 25 13 73 90 22 51 59 91 95 1 61 26 76 32 64 57 74 33 38 19 52 56 94 60 27 4 100 83 54 53 73 24 72 80 49 26 100 52 90 71 36 59 65 46 85 57 69 53 19 100 67 57 60 68 86 3 74 28 74 91 92 33 51 95 44 55 1 5 84 6 75 85 88 75 47 26 45 26 31 27 39 4 
89 38 90 15 18 49 94 87 43 76 15 18 69 100 94 51 44 78 27 46 49 46 18 73 22 31 22 14 79 61 63 95 81 78 91 83 4 2 58 20 49 15 99 73 30 87 13 11 97 37 62 9 47 32 37 19 91 18 21 43 62 22 90 85 6 5 66 0 34 98 74 11 1 99 54 57 45 79 77 79 91 56 93 2 19 32 18 86 65 36 85 15 31 30 92 57 100 21 30 54 1 56 6 41 19 66 4 81 4 18 76 95 68 74 49 8 63 56 58 68 35 87 21 50 63 42 42 30 89 60 21 50 5 28 4 68 18 4 34 59 83 75 16 61 99 1 16 82 99 43 0 33 60 61 0 59 67 69 32 46 86 24 80 47 93 44 59 21 6 36 75 43 77 83 86 57 83 15 88 5 76 95 31 70 24 29 12 36 41 6 90 87 98 50 25 25 14 26 20 52 20 93 94 22 81 69 85 94 34 31 76 40 86 1 38 51 8 93 54 25 16 96 43 87 54 92 39 71 8 42 48 4 14 43 57 91 65 76 68 41 13 44 78 97 44 62 40 14 39 75 11 35 25 55 67 84 98 74 80 31 6 22 35 13 69 0 6 11 22 5 89 4 28 69 82 74 6 13 1 36 74 21 93 83 26 9 56 71 96 47 26 7 31 93 28 55 57 43 47 1 65 43 64 75 47 68 54 51 95 6 97 56 92 58 32 26 91 14 1 43 51 51 83 2 17 24 75 84 49 1 1 10 33 7 41 91 77 69 71 91 83 89 33 72 48 53 1 75 30 44 84 56 21 15 85 79 46 97 56 66 77 67 80 4 66 17 0 43 11 47 73 12 87 59 4 56 23 8 79 38 74 7 37 80 83 37 42 17 49 31 73 83 85 12 31 0 38 41 40 84 
31 14 5 46 95 96 75 38 54 54 51 39 90 93 29 25 66 5 46 87 78 58 87 70 28 13 35 40 97 60 42 81 51 58 55 19 74 18 78 88 18 45 62 14 42 93 49 9 44 82 98 67 21 51 58 70 0 91 64 79 16 90 47 0 43 19 58 80 99 71 88 34 91 58 58 87 49 93 21 80 30 74 5 16 74 34 87 61 59 24 76 93 27 24 79 9 96 14 50 24 8 57 24 69 54 46 81 31 53 60 69 11 4 15 97 18 42 69 10 30 60 71 71 59 36 34 57 32 58 38 40 28 56 44 42 14 23 57 18 66 5 15 25 3 85 97 5 66 85 96 69 84 9 53 17 9 78 14 81 55 78 16 78 87 98 73 9 17 75 3 39 29 83 11 83 15 44 28 5 15 10 77 93 2 80 4 71 55 93 50 48 67 21 27 4 36 47 5 34 36 52 31 15 79 73 86 34 47 93 59 94 38 55 92 19 72 34 24 77 93 70 84 16 59 59 40 99 42 80 33 20 5 79 50 12 55 24 93 9 37 4 74 37 54 81 76 40 55 80 81 9 18 48 80 43 20 12 90 93 77 96 44 44 15 94 81 91 34 32 50 47 68 92 70 76 76 63 25 31 43 58 74 46 33 66 70 63 86 95 35 53 84 95 60 1 72 31 42 81 12 24 90 89 7 20 43 72 57 38 44 53 79 79 87 27 45 27 97 7 100 86 49 9 22 15 96 79 80 45 66 17 69 33 69 10 7 37 99 36 25 33 15 24 92 90 97 92 82 49 80 76 46 71 48 34 60 34 78 4 100 72 86 31 26 23 26 32 65 33 64 83 44 23 28 56 64 73 16 43 61 50 42 83 68 94 91 52 18 75 52 72 63 58 22 4 91 76 58 42 30 
77 13 96 3 16 28 7 7 24 93 5 50 9 76 37 5 98 82 26 97 46 100 61 12 82 47 70 88 92 51 71 30 98 41 49 59 93 21 70 9 39 3 82 6 89 32 67 16 76 56 81 74 51 53 64 82 92 86 27 97 56 38 20 84 18 73 30 25 23 92 23 31 98 82 88 98 93 12 16 26 95 6 7 62 54 15 23 42 90 55 0 43 99 76 20 40 39 17 25 95 27 43 44 22 14 31 80 58 74 61 15 53 31 8 78 7 14 41 62 91 9 65 18 58 46 82 81 98 62 28 79 81 6 74 81 93 74 99 70 88 39 46 11 78 21 82 72 20 83 46 51 35 68 92 35 33 65 57 84 94 86 29 8 94 25 18 19 76 17 24 24 56 35 76 61 25 44 4 72 74 100 100 19 14 56 57 100 40 72 15 63 68 15 44 60 6 78 53 16 68 27 96 80 86 97 33 92 27 37 0 37 74 81 31 31 8 12 62 49 22 16 11 41 85 90 81 55 37 41 43 83 92 44 42 90 47 29 71 1 94 59 25 69 84 48 48 60 42 41 25 11 10 48 78 64 22 20 64 76 79 93 63 2 8 31 1 29 80 84 93 9 74 59 12 41 40 43 60 23 75 34 37 4 56 25 30 32 67 4 12 65 95 80 3 10 14 89 43 7 53 64 98 35 91 56 1 67 18 30 9 79 3 25 4 41 4 48 87 65 78 51 8 4 45 9 94 59 62 33 29 56 58 99 53 74 31 72 55 87 73 74 100 36 70 40 57 42 88 95 45 26 90 38 8 37 14 99 100 80 32 37 35 24 83 86 69 98 33 8 32 10 84 17 87 12 23 88 81 82 18 62 100 96 92 36 21 66 80 46 54 39 72 52 74 38 28 65 65 69 27 
50 50 64 26 12 18 92 0 92 25 11 47 8 75 67 72 41 3 25 96 34 13 73 3 97 40 19 85 78 1 8 83 15 70 26 59 99 97 47 87 79 77 57 65 97 100 6 24 84 8 98 66 86 8 49 27 27 51 23 34 76 66 33 32 44 85 77 57 21 68 59 21 95 94 44 2 26 86 55 62 91 41 1 29 18 35 60 32 69 29 61 81 25 24 42 14 18 89 79 46 85 43 3 24 26 19 31 30 34 0 26 53 42 64 8 50 33 43 96 76 2 78 11 0 91 16 10 70 26 94 4 94 3 76 35 51 22 81 11 78 14 66 63 56 30 76 67 94 51 58 9 21 93 97 33 38 35 25 7 95 52 19 71 38 54 78 43 16 82 22 83 91 57 43 60 59 63 45 28 13 51 100 74 32 50 95 26 100 53 2 37 84 80 57 41 34 24 69 71 40 48 54 39 65 86 41 37 95 14 54 1 40 43 79 61 79 65 88 84 76 62 21 3 22 24 91 45 21 69 53 51 59 85 84 82 83 2 35 23 59 49 78 98 34 82 23 77 89 21 99 76 77 60 1 22 93 84 39 64 20 81 93 17 67 47 56 6 15 65 3 14 61 37 91 43 39 52 59 99 50 91 15 53 79 75 37 66 58 77 28 45 5 58 47 95 18 71 94 53 79 2 3 61 29 4 9 76 64 72 65 75 70 73 49 23 6 6 60 26 72 57 99 90 31 15 57 14 55 71 71 63 66 0 22 55 65 70 82 11 45 59 67 100 99 17 90 70 46 70 14 12 18 69 28 67 30 7 4 82 41 33 14 2 16 41 23 42 19 73 29 60 74 49 30 15 25 17 79 42 71 65 43 17 68 96 12 87 36 67 64 41 26 48 12 16 52 66 62 59 83 
38 51 34 44 71 41 72 14 22 52 11 7 56 19 2 35 3 33 90 27 96 80 31 85 87 85 92 55 77 24 31 99 88 41 63 15 71 35 93 20 2 37 39 55 69 0 76 77 63 7 25 9 5 42 97 16 53 18 15 87 18 37 28 52 0 14 68 19 79 23 1 51 45 61 97 55 75 95 29 59 13 9 77 9 84 28 35 100 79 87 93 88 14 94 74 95 29 77 91 54 74 33 6 23 11 55 32 33 55 86 51 48 86 3 92 78 43 53 82 93 65 29 99 40 80 14 3 8 88 47 43 4 4 62 27 83 68 89 53 82 72 70 96 10 60 45 28 5 76 55 21 59 15 6 15 85 20 43 70 98 75 33 51 35 63 42 57 86 47 52 17 47 37 21 58 80 51 38 2 90 69 4 45 93 50 81 92 56 35 33 9 0 29 98 28 83 90 68 1 93 45 74 1 92 21 9 91 5 67 90 29 94 34 58 27 71 89 63 99 90 50 47 82 41 31 38 81 79 59 66 96 39 77 82 85 26 34 80 17 23 19 35 19 73 99 35 93 31 35 46 6 7 5 64 89 54 8 19 70 97 81 11 86 20 21 53 81 25 6 93 10 82 62 68 53 51 42 45 13 46 76 70 20 44 76 2 18 33 47 80 69 76 20 78 39 29 29 99 92 14 14 71 79 99 58 2 84 87 61 68 97 78 64 31 72 41 24 73 9 25 88 37 34 35 5 70 57 71 76 4 16 16 70 48 71 87 62 21 82 18 98 77 50 34 19 64 72 53 0 72 32 60 78 64 76 80 78 66 42 4 40 91 42 34 59 45 54 26 94 24 67 84 94 82 23 24 70 55 88 63 17 12 13 31 54 0 63 96 61 90 61 51 45 64 74 46 0 38 61 33 
27 29 60 70 71 52 71 77 2 89 3 4 97 62 60 55 56 37 42 100 25 70 92 4 95 23 90 94 12 89 57 76 12 34 16 52 84 44 43 38 71 50 9 20 30 34 90 41 30 84 52 91 2 68 11 11 50 26 100 45 42 35 35 18 49 30 38 91 50 9 0 22 31 41 56 90 15 42 14 37 24 81 35 8 42 21 15 100 72 86 63 98 67 40 31 71 95 56 2 7 74 62 21 44 84 56 94 66 43 9 38 21 64 1 98 41 49 2 79 13 28 68 49 68 37 29 25 88 25 13 84 42 54 15 29 6 57 83 9 36 81 32 59 13 50 23 55 13 56 62 85 25 58 81 52 38 75 86 68 10 19 85 52 87 7 48 52 49 98 19 85 31 14 52 68 95 57 48 77 61 5 9 46 17 50 35 84 0 98 56 56 45 37 8 38 96 7 18 30 68 3 11 67 98 10 57 68 42 8 98 88 12 49 99 37 21 17 3 26 14 76 1 98 8 4 24 2 20 81 36 66 81 56 2 82 57 22 49 76 28 70 70 53 54 11 96 38 56 36 29 2 92 19 45 39 9 58 57 6 41 53 46 32 68 40 60 81 100 65 79 1 38 82 68 70 25 12 19 58 65 55 50 65 57 83 49 79 71 28 25 23 81 73 43 85 5 23 14 19 28 94 86 18 57 79 57 4 60 20 34 9 48 54 79 78 15 91 18 49 48 22 86 71 87 24 8 66 14 3 2 93 14 71 91 5 6 33 97 5 73 12 98 46 48 84 62 48 58 81 88 6 43 16 41 41 0 73 33 9 61 100 76 43 83 91 50 18 90 17 32 10 55 51 44 55 47 70 78 68 46 29 82 60 42 80 74 83 27 77 97 3 53 8 83 97 90 11 99 5 41 
3 10 11 91 84 10 51 56 71 54 12 83 96 66 78 53 20 53 34 33 28 60 25 33 59 24 43 19 54 15 18 66 25 95 18 34 29 40 85 5 14 26 83 16 80 93 36 22 70 93 86 72 7 60 24 6 28 6 65 50 43 24 34 65 0 16 71 22 64 70 94 22 21 70 24 84 11 0 83 12 50 11 39 35 77 58 4 76 83 38 95 30 31 72 57 75 59 60 57 60 43 74 36 58 98 17 65 49 49 5 90 30 30 22 15 8 11 18 42 97 76 82 57 58 60 4 72 91 22 27 89 27 54 20 90 65 93 70 10 39 100 88 25 71 63 80 39 74 12 7 37 18 76 55 89 8 78 81 18 84 9 98 43 79 23 21 55 71 56 43 58 25 7 47 27 75 48 90 52 44 91 31 14 79 41 40 4 7 63 42 88 89 98 72 75 61 7 96 88 82 42 38 31 48 95 65 30 23 42 37 14 90 10 86 56 77 57 65 25 84 21 2 16 58 84 81 69 48 15 66 43 33 87 46 42 86 25 68 44 62 44 31 1 2 10 57 69 87 22 61 5 17 64 31 34 90 9 19 67 40 73 85 53 51 20 47 32 78 18 9 71 89 54 55 1 71 96 69 66 19 46 26 66 50 99 53 62 73 90 62 63 95 81 57 54 95 35 94 95 89 37 5 12 86 40 67 28 12 70 65 36 62 78 77 8 73 84 31 15 85 9 47 69 93 88 92 75 20 17 80 66 66 94 19 56 34 20 46 38 41 83 15 4 62 74 57 67 4 89 15 16 21 55 18 86 37 63 9 55 59 43 22 83 66 62 36 20 24 83 43 63 63 41 84 96 46 56 73 19 76 30 21 56 98 66 68 12 72 61 85 32 64 75 13 59 89 83 42 30 54 
32 47 53 96 49 56 80 59 30 92 49 0 81 83 24 11 3 25 4 39 43 10 48 11 58 59 97 16 16 89 12 87 49 49 79 94 21 62 97 83 82 71 71 87 75 8 21 68 75 59 62 11 20 31 19 68 21 80 31 99 14 23 5 10 25 30 1 33 58 73 47 52 25 66 3 30 68 27 61 5 41 34 6 40 85 34 54 76 6 61 16 57 28 60 90 13 24 48 55 8 77 39 5 85 79 11 38 36 51 100 18 8 11 100 62 52 90 45 88 28 29 66 51 69 20 42 46 42 76 96 51 19 22 10 55 32 57 92 89 39 57 37 85 79 0 77 56 30 70 45 80 63 45 87 82 54 69 76 39 83 35 15 25 73 72 66 92 61 75 97 7 32 38 9 20 100 94 8 16 57 31 90 15 80 53 94 67 79 91 91 29 88 84 7 99 81 2 27 71 77 20 69 57 81 54 36 43 44 52 80 81 17 17 71 93 42 24 35 85 58 58 68 10 12 50 34 16 38 16 11 38 54 82 83 60 45 83 96 39 89 41 100 41 78 88 55 11 13 69 82 63 62 11 53 61 50 78 23 13 71 96 89 94 96 62 3 100 80 79 33 68 95 42 62 27 73 3 23 41 93 18 7 17 58 57 27 90 58 13 9 41 81 41 48 18 60 54 65 47 43 8 67 65 95 70 78 29 52 8 47 40 16 25 23 15 67 48 32 76 17 24 34 6 67 100 83 31 83 52 85 9 98 60 83 100 19 59 49 83 77 12 78 71 59 1 97 35 53 57 55 22 60 54 90 91 49 97 61 17 69 50 18 24 85 2 67 91 100 53 14 38 53 15 78 65 9 55 57 38 54 74 96 68 97 99 47 44 39 45 23 41 68 35 90 87 7 54 90 10 67 
57 55 22 32 24 63 44 54 50 45 97 75 7 31 99 90 47 53 72 4 47 32 9 21 1 29 56 70 25 12 90 26 68 1 33 4 71 25 85 61 15 29 11 45 57 2 43 69 1 83 37 95 21 64 64 51 70 36 64 34 66 95 84 67 35 24 89 48 49 25 90 20 71 83 30 59 29 74 75 55 17 53 20 11 0 21 12 13 47 41 3 57 19 63 66 85 95 77 3 91 64 40 52 45 96 57 8 83 86 87 37 79 24 89 26 73 91 41 79 72 84 99 81 58 0 6 93 16 38 91 55 11 100 99 75 98 68 97 23 24 28 83 80 81 15 24 60 50 90 42 94 39 55 95 89 55 49 74 48 77 25 79 26 16 91 54 78 83 32 37 31 3 32 65 63 35 92 35 88 57 10 16 76 15 16 47 61 65 17 73 99 62 18 46 71 0 43 89 60 59 22 10 1 4 45 6 41 89 48 95 37 93 22 21 99 18 34 92 55 0 29 49 24 31 34 45 100 92 35 56 5 23 67 19 96 62 6 91 11 63 15 53 2 8 68 71 45 23 36 78 54 71 84 38 44 79 73 81 76 38 0 8 33 51 63 32 4 33 97 39 70 89 68 38 70 32 52 92 31 75 59 76 15 59 50 28 85 27 50 67 40 84 82 59 7 37 100 58 94 30 72 62 94 6 12 7 31 88 8 44 20 15 84 21 27 80 74 41 78 11 11 85 30 78 51 56 23 3 42 38 79 41 78 10 77 86 27 85 95 62 78 84 75 30 12 16 5 71 69 97 48 21 32 61 3 23 28 39 39 16 8 14 41 95 88 72 35 45 15 18 94 81 73 33 2 52 67 5 26 67 2 84 64 80 100 71 68 52 71 75 80 60 56 36 67 39 83 39 15 13 
53 54 48 24 5 86 3 63 91 87 36 13 69 63 87 14 71 58 38 88 30 82 55 72 67 8 20 8 8 40 94 13 10 100 52 52 99 84 75 61 61 73 77 74 19 49 71 8 51 47 59 59 6 53 35 99 11 64 20 47 13 10 21 33 34 0 51 87 5 72 100 73 60 69 65 10 53 83 76 83 96 89 0 84 10 26 0 42 13 53 75 37 93 75 86 67 81 74 24 44 91 23 47 28 90 99 54 49 93 27 77 5 25 56 22 15 47 86 53 65 49 55 79 20 70 29 19 27 57 81 29 75 15 44 90 20 54 38 27 21 33 70 47 19 35 21 71 8 54 43 73 8 25 87 25 31 90 26 58 99 99 77 3 30 10 65 94 65 30 24 79 95 68 55 57 93 99 76 81 33 36 25 94 20 77 17 26 80 99 77 90 76 82 45 58 33 11 38 0 5 19 42 64 73 80 90 28 77 59 73 69 86 87 59 93 35 77 94 94 58 38 94 98 74 13 73 31 46 27 4 83 76 7 41 47 32 78 17 98 26 85 49 9 10 44 97 34 5 13 68 12 8 85 38 27 14 65 34 88 31 75 38 92 69 43 90 16 60 84 28 53 1 7 70 69 50 68 57 26 73 39 96 50 63 50 96 29 39 55 70 28 28 12 29 17 1 54 92 28 83 23 60 22 15 54 24 30 43 7 59 20 94 50 99 86 73 91 1 57 79 34 83 15 23 1 37 58 8 57 78 90 69 99 4 84 100 26 35 99 29 63 41 4 19 24 93 40 79 24 8 43 6 10 91 55 75 83 0 9 21 74 25 9 27 10 46 91 98 12 58 71 48 22 97 73 98 31 15 92 65 54 27 17 83 76 75 1 95 69 88 60 8 26 40 17 3 85 37 50 41 
60 74 73 38 90 13 24 67 38 57 59 2 52 53 16 18 47 89 83 73 45 94 63 29 2 70 29 25 21 50 89 81 88 62 89 34 32 37 76 99 64 50 95 1 88 16 95 44 76 94 77 87 73 64 15 42 3 78 15 98 21 63 51 38 91 67 22 53 67 12 30 100 68 36 16 59 79 93 84 30 66 82 77 61 18 99 84 80 90 56 40 57 52 76 54 32 47 46 4 19 35 34 21 38 38 22 83 0 52 97 56 67 3 14 13 15 70 54 98 43 81 62 30 12 3 47 21 43 24 44 38 50 48 13 23 20 64 41 78 93 68 19 48 81 11 6 62 5 95 36 49 0 2 19 76 12 63 10 60 75 12 33 44 14 20 7 25 5 87 30 13 25 21 21 36 43 13 63 43 21 4 69 93 62 0 44 61 85 45 80 34 93 100 64 65 80 93 74 54 30 24 6 62 44 93 97 92 29 14 71 50 32 68 70 50 56 58 46 1 23 27 66 71 55 51 50 85 47 67 1 45 90 92 67 55 95 14 69 85 0 61 28 87 4 47 48 57 87 81 40 95 3 23 69 58 1 92 33 73 82 14 11 73 91 73 74 35 74 61 83 47 40 75 100 11 86 82 89 91 27 47 19 95 90 94 70 45 77 53 34 81 70 42 86 28 6 96 53 25 67 80 64 46 3 62 21 13 64 94 47 71 56 37 24 75 62 38 28 3 51 71 86 61 40 4 16 5 82 5 70 6 39 44 19 15 89 14 76 57 50 44 98 25 66 29 26 42 59 37 17 54 2 83 82 58 80 68 6 43 28 93 94 73 46 33 72 50 41 79 81 71 73 52 3 59 53 59 25 60 3 38 91 21 67 82 79 49 32 98 47 5 14 52 52 72 76 4 38 81 37 
14 76 55 64 68 33 68 57 27 7 79 9 100 87 9 11 45 69 31 27 43 75 25 41 56 98 94 98 69 48 87 87 63 67 89 4 95 9 73 66 79 37 58 44 7 69 70 63 19 94 29 71 98 88 32 29 79 7 58 86 76 80 25 60 20 30 62 54 30 86 51 45 49 77 11 63 34 99 99 16 60 52 59 59 2 84 1 85 55 58 75 61 94 35 30 47 55 43 23 2 66 65 91 52 68 97 65 1 99 11 24 42 57 69 57 56 32 50 10 16 99 43 33 67 86 79 37 31 82 16 30 81 24 12 48 40 36 80 62 53 60 79 52 56 75 96 55 35 96 95 44 93 100 48 61 100 26 70 1 86 69 62 84 50 48 24 8 93 77 21 56 24 98 81 97 56 97 31 87 84 26 98 40 15 34 2 93 31 43 16 82 7 30 94 38 77 74 56 72 80 9 99 77 26 70 40 20 23 18 12 42 55 61 60 48 14 99 67 29 24 5 22 79 60 4 9 36 58 43 36 66 95 90 98 28 52 48 72 82 30 30 78 14 52 10 35 26 15 54 42 31 99 23 63 30 9 4 16 98 80 92 1 90 39 72 53 29 18 41 100 63 69 91 4 96 12 72 43 10 30 21 34 67 100 52 27 98 49 56 36 63 69 20 32 96 21 94 5 35 20 18 76 6 28 80 52 13 0 99 14 90 36 61 33 71 1 59 92 59 8 8 65 76 27 17 46 29 2 6 39 45 12 25 28 92 46 63 17 67 41 95 46 24 52 23 43 89 0 70 84 88 66 64 61 24 42 43 79 22 4 88 40 26 14 76 91 71 21 20 14 15 97 2 2 55 74 46 25 45 60 88 52 31 36 38 100 81 87 57 30 47 90 49 31 10 60 100 14 69 12 
59 19 12 46 68 53 27 75 39 73 36 76 65 49 11 60 39 9 83 2 31 71 51 74 38 85 63 63 12 90 43 80 21 21 21 2 2 36 58 91 6 77 30 46 90 88 5 20 14 54 83 49 25 71 7 79 31 98 90 1 74 8 90 69 46 19 3 50 75 29 44 96 42 28 95 63 33 66 61 98 58 57 51 78 37 62 33 18 58 28 63 12 82 33 2 18 37 69 39 93 73 22 19 14 49 67 25 54 98 23 67 19 2 50 66 67 77 2 54 55 41 75 14 52 94 47 52 20 26 0 85 92 41 66 89 47 98 9 57 96 85 55 0 37 0 13 43 76 10 14 86 5 68 24 23 62 47 46 71 78 81 0 100 55 34 44 37 95 36 44 45 71 68 76 94 51 68 3 97 92 24 65 72 48 75 15 38 37 64 87 84 77 14 13 33 11 86 93 2 13 82 11 81 76 93 34 33 21 25 92 34 76 72 69 41 77 38 84 27 96 32 29 82 90 5 43 67 53 48 11 68 18 86 38 21 30 2 29 39 60 1 8 77 97 29 62 60 70 2 80 36 84 91 7 45 15 35 87 33 77 29 10 12 96 2 29 5 35 92 34 27 27 98 86 73 49 88 99 5 48 11 45 78 87 87 28 35 28 12 24 90 89 38 59 47 40 45 34 28 44 63 91 83 39 6 48 99 58 98 75 51 1 63 23 28 23 3 63 100 82 19 43 48 15 89 8 86 4 1 18 3 98 94 61 21 59 80 23 97 73 12 82 9 66 94 7 55 24 71 54 74 63 49 2 9 68 73 71 97 85 69 99 26 60 72 0 67 84 0 17 52 23 63 1 93 89 29 11 40 9 32 27 77 39 74 11 3 81 64 37 97 68 55 52 57 99 98 66 10 44 
63 9 69 58 88 76 62 94 17 64 0 64 11 38 61 12 72 53 12 42 10 57 6 29 34 56 3 24 60 46 72 99 39 19 49 77 13 13 4 14 67 16 34 31 18 54 100 2 66 14 44 47 99 78 0 60 41 22 50 8 94 97 36 40 10 72 12 10 20 0 27 70 83 80 28 8 74 4 59 27 46 86 95 47 4 9 36 64 8 14 65 74 41 13 59 64 17 57 30 79 27 22 29 63 44 97 76 77 17 68 12 34 22 74 99 67 5 89 34 12 41 36 67 88 96 33 99 93 71 59 52 38 31 86 62 92 13 64 33 70 99 16 47 22 7 50 18 70 91 30 13 90 91 76 28 67 39 37 19 44 39 61 81 4 1 3 36 74 62 19 19 19 75 95 39 38 49 39 64 62 61 7 72 98 60 61 23 95 73 82 10 51 99 76 18 85 37 6 87 64 82 37 41 1 45 34 88 92 33 5 87 70 81 6 87 13 17 43 92 97 18 74 26 48 3 85 13 84 63 15 30 11 67 53 33 30 33 58 33 16 34 86 55 6 45 70 1 21 89 79 5 19 19 85 48 68 70 48 71 41 65 75 62 35 55 87 78 17 3 96 62 55 63 8 98 75 62 90 23 53 21 63 27 31 86 14 32 1 81 94 3 76 20 85 29 14 97 45 25 88 4 24 67 94 61 83 2 76 35 68 1 6 50 34 1 40 56 65 54 45 9 43 5 35 67 48 86 16 64 0 57 53 6 80 56 49 62 68 69 22 92 18 94 87 83 12 38 50 91 60 81 53 66 79 9 61 3 98 26 25 71 14 69 100 9 76 38 82 50 27 47 49 82 22 35 61 21 71 7 27 62 80 89 87 3 21 3 42 61 62 16 53 45 4 23 76 57 49 46 89 
4 4 39 91 2 63 51 31 64 91 72 56 21 57 88 19 44 0 8 75 19 3 46 3 70 57 32 34 26 24 59 97 98 70 30 62 86 1 69 31 12 41 68 86 85 78 52 3 97 18 41 81 51 75 69 29 93 6 51 47 73 61 1 26 99 19 74 41 74 68 88 69 87 9 2 88 72 18 74 76 94 14 58 15 80 58 69 1 82 92 37 34 46 29 47 61 98 72 35 94 58 84 91 0 99 53 32 33 39 42 5 66 4 93 13 70 40 70 23 96 71 9 27 98 79 62 62 61 27 53 43 76 61 37 18 21 83 78 4 93 82 99 51 97 40 90 97 30 67 58 35 30 62 49 35 97 90 52 91 1 1 22 25 75 55 45 9 52 42 38 56 40 5 37 39 65 72 70 27 61 4 21 82 1 23 22 39 66 40 3 11 72 21 43 80 58 33 88 68 100 84 0 16 63 46 47 70 78 22 39 35 9 65 6 57 5 19 95 51 87 47 35 43 55 23 93 64 5 87 50 83 14 22 70 87 97 75 20 70 5 18 71 93 30 57 34 64 28 75 65 49 23 47 7 59 49 42 44 69 2 47 44 100 98 73 70 83 93 55 28 23 26 91 66 43 6 41 58 78 30 30 70 80 37 98 64 50 89 40 36 100 40 32 18 36 78 48 65 21 1 56 46 38 84 62 27 53 55 12 45 18 62 89 69 42 11 8 60 34 8 98 79 19 70 87 8 77 83 81 49 65 81 55 83 32 33 68 46 71 92 15 67 42 27 87 79 15 61 50 28 88 5 37 14 52 85 54 7 1 14 84 12 13 60 96 95 15 66 25 37 78 97 54 34 5 31 17 88 86 3 60 52 57 42 8 74 100 24 95 31 62 49 57 8 25 13 28 47 8 86 
1 8 11 64 81 28 47 46 28 29 29 71 8 92 49 34 30 78 65 97 47 2 8 100 30 93 50 75 42 23 88 78 52 14 83 6 71 51 43 21 29 65 91 15 52 93 32 2 19 4 44 0 88 24 85 17 98 73 27 80 36 14 21 44 89 35 29 82 49 51 83 65 40 82 57 24 36 30 90 82 59 72 26 67 19 26 79 96 16 35 50 31 18 56 6 74 100 71 11 74 16 70 85 62 45 47 22 96 9 50 100 13 32 46 73 28 93 67 76 33 88 90 15 27 97 28 79 21 60 64 32 90 24 14 0 95 74 9 28 28 51 12 51 63 5 8 60 61 47 51 9 88 86 65 73 9 32 62 20 97 17 15 44 85 8 84 57 97 46 80 54 46 93 27 56 68 0 38 43 73 40 41 32 18 23 13 95 12 8 54 9 66 81 27 13 12 61 98 72 98 97 91 18 90 45 44 50 0 4 72 34 31 84 78 84 0 66 80 34 25 41 96 100 29 93 30 54 19 77 39 39 61 70 89 78 76 61 66 62 11 22 63 41 51 27 71 1 37 92 17 30 63 66 46 74 17 60 69 24 50 25 47 89 81 96 72 66 34 88 13 44 4 81 14 16 51 71 39 81 23 15 65 78 87 20 84 34 90 86 82 99 50 70 99 60 40 46 53 33 40 75 13 36 52 67 19 14 59 89 52 63 89 61 54 65 94 26 77 95 15 17 64 51 81 99 86 62 16 68 5 93 98 26 74 12 32 79 22 76 92 74 97 39 65 12 32 51 64 39 69 44 55 6 28 63 98 55 35 34 32 73 69 2 92 60 55 87 21 76 22 83 63 58 74 5 65 19 0 84 8 80 81 85 45 30 15 61 40 34 76 6 57 88 75 99 94 9 12 21 70 
3 91 50 35 18 33 48 20 53 26 13 35 0 95 84 18 100 12 7 3 11 93 76 88 33 8 10 76 53 5 60 47 92 99 57 13 26 43 47 38 38 58 90 82 73 29 15 29 70 21 30 67 4 72 59 69 49 91 85 11 22 47 53 14 1 28 1 15 55 72 46 70 57 81 99 97 84 82 30 53 21 88 54 30 63 67 35 96 24 78 45 96 27 43 41 88 50 11 30 42 42 98 19 62 80 78 85 12 35 91 40 12 78 52 15 52 42 52 25 32 82 48 81 30 60 50 16 50 30 32 86 73 73 29 23 65 46 51 83 21 97 88 72 29 5 27 22 92 12 57 83 67 60 36 53 80 4 0 19 38 67 47 15 67 66 35 29 60 19 17 30 31 4 34 68 45 94 85 88 79 100 98 66 37 65 55 52 31 11 91 8 49 87 28 72 47 47 21 16 84 79 18 65 14 21 11 92 69 47 5 83 94 24 35 66 78 77 85 31 61 27 37 40 86 10 72 64 6 98 22 63 25 59 36 62 32 82 66 49 38 44 55 24 85 40 56 80 41 79 70 13 76 30 30 29 87 81 20 65 76 71 20 60 75 85 31 72 29 30 97 94 83 13 95 37 89 85 69 68 63 86 55 28 41 2 91 5 76 23 32 80 48 90 75 10 49 83 55 33 48 89 14 70 2 37 43 23 81 38 88 38 93 65 38 57 73 85 71 30 22 95 45 45 96 87 59 43 23 22 64 5 38 78 56 71 21 8 77 77 28 46 18 28 64 58 10 73 5 59 94 51 90 57 5 85 100 45 9 61 53 44 55 63 97 23 11 77 22 12 78 11 44 100 100 45 56 53 52 8 40 88 40 27 67 28 30 22 63 21 37 100 58 16 17 92 89 53 100 37 94 
96 53 90 45 43 73 46 79 72 51 76 1 89 13 52 2 16 28 94 41 10 66 50 48 48 4 17 21 13 64 19 2 77 54 54 49 58 50 45 20 38 40 82 67 39 49 11 21 20 57 96 94 66 19 40 23 54 23 20 49 52 32 91 8 33 89 37 22 8 89 76 0 25 40 32 16 81 78 11 86 31 49 17 96 63 91 53 29 45 5 43 36 30 71 16 28 39 63 42 97 64 95 74 2 79 79 15 18 93 67 89 70 64 73 48 19 71 80 42 49 25 31 18 4 76 80 45 27 98 93 63 16 31 39 8 22 95 85 77 10 62 7 42 85 77 67 41 39 0 52 28 77 73 88 60 4 30 61 52 58 91 23 45 21 87 21 31 67 99 73 4 28 95 26 22 25 7 4 91 38 22 23 71 7 100 87 55 89 8 58 25 65 93 91 62 43 23 49 89 31 58 27 2 67 33 33 60 80 36 70 93 82 64 82 95 97 90 35 64 95 72 65 11 90 45 2 42 88 73 0 42 20 31 84 36 67 66 86 72 55 60 74 10 77 30 85 20 37 68 88 67 96 12 77 44 35 64 37 71 0 79 29 94 71 58 60 68 9 67 34 99 92 0 46 16 88 7 69 32 46 68 26 53 2 54 0 87 62 64 81 8 11 90 6 46 89 41 16 70 93 16 91 62 61 1 34 13 65 60 82 63 22 8 17 48 77 37 66 97 68 83 28 39 52 64 94 54 73 26 97 83 92 34 75 65 68 54 92 94 71 78 26 85 63 24 42 88 24 99 4 18 12 32 42 66 65 24 68 6 41 15 69 44 81 15 95 33 29 53 100 48 42 3 76 95 27 61 89 21 65 14 52 14 72 26 88 13 79 69 62 82 70 46 70 11 72 60 46 62 50 
40 90 63 93 99 51 92 32 27 49 41 80 54 92 10 35 7 13 64 24 10 87 81 41 62 89 11 72 9 54 39 1 44 34 94 68 58 62 71 37 57 45 5 50 80 34 91 74 17 19 59 100 44 85 62 9 46 38 5 61 19 42 83 90 57 90 30 31 49 64 56 98 46 91 0 92 27 85 59 97 26 52 41 67 62 82 55 60 99 31 12 17 71 39 42 43 99 63 84 42 59 99 18 91 92 94 12 38 86 81 32 9 43 26 79 44 96 62 22 5 85 94 88 91 86 11 24 88 88 5 99 99 11 77 63 46 7 72 92 97 34 28 66 36 18 47 25 39 0 57 81 57 56 63 99 5 1 24 56 57 48 23 75 30 69 78 13 7 39 40 83 25 84 47 1 42 34 0 21 39 67 4 85 46 32 19 3 70 27 10 59 82 49 44 22 16 15 60 61 81 88 64 58 24 86 36 32 57 62 28 20 71 34 77 77 48 44 26 3 73 64 2 79 1 92 53 22 45 25 6 53 30 14 40 71 27 44 23 77 40 51 21 29 81 16 86 69 22 40 57 51 40 27 73 12 99 44 74 24 25 45 2 27 68 26 100 30 6 95 78 15 7 48 73 0 25 49 42 97 92 74 23 75 64 4 45 82 100 61 3 91 24 75 86 37 20 53 57 19 10 73 87 48 62 87 8 59 3 55 66 31 66 84 91 57 34 5 81 33 35 79 31 41 22 52 74 28 5 10 37 85 7 72 38 25 16 53 85 80 63 88 66 56 2 79 16 84 97 14 83 1 8 32 44 77 86 36 78 55 34 85 11 76 91 71 31 64 19 76 79 17 82 92 37 89 36 42 74 71 22 41 62 79 7 7 30 38 57 60 55 7 85 76 69 97 69 69 40 35 75 
15 9 70 1 51 28 16 25 25 2 57 54 3 21 94 74 1 27 76 31 54 24 67 67 35 42 19 19 69 19 64 76 55 47 29 98 22 30 82 22 9 75 25 83 15 60 79 79 64 20 56 80 62 53 99 88 14 14 48 26 100 97 99 6 13 13 87 67 77 78 38 76 36 68 77 62 18 58 7 10 53 64 20 38 3 82 38 5 35 9 44 34 92 15 44 96 95 74 90 30 48 95 36 84 7 87 24 60 39 25 55 22 42 1 9 56 91 56 91 70 71 19 36 82 99 96 14 28 82 77 9 52 59 66 59 98 79 56 14 52 21 66 22 9 27 18 41 89 87 84 14 53 14 33 7 31 4 83 70 71 2 36 97 53 81 84 96 80 8 75 38 77 67 33 46 78 69 7 53 57 61 1 81 80 89 99 62 76 37 13 3 19 1 95 59 78 62 27 78 59 70 89 8 66 62 70 24 80 17 15 95 66 51 2 31 93 55 29 94 14 80 37 14 73 92 46 56 47 57 52 80 61 87 78 63 72 26 39 80 11 60 16 15 2 77 61 75 26 72 89 68 96 24 100 26 53 35 55 76 69 86 6 13 13 65 48 33 31 85 7 61 50 31 31 64 68 35 84 94 62 82 32 6 3 28 18 9 46 47 11 52 90 1 59 40 75 6 64 84 68 93 74 76 57 37 16 76 73 26 24 58 29 81 58 26 67 67 69 74 29 35 22 54 44 45 79 36 24 48 0 66 37 2 99 45 97 69 21 89 55 2 78 18 50 58 47 85 19 5 1 6 85 43 94 90 3 80 68 49 36 48 55 65 77 74 76 55 53 90 20 31 99 96 53 23 50 47 7 40 66 78 12 23 69 99 57 46 21 23 13 23 43 43 88 71 76 91 2 82 39 
6 84 71 81 31 78 52 70 52 44 80 29 43 81 37 6 86 22 1 94 55 27 65 81 56 22 94 98 13 6 97 47 25 99 30 86 69 24 31 0 74 83 59 52 4 5 78 24 76 4 16 39 18 48 54 43 66 82 7 99 54 67 36 78 52 75 39 39 95 33 31 73 97 6 81 40 33 88 54 34 73 62 37 25 1 46 74 42 64 51 9 78 31 83 14 41 53 42 74 3 9 28 62 39 70 80 90 9 6 57 27 89 13 71 50 11 50 34 31 80 53 10 19 36 64 98 69 14 61 23 56 52 9 21 95 28 93 76 72 59 59 23 3 66 71 23 39 24 43 93 55 21 12 36 0 73 68 67 83 12 82 20 15 39 98 47 11 100 20 34 81 96 4 93 67 85 74 95 97 3 10 21 53 54 25 10 97 78 6 4 83 29 75 96 18 46 50 75 84 75 21 3 50 92 7 65 21 10 42 18 82 0 84 40 49 25 92 77 79 100 51 54 30 17 84 20 13 68 81 45 29 89 89 31 37 6 28 69 41 44 24 97 91 4 41 29 9 90 53 6 59 47 52 58 96 40 46 82 46 24 96 14 56 63 27 77 86 92 40 44 100 35 2 60 50 58 96 3 69 99 95 50 66 46 86 60 31 50 76 34 17 78 41 13 21 3 43 51 26 65 2 0 70 9 4 54 14 93 41 37 11 55 82 33 93 49 45 91 80 12 20 4 36 72 1 93 65 13 46 78 13 90 64 8 94 45 68 43 37 63 35 88 98 94 49 99 59 31 83 14 34 44 67 52 60 72 74 84 6 12 26 49 48 25 60 83 80 31 57 51 90 35 59 89 6 72 88 8 98 56 34 85 63 11 46 57 62 22 21 81 66 63 95 67 26 54 95 80 47 42 
86 36 12 89 39 60 79 86 29 62 92 83 16 26 2 29 0 66 83 73 50 57 90 62 71 23 75 90 15 3 89 80 72 63 27 52 60 98 73 7 10 0 10 99 64 43 65 34 61 1 20 23 46 54 93 18 1 91 19 44 14 36 59 92 89 8 11 47 49 79 54 4 55 58 13 53 9 47 85 53 49 2 87 24 55 39 15 47 55 11 33 90 63 28 69 0 4 27 11 16 63 36 38 31 79 25 3 81 46 58 30 83 86 3 47 34 49 58 13 92 55 57 20 48 21 75 47 31 67 94 26 78 90 15 40 14 43 52 75 2 0 15 19 90 8 11 25 47 24 53 23 28 73 55 28 46 93 81 37 86 63 24 85 95 23 38 69 56 25 28 84 37 5 28 18 38 25 70 4 14 68 80 62 99 92 85 0 45 53 41 98 20 1 35 6 12 29 12 73 38 69 100 93 13 56 53 5 69 76 6 17 25 65 69 71 39 10 0 50 1 84 10 87 64 67 2 3 31 14 35 41 38 68 47 2 34 52 30 6 89 72 95 9 36 5 23 92 13 21 79 99 81 17 97 80 33 82 53 14 12 65 80 81 90 9 65 31 59 96 86 39 93 45 76 78 98 26 93 73 35 25 48 75 52 46 6 99 73 80 11 32 87 61 78 85 31 47 100 74 100 100 6 100 100 62 48 22 82 54 87 22 60 88 65 96 32 97 48 48 41 93 88 36 34 50 11 36 15 42 92 99 57 36 6 55 63 42 4 86 79 62 12 45 45 18 76 100 37 68 15 66 56 7 9 10 71 49 56 91 57 18 87 45 76 7 31 14 21 5 27 83 31 2 48 5 35 59 23 16 53 40 8 94 90 31 86 27 61 23 61 5 48 97 63 56 45 46 24 69 66 
90 27 37 15 55 60 73 52 6 16 76 88 84 80 94 72 67 94 81 6 62 73 44 35 74 48 96 59 21 92 51 72 77 75 6 12 98 62 5 59 55 97 94 46 0 38 40 21 96 77 82 39 24 99 64 5 19 69 3 14 60 20 70 47 11 24 12 87 97 40 97 68 15 38 41 92 70 7 0 62 68 90 0 36 100 28 84 47 97 24 85 0 41 34 88 76 78 80 58 75 80 89 8 87 39 59 66 77 98 62 22 48 27 21 81 58 65 92 31 38 18 39 77 52 73 30 28 40 20 44 57 24 64 49 26 69 49 84 5 14 30 17 31 7 79 81 32 23 58 60 39 55 24 81 69 56 20 57 95 96 41 36 82 67 22 86 59 25 1 32 52 42 96 57 11 66 51 85 34 30 83 87 70 48 17 81 68 80 12 76 54 24 60 18 85 61 17 41 78 70 69 77 91 26 0 62 28 33 35 33 66 3 34 70 80 48 91 33 23 83 37 50 53 15 82 2 87 63 78 72 63 82 13 70 14 36 50 28 49 61 40 84 67 20 53 24 45 77 35 53 54 64 37 73 47 62 88 5 17 96 78 47 87 64 7 40 78 53 88 79 0 30 46 22 38 28 66 15 26 23 53 49 59 79 1 46 45 19 85 10 97 42 33 90 49 57 100 94 61 18 48 28 77 94 92 55 3 90 6 39 81 81 8 7 32 43 24 55 10 63 18 42 40 6 100 18 94 87 86 75 24 10 43 10 4 51 66 90 21 6 74 99 55 58 48 82 62 91 23 19 54 19 76 56 34 45 27 25 86 26 38 6 59 98 57 27 61 2 19 29 1 29 12 46 73 18 72 90 56 85 43 60 96 36 33 62 20 99 96 37 17 3 45 63 21 52 3 88 18 93 
1 73 18 79 94 79 67 70 86 72 37 83 99 92 0 77 79 50 62 39 44 73 47 83 57 46 67 68 42 16 18 12 41 45 35 74 9 58 98 34 65 91 6 78 28 77 73 30 56 40 1 28 52 64 47 89 50 64 78 73 44 50 27 27 42 86 78 94 64 61 52 87 97 63 87 73 93 3 77 71 0 86 88 41 82 97 1 72 3 42 1 30 60 49 21 85 14 73 12 30 46 9 35 13 14 20 61 34 79 30 84 89 65 28 18 90 80 36 39 69 38 87 99 41 44 79 48 22 95 68 57 42 36 85 100 9 54 13 32 10 10 48 59 58 90 60 9 55 78 2 85 59 65 56 23 88 62 86 46 89 54 29 69 74 49 37 74 54 4 15 6 54 10 7 90 15 62 12 24 6 27 62 31 3 50 4 96 100 81 93 80 64 10 7 23 62 41 20 100 68 59 68 60 2 78 43 11 37 69 78 16 46 8 79 34 2 56 5 17 59 16 63 6 56 35 42 69 96 91 2 60 35 87 92 21 98 13 5 32 73 64 29 49 4 13 78 11 95 86 20 82 25 8 36 65 11 95 91 36 84 97 34 98 18 28 28 57 69 57 49 85 44 13 49 83 68 79 95 77 9 24 37 1 52 22 53 97 30 29 11 31 33 46 57 50 24 72 12 60 54 21 45 21 27 92 64 68 34 36 85 64 35 56 46 73 72 81 55 18 73 22 58 40 13 27 31 28 95 69 43 30 33 100 38 71 48 44 100 29 66 21 34 60 40 51 75 56 49 31 75 17 16 12 23 94 8 64 25 23 43 13 85 25 19 35 51 50 40 90 19 41 38 94 37 41 15 44 87 49 65 55 8 3 76 92 68 97 63 67 4 33 40 82 3 41 0 33 42 29 2 
27 8 19 56 96 63 74 75 24 6 10 43 0 77 31 92 44 21 92 46 75 77 79 28 5 54 91 48 37 84 15 86 75 80 18 77 71 30 26 57 11 45 93 43 83 29 25 6 41 76 86 57 44 72 97 62 6 23 53 79 24 36 7 45 38 68 96 74 4 6 19 92 65 2 85 23 20 14 74 64 4 21 93 59 41 17 71 17 10 22 98 74 25 51 9 63 71 18 87 96 32 15 3 93 23 79 62 9 43 87 41 64 6 40 59 67 24 12 74 74 4 57 83 84 52 39 85 82 96 41 18 5 58 94 97 44 39 17 26 79 89 24 10 73 89 78 91 44 74 28 67 26 77 59 40 91 76 20 4 45 69 26 2 84 13 10 56 68 47 31 89 5 64 39 83 23 35 11 15 78 63 20 96 99 37 50 94 26 43 81 64 44 91 20 87 48 3 91 89 6 57 50 25 72 14 88 36 92 37 97 66 55 46 27 10 52 29 63 13 15 6 17 34 25 40 58 26 62 59 95 52 99 39 77 27 95 51 72 65 30 35 22 26 17 70 73 45 35 76 77 80 26 23 82 4 91 86 82 55 88 11 9 87 3 70 48 35 36 44 66 35 14 9 79 88 69 3 69 83 32 46 96 77 36 9 44 91 37 33 20 43 0 4 72 24 18 1 2 29 99 23 12 43 6 26 42 76 75 41 25 0 81 56 18 34 31 3 88 5 22 90 35 56 20 6 34 6 37 9 82 87 69 97 0 97 33 88 75 13 86 95 26 90 75 12 48 57 29 70 25 19 86 70 19 76 45 88 0 45 45 23 82 89 0 31 85 0 50 14 21 48 20 57 66 95 14 8 9 51 9 29 10 91 78 56 52 71 18 40 51 48 0 99 2 12 1 4 55 33 69 
31 21 99 49 95 29 95 95 64 60 20 41 98 3 88 48 53 27 67 9 6 93 46 32 39 64 50 21 100 75 7 11 66 83 70 16 7 82 77 13 15 72 76 46 52 81 98 9 15 43 89 27 80 98 55 28 9 69 64 13 89 89 83 26 17 88 72 12 47 25 33 34 73 1 100 93 100 22 58 60 66 73 18 9 49 55 37 31 39 13 16 22 55 65 56 18 55 90 39 18 42 29 22 85 62 99 51 38 61 21 70 9 100 85 96 72 4 23 90 25 79 39 29 7 60 2 33 64 59 22 32 66 45 71 92 27 61 19 5 32 42 53 51 63 59 27 24 41 62 64 43 74 36 14 22 92 5 39 51 47 40 65 49 62 26 85 46 31 95 70 84 72 66 69 16 64 27 62 55 2 10 29 77 79 40 13 2 14 100 5 83 44 45 54 37 88 11 76 45 21 94 96 51 76 8 2 37 76 98 56 21 59 45 21 91 61 80 19 71 83 85 40 65 96 63 70 23 18 67 80 78 77 8 89 91 13 2 48 88 84 80 59 62 72 74 21 93 42 55 66 24 30 88 73 19 71 65 32 77 78 34 17 4 40 38 16 88 24 28 67 61 19 13 41 4 91 11 23 68 2 85 34 76 6 33 76 89 45 89 54 97 82 36 32 60 84 55 37 71 21 28 93 91 91 64 51 5 100 54 70 0 32 8 13 76 55 94 46 47 91 39 84 42 86 52 63 68 2 86 40 6 99 77 7 78 16 43 49 15 31 68 72 99 50 18 23 37 89 36 70 49 52 54 4 53 13 54 32 1 36 62 45 23 97 41 92 1 59 95 42 25 4 45 75 96 77 29 91 13 97 63 16 38 64 89 33 52 7 12 47 26 67 70 65 7 9 7 3 58 2 
37 36 19 57 30 90 99 52 34 96 6 56 64 49 19 39 37 2 40 4 65 88 24 92 88 74 90 25 50 33 82 75 42 75 85 78 39 97 78 82 97 53 64 59 48 76 31 44 68 37 10 72 61 89 5 98 62 19 67 37 99 94 3 59 32 5 59 93 95 94 66 11 93 59 2 63 15 55 3 22 41 35 41 21 24 33 97 23 35 16 8 52 47 40 40 79 80 98 18 95 55 87 8 58 92 65 94 41 61 36 57 98 17 91 40 75 25 89 37 92 69 42 2 46 72 80 37 14 40 24 72 66 83 33 5 99 7 37 37 100 55 50 56 46 91 28 22 75 11 17 6 47 17 57 56 31 75 69 98 86 89 63 65 94 85 97 61 79 42 73 8 57 91 50 30 90 50 37 49 37 23 11 56 93 11 36 71 76 15 81 87 50 77 64 91 22 33 3 99 99 88 58 51 80 3 95 52 15 45 73 60 69 86 38 19 18 48 96 43 73 84 55 14 43 25 40 75 10 86 37 98 90 14 5 42 40 71 93 91 15 16 1 78 45 32 53 42 58 99 24 51 16 98 97 48 43 67 97 4 59 93 57 90 72 67 98 1 45 60 1 38 46 41 82 5 59 60 92 0 36 46 10 17 67 90 3 22 63 66 66 6 14 91 90 95 24 41 75 69 59 21 92 78 53 39 39 19 18 98 8 43 87 99 97 3 71 65 49 97 96 84 22 11 54 9 85 35 88 72 67 19 20 22 62 65 31 14 20 49 96 18 94 47 94 40 51 22 2 97 40 54 40 59 53 100 35 56 12 24 67 78 12 76 98 59 17 76 44 98 78 16 88 58 100 55 97 9 90 100 22 78 81 33 38 17 36 3 19 15 65 37 97 41 81 65 38 84 90 43 77 
2 15 19 8 15 73 74 85 12 66 97 69 99 4 24 76 76 89 78 96 36 85 75 42 9 21 0 6 48 23 70 81 53 2 86 6 51 21 69 5 6 13 96 1 84 90 28 5 88 63 26 44 36 29 97 36 20 14 45 95 47 72 84 90 77 94 85 25 1 33 80 15 77 38 1 42 70 57 55 62 26 17 11 11 64 11 96 70 6 42 47 85 71 88 13 44 61 3 44 97 89 38 97 18 2 8 6 75 79 82 92 41 76 35 93 89 5 15 26 19 40 22 44 97 57 76 88 14 88 67 43 37 93 46 91 7 32 46 60 40 24 58 99 39 72 35 76 37 86 100 100 69 58 31 16 56 45 96 33 76 3 76 76 31 29 38 44 81 95 15 88 3 83 27 2 35 99 71 35 53 14 50 42 55 93 0 86 29 40 2 97 28 83 75 31 0 8 70 99 52 84 16 23 96 25 56 31 5 55 4 9 19 92 53 15 37 54 93 75 88 55 12 47 14 55 56 18 41 38 29 3 28 90 38 93 71 48 43 49 78 78 56 82 5 27 61 44 42 39 60 97 48 98 17 23 2 61 77 74 4 91 95 43 46 0 16 1 59 59 88 24 98 65 0 6 36 97 57 36 8 10 95 62 16 84 48 83 95 100 34 98 73 20 10 31 44 54 26 75 39 19 41 51 79 29 84 61 93 80 35 23 9 51 36 47 13 14 85 18 56 83 72 92 56 59 55 65 53 24 5 6 26 85 9 55 42 58 34 90 72 98 22 24 5 4 89 34 72 62 66 27 91 71 90 56 26 97 88 13 93 3 92 39 92 53 3 9 54 67 94 28 96 24 62 83 13 42 52 75 6 22 72 41 67 39 99 12 80 87 52 92 11 17 8 85 84 13 72 97 0 
63 54 72 59 86 46 39 79 40 9 60 21 91 47 75 85 17 5 67 17 12 75 99 18 41 26 46 29 3 45 88 76 77 26 7 18 90 54 18 16 47 6 98 53 30 6 9 12 5 44 1 61 2 90 47 94 60 99 97 0 93 40 1 70 53 82 36 21 43 35 52 20 24 88 8 68 48 41 51 53 81 65 68 57 78 64 94 14 77 18 77 40 28 57 97 71 77 91 20 45 10 16 35 53 28 75 0 86 81 79 19 62 72 80 78 46 48 14 5 98 57 36 96 58 31 62 41 1 20 18 18 73 30 15 95 25 68 68 67 37 48 18 90 51 82 13 28 58 44 12 53 21 32 91 53 12 44 32 46 4 1 0 55 9 35 18 89 15 9 33 11 37 36 68 99 38 0 39 20 97 79 93 25 7 69 67 38 10 79 51 20 61 13 85 70 93 17 81 2 13 21 72 48 82 1 1 57 84 32 32 61 75 7 27 62 67 57 17 39 32 70 73 41 64 70 33 61 59 27 96 73 95 13 72 49 87 37 35 56 87 80 53 87 5 25 37 88 14 42 0 99 24 65 68 5 61 66 36 83 10 67 84 4 67 67 94 38 60 9 15 35 75 31 46 63 5 49 34 7 30 16 93 74 41 50 59 55 32 58 27 1 89 0 96 21 33 62 88 45 53 98 44 25 57 9 44 70 73 65 41 1 26 52 71 83 94 87 43 39 92 42 68 75 66 6 35 78 15 14 61 46 97 31 18 35 85 36 94 74 74 15 87 58 51 94 52 68 41 56 62 93 97 5 54 18 26 98 63 82 16 94 75 38 84 43 39 87 93 41 96 8 29 90 19 38 56 27 99 62 5 12 45 68 94 15 72 23 13 2 22 92 3 10 42 56 95 34 75 29 74 
22 61 75 81 93 57 94 55 100 18 31 62 10 62 59 73 14 26 5 90 97 76 80 91 77 12 97 91 47 33 12 48 93 47 82 48 72 27 49 82 0 21 75 23 98 75 85 9 34 52 17 64 78 56 14 50 48 2 3 49 64 27 62 17 65 44 35 81 91 67 54 63 91 13 88 90 82 2 73 59 38 69 27 55 90 61 51 92 39 75 93 12 65 79 2 0 92 47 22 22 79 6 16 70 22 84 92 68 50 31 87 69 78 73 20 28 72 16 63 94 53 71 1 54 28 84 36 78 86 87 65 2 62 98 37 60 90 69 52 92 60 68 96 85 3 78 51 55 78 81 21 17 83 83 43 37 94 12 74 92 69 42 59 14 9 53 17 22 55 11 64 66 61 22 70 42 85 26 27 77 13 12 55 31 43 97 72 41 37 73 66 52 42 56 44 58 90 56 70 79 82 15 4 3 18 11 20 13 27 9 1 87 61 48 32 94 69 64 1 50 57 77 18 80 83 49 91 51 83 2 94 11 26 43 2 69 33 31 94 59 61 96 34 64 15 27 61 78 0 77 30 26 49 61 70 78 0 35 87 46 62 92 67 53 59 33 56 95 60 29 64 79 43 66 11 83 24 74 15 42 89 63 41 87 75 78 65 98 8 57 85 61 13 50 52 21 34 27 66 45 7 9 2 62 30 16 86 65 31 96 56 81 34 95 41 23 72 36 35 10 25 53 56 32 34 79 50 5 94 31 35 34 63 89 71 11 76 3 19 14 71 10 23 94 93 67 29 77 78 28 34 36 69 92 84 71 68 10 63 74 84 65 86 60 18 6 35 27 20 10 62 5 52 31 53 45 32 55 44 35 34 13 15 41 63 32 70 33 33 79 6 50 43 8 87 9 48 39 55 49 
95 32 59 68 53 78 59 80 86 38 52 99 23 55 84 31 34 12 46 36 65 57 71 31 87 9 58 8 84 71 37 20 62 86 78 39 63 42 12 18 13 33 36 61 84 15 13 53 51 11 97 31 27 19 11 98 78 54 72 79 26 36 24 34 64 22 28 3 96 59 73 51 48 1 50 49 20 66 40 96 77 1 34 24 62 100 79 75 14 17 15 23 51 51 74 0 19 48 90 87 13 74 31 69 65 24 96 77 21 45 33 89 13 86 99 41 32 24 91 22 36 61 76 98 70 91 98 23 3 73 50 41 54 17 99 63 28 79 79 11 67 99 47 77 53 17 31 14 77 95 69 9 79 51 97 98 78 8 70 82 61 7 86 54 5 68 25 32 55 3 40 5 47 90 28 12 80 40 79 65 63 18 45 86 39 54 75 100 30 48 47 9 67 69 84 26 37 81 85 68 68 87 94 51 45 3 40 50 58 16 93 94 27 84 31 9 35 89 18 26 34 18 16 41 92 95 40 17 28 70 82 81 14 69 23 88 84 56 96 28 96 75 75 37 34 22 74 15 71 40 34 29 57 1 63 59 60 40 20 74 54 5 93 53 2 100 28 16 13 18 26 57 1 67 92 83 21 43 78 8 33 0 61 90 97 31 66 27 13 52 50 74 47 86 60 77 32 34 14 33 44 55 100 81 72 33 53 75 61 100 23 76 70 12 13 60 77 23 16 61 61 55 4 33 100 43 22 76 70 72 38 63 4 40 58 53 78 90 25 30 26 87 32 27 69 60 23 39 81 16 14 43 1 77 22 60 69 70 4 69 94 66 0 26 22 87 93 20 65 53 13 69 53 29 97 91 84 15 19 56 61 25 79 19 49 52 50 27 47 30 55 60 52 58 61 23 1 43 22 97 
84 43 41 27 44 11 54 42 62 8 76 27 37 96 42 7 56 60 84 14 3 49 11 62 4 93 48 94 91 8 18 39 56 94 82 61 23 99 75 13 73 33 36 29 88 41 52 40 59 49 23 25 31 69 35 92 1 69 78 100 13 37 74 16 0 33 89 2 54 64 98 50 31 75 68 15 69 69 89 16 65 73 36 42 13 58 56 18 40 16 76 100 64 99 74 4 35 33 87 28 22 60 32 71 21 78 32 89 8 56 11 55 63 31 49 19 94 39 36 11 43 9 62 40 59 20 16 31 7 86 22 31 28 93 78 62 21 85 32 74 20 60 72 98 14 51 54 1 10 22 37 7 32 58 39 2 69 59 33 73 67 74 93 69 24 15 79 14 67 43 69 18 6 20 32 43 13 9 7 63 49 96 74 12 17 83 68 86 61 5 89 48 42 47 25 33 66 3 29 56 25 31 82 81 41 77 84 93 40 65 43 6 32 52 97 55 69 77 88 16 60 10 95 51 61 58 69 64 49 47 22 67 94 20 76 42 69 87 62 3 21 45 63 11 87 52 72 12 14 18 16 28 21 46 48 72 40 16 74 29 89 36 37 20 65 60 99 13 3 31 49 95 33 14 79 83 32 6 81 11 99 68 79 60 89 7 63 13 14 29 26 9 20 37 23 90 57 59 80 51 80 48 87 90 74 7 29 37 92 86 20 91 98 73 57 19 24 55 76 65 80 80 7 26 78 68 88 10 57 2 73 30 46 2 57 30 70 25 30 19 38 54 16 18 11 53 57 26 70 100 46 37 16 5 73 51 23 13 66 17 32 95 85 17 28 12 27 68 24 62 21 25 10 25 38 27 41 93 10 28 81 93 63 68 82 21 88 82 15 27 87 46 74 44 77 68 51 21 46 35 
75 27 86 12 87 24 73 54 60 33 63 76 18 82 42 10 62 18 39 30 72 17 99 49 15 73 65 37 26 37 25 14 53 55 8 2 39 91 24 9 89 80 47 25 32 68 69 93 13 75 61 54 50 17 67 13 34 1 3 33 15 23 65 41 72 99 9 91 42 49 61 99 30 91 86 11 60 43 98 17 7 35 90 90 90 92 98 59 78 13 44 10 2 84 5 23 27 0 74 39 84 67 75 74 70 78 51 67 13 55 33 78 21 69 10 6 11 10 79 65 93 3 83 56 30 15 82 78 91 60 83 79 10 74 10 35 33 35 31 69 54 49 85 75 2 72 90 21 34 69 50 41 90 30 52 10 85 73 62 70 53 72 68 31 69 87 75 1 68 24 83 67 72 65 59 28 81 13 50 44 72 38 21 53 58 9 19 75 26 49 94 49 28 18 10 43 51 74 15 10 22 60 47 45 6 35 60 50 47 66 36 41 6 46 28 14 39 85 35 97 58 60 99 76 93 1 31 96 80 20 15 86 83 50 76 57 51 13 50 79 14 5 6 77 24 70 81 60 20 25 15 21 90 82 61 56 23 52 78 12 73 1 45 0 47 26 13 52 44 73 42 28 15 83 20 72 14 47 29 15 39 22 2 77 0 75 72 97 31 3 52 100 49 4 37 7 73 29 26 65 24 100 24 19 45 65 87 3 80 37 76 7 48 56 96 8 74 6 65 49 59 19 13 27 49 26 33 28 80 68 42 17 87 11 16 34 25 36 92 86 39 69 57 86 45 95 32 13 74 75 77 93 86 78 16 17 70 79 61 2 31 33 52 72 60 13 81 71 35 25 1 72 4 30 36 91 29 25 45 35 3 13 32 67 50 52 66 47 54 43 31 76 7 59 41 28 36 26 87 63 
49 86 81 87 71 37 89 48 26 67 52 69 48 30 39 20 47 94 8 41 6 79 66 95 0 11 5 35 90 11 81 48 24 84 96 40 58 26 43 96 93 74 55 100 64 94 39 36 61 49 35 39 91 59 11 4 47 87 63 61 55 73 23 69 9 12 39 44 0 11 47 52 16 84 86 10 82 82 91 54 6 70 78 40 0 22 98 30 6 67 87 81 12 61 66 36 99 91 26 13 82 80 85 62 3 60 5 51 35 47 28 50 11 69 80 36 71 59 0 53 94 44 40 1 55 6 70 19 17 93 3 42 34 37 58 42 8 66 28 51 97 24 44 64 63 75 91 48 9 8 92 100 82 31 84 39 4 87 96 83 23 37 11 92 60 91 49 62 90 64 59 3 46 30 1 96 32 88 71 89 8 25 60 43 71 33 63 94 7 90 73 18 23 65 10 69 16 68 55 83 6 69 70 30 35 52 69 0 91 83 91 87 6 58 58 71 9 83 34 2 90 28 48 59 4 27 63 68 24 0 84 8 48 56 39 72 87 41 66 53 79 16 92 8 62 68 90 4 63 36 3 89 66 17 41 52 11 70 45 48 53 67 33 64 9 62 6 25 68 65 16 20 92 43 4 39 48 94 56 55 96 10 55 32 65 43 53 88 97 23 14 35 75 97 13 87 66 33 66 96 31 32 73 47 15 24 24 84 80 78 71 47 8 48 80 22 84 12 43 37 17 81 16 60 71 57 22 19 77 16 6 33 75 87 96 68 65 51 47 64 33 20 83 34 22 56 17 87 63 8 45 72 37 30 85 56 70 24 96 4 66 33 47 18 48 45 9 57 24 14 5 27 78 56 35 36 53 36 53 68 39 78 17 52 85 11 19 69 89 67 66 5 80 64 22 11 13 33 80 6 
91 17 73 7 37 82 34 46 75 75 85 68 90 78 52 81 4 60 99 64 35 61 53 34 22 26 16 46 98 37 92 1 51 17 18 7 25 30 90 88 42 40 57 36 43 8 80 44 45 36 84 51 41 53 7 78 49 92 69 63 4 76 57 94 92 16 26 2 96 88 91 77 61 82 7 54 75 42 28 35 32 70 58 96 24 36 46 78 10 37 12 86 78 93 10 60 42 56 18 49 16 22 11 45 71 15 29 86 65 31 82 51 73 61 61 73 80 22 87 11 98 10 57 36 85 5 72 88 86 40 10 23 27 83 96 95 85 17 18 100 64 92 82 27 61 25 56 6 10 30 63 68 30 12 4 8 39 53 0 84 8 46 13 77 42 56 66 100 73 37 45 54 55 97 48 12 38 23 17 59 86 81 10 71 99 60 78 26 16 51 43 32 95 71 73 33 14 70 56 18 40 3 91 41 11 100 11 57 55 2 36 32 0 61 20 82 26 51 16 31 20 1 8 19 91 2 7 7 68 5 54 52 11 47 85 78 71 2 69 52 37 36 44 21 91 63 84 72 36 52 79 53 21 28 37 23 75 43 27 23 47 29 98 49 78 77 89 100 83 40 96 47 80 2 60 28 96 73 88 25 31 34 33 68 83 83 15 81 97 24 13 75 39 98 43 3 21 78 95 86 47 29 7 48 45 18 67 49 98 98 68 87 5 28 88 52 80 31 76 70 69 71 7 13 35 83 88 99 27 11 33 63 46 24 28 92 59 3 16 78 41 32 36 83 73 32 43 77 8 36 92 0 61 83 37 42 58 51 74 78 97 65 19 18 73 10 93 93 20 34 66 92 74 21 8 10 74 21 94 74 24 78 72 28 50 32 15 93 18 94 30 81 24 54 27 3 64 6 87 86 
72 13 63 5 26 43 91 14 54 23 63 76 88 8 64 41 85 97 4 36 28 96 21 48 49 65 59 4 1 8 27 38 8 12 73 16 49 79 89 11 16 14 21 78 42 69 79 35 39 66 27 2 76 100 21 32 96 100 92 24 40 100 37 94 87 15 94 79 55 4 95 72 7 30 10 14 92 81 65 27 46 49 36 15 10 95 43 73 87 74 45 24 71 71 7 28 47 50 46 19 81 48 57 80 93 64 78 3 58 75 47 100 7 79 62 80 26 64 74 98 83 91 12 23 99 38 92 68 97 39 45 9 27 58 66 95 14 4 93 100 16 67 82 7 49 2 72 25 70 90 76 16 42 59 51 32 58 28 60 96 91 45 69 77 27 70 93 72 41 29 50 2 36 89 6 0 69 78 81 62 5 39 80 94 5 0 22 22 14 89 53 25 42 0 11 60 18 56 51 16 93 46 38 48 61 1 84 8 70 95 60 4 46 21 6 41 94 29 32 81 33 2 38 10 1 79 34 76 86 99 63 82 50 99 37 95 95 5 62 57 16 96 74 52 60 25 31 17 6 10 32 0 15 17 24 11 78 65 27 18 23 15 25 11 20 47 60 35 91 18 84 37 30 27 34 40 36 73 75 20 70 23 49 96 5 82 56 14 9 14 97 87 11 72 20 100 83 44 54 39 53 32 15 32 3 12 50 20 82 53 65 55 82 3 63 50 2 29 100 24 36 29 32 54 6 14 23 24 87 34 14 77 6 40 82 42 99 92 9 12 95 33 58 89 98 15 72 82 25 76 91 98 49 60 82 18 50 7 35 24 9 77 93 98 51 81 88 57 49 39 84 2 85 23 91 74 0 48 76 60 61 46 83 58 39 94 32 62 9 23 40 64 66 10 99 36 44 16 9 87 
53 1 49 44 69 84 28 63 24 35 71 53 40 60 38 38 85 85 55 70 24 11 70 70 66 37 35 9 2 40 80 40 64 23 34 81 59 22 52 48 69 68 29 93 9 29 3 40 89 51 66 52 87 98 54 99 42 34 13 50 15 94 8 99 77 63 21 7 15 79 87 92 91 90 80 7 3 36 38 36 84 95 59 79 10 67 43 92 79 63 93 7 2 88 1 82 84 83 63 81 7 69 45 37 51 79 39 71 20 28 35 16 42 54 9 43 58 11 62 28 74 93 100 81 37 37 99 3 46 26 26 56 6 60 39 5 63 49 63 50 90 24 4 32 85 41 90 76 2 3 37 62 81 86 87 37 1 26 70 30 79 64 98 67 24 60 8 26 27 24 42 10 41 38 79 84 56 21 52 35 62 4 3 79 68 16 84 22 94 84 75 6 96 60 81 51 61 8 35 16 17 53 31 88 20 86 46 14 22 18 77 72 50 25 2 49 54 83 55 48 25 38 54 78 89 16 79 48 15 7 23 10 62 51 51 85 4 19 76 48 53 27 41 71 88 28 17 32 91 12 38 72 27 0 24 80 96 75 55 47 4 82 48 18 24 19 14 44 94 28 43 66 56 7 98 69 1 35 53 28 28 77 84 41 99 8 87 22 95 27 85 44 63 23 98 85 63 78 12 37 47 44 36 63 36 15 23 54 15 12 88 5 88 1 77 49 81 71 91 63 93 54 66 8 26 11 95 0 47 85 8 1 55 53 34 78 62 18 94 67 97 71 82 42 34 37 0 37 8 4 44 71 42 41 32 32 67 20 70 54 18 19 4 78 13 72 67 43 84 75 63 80 80 88 6 72 93 96 51 2 54 90 82 62 95 49 58 75 23 33 94 88 12 78 90 74 26 8 7 79 
88 54 98 36 92 28 9 95 99 95 7 98 100 82 79 90 29 10 37 59 51 20 84 45 36 92 49 55 39 88 39 91 13 30 79 85 59 80 95 57 43 48 22 100 83 57 17 94 76 10 17 66 39 25 70 67 4 13 30 10 21 3 1 84 82 80 41 31 1 33 12 1 63 31 70 41 33 95 74 88 59 23 22 33 51 41 77 44 6 62 89 7 56 65 75 64 42 28 56 78 17 74 49 97 22 83 4 54 48 70 96 35 49 66 78 23 11 70 57 53 26 3 75 18 34 74 91 28 5 30 82 48 0 72 1 3 83 36 67 82 67 73 71 48 96 60 23 81 97 50 97 48 100 20 99 64 76 69 58 11 33 41 77 28 5 36 38 100 7 4 81 36 40 89 33 18 77 96 56 42 59 43 54 28 3 62 30 82 89 3 58 99 45 33 6 4 14 89 2 98 40 5 87 86 48 42 2 84 10 95 50 99 37 27 76 69 82 80 1 1 97 81 81 8 98 34 42 81 3 69 3 39 66 93 58 29 16 77 91 76 8 29 8 18 64 54 56 37 90 49 46 66 72 45 8 85 39 26 27 48 48 26 85 84 76 99 65 24 47 61 43 22 67 78 100 19 31 91 89 12 44 27 25 97 27 16 10 55 91 99 1 1 91 85 94 49 97 40 84 51 68 90 20 2 70 90 86 95 76 50 32 25 50 25 83 98 75 72 74 37 70 52 55 59 12 64 88 98 100 70 8 57 27 35 15 55 87 10 64 52 45 73 70 0 39 87 82 34 40 68 27 100 97 2 76 100 80 76 27 96 17 57 82 68 71 56 91 78 34 28 2 11 86 67 68 5 53 4 0 87 24 54 75 35 18 22 15 91 100 72 51 97 15 79 80 64 86 90 100 88 
93 33 55 87 59 93 18 68 70 98 84 98 62 6 99 91 40 14 53 80 99 38 83 83 34 59 31 60 32 30 80 36 61 15 64 100 28 60 29 75 48 50 23 37 56 40 43 66 44 13 95 48 72 71 8 79 10 65 31 17 4 42 71 84 4 77 88 82 83 83 80 70 23 83 31 33 93 41 38 65 35 100 13 64 28 80 80 24 58 40 48 3 89 59 17 46 74 31 48 67 61 97 18 58 62 79 77 93 62 40 9 17 53 79 91 10 55 49 17 19 89 86 47 16 28 19 83 56 46 7 94 17 68 72 37 59 37 81 21 59 19 4 78 14 27 95 91 50 66 91 39 3 95 20 47 73 90 82 20 37 81 46 48 8 11 2 32 62 86 56 77 67 39 48 68 91 6 39 72 94 9 46 37 73 23 79 3 20 37 18 23 75 76 52 91 8 26 12 22 70 40 53 65 25 24 9 33 13 71 79 97 97 82 60 39 12 89 4 49 29 79 69 67 24 99 48 34 48 20 1 100 61 68 38 23 96 32 58 64 84 6 89 78 47 38 14 3 98 11 44 19 62 3 25 92 27 45 39 27 17 48 23 84 91 95 48 50 88 48 10 5 94 79 4 39 96 95 50 33 20 47 59 12 72 93 48 46 27 99 82 11 11 51 20 42 69 13 43 22 44 74 96 20 77 10 27 48 95 67 72 24 82 40 43 34 81 59 98 24 47 20 28 24 42 56 19 89 18 61 18 84 22 98 81 53 70 54 25 69 95 79 52 54 66 84 73 30 42 76 88 15 21 68 100 10 87 0 3 36 13 47 25 91 76 96 57 0 44 15 56 93 78 61 72 87 14 84 10 23 47 22 3 53 99 41 27 38 72 39 52 65 26 59 95 60 17 83 2 26 67 
15 72 28 77 65 20 82 43 98 6 79 90 31 42 72 8 32 88 15 55 89 49 62 4 55 76 2 94 56 84 91 24 95 73 5 78 13 8 35 17 5 71 49 84 3 66 21 74 18 56 41 56 43 59 95 95 53 94 39 54 13 58 52 47 82 70 99 90 34 78 100 21 44 74 43 95 96 45 40 99 76 23 41 29 7 11 6 89 40 3 72 56 81 41 17 67 36 7 86 80 68 61 54 62 91 95 52 8 0 79 1 43 2 27 27 76 46 35 16 81 94 64 52 59 4 78 36 77 80 80 50 36 35 16 39 85 5 75 54 8 100 36 33 60 21 96 99 15 79 49 59 80 37 21 14 83 92 67 89 78 79 40 92 0 32 72 6 88 93 46 25 60 7 100 10 37 64 11 65 47 14 30 53 9 9 80 5 34 96 6 30 79 85 63 57 34 82 6 90 17 13 58 62 15 11 51 24 58 56 45 26 40 63 65 70 52 67 9 32 97 60 61 60 37 23 50 46 63 19 36 94 98 61 92 58 88 50 61 83 69 97 37 68 38 89 83 46 78 93 81 46 84 28 31 87 86 7 68 94 79 12 15 35 33 85 46 62 73 97 59 86 75 13 98 27 100 32 35 52 60 22 30 59 7 30 20 55 72 24 5 29 47 5 80 46 3 33 13 78 12 56 36 85 85 96 88 99 79 60 17 20 56 72 77 48 93 56 40 85 19 2 38 80 54 66 36 11 59 39 59 33 84 44 63 1 90 28 67 3 49 66 84 94 37 36 18 71 13 55 52 62 97 10 86 10 94 11 10 18 88 46 73 14 69 5 93 100 40 69 6 73 85 38 16 52 93 91 87 68 63 71 8 43 60 47 76 13 22 99 94 66 17 18 4 51 31 76 1 69 6 
24 66 21 12 38 79 4 37 9 49 61 36 9 80 35 35 62 3 10 57 55 5 49 21 80 19 57 19 69 28 53 60 90 87 52 80 81 46 63 67 87 62 69 52 47 76 24 56 54 23 12 40 74 28 79 2 15 99 96 18 9 85 12 1 95 88 46 83 87 50 67 5 77 58 37 33 7 13 54 80 94 85 67 72 69 57 12 2 58 95 36 93 90 46 69 54 35 29 37 38 51 9 90 88 27 37 21 99 59 25 55 92 26 36 66 34 0 72 32 62 84 99 50 36 56 44 96 2 42 79 56 90 4 36 36 92 97 25 2 56 21 99 47 78 2 16 7 12 79 20 2 18 97 0 65 41 50 37 55 10 11 98 50 14 16 55 46 31 7 51 41 83 56 51 60 34 8 7 71 20 52 14 12 67 90 67 0 91 3 42 61 41 63 37 97 77 66 3 24 83 53 40 56 35 36 42 50 20 57 13 51 49 29 59 100 81 32 8 84 79 51 16 71 91 44 4 17 91 26 19 20 71 66 96 93 17 55 89 25 77 30 47 0 97 61 82 72 89 70 7 5 80 50 94 31 27 95 49 56 37 31 0 52 7 14 40 89 36 27 51 35 72 25 9 19 59 30 50 65 51 50 39 53 11 73 11 33 6 99 3 20 4 6 39 84 42 61 2 58 94 29 60 88 44 26 1 28 53 47 72 84 7 87 77 26 2 29 43 6 23 35 54 57 90 49 59 89 95 61 23 4 30 23 88 73 20 73 87 9 54 12 92 31 84 10 17 49 93 79 65 23 82 58 91 55 60 59 53 10 3 95 14 50 61 27 57 75 81 37 27 37 42 27 74 9 73 35 25 90 80 33 57 23 47 58 53 79 85 74 78 74 57 42 66 19 50 12 81 68 62 
57 6 21 83 72 45 75 55 67 70 51 91 76 50 93 4 22 27 18 64 24 68 75 38 49 87 47 3 65 0 54 38 24 8 12 67 18 14 53 6 30 60 71 74 43 44 34 83 27 34 31 57 47 98 67 96 48 52 11 82 13 53 90 0 7 58 66 73 74 51 99 68 13 70 66 100 96 22 40 3 75 17 69 70 83 100 10 89 59 68 74 30 0 29 4 13 63 93 50 64 37 44 96 7 31 33 27 25 76 43 14 1 6 63 51 89 44 75 57 64 57 27 62 96 35 20 85 58 87 69 38 3 28 18 73 94 32 96 74 9 76 51 100 77 71 45 23 32 92 65 33 39 10 53 42 98 69 97 19 91 82 41 88 12 71 50 13 19 33 66 38 2 51 20 8 96 15 67 56 10 6 75 7 49 19 64 23 83 5 84 81 53 59 67 57 81 85 97 33 13 90 10 92 94 39 98 81 13 69 92 42 66 83 36 0 27 10 46 60 7 99 51 78 88 54 61 19 37 32 88 63 23 11 26 29 39 40 56 95 82 41 47 23 30 31 92 84 55 41 53 10 10 39 12 92 9 82 68 8 32 33 95 13 75 80 49 38 98 43 19 35 21 0 95 51 16 22 96 38 75 64 51 80 10 100 34 33 47 90 45 91 71 18 23 5 90 75 93 82 58 75 30 57 72 72 77 5 61 58 66 7 33 17 5 31 78 26 84 1 91 20 38 56 58 49 23 14 33 14 91 47 46 4 83 100 88 10 29 82 39 55 100 66 89 81 46 3 5 35 52 50 43 22 72 33 31 86 16 5 77 4 90 81 60 77 13 42 62 64 87 0 62 28 85 49 73 59 67 83 32 11 70 86 9 40 70 9 38 64 40 68 46 36 57 92 100 16 8 4 19 
43 33 2 79 22 18 80 36 45 43 73 86 58 21 2 88 19 80 96 72 49 42 63 24 66 71 97 47 75 97 76 61 16 70 22 4 42 84 75 27 71 54 73 75 34 28 3 67 64 40 27 34 54 72 99 42 32 91 16 93 23 27 73 12 93 22 29 0 48 24 24 16 48 24 4 63 13 69 15 14 100 79 16 95 85 66 88 66 8 2 8 53 18 71 62 73 48 93 76 96 92 2 29 66 14 65 21 55 0 71 11 3 22 49 93 11 5 36 94 32 88 2 23 10 100 16 92 5 5 31 12 20 5 47 17 1 64 64 57 49 75 52 91 98 74 79 35 95 73 76 93 67 51 25 38 12 56 80 78 96 14 81 26 93 87 92 56 28 27 28 88 15 55 58 7 84 60 38 0 90 61 87 36 2 20 63 62 50 8 80 91 53 35 94 52 8 88 49 11 43 16 98 67 88 3 73 0 1 46 27 75 79 77 32 38 50 81 38 3 14 4 45 70 93 99 35 42 73 88 96 53 25 62 75 53 85 97 2 6 46 20 91 8 87 94 70 10 18 58 86 21 37 29 92 22 66 25 90 24 96 82 67 28 9 41 11 51 48 78 90 35 93 100 29 74 42 50 45 54 18 24 99 87 5 56 59 55 29 50 4 33 41 59 4 44 33 61 40 21 68 36 86 0 14 28 24 45 40 100 23 86 63 7 23 1 26 59 86 65 85 9 84 4 89 56 84 13 58 32 37 60 33 15 73 97 37 53 51 35 67 23 48 6 54 13 7 64 29 85 84 12 83 10 94 69 29 93 60 72 52 67 8 43 88 73 98 76 0 5 69 51 37 10 25 19 76 76 37 54 20 8 70 49 26 94 14 88 53 8 100 21 11 94 30 73 80 0 89 80 68 
90 15 81 36 30 1 61 97 52 3 18 76 1 23 55 75 91 35 98 54 99 49 81 74 7 22 67 44 42 3 93 25 78 98 60 10 64 91 94 84 70 37 78 73 61 86 28 16 9 86 57 48 42 85 58 19 76 24 51 98 75 54 15 8 63 13 19 98 60 15 21 45 33 34 64 74 63 31 16 19 45 44 55 77 5 16 57 37 69 70 72 61 93 10 73 44 24 56 28 90 57 63 33 87 65 49 72 81 82 81 78 95 43 66 72 11 33 92 73 27 48 6 76 22 64 41 51 53 75 79 83 6 89 45 3 31 64 3 26 31 70 95 19 6 25 71 19 81 60 87 47 79 71 27 72 13 28 65 70 84 1 73 87 0 41 22 66 95 61 27 32 0 60 27 51 82 45 60 60 29 63 97 65 43 85 5 69 76 69 16 81 13 21 30 40 64 45 36 100 31 22 37 69 43 73 3 71 91 62 8 79 98 68 9 71 31 7 82 26 20 88 12 23 40 47 70 38 70 90 70 47 21 31 58 19 65 28 94 24 86 20 17 15 3 48 53 70 5 30 12 93 85 36 49 3 30 16 76 19 44 69 65 94 75 51 20 14 32 14 10 82 20 1 100 27 11 71 70 25 32 51 68 60 80 68 80 20 30 20 78 87 79 23 15 19 32 48 51 58 82 88 0 20 67 68 38 0 42 71 70 63 17 75 40 80 13 92 5 83 45 10 2 81 96 78 98 62 48 65 100 20 37 39 40 21 58 81 5 33 32 85 0 16 0 85 57 13 1 96 34 60 37 32 52 64 62 39 76 100 78 99 46 44 6 98 83 35 31 80 85 71 76 89 38 30 61 73 51 47 34 52 3 3 8 97 7 44 60 74 57 96 35 32 81 13 83 3 78 4 15 
0 35 3 34 93 4 47 5 15 59 30 3 80 61 23 41 27 97 47 42 58 28 23 84 59 52 57 19 24 44 2 7 2 26 25 68 3 7 47 69 29 87 6 60 35 60 96 12 28 6 61 66 18 33 11 68 2 18 58 83 74 48 6 81 17 4 8 25 37 2 39 30 50 32 97 88 92 64 23 13 43 86 53 82 3 50 49 11 34 12 25 33 54 25 27 67 87 89 42 32 46 68 78 72 94 9 93 68 93 48 33 65 59 96 40 68 44 80 75 90 52 97 39 65 41 56 55 90 19 70 2 6 34 9 81 31 70 93 66 74 74 91 55 42 48 38 4 81 34 47 100 12 14 24 79 35 71 66 2 72 56 34 97 64 22 57 98 7 13 84 50 23 60 46 95 34 83 3 6 19 77 89 47 9 76 9 74 95 2 60 5 83 35 0 47 82 57 8 54 90 52 97 30 90 14 63 78 69 37 10 4 73 50 9 28 10 89 37 27 31 63 98 13 43 91 37 59 42 83 31 55 71 6 29 63 4 97 38 59 10 64 61 27 23 30 51 6 21 97 48 50 90 25 91 88 17 60 74 21 76 7 11 89 63 16 25 37 91 42 14 52 93 82 64 22 98 2 83 34 35 18 67 64 49 82 69 76 11 52 25 43 82 42 20 40 59 55 60 55 16 66 35 87 28 40 83 54 51 32 36 74 35 10 34 83 58 54 24 28 37 75 96 74 53 59 94 83 87 57 60 51 70 58 85 98 54 33 63 21 70 79 20 2 4 6 94 80 67 23 95 42 62 88 30 59 19 5 25 91 89 19 19 17 41 9 68 10 66 73 98 79 23 94 69 52 48 25 79 49 4 44 95 15 22 22 25 87 66 23 36 11 53 41 10 91 45 68 16 0 25 
23 15 59 44 0 40 64 98 59 4 52 78 76 36 40 70 72 71 52 54 25 71 73 81 97 34 94 73 22 83 56 24 14 6 69 69 1 46 34 55 75 96 58 100 17 57 20 82 29 62 63 56 27 76 8 78 49 50 41 40 94 29 51 94 73 36 83 33 50 88 93 79 9 21 76 72 79 58 100 45 47 87 7 8 61 2 61 8 33 20 55 31 87 41 22 76 81 13 43 0 99 47 53 92 74 74 69 59 75 36 8 21 35 7 76 0 22 96 7 88 12 16 84 29 91 79 86 16 30 22 77 94 86 88 69 79 15 92 7 54 9 52 80 63 69 98 60 79 5 67 30 88 1 74 35 47 86 32 65 46 7 78 26 25 54 91 52 70 95 46 4 74 28 27 58 20 11 1 85 1 40 74 6 67 53 0 40 40 82 95 6 77 68 85 42 25 40 60 52 99 26 5 90 49 61 98 13 85 46 33 44 69 11 11 30 86 7 72 12 59 15 45 88 57 19 92 94 9 29 50 86 68 89 92 48 71 42 73 17 93 76 74 4 64 100 23 61 21 48 15 95 15 78 24 24 33 84 68 89 28 78 19 72 37 25 20 20 23 100 90 81 29 65 54 91 35 68 32 79 95 8 41 76 53 75 53 62 50 51 88 21 38 100 83 86 32 36 46 4 31 31 26 72 26 88 53 70 57 9 51 14 22 84 46 30 12 94 83 32 55 15 89 33 65 22 11 35 96 19 11 94 51 23 65 35 86 94 88 18 40 14 9 56 9 27 0 18 41 31 52 98 23 25 41 21 32 98 39 47 13 70 44 100 89 99 67 100 9 79 39 14 70 60 87 73 57 78 14 54 47 70 38 4 5 98 46 63 73 64 49 92 70 86 37 41 61 43 10 16 35 
63 78 63 73 65 52 94 35 87 5 37 34 48 53 76 61 3 19 18 99 65 56 72 29 53 80 44 68 15 10 29 30 78 38 45 50 46 44 22 79 1 100 35 9 13 57 39 57 33 18 58 36 83 91 86 43 78 70 21 87 91 33 51 74 11 86 40 35 100 82 61 91 55 44 34 72 4 96 50 78 7 89 66 56 58 7 65 19 15 16 15 98 4 19 31 75 23 16 34 75 80 22 5 39 62 94 56 41 97 68 76 58 90 12 12 42 43 9 83 59 58 14 62 54 70 48 29 9 78 73 98 88 23 16 2 86 78 49 52 74 28 67 72 26 91 69 19 63 61 5 59 7 10 56 61 27 35 10 48 97 55 1 93 82 72 78 2 22 71 33 21 15 68 65 34 73 80 91 21 98 87 22 54 68 56 56 85 40 36 43 20 75 1 29 42 27 69 35 29 74 14 100 43 75 6 12 87 68 66 100 51 50 29 7 1 25 3 71 57 34 48 76 62 59 13 7 30 68 31 63 31 45 17 38 38 32 95 99 54 91 76 85 13 36 9 85 6 10 96 34 5 42 16 50 19 24 88 44 86 77 46 38 24 63 61 8 49 76 24 47 11 68 10 26 41 82 12 14 60 31 25 70 41 83 87 44 62 65 13 45 66 27 75 64 16 70 22 21 19 39 76 77 34 87 64 37 7 16 41 25 3 87 82 15 29 87 59 33 96 73 51 58 31 21 20 13 40 60 15 17 89 73 55 15 42 11 93 5 52 62 33 95 1 72 36 38 47 18 50 56 14 21 9 13 63 44 87 27 73 44 93 64 89 74 45 83 10 41 98 75 79 23 55 80 96 44 10 6 52 85 21 52 86 4 96 16 5 32 93 100 80 34 18 16 81 25 86 86 64 95 
8 19 92 38 4 11 13 97 89 54 11 9 77 14 95 38 63 28 3 38 11 33 20 14 49 32 31 90 86 68 50 65 60 47 64 84 27 35 77 86 17 100 63 61 78 19 42 80 98 30 100 64 76 24 91 68 14 29 7 82 91 20 87 20 14 4 84 73 1 84 87 100 77 95 60 56 60 76 33 77 75 30 32 63 73 52 8 85 90 92 1 9 99 85 21 9 32 60 24 76 78 43 91 11 41 36 93 9 15 13 56 61 53 62 64 65 50 50 2 49 5 48 69 56 36 88 3 68 50 95 19 95 2 10 2 33 84 9 37 45 21 100 27 26 12 22 69 83 80 8 94 17 31 61 13 15 53 49 81 18 2 40 77 94 30 17 14 96 27 55 15 97 35 24 86 91 79 79 54 98 27 95 33 36 71 53 34 2 94 49 46 85 100 54 92 87 69 14 58 9 29 41 33 17 1 49 67 78 17 74 65 77 95 33 4 55 61 45 24 9 49 15 46 29 3 39 5 28 53 64 70 19 1 38 37 45 42 87 94 60 17 23 62 11 99 99 86 24 99 53 17 92 82 42 85 94 44 71 15 91 67 10 42 85 32 37 42 33 91 6 17 7 3 45 60 90 80 93 8 2 88 71 95 98 72 75 63 43 19 47 67 85 94 39 0 70 22 33 39 76 3 54 78 77 39 35 47 85 46 24 10 47 66 73 19 44 66 3 72 23 90 21 41 30 54 1 45 97 68 33 40 66 86 21 0 32 30 69 1 24 42 100 46 5 28 45 79 82 8 14 47 0 12 33 45 57 64 23 94 73 52 40 81 49 29 7 43 30 44 48 96 91 0 37 5 91 5 91 28 75 85 76 38 13 32 73 55 74 70 89 86 88 73 96 38 18 20 67 4 82 
18 28 12 51 71 87 2 2 31 13 51 84 54 11 68 50 32 6 32 39 57 43 68 27 36 57 63 84 16 69 19 19 39 99 15 76 59 65 79 46 95 3 52 15 70 98 62 32 88 95 57 4 67 44 74 6 83 52 26 39 12 11 4 26 85 98 9 51 48 46 43 70 68 89 69 3 65 25 7 65 84 60 49 95 2 15 92 81 83 90 10 63 12 26 68 93 13 87 31 26 82 59 18 67 5 100 89 5 38 59 29 43 96 18 60 59 55 73 97 11 54 83 98 78 71 58 88 67 41 23 5 22 47 43 60 93 64 74 38 72 21 27 70 70 25 15 24 35 51 38 93 38 73 98 35 25 88 8 22 30 74 16 93 30 21 0 4 91 14 21 49 43 74 54 72 69 19 81 47 25 100 100 13 7 26 2 5 97 88 52 10 99 58 25 93 51 68 92 74 80 35 60 0 54 60 84 27 24 41 55 31 98 39 21 26 35 4 84 46 92 22 40 96 90 6 57 3 28 71 6 16 61 43 53 17 70 17 71 77 11 81 39 80 80 89 14 27 38 83 63 50 78 64 94 27 39 22 70 93 71 10 72 15 43 41 40 22 85 66 17 11 67 0 78 44 55 68 2 6 81 47 40 88 11 12 76 32 69 40 56 95 92 44 43 61 76 11 85 38 8 98 29 76 60 65 98 93 20 27 66 96 5 33 69 15 46 77 68 99 11 95 84 4 31 22 63 92 76 42 56 13 53 95 19 55 62 72 11 30 44 48 83 5 54 86 96 27 73 77 53 80 11 60 34 8 100 92 26 51 81 83 75 26 98 78 74 43 22 82 85 78 11 3 16 54 69 46 5 12 45 65 86 65 45 5 59 5 10 92 88 23 45 50 36 78 61 100 62 18 91 
69 11 29 69 24 34 26 60 49 24 94 73 82 31 14 54 95 47 78 1 72 11 30 50 71 95 25 48 38 48 11 13 86 74 26 27 99 78 71 19 85 70 27 52 17 79 61 71 77 60 73 72 51 30 61 23 54 48 56 73 16 98 18 14 11 12 91 28 40 52 73 26 94 89 66 76 69 34 39 83 0 33 52 10 35 55 23 59 79 85 11 56 79 30 27 92 32 25 62 83 90 79 10 100 4 56 96 42 31 96 86 91 22 97 74 36 100 54 69 60 0 39 16 78 19 71 17 65 34 34 43 2 36 55 54 30 85 26 63 19 76 87 44 7 70 96 8 39 17 47 97 13 78 18 83 72 51 83 63 51 59 8 20 42 6 17 5 26 8 58 71 100 56 79 4 5 54 84 73 82 44 52 7 78 34 60 35 7 69 77 68 82 73 52 14 53 69 35 85 96 54 72 68 59 5 63 82 77 1 91 17 69 95 99 24 0 0 21 89 72 82 23 42 98 75 60 28 76 1 10 75 86 61 2 92 24 42 30 28 4 66 14 78 41 53 56 42 54 59 35 7 7 68 46 64 70 89 75 91 63 93 75 73 2 94 64 20 3 5 100 5 97 42 91 13 64 58 100 81 12 30 74 1 80 62 66 62 38 56 42 47 33 55 99 38 20 14 29 43 53 39 75 95 85 33 52 26 58 26 36 57 9 46 84 26 37 50 63 15 53 92 54 77 58 92 72 0 15 71 12 66 65 62 92 43 13 24 52 8 30 99 0 98 15 36 92 66 78 86 19 33 36 21 58 59 2 73 60 28 26 62 84 82 44 28 47 92 19 2 20 54 54 80 82 27 35 27 92 60 68 39 51 50 50 74 46 24 97 48 56 84 43 37 30 29 33 23 42 81 84 
76 41 24 10 89 24 63 62 70 20 47 86 93 66 46 54 95 88 7 60 39 13 79 82 9 80 97 79 92 78 5 53 89 52 22 46 99 48 92 16 4 91 9 41 58 83 10 87 39 48 28 40 65 63 77 97 41 8 32 23 50 71 30 88 28 24 25 91 58 52 27 45 31 62 10 99 10 26 41 7 33 47 97 37 11 65 12 90 29 68 37 96 85 93 37 31 29 68 91 4 49 18 38 53 45 78 59 31 34 1 6 34 28 94 35 14 17 67 32 31 50 70 2 55 44 62 35 70 48 37 6 85 36 17 90 42 53 67 0 89 65 98 58 61 21 6 74 96 81 48 21 19 63 93 32 44 69 26 18 91 52 42 12 11 39 63 62 82 68 28 16 75 99 96 27 41 9 21 32 82 22 0 96 100 99 14 3 66 19 44 39 30 95 48 26 72 15 91 46 59 72 0 71 21 99 13 63 98 30 31 37 72 88 54 19 13 3 59 0 69 29 10 98 70 9 92 39 58 43 30 4 58 94 95 31 45 52 41 11 79 0 89 29 32 97 72 90 12 79 47 67 12 45 34 10 88 38 100 28 14 81 68 80 20 49 50 25 64 2 99 84 66 4 99 95 17 27 1 20 52 87 41 85 46 96 80 26 28 0 35 81 16 82 78 25 11 97 73 43 96 10 53 43 70 97 35 72 56 79 50 99 3 84 74 56 84 0 75 29 10 90 83 83 71 12 89 69 54 51 85 10 31 8 81 70 19 66 35 40 23 62 74 32 97 42 7 79 46 75 51 77 59 25 19 95 85 94 23 23 65 70 97 45 30 97 50 88 94 61 98 93 75 98 59 8 74 80 28 62 26 57 84 48 95 91 34 19 25 12 59 88 50 23 81 19 52 28 52 74 79 
57 41 30 43 24 27 58 78 5 53 91 98 100 12 2 39 19 64 98 36 48 32 25 81 69 31 46 45 46 13 20 85 0 0 12 4 89 2 51 23 11 1 66 52 51 88 35 100 1 47 22 98 66 30 99 93 8 50 39 50 43 58 83 18 99 7 74 24 14 93 9 5 100 65 9 3 50 34 54 89 56 70 13 63 76 65 11 24 83 53 9 75 95 53 56 46 12 57 68 65 28 98 90 41 25 29 71 5 79 9 60 21 84 41 54 77 12 52 61 80 99 56 45 1 13 79 64 4 70 53 63 43 98 79 26 72 7 93 54 60 59 63 34 41 93 46 52 29 67 22 31 3 100 64 24 62 26 19 85 41 100 63 5 46 71 21 90 79 90 34 26 1 42 86 52 15 58 19 45 53 56 48 34 78 88 32 2 3 16 67 7 76 65 35 45 20 77 7 41 71 48 37 11 98 34 5 37 97 73 30 79 5 63 72 91 91 29 41 13 10 20 24 42 27 21 56 60 23 18 72 28 17 88 91 3 41 82 73 84 85 38 19 57 8 24 97 8 54 14 34 1 52 56 32 68 5 88 43 28 19 18 27 0 89 1 72 85 22 3 82 2 80 14 27 34 11 40 10 33 49 28 57 61 2 17 26 43 9 37 19 34 90 11 24 3 65 95 33 100 17 73 7 3 87 63 38 75 70 77 68 18 85 42 4 80 19 5 62 6 95 13 34 43 54 0 47 98 18 38 5 61 58 38 9 59 15 70 67 31 80 20 99 96 24 85 94 1 74 33 95 100 16 38 43 76 30 48 53 75 41 72 45 91 20 3 55 50 81 56 24 45 15 2 48 93 100 70 43 62 95 64 69 74 84 58 71 43 35 71 39 30 76 75 19 43 65 97 2 63 38 
7 78 56 89 10 44 54 33 90 21 45 33 17 53 47 76 80 64 3 85 72 3 52 91 28 38 85 41 51 26 57 69 68 26 42 38 18 89 89 63 59 39 18 96 77 9 50 22 91 5 9 14 80 29 22 94 79 3 100 77 28 98 3 95 30 72 2 68 72 62 65 32 98 1 20 62 83 83 53 46 35 23 3 78 71 84 45 48 53 67 40 83 60 42 53 24 23 60 4 38 95 29 91 80 49 50 97 10 67 84 28 83 23 42 65 80 55 82 54 11 68 30 42 19 72 65 89 26 91 59 35 17 73 85 94 80 48 57 36 43 20 9 17 26 1 54 24 12 89 37 59 17 29 63 7 5 4 95 89 77 0 67 94 92 7 60 7 94 87 87 40 58 9 44 64 49 1 50 35 35 19 14 76 29 84 89 66 40 97 72 98 60 13 35 16 15 60 72 65 17 40 95 70 56 26 27 84 61 97 5 43 38 88 49 58 59 55 9 51 1 58 60 1 18 45 79 17 35 94 45 89 54 86 9 81 100 62 21 0 52 86 25 81 73 23 29 43 96 92 7 83 56 23 82 75 95 1 30 6 54 91 59 10 96 46 1 62 57 98 10 52 87 20 47 19 91 87 10 27 45 85 31 34 32 39 26 35 38 1 7 16 100 19 64 44 63 61 56 48 93 36 90 6 58 27 44 90 2 68 44 70 77 45 69 100 19 17 42 97 44 30 8 19 71 75 90 25 38 42 99 13 28 21 54 32 78 73 97 61 50 69 60 3 23 38 88 13 46 19 89 68 54 17 82 100 88 47 87 43 21 43 48 24 81 3 5 44 5 34 91 71 1 26 11 37 89 100 12 55 11 17 95 38 56 4 83 69 8 78 50 61 63 15 91 15 66 60 17 96 86 
93 42 27 90 31 74 5 61 81 88 73 25 41 47 96 36 18 32 50 51 64 89 95 25 14 44 77 39 68 86 93 98 7 81 73 55 76 71 7 5 33 41 9 11 95 30 14 29 31 13 50 90 55 0 95 10 92 87 7 49 13 67 34 29 68 70 76 23 32 99 2 40 51 7 48 74 9 7 77 67 47 91 42 65 92 10 79 90 100 31 24 98 91 1 94 77 27 1 17 76 80 38 11 61 86 34 44 32 6 98 78 41 85 2 92 35 3 30 14 72 94 19 89 4 100 65 57 72 14 90 97 99 72 24 58 62 20 77 51 49 18 93 34 33 57 59 65 38 52 46 5 26 27 59 24 15 96 5 73 82 91 48 13 56 14 25 91 36 73 19 42 59 57 89 89 87 6 44 13 6 94 100 80 34 71 41 67 99 31 78 20 73 89 68 9 62 4 15 62 8 48 38 19 92 88 94 85 99 50 62 12 9 44 12 57 18 41 80 45 37 57 71 54 31 29 73 57 49 60 27 79 25 9 54 77 16 100 40 1 54 14 66 54 53 37 84 17 2 26 40 60 85 53 71 54 48 63 68 83 97 65 58 14 41 11 88 3 29 88 86 27 40 92 10 33 78 53 100 100 80 54 68 13 76 47 94 14 35 86 9 36 99 76 67 35 14 20 79 95 18 54 60 85 30 66 44 52 70 47 56 61 20 11 21 65 88 69 45 3 9 36 11 61 18 86 52 45 8 69 36 50 99 49 0 69 29 69 36 80 92 54 11 93 82 37 13 16 100 73 46 14 44 28 68 30 33 27 57 60 0 71 9 49 54 23 98 10 30 44 11 26 46 62 88 31 72 85 27 95 75 82 8 32 56 31 81 69 67 27 5 54 52 63 38 20 97 44 8 53 79 
0 21 25 42 53 14 17 37 44 11 12 54 8 60 92 38 82 69 9 64 2 85 13 98 4 4 56 73 47 66 28 63 70 98 52 87 52 79 8 49 37 62 6 96 5 69 18 86 49 86 87 79 30 60 35 29 54 43 71 63 74 83 38 96 100 32 86 45 100 64 56 18 37 67 17 16 33 40 22 19 19 79 63 39 48 25 32 68 79 32 77 0 28 18 5 36 57 33 88 9 9 81 34 98 100 76 3 59 50 77 74 30 71 9 36 64 78 88 23 29 50 32 91 13 89 26 81 61 69 74 27 13 32 24 28 39 77 0 40 48 99 3 67 63 8 16 21 27 76 60 14 6 11 60 68 10 28 17 13 90 95 73 12 13 63 38 75 17 92 28 32 20 40 99 94 84 59 93 35 91 93 62 88 90 41 93 22 30 24 84 84 94 91 94 49 53 85 79 46 46 4 63 75 0 42 93 84 88 17 59 76 5 18 77 2 91 82 23 23 20 42 88 23 80 43 79 55 84 0 0 88 68 73 45 32 43 58 49 17 86 40 58 98 10 65 61 78 67 41 93 46 81 11 25 2 95 29 76 64 24 58 40 75 68 90 6 30 98 29 43 73 75 17 89 77 33 26 32 42 53 42 93 77 91 68 41 27 9 30 87 64 21 9 58 91 67 92 49 91 94 43 1 82 99 23 80 88 46 43 99 36 99 7 43 46 70 85 36 61 26 1 64 29 92 29 79 100 64 42 39 24 42 7 61 95 20 42 54 57 3 48 88 100 24 51 6 18 23 17 5 23 56 61 94 26 50 37 12 93 75 39 44 15 75 45 63 33 31 89 90 96 52 9 71 23 77 99 92 6 59 66 18 19 81 45 36 21 32 63 87 46 91 37 6 21 67 38 55 60 35 
65 61 92 85 48 33 24 74 45 22 78 46 66 65 8 93 86 37 33 62 95 21 81 70 96 19 67 13 30 88 91 75 6 87 64 69 22 25 20 70 51 36 68 72 99 37 41 83 21 56 89 95 76 67 92 68 4 93 23 12 81 55 1 28 55 83 33 86 79 4 85 37 85 45 69 100 25 67 2 47 51 75 34 80 1 81 0 31 5 53 78 68 28 32 16 26 95 26 31 74 16 3 58 41 12 60 24 63 42 29 12 76 32 10 88 46 86 12 96 61 0 63 59 85 48 51 50 5 84 20 58 50 35 89 54 78 33 56 50 3 54 87 84 59 68 77 10 83 91 76 96 7 43 29 88 95 40 92 99 35 90 50 72 28 49 35 94 80 38 33 27 72 29 47 6 17 35 43 22 90 20 97 65 4 36 75 49 46 11 15 71 84 65 0 93 35 38 88 68 20 55 99 18 93 28 25 76 26 10 11 60 44 5 43 93 81 63 9 66 40 69 81 51 27 91 18 88 89 36 48 15 31 83 31 78 35 63 96 85 19 90 2 51 0 37 55 32 25 19 92 32 59 27 54 58 57 81 18 58 94 45 65 76 57 8 87 30 30 23 37 33 35 39 87 21 67 57 31 22 92 98 80 94 82 91 51 67 89 90 40 92 28 13 78 56 2 44 6 86 73 94 46 81 42 22 71 62 73 94 17 3 43 78 82 86 31 98 53 40 3 33 63 20 43 96 3 61 97 54 24 23 70 34 79 98 20 45 99 40 56 45 87 38 73 77 64 27 22 26 32 63 7 32 91 79 18 13 44 51 96 47 79 11 9 5 40 40 2 21 27 36 23 22 81 32 95 100 66 22 33 81 55 34 3 23 0 53 64 79 54 29 79 90 18 52 56 30 5 100 33 
93 15 53 85 59 22 94 76 100 64 12 42 44 92 24 28 12 82 9 8 22 61 21 99 18 11 91 1 48 68 97 56 18 85 11 8 35 93 4 89 81 72 2 23 76 7 8 3 36 52 49 57 77 98 43 1 43 12 80 88 11 85 13 22 38 29 12 28 50 0 95 6 21 2 21 91 60 36 3 56 87 61 33 53 50 80 59 10 18 69 32 91 22 96 95 96 94 35 78 34 11 25 23 60 57 10 71 75 85 47 97 14 3 73 78 31 84 12 94 19 95 36 13 73 19 17 74 97 45 53 5 48 72 32 89 81 31 88 20 42 34 74 74 28 59 12 6 98 83 47 94 8 62 28 63 0 8 21 19 42 92 30 80 82 22 56 11 93 15 80 54 72 33 58 67 89 10 16 18 37 92 31 28 17 14 50 93 93 34 27 16 34 17 13 58 56 30 97 97 26 15 73 89 72 27 4 55 100 92 0 50 76 30 72 33 16 34 93 57 2 7 46 82 7 73 22 62 97 52 2 0 51 53 12 83 21 79 40 34 10 74 79 35 39 0 43 48 60 33 9 2 47 3 61 73 73 95 22 22 66 55 35 44 25 55 57 8 32 37 41 31 84 80 54 15 83 11 32 24 75 9 94 23 86 12 86 38 75 75 86 34 25 28 74 8 34 81 69 81 64 77 6 92 29 40 93 81 99 41 21 64 87 21 17 19 34 12 41 34 95 16 0 72 89 80 54 27 14 16 85 83 49 27 78 78 64 78 46 70 93 2 10 23 99 4 38 0 88 78 64 100 19 90 26 72 46 21 88 90 86 12 73 48 51 31 59 98 76 67 93 45 0 89 40 8 42 46 12 5 36 48 61 88 27 59 90 22 57 34 12 11 78 80 38 37 57 83 61 64 80 
31 82 84 19 86 32 16 54 99 11 80 58 28 18 66 52 12 71 97 29 98 44 7 56 26 65 85 91 95 19 14 54 36 38 80 93 83 11 35 55 88 71 28 74 93 94 97 82 33 51 33 27 29 18 13 23 13 47 28 52 29 22 58 93 62 25 54 64 10 8 95 54 7 34 62 55 15 89 8 48 51 94 8 23 60 58 99 47 94 96 8 61 95 3 24 80 79 84 32 40 27 21 9 32 91 61 93 41 62 65 43 50 45 53 8 0 78 58 31 91 71 8 51 8 100 98 55 87 77 91 80 95 75 29 83 45 96 30 86 93 1 7 11 3 69 0 14 40 31 78 96 11 34 16 19 100 68 33 48 18 36 49 94 69 59 1 15 86 15 97 39 100 42 94 5 24 67 12 17 54 72 5 76 4 46 85 38 49 35 68 10 67 36 43 22 88 28 14 37 3 34 87 31 54 89 57 75 6 91 21 93 43 49 97 42 50 40 57 39 19 86 42 49 11 53 71 17 13 80 26 85 44 75 4 43 46 4 57 40 29 61 43 18 6 83 17 93 68 62 85 52 72 72 41 97 29 92 51 37 47 46 14 51 27 58 99 14 7 8 11 64 27 85 32 59 83 93 62 80 5 25 95 56 26 64 13 22 59 54 3 4 85 44 33 31 52 19 71 87 81 25 21 61 95 72 73 69 29 68 77 29 57 9 60 74 34 4 34 67 24 69 95 43 99 20 44 97 96 64 3 32 9 85 87 91 80 24 87 47 85 86 7 45 60 41 79 58 47 42 83 36 86 99 95 11 30 64 10 36 57 65 47 12 48 24 1 31 86 78 30 32 22 17 73 70 69 16 98 80 53 58 42 83 6 23 14 8 55 67 19 93 19 61 29 86 42 6 43 1 25 
97 43 88 0 3 23 97 85 50 4 28 56 39 45 90 18 13 14 97 38 30 26 8 4 12 65 84 0 23 5 68 5 26 2 49 34 71 93 80 49 30 39 51 3 91 4 99 59 91 2 57 38 59 19 29 21 22 17 88 36 89 60 6 61 20 17 91 59 91 87 74 81 40 70 24 50 38 80 31 7 94 4 5 41 8 66 100 60 3 12 74 85 41 20 27 53 25 51 66 70 49 37 78 56 35 71 47 18 46 15 31 35 62 36 35 9 92 7 97 12 25 5 87 96 3 32 55 78 51 22 31 7 30 72 47 90 60 67 42 58 32 22 16 92 87 100 25 21 35 42 0 15 47 56 39 46 46 100 80 37 98 56 74 38 19 59 67 63 10 91 65 21 3 0 4 27 63 56 39 16 13 78 28 98 29 7 93 7 50 5 27 89 1 26 33 30 86 33 69 93 9 12 51 37 7 65 37 23 47 30 67 2 60 7 86 95 65 87 21 36 33 21 22 3 84 58 17 91 100 63 3 82 95 9 72 41 37 62 44 67 72 15 0 96 1 96 70 69 44 34 0 31 58 80 81 64 25 76 55 59 3 42 69 98 94 83 83 25 43 36 77 52 80 19 63 83 92 92 20 21 36 41 91 35 10 53 63 3 44 96 55 80 21 64 25 11 13 92 88 86 54 52 17 89 33 81 38 16 95 22 29 51 90 4 99 69 50 92 65 46 55 58 68 93 5 91 91 93 69 14 16 29 65 53 3 100 50 70 71 1 78 89 28 71 84 10 7 65 7 95 61 24 18 62 93 22 17 79 22 98 80 15 78 31 83 53 94 44 51 9 72 20 50 73 82 57 12 91 62 25 95 19 97 91 35 89 59 9 85 88 99 37 31 71 25 36 13 57 54 89 
93 24 41 100 27 19 74 76 7 40 99 37 30 29 72 52 40 62 89 81 65 22 99 67 68 76 41 7 31 5 13 79 18 23 12 75 12 87 48 34 86 98 60 58 100 10 70 43 6 46 21 69 49 42 25 38 49 18 46 42 28 93 84 88 87 12 67 6 76 73 81 25 1 75 7 4 59 51 21 46 84 34 71 27 68 38 27 77 76 70 86 22 18 64 78 21 75 52 16 82 21 13 31 76 60 84 51 25 33 38 56 6 26 71 58 36 38 40 68 76 9 67 89 43 43 12 75 80 17 55 41 25 4 60 11 20 86 91 17 60 27 61 0 97 5 85 60 38 83 66 91 21 38 100 82 69 36 72 24 24 0 78 18 91 1 50 75 24 24 11 96 69 27 59 41 62 75 66 36 59 85 98 22 54 7 18 7 91 70 65 40 24 7 11 86 13 66 3 46 39 91 34 2 54 15 74 12 41 4 50 71 34 82 35 28 78 2 10 23 22 49 69 65 14 86 48 3 45 82 53 72 31 5 94 67 13 45 40 33 25 57 11 60 84 59 86 41 85 41 84 97 41 67 48 0 22 18 74 14 3 93 50 55 21 96 34 64 5 8 74 3 4 34 96 52 29 25 10 52 60 40 73 80 25 85 51 40 65 73 56 83 53 30 21 78 95 28 14 88 65 95 99 8 4 59 24 51 21 23 64 52 12 61 99 81 69 90 3 87 34 80 38 23 70 62 87 39 48 76 70 11 0 46 78 47 51 50 67 58 95 18 78 18 77 8 76 98 16 5 40 82 26 22 33 57 21 60 89 74 57 73 62 28 19 49 96 69 22 10 51 93 3 43 62 26 8 71 74 57 17 42 69 68 38 0 53 70 13 5 3 28 34 40 19 74 29 69 91 17 44 
42 37 74 99 20 97 28 17 71 28 53 4 73 44 91 10 75 46 68 44 65 7 63 26 33 15 47 14 91 81 69 86 59 13 78 58 45 52 92 20 27 35 80 84 90 91 9 52 88 47 32 83 45 21 2 13 21 88 58 83 76 18 47 98 9 50 0 44 88 79 21 45 49 72 69 39 47 20 31 30 13 15 87 89 1 50 32 41 6 86 45 81 88 59 86 3 69 41 47 52 4 31 35 35 17 93 27 50 46 23 82 39 10 25 35 24 77 65 18 31 30 45 96 89 19 37 77 12 7 7 23 18 96 93 28 21 49 65 61 18 58 23 89 5 72 9 73 8 11 81 2 79 94 73 46 98 99 72 1 88 78 84 45 55 79 94 52 19 54 95 73 31 34 44 42 98 97 7 56 71 91 21 1 35 11 4 77 61 41 62 17 82 93 38 56 53 33 86 25 86 77 71 41 58 52 77 79 82 25 40 17 3 40 65 70 4 82 51 10 29 90 10 93 54 89 68 89 10 91 80 23 20 60 48 54 39 35 42 70 56 28 78 38 73 2 40 41 72 61 92 54 58 78 79 93 28 27 47 94 23 46 75 9 14 8 43 18 21 45 53 82 38 45 49 26 45 37 58 59 60 41 32 69 96 99 96 9 98 7 23 81 92 55 32 23 16 23 80 93 83 19 24 83 89 73 26 32 91 37 94 35 50 88 56 42 51 80 27 84 85 77 46 81 85 2 91 0 33 50 60 84 47 56 15 72 90 53 70 6 32 59 32 99 33 71 85 45 100 77 49 79 12 15 56 85 26 49 49 81 64 82 46 45 49 28 49 73 56 89 73 54 44 15 67 61 13 48 18 75 3 62 3 48 70 67 85 66 56 25 80 4 13 50 37 98 40 13 2 38 63 
64 50 59 36 59 99 100 38 26 61 58 93 97 44 56 51 90 44 29 18 28 58 68 71 3 31 24 62 100 44 51 50 80 36 98 69 85 26 90 79 50 47 20 35 20 30 40 68 30 42 89 54 97 64 32 65 97 81 34 91 85 96 93 35 11 59 31 10 76 12 44 20 73 59 100 0 30 12 17 98 14 62 6 59 28 68 75 47 34 47 50 75 53 1 78 41 14 96 24 64 89 18 96 56 60 0 71 6 38 34 24 46 91 73 2 69 14 3 25 88 71 11 44 45 75 32 11 93 77 27 10 59 56 18 52 97 20 66 53 13 89 61 19 25 80 66 63 16 15 86 60 92 37 1 67 46 74 98 82 26 63 19 95 34 35 73 91 90 58 0 15 42 67 31 7 54 52 46 24 24 60 20 17 65 83 46 52 51 40 83 84 97 90 53 82 23 73 4 21 2 30 2 88 75 60 91 31 2 21 5 72 35 68 89 76 49 3 58 93 97 10 55 49 39 57 22 7 13 35 37 78 9 42 11 85 7 94 14 63 9 46 10 20 8 46 8 66 37 55 53 74 97 0 83 95 62 50 29 89 63 61 28 49 6 33 40 51 31 48 33 30 20 10 48 35 69 83 98 92 36 70 36 63 32 72 18 27 99 25 78 79 54 80 45 37 59 23 36 81 31 97 37 53 59 12 88 61 100 69 24 81 48 79 84 100 61 3 77 45 2 8 13 86 12 59 45 7 88 23 41 47 98 48 13 10 70 91 53 79 20 33 85 48 10 57 92 72 84 96 2 3 91 53 87 6 38 58 35 10 74 46 42 58 52 10 56 61 62 72 80 93 37 98 12 2 12 90 72 58 86 57 0 95 61 56 68 32 35 63 93 46 1 15 12 73 3 60 62 3 1 
24 43 2 39 18 26 77 7 13 99 41 84 43 97 34 31 49 23 94 37 2 26 62 20 97 90 13 38 67 79 16 11 33 83 41 37 27 83 73 0 67 82 57 97 49 18 59 40 93 60 57 47 22 15 83 90 67 45 4 82 73 40 34 96 72 9 88 39 53 74 16 76 5 87 12 35 97 32 13 32 42 59 32 5 55 91 83 11 4 17 30 16 39 57 60 56 59 48 0 83 16 83 86 24 0 32 55 81 99 83 37 69 64 45 79 0 15 60 79 71 59 68 88 16 100 56 12 69 40 17 18 95 63 7 93 30 3 33 100 16 41 6 72 84 35 72 88 49 30 11 89 20 67 82 75 37 1 79 65 52 92 47 50 21 18 18 91 83 2 12 86 31 91 81 45 30 32 38 99 27 19 75 100 74 84 43 47 70 46 23 18 95 81 29 26 25 55 73 84 60 31 44 27 55 85 69 90 64 86 25 79 76 98 66 16 35 37 100 81 27 15 80 91 22 46 40 34 70 70 59 26 56 90 100 85 67 65 44 32 32 18 93 27 3 81 11 61 17 27 42 68 81 52 98 20 58 55 57 16 8 0 47 36 22 69 83 60 74 91 14 87 59 98 88 16 60 71 82 81 42 61 82 12 99 41 59 4 52 62 22 81 45 30 29 24 70 100 0 18 30 84 52 12 88 40 30 95 27 60 80 9 90 28 31 8 98 69 70 70 19 49 59 70 48 73 96 14 48 42 20 41 42 32 57 59 0 8 89 22 49 82 44 87 17 34 85 56 60 57 69 21 99 20 67 80 97 92 25 38 72 74 28 89 82 45 3 57 35 65 63 94 43 62 18 66 62 54 81 79 68 38 92 28 48 68 48 7 87 0 6 13 3 86 2 56 17 53 9 59 81 
71 4 74 31 14 53 34 95 34 45 43 24 54 28 89 10 70 71 41 80 49 49 9 16 72 94 67 20 100 97 42 50 79 2 25 23 54 39 66 99 55 15 12 79 48 75 10 61 25 38 44 16 91 78 14 70 22 93 65 20 83 74 13 72 17 54 0 100 27 4 33 60 83 97 16 20 81 56 63 73 31 51 82 71 100 61 16 77 64 31 4 34 34 52 36 35 56 22 91 73 27 25 2 90 37 19 0 19 49 76 50 98 38 37 6 35 40 54 99 19 78 98 49 35 9 18 31 42 71 26 23 47 89 4 6 60 16 61 13 43 70 92 65 10 8 32 73 14 45 60 55 76 40 12 88 15 8 36 37 53 97 8 12 21 28 75 64 20 76 77 53 96 21 50 91 93 66 35 68 57 31 49 13 27 35 52 5 91 75 46 58 26 93 35 60 52 18 54 91 10 89 83 31 17 61 44 68 53 74 12 78 52 8 33 8 46 18 10 42 52 2 35 99 9 3 90 37 56 44 6 89 37 37 5 99 5 71 65 42 30 68 37 77 76 75 72 53 24 91 34 73 16 26 68 99 9 88 23 70 27 4 76 14 76 60 9 83 79 85 5 40 21 55 83 24 75 15 10 21 20 8 43 94 90 38 69 19 35 96 95 78 65 3 86 6 7 98 60 90 82 71 67 80 94 61 48 4 82 78 64 60 98 36 33 8 80 40 76 11 39 5 28 34 14 5 79 35 55 63 25 43 49 12 54 3 17 68 89 22 4 89 87 98 93 58 85 14 53 82 60 20 40 68 4 42 94 100 33 19 35 48 96 2 50 16 7 49 40 31 80 90 22 20 65 58 62 49 36 71 10 35 14 77 46 94 36 80 60 33 18 87 50 35 53 18 54 28 74 46 67 
59 17 94 31 71 43 7 63 52 95 21 97 15 68 25 38 44 35 72 89 98 15 58 6 87 3 74 100 46 31 28 62 97 84 1 79 84 49 11 61 61 60 37 37 43 26 60 88 87 28 61 26 62 84 88 12 84 47 65 83 76 98 58 77 73 88 4 100 60 62 77 68 60 70 5 88 64 7 11 10 48 26 78 30 48 2 83 26 25 82 36 82 65 100 10 34 20 48 17 92 92 76 29 52 82 96 6 60 55 64 22 72 34 98 44 77 40 10 99 51 11 34 6 54 5 53 66 67 31 91 41 81 14 56 78 14 98 25 28 39 30 99 21 34 13 6 63 91 6 75 3 34 10 12 19 41 20 41 55 38 96 5 17 49 43 94 43 23 85 64 79 48 60 95 84 92 94 73 93 37 43 41 22 93 22 26 85 40 11 37 95 92 0 82 24 80 84 31 87 54 15 51 22 20 46 2 6 32 82 2 9 36 48 25 69 56 49 18 14 9 2 34 6 35 6 88 75 55 87 21 89 4 30 81 39 88 74 50 77 82 67 17 48 66 74 21 74 7 16 60 35 84 97 18 80 83 2 48 52 98 29 27 69 88 69 16 72 82 48 32 17 77 67 89 63 12 28 37 94 13 26 68 95 45 55 50 41 32 0 81 75 86 0 39 87 54 48 51 43 4 85 51 27 72 81 29 21 67 43 21 79 24 28 94 83 55 45 9 95 38 90 57 7 4 17 41 11 65 51 62 96 73 21 95 45 83 32 3 47 23 53 1 46 97 65 81 23 70 47 4 70 79 48 17 68 34 63 18 6 66 71 59 88 0 75 80 25 2 41 5 17 42 24 80 83 57 91 32 12 32 60 100 0 95 39 13 9 47 98 41 75 37 39 57 47 89 18 82 95 80 
65 99 60 45 86 96 85 59 66 88 93 25 93 80 36 40 30 11 60 12 51 18 23 46 50 32 38 64 86 12 96 81 92 92 85 63 94 84 29 80 76 37 0 32 85 84 76 36 59 29 51 29 2 27 4 3 99 99 68 80 94 42 14 18 36 14 47 62 7 4 5 96 97 82 19 98 8 82 50 53 7 53 46 10 66 34 50 67 36 55 50 79 92 71 92 6 21 91 68 80 9 7 86 2 29 19 50 51 32 46 28 0 15 23 72 44 59 18 78 58 26 78 75 65 6 57 17 57 21 16 8 36 12 2 82 5 50 95 68 35 87 71 7 71 69 1 87 17 87 99 22 1 17 14 80 10 97 62 79 76 47 25 16 17 9 31 62 16 100 63 51 98 77 7 7 47 73 89 36 18 65 78 70 81 12 65 1 63 96 37 76 1 32 37 1 69 3 40 42 52 16 68 48 48 92 83 83 35 67 47 60 70 12 12 73 62 1 7 21 75 44 30 11 45 95 29 4 66 27 81 84 66 7 38 1 55 87 47 63 49 19 30 52 71 12 51 17 18 40 63 95 11 38 78 53 38 77 32 86 42 69 11 60 1 4 47 78 94 21 2 59 28 71 50 39 57 62 36 53 33 55 10 43 54 3 79 1 65 79 58 62 34 10 31 36 45 99 47 73 37 8 32 13 69 60 100 75 83 93 95 97 13 98 34 55 21 47 18 84 66 17 21 96 48 6 49 90 33 30 57 2 94 22 23 32 47 42 1 71 27 66 24 53 100 55 65 19 8 87 75 3 48 83 19 0 79 25 38 91 41 17 31 46 28 66 54 59 29 46 67 73 26 98 3 86 91 58 55 82 89 80 17 44 75 92 30 44 17 50 19 17 30 28 14 14 55 83 17 45 88 
97 52 37 49 12 16 72 42 91 17 73 96 92 18 4 100 37 66 99 95 29 64 91 10 18 30 62 93 18 94 95 55 54 81 98 64 63 29 17 96 37 12 4 8 68 69 71 20 2 34 19 63 45 85 40 67 62 61 31 90 15 5 60 18 31 36 39 57 34 30 28 8 38 17 75 51 40 89 15 44 92 66 59 63 76 82 9 60 12 19 56 89 40 1 61 13 91 80 65 74 50 73 75 29 49 98 19 79 89 31 10 44 24 68 21 61 67 67 25 17 32 70 78 10 70 94 52 90 80 90 63 82 33 11 14 35 71 86 2 26 42 79 74 7 100 46 73 38 85 43 98 46 73 91 33 87 52 79 69 7 7 95 12 72 45 66 73 25 82 25 55 14 14 97 74 79 32 73 49 8 18 15 82 10 2 81 62 5 74 33 68 97 54 0 52 38 1 58 73 26 42 9 65 42 99 39 89 90 38 28 35 13 19 6 80 79 41 53 89 19 86 26 15 43 51 98 72 62 73 77 67 73 3 93 9 65 64 37 20 49 44 12 90 55 33 42 84 77 35 0 92 9 60 42 88 27 20 38 82 28 47 51 42 26 68 2 24 52 23 74 83 64 3 87 66 47 66 5 87 79 71 11 58 76 97 24 86 71 66 100 78 66 57 18 77 84 8 68 85 70 21 13 86 47 24 94 76 72 59 68 70 71 51 48 48 89 53 86 31 59 83 12 57 71 100 80 55 93 60 7 69 18 87 80 91 86 82 96 83 3 30 28 89 88 23 67 4 31 90 52 44 52 53 96 51 93 46 10 12 12 19 35 64 58 69 41 57 62 98 61 46 8 70 83 74 72 98 48 32 86 18 31 41 23 62 47 46 46 19 5 40 13 15 48 43 52 60 87 48 73 
