200 200
38 38 19 86 31 93 40 85 48 5 31 54 7 58 41 92 9 36 77 65 94 29 1 30 97 26 84 25 61 59 3 82 63 16 79 82 90 55 94 0 43 8 93 20 56 86 4 61 40 23 47 9 40 58 20 0 43 96 47 32 90 94 0 94 14 32 66 5 94 71 19 36 52 15 44 12 39 3 74 74 56 61 76 28 5 94 51 55 38 27 88 62 99 66 57 4 44 29 69 22 38 0 74 46 41 64 92 99 24 68 92 9 92 16 0 13 14 24 24 89 30 69 39 34 41 19 63 42 81 10 20 67 13 0 29 18 53 51 41 21 95 71 61 28 5 16 78 49 30 18 29 93 11 99 79 98 63 6 52 91 80 31 14 88 83 71 85 78 46 71 67 13 42 92 42 50 91 18 36 9 37 79 92 26 94 10 9 15 12 52 39 82 48 31 99 4 3 72 55 27 
63 4 82 48 49 35 0 69 84 88 19 82 62 65 23 86 78 38 31 2 90 78 3 90 56 52 40 93 69 35 41 39 3 90 65 14 57 2 38 56 98 45 35 16 78 38 86 83 16 60 57 56 28 40 82 100 98 23 31 30 20 63 24 28 35 47 47 45 21 90 85 42 100 62 10 93 4 5 67 98 68 47 29 81 37 95 96 39 97 39 68 63 96 18 97 76 96 3 49 99 83 4 96 85 16 52 45 74 96 28 56 83 74 37 21 34 87 88 58 32 1 84 27 91 81 10 27 80 73 89 84 69 73 28 41 35 50 8 26 69 3 63 9 58 82 44 12 46 74 38 64 82 61 12 22 33 21 3 94 45 13 97 9 51 91 79 64 60 85 0 83 15 65 18 97 10 26 11 2 4 58 61 82 96 29 42 48 90 5 9 53 58 79 11 63 46 47 66 22 39 
94 45 94 51 42 61 51 58 84 73 70 32 60 26 69 10 35 20 82 68 88 61 90 17 27 31 3 48 25 86 73 56 83 90 84 86 42 33 6 62 91 99 47 84 44 90 33 31 50 92 55 22 92 32 85 11 12 35 88 18 10 76 77 20 38 62 44 90 84 95 38 35 31 17 6 42 17 59 87 94 77 70 39 33 31 44 76 74 2 6 62 65 55 11 55 59 19 62 56 86 84 37 78 62 34 76 86 97 52 6 45 30 56 49 2 35 28 5 63 54 51 48 13 33 78 85 71 10 93 8 73 44 43 31 43 67 49 96 76 100 30 15 40 64 97 20 25 53 92 4 95 37 34 56 22 98 48 99 63 50 7 44 82 100 57 17 49 10 45 65 38 81 43 82 42 29 77 43 51 2 5 12 71 12 37 30 33 98 51 89 41 26 75 21 29 30 82 77 27 60 
90 24 39 62 58 60 37 69 26 24 80 95 54 10 83 69 14 18 26 82 96 17 52 27 46 98 71 9 9 37 35 80 57 1 36 14 72 94 78 83 80 3 13 45 1 25 97 54 60 54 1 95 2 14 84 64 6 78 79 67 36 71 81 34 93 72 19 49 13 37 54 56 77 5 65 44 11 55 80 24 83 32 68 14 10 64 51 27 61 89 63 87 51 97 21 9 52 90 14 69 39 70 59 59 20 42 48 13 14 12 15 12 10 0 20 71 62 11 2 73 2 59 25 94 46 70 95 23 93 79 92 0 14 66 0 29 9 56 67 35 87 83 46 88 56 28 62 44 97 22 39 63 97 36 44 69 29 73 5 40 69 68 91 70 43 75 14 42 16 28 78 90 59 26 92 83 21 22 79 26 68 67 81 94 62 23 37 65 51 13 14 97 25 56 100 54 32 47 33 11 
91 12 49 93 96 57 64 35 71 18 35 37 41 20 44 42 24 94 48 8 99 86 44 72 55 65 97 40 41 99 76 33 74 68 18 10 27 83 92 82 7 61 66 4 77 63 82 21 86 100 2 65 16 80 43 88 71 78 5 33 32 77 28 54 29 55 74 49 13 1 29 70 34 69 4 17 22 64 6 36 34 100 12 12 18 59 60 0 80 58 29 89 53 37 34 75 90 38 58 75 54 36 80 48 48 74 9 14 99 64 32 31 36 71 4 41 98 93 72 66 54 66 42 16 74 20 90 97 96 52 44 61 90 84 66 76 5 100 50 29 48 86 25 49 25 68 64 86 18 100 45 19 43 60 74 100 32 43 87 36 60 58 28 40 96 16 65 98 13 71 43 80 23 7 15 29 2 55 89 49 97 35 26 98 100 31 74 86 58 11 98 53 44 55 86 94 17 18 34 53 
6 22 62 69 91 17 35 90 19 45 63 68 81 21 5 17 97 67 64 7 10 38 39 4 57 77 17 56 87 91 50 21 82 85 91 34 42 17 77 7 62 1 64 34 22 2 72 53 82 28 30 67 90 82 65 66 55 50 59 43 87 12 39 75 0 96 39 45 81 52 90 65 37 93 49 88 5 53 8 43 78 34 91 84 75 62 61 95 65 77 65 100 30 60 15 28 60 58 4 28 92 1 73 50 45 94 89 41 64 47 92 12 55 84 94 76 69 37 96 8 37 91 53 76 70 34 42 75 61 82 50 28 7 46 84 93 83 14 28 96 78 81 66 77 20 79 34 98 47 14 92 31 26 96 69 56 74 22 75 47 32 43 40 87 85 67 29 55 82 99 91 92 35 33 23 97 37 91 81 9 74 91 12 78 57 13 4 37 0 70 73 10 12 45 79 48 66 96 14 77 
26 25 73 37 63 30 40 82 27 53 92 100 83 21 62 18 62 38 82 99 57 43 36 0 80 88 84 4 33 57 16 74 55 28 34 0 51 9 40 1 14 48 2 34 98 93 58 53 43 74 49 28 75 71 37 53 62 90 97 63 71 92 78 29 16 62 49 91 76 91 72 32 19 34 31 27 73 26 35 56 0 13 42 15 21 23 78 17 14 96 44 15 59 41 29 67 25 97 88 32 40 91 39 65 82 69 43 49 47 97 76 66 19 30 10 20 63 64 92 84 26 28 24 57 30 24 28 52 23 47 93 6 40 64 39 16 35 39 6 62 0 86 72 35 33 75 19 44 14 95 92 61 39 28 41 48 67 53 56 3 87 0 55 97 44 63 44 35 75 65 79 42 96 100 100 65 78 46 32 77 60 55 37 25 58 70 28 2 44 0 37 26 77 92 94 27 79 59 85 65 
95 6 66 57 40 100 24 47 85 14 96 11 77 32 30 9 92 79 56 2 68 73 6 38 87 5 86 87 5 64 81 10 92 94 63 37 89 66 15 15 83 62 64 28 97 72 94 67 2 98 67 91 84 81 64 83 5 62 41 75 54 87 96 32 87 8 40 60 39 92 49 0 21 81 6 22 97 64 75 46 71 15 84 51 65 21 34 95 35 75 23 64 85 81 58 18 7 60 74 14 93 96 6 2 4 1 82 58 56 98 51 25 67 54 96 35 1 62 7 24 0 51 73 51 4 65 4 12 13 75 69 31 75 36 40 22 73 1 5 45 45 50 49 87 82 13 44 68 26 39 75 13 77 20 97 44 23 31 15 64 86 95 54 29 27 74 56 45 21 53 98 55 57 72 64 34 3 88 69 76 80 51 71 54 73 46 5 97 38 82 7 73 87 52 45 8 59 80 45 63 
64 88 74 82 15 63 36 0 63 78 84 3 24 67 92 47 25 97 95 66 74 84 23 46 90 83 86 76 12 28 30 10 89 81 73 5 9 35 38 49 68 22 14 13 38 82 4 23 4 6 73 62 5 94 76 28 72 29 21 1 92 21 69 38 1 70 63 20 72 73 83 19 46 19 91 34 38 33 3 14 88 1 19 87 69 78 19 73 57 67 97 77 71 62 63 74 13 24 64 19 43 88 63 80 10 72 83 8 51 48 32 62 67 83 100 26 61 65 22 93 82 47 69 89 60 6 25 42 73 28 29 79 78 46 40 59 23 64 98 28 49 67 57 57 62 33 86 5 32 35 54 97 90 12 1 64 42 15 95 9 70 40 4 23 65 67 52 36 93 69 9 15 20 18 39 68 44 49 72 81 35 76 2 12 11 92 4 15 27 44 36 62 75 46 91 78 31 8 51 72 
64 93 33 24 56 96 61 53 30 31 46 60 54 17 87 61 13 78 0 6 69 87 68 22 88 14 34 24 4 93 37 51 64 77 78 17 44 99 70 88 16 14 57 50 80 12 90 83 61 88 72 90 59 100 21 8 60 61 74 94 18 61 31 15 52 12 54 57 63 27 63 61 44 75 49 39 89 48 25 96 77 81 5 48 89 9 71 5 15 73 44 9 13 73 53 91 98 91 36 7 98 18 60 74 72 85 6 11 48 71 30 94 48 65 31 24 32 69 38 72 77 39 22 63 10 76 35 6 51 14 57 11 97 8 16 87 43 26 58 88 74 9 60 36 71 76 67 98 63 20 56 66 38 49 80 56 40 45 10 11 24 46 30 13 46 97 86 61 68 29 70 68 93 87 14 88 51 49 24 52 57 31 35 3 3 84 86 42 14 31 85 76 69 93 39 70 20 30 38 78 
100 39 53 1 28 66 29 20 97 88 35 38 18 89 55 67 38 26 5 65 63 41 38 52 31 40 89 57 67 35 39 10 90 54 98 68 37 88 27 47 48 38 78 17 88 32 61 57 98 70 25 9 32 82 0 81 55 16 86 41 100 55 6 17 5 2 68 31 93 84 71 78 88 50 8 62 34 99 23 82 77 87 30 58 92 15 53 68 16 31 58 66 8 87 57 53 13 74 99 41 33 70 96 86 96 62 89 53 42 69 24 72 73 33 23 79 95 93 51 40 50 66 34 18 12 19 97 90 1 54 59 22 72 96 5 24 37 57 34 67 75 77 42 32 53 45 83 17 38 32 51 65 67 62 36 5 14 51 52 64 89 36 30 30 56 29 75 75 80 71 8 91 60 60 39 74 26 30 77 2 66 33 48 76 92 12 23 60 34 61 97 41 80 52 54 4 43 32 40 50 
3 91 67 32 25 15 44 71 43 89 92 100 21 45 84 70 48 60 69 89 16 46 48 55 75 82 53 70 84 30 13 29 40 39 32 24 31 64 40 88 54 98 88 45 9 18 12 32 51 90 61 18 8 20 1 24 53 66 71 88 98 75 96 2 33 26 38 68 31 13 34 78 91 55 45 78 54 98 79 92 77 50 7 57 4 55 12 75 1 93 97 74 52 20 97 48 70 46 85 39 52 62 92 90 7 81 86 82 12 92 93 50 20 98 45 23 18 76 55 54 47 91 39 57 29 79 36 94 78 51 80 43 50 48 10 9 69 60 24 36 16 37 10 92 97 97 98 88 2 6 37 17 77 82 94 15 87 61 43 99 3 8 64 1 93 100 65 25 99 65 44 9 80 77 3 37 22 24 41 38 97 68 77 65 59 87 74 31 91 80 56 30 47 83 58 68 2 94 48 67 
100 61 86 36 11 70 39 4 18 66 26 12 76 43 59 94 22 10 80 54 94 72 69 39 95 1 98 47 75 78 92 46 68 91 53 0 85 75 85 43 12 69 39 36 46 58 76 33 22 47 47 84 35 82 80 39 25 42 15 62 72 99 21 13 24 95 5 86 35 19 52 83 87 39 81 3 25 20 12 15 73 16 81 26 36 56 55 91 44 60 4 70 32 59 32 35 74 28 95 25 94 51 37 46 67 34 6 17 54 91 17 85 43 54 98 46 83 49 1 4 92 39 7 49 100 75 36 19 99 83 56 11 6 82 98 57 7 83 90 33 60 40 22 57 42 96 1 46 34 17 28 72 51 51 60 77 42 2 64 86 99 26 67 76 97 82 20 21 66 44 60 0 37 52 65 89 34 49 81 83 23 86 47 65 16 72 65 77 32 12 97 95 35 18 38 24 28 87 3 69 
4 47 60 24 81 85 100 50 15 78 65 74 35 6 47 62 44 3 14 20 51 9 15 11 98 90 81 57 89 78 19 52 98 74 93 10 37 34 83 10 8 55 6 84 53 18 49 3 85 43 91 66 73 67 91 21 85 30 100 54 25 10 90 89 22 88 31 97 42 60 76 59 62 34 71 87 6 56 17 41 37 40 27 43 76 47 47 96 8 39 94 20 23 43 42 73 9 8 43 31 72 88 48 87 32 70 52 4 46 5 78 41 92 55 83 18 61 6 95 93 24 6 4 95 7 98 64 41 60 4 54 90 47 91 7 14 95 37 41 0 5 99 27 87 40 24 77 78 14 14 50 39 98 26 48 25 40 35 27 6 74 53 77 29 14 24 15 31 46 29 15 68 2 66 6 76 77 37 54 99 37 73 24 54 56 54 12 12 75 75 93 86 55 9 1 45 56 22 53 6 
26 92 7 11 39 99 87 93 37 84 69 83 19 94 84 51 29 39 53 77 58 21 91 42 90 12 86 3 71 6 68 43 82 3 94 50 10 40 30 44 50 59 59 11 30 79 31 83 0 49 31 88 78 32 7 28 69 88 45 6 36 64 91 65 28 87 48 57 16 80 50 35 5 5 0 86 44 32 8 17 66 76 16 3 87 44 91 2 23 91 17 12 0 30 82 21 28 33 28 38 8 28 8 90 29 82 4 26 59 10 85 91 93 88 42 21 95 3 8 77 52 77 71 17 94 60 23 14 93 1 62 41 77 80 40 13 75 64 25 79 91 44 29 4 13 79 10 99 20 60 88 64 70 40 40 49 45 41 17 4 70 14 39 28 39 97 56 10 40 55 53 77 9 79 63 81 24 35 54 2 72 58 64 62 51 14 41 43 16 19 32 64 61 27 1 85 9 22 96 90 
60 76 31 85 37 40 90 39 85 86 4 12 79 38 30 48 97 81 99 2 70 99 92 94 99 60 73 68 1 0 15 63 79 73 2 78 89 58 62 91 94 75 72 6 15 24 75 84 57 68 21 33 93 98 38 15 92 26 96 60 74 5 1 69 25 94 2 26 71 38 59 6 68 68 88 17 31 14 11 1 58 56 14 93 94 10 49 86 83 39 95 43 54 11 96 14 82 5 41 91 90 70 52 14 63 68 42 9 42 19 96 67 68 53 23 15 8 88 21 54 41 32 90 76 14 47 22 7 43 89 62 39 4 91 50 71 35 4 15 98 16 96 86 96 20 73 40 37 67 69 4 28 0 4 24 91 27 31 30 37 67 83 96 100 5 71 5 49 71 15 35 47 37 15 32 60 17 92 42 26 51 6 30 100 62 9 27 22 57 16 68 26 86 93 8 1 97 66 66 17 
74 35 14 16 79 79 4 0 30 71 29 27 67 84 33 10 38 14 24 85 2 12 95 66 38 85 62 62 77 44 79 94 49 43 87 17 71 1 5 32 83 99 32 72 65 87 55 43 99 44 40 19 85 90 87 72 47 33 92 92 87 24 4 64 99 77 74 83 81 88 19 49 61 0 37 95 81 80 69 59 17 22 78 96 2 94 31 30 96 41 1 83 72 18 16 4 12 22 49 22 5 36 92 22 79 50 89 36 86 81 55 18 93 84 49 43 57 67 17 75 79 38 6 12 44 11 81 15 91 79 15 3 35 29 11 45 94 45 24 71 77 48 41 85 86 9 77 29 30 65 53 14 66 67 31 69 81 18 3 50 63 52 31 15 70 10 65 51 64 56 90 52 29 76 68 11 58 27 63 78 60 95 86 80 17 17 12 36 63 80 71 70 91 86 11 30 28 21 78 81 
63 77 40 20 87 100 87 1 28 84 75 0 40 24 15 46 9 58 57 66 1 26 42 60 97 36 49 31 25 41 33 6 73 13 36 0 28 85 74 95 91 77 77 71 78 10 63 15 36 42 51 43 81 68 97 72 34 75 69 43 57 32 65 88 51 34 74 26 8 30 20 39 98 40 22 23 59 62 47 27 64 33 39 35 48 79 36 68 13 92 93 89 15 34 29 99 9 83 99 34 43 54 93 93 5 46 60 2 11 77 75 10 6 85 57 35 55 18 92 59 63 88 71 9 21 52 97 39 77 3 87 44 85 78 28 19 20 7 95 79 45 41 30 9 61 46 64 28 38 31 71 60 5 13 93 98 12 74 30 89 64 85 46 95 41 31 59 8 57 24 72 52 30 54 75 59 33 0 19 64 3 50 45 99 33 73 8 98 4 35 79 51 13 95 86 45 16 91 92 86 
36 44 16 46 79 91 98 26 50 34 12 72 11 98 5 81 38 52 76 67 1 67 42 62 88 32 67 42 83 10 53 14 71 28 29 75 67 56 27 9 40 21 50 13 3 1 49 12 85 57 91 52 96 0 8 15 20 32 10 51 60 53 98 71 86 70 59 54 62 34 48 27 83 81 20 67 92 42 66 85 43 73 15 31 27 98 71 98 80 39 100 43 35 47 46 20 71 43 77 29 29 84 85 36 89 52 57 91 94 72 28 79 15 13 65 5 89 81 44 75 4 90 57 7 20 71 14 89 52 78 74 39 74 84 20 30 39 68 15 23 1 11 22 64 8 97 86 6 50 96 12 81 59 35 30 13 66 8 87 12 16 61 60 15 35 55 11 65 10 3 39 5 16 50 25 31 72 41 11 26 26 18 30 7 99 64 80 95 30 77 16 68 4 6 0 99 13 60 4 62 
39 70 56 9 6 70 19 14 59 100 13 94 72 47 88 88 36 16 46 41 63 24 35 58 21 90 20 15 11 81 66 5 63 82 74 3 36 61 41 3 100 84 40 6 28 21 61 52 7 46 88 48 57 88 71 0 85 79 74 18 6 20 74 23 89 91 29 77 74 89 25 52 19 73 66 26 9 34 4 6 73 50 1 60 55 0 40 97 83 16 66 58 98 53 6 9 23 24 48 10 92 15 51 79 41 12 36 8 36 76 51 55 36 97 46 18 91 97 41 84 65 42 27 80 35 32 13 100 43 75 5 64 65 97 81 42 35 13 76 12 95 77 4 74 27 82 78 38 87 38 46 58 19 83 14 83 91 68 12 72 14 78 15 12 78 98 40 72 53 35 74 20 2 41 9 85 51 23 40 55 53 79 27 55 8 39 27 31 13 67 100 96 100 31 67 36 52 36 5 73 
82 47 16 31 52 33 33 59 15 29 11 89 24 52 56 56 26 10 30 47 21 7 19 11 39 37 97 43 75 98 17 10 44 84 10 100 96 40 20 94 39 10 73 50 83 52 32 10 88 1 18 14 26 11 37 36 28 68 45 83 39 21 56 4 90 40 50 99 36 48 44 38 28 28 42 85 55 28 30 59 69 83 34 43 32 49 26 74 88 84 60 60 34 48 81 41 67 40 0 28 81 16 79 88 33 81 37 58 99 38 86 75 63 26 76 92 94 73 70 19 90 54 72 44 83 69 68 46 57 48 87 81 61 84 86 21 64 25 81 75 79 25 61 2 20 14 54 27 73 6 6 3 89 54 66 20 62 36 77 84 70 91 46 20 71 84 70 66 62 19 59 53 77 67 3 6 66 0 71 16 38 73 65 94 70 80 53 27 92 90 67 93 74 77 81 45 31 21 54 64 
4 55 84 29 26 61 52 64 5 23 5 72 64 82 87 22 63 38 73 27 67 24 54 69 89 14 86 86 3 69 85 4 14 69 86 30 51 28 87 29 31 58 47 13 3 80 41 91 28 51 78 43 20 36 76 71 42 28 9 65 82 38 82 91 19 59 13 39 14 67 25 27 70 8 25 19 88 36 20 37 77 67 67 30 78 83 29 90 99 49 7 94 22 4 95 70 54 48 68 18 60 98 26 17 90 98 37 57 83 34 96 81 15 38 29 13 82 62 89 1 75 30 62 78 81 15 92 79 36 70 3 55 97 17 51 94 0 23 13 63 29 42 1 24 44 95 4 79 19 29 20 56 4 95 37 56 40 64 8 3 87 28 34 42 26 6 94 91 52 99 83 49 21 76 23 81 86 91 100 85 25 48 32 58 16 55 27 19 77 25 30 64 60 7 25 28 79 13 90 85 
1 80 96 70 73 12 52 76 94 4 8 13 24 65 14 2 47 1 12 93 16 56 69 14 32 78 62 19 1 27 9 95 39 80 56 59 61 86 89 37 35 93 95 15 53 11 51 50 57 41 84 10 1 86 58 71 20 56 55 19 82 3 24 46 19 1 50 65 37 34 61 56 40 26 57 62 29 44 59 54 16 69 47 6 94 48 50 72 40 33 18 24 51 10 9 82 26 93 25 86 0 73 14 61 31 66 33 67 61 57 79 32 62 44 78 2 11 3 70 97 4 14 65 2 51 31 74 63 8 96 86 62 9 73 20 70 16 96 80 41 23 81 97 65 55 85 15 53 53 97 49 42 80 48 23 48 51 32 90 51 92 20 98 60 21 42 10 88 67 66 80 8 22 84 89 65 8 12 98 21 98 66 56 10 87 7 30 78 82 4 32 46 6 65 86 38 76 48 12 51 
93 12 89 67 35 63 32 73 93 31 83 35 56 51 82 68 29 14 37 7 67 47 52 1 70 94 41 96 7 10 42 95 72 0 2 95 28 24 98 57 46 90 74 49 80 73 55 23 20 2 3 49 3 69 52 31 94 90 50 42 20 97 27 75 6 99 91 19 36 35 99 91 14 74 58 78 92 36 2 98 98 10 89 13 41 62 10 45 84 75 83 39 5 87 7 30 25 59 5 45 72 5 8 58 88 38 90 6 11 64 1 13 66 32 42 17 19 11 33 78 7 31 44 42 28 51 59 44 25 85 90 31 42 72 74 32 37 0 63 58 8 96 41 56 3 29 61 55 50 71 19 56 67 4 15 63 38 43 8 98 82 82 76 95 95 31 67 9 43 54 79 36 85 2 84 62 51 43 72 4 48 36 68 4 44 14 11 87 5 4 17 48 59 44 79 26 21 95 62 47 
36 32 90 52 14 23 8 17 73 23 67 94 53 83 79 89 28 89 32 100 0 22 41 47 69 91 53 13 78 23 80 55 86 32 95 90 3 42 53 52 66 27 11 42 41 74 90 10 73 36 97 61 90 93 98 55 59 33 32 61 79 44 100 27 85 71 56 56 48 45 2 72 29 48 71 93 95 65 48 72 98 98 49 36 67 94 30 72 98 66 14 92 13 8 78 84 60 32 22 42 48 75 14 19 24 71 71 94 49 29 100 37 77 70 49 33 89 76 73 91 61 62 6 32 41 42 87 24 63 38 86 47 36 1 17 47 1 46 85 70 35 58 53 2 86 35 87 38 73 8 54 12 14 73 29 68 80 92 33 60 79 95 30 90 19 16 10 20 39 14 88 88 32 59 53 48 54 43 37 60 57 54 89 76 94 39 75 15 39 78 17 55 42 27 96 98 34 100 23 39 
86 82 76 5 14 54 51 32 69 12 11 46 89 30 87 11 84 17 69 99 37 38 26 66 10 99 78 54 28 21 15 63 94 80 25 65 73 9 78 17 21 47 86 17 24 82 9 53 4 73 35 1 16 16 70 60 33 44 87 58 28 65 67 7 15 42 94 48 49 30 69 82 82 33 20 21 64 72 82 93 90 10 73 34 69 24 48 32 36 27 65 67 59 42 8 11 61 61 7 21 54 47 47 52 80 52 64 85 51 0 42 73 22 36 15 21 7 33 30 100 91 22 29 80 97 15 79 30 20 100 81 28 47 66 14 44 51 7 83 72 96 72 13 12 89 86 61 91 20 79 2 95 12 78 46 52 35 48 4 35 20 91 43 74 33 77 39 31 86 56 100 31 50 15 61 50 56 86 31 58 21 97 15 28 60 63 44 35 79 55 36 41 16 79 22 6 36 8 46 67 
56 92 4 47 56 61 15 33 85 100 89 6 47 2 73 96 43 1 26 0 17 66 98 90 100 61 51 57 85 77 53 38 76 32 41 71 39 97 73 66 96 44 30 90 80 23 98 85 84 62 35 28 27 1 90 9 53 36 36 28 42 65 36 15 89 30 25 78 52 40 53 36 80 15 13 36 31 49 21 63 65 54 72 54 86 61 10 18 40 43 66 15 97 59 16 63 56 79 33 80 25 11 35 68 99 48 81 18 98 41 26 63 8 98 97 30 59 81 59 39 57 61 17 44 97 86 4 41 85 16 49 95 20 15 92 65 70 33 23 41 99 30 67 31 64 27 39 59 68 65 66 1 7 75 75 100 30 48 38 77 97 46 79 68 33 84 4 76 81 62 75 91 51 31 16 41 18 83 54 43 93 87 67 63 48 37 47 18 49 48 50 74 77 100 41 66 37 70 55 23 
0 71 98 70 27 19 12 36 55 0 89 34 5 79 44 47 25 94 30 63 19 13 54 57 3 2 29 99 77 65 44 97 18 8 67 70 51 6 9 56 27 47 71 68 26 100 43 1 87 44 88 54 64 11 24 23 22 41 49 47 13 100 91 96 29 75 100 60 98 80 97 5 36 70 75 0 62 26 14 90 100 65 54 68 92 44 70 52 55 82 31 58 78 57 80 51 28 2 49 35 83 9 10 71 65 41 62 1 88 5 23 55 91 8 12 99 1 1 48 47 4 18 21 54 17 80 48 64 84 15 63 44 2 83 87 52 55 3 95 99 10 52 20 75 79 56 62 21 11 95 87 95 12 60 23 18 57 3 84 14 80 47 66 4 98 23 41 64 56 7 23 35 5 87 11 12 71 32 89 38 9 2 56 46 83 54 16 45 26 46 67 50 16 50 96 82 72 85 43 1 
37 26 75 100 5 77 13 82 4 68 39 32 45 33 17 69 26 32 30 79 26 70 62 71 22 25 27 87 30 2 16 8 59 15 57 57 65 72 43 86 64 79 69 2 10 49 43 42 4 6 14 95 95 75 54 73 83 30 72 78 5 21 73 35 65 78 66 39 21 4 54 55 73 24 69 35 72 46 68 81 63 34 54 6 21 39 35 53 22 31 24 24 58 11 24 18 13 71 77 75 20 20 15 83 84 2 42 23 18 64 82 38 68 21 43 96 36 83 80 83 34 25 65 63 90 90 4 21 92 88 8 85 80 69 13 75 8 41 8 27 79 58 26 50 1 59 50 50 70 20 63 59 29 59 94 78 5 17 16 93 49 95 90 29 70 72 63 96 92 87 23 79 96 56 63 87 50 64 52 72 88 69 64 4 39 26 40 22 51 77 42 50 90 10 41 96 53 3 82 89 
6 65 37 40 53 8 0 82 25 37 69 19 42 57 97 21 80 71 5 60 19 45 22 30 68 55 82 98 32 34 96 23 7 41 61 98 27 17 10 57 59 97 71 51 41 11 80 71 19 61 40 15 55 1 72 66 33 21 95 10 6 74 66 54 8 64 47 56 78 52 12 53 44 44 69 84 87 55 96 42 86 98 36 5 91 68 20 98 100 34 21 9 27 27 64 48 71 73 73 39 26 32 49 69 16 77 18 84 50 29 43 89 48 48 59 12 60 67 32 30 91 100 50 28 80 49 2 51 15 61 72 70 81 16 79 99 38 99 30 32 38 69 29 71 15 12 78 56 89 95 100 26 86 18 0 3 75 18 22 5 18 13 10 31 35 47 29 18 25 7 75 28 31 24 85 49 93 69 63 6 16 2 74 26 100 51 76 19 76 57 30 15 44 96 95 20 33 22 18 36 
89 84 21 29 14 84 21 76 7 18 15 76 25 37 53 96 3 61 82 10 92 16 84 88 79 7 4 45 76 32 17 52 49 22 17 22 15 77 99 85 12 0 5 3 11 69 10 81 33 86 79 21 18 7 32 68 66 46 55 12 99 0 71 36 66 98 47 81 38 23 91 58 35 8 100 75 85 50 59 63 5 97 50 54 46 79 97 35 61 67 2 16 43 44 88 80 59 11 39 100 51 89 35 78 87 4 80 43 82 49 49 31 53 10 90 91 29 85 45 59 97 26 10 7 3 84 97 97 93 1 71 46 12 78 51 21 6 6 11 3 65 52 66 12 21 7 98 0 17 42 97 1 14 26 33 12 89 88 81 42 68 78 39 74 45 82 12 31 74 45 41 34 69 26 69 10 93 22 40 68 45 42 96 36 5 34 86 96 81 91 18 61 62 12 7 3 51 37 86 96 
69 100 14 30 63 26 60 33 69 45 86 89 15 56 42 57 21 75 89 83 68 11 66 88 45 58 3 56 29 26 46 82 100 47 67 33 23 62 3 44 39 75 78 53 40 54 39 7 77 79 48 21 8 25 87 19 92 53 48 47 35 92 20 23 58 5 90 69 63 98 57 94 25 27 91 44 10 93 62 46 72 42 41 63 71 66 74 8 15 71 73 23 68 37 38 35 94 27 80 71 20 40 50 47 99 4 41 89 72 12 61 74 57 85 98 95 71 85 85 66 19 64 42 14 30 41 67 93 47 43 71 96 91 92 49 79 50 73 37 47 87 70 77 84 1 6 35 43 42 87 62 81 96 50 41 60 41 37 8 0 18 92 84 84 29 47 27 90 3 58 10 44 82 49 18 18 86 11 24 49 30 59 18 65 90 40 87 44 22 92 41 10 24 100 63 86 59 25 57 12 
78 79 51 41 96 36 77 76 68 72 97 87 91 99 70 59 40 52 97 61 67 74 75 83 13 2 24 64 15 25 3 45 34 66 28 91 5 45 0 30 13 98 13 35 96 46 26 59 50 84 2 66 23 80 93 6 80 54 92 58 93 21 25 5 80 85 41 33 21 85 40 71 90 68 72 37 45 17 48 0 41 41 38 9 24 56 81 5 99 91 62 69 25 42 81 93 19 16 45 33 42 82 31 3 100 91 33 5 2 96 71 11 29 100 22 96 29 36 38 39 23 51 58 85 26 60 58 10 93 95 81 89 42 69 12 42 14 74 88 35 8 61 36 99 66 95 15 5 29 12 15 61 81 20 59 46 63 64 10 86 89 8 72 77 80 3 31 30 80 39 99 42 28 97 9 1 4 49 88 65 60 49 5 88 71 49 61 79 2 71 45 37 33 89 92 25 32 72 75 67 
79 88 43 82 88 94 16 20 38 46 38 100 75 71 57 94 21 92 18 56 85 32 66 40 61 91 41 6 29 12 32 35 36 22 72 19 22 64 93 92 77 93 73 31 97 48 60 44 73 91 33 86 18 29 88 46 30 67 63 46 23 43 28 21 19 82 2 21 91 93 85 59 2 64 51 70 73 20 8 79 22 15 84 40 52 24 62 85 58 10 3 46 3 9 82 65 6 48 95 71 56 71 39 17 92 4 96 28 93 16 41 41 39 18 33 7 15 38 27 32 81 33 26 85 33 27 28 26 87 11 18 60 77 75 72 36 44 56 76 41 81 70 29 22 69 62 70 10 88 37 49 42 39 25 4 55 50 23 78 93 91 52 94 3 8 15 13 36 28 64 0 49 89 66 100 41 13 43 9 33 94 18 82 22 17 63 24 100 2 43 100 25 51 91 59 57 76 10 65 10 
0 72 10 43 16 33 35 66 65 78 74 18 20 34 48 39 73 91 71 4 30 92 10 8 67 74 39 31 87 76 64 91 66 44 47 76 38 54 77 82 81 20 32 31 24 91 43 94 92 27 34 80 84 85 89 29 73 65 26 9 12 63 87 39 77 44 51 36 95 41 84 43 16 64 77 23 23 9 64 20 96 59 18 69 98 61 2 54 49 34 25 24 37 45 73 90 7 57 18 98 25 80 0 31 18 65 14 10 99 6 20 86 21 29 22 51 72 99 29 85 75 42 19 13 28 70 15 3 9 78 17 36 72 50 44 93 88 92 40 61 79 82 7 78 67 44 36 42 98 79 85 55 75 84 25 92 34 43 4 46 48 27 42 60 28 78 81 78 33 72 86 24 87 54 65 66 42 45 4 90 57 60 15 79 17 8 6 99 60 27 2 49 67 25 100 2 49 3 56 57 
76 64 26 33 27 15 19 98 18 9 1 6 41 54 53 52 11 49 15 1 74 11 56 43 22 78 22 30 23 57 95 84 38 23 99 31 81 40 82 5 8 27 16 91 5 23 10 98 32 2 98 13 71 83 95 58 96 58 56 32 76 66 7 48 82 25 72 69 13 28 37 70 23 3 5 35 25 100 86 20 78 57 1 72 89 82 17 46 66 97 57 19 36 50 33 15 57 35 69 36 61 29 20 55 80 61 81 98 63 94 27 4 18 30 26 77 6 9 52 24 77 46 73 15 7 100 66 2 7 62 71 3 7 76 78 93 28 39 38 58 2 99 35 35 44 67 16 21 73 82 51 24 24 70 50 82 62 10 4 85 64 58 11 40 41 9 50 87 82 7 90 82 94 62 4 96 22 57 39 79 80 13 83 28 55 28 3 25 29 20 26 17 55 16 28 98 73 67 66 81 
55 55 96 21 50 23 46 10 40 31 47 80 2 97 87 20 48 6 46 84 19 61 42 25 29 10 68 20 35 17 54 62 34 31 99 16 88 68 87 76 72 41 83 59 52 64 6 87 25 80 74 11 38 14 58 59 47 13 86 36 91 22 34 58 44 96 4 6 33 74 72 89 83 2 14 60 54 50 96 38 36 51 39 20 40 27 76 2 96 74 3 43 11 79 31 28 56 3 98 15 80 90 95 79 5 81 99 43 3 5 41 3 81 21 95 72 45 29 36 21 60 91 20 34 32 64 65 89 25 59 81 67 87 96 9 35 47 22 83 13 76 6 8 40 29 77 40 4 26 95 1 53 18 41 2 27 39 49 5 37 54 80 73 61 6 68 95 33 25 44 57 72 19 42 5 38 89 19 72 35 37 81 51 25 92 81 99 26 35 55 2 48 13 29 78 27 33 8 8 59 
35 79 88 4 86 72 63 94 54 11 85 90 9 91 99 20 79 66 61 16 98 87 3 31 52 17 44 8 16 77 74 21 94 89 100 96 5 51 11 18 34 84 46 92 57 90 38 20 25 94 23 66 74 32 93 21 90 6 90 73 51 16 47 45 14 39 30 65 31 27 77 46 43 43 98 68 43 99 65 44 89 73 58 47 95 48 13 88 3 22 70 85 45 0 72 74 49 18 74 39 82 71 76 59 58 33 30 53 85 61 97 57 39 27 33 91 37 76 27 31 71 48 25 72 18 99 52 58 26 65 28 81 61 55 68 54 57 98 74 6 30 38 47 73 76 48 55 17 89 99 58 76 93 98 97 81 21 24 58 65 54 56 16 7 58 81 66 50 59 30 84 54 28 91 30 85 61 8 82 71 34 34 44 24 63 42 86 41 14 35 88 59 53 10 0 68 6 13 28 39 
21 53 21 69 82 91 80 54 49 7 25 0 56 97 3 73 63 49 71 39 98 69 13 0 84 30 85 97 79 22 63 66 36 49 30 15 6 32 98 67 20 48 95 43 95 88 62 87 86 77 70 45 88 83 60 40 57 64 78 45 41 61 68 78 92 74 11 89 20 31 27 25 76 82 1 61 31 7 53 90 80 89 94 31 98 54 66 58 5 78 4 88 18 83 75 76 89 15 10 10 17 92 19 75 82 98 64 60 100 86 46 30 86 6 18 64 26 9 56 98 60 96 9 56 65 19 34 34 4 21 64 7 21 50 8 53 92 24 73 81 50 46 28 61 77 48 88 12 71 43 74 17 54 78 3 13 66 2 72 87 50 18 62 54 18 22 26 89 66 46 83 1 52 66 39 42 53 74 9 53 3 14 81 58 60 83 80 10 38 23 81 98 3 53 58 24 96 76 79 49 
5 43 78 11 77 7 10 47 19 97 65 80 66 40 39 60 87 42 35 70 78 18 12 8 93 0 97 75 60 11 70 9 48 55 52 69 75 100 49 8 22 41 79 84 78 26 71 17 100 22 75 19 57 79 22 28 42 48 47 99 32 16 60 2 53 25 58 46 50 90 3 37 74 15 24 5 79 87 5 69 2 54 88 22 4 62 21 53 72 100 13 52 37 88 32 68 43 78 38 17 84 33 100 75 9 17 77 57 92 18 29 43 59 46 65 22 51 73 77 35 39 42 74 67 80 20 85 71 12 91 35 51 70 64 61 0 29 90 50 84 28 12 53 70 25 91 89 52 81 3 10 85 79 38 59 80 51 99 84 19 50 66 3 86 36 11 72 63 46 80 41 55 60 25 21 89 10 2 18 98 95 90 19 95 80 73 26 72 5 6 63 90 91 66 8 55 22 49 89 43 
54 71 77 26 69 55 99 34 73 66 52 73 4 30 90 72 13 40 58 74 62 9 21 49 19 14 48 61 44 35 39 90 26 83 12 46 97 78 9 60 5 84 65 49 64 81 50 75 61 89 71 10 20 29 86 89 26 43 60 93 75 12 35 67 7 11 57 16 88 62 41 11 55 64 59 3 10 0 69 25 5 64 57 63 15 66 77 54 100 40 98 94 69 8 88 66 72 67 36 7 51 45 87 31 24 74 62 86 70 14 33 28 48 97 33 13 92 27 68 70 85 25 61 78 38 22 26 45 71 19 5 82 0 87 64 58 89 56 89 32 1 30 64 2 79 0 35 59 33 37 28 61 23 72 68 12 56 78 84 87 51 100 88 90 70 76 29 5 25 10 59 46 36 47 93 50 50 98 76 69 36 18 93 67 46 22 70 25 46 61 63 95 58 98 26 12 69 81 5 0 
42 38 23 39 43 15 69 87 44 91 10 92 30 60 0 81 80 52 96 88 17 44 28 65 79 71 91 57 93 67 19 33 35 57 42 91 74 29 1 53 78 71 93 79 59 47 62 62 75 78 66 11 43 93 11 81 87 96 30 39 90 99 56 73 25 18 84 29 41 97 94 75 74 45 99 62 99 0 89 83 82 22 49 39 88 72 28 83 36 67 66 95 6 29 65 32 99 12 53 84 99 74 24 60 30 89 32 42 53 13 15 100 17 97 94 6 46 4 93 29 94 4 59 13 64 35 75 65 15 65 35 27 43 3 12 65 59 18 47 75 61 78 56 69 99 25 56 5 39 13 5 66 16 12 79 0 40 25 98 94 33 22 34 4 6 16 5 13 37 12 40 11 96 24 3 73 74 14 11 1 34 57 47 86 82 82 56 46 47 97 68 44 83 84 79 27 6 68 78 32 
83 91 77 65 9 23 2 5 66 30 93 48 59 51 51 2 22 88 74 58 15 67 78 20 23 7 97 46 13 41 93 52 56 77 2 91 22 38 25 96 91 100 13 19 81 84 41 15 15 31 95 72 77 19 19 93 43 70 79 39 74 13 10 10 99 11 95 53 34 16 24 70 43 67 0 63 65 62 58 36 34 8 7 52 81 10 87 48 28 26 0 49 60 89 98 9 48 31 61 85 96 63 81 89 4 62 56 82 31 1 54 94 0 1 55 47 84 39 54 56 63 84 13 33 73 52 42 96 32 84 77 88 18 18 80 99 77 34 73 99 42 25 70 28 24 59 53 50 30 26 79 30 40 41 87 46 49 64 75 77 59 77 68 38 16 32 85 40 32 4 46 83 47 37 87 52 21 41 7 96 17 72 98 6 63 14 33 53 61 0 78 89 78 32 90 57 6 43 64 88 
25 81 38 23 84 79 6 49 87 11 45 72 95 81 7 100 24 52 40 50 16 51 5 21 56 7 52 68 94 13 74 10 10 14 63 6 35 32 15 19 37 88 8 18 66 18 11 0 75 0 100 10 16 81 19 17 67 49 55 4 14 14 37 84 61 50 19 40 77 62 10 74 90 41 28 41 52 32 57 65 1 75 93 65 58 81 36 50 91 35 61 96 47 54 90 100 62 87 42 91 19 33 55 16 53 20 28 7 48 99 8 70 43 6 67 80 9 68 72 51 6 23 33 38 48 65 54 80 77 24 82 99 79 8 83 3 72 11 69 32 35 90 28 24 44 90 2 4 90 75 37 61 27 48 28 91 8 66 99 90 37 78 5 18 42 5 0 12 85 67 57 42 26 41 76 96 29 97 50 57 5 15 15 46 43 31 30 71 63 66 65 83 5 88 56 7 28 79 51 20 
95 50 16 47 88 41 34 30 61 47 32 94 13 69 9 75 30 97 71 44 57 91 11 11 65 16 12 30 81 13 79 30 76 100 5 12 22 48 37 76 90 99 34 40 87 51 65 79 18 47 65 19 93 52 82 0 69 91 80 22 15 21 54 83 28 37 81 82 17 23 51 27 80 76 33 69 93 53 75 54 99 5 90 59 64 75 63 81 6 55 100 69 52 82 42 53 5 73 42 18 47 44 42 77 56 51 52 55 65 62 68 97 47 35 71 86 18 4 97 95 78 52 11 18 86 82 43 16 78 85 15 6 86 32 11 28 35 56 92 99 7 38 51 16 77 35 12 36 79 90 66 87 35 94 25 74 76 44 57 17 20 44 17 19 33 92 81 69 32 15 22 69 89 6 7 92 36 80 10 64 20 40 58 32 72 83 23 34 48 15 13 27 41 5 65 84 51 85 29 0 
98 76 96 80 58 55 86 93 77 2 3 20 31 8 54 20 46 65 87 17 49 96 24 15 88 14 26 18 88 68 92 43 85 100 64 52 71 38 65 52 16 38 46 19 86 32 8 44 10 9 50 18 76 82 22 49 81 64 85 6 95 60 7 100 13 62 83 66 57 43 14 85 84 12 60 85 13 37 60 6 69 25 12 62 26 75 92 9 62 17 67 99 68 18 13 66 64 16 23 83 48 41 4 11 76 44 5 10 87 52 30 11 22 2 48 36 45 99 45 60 75 6 48 61 9 93 14 15 32 53 11 71 16 85 67 92 49 68 68 42 28 1 27 93 7 20 68 87 95 57 35 42 20 17 87 64 51 64 33 51 48 4 53 21 100 93 22 38 55 54 79 78 46 41 56 78 87 60 50 52 0 56 6 73 23 47 81 49 0 90 42 66 79 75 84 49 24 41 97 76 
65 11 40 14 28 51 53 54 96 8 82 6 45 9 7 49 80 83 98 49 15 0 68 44 84 49 73 63 46 70 9 75 16 84 16 39 94 27 92 91 65 13 84 63 21 34 82 47 50 81 37 16 35 67 78 98 22 13 50 71 90 74 80 93 27 14 35 49 11 14 48 80 64 75 74 12 65 38 8 54 100 88 56 2 30 75 67 17 18 32 72 43 54 65 56 48 27 100 65 38 73 43 0 34 63 71 90 1 63 52 24 15 6 82 71 58 46 83 56 48 73 16 57 5 72 45 96 33 8 83 83 24 9 70 86 17 6 83 63 42 61 5 12 72 16 49 22 36 59 54 77 33 21 60 43 44 82 90 1 20 49 40 39 80 86 4 67 24 18 85 49 59 56 53 75 77 63 95 100 0 90 44 88 20 12 77 61 100 60 10 67 98 47 26 11 89 66 67 91 85 
56 78 83 9 17 80 28 60 13 58 45 86 52 49 39 77 21 21 31 25 41 77 76 96 87 100 89 0 3 5 80 4 90 94 64 78 52 40 18 2 92 67 45 16 24 36 50 12 1 8 33 61 59 12 21 57 18 28 69 42 23 38 15 66 58 82 18 1 4 17 64 83 43 42 26 99 96 41 55 4 61 37 79 81 21 70 30 15 74 73 66 11 71 43 11 72 64 76 83 97 51 29 63 42 84 87 27 91 38 0 94 74 4 80 9 20 37 30 100 27 86 53 25 45 23 32 72 6 84 71 90 57 99 37 86 48 33 26 0 31 20 64 71 18 72 23 63 11 76 7 98 37 10 80 60 97 42 4 59 75 14 96 72 14 61 7 52 87 61 52 68 12 21 68 14 71 28 22 27 50 36 74 22 65 72 43 79 12 58 70 63 55 79 33 84 48 97 74 13 60 
97 42 45 3 87 45 77 75 91 96 10 27 0 80 36 68 78 85 20 48 62 64 70 72 75 58 33 55 17 9 42 93 82 37 2 36 29 58 24 43 94 38 43 60 41 70 94 87 9 70 28 2 2 90 88 85 79 13 58 58 44 81 79 23 88 17 43 78 52 55 89 26 61 36 76 1 99 81 43 6 31 82 73 47 28 62 55 13 90 26 83 83 99 61 27 22 8 94 55 12 16 1 68 83 36 63 14 81 5 74 57 30 50 52 26 88 66 34 56 96 97 83 36 44 80 41 21 67 48 77 36 58 4 87 35 76 34 7 65 80 16 68 64 33 61 28 64 45 87 74 32 2 3 61 29 100 91 29 35 25 31 52 78 32 9 18 68 33 94 3 1 90 22 59 2 17 59 81 0 95 77 92 21 52 17 3 44 86 86 65 57 95 69 89 91 0 9 80 99 17 
97 6 56 91 16 92 41 81 63 32 42 99 52 49 26 39 60 52 30 75 62 44 17 81 25 22 47 51 7 39 43 8 25 7 29 26 8 27 60 27 84 68 34 79 52 38 100 39 77 84 44 23 10 83 100 96 68 28 70 22 14 22 63 65 82 84 60 79 56 62 69 85 45 12 84 98 98 86 30 89 26 65 30 50 99 88 24 6 75 28 78 43 51 33 80 66 34 17 12 88 85 86 59 0 55 96 79 71 36 95 39 57 55 13 79 27 76 56 89 77 80 90 97 24 43 6 10 79 24 69 100 58 80 40 1 30 74 76 54 94 67 74 26 96 93 4 2 88 64 71 86 16 72 7 45 60 30 13 25 40 85 46 73 97 47 65 94 82 86 70 69 89 53 8 54 30 35 62 17 45 76 94 14 12 90 65 55 47 91 62 97 26 92 89 4 13 91 88 3 33 
18 81 47 35 100 28 69 26 15 84 73 32 13 87 28 19 87 34 29 47 75 80 90 100 24 2 54 96 31 87 38 95 57 55 3 29 99 30 63 15 17 57 8 22 55 42 49 36 8 30 51 41 79 9 25 9 5 27 78 88 35 56 71 89 78 85 10 57 89 90 70 3 98 90 25 51 79 86 59 31 72 93 27 40 5 18 58 11 98 68 36 42 95 26 12 71 54 10 51 56 83 21 47 39 1 59 91 26 12 17 98 88 73 60 85 0 31 44 45 37 67 82 53 16 85 69 31 60 37 44 80 80 4 19 50 1 62 4 35 81 93 30 75 33 55 10 9 17 63 29 77 38 53 3 24 0 81 94 100 20 50 14 83 41 24 88 97 13 53 80 28 11 93 8 94 82 72 25 64 30 40 7 22 72 36 62 56 72 81 77 50 34 87 89 90 78 11 73 0 0 
41 5 56 40 61 4 36 97 50 32 5 66 82 48 91 92 18 26 13 8 96 29 28 88 25 98 6 100 91 84 38 11 15 97 42 85 41 2 63 99 80 50 49 76 8 46 50 35 29 76 68 55 64 79 58 39 56 51 67 87 88 37 87 31 63 51 67 74 96 75 4 63 59 27 86 38 61 35 88 79 88 48 53 58 0 91 2 95 98 30 75 86 63 62 55 36 13 99 79 93 56 91 27 77 43 62 23 67 89 25 83 9 90 23 1 40 31 47 14 61 53 68 83 46 76 55 23 51 83 59 77 75 10 14 20 47 83 1 1 100 70 69 27 62 65 20 99 83 85 69 52 11 36 68 56 71 61 91 60 3 10 70 32 87 86 21 14 57 77 84 42 55 88 30 76 96 6 82 20 12 8 63 10 57 42 65 67 75 90 24 41 93 22 12 15 64 74 28 85 47 
66 93 28 27 35 95 96 11 34 15 21 99 24 99 49 71 72 24 57 32 43 88 5 81 27 0 1 13 67 43 85 66 9 2 74 96 54 73 32 24 41 89 89 73 31 38 88 86 74 14 13 2 41 19 60 92 25 81 92 9 66 98 45 92 44 88 76 12 18 67 64 51 27 63 69 98 73 55 22 34 75 53 41 65 78 92 37 4 52 38 99 17 58 65 15 36 46 14 99 2 98 63 69 75 2 70 52 21 19 73 42 71 99 100 8 37 7 33 96 88 97 46 7 4 23 46 98 36 0 95 73 15 68 8 42 63 78 23 46 10 87 17 62 13 69 65 39 49 9 4 45 21 89 95 15 37 6 98 25 29 13 87 7 96 10 46 18 57 0 28 92 27 87 3 96 74 38 14 14 88 28 56 30 81 53 9 17 91 25 19 24 16 38 73 71 84 89 63 71 77 
51 26 3 50 41 8 24 81 8 12 64 53 89 95 29 67 92 50 98 29 4 21 45 50 80 86 69 45 35 66 57 55 57 96 57 36 72 73 38 71 1 28 20 49 78 6 77 56 72 71 28 6 70 19 80 18 18 39 100 95 5 92 35 51 93 66 29 51 69 96 85 97 28 30 74 32 29 94 21 4 83 46 67 68 67 51 26 27 17 7 99 36 4 43 32 75 28 24 66 9 72 96 100 84 47 71 44 11 83 14 3 6 37 98 85 38 57 66 92 35 15 94 63 51 31 91 36 31 58 53 36 82 80 28 48 9 60 33 13 15 62 94 74 58 38 64 88 10 13 67 67 23 0 72 49 10 80 89 72 32 81 40 82 72 44 33 87 50 45 89 62 62 34 82 55 58 88 3 85 47 37 83 39 25 2 100 5 79 67 30 39 52 94 82 93 98 33 77 30 27 
28 47 3 35 69 23 61 3 10 15 9 99 20 3 85 82 25 25 77 67 59 32 71 93 15 56 23 19 52 26 60 2 43 26 9 39 47 88 63 48 18 99 30 15 54 24 51 50 13 3 56 2 67 20 34 8 97 4 12 46 9 2 50 100 28 21 76 36 29 49 70 38 65 86 62 64 28 84 51 49 62 65 74 10 82 57 31 86 43 21 8 0 40 82 85 47 11 57 79 62 17 19 76 73 31 62 48 86 98 48 36 48 98 1 21 2 9 12 17 65 39 51 32 73 29 84 60 65 14 10 68 82 4 3 51 51 93 83 7 67 71 92 85 29 30 19 9 91 14 65 27 42 75 45 41 86 30 76 78 15 82 17 87 42 7 29 7 24 89 62 62 2 64 8 80 53 26 24 86 46 66 15 52 92 31 19 60 74 74 57 0 15 3 82 33 84 19 19 86 2 
2 11 99 92 85 34 58 49 3 72 64 63 22 68 9 65 87 43 28 28 43 85 90 65 3 50 99 41 63 99 15 10 49 37 74 55 87 25 36 9 24 42 67 55 95 81 33 96 28 98 2 71 63 100 63 19 1 95 69 35 94 34 5 18 75 60 19 27 28 87 1 52 7 74 25 11 11 87 93 15 37 50 25 29 23 45 80 35 60 85 33 70 51 14 55 12 9 55 12 81 39 10 90 7 67 31 2 61 86 100 53 19 81 8 3 45 50 98 90 57 86 31 29 5 2 33 15 77 71 14 49 61 98 63 2 11 22 24 22 49 37 25 52 73 56 19 3 84 12 38 34 76 98 30 92 94 74 74 76 44 76 16 12 24 10 100 36 71 62 71 36 87 51 66 53 27 19 60 12 81 81 1 63 0 57 99 63 28 51 9 34 58 60 99 40 23 73 7 49 93 
40 54 8 83 30 5 9 31 39 88 52 13 16 24 8 85 90 100 95 35 70 22 91 81 33 8 98 46 57 68 68 65 52 48 64 79 99 58 63 50 57 89 6 83 72 70 95 38 12 93 61 61 30 72 97 91 92 7 76 18 61 58 61 72 76 99 50 98 86 82 68 68 79 10 56 32 45 30 90 80 14 74 79 82 48 30 87 81 35 55 61 93 70 79 95 76 4 16 100 91 17 7 42 21 81 63 64 75 60 17 36 37 45 18 7 77 100 57 99 6 19 38 63 49 92 50 9 95 6 24 45 11 83 66 8 24 36 81 86 84 82 0 24 70 98 25 60 59 70 42 3 68 4 71 16 88 47 66 54 7 66 48 4 17 55 45 24 100 66 67 3 15 39 72 78 9 54 41 21 73 96 46 94 17 93 37 81 94 70 9 30 82 52 58 76 67 46 51 59 6 
37 71 89 5 76 92 48 67 76 44 78 4 31 64 5 3 65 45 65 40 64 22 74 87 26 16 32 94 98 100 35 24 28 19 84 93 83 9 76 8 94 69 81 54 13 59 74 25 63 38 15 39 43 75 57 45 27 93 24 79 28 53 52 88 54 89 46 26 43 5 37 44 28 65 53 59 84 100 73 78 61 57 36 66 27 26 86 31 13 74 64 67 72 86 82 27 70 45 56 49 75 43 26 51 84 3 2 91 80 77 91 75 11 61 48 73 26 22 12 18 96 23 79 91 12 89 85 24 56 68 25 93 60 13 75 25 95 81 75 67 96 7 51 13 25 75 96 5 31 57 60 46 61 53 8 53 45 18 5 90 59 40 22 76 81 66 96 57 34 78 53 37 80 47 20 14 32 10 74 78 87 37 48 49 84 29 49 28 20 98 44 9 72 12 10 11 25 40 99 68 
16 18 33 88 2 78 60 82 40 39 21 91 21 62 20 21 17 2 71 90 45 72 58 8 83 67 42 54 36 67 82 98 49 17 3 100 62 69 33 63 77 38 33 61 86 93 38 58 62 69 17 60 68 31 8 20 11 97 77 88 94 20 15 12 13 0 80 0 82 47 70 5 3 47 59 15 21 41 54 4 34 85 95 12 33 62 40 44 76 21 5 37 84 59 83 95 50 72 72 5 5 63 37 16 67 53 88 80 34 36 24 48 85 18 86 24 28 85 0 35 74 8 31 98 12 69 42 88 79 70 29 0 78 44 93 73 68 1 91 95 4 22 37 72 20 2 45 64 54 23 36 34 68 50 3 4 95 5 10 73 13 77 76 29 59 24 21 10 18 98 51 3 52 23 75 59 41 75 4 85 3 43 6 91 90 25 96 29 5 89 61 33 84 55 26 5 18 38 75 36 
85 28 7 40 93 88 88 19 60 2 13 88 94 93 42 65 97 10 42 71 55 50 15 44 98 68 85 88 79 81 88 36 45 68 61 96 42 97 26 100 86 29 44 56 3 16 64 4 42 63 53 47 70 94 80 28 72 32 88 62 67 82 86 52 55 82 48 45 71 5 42 58 48 92 99 66 44 16 77 91 55 96 82 82 25 17 90 29 38 42 5 52 47 60 51 94 16 51 100 55 75 22 39 99 61 94 79 48 27 38 91 87 72 28 62 26 31 60 91 54 90 47 41 11 39 84 7 67 93 69 24 38 92 79 87 15 23 60 91 3 5 23 73 59 19 80 36 55 2 1 74 76 48 66 56 37 6 25 64 100 83 89 74 60 40 49 93 70 44 73 21 14 71 34 42 87 36 80 74 77 8 90 5 86 63 31 87 96 81 68 45 89 26 41 73 55 48 75 41 80 
93 82 64 48 32 64 20 23 60 16 24 30 90 45 80 97 57 53 57 0 91 49 88 52 4 16 34 66 25 9 26 36 26 97 14 36 73 34 22 1 10 82 47 56 60 56 46 42 24 10 12 93 60 47 100 33 56 22 67 50 98 4 77 87 38 48 5 56 23 69 44 33 90 33 100 53 37 84 80 78 12 58 19 41 25 70 95 31 42 98 57 72 56 24 37 61 80 16 39 9 50 98 13 81 57 92 87 57 36 63 39 5 49 46 75 42 26 73 25 70 78 64 74 43 84 10 58 30 21 25 38 65 99 39 0 18 99 38 74 9 78 54 23 68 64 5 97 59 59 42 67 4 100 41 56 15 16 76 98 41 93 58 92 19 16 55 6 100 85 54 15 89 14 36 33 13 20 8 43 77 14 38 67 97 41 72 43 83 52 43 32 30 48 60 87 93 91 33 67 55 
65 45 80 64 70 20 14 67 19 31 67 74 40 47 88 65 58 57 43 2 40 91 87 82 5 86 84 5 65 47 23 30 93 18 14 47 16 0 31 46 21 12 71 21 18 24 0 62 89 30 68 87 82 10 9 66 47 51 22 97 30 9 79 8 94 21 21 76 89 79 40 55 52 79 53 77 67 3 60 42 32 82 63 74 98 43 58 27 33 40 15 41 20 64 50 47 68 24 61 76 2 25 97 69 21 93 36 58 87 54 64 51 0 60 1 57 43 32 13 7 48 51 38 80 57 56 32 15 28 42 70 34 92 69 77 25 89 54 87 95 94 76 89 11 5 71 8 85 16 6 24 63 30 41 24 54 97 74 60 93 81 97 26 68 13 15 71 92 20 4 18 53 16 58 89 98 1 77 18 50 30 73 70 8 92 54 8 57 63 95 58 4 30 42 59 6 82 69 25 99 
2 68 42 17 36 69 72 30 23 58 97 29 51 87 57 66 37 31 97 58 96 31 9 43 63 98 38 64 35 17 41 46 17 100 91 50 16 77 67 78 32 61 29 7 2 0 35 39 4 90 64 70 71 42 58 57 34 52 97 100 18 61 96 37 81 100 29 29 25 81 12 51 87 72 73 13 65 45 4 58 39 21 62 72 60 30 49 14 2 55 35 29 26 80 69 54 92 33 9 39 19 20 41 66 74 51 29 96 13 50 85 6 32 5 34 68 0 30 99 35 35 45 81 2 22 80 95 59 96 88 51 50 9 92 98 6 55 15 97 60 35 85 84 72 26 43 43 97 27 43 8 64 96 25 92 52 91 45 35 71 60 17 51 94 13 57 51 62 95 92 0 67 93 63 43 66 9 17 19 2 65 0 3 66 26 36 96 31 77 5 84 17 52 58 86 25 42 43 70 35 
61 19 92 15 4 5 43 9 3 56 99 90 60 9 16 16 83 74 98 61 71 10 54 96 17 13 31 18 41 100 96 34 97 92 98 21 49 16 14 27 5 90 71 24 9 60 64 55 24 27 0 38 83 34 60 89 5 97 30 4 15 29 19 95 47 52 75 64 64 82 17 53 77 3 90 30 33 58 39 43 46 45 14 73 49 33 48 45 13 71 74 67 50 53 21 98 64 79 90 79 16 92 69 46 100 3 32 28 29 74 29 73 5 87 31 81 86 13 99 12 37 77 92 45 43 66 54 68 49 26 6 71 100 75 46 89 94 45 45 15 49 82 24 99 17 8 72 4 68 85 44 5 61 40 22 5 76 11 100 94 13 10 78 21 91 80 56 89 11 4 93 64 8 10 65 1 32 53 7 73 57 52 75 17 89 68 26 33 6 28 19 35 99 7 61 14 56 79 75 67 
3 83 49 44 20 55 5 18 47 66 14 34 35 91 79 4 90 69 55 50 84 58 83 58 80 7 12 4 93 88 30 11 35 72 82 20 24 96 33 29 73 71 37 48 10 34 63 19 70 69 75 5 67 2 48 75 17 84 92 76 6 23 18 34 45 61 35 33 87 48 79 20 32 37 40 95 89 3 5 42 53 30 7 17 79 19 50 81 68 88 5 67 6 69 73 60 48 39 87 83 19 56 75 34 54 77 18 38 99 87 46 93 25 2 70 41 37 55 80 15 59 13 48 45 49 95 100 64 41 30 26 18 49 92 0 93 73 23 28 78 32 32 5 75 54 29 31 65 68 90 33 54 86 54 93 93 73 58 60 66 61 53 82 58 57 72 30 43 58 65 8 96 73 69 6 78 1 10 7 55 34 1 30 21 32 15 21 41 79 59 9 49 90 53 0 100 99 12 65 35 
36 69 16 93 31 43 44 81 21 16 72 84 1 75 66 83 6 28 58 26 33 100 94 42 73 86 35 25 32 89 70 91 13 14 46 19 15 60 77 99 97 99 32 33 45 87 3 12 43 58 36 75 94 45 32 87 85 44 36 81 16 75 47 60 86 45 20 87 64 18 70 46 96 53 97 67 23 18 50 27 59 20 22 81 74 20 50 39 96 41 34 81 39 19 58 26 58 50 51 36 12 98 72 8 35 56 98 49 67 6 100 17 6 23 86 73 74 94 64 24 3 5 30 64 71 59 92 23 39 34 34 85 10 91 40 81 38 86 13 91 44 28 21 6 97 37 34 20 96 76 87 74 66 87 85 15 84 27 82 66 55 59 19 68 10 73 26 90 92 90 49 60 56 2 83 55 31 69 12 88 25 64 75 76 67 8 6 13 22 10 61 97 57 67 64 14 92 52 26 86 
82 25 33 2 31 46 77 49 40 60 83 81 46 95 78 56 5 64 47 72 67 49 64 87 99 50 54 90 12 14 8 72 19 11 17 40 59 54 94 22 39 80 96 16 32 4 81 26 32 35 54 52 41 28 15 40 90 68 53 79 82 65 67 42 48 20 89 37 60 31 31 47 0 18 46 87 1 2 96 100 0 7 35 29 16 82 2 60 83 98 99 9 28 7 6 44 100 74 33 46 42 57 74 28 43 45 13 24 37 47 70 65 23 71 27 59 81 66 59 74 52 60 40 73 40 69 32 80 29 2 14 88 79 93 95 79 78 39 59 42 26 85 97 86 75 27 92 71 4 80 51 3 27 24 28 69 82 19 77 73 100 44 88 82 74 83 54 12 64 20 77 73 82 85 98 83 1 51 28 36 37 98 23 8 13 30 19 90 5 35 28 24 25 54 92 68 59 49 67 22 
38 49 62 71 54 95 96 36 95 77 5 17 22 88 10 96 22 23 20 60 92 82 90 1 20 74 78 74 89 32 42 48 21 4 89 19 24 65 8 89 11 92 68 78 72 16 27 30 35 28 95 33 13 97 90 33 6 40 68 70 40 95 33 77 15 84 37 14 89 89 76 51 83 90 45 45 25 85 67 38 2 84 66 87 39 19 70 81 97 3 46 71 37 65 77 30 82 52 16 42 16 53 74 54 98 84 15 99 12 47 2 5 100 78 88 74 10 30 90 27 42 63 41 42 91 67 8 75 16 11 75 85 40 4 32 93 97 84 33 23 80 33 97 23 39 26 60 25 31 20 13 79 25 40 56 34 61 58 19 91 79 5 67 90 20 1 39 43 18 41 74 11 15 47 100 54 80 2 3 43 20 64 33 94 46 21 23 60 90 16 78 98 56 95 86 24 33 15 38 97 
6 37 2 51 89 62 26 9 34 44 66 74 94 72 84 86 48 16 65 62 50 11 37 13 20 70 27 13 58 41 34 98 42 66 45 32 38 64 0 74 80 89 30 93 91 30 75 13 36 30 24 11 25 28 16 11 75 33 64 78 22 42 62 35 79 59 14 46 70 72 63 21 10 28 9 54 98 40 71 84 32 11 92 70 94 82 78 92 28 96 43 12 61 78 43 5 27 74 10 72 96 57 73 43 58 77 85 33 32 66 30 99 97 74 26 18 92 39 21 58 61 77 65 65 7 53 8 45 38 56 13 81 71 34 81 43 43 67 71 67 35 31 19 0 93 38 30 47 61 93 62 78 97 97 2 72 63 16 72 59 46 53 59 42 69 96 20 10 83 29 85 32 74 34 82 65 43 83 21 9 78 55 38 71 54 47 5 89 9 55 71 14 94 23 10 8 31 87 75 43 
68 47 35 33 18 57 48 80 42 83 61 25 17 41 66 96 54 6 17 80 36 15 68 43 92 74 3 80 55 25 36 93 76 89 1 31 75 56 62 30 92 64 38 26 54 55 83 17 52 75 43 89 18 85 38 49 42 35 79 31 89 7 56 31 84 97 50 77 80 12 73 88 5 20 53 28 79 74 14 97 81 86 88 46 1 58 27 71 21 3 10 95 18 83 92 62 100 80 48 55 35 38 87 29 34 1 78 31 46 72 36 40 21 34 100 21 100 34 2 4 25 30 35 85 70 50 95 4 69 63 78 79 9 82 92 89 1 91 60 35 27 23 23 0 77 73 80 89 42 48 78 59 59 38 58 11 49 8 77 23 12 33 16 90 24 50 33 12 28 3 99 60 22 45 30 12 60 46 96 64 25 21 33 83 35 33 84 92 0 71 31 49 7 39 66 78 40 91 43 51 
17 79 31 70 34 15 3 46 7 71 1 96 40 35 5 82 8 0 80 53 66 50 73 10 69 82 30 93 98 86 85 66 93 55 5 52 18 46 51 6 62 5 74 30 74 22 43 81 23 21 8 94 34 99 81 16 40 32 44 98 89 74 93 88 81 79 70 84 0 35 69 85 98 58 56 40 44 85 70 30 50 31 63 40 21 27 70 2 43 36 20 15 16 68 35 62 53 24 94 95 94 49 8 98 4 19 18 81 54 56 26 19 25 95 58 76 65 98 78 24 28 31 43 47 46 32 26 57 43 38 34 58 28 22 73 81 80 78 27 40 63 90 94 63 88 42 67 90 8 99 5 72 93 54 35 16 16 15 47 30 30 93 66 74 14 94 86 70 5 72 6 20 73 40 35 35 17 10 100 43 95 54 37 28 6 17 47 8 10 72 7 40 86 80 77 17 95 93 52 77 
29 74 71 44 87 49 7 9 73 79 51 93 19 22 10 4 28 21 50 100 79 47 45 9 94 53 89 11 98 78 97 5 97 75 94 65 26 80 78 78 87 97 56 36 3 30 31 52 98 12 73 35 97 73 18 74 84 50 54 52 24 14 12 82 15 81 99 53 91 58 25 35 68 23 47 49 70 83 70 23 77 31 23 34 27 97 16 45 89 43 54 46 87 34 14 96 88 79 97 71 85 13 86 42 89 45 68 87 87 36 20 3 92 16 90 39 87 18 67 42 76 29 37 100 83 88 73 87 74 81 56 82 63 66 62 94 35 6 98 60 98 26 86 3 90 88 53 60 72 57 67 42 66 11 65 5 93 80 11 65 74 93 1 59 43 43 78 58 3 93 87 37 47 74 56 37 84 96 14 71 75 5 48 81 78 9 52 78 7 74 42 46 76 15 6 96 65 30 49 72 
71 55 93 7 45 68 54 70 48 10 16 81 31 4 14 46 62 23 87 44 31 98 88 37 22 67 98 27 93 66 46 84 92 23 2 100 7 35 3 18 64 86 70 24 46 82 91 2 94 3 49 92 95 10 53 23 37 5 98 26 23 82 90 56 85 22 38 28 32 39 86 55 48 11 93 45 11 12 53 97 63 11 95 19 58 76 96 82 15 33 78 15 92 37 77 61 80 73 75 62 24 53 99 43 31 92 86 72 40 14 89 99 16 74 95 82 84 35 73 18 80 3 2 6 57 85 37 37 11 59 93 57 19 82 25 58 93 74 71 19 14 1 31 63 34 25 34 87 28 86 79 50 54 91 31 84 45 98 78 70 51 64 46 28 87 4 0 88 21 87 58 30 38 89 0 77 36 72 83 15 10 5 8 14 40 8 40 71 11 6 51 58 38 56 28 61 11 70 99 20 
42 73 85 13 8 50 80 53 46 88 91 36 41 14 85 87 5 94 48 71 33 89 32 17 27 59 1 82 22 36 97 82 70 60 85 83 16 87 30 4 29 77 37 54 24 100 88 72 92 75 1 27 92 72 0 6 99 9 79 68 76 69 66 12 93 29 16 83 86 87 8 9 50 23 67 73 99 13 81 37 0 34 76 70 58 11 58 90 65 95 46 73 51 86 56 30 3 36 18 31 80 19 27 20 76 19 34 60 83 59 43 6 100 61 22 70 99 44 37 70 32 97 29 75 15 59 57 89 77 86 77 31 91 66 79 74 63 21 69 95 44 11 48 76 88 85 16 75 45 70 4 61 32 74 33 0 67 23 25 5 38 100 47 60 25 93 62 93 17 26 29 6 18 76 66 11 56 4 24 93 5 54 18 44 65 33 35 96 53 70 31 28 59 2 82 90 36 52 80 30 
88 75 79 75 26 49 20 99 98 3 75 45 67 92 39 17 94 89 69 69 35 50 9 96 76 38 65 65 16 84 63 41 67 77 22 99 54 55 9 32 94 33 1 46 73 55 67 14 76 70 71 37 51 60 86 53 41 48 76 41 42 48 6 61 49 23 33 46 0 68 34 41 50 45 6 67 36 88 89 99 75 98 41 20 87 28 57 56 57 74 64 28 88 64 42 39 58 80 94 87 84 88 22 41 72 95 77 11 34 49 47 28 15 43 91 38 42 47 86 70 27 40 65 80 3 78 89 79 0 2 51 99 58 92 87 99 94 71 27 58 21 19 53 79 18 79 83 80 5 78 88 54 43 42 18 13 11 62 96 14 52 69 28 3 54 46 63 92 63 65 18 20 1 11 82 23 63 4 94 47 18 94 54 70 24 5 57 5 45 23 55 80 10 37 15 25 99 100 41 32 
83 78 40 5 24 9 8 29 15 39 93 4 25 83 42 31 16 28 90 44 95 42 93 25 21 67 78 17 62 84 53 64 33 42 16 89 23 21 53 45 14 88 96 82 53 50 8 37 47 20 46 47 14 55 42 17 59 46 36 33 59 60 26 11 82 50 76 14 16 79 53 66 81 44 10 73 52 70 6 4 48 63 85 63 26 5 21 23 27 99 15 91 33 62 40 38 79 27 10 74 79 83 15 7 80 64 63 26 75 11 70 23 72 16 7 40 22 92 97 34 14 60 36 47 35 20 85 62 62 88 15 7 37 83 92 44 70 3 20 88 48 17 98 95 95 9 97 89 94 78 23 91 50 77 27 87 84 85 8 84 79 38 71 79 92 23 70 7 30 81 44 94 29 19 83 37 52 80 30 68 68 97 30 36 0 69 15 100 13 63 83 83 45 26 19 79 64 6 67 29 
83 58 95 15 9 58 65 62 56 90 36 63 30 34 85 7 37 34 71 47 42 56 0 1 85 83 84 50 70 72 37 84 10 98 24 48 37 99 43 39 56 75 24 96 95 85 32 2 37 12 30 83 22 81 12 89 22 6 44 97 41 97 98 75 26 59 25 91 84 76 47 67 55 40 20 14 78 37 81 32 51 34 50 79 82 24 31 1 97 100 64 30 69 90 43 40 88 40 89 18 17 76 30 97 43 34 37 9 46 90 62 0 70 56 17 32 22 89 4 55 73 34 67 46 92 37 55 50 66 72 6 83 75 44 76 91 53 25 13 0 99 28 25 48 39 41 25 4 59 23 78 46 37 25 47 19 56 7 71 66 8 75 66 61 98 22 97 96 82 95 63 84 61 81 100 87 58 62 74 23 43 83 25 49 15 45 89 91 90 5 45 18 97 79 80 54 3 8 65 92 
33 31 33 93 81 66 9 84 97 2 2 59 29 15 50 17 44 93 16 22 75 13 3 30 26 5 31 13 69 14 39 12 23 1 99 61 89 42 14 43 81 30 74 65 15 24 54 38 52 50 61 43 39 77 85 35 30 23 1 36 1 96 21 68 69 32 56 18 4 32 90 6 32 5 31 78 97 16 74 52 70 66 88 81 19 8 37 31 92 41 67 81 78 99 71 30 63 1 39 70 56 94 25 6 76 47 13 14 69 39 48 96 63 66 99 13 84 77 15 15 79 70 38 27 13 42 28 81 71 37 14 60 68 32 10 36 62 23 11 42 35 67 31 59 26 23 2 38 71 53 28 35 6 93 55 65 76 62 70 100 60 21 84 49 28 90 64 12 47 54 29 44 35 91 38 81 56 33 81 71 74 19 77 92 80 38 3 43 91 39 8 52 51 96 60 89 88 81 1 33 
88 12 55 0 89 99 76 74 56 44 19 69 16 72 51 72 57 19 57 72 11 36 52 48 64 19 14 5 73 100 28 34 13 9 20 53 11 59 17 62 3 24 2 37 1 30 68 46 80 10 17 26 85 51 57 15 46 63 60 58 12 68 29 90 68 60 30 55 67 56 80 88 35 89 94 29 41 61 26 59 11 41 44 24 59 66 68 26 10 2 92 54 2 63 34 20 15 22 12 9 79 46 86 20 100 73 67 26 66 99 92 77 57 39 82 28 87 81 72 7 86 72 22 69 99 2 3 53 72 82 35 58 54 88 28 0 8 76 32 81 4 46 87 94 17 71 42 43 67 47 55 60 45 59 32 18 0 52 85 68 71 17 66 48 54 84 9 63 26 83 2 33 43 7 92 24 24 89 36 98 51 67 24 57 98 31 65 41 55 56 56 52 36 23 60 34 44 24 68 15 
66 11 23 93 81 92 45 94 15 39 55 56 61 40 47 84 80 99 83 39 63 2 10 71 27 65 38 58 86 32 49 25 87 20 71 75 94 75 99 48 89 53 31 93 29 64 64 8 98 30 95 80 77 59 58 71 44 90 13 25 40 78 74 29 74 44 28 21 33 36 32 61 79 43 47 59 68 63 73 8 51 56 39 94 17 94 85 29 71 70 61 47 75 88 43 40 61 70 53 49 10 89 81 43 17 53 67 77 93 32 96 1 54 40 12 80 2 59 74 50 92 52 43 82 91 4 33 99 41 55 87 24 63 96 58 68 19 47 45 55 74 72 45 92 99 96 66 57 92 75 73 54 4 56 79 33 57 96 2 37 75 77 41 57 34 22 58 12 53 37 82 93 90 52 17 24 18 55 16 94 1 28 66 47 72 38 45 13 47 99 14 0 32 80 79 86 71 35 24 5 
59 51 51 87 1 86 14 99 19 95 20 46 86 77 88 29 1 5 21 64 8 40 40 44 89 24 64 57 3 73 2 23 60 33 63 20 18 81 28 53 26 2 84 97 69 5 53 25 21 8 49 30 26 90 53 44 75 58 53 61 55 70 47 16 66 80 41 16 68 99 65 66 20 48 43 100 74 66 51 64 21 30 72 31 51 36 10 83 19 28 88 77 3 8 22 25 86 8 1 83 71 75 84 7 31 93 14 91 25 45 72 66 4 4 85 42 26 6 1 60 77 6 64 78 36 84 36 68 74 96 60 39 96 50 72 13 18 90 32 10 80 71 40 24 96 45 9 51 77 1 45 57 60 97 87 73 73 12 97 17 16 84 13 91 95 86 98 83 43 57 8 50 19 36 60 48 44 53 69 91 80 76 65 85 86 33 16 48 52 82 27 49 49 81 41 81 44 8 73 92 
100 32 24 8 84 24 9 99 51 23 41 86 40 91 95 80 15 36 64 31 57 70 1 63 45 51 74 0 2 96 24 42 88 79 69 24 12 66 23 100 49 0 98 16 36 7 47 43 18 42 28 79 49 19 18 72 61 13 53 48 57 19 76 57 13 6 81 46 61 20 100 39 15 61 49 31 59 71 56 4 99 40 93 42 23 83 61 31 45 62 45 43 76 58 27 22 66 56 100 22 88 57 92 51 53 84 73 51 71 47 44 93 83 12 59 3 79 80 47 42 84 36 49 63 79 34 23 86 26 68 86 99 9 24 35 40 67 42 86 10 79 33 53 85 25 94 39 59 64 60 80 46 19 51 78 52 34 3 39 2 55 45 16 71 55 86 74 93 28 49 5 75 38 35 48 18 37 44 65 71 4 13 19 93 92 9 51 70 47 32 96 8 24 77 45 20 39 27 91 26 
88 22 41 74 96 65 55 43 85 93 39 9 69 46 18 82 20 82 47 77 7 62 14 53 69 8 59 27 2 8 58 93 3 90 76 9 60 99 20 32 62 52 37 54 80 29 80 47 50 7 31 26 40 30 11 29 70 41 12 30 25 69 30 9 62 10 17 70 27 10 71 86 53 94 94 90 63 75 46 52 46 18 16 70 79 41 1 91 44 31 16 7 44 37 61 51 3 82 48 45 62 18 58 43 36 88 88 99 91 91 51 8 70 71 67 33 42 49 32 75 79 18 100 60 2 26 40 43 83 52 30 22 5 85 67 26 99 4 38 39 98 76 12 14 57 97 44 93 25 0 4 21 46 13 87 77 39 72 45 76 1 49 43 50 60 91 21 80 66 53 89 44 60 11 94 38 74 30 62 89 30 7 95 62 46 86 98 61 63 68 81 81 47 77 83 91 18 27 4 90 
9 24 72 7 97 68 35 91 84 76 99 14 18 91 35 0 52 51 41 57 17 27 19 45 100 56 80 58 17 86 57 71 94 66 62 97 7 39 21 32 46 45 58 19 89 79 41 36 73 40 35 19 2 63 68 85 70 88 61 42 85 69 65 65 67 51 33 8 33 91 14 56 41 63 10 41 14 36 73 38 79 32 83 17 69 89 35 66 25 40 58 70 32 80 68 73 35 23 88 61 96 92 88 83 100 89 93 31 76 23 42 100 78 12 77 77 66 90 85 25 68 0 73 49 27 12 64 29 77 33 35 71 93 12 65 60 29 70 22 89 1 95 7 46 67 74 2 36 13 96 97 89 82 1 14 83 59 0 14 92 1 40 36 32 73 88 28 73 61 50 43 60 81 43 70 43 28 68 96 34 87 44 54 30 8 11 2 95 96 79 72 31 91 60 37 15 14 5 99 57 
40 76 12 79 40 86 87 79 34 71 21 0 29 99 17 82 90 66 47 53 50 98 17 96 78 74 47 31 39 98 26 26 93 72 99 93 77 96 85 65 83 38 33 64 29 89 8 25 54 18 88 62 92 25 24 46 70 6 57 89 94 25 1 13 6 63 89 17 30 40 15 68 71 40 90 61 23 42 91 41 15 49 30 99 78 20 92 59 52 46 24 22 85 81 69 11 61 75 69 73 24 54 42 26 74 97 4 55 19 92 93 89 67 84 18 46 49 52 23 66 99 19 26 99 45 78 73 75 45 77 71 81 1 100 48 33 4 54 52 29 90 43 66 11 24 94 68 31 93 60 60 23 85 46 69 7 58 3 37 84 29 83 23 71 0 33 33 9 63 43 75 84 44 66 80 22 86 23 71 38 8 47 85 73 73 100 64 62 51 35 52 75 85 36 39 77 38 8 43 59 
81 50 5 21 83 35 8 71 50 21 66 17 98 91 4 19 34 73 0 48 14 14 57 26 55 95 56 84 72 42 52 70 52 36 26 44 23 86 65 20 56 80 25 90 90 67 12 33 90 6 67 87 73 10 79 10 23 14 46 31 65 7 45 55 74 43 36 28 42 68 32 79 89 39 90 20 86 84 61 96 13 96 53 39 21 41 95 18 56 24 64 95 85 84 34 72 73 29 34 74 88 34 49 56 22 99 47 76 26 90 10 33 59 23 36 54 82 34 44 32 73 19 34 7 87 69 99 56 35 83 81 0 20 93 51 93 95 4 7 39 11 87 42 55 22 82 34 64 96 29 21 53 74 90 36 61 75 60 51 38 55 47 10 90 100 65 1 16 76 23 45 100 27 41 34 23 33 19 89 37 0 22 56 2 79 23 16 83 69 62 80 52 0 67 34 8 10 65 20 5 
93 19 100 96 57 9 30 90 60 86 39 59 94 93 84 59 11 75 31 7 71 14 95 82 1 77 10 26 42 14 72 67 41 14 58 19 40 64 71 82 97 80 47 65 1 73 71 41 17 41 0 77 25 21 96 42 88 17 58 66 99 85 52 77 62 22 32 46 73 11 76 78 52 54 3 5 75 12 29 24 56 96 12 5 77 66 56 90 37 73 63 42 97 71 63 14 32 45 5 60 32 88 16 36 36 39 45 74 0 96 95 33 69 22 56 100 37 91 48 10 83 6 16 33 19 76 24 65 1 68 31 21 41 19 74 1 58 86 3 64 23 26 68 95 81 37 82 52 47 44 38 46 69 2 61 100 80 78 80 57 15 88 91 9 0 10 33 7 63 6 67 71 18 96 90 14 73 82 52 38 45 81 99 32 47 58 96 40 84 0 49 90 55 5 2 71 21 53 47 22 
81 1 64 58 19 7 82 16 45 100 75 97 57 49 39 78 84 79 58 21 57 22 15 50 4 52 22 7 3 20 83 51 93 0 97 71 49 51 85 16 29 8 16 55 82 70 42 43 94 99 20 34 97 36 81 90 33 45 27 35 90 21 81 36 26 14 47 8 15 6 2 7 38 36 89 21 99 3 42 57 84 26 22 99 84 13 100 13 87 1 32 51 16 40 34 19 10 54 92 23 84 61 3 52 15 17 4 44 6 70 46 45 44 52 51 52 65 80 5 91 82 12 78 80 36 63 24 3 36 83 43 3 13 62 6 77 60 97 69 28 37 66 0 3 12 75 65 77 44 31 24 73 49 47 59 21 27 46 30 0 33 12 10 63 33 91 25 97 24 15 23 61 30 30 46 25 47 20 87 66 76 93 88 96 71 83 89 100 98 31 60 67 80 64 50 28 25 96 86 46 
44 2 51 90 84 2 30 40 42 10 14 59 25 34 34 37 64 61 24 8 67 12 64 79 63 37 23 6 16 25 21 51 80 4 20 44 40 19 89 58 71 88 51 70 52 91 52 4 46 71 53 36 76 88 24 69 89 58 66 98 74 18 21 26 63 50 44 5 78 45 3 10 37 20 17 70 70 41 14 19 67 19 47 47 72 76 38 97 66 26 51 41 56 4 56 18 0 94 76 57 95 8 98 14 56 52 2 27 26 34 34 18 87 50 16 96 66 69 37 93 39 20 56 53 46 87 73 44 78 42 5 26 91 62 52 71 37 96 35 25 52 98 96 41 40 5 28 87 27 21 24 31 25 43 68 55 83 9 55 19 44 83 76 77 90 100 19 6 33 36 78 68 81 32 67 83 30 7 44 88 80 34 67 70 9 36 54 93 40 27 7 86 9 37 15 2 54 16 40 82 
11 49 14 96 93 70 59 64 29 84 69 14 78 49 8 44 53 89 66 95 5 75 60 45 50 4 54 66 97 72 59 30 49 71 82 11 3 42 86 66 90 82 12 57 3 32 82 15 21 64 88 98 50 54 14 76 92 52 21 21 5 36 68 75 38 29 46 60 85 57 41 19 94 100 96 24 65 14 93 77 83 16 21 47 53 86 73 10 59 61 14 81 77 8 2 12 6 64 67 18 50 20 23 44 43 10 13 1 79 98 90 69 95 63 70 95 4 15 83 75 89 14 50 53 35 52 89 75 51 6 92 43 53 38 88 48 33 93 49 46 48 61 60 31 11 80 35 34 22 27 28 70 57 98 51 79 23 61 24 92 32 91 21 92 17 88 75 11 83 5 65 99 90 17 27 54 30 46 19 73 58 52 88 4 25 39 28 0 45 96 40 20 66 58 23 68 12 30 55 31 
16 20 95 85 72 31 63 87 52 26 57 82 9 79 9 44 12 55 58 46 16 11 100 11 14 97 39 80 83 24 54 93 92 33 31 63 39 36 70 2 9 69 36 58 31 0 100 34 40 34 59 41 67 79 95 41 31 5 36 5 13 43 6 100 20 68 48 34 78 29 42 5 33 99 23 59 5 63 26 61 10 85 63 21 58 36 74 13 73 8 12 72 77 70 67 16 22 93 62 23 25 41 82 51 15 74 69 39 49 65 92 100 45 3 19 99 46 75 72 36 4 68 29 41 72 1 74 14 92 49 87 33 6 26 1 63 76 94 2 71 10 39 33 31 43 70 35 90 20 34 55 75 58 53 74 5 14 72 14 39 2 46 49 27 59 74 78 6 37 97 37 12 32 50 20 10 65 95 23 27 61 32 57 29 4 72 78 64 36 58 76 72 84 99 65 81 49 73 52 98 
39 98 48 76 72 10 18 50 21 6 62 59 21 98 71 22 99 84 80 8 73 34 39 81 74 89 78 50 86 80 7 36 4 21 85 82 38 100 70 50 7 28 48 16 77 91 0 96 84 83 61 96 14 59 19 2 80 79 59 42 27 42 88 74 73 92 36 45 22 85 98 11 48 37 24 29 89 0 66 60 92 56 62 0 26 76 79 78 61 24 41 96 94 5 99 26 18 51 36 22 50 79 3 6 11 93 51 20 17 71 16 13 34 86 41 95 46 99 2 0 71 6 96 84 20 53 92 55 22 65 78 100 32 31 99 98 36 57 68 67 77 14 39 39 99 48 28 16 18 61 41 34 9 14 15 70 80 13 19 80 53 1 97 24 45 74 33 29 1 18 33 39 84 83 9 32 23 82 61 78 44 13 1 39 27 96 31 98 50 98 56 47 66 30 70 51 68 17 27 96 
13 99 14 92 3 28 32 56 25 62 48 24 100 27 30 100 94 82 23 16 54 47 15 16 84 59 21 35 7 30 87 7 67 89 68 59 40 57 94 43 93 62 60 75 23 55 47 48 42 63 44 26 43 16 79 9 23 73 18 87 56 91 13 13 74 3 70 60 21 93 94 38 2 70 37 80 66 78 35 57 50 23 65 50 78 44 14 7 9 4 30 87 13 3 36 55 16 88 60 79 24 15 21 60 37 3 68 22 22 53 67 99 21 58 63 84 92 37 91 6 12 75 97 59 93 60 15 4 0 14 60 25 27 64 72 10 40 20 40 82 11 100 17 49 21 5 34 71 8 76 75 26 78 29 40 68 96 19 27 98 65 43 87 99 74 7 74 68 14 73 19 26 82 28 61 33 63 66 30 81 21 72 87 4 35 45 71 96 88 65 89 23 73 60 0 1 94 52 39 38 
55 2 32 38 52 24 53 19 59 56 54 51 15 32 40 1 61 2 92 48 43 28 32 46 30 80 74 77 99 3 99 64 78 36 65 70 82 40 90 86 31 40 80 19 36 56 39 36 76 43 43 18 88 100 8 71 13 55 99 37 67 49 87 66 71 65 68 48 72 5 76 27 66 63 96 53 42 95 8 56 29 0 92 23 65 94 25 2 33 37 29 5 90 9 97 51 89 11 11 35 31 92 52 52 58 11 45 82 33 94 48 1 10 82 44 59 36 7 59 97 73 21 57 36 50 73 87 3 4 50 65 70 10 55 60 76 66 99 42 67 1 43 82 39 97 57 77 29 35 44 68 73 50 7 81 78 79 84 39 53 98 34 70 12 70 78 30 93 8 78 28 22 5 1 14 24 51 99 72 99 96 76 9 23 76 85 81 58 74 57 7 85 12 87 77 89 31 6 88 92 
40 83 88 84 60 55 99 38 59 13 39 67 79 55 62 98 12 69 71 70 96 1 14 96 78 75 83 16 62 10 32 50 11 22 54 12 17 52 40 13 94 76 9 52 87 83 50 51 1 12 86 40 10 33 32 90 10 4 35 99 84 71 14 8 92 14 85 84 83 13 15 56 42 0 87 51 43 46 13 32 76 20 39 91 78 59 13 98 67 29 75 43 54 9 47 79 82 97 30 65 39 89 18 73 67 54 95 55 70 69 63 55 47 31 73 12 72 97 46 3 100 55 31 48 91 14 100 59 51 29 41 89 2 90 63 74 57 23 65 95 54 73 11 55 30 42 58 69 79 25 53 85 41 92 77 90 14 89 5 92 45 73 89 36 69 26 65 13 78 4 22 68 56 70 93 13 48 91 99 47 15 61 34 69 1 52 90 19 81 26 37 97 71 77 44 3 42 79 97 87 
33 70 0 87 3 78 76 7 85 42 10 58 71 34 42 51 100 30 26 42 7 13 33 76 61 69 10 76 96 55 84 63 98 5 57 41 19 62 68 27 8 61 66 82 46 52 29 74 21 48 0 54 36 25 36 49 38 34 39 11 17 44 82 40 25 22 63 79 56 78 12 19 74 45 71 43 90 80 72 79 46 27 38 41 12 15 70 85 90 32 32 8 50 88 3 78 37 14 66 49 78 64 48 22 55 90 84 60 7 96 32 40 63 6 51 98 75 81 14 5 85 53 76 25 47 55 62 75 93 11 26 65 49 70 31 85 65 17 3 47 92 73 25 6 23 44 78 53 92 73 68 18 68 88 92 15 79 93 20 44 66 25 78 45 4 36 82 85 18 20 21 83 38 47 30 4 65 10 30 43 33 96 91 31 76 31 46 87 56 78 71 78 96 58 2 62 85 53 55 51 
24 18 24 71 97 16 50 46 18 9 23 43 95 48 92 94 57 21 36 23 88 95 21 59 45 50 52 28 100 92 19 2 60 51 22 74 76 74 68 86 61 25 50 33 95 20 94 70 79 71 45 31 19 27 84 87 85 99 81 4 37 91 96 46 49 24 41 19 60 21 12 40 76 72 83 14 10 66 4 38 63 33 92 35 1 58 3 6 35 72 61 37 59 49 93 66 13 58 30 3 43 71 97 21 41 59 12 32 85 3 0 71 88 6 67 23 39 16 11 34 63 63 37 90 27 60 46 80 18 48 79 1 50 52 16 4 26 37 82 4 26 72 53 10 28 21 49 49 66 88 25 73 53 90 27 89 85 64 6 73 45 76 65 30 6 9 14 50 77 71 15 72 51 51 87 85 10 30 23 28 66 64 69 88 51 18 1 58 41 59 7 64 95 49 7 22 63 49 63 87 
84 64 75 71 92 86 46 41 44 63 8 50 91 39 77 24 22 56 63 25 62 63 7 40 2 49 89 58 15 25 100 31 94 43 59 92 18 16 43 44 99 94 86 2 35 63 95 63 16 67 50 5 41 10 15 25 81 52 5 13 48 6 88 62 42 25 68 19 24 32 25 73 14 88 18 38 83 44 33 2 60 45 42 3 100 94 68 41 38 35 38 76 52 22 6 91 33 32 94 22 92 31 27 21 28 92 18 97 62 0 19 37 96 64 81 53 56 42 6 100 83 96 77 51 95 93 32 3 19 61 10 52 87 78 20 16 81 95 37 56 28 4 7 0 14 80 23 50 45 16 20 49 23 27 8 20 31 30 15 37 100 17 50 65 36 58 80 63 13 17 38 45 83 70 19 42 66 47 39 60 88 59 51 75 33 0 70 19 85 83 3 76 42 96 85 21 54 63 30 43 
86 62 9 46 94 15 63 36 51 37 6 82 89 96 12 60 100 85 93 79 6 78 36 59 41 13 64 24 44 85 92 72 33 31 100 77 93 54 21 4 59 78 52 17 8 7 6 68 55 100 74 69 62 29 75 61 2 10 40 17 90 81 14 28 63 56 16 32 36 7 69 18 72 75 100 26 74 32 40 25 8 46 74 40 93 25 51 11 86 59 88 14 74 2 58 65 43 74 75 88 35 57 82 40 18 5 67 65 0 0 10 54 69 87 17 72 88 82 90 70 0 12 85 60 42 8 58 10 75 30 66 44 68 52 76 55 23 1 68 53 34 84 56 0 22 71 87 66 98 6 60 18 1 66 38 89 20 28 93 69 54 80 41 69 43 32 100 50 33 7 17 32 36 28 37 84 71 41 14 90 76 10 65 43 88 62 43 58 2 93 1 49 53 88 49 76 23 37 35 1 
60 99 37 98 85 35 68 1 91 83 85 16 55 40 10 22 28 5 76 90 48 48 95 30 91 21 8 28 56 33 4 69 99 55 0 74 42 98 44 93 13 93 61 54 51 7 59 53 28 59 3 86 33 1 54 72 87 72 43 52 33 16 8 80 83 66 35 35 21 11 49 48 45 13 58 91 75 11 60 69 39 60 77 63 68 54 66 93 47 57 4 51 17 94 3 81 36 69 97 25 10 80 74 34 99 92 71 86 46 79 42 32 13 80 41 35 51 80 73 50 56 28 97 87 29 0 54 8 56 98 17 74 98 89 79 13 92 96 8 94 93 63 39 42 32 66 22 75 18 90 59 99 75 62 33 65 38 48 31 36 55 94 21 41 36 60 89 46 18 30 97 19 45 83 97 33 77 13 81 46 63 52 3 32 75 35 96 27 42 82 2 25 18 35 45 78 19 66 58 96 
94 5 50 52 59 78 52 59 99 58 47 81 45 74 39 30 35 97 100 62 66 77 30 68 16 0 81 25 99 49 74 72 4 99 81 100 86 29 22 59 44 84 77 92 4 42 29 11 99 18 60 97 74 17 5 54 1 66 86 86 22 98 36 40 20 98 17 4 21 88 28 61 22 70 96 81 61 30 66 14 72 81 58 93 82 86 32 68 29 84 83 97 49 96 32 2 45 37 38 28 37 79 68 60 46 75 87 38 64 83 99 36 94 34 55 51 32 71 93 95 29 25 66 13 25 54 57 11 85 13 29 16 47 35 6 91 98 56 51 10 74 20 65 57 72 14 46 82 88 83 83 34 78 83 40 76 20 93 40 67 90 62 49 36 39 93 52 99 74 55 51 42 59 27 93 83 85 9 94 59 20 16 2 4 73 7 13 39 88 40 9 50 75 96 47 9 9 48 31 38 
13 91 74 73 26 15 44 39 89 23 2 76 64 16 47 95 19 95 44 99 61 73 37 52 7 85 56 89 28 96 88 18 51 3 78 57 79 17 11 10 17 26 72 60 53 85 51 70 4 2 9 14 42 24 0 22 60 30 44 78 30 61 91 81 28 3 46 13 3 27 25 40 54 25 41 100 58 38 21 61 60 41 64 39 63 34 47 70 35 78 13 24 64 76 52 59 20 3 91 74 99 34 93 58 11 52 95 78 100 94 92 13 43 89 36 65 22 25 80 40 3 18 55 63 88 25 34 34 58 83 58 82 51 6 8 5 70 6 86 3 41 12 52 20 49 89 2 43 58 31 62 27 32 68 33 70 44 97 55 37 88 95 29 52 6 59 12 0 30 78 47 69 41 16 20 65 41 46 35 39 94 31 44 25 86 14 94 44 2 3 90 45 14 35 97 58 15 35 57 12 
99 4 28 29 57 74 94 26 63 96 14 5 56 32 61 19 99 32 97 80 5 86 37 23 92 97 48 80 97 26 47 83 26 0 6 80 72 84 11 11 89 78 28 1 61 18 1 86 91 92 85 15 77 40 98 32 36 96 5 12 83 29 90 67 59 96 78 74 12 97 79 13 70 35 14 75 5 38 13 1 76 36 97 70 66 92 4 30 35 96 71 67 67 81 96 59 70 18 40 79 15 34 81 59 11 57 12 74 31 1 42 19 13 41 67 62 9 18 45 88 57 62 23 99 40 90 65 39 97 16 72 1 27 23 78 11 88 58 43 55 22 58 58 21 71 4 98 48 24 42 60 84 25 59 12 66 10 32 52 13 99 99 13 78 90 16 89 70 46 32 56 77 38 23 52 87 53 80 41 78 71 67 46 43 48 60 24 4 39 77 30 29 17 100 6 80 60 30 7 89 
25 56 50 56 98 0 38 87 14 62 40 24 79 5 91 37 62 2 12 57 71 97 68 26 82 36 19 3 31 6 30 4 64 31 68 14 1 62 11 4 85 14 37 13 59 57 65 33 25 23 8 41 2 64 24 36 20 3 2 2 78 73 35 62 40 22 29 22 35 43 69 71 54 91 75 38 37 79 66 53 23 99 88 77 9 65 86 10 86 64 96 8 70 83 83 74 38 36 59 24 4 50 47 1 12 61 11 3 42 65 88 36 82 24 93 1 27 89 60 30 53 28 33 52 36 94 10 72 84 52 29 65 3 66 17 3 31 88 67 91 29 29 89 65 42 80 68 82 6 30 26 41 22 13 97 13 27 5 47 7 89 58 49 14 65 85 16 37 16 41 67 28 1 54 26 68 53 21 29 25 0 99 87 72 22 19 74 77 5 50 5 8 5 65 49 48 10 80 15 80 
93 4 8 53 69 35 36 97 61 6 63 3 49 84 44 35 92 9 34 92 100 38 54 19 5 75 32 17 7 34 27 33 66 96 19 42 63 81 54 99 18 61 21 38 7 28 74 76 52 18 59 32 49 55 84 45 48 31 78 87 66 1 68 30 86 53 3 61 69 99 26 73 68 64 4 22 71 77 78 72 93 26 13 14 84 78 68 0 56 86 57 53 7 96 55 1 93 99 28 56 51 2 99 87 19 50 53 0 9 71 57 28 24 23 96 52 46 81 12 38 71 20 66 11 2 90 60 50 17 87 64 28 77 32 26 17 41 46 88 87 20 35 68 17 68 66 58 4 76 74 70 49 10 70 66 94 35 68 63 29 82 24 8 97 50 22 79 8 88 8 21 93 27 71 31 14 14 59 51 1 5 50 15 62 43 44 62 47 92 55 22 50 85 34 16 95 72 92 24 52 
73 0 9 64 3 47 15 45 42 5 89 43 37 72 54 3 100 19 68 6 89 29 99 0 22 12 76 7 37 95 55 20 47 94 43 37 42 78 94 67 61 29 53 97 4 46 19 3 61 93 1 20 83 3 32 99 18 26 87 84 77 63 23 97 79 22 6 32 95 71 70 16 42 34 61 39 96 62 68 27 20 37 75 58 38 4 9 8 46 72 39 71 64 3 2 87 10 29 84 57 28 98 17 2 64 31 3 58 91 86 79 78 48 69 97 99 32 20 54 2 23 100 84 100 40 34 21 46 69 34 20 5 96 27 17 21 96 99 39 66 82 34 93 65 67 5 73 82 36 26 21 31 26 89 89 21 19 79 94 55 12 19 93 50 54 39 89 62 89 87 8 6 88 81 72 44 6 53 43 59 13 57 58 30 16 71 67 27 100 66 69 90 28 48 58 29 1 14 68 33 
16 74 81 46 99 19 96 99 90 61 83 22 69 64 57 46 59 51 45 32 17 23 3 25 95 85 8 49 8 11 38 61 16 2 31 16 21 18 78 10 59 98 0 86 34 7 12 67 75 22 84 26 30 85 43 75 99 21 93 77 80 71 16 32 60 27 69 20 36 88 20 77 83 77 95 60 77 90 97 79 88 72 14 8 99 88 49 58 83 57 76 26 27 89 75 80 20 6 48 58 30 37 45 4 99 75 26 56 11 35 3 86 35 21 58 65 45 67 98 98 35 80 38 36 69 51 42 45 72 93 56 31 45 38 30 67 82 1 53 55 56 22 39 32 86 19 30 12 49 27 26 43 35 9 56 58 11 96 10 69 2 66 98 52 57 41 100 86 44 95 35 98 55 3 54 55 45 79 53 55 95 92 60 53 89 76 91 85 30 89 43 91 37 19 56 88 35 71 86 83 
76 10 27 100 8 18 8 21 71 69 48 48 48 88 33 55 59 57 42 73 1 16 41 77 21 95 90 7 10 61 38 21 24 44 30 20 55 32 74 71 79 0 94 69 28 62 22 14 11 55 7 49 39 99 2 22 28 18 76 32 61 3 45 85 2 36 30 62 79 91 70 99 37 88 51 34 58 3 70 42 89 81 82 85 12 2 50 74 45 33 11 42 36 5 72 98 56 77 50 58 12 11 10 67 30 57 49 81 69 72 82 17 59 83 28 22 55 2 96 73 88 6 2 33 28 80 66 70 46 39 50 96 97 69 87 16 75 79 76 81 26 83 58 18 66 73 0 9 4 9 53 58 81 32 67 46 95 23 63 39 33 64 20 29 76 47 65 79 10 89 97 63 57 92 18 75 41 22 3 65 62 2 98 28 85 67 100 67 31 10 90 28 20 33 5 37 29 64 11 64 
79 85 74 72 56 46 33 53 84 56 22 87 56 95 30 69 79 70 76 42 92 100 15 31 57 84 87 17 44 99 38 5 91 59 61 81 35 39 57 55 50 51 57 19 7 67 55 39 68 1 49 26 79 9 44 11 10 53 1 51 94 28 27 100 62 75 24 18 20 32 17 24 85 89 12 35 51 49 45 98 34 76 100 44 60 54 17 61 44 36 44 90 43 26 75 19 75 87 15 89 14 61 4 82 50 65 17 27 67 43 27 4 30 93 41 21 55 14 99 67 59 92 92 61 64 20 46 28 61 29 43 35 60 51 11 91 10 91 79 12 71 32 15 77 46 91 11 28 13 63 35 68 88 67 46 34 66 60 66 64 3 5 86 43 84 55 31 24 59 47 40 90 1 12 5 52 1 77 29 98 45 12 79 43 39 100 30 84 9 27 25 87 80 36 18 68 46 52 53 98 
81 27 19 36 20 57 65 32 23 65 17 40 11 75 96 15 46 43 80 79 0 19 3 43 87 69 17 13 66 64 23 71 15 72 34 6 29 70 87 75 21 10 69 93 38 76 65 51 94 41 57 92 99 19 29 40 25 50 60 47 61 10 94 28 53 33 25 37 98 6 100 87 97 86 50 43 79 2 42 64 11 21 11 64 88 72 8 48 95 49 21 13 50 90 20 99 89 90 33 13 65 37 70 9 60 91 91 5 53 71 33 95 51 51 62 79 68 79 96 70 19 89 96 32 18 3 99 23 57 100 38 58 26 57 89 1 10 77 48 86 27 50 72 16 95 54 98 2 56 24 86 7 39 71 52 43 3 37 25 91 62 85 69 65 80 41 74 61 8 86 33 99 28 75 96 77 31 81 98 44 38 84 89 69 3 12 86 41 29 86 34 75 76 14 83 4 39 49 90 71 
7 57 40 58 61 45 67 48 52 0 70 18 6 13 57 38 95 17 39 69 35 92 68 90 98 36 35 27 26 93 22 16 14 10 25 88 72 1 60 57 49 95 67 72 94 28 93 31 14 0 72 35 33 96 73 7 7 92 77 69 62 35 91 27 41 98 47 89 23 65 10 27 81 15 89 33 44 97 27 56 66 20 88 0 29 1 78 43 0 75 10 21 57 52 71 58 25 28 52 19 88 84 16 40 89 78 61 51 19 99 87 42 96 92 22 8 9 24 19 9 40 0 27 76 59 21 59 6 77 23 48 64 28 24 1 69 51 47 21 89 56 67 99 36 23 7 30 49 62 81 32 73 17 29 36 63 39 60 73 56 45 17 26 40 15 42 53 53 71 59 81 96 81 72 62 29 72 12 93 17 91 18 39 59 51 89 42 0 1 20 84 55 83 90 36 51 18 82 30 38 
41 59 73 83 54 16 95 29 36 9 13 35 50 11 86 38 9 38 77 43 18 72 73 85 49 68 76 64 3 97 75 32 2 79 46 85 24 57 31 75 65 53 15 55 77 92 100 18 7 6 11 41 43 54 22 18 1 64 96 84 23 33 1 60 31 57 21 77 51 75 83 48 31 94 37 79 50 94 31 3 7 50 83 37 82 45 2 83 61 99 82 89 31 16 76 94 59 7 48 79 43 49 90 59 50 15 71 5 83 4 89 80 23 94 37 7 61 77 33 100 34 87 93 16 8 20 96 31 99 1 22 96 89 100 3 94 60 86 68 36 92 77 67 22 47 20 20 66 41 77 61 62 1 52 54 60 1 16 97 61 81 28 7 83 98 87 82 70 30 46 76 61 38 33 95 84 44 14 21 79 97 57 11 71 90 53 70 66 34 29 22 28 1 86 5 71 70 80 93 32 
67 87 19 59 12 67 34 56 63 61 21 75 33 86 65 75 74 26 99 13 25 100 74 26 28 67 46 12 43 31 78 27 61 100 98 72 31 58 14 94 77 85 84 66 88 45 32 67 91 70 36 31 58 92 57 61 79 36 6 87 66 75 49 7 32 26 4 50 88 3 56 70 1 39 44 40 41 81 44 3 95 90 60 93 32 72 65 65 58 73 70 19 83 46 80 56 57 46 44 82 23 12 87 99 49 20 50 18 2 24 85 60 4 95 25 67 49 86 59 26 55 38 97 83 62 97 92 84 87 86 45 88 28 11 8 60 67 31 92 42 51 51 56 67 72 23 58 96 45 84 46 87 33 98 41 94 67 64 100 65 16 32 18 74 43 86 34 100 73 29 90 33 73 77 87 68 98 93 68 99 85 27 72 44 9 18 47 32 76 90 19 98 68 21 97 8 28 43 21 80 
26 77 24 52 22 30 10 26 17 54 16 64 42 14 14 10 40 55 22 67 71 20 13 24 23 77 95 57 20 78 1 29 96 14 71 81 30 60 75 39 91 1 90 39 7 9 27 73 14 59 66 27 35 99 83 45 39 38 74 53 14 43 7 51 24 31 33 64 25 11 43 77 98 2 37 48 63 83 83 62 67 52 0 34 8 55 41 47 25 76 18 63 80 3 44 15 62 97 16 58 60 25 36 70 98 22 43 4 67 0 17 9 65 65 30 26 14 35 80 37 53 49 59 42 95 65 76 20 45 60 55 18 14 3 91 59 0 21 5 84 93 6 39 93 43 43 55 82 75 18 81 88 63 47 25 29 13 1 46 28 58 39 13 81 6 88 10 52 75 77 66 78 35 17 66 37 7 74 83 58 74 14 84 56 23 65 17 49 28 85 41 56 76 99 9 60 35 11 23 88 
63 53 92 23 80 99 84 83 51 81 14 1 14 63 82 99 4 79 45 24 43 47 55 67 47 7 85 57 2 0 11 21 35 77 7 29 3 51 65 94 74 6 24 23 34 97 0 2 6 78 2 46 3 44 85 20 12 32 72 20 0 3 58 58 41 33 66 65 52 9 89 8 100 42 55 98 42 32 27 86 44 68 60 24 99 88 85 10 47 6 44 55 31 5 20 1 69 28 34 75 86 38 89 33 100 44 85 80 50 64 60 70 90 55 29 19 10 21 69 52 23 41 43 4 36 93 28 95 81 88 12 89 13 78 77 9 12 57 46 43 58 42 53 87 53 80 94 15 56 23 77 26 94 53 66 13 92 75 96 95 66 2 3 84 92 30 25 14 82 1 78 99 38 98 99 9 62 53 60 71 36 31 74 73 80 100 66 10 44 30 82 2 26 35 24 47 70 92 32 65 
10 14 40 99 67 50 95 49 35 36 51 27 91 92 98 69 3 66 33 23 56 70 49 96 21 8 24 69 61 42 89 45 11 50 36 5 57 42 62 17 23 85 7 88 50 100 24 50 9 48 62 94 25 20 58 25 98 9 37 43 16 81 98 58 69 3 39 39 69 86 16 48 73 95 87 75 94 5 1 29 11 21 87 29 36 6 15 17 50 84 39 68 49 11 95 46 81 21 98 32 100 71 84 57 30 53 17 49 1 61 83 25 72 76 100 59 68 33 83 83 45 83 90 57 88 71 95 10 46 31 95 62 78 79 29 49 99 92 34 79 27 0 74 20 44 18 96 93 84 46 42 9 43 69 74 88 72 79 66 11 94 10 19 76 60 86 83 24 54 28 99 40 26 78 40 79 97 33 96 79 67 26 91 68 83 97 97 87 22 21 93 86 86 57 27 40 2 86 94 81 
65 80 77 99 42 72 48 21 74 94 86 10 91 86 56 96 11 74 70 100 28 37 50 72 61 37 56 1 4 20 88 30 59 55 99 82 25 99 39 95 39 6 90 32 49 52 82 83 33 6 78 30 23 30 44 97 5 96 41 25 72 56 56 69 95 73 26 46 82 80 82 100 23 55 6 81 40 8 48 33 14 47 76 51 91 0 40 72 88 14 6 3 42 48 25 67 76 51 77 52 32 45 76 55 86 21 30 76 36 69 47 48 82 1 4 49 31 24 9 84 29 70 39 91 8 72 86 12 33 52 66 15 72 37 72 72 23 10 48 28 10 45 66 36 36 98 30 37 56 97 44 20 4 95 99 96 60 13 19 96 13 40 45 18 69 75 97 9 17 25 28 88 65 80 39 21 1 37 87 9 74 23 12 37 83 32 52 48 19 32 31 36 68 83 63 59 81 20 50 12 
46 44 14 37 12 75 50 37 9 67 24 30 22 50 69 93 53 61 63 47 14 69 18 24 56 7 60 43 38 63 7 61 15 73 63 77 16 42 41 62 88 16 88 50 73 29 18 51 93 26 33 75 50 26 80 1 10 57 66 51 23 23 36 26 59 64 46 36 73 66 32 42 60 91 100 85 71 15 44 83 86 74 34 57 8 59 85 77 49 85 36 67 37 73 3 20 88 41 91 58 4 49 98 27 96 62 58 9 98 45 96 82 67 95 7 48 25 65 74 64 17 69 54 57 32 10 90 29 1 26 99 22 68 59 49 96 67 95 67 6 66 32 52 56 4 32 9 43 82 62 31 6 87 24 98 6 90 70 22 41 62 87 53 3 67 84 8 56 55 20 55 51 0 5 3 39 35 72 3 14 63 75 51 21 74 0 65 29 53 57 58 80 89 49 81 98 69 19 93 95 
99 98 53 60 36 3 39 66 94 25 15 23 3 69 50 50 78 97 26 40 14 65 29 39 7 9 98 78 19 43 35 31 71 47 93 10 45 12 1 60 1 26 33 69 65 1 6 69 98 91 42 35 95 15 32 11 1 92 54 86 9 34 65 96 28 70 27 62 85 64 77 89 71 39 51 96 8 70 100 58 57 74 82 93 65 51 36 82 71 97 38 2 15 94 0 75 76 21 88 12 75 85 5 3 14 49 63 75 83 75 14 49 68 66 89 63 74 93 60 26 89 8 80 7 62 61 16 7 10 80 12 53 49 67 96 92 84 72 27 27 84 14 24 27 11 51 44 59 28 19 32 41 67 81 80 23 44 28 17 33 13 75 93 36 31 83 9 19 3 33 33 73 62 17 79 78 81 39 48 88 69 87 77 30 8 30 80 42 78 76 33 19 97 36 77 19 71 36 72 6 
34 40 67 77 88 8 5 15 21 82 32 58 92 1 50 66 75 44 29 34 83 19 61 51 69 84 99 23 86 13 88 27 59 63 86 31 70 64 52 92 70 86 37 56 96 21 100 21 23 98 54 49 45 22 42 15 19 63 0 16 82 42 19 80 8 64 97 40 70 10 61 27 78 13 38 95 61 51 78 40 1 53 97 84 15 49 30 22 19 24 45 74 25 78 86 90 17 90 77 97 85 56 74 40 34 17 29 18 69 44 57 56 23 6 14 62 84 34 86 82 6 99 82 25 74 26 90 27 50 73 13 26 66 59 61 17 66 14 90 65 79 63 16 6 2 12 77 66 64 67 85 0 69 9 44 99 93 69 60 6 7 25 60 46 29 5 43 14 73 57 48 27 20 69 65 42 43 47 88 80 67 85 10 32 53 84 58 88 18 53 94 37 32 90 52 24 15 93 45 74 
60 42 75 54 51 16 4 72 82 13 78 58 26 55 16 96 100 71 15 15 9 43 32 15 7 48 98 42 32 8 23 98 36 16 94 51 84 10 0 31 72 0 6 69 23 82 80 67 26 32 40 37 3 49 67 30 76 60 71 40 77 11 18 37 25 28 70 82 3 93 3 21 11 69 33 32 64 11 94 13 97 43 14 49 86 62 7 68 12 66 59 31 54 46 27 35 6 42 90 34 25 74 62 97 48 28 27 52 88 87 70 11 96 47 29 28 82 87 2 98 84 55 38 23 24 31 35 97 59 38 13 82 50 10 68 20 98 86 44 57 86 4 4 71 13 39 29 93 89 80 15 27 78 87 98 21 11 9 0 71 89 48 84 54 43 18 4 70 38 53 37 81 2 70 26 70 73 93 20 64 76 4 22 66 94 63 60 40 26 98 73 48 65 74 61 60 92 65 31 98 
4 65 49 38 38 6 97 23 46 37 3 28 4 2 24 23 1 45 75 36 34 52 85 46 58 13 73 38 5 48 62 34 90 12 83 85 33 21 9 55 27 38 100 51 76 94 28 16 50 29 77 21 60 34 79 81 94 11 58 62 30 59 31 42 15 12 26 2 71 83 77 13 17 30 75 49 57 39 57 3 53 76 71 52 35 42 94 70 86 68 38 31 15 87 55 0 72 89 28 33 17 83 89 34 63 86 92 53 76 48 50 4 92 22 23 63 11 86 59 32 6 67 43 30 31 71 69 28 69 100 55 62 93 42 87 98 54 17 53 8 45 100 49 33 7 77 95 82 80 87 51 3 27 84 17 29 97 91 35 44 56 31 21 34 8 78 57 63 7 60 10 99 68 6 40 82 5 2 23 23 98 21 49 44 35 70 31 48 92 84 33 73 72 63 61 28 72 1 45 82 
24 64 58 66 35 83 87 64 57 100 9 13 95 19 52 44 17 95 26 14 50 62 80 41 49 83 71 71 49 62 30 24 88 81 45 13 66 10 16 59 56 6 0 92 14 45 30 10 99 3 23 54 94 29 96 15 78 16 47 60 96 69 92 11 63 33 95 64 52 73 49 73 2 59 82 68 7 43 48 24 76 58 68 39 45 4 14 4 7 34 67 60 10 35 89 30 17 10 71 51 80 55 84 98 50 34 15 72 43 80 3 32 55 17 70 76 20 36 64 94 17 24 44 24 27 24 4 38 51 62 54 6 76 35 99 23 87 88 98 72 86 99 72 27 68 90 86 19 57 74 11 52 83 66 97 11 16 29 94 37 59 42 29 78 22 49 76 1 78 25 56 29 28 32 15 87 89 8 36 55 87 74 53 45 22 2 30 96 56 18 42 41 31 11 41 40 9 100 21 61 
37 33 27 24 15 15 53 65 10 9 66 23 39 83 11 58 100 37 94 44 40 5 11 22 76 3 26 83 94 69 77 44 10 68 43 76 78 40 16 84 19 21 96 5 54 43 40 8 26 67 71 40 38 37 59 82 18 29 58 85 83 7 51 74 32 94 18 4 18 64 32 51 10 18 32 42 78 51 99 76 50 45 61 59 88 92 69 35 73 77 3 18 4 25 32 61 73 36 60 37 63 18 25 63 90 79 74 35 53 15 86 76 38 96 84 32 91 98 22 40 1 80 84 69 7 62 54 78 47 61 17 95 9 61 17 14 81 11 77 18 58 93 92 99 21 87 28 54 42 98 22 43 5 7 53 100 95 46 13 1 3 42 32 60 62 64 83 84 99 8 81 78 73 100 45 0 6 84 40 86 58 50 89 79 82 10 74 58 25 22 52 60 72 57 74 10 76 100 86 3 
19 73 78 100 27 78 45 98 48 86 96 6 92 87 70 99 91 88 85 25 97 63 89 84 79 79 28 29 10 90 78 55 34 2 69 100 60 49 80 79 52 14 70 34 31 59 98 12 15 99 2 16 56 29 39 17 72 70 56 74 17 36 25 13 20 77 33 49 2 78 4 86 70 39 24 15 78 92 14 56 11 41 14 26 99 44 76 94 97 33 78 9 74 33 58 80 8 91 45 22 41 71 54 85 18 81 58 44 39 57 65 83 29 58 45 16 24 31 32 12 98 91 15 35 76 20 22 44 94 6 18 54 18 100 25 24 35 72 82 69 23 61 31 39 93 20 78 48 16 20 36 33 12 53 52 3 19 46 19 20 7 42 31 54 80 99 25 8 7 95 13 36 19 55 11 73 25 56 90 45 21 15 86 13 66 20 49 44 46 64 91 27 60 87 77 53 1 31 17 94 
96 73 15 91 51 100 35 99 8 3 100 59 93 74 20 66 30 96 92 36 77 62 64 59 40 76 93 67 25 61 15 12 34 6 27 11 63 96 19 55 65 3 96 11 91 84 73 49 59 26 46 49 72 71 25 39 92 97 92 17 73 54 100 55 12 10 76 17 52 5 80 58 17 24 40 11 50 7 42 85 76 13 53 46 44 60 24 57 24 31 5 69 14 25 49 39 73 90 80 50 48 7 100 97 62 59 14 9 76 10 88 4 94 95 77 40 13 57 16 4 67 46 38 18 84 26 50 29 50 75 93 31 2 64 48 68 75 24 40 88 1 72 66 52 26 20 35 47 17 39 83 67 10 43 67 2 94 26 98 61 84 45 10 19 70 77 55 75 19 89 67 91 72 24 52 18 9 13 97 49 57 15 33 59 27 87 65 18 39 66 86 35 33 41 81 97 44 49 50 97 
88 43 29 39 10 61 90 75 28 57 84 92 26 56 94 7 22 62 30 62 46 39 45 53 37 80 32 52 83 58 56 60 62 24 80 54 69 24 98 0 47 31 62 81 1 33 94 38 99 9 93 18 78 58 87 80 73 40 25 44 60 59 58 20 84 22 21 90 31 32 56 4 3 33 22 12 10 66 35 51 13 45 35 17 49 15 47 49 38 80 70 27 18 94 23 24 19 21 39 26 96 7 35 68 86 11 90 7 9 56 98 59 31 64 37 9 12 22 21 74 28 13 57 1 22 100 71 46 100 62 88 1 66 98 57 23 65 66 27 41 77 80 86 77 42 53 95 43 39 87 10 99 26 98 9 72 34 57 64 27 44 50 91 75 53 22 30 33 45 95 83 7 90 87 28 88 47 84 46 49 94 38 0 57 76 37 94 67 100 24 18 81 34 62 5 95 43 83 28 95 
64 28 34 2 66 9 49 50 97 80 42 46 61 48 92 15 59 39 70 22 30 66 47 68 35 84 27 15 0 73 21 71 36 12 42 58 37 69 10 28 50 0 46 49 6 25 41 82 24 2 96 76 54 85 35 18 25 60 0 17 79 14 20 12 51 56 26 14 88 66 49 19 14 6 87 69 13 87 66 47 91 54 37 83 22 36 58 23 67 24 84 26 72 97 83 100 87 77 17 81 7 42 83 66 32 1 9 37 80 90 49 4 44 11 99 73 54 65 80 52 81 68 81 54 90 57 62 1 29 10 36 35 92 86 86 47 0 44 79 72 9 90 57 81 58 45 71 2 43 68 74 70 15 9 10 62 81 57 5 82 89 94 91 26 64 28 51 97 35 89 34 17 96 39 16 65 100 62 11 92 14 75 36 24 7 47 15 87 12 9 29 87 78 94 66 84 45 75 84 0 
22 100 86 97 46 53 73 92 14 18 56 7 41 28 53 65 25 78 2 32 96 31 57 22 50 86 46 34 30 4 30 10 77 76 65 93 60 28 36 60 86 78 38 59 72 0 44 40 23 19 31 30 57 11 16 40 84 77 69 53 3 66 10 61 59 79 96 32 98 44 91 65 22 2 49 33 69 82 67 16 42 82 39 2 39 75 49 9 85 82 47 83 75 78 20 25 20 12 80 33 29 78 20 84 48 30 2 98 100 9 33 68 54 42 72 100 86 37 0 25 59 41 55 87 7 73 79 47 86 13 27 80 76 96 42 30 5 89 73 95 53 34 8 3 38 23 93 49 0 0 72 66 2 1 47 11 47 6 1 38 49 60 89 87 54 37 59 35 96 73 30 33 90 10 45 18 36 87 68 55 54 44 98 69 93 48 10 50 43 24 27 44 12 27 18 40 54 19 92 69 
22 93 89 89 96 18 90 52 65 14 38 26 94 13 57 91 51 23 43 1 71 26 67 83 53 83 97 54 42 4 35 5 78 100 99 58 37 22 33 97 60 34 77 82 16 58 38 72 70 68 58 86 12 29 86 31 15 82 16 10 7 29 10 31 78 76 35 21 71 32 23 72 70 22 19 62 27 78 65 4 10 62 84 82 98 43 86 48 70 35 34 82 46 70 76 23 56 71 92 4 36 6 62 42 7 46 2 56 36 63 68 38 20 74 32 91 28 47 58 59 38 24 25 64 76 55 68 6 17 44 84 32 34 99 50 22 11 79 30 55 99 22 29 44 53 54 40 67 21 57 58 13 2 95 23 73 0 38 98 42 49 45 18 65 61 34 16 6 22 88 0 41 86 47 54 100 95 18 6 57 34 88 83 9 33 57 2 1 86 1 89 20 39 81 44 86 46 98 15 9 
58 37 20 3 19 55 68 60 25 28 57 20 88 17 16 34 58 88 73 96 55 100 58 67 7 31 44 97 75 94 8 97 20 93 50 90 55 5 69 75 45 72 41 20 39 47 74 50 68 68 79 79 90 31 52 99 70 20 49 52 65 48 62 45 50 61 10 100 96 15 82 69 67 58 19 68 28 61 11 6 10 36 95 0 64 53 90 82 47 74 55 9 92 40 15 91 29 41 47 41 97 25 53 92 13 67 45 77 8 74 44 50 31 66 97 92 72 5 86 8 100 61 46 11 46 89 29 21 71 72 81 31 92 41 62 96 41 32 25 28 35 97 99 73 80 63 51 76 31 73 7 43 89 79 16 14 42 46 99 52 38 80 91 4 8 71 46 86 44 54 75 1 36 66 36 77 12 98 28 91 69 3 73 67 62 43 100 40 61 90 89 22 77 84 79 27 87 38 67 76 
17 43 1 44 12 2 8 61 92 15 29 10 10 14 30 18 30 24 40 92 60 64 32 28 16 45 56 57 82 67 46 56 42 36 11 17 25 8 42 87 95 0 27 59 18 40 50 17 7 26 95 42 30 98 50 1 50 28 41 82 57 56 94 91 92 94 54 55 7 52 33 18 44 80 99 86 13 80 14 8 54 86 64 2 37 48 26 30 64 6 16 80 85 3 60 92 63 1 100 82 73 52 32 25 64 71 43 17 14 75 98 19 31 54 61 4 96 85 30 11 93 46 29 93 82 89 69 76 22 13 77 44 43 60 94 44 78 63 73 87 52 72 12 78 19 47 99 42 29 35 71 38 9 39 96 94 72 39 59 27 57 5 98 25 26 60 38 58 8 62 41 67 36 89 59 21 37 59 84 12 93 87 83 37 84 78 64 74 1 90 90 29 94 51 56 66 73 99 40 2 
16 72 0 23 34 75 48 72 54 72 39 41 16 5 68 31 10 97 21 65 14 56 40 66 45 73 72 20 45 77 27 31 2 19 70 48 97 69 17 4 73 87 4 60 0 37 7 47 27 51 38 39 31 15 87 35 30 96 50 10 67 14 20 37 91 99 79 2 96 69 74 8 22 52 79 25 28 95 17 7 80 69 5 9 18 47 35 58 15 68 8 34 98 91 46 31 17 88 51 86 32 82 98 47 61 27 74 62 52 88 3 95 76 70 21 47 5 23 49 16 56 25 32 53 78 26 100 90 89 97 91 74 54 84 71 2 99 42 1 69 75 77 85 4 85 16 33 30 15 10 7 78 68 39 60 98 3 68 0 16 15 6 86 80 93 50 12 14 42 59 100 100 99 7 44 61 53 66 12 22 77 81 78 37 99 52 45 70 79 3 20 87 35 38 18 82 13 31 62 88 
72 25 76 58 16 94 39 4 84 48 36 49 76 43 22 17 88 65 9 56 3 77 74 8 97 8 22 3 49 85 96 24 29 79 43 58 30 58 62 28 23 24 8 17 13 85 66 68 35 27 66 3 22 2 53 87 55 72 23 59 23 54 14 54 46 3 38 84 91 3 14 74 30 48 98 4 56 8 73 52 81 86 57 52 61 77 8 50 72 94 52 24 26 21 5 62 23 40 3 86 83 16 78 75 90 69 88 55 65 88 20 63 89 86 82 27 61 31 8 45 58 35 47 13 69 46 98 65 32 28 42 16 73 56 12 43 91 7 9 60 32 17 57 5 21 21 17 57 94 70 13 92 35 36 60 10 44 45 2 43 33 46 92 81 92 18 17 0 11 93 2 67 85 4 74 62 85 97 94 33 2 23 27 89 67 12 52 1 21 82 94 78 83 74 68 98 28 55 40 92 
31 11 37 98 32 71 15 72 27 46 42 4 68 16 39 95 24 56 68 5 76 3 40 14 21 35 38 58 43 50 34 9 71 71 32 85 42 19 22 78 12 37 90 17 31 74 71 1 26 73 31 48 41 95 17 65 77 25 13 12 59 56 83 32 66 54 86 79 98 72 88 15 80 18 95 79 23 66 94 76 42 45 0 77 37 25 88 73 10 16 29 71 33 80 51 68 99 3 8 92 16 99 18 47 30 17 49 4 41 75 48 91 45 20 19 90 6 72 40 42 97 89 5 1 59 41 58 66 18 22 99 92 78 84 91 53 10 2 54 22 48 44 34 29 44 17 36 20 79 80 20 73 31 83 2 55 97 58 18 45 55 46 78 38 31 84 11 22 40 37 92 29 9 47 49 40 12 4 23 50 35 68 66 77 9 56 60 85 57 82 95 79 87 10 91 54 76 65 17 63 
44 65 26 25 22 58 62 98 71 85 64 35 64 48 73 56 70 61 74 52 28 6 82 40 23 74 64 75 70 47 93 84 61 89 64 98 12 28 89 81 16 6 27 31 77 3 14 37 69 13 59 48 47 52 49 44 34 28 18 6 43 34 60 47 76 15 4 76 18 39 85 81 46 4 67 55 95 3 35 69 100 2 53 48 25 74 43 5 60 11 65 80 81 73 20 60 70 70 30 1 25 39 36 24 75 14 30 93 64 22 24 3 61 35 81 33 12 42 70 54 53 99 95 54 100 92 17 86 28 74 71 68 76 98 76 90 49 39 46 63 86 100 51 74 99 78 11 36 10 82 74 53 0 50 57 58 35 73 69 79 49 14 11 13 20 99 54 88 43 95 50 13 73 24 2 85 19 60 73 28 13 70 31 28 72 58 37 13 77 2 85 68 97 22 86 62 76 55 66 73 
76 58 40 45 17 23 10 1 81 72 86 50 92 54 75 73 42 68 34 78 93 18 81 77 61 89 15 23 98 20 94 46 32 6 64 48 41 79 14 32 22 61 41 28 39 93 26 14 5 82 81 56 76 19 53 57 53 21 10 33 39 42 80 72 39 58 78 95 98 12 86 56 32 67 84 65 34 40 49 98 42 60 83 3 53 81 4 86 79 16 76 6 100 9 29 33 43 19 95 87 71 14 36 45 22 91 69 13 84 99 22 47 41 69 88 76 6 21 12 80 93 3 70 8 88 30 65 55 50 74 100 95 12 72 12 22 91 4 5 81 37 11 79 38 58 2 65 29 38 75 96 93 51 100 84 77 74 100 78 14 14 19 8 65 1 24 20 81 29 62 24 15 26 16 17 51 25 14 33 98 73 13 37 47 20 44 69 60 98 89 61 37 7 89 78 58 11 75 67 98 
3 16 35 6 30 57 30 86 78 87 66 99 93 62 19 64 26 30 22 61 41 79 30 15 95 51 69 33 81 51 13 10 39 36 25 43 27 51 48 76 84 85 91 87 34 80 52 62 72 24 59 9 8 55 94 81 26 95 45 9 63 53 1 17 27 9 61 46 42 54 40 58 85 93 38 54 51 54 22 80 64 36 43 48 48 76 10 23 29 1 31 91 19 62 21 65 93 52 27 59 32 75 77 39 93 91 1 100 49 5 68 2 38 71 52 44 100 61 97 31 67 11 46 84 85 75 70 69 2 10 78 67 1 80 59 98 26 94 33 33 72 24 32 52 80 44 48 53 86 77 96 48 10 23 42 70 25 21 30 64 98 68 40 22 91 24 44 86 56 17 46 22 5 100 81 33 42 33 76 26 53 81 83 73 38 60 9 21 90 47 86 19 17 79 84 36 83 43 91 12 
93 39 30 9 40 29 55 3 20 36 32 48 12 3 27 91 41 3 93 49 53 30 73 68 35 29 10 46 68 90 43 96 19 82 11 37 60 2 94 31 60 30 70 41 3 20 50 81 2 26 74 18 53 61 5 94 31 61 97 49 94 96 51 5 52 3 3 42 70 56 35 88 30 9 54 35 64 8 61 60 76 87 82 100 60 98 21 96 70 78 95 28 66 96 55 98 1 1 94 72 99 93 88 59 48 77 58 20 92 70 96 58 19 77 60 22 75 13 2 11 16 19 44 12 57 48 25 81 1 54 81 82 45 34 66 91 72 42 8 66 5 53 13 58 73 30 21 99 43 36 69 20 6 100 3 78 90 37 47 3 79 81 95 69 48 70 15 0 5 59 34 24 79 88 12 46 19 13 85 79 53 36 15 0 60 27 82 79 94 10 2 2 29 82 36 95 84 73 85 9 
96 30 75 6 0 23 4 17 73 7 92 65 9 78 23 8 64 49 19 35 88 21 26 21 36 82 96 26 32 85 95 89 66 7 15 53 52 8 78 94 29 61 84 85 21 21 96 60 59 82 42 14 9 32 19 59 34 64 99 78 30 58 82 100 19 67 41 65 7 98 18 6 17 85 54 6 11 23 56 14 65 27 100 65 65 58 73 2 6 21 29 63 20 35 36 88 2 19 85 48 33 14 25 54 80 45 76 34 67 59 1 24 31 36 95 10 55 33 100 30 14 41 20 6 90 30 61 85 69 24 2 2 28 84 96 80 55 40 1 78 45 46 13 96 68 6 100 21 75 46 21 87 50 2 85 87 17 39 80 66 80 53 59 76 7 64 18 82 61 79 13 29 98 32 9 20 29 89 50 38 44 16 25 5 81 22 60 26 57 80 34 6 75 2 52 72 31 29 63 29 
46 87 96 21 71 38 92 8 39 1 91 47 27 12 27 63 15 2 8 70 89 4 23 28 49 8 87 30 60 64 71 10 30 23 73 49 3 31 53 71 97 30 36 64 15 21 78 98 85 66 46 70 69 33 10 36 39 34 49 93 45 48 67 84 33 17 10 46 60 11 65 3 75 42 33 52 10 35 66 51 50 43 60 72 42 3 57 70 95 35 51 36 36 83 100 46 17 83 4 88 84 23 87 80 12 18 7 47 63 13 59 26 70 82 51 61 29 31 23 61 85 54 41 100 95 42 4 73 14 56 10 64 71 43 70 51 68 30 38 81 65 68 68 2 82 97 82 78 96 89 23 40 69 1 71 97 89 18 24 75 75 78 9 25 20 86 95 75 0 3 57 58 88 69 28 63 54 14 63 95 75 21 96 80 77 19 55 12 3 27 48 85 91 12 31 14 12 28 86 100 
69 6 59 53 89 22 50 34 79 24 56 91 32 62 78 58 11 76 11 39 83 3 2 100 84 81 87 70 22 51 92 29 72 4 100 80 65 23 96 42 88 54 10 86 68 34 79 44 1 65 57 68 18 73 20 27 61 15 95 96 46 75 39 67 90 59 29 63 42 47 66 20 69 87 98 9 28 72 94 19 51 39 14 17 1 37 0 38 48 86 96 10 13 0 14 29 12 78 46 42 26 45 14 9 99 54 3 89 47 60 45 83 57 45 20 50 62 59 96 79 84 68 82 79 11 47 30 57 83 66 40 49 25 82 70 94 63 66 70 49 20 48 100 18 21 55 67 67 88 63 24 95 56 20 22 84 34 94 12 3 4 40 18 82 39 88 9 6 27 91 98 86 42 5 87 78 99 53 28 82 89 0 58 83 55 71 26 67 25 85 42 75 92 28 75 4 93 39 28 4 
13 57 65 100 16 8 55 66 76 77 96 74 6 27 45 93 13 97 88 24 80 72 55 26 59 63 21 79 53 5 3 87 45 96 97 8 19 16 14 31 21 28 81 51 59 55 89 42 76 22 0 36 44 71 5 52 60 53 93 53 27 43 28 20 0 25 14 97 80 58 88 55 98 36 14 8 96 52 77 59 69 30 2 47 13 72 46 65 23 4 74 91 40 58 72 61 77 45 72 43 12 27 78 11 64 0 95 72 30 87 60 1 22 35 31 92 5 41 44 42 58 93 2 60 89 78 29 51 78 41 47 8 82 41 22 2 44 95 59 20 11 43 1 53 6 40 16 93 9 94 90 37 97 33 36 47 98 94 9 5 66 6 95 11 83 47 5 96 69 63 9 17 11 38 100 30 47 43 62 73 78 41 91 76 10 15 89 43 80 63 89 50 40 66 50 12 46 62 36 18 
35 5 23 38 54 42 47 50 34 0 100 44 42 12 83 17 5 29 5 2 31 59 26 96 68 14 62 25 13 23 8 14 80 74 78 71 55 17 73 42 96 52 81 15 100 96 22 73 19 87 76 3 73 22 78 2 78 49 18 9 94 11 37 86 81 76 7 37 37 81 75 80 84 52 22 9 44 30 98 99 10 34 48 97 48 33 53 69 78 53 1 8 49 63 1 49 22 2 64 9 11 56 47 54 8 79 2 24 90 43 36 95 5 72 26 37 63 2 29 24 49 0 28 94 10 78 18 36 82 22 26 11 92 75 100 72 44 39 61 25 7 10 66 63 91 72 53 3 0 98 51 88 88 100 96 67 0 69 5 13 89 15 92 62 84 11 4 10 59 34 62 89 25 15 83 3 70 12 4 24 18 89 34 89 79 81 91 85 34 61 71 65 42 56 84 70 98 8 10 56 
8 72 89 66 19 19 49 16 85 75 31 94 43 4 15 45 17 13 78 17 1 12 58 13 84 6 42 92 4 36 66 39 20 92 30 7 9 98 30 63 23 95 73 49 61 81 92 19 19 57 7 25 53 82 61 96 71 32 22 47 94 54 41 29 30 77 32 98 21 98 3 62 94 64 15 57 57 48 84 43 44 86 60 38 74 74 88 32 65 46 22 80 40 55 29 71 4 76 36 43 35 85 66 14 61 64 40 5 63 85 60 82 88 23 100 33 58 71 67 52 57 93 83 56 54 69 58 23 79 29 75 39 65 33 81 73 82 80 80 14 40 94 29 33 82 82 70 86 11 52 63 73 94 96 16 88 81 80 94 22 91 44 60 3 17 24 60 48 32 75 78 40 55 62 41 4 27 65 32 85 76 83 38 92 64 59 98 43 75 48 62 33 91 25 100 31 44 66 47 86 
67 52 68 20 14 74 74 91 78 28 89 27 10 48 2 28 56 6 95 93 55 44 31 49 10 69 84 45 56 99 83 59 3 92 9 95 8 10 84 75 38 98 30 79 10 55 28 17 6 64 30 63 95 9 34 47 18 77 99 44 75 34 97 66 59 28 100 2 74 96 80 33 85 51 97 5 17 61 46 41 69 36 74 90 12 61 10 27 48 35 33 74 11 95 8 52 31 9 86 51 77 45 29 93 97 30 33 78 33 20 38 60 28 79 18 99 83 79 95 84 25 11 2 59 37 72 82 63 27 8 90 35 41 65 37 7 56 35 11 59 82 80 15 36 52 82 14 3 43 22 98 48 48 72 67 88 68 53 18 80 20 73 84 90 4 82 3 42 34 83 47 54 90 99 93 39 65 33 91 94 10 38 42 64 82 39 42 37 97 19 29 75 62 65 64 89 89 0 42 27 
43 45 76 75 32 91 30 55 47 93 2 59 97 10 49 60 59 31 3 91 67 8 57 84 26 45 36 2 93 37 46 22 75 0 56 15 47 71 19 86 78 65 77 62 99 26 76 7 26 42 90 41 43 52 37 97 81 23 100 24 63 68 31 23 67 12 15 45 87 32 51 15 22 90 16 59 30 89 13 83 76 52 13 5 5 20 27 44 87 26 24 49 59 81 80 99 37 100 91 21 81 64 29 15 10 64 24 49 18 49 50 23 43 91 17 99 68 20 20 9 100 84 57 73 82 88 96 6 74 32 40 96 2 66 17 23 6 73 15 63 25 25 79 94 74 27 59 77 47 35 22 59 33 18 47 36 63 49 31 80 31 46 86 1 41 12 94 47 100 4 43 61 85 52 99 25 32 27 51 79 72 4 33 13 61 49 94 23 58 87 46 28 38 24 19 32 67 86 13 76 
38 0 1 9 93 11 19 73 26 28 90 10 58 59 55 58 99 64 5 80 35 92 89 92 3 88 48 75 54 39 23 83 92 70 36 61 25 83 63 25 23 68 80 16 34 9 68 52 97 9 97 16 7 43 53 29 39 1 59 39 17 95 4 65 57 35 3 83 42 92 37 50 49 75 2 10 98 85 26 36 29 97 78 98 91 25 82 71 84 99 6 48 70 84 43 11 35 86 70 88 70 54 1 52 47 71 60 89 26 37 18 1 26 63 18 7 63 10 69 29 1 95 89 47 40 60 6 17 90 29 8 1 75 79 32 24 36 95 62 90 92 61 39 73 88 5 89 86 60 59 24 56 3 56 34 79 57 27 15 93 29 0 79 43 67 46 29 24 19 17 55 53 74 68 29 50 33 25 49 37 47 52 6 15 86 70 46 99 43 85 30 15 72 38 59 85 46 34 70 95 
16 98 58 67 79 28 88 3 54 1 99 65 10 33 58 81 44 79 78 78 33 92 17 76 52 42 21 26 59 11 43 54 98 57 4 38 68 56 43 9 92 27 46 74 21 18 43 70 70 78 46 43 45 43 70 36 2 97 68 23 45 37 24 42 96 36 51 80 89 8 33 27 20 65 60 94 48 61 51 94 59 28 32 34 87 81 60 79 60 5 82 5 9 20 74 40 94 79 19 73 40 63 93 86 58 97 88 91 72 33 52 28 29 100 68 17 33 91 58 45 33 30 50 46 83 98 29 76 82 9 14 55 50 54 68 78 36 73 7 34 98 24 84 75 95 69 9 100 41 29 21 54 66 17 93 7 49 46 38 13 99 74 64 98 57 43 98 23 71 25 59 49 9 90 88 23 0 54 30 65 16 56 21 95 77 2 2 39 42 21 52 73 16 98 40 0 70 13 42 76 
47 2 26 35 91 30 65 20 4 23 83 49 64 16 38 60 67 19 53 66 64 95 98 96 4 95 81 63 5 91 76 67 54 98 44 85 67 31 17 80 78 97 93 20 46 62 78 96 29 34 74 63 29 42 79 52 7 98 58 19 48 8 2 51 89 23 42 42 59 26 29 82 87 13 8 68 6 30 42 36 88 46 40 71 13 29 43 14 93 93 64 67 9 50 31 95 25 18 62 16 84 66 99 80 99 97 3 90 16 49 96 97 3 48 60 36 83 81 34 70 57 39 57 53 69 20 75 85 98 46 81 46 53 36 34 65 11 42 97 3 24 4 67 7 59 2 65 34 5 19 27 91 24 98 10 96 38 55 27 21 85 60 93 41 89 40 68 2 29 40 39 16 79 19 27 45 62 9 10 39 80 4 56 77 0 27 81 37 64 35 47 60 11 5 94 1 66 19 42 65 
45 76 28 45 55 44 33 73 53 16 3 92 61 79 33 5 85 88 75 35 87 19 23 1 38 97 52 84 1 74 70 12 100 87 53 56 66 19 93 6 20 47 90 36 66 33 85 2 47 26 8 18 23 34 37 29 68 21 92 30 39 51 15 35 68 85 77 7 46 28 42 83 100 44 92 26 31 71 76 47 39 44 20 51 26 72 9 26 93 55 18 62 29 62 81 23 12 45 44 8 45 48 0 25 7 26 28 2 44 90 0 63 34 20 97 69 68 38 16 94 29 100 48 82 81 40 29 53 64 21 87 57 34 38 74 53 75 14 88 100 65 37 89 45 38 24 38 76 13 36 24 33 83 2 3 65 15 68 86 16 57 20 36 16 62 66 74 44 25 20 87 27 68 24 45 12 8 88 85 14 4 48 56 46 3 10 6 73 14 11 36 30 75 1 31 60 60 4 68 78 
55 55 40 73 16 83 43 5 0 38 54 82 28 69 68 21 61 69 41 53 57 97 28 57 69 52 94 35 62 45 94 83 75 93 4 48 17 89 93 5 63 29 38 21 84 58 90 41 8 41 48 82 71 53 34 48 60 3 56 100 85 60 52 4 32 98 60 58 85 32 4 46 13 64 52 35 43 57 42 44 91 80 42 75 65 64 80 57 24 46 52 34 50 32 6 85 25 28 77 13 22 24 44 40 89 1 42 57 38 2 37 94 95 49 18 14 3 54 73 78 82 43 78 19 78 24 63 54 2 91 42 18 5 85 56 19 63 34 23 23 61 94 0 7 21 28 66 25 13 63 69 70 72 56 61 41 33 42 68 1 54 75 34 8 88 22 71 27 12 52 49 54 37 31 88 100 65 56 82 9 87 35 37 0 49 60 57 14 32 86 72 45 10 86 71 17 36 38 13 11 
89 37 75 60 77 35 70 45 18 67 81 43 92 48 88 9 79 46 10 21 11 57 71 41 33 79 90 46 8 57 77 89 67 0 91 39 89 89 86 89 1 30 80 67 91 40 67 90 8 99 22 52 56 71 59 0 40 29 90 85 100 19 34 86 42 19 88 54 65 4 13 29 84 42 44 91 27 15 15 40 76 24 83 84 29 23 78 23 30 58 38 13 13 48 56 84 87 86 19 95 27 78 66 71 50 12 6 84 3 1 52 98 83 63 93 16 80 70 81 60 19 2 27 85 29 82 38 32 8 63 14 46 28 54 22 60 81 15 60 35 3 24 47 74 97 8 67 44 0 10 53 68 33 39 9 23 98 74 16 42 81 25 43 28 22 64 76 80 45 73 45 68 42 4 54 47 44 46 87 54 68 38 3 14 100 31 42 99 43 9 84 85 35 33 31 71 29 27 53 50 
80 43 12 16 7 95 36 23 75 57 35 79 17 12 34 92 59 93 22 87 50 23 2 30 71 65 85 56 78 26 10 4 8 64 55 13 48 1 37 66 17 73 89 50 13 97 93 8 76 88 20 97 45 86 16 26 76 96 31 97 42 43 54 82 57 9 82 30 34 99 11 72 79 82 72 87 26 7 66 83 80 5 68 6 8 97 33 55 9 26 0 37 11 50 41 36 59 65 87 98 7 69 32 42 15 61 95 12 57 72 85 14 91 80 66 63 86 96 24 57 88 58 46 5 77 40 26 81 42 12 87 32 43 90 23 11 84 30 60 78 96 51 12 94 93 62 14 9 91 10 35 93 93 93 35 29 54 27 46 9 26 21 49 41 44 48 35 28 56 80 18 37 86 76 24 87 25 5 80 88 62 45 63 13 78 68 99 99 64 23 40 62 29 16 16 57 95 54 93 88 
97 38 95 41 99 33 79 99 27 38 51 74 44 66 8 100 36 58 69 33 44 85 26 33 63 25 61 9 93 8 27 30 56 76 74 6 19 55 78 23 64 26 37 45 65 8 57 55 45 56 81 69 3 68 60 7 44 48 18 52 88 14 11 80 29 71 63 27 83 25 29 86 55 74 6 49 58 60 61 87 92 11 91 33 84 19 15 62 35 1 39 67 53 100 69 27 82 68 99 73 3 84 59 56 19 96 18 0 73 83 24 78 63 11 72 52 21 40 45 72 33 71 92 79 21 52 36 31 38 85 12 59 36 15 3 85 34 88 4 65 14 4 45 68 91 48 19 46 54 100 74 5 2 33 34 59 11 96 72 45 47 67 31 97 88 19 50 5 64 62 25 69 96 12 45 19 45 89 87 84 38 13 13 97 39 20 65 87 29 9 52 90 66 79 54 61 80 27 80 58 
54 49 91 90 6 8 11 70 18 90 53 98 42 21 36 59 95 83 47 64 65 93 28 91 65 83 64 13 28 23 67 30 42 66 57 11 33 95 99 90 92 58 24 93 57 61 37 43 35 8 78 7 46 96 9 0 52 7 72 34 73 5 7 98 22 53 23 86 44 9 64 48 13 99 86 42 78 24 29 10 46 50 8 0 19 12 36 16 33 1 36 6 15 22 5 79 48 54 91 83 68 75 12 49 16 87 75 99 19 6 32 64 91 83 93 13 86 92 45 55 72 11 59 76 58 80 0 92 75 31 6 29 25 20 44 12 3 69 54 55 96 60 4 93 14 78 55 67 99 22 65 80 25 6 88 82 99 85 58 45 33 65 43 83 53 70 5 73 29 73 17 10 51 59 82 46 9 95 96 29 27 56 87 21 77 99 39 47 6 14 12 50 17 14 86 50 4 17 87 22 
63 47 46 40 29 5 40 3 76 26 28 6 31 53 84 88 63 1 68 11 37 13 73 20 32 73 20 51 13 92 4 34 100 53 91 35 6 12 87 31 81 91 92 1 88 85 29 56 12 12 16 24 4 17 75 19 96 82 59 24 55 39 1 87 92 67 60 54 82 46 23 34 24 23 12 13 30 61 10 53 88 68 19 39 23 45 43 15 8 24 28 26 28 44 36 18 73 54 39 96 99 47 70 29 21 31 79 65 2 28 77 86 92 67 27 45 58 72 6 39 92 86 59 63 17 48 53 17 41 47 74 83 39 0 69 32 12 51 63 30 95 18 40 41 22 48 15 23 27 4 9 53 9 31 29 29 73 92 15 75 31 49 0 59 66 9 12 49 93 6 100 6 26 82 35 97 47 75 87 72 62 65 25 83 75 59 37 35 74 49 6 27 26 44 15 87 3 13 88 79 
61 95 21 94 79 41 43 88 100 30 66 90 5 78 42 63 26 32 31 57 46 1 6 9 20 29 52 4 79 53 65 79 57 57 0 13 99 87 38 99 87 47 70 49 78 4 67 48 39 40 61 24 76 90 51 28 99 77 47 31 75 49 21 94 75 41 57 40 13 89 93 38 73 37 77 83 99 71 0 17 71 30 17 54 14 84 24 20 37 18 19 91 23 71 78 94 63 29 75 49 73 58 33 47 79 38 55 2 93 95 2 59 42 74 36 36 66 44 40 75 55 30 97 41 15 24 1 20 23 28 67 14 56 34 2 96 53 30 86 51 21 12 42 0 25 67 8 54 20 78 100 79 36 96 87 78 28 25 78 95 46 94 22 23 33 76 39 64 55 18 14 32 14 25 58 99 4 62 68 98 89 91 90 24 10 80 99 11 74 91 7 92 74 54 29 66 75 47 89 70 
32 29 66 46 21 38 34 6 10 30 54 14 38 82 83 32 22 32 68 31 76 50 35 24 60 17 91 85 16 1 70 100 26 4 25 18 83 31 78 27 4 40 54 39 39 40 41 100 89 18 89 20 58 53 45 55 41 20 18 90 81 3 8 55 64 73 55 98 42 47 6 80 70 56 27 16 15 14 78 7 59 74 50 90 15 66 62 4 95 54 17 81 36 6 58 17 93 24 64 83 69 46 3 94 90 64 93 69 77 18 83 22 34 45 23 63 16 46 99 60 51 72 92 36 61 5 53 43 29 57 58 54 65 95 93 11 57 77 90 52 96 59 7 61 70 3 1 21 40 7 91 7 13 48 66 82 6 79 31 97 78 41 5 60 6 48 21 68 28 56 88 46 98 33 27 81 57 75 18 54 28 11 44 6 1 67 80 36 80 53 72 31 19 90 20 69 64 37 31 44 
98 76 73 26 62 69 38 75 83 50 32 31 7 58 31 79 13 54 94 19 75 89 12 80 54 3 66 93 85 10 72 75 92 29 76 95 89 31 64 55 100 21 3 20 20 13 29 2 50 42 69 90 70 45 7 49 31 29 46 60 92 88 25 29 91 93 55 89 43 54 37 57 35 97 79 13 97 24 3 87 45 33 45 36 39 76 7 8 16 61 37 22 49 63 82 54 85 64 28 15 3 71 22 45 83 9 33 9 32 53 48 3 67 68 64 8 94 9 9 68 75 75 40 13 62 64 38 45 85 39 65 24 36 100 5 44 14 29 20 35 33 40 1 80 69 76 56 44 54 19 37 67 43 73 64 9 6 61 30 48 66 56 59 0 46 10 35 48 71 66 60 53 15 78 53 13 25 39 35 8 29 54 90 13 45 61 3 64 6 4 36 99 54 88 13 12 23 58 52 98 
30 53 56 61 39 80 35 76 17 85 49 87 87 96 79 16 7 26 4 81 5 73 98 76 44 66 84 71 76 96 2 9 37 45 72 63 74 72 48 11 95 11 64 15 89 16 89 36 91 42 87 22 16 79 10 6 21 48 70 96 96 38 54 47 10 51 5 88 43 65 92 36 77 93 9 5 73 62 100 66 9 18 72 66 66 56 95 21 1 61 64 55 97 54 57 35 67 81 55 2 69 32 99 81 28 89 69 56 75 2 12 4 19 27 100 40 68 55 53 10 51 85 10 90 39 97 73 88 4 82 42 84 41 62 75 30 99 71 41 94 75 80 24 51 61 49 93 68 34 28 81 90 45 24 3 3 77 29 49 17 6 77 76 41 63 54 34 89 91 46 74 47 49 72 8 20 3 80 59 22 17 92 94 66 30 33 67 44 30 10 48 81 87 4 16 36 42 96 91 47 
36 85 29 72 99 25 93 15 52 39 27 27 45 36 4 82 80 82 78 71 34 50 59 57 95 71 49 43 40 44 98 18 65 20 17 1 66 65 79 22 76 100 9 37 13 46 26 96 19 17 73 86 8 96 21 15 28 27 97 60 75 75 74 62 55 45 83 71 19 85 29 60 55 29 8 93 72 30 91 95 94 19 61 61 87 63 99 100 87 46 10 35 12 75 34 52 76 45 5 22 11 57 55 68 69 27 83 50 77 23 89 81 91 30 22 66 98 31 10 71 63 91 23 48 29 80 15 49 48 86 21 59 92 12 13 85 27 13 93 68 43 21 95 32 75 39 76 48 22 78 73 9 13 44 46 62 58 27 99 40 97 93 1 86 41 4 55 38 33 44 85 80 98 93 49 23 87 22 12 41 83 13 31 14 28 87 94 44 62 38 70 8 48 93 60 39 9 82 0 22 
89 62 65 58 99 57 96 83 38 99 67 63 72 83 70 1 91 79 22 69 88 60 0 10 5 94 67 33 78 91 61 93 43 65 1 59 74 95 42 74 12 94 89 79 49 99 89 39 68 32 76 38 98 1 0 63 92 5 54 36 83 6 5 17 51 87 37 99 59 59 7 29 65 47 11 18 62 57 35 3 27 98 67 82 45 57 6 86 14 79 69 29 56 27 1 82 58 4 33 41 56 70 68 16 82 42 56 72 9 54 50 55 64 27 9 75 10 3 27 12 99 21 21 39 23 36 84 59 2 2 74 61 86 35 81 97 73 6 31 57 90 34 43 46 13 88 35 77 54 31 50 72 88 46 75 76 82 87 36 31 81 19 33 50 16 37 27 3 67 75 16 82 79 13 43 94 37 74 65 86 4 90 33 92 90 34 80 51 50 27 65 9 57 41 53 55 65 57 26 8 
45 85 39 77 100 92 67 86 59 43 12 23 90 12 5 16 14 100 87 46 26 30 68 37 50 21 73 36 68 64 29 71 95 85 43 83 90 45 15 63 1 35 96 3 2 24 61 3 95 34 21 46 37 79 37 4 81 41 8 55 48 45 72 31 66 29 79 78 26 52 27 64 40 43 47 68 92 73 82 39 40 31 1 58 46 64 42 95 68 77 59 77 7 13 41 84 69 68 2 12 62 96 6 46 31 63 20 37 89 45 77 87 53 68 9 18 30 7 48 8 80 16 97 44 85 76 1 56 21 39 5 73 16 24 98 65 28 6 30 10 100 48 25 55 1 7 37 95 63 39 46 47 70 72 51 79 28 20 49 9 22 29 72 23 51 33 88 89 20 39 44 92 43 76 45 34 92 60 61 59 14 73 31 19 41 59 25 93 83 52 38 86 17 92 6 5 53 64 66 3 
48 0 100 66 32 62 66 61 91 32 9 74 85 90 84 55 88 50 65 25 48 96 78 24 86 27 56 39 86 98 95 73 64 83 72 27 44 92 66 90 29 56 32 100 37 41 29 93 52 85 1 19 24 22 88 37 26 62 79 81 46 61 34 40 69 90 31 73 68 40 49 14 28 90 75 1 6 39 10 61 85 92 3 62 52 78 9 92 98 19 26 19 88 75 81 48 7 90 4 54 20 76 66 39 80 0 84 13 36 8 1 64 75 65 23 88 24 6 85 32 64 88 65 34 81 60 18 87 74 50 27 69 77 91 93 18 57 47 92 59 60 85 67 24 79 13 83 97 85 54 17 6 97 93 78 94 72 44 24 56 3 9 82 39 36 14 90 1 47 72 20 73 14 41 60 18 84 6 5 84 60 73 38 26 36 42 42 64 28 27 45 70 54 17 5 48 91 59 93 84 
84 41 38 7 15 94 4 71 57 14 22 28 75 73 64 14 79 82 20 31 57 72 68 94 17 88 50 98 88 4 87 74 17 1 99 82 52 29 16 10 94 57 26 14 60 5 65 99 0 90 54 70 44 13 60 80 62 47 77 31 99 97 76 2 35 52 84 69 73 41 44 56 59 64 69 99 26 95 0 32 7 44 6 17 75 71 25 15 90 94 56 98 81 60 77 67 66 96 8 20 40 20 70 12 94 40 22 15 45 67 92 39 6 0 40 97 34 75 80 63 44 7 51 17 3 11 22 16 57 90 83 50 77 67 94 14 80 83 1 16 33 20 21 0 30 31 61 95 83 20 60 54 65 62 59 69 76 11 35 79 57 41 71 5 25 89 41 11 35 65 73 60 89 90 37 15 33 17 52 71 40 55 43 78 21 42 17 10 55 79 48 78 38 48 81 86 12 58 85 16 
78 98 14 43 46 67 11 36 2 86 64 46 0 97 59 46 96 36 34 100 15 64 58 27 5 57 61 19 61 73 88 5 11 64 63 92 64 61 38 95 72 11 97 19 0 88 2 53 9 44 60 99 14 16 99 40 72 38 72 55 42 50 93 35 74 45 59 17 77 98 21 77 34 46 81 57 4 77 81 42 53 94 67 85 7 0 13 74 9 64 24 69 7 87 48 13 62 29 76 23 74 71 31 69 64 47 30 93 37 97 86 5 77 43 20 63 87 60 8 12 10 15 52 59 82 51 97 90 49 84 77 54 60 26 11 59 96 72 62 84 80 88 59 96 93 5 25 47 9 39 72 63 54 46 41 55 10 79 77 20 26 98 57 19 31 10 51 69 41 50 65 6 86 20 79 33 82 16 12 68 27 28 12 48 78 30 85 28 59 53 54 28 17 81 85 86 66 85 56 62 
46 46 72 59 8 58 45 59 68 99 72 24 39 70 32 83 40 61 86 66 1 29 83 57 98 41 13 92 91 29 65 93 61 12 89 62 53 49 72 34 5 21 37 50 59 57 6 23 53 33 38 60 59 57 31 98 26 97 1 72 38 83 28 60 50 70 9 44 53 32 98 7 4 77 93 90 94 7 26 90 40 20 51 94 94 33 70 49 69 50 80 29 36 48 68 78 42 68 12 87 29 25 30 93 93 45 86 42 17 43 14 86 83 20 34 49 34 13 52 71 0 30 94 62 99 63 6 22 43 69 62 34 27 86 61 10 40 45 91 19 89 24 77 35 70 49 23 43 35 63 71 96 83 26 57 48 75 69 12 3 42 78 81 69 57 19 46 39 28 72 39 52 21 19 51 64 17 57 36 7 18 3 63 97 99 56 21 22 9 29 15 32 99 32 24 30 13 7 49 69 
14 91 56 69 44 37 28 85 88 6 9 69 66 21 1 45 64 8 39 100 84 96 4 13 99 54 58 27 72 30 5 22 50 76 19 68 13 70 86 7 69 7 77 92 50 41 45 70 97 40 41 51 41 56 74 66 62 34 58 7 76 89 41 63 40 3 44 4 65 92 94 89 19 80 84 46 19 11 79 85 38 46 17 68 14 60 99 14 84 50 18 42 12 15 59 95 72 9 62 3 42 65 56 87 15 43 5 34 84 98 5 9 4 80 87 44 94 53 87 87 24 56 53 0 72 55 14 85 71 93 76 42 21 62 10 43 89 41 57 83 8 79 90 55 46 95 4 95 59 95 62 64 84 47 71 9 30 91 36 59 35 76 42 52 70 27 100 70 58 56 2 5 82 46 11 60 16 96 78 75 30 8 30 81 5 22 97 39 29 17 4 6 29 67 6 7 15 2 17 76 
49 78 29 89 21 69 88 86 25 64 48 77 9 13 8 9 30 31 47 33 42 76 98 65 67 33 52 2 97 38 74 32 63 44 12 2 34 63 78 19 38 21 33 99 28 28 4 33 36 3 64 76 83 46 40 95 20 16 99 34 57 18 27 33 44 35 84 21 43 26 93 74 53 65 55 25 69 82 41 48 5 100 22 31 52 39 28 90 3 45 82 23 44 89 72 48 47 88 22 25 83 48 59 87 94 26 12 84 55 86 72 30 37 65 88 87 25 96 72 57 16 89 77 21 77 96 39 89 63 97 64 88 82 100 25 5 39 99 39 45 4 19 70 87 60 64 57 94 97 30 42 33 87 67 4 58 13 36 70 65 96 0 29 53 31 81 31 28 49 12 43 34 44 75 71 43 97 87 31 98 14 85 10 85 60 33 93 80 13 43 12 48 40 22 3 55 55 10 52 66 
59 14 71 12 86 40 29 49 47 65 90 96 20 62 1 99 65 46 24 83 0 83 89 34 17 87 27 7 4 28 95 91 67 39 60 63 53 65 19 18 46 97 66 15 38 51 100 9 20 12 50 39 9 49 37 54 35 74 45 3 89 15 97 42 35 46 34 37 17 60 89 61 88 85 33 90 82 60 18 2 73 27 1 93 83 23 32 25 74 64 35 50 88 77 89 74 31 67 24 88 1 58 92 43 62 48 48 33 87 79 41 4 67 9 73 8 90 75 83 18 99 78 33 39 75 90 52 9 64 55 16 15 72 63 74 68 12 12 78 62 45 5 37 19 32 13 15 6 94 55 73 30 14 89 68 2 9 25 24 99 61 55 15 8 87 90 26 96 16 15 70 92 84 45 38 50 77 78 22 76 70 33 74 95 25 44 87 65 47 23 14 61 54 78 74 61 25 62 9 10 
94 68 33 21 18 34 64 32 97 16 26 35 80 38 24 48 18 40 84 35 97 38 60 89 26 3 94 40 12 100 4 25 52 17 85 15 94 74 95 29 49 48 36 71 41 75 4 3 10 13 0 74 94 100 96 18 60 70 21 34 38 81 100 70 15 15 65 95 63 82 92 23 24 30 15 39 68 95 10 90 98 79 36 30 46 52 37 35 15 79 78 94 42 19 47 83 55 48 90 45 26 82 38 97 24 80 74 18 84 47 72 51 54 81 96 83 89 32 57 1 68 26 99 78 60 30 96 2 18 48 10 24 92 70 16 91 23 44 86 85 97 18 35 17 3 41 97 88 98 26 99 34 0 64 34 52 43 36 92 80 29 45 93 5 36 73 4 74 86 0 56 39 39 31 84 86 2 69 23 79 9 34 53 81 85 52 66 86 58 21 87 23 24 52 41 55 18 2 77 24 
34 54 86 30 92 0 98 98 68 96 93 85 24 65 100 60 66 20 80 71 29 95 25 48 22 53 59 49 0 80 86 9 70 70 58 23 13 31 35 36 1 90 82 48 1 33 63 96 77 5 54 41 73 74 15 68 11 11 24 52 35 92 100 8 46 69 10 47 21 38 40 46 48 24 52 35 12 75 77 6 57 13 21 94 88 45 16 3 59 76 33 82 70 62 38 38 22 65 37 30 22 20 86 84 84 23 68 49 20 15 67 71 85 62 19 61 90 2 34 45 61 85 44 2 81 67 65 41 59 66 26 47 93 47 7 70 81 8 64 25 0 27 58 57 11 24 58 91 69 23 2 12 88 86 77 3 30 82 89 35 1 43 52 78 3 36 24 33 48 5 100 31 20 16 2 80 37 82 22 3 51 57 21 65 88 23 92 86 43 94 44 95 53 30 31 78 54 70 37 10 
84 8 80 24 73 5 18 6 66 64 1 62 90 35 94 55 44 53 69 53 35 77 30 14 22 65 5 78 92 58 78 25 100 78 99 36 27 5 11 56 18 59 60 24 24 42 89 5 37 52 57 87 32 98 41 44 70 63 13 33 36 96 23 80 57 16 17 48 52 79 38 38 11 86 24 20 79 89 70 3 39 51 12 17 26 90 98 23 95 99 37 23 13 56 51 57 54 74 94 56 77 100 23 52 74 18 54 29 51 89 94 97 88 74 49 4 78 78 41 97 59 9 8 5 10 22 30 57 0 55 78 11 36 5 48 25 11 13 93 69 59 92 78 80 61 79 67 52 11 86 57 40 89 91 21 50 86 74 62 76 61 18 38 93 73 18 78 89 16 50 17 5 93 33 48 85 24 52 4 17 89 73 6 94 48 96 18 3 78 31 55 89 54 37 76 13 34 24 5 67 
82 33 42 84 31 42 88 25 38 19 66 96 4 9 29 35 68 93 69 63 80 69 0 82 59 2 71 42 82 20 68 39 97 3 49 99 33 23 36 84 35 49 10 73 79 45 99 36 97 78 16 58 13 63 67 22 39 21 63 80 30 6 30 82 11 75 30 33 20 90 55 93 60 55 97 11 6 13 0 7 9 88 14 37 18 50 78 3 85 81 81 95 41 0 29 59 77 79 59 78 80 25 29 66 52 46 5 46 24 32 11 17 98 29 64 38 0 4 20 75 64 59 36 41 16 22 55 4 13 46 47 74 0 9 66 85 49 73 40 68 64 22 12 61 81 18 96 90 94 49 26 12 23 28 22 30 33 34 49 28 22 35 60 23 53 10 5 78 28 24 51 60 48 25 40 43 33 24 97 17 7 31 41 9 66 71 56 60 54 74 60 97 27 30 9 65 27 26 88 26 
75 8 71 45 69 91 8 13 49 86 4 77 36 74 46 0 66 20 64 81 98 67 53 93 44 86 59 23 2 26 72 35 19 58 77 29 83 39 60 7 100 77 100 52 14 24 92 40 77 23 69 30 63 47 62 39 87 6 87 2 44 78 53 86 4 60 67 57 0 62 52 61 40 80 6 67 75 96 23 61 53 35 83 22 57 69 57 33 91 11 60 6 25 11 43 86 87 31 20 16 83 16 20 1 12 88 92 56 2 79 54 60 58 11 62 81 61 13 62 16 43 12 44 41 54 80 13 17 90 44 41 86 34 41 15 30 61 74 10 67 90 40 82 48 9 42 2 36 70 0 31 91 8 79 27 36 54 9 23 19 53 76 37 24 1 45 51 62 47 90 23 63 20 68 98 71 87 44 76 84 62 70 61 49 67 47 44 7 83 71 69 99 78 0 95 83 28 50 94 65 
69 85 40 67 29 44 98 97 65 6 5 4 57 9 67 44 57 100 80 56 19 46 5 10 95 32 69 22 94 75 80 22 70 36 56 52 11 87 1 86 7 93 23 82 46 91 0 58 98 43 52 60 55 49 76 35 77 1 39 47 26 94 31 60 61 19 72 68 52 37 31 68 68 99 79 81 72 26 36 80 84 51 38 29 87 1 29 79 58 47 73 52 90 26 33 97 66 92 30 50 25 66 98 74 59 58 15 48 87 33 19 1 100 18 62 50 73 82 7 27 62 87 13 14 39 60 12 2 11 43 74 5 19 32 80 67 58 92 49 83 95 47 71 2 88 19 10 22 88 86 40 62 14 66 37 14 17 12 0 72 70 77 38 51 63 22 81 56 52 60 14 2 9 31 26 54 91 5 58 27 91 59 93 26 70 33 61 55 43 78 100 11 47 39 44 4 14 62 50 79 
95 52 41 90 80 83 84 3 100 100 16 72 80 10 21 7 86 62 53 90 53 17 66 4 77 67 34 76 23 24 64 47 82 40 13 29 21 21 93 51 71 71 26 54 76 25 14 87 31 39 21 76 8 46 54 84 79 99 99 43 72 4 28 16 40 37 87 11 2 66 9 37 29 100 53 70 39 6 31 96 84 7 48 87 43 75 39 21 43 80 12 95 5 28 43 29 63 91 74 53 14 57 100 65 57 4 21 83 91 4 82 95 8 20 44 35 81 34 13 11 3 84 49 46 4 51 99 65 22 53 12 68 2 12 29 38 78 88 78 80 64 63 46 35 88 92 10 6 50 68 37 13 83 90 31 84 32 33 65 21 41 52 82 98 85 24 21 100 56 23 6 83 20 70 61 81 29 22 9 60 0 40 46 28 46 27 31 80 27 76 48 47 22 54 57 85 76 59 91 52 
44 44 33 30 60 0 80 7 96 68 41 26 37 74 89 13 85 8 93 75 72 5 17 99 97 69 24 55 18 50 46 43 82 75 20 58 98 64 24 89 53 53 54 74 38 82 34 75 30 57 73 5 25 2 90 79 73 43 86 50 47 11 21 2 48 70 39 80 28 69 92 56 76 14 97 99 71 22 69 6 91 84 10 93 30 97 89 69 28 67 82 48 62 40 26 31 2 28 46 18 99 57 95 40 39 13 31 53 64 48 99 79 89 63 88 83 54 1 37 88 97 0 93 4 76 54 32 41 7 26 80 63 16 52 95 7 46 85 14 33 62 6 76 5 19 22 28 91 1 74 51 64 20 36 21 76 69 2 78 81 82 7 79 96 75 68 57 41 6 21 96 54 92 98 11 9 34 78 81 92 14 83 52 47 1 48 66 22 85 84 99 20 35 62 95 74 99 28 65 83 
0 97 57 46 25 45 43 9 3 88 97 99 59 33 48 20 82 63 81 30 31 47 93 86 48 76 38 40 68 75 59 84 9 76 83 81 30 96 66 55 90 58 64 16 54 80 7 52 80 55 98 57 18 59 41 6 10 27 61 38 85 55 54 73 98 93 79 27 91 63 100 60 7 91 58 79 60 90 39 53 11 72 100 98 0 25 29 68 42 93 63 90 16 43 60 91 56 29 61 99 76 8 3 21 46 26 28 16 51 41 4 62 48 54 15 48 11 14 43 96 45 38 26 26 40 57 58 12 13 36 82 92 48 77 79 44 77 47 93 72 91 83 5 9 68 70 13 73 100 4 84 44 64 62 34 54 60 84 43 45 48 11 5 50 11 6 73 83 46 69 76 52 56 67 6 27 7 64 58 20 96 62 2 43 48 48 25 88 57 55 71 78 27 75 99 81 74 49 42 33 
99 2 0 11 18 9 7 49 40 11 38 22 93 8 6 9 66 25 16 74 100 63 26 3 4 90 49 56 61 64 94 66 54 93 97 80 76 85 37 12 98 5 68 46 67 97 41 13 82 10 73 68 61 2 34 0 23 71 79 79 37 27 62 21 31 38 90 64 5 6 77 65 58 59 34 22 82 17 45 8 39 36 9 28 40 65 8 64 64 13 84 50 23 74 69 28 51 41 31 90 24 30 53 9 74 9 93 68 15 91 35 66 77 51 9 6 67 66 13 54 62 19 66 40 80 9 32 70 79 26 71 13 17 41 65 28 80 18 19 64 1 80 12 98 28 72 5 28 53 27 51 33 61 42 56 6 52 10 57 45 51 79 91 56 59 70 48 2 75 8 59 33 8 32 21 61 52 62 86 31 31 39 4 90 46 77 95 59 44 66 36 100 49 37 17 90 0 1 5 71 
32 65 12 8 0 38 50 52 46 87 54 93 23 23 61 23 69 11 36 59 74 11 17 95 78 37 92 91 18 58 97 63 52 5 49 7 36 34 63 31 8 61 95 4 95 84 0 96 6 72 10 26 13 38 7 93 79 32 63 11 64 31 70 91 53 74 38 38 63 33 10 53 69 31 50 82 76 71 100 70 24 76 70 0 11 88 93 75 76 39 26 91 53 5 18 42 51 91 60 0 90 48 83 20 32 69 88 35 48 86 32 51 89 47 18 15 48 10 17 58 20 79 8 80 2 49 39 12 49 65 70 64 96 74 82 17 11 46 78 94 22 31 78 88 89 89 11 37 72 54 75 14 63 62 69 38 60 45 21 37 39 48 57 69 97 20 49 25 26 73 11 7 75 73 52 47 82 79 100 79 99 8 77 97 35 44 20 14 68 93 15 8 71 39 72 9 17 65 6 18 
43 27 88 72 72 36 16 47 62 85 26 90 85 80 23 77 64 11 49 0 13 49 47 46 68 47 91 14 46 40 79 79 27 97 78 32 90 75 72 85 53 51 5 54 9 57 59 94 90 27 50 96 4 7 83 41 45 55 50 34 67 15 84 76 44 48 1 80 12 61 64 91 24 58 74 35 98 60 86 42 2 7 84 58 15 89 33 70 42 15 18 72 71 34 18 75 41 11 72 26 24 97 56 53 55 76 88 20 14 54 54 44 96 90 67 54 19 45 44 68 75 44 77 77 0 47 11 21 27 69 43 8 3 72 77 38 58 34 49 72 9 8 79 100 72 100 73 41 92 74 7 96 57 53 79 29 89 61 76 22 21 23 6 67 77 60 2 6 40 63 81 23 71 46 37 52 23 3 51 18 21 18 3 68 88 77 76 23 26 83 60 12 81 93 56 60 67 34 19 14 
27 59 72 62 80 63 66 21 67 56 2 18 56 21 36 72 72 11 6 37 77 38 31 24 11 61 17 60 89 36 38 40 87 26 94 53 86 57 11 56 1 63 79 18 26 86 37 62 100 87 32 22 59 58 28 44 67 22 74 84 38 84 66 45 40 21 23 38 78 83 22 66 100 81 71 37 30 95 21 63 73 21 38 62 97 67 4 85 2 13 41 91 89 17 11 38 15 83 4 84 32 1 62 15 33 69 65 69 1 68 69 66 38 67 6 58 59 37 85 7 3 57 29 21 69 64 47 79 89 29 15 40 46 67 5 57 10 38 22 47 93 73 18 5 80 36 49 28 10 80 11 25 64 37 8 28 44 87 50 32 82 37 16 69 79 91 100 36 51 83 90 0 71 2 3 100 64 81 16 41 74 33 13 52 82 2 33 72 99 8 47 36 66 19 17 58 59 43 30 58 
43 56 59 87 36 79 10 17 9 52 17 24 81 76 34 89 45 82 94 23 49 97 92 39 43 4 67 41 70 99 62 71 18 80 11 10 66 87 43 64 50 30 73 59 58 76 28 72 85 34 78 29 95 77 83 33 1 27 100 46 65 70 95 3 30 99 84 73 8 23 58 92 0 56 29 64 39 7 18 49 57 57 29 89 11 79 33 49 72 64 11 53 25 92 40 72 87 72 43 69 75 52 93 6 16 84 100 23 85 85 3 92 85 25 53 50 53 70 50 27 50 1 5 25 82 55 68 56 16 6 45 59 33 89 82 71 99 20 92 67 7 45 62 78 52 42 18 86 72 71 52 63 10 55 74 5 14 57 86 78 23 87 37 64 88 68 19 65 28 10 67 49 7 5 71 84 53 19 98 8 35 86 10 11 81 21 69 62 77 25 28 63 66 56 96 29 46 35 52 16 
93 1 13 19 46 90 34 0 42 44 7 29 29 91 31 74 86 68 25 91 5 18 51 74 96 76 9 97 87 68 99 63 36 8 3 30 7 80 19 92 21 62 27 93 50 70 51 13 88 97 59 1 46 59 7 79 6 8 97 0 68 55 31 39 52 96 12 61 20 60 81 85 97 54 9 56 43 15 33 5 20 16 52 45 16 26 50 91 74 97 58 18 66 29 67 80 99 3 61 9 4 85 63 30 93 41 99 36 1 7 46 34 88 30 25 85 86 37 75 74 77 84 84 29 5 35 77 97 45 31 49 9 88 37 44 52 65 73 70 8 11 15 43 9 7 86 25 63 48 86 63 47 20 52 69 80 46 40 4 85 71 76 59 86 76 64 56 49 29 28 17 54 62 6 90 41 68 43 9 10 96 12 7 41 84 70 77 13 15 93 38 98 83 86 49 96 85 61 84 11 
61 54 31 71 17 20 80 70 58 93 20 5 40 63 38 23 83 83 27 64 61 39 96 14 39 74 28 18 64 14 59 39 12 77 59 42 81 56 46 24 86 25 71 68 27 85 71 31 72 45 43 99 69 0 49 79 14 19 45 52 91 36 35 61 82 81 49 37 53 41 59 78 72 13 52 86 21 51 63 32 90 23 1 13 8 17 65 23 21 61 17 8 82 94 9 89 6 14 6 48 84 77 32 87 0 13 9 60 93 11 49 75 48 38 68 79 99 51 11 55 26 21 83 88 82 56 7 38 48 100 0 44 18 17 83 99 48 14 15 86 97 18 74 34 31 27 13 37 39 71 75 6 63 37 76 71 61 42 27 16 86 12 22 31 19 99 0 2 53 89 74 15 88 29 60 25 0 96 69 24 13 66 31 87 24 57 79 40 8 88 83 9 21 50 46 93 17 76 55 47 
32 88 72 66 84 34 45 99 32 69 29 74 24 72 48 64 39 69 20 78 54 66 13 90 43 35 6 17 62 45 59 67 19 6 84 6 75 24 3 23 22 64 3 8 56 46 58 55 64 98 12 51 22 60 81 45 32 50 41 93 54 99 13 47 55 86 31 83 39 24 66 24 85 91 5 64 69 43 14 87 42 73 63 72 1 37 75 83 94 95 36 89 72 81 72 86 3 40 98 62 59 21 14 79 64 41 96 12 46 79 75 88 47 17 57 5 11 2 20 9 13 27 48 56 99 51 58 3 48 92 100 68 54 59 37 9 86 22 27 18 88 67 68 59 68 60 93 57 80 68 70 17 49 3 24 2 98 24 84 44 90 65 45 66 28 24 71 50 40 76 13 83 39 67 3 38 93 76 63 10 69 34 36 38 64 60 98 100 29 27 72 6 58 82 49 43 81 91 73 3 
17 64 62 93 17 74 11 67 100 49 87 31 94 67 64 73 30 59 51 93 86 70 75 30 75 29 65 86 11 77 98 91 2 79 26 76 30 48 77 54 100 94 92 24 7 45 47 21 34 19 57 18 14 7 8 60 8 27 25 63 94 85 70 65 68 44 43 13 65 31 8 52 61 36 31 13 36 53 91 86 48 98 65 5 50 78 94 51 64 80 6 99 6 24 23 25 6 81 35 28 55 89 63 16 18 66 96 21 85 61 49 14 92 82 33 77 4 33 62 10 9 91 69 96 38 81 40 7 72 3 3 71 96 11 19 39 54 32 14 74 6 56 32 28 13 96 55 0 71 54 75 1 30 35 21 99 58 66 31 99 20 73 9 48 67 76 84 99 27 89 86 6 88 19 40 49 39 39 73 26 60 0 51 34 90 15 95 92 26 62 15 70 15 40 50 55 5 85 93 2 
54 51 52 10 85 65 2 41 74 28 45 41 97 73 55 53 46 36 70 13 38 25 96 91 16 11 53 43 69 66 68 71 5 84 12 3 18 74 43 63 21 44 80 23 34 15 27 75 50 94 70 30 39 33 18 82 75 42 52 42 54 24 13 28 30 39 13 35 76 0 17 35 99 62 0 97 18 65 22 24 16 94 39 98 67 7 10 35 52 1 50 87 1 80 74 84 66 38 86 2 86 11 2 88 36 19 57 7 76 4 69 57 73 41 29 32 86 27 80 61 16 79 46 35 55 65 43 31 98 35 64 21 28 70 25 7 68 40 19 81 47 90 18 83 73 60 31 7 80 37 83 80 16 5 77 92 4 16 3 34 49 76 64 71 31 36 28 80 50 24 24 61 100 64 27 61 27 79 5 18 26 69 8 47 81 55 58 50 62 30 62 86 2 46 53 96 63 45 12 0 
73 46 35 30 45 23 75 82 13 4 58 49 64 39 67 89 3 47 49 84 83 30 93 42 41 6 23 98 43 80 96 26 52 48 88 4 28 96 48 31 61 84 54 43 35 89 0 93 67 96 56 7 38 69 68 1 71 1 22 75 58 72 59 19 20 1 15 78 79 99 44 34 99 24 87 3 86 40 18 59 33 40 85 13 86 18 2 7 16 71 52 100 82 85 33 35 43 18 11 70 91 76 73 86 97 47 53 7 59 41 2 70 77 9 46 14 46 4 35 62 63 38 54 46 15 91 3 50 97 47 84 84 100 62 67 63 96 95 19 20 56 15 11 56 70 95 58 94 42 32 20 62 39 81 99 78 60 89 74 33 77 47 34 61 24 26 67 47 51 72 17 86 87 34 81 18 3 31 70 22 48 62 73 94 26 85 46 86 8 91 41 85 78 36 59 18 24 100 66 98 
80 32 64 34 27 57 22 31 49 48 28 35 66 74 73 43 44 77 1 17 80 95 62 49 2 44 28 13 87 0 66 53 33 8 74 55 54 49 29 65 32 16 15 60 54 0 66 99 28 91 70 45 44 100 84 67 71 70 100 27 87 18 60 23 33 48 0 56 0 75 18 63 22 82 36 66 13 69 31 90 33 40 30 33 88 6 82 49 12 66 5 5 54 86 36 1 32 35 46 61 67 78 88 18 17 83 75 3 0 9 5 58 86 37 22 75 51 47 52 42 52 79 68 25 60 34 66 4 85 88 34 78 10 26 79 35 6 60 91 96 34 55 6 26 67 55 72 28 75 66 27 16 20 19 30 46 96 65 47 83 2 35 52 8 66 18 27 99 38 53 12 36 59 17 34 35 77 31 0 33 23 29 100 70 31 10 75 28 2 71 52 2 87 39 35 60 67 6 84 63 
14 45 62 74 8 98 81 10 54 36 0 50 7 12 23 8 49 5 69 4 56 57 43 29 25 38 47 33 98 29 85 21 8 83 50 7 71 34 72 37 53 47 55 79 74 8 29 67 70 38 5 46 49 70 19 87 99 91 19 9 10 0 37 80 49 77 0 53 46 97 77 76 14 19 80 43 83 66 60 25 54 72 62 14 62 63 81 51 96 94 97 8 99 44 48 81 83 23 29 0 52 48 43 22 68 33 94 7 94 100 57 28 42 24 29 96 15 91 67 20 72 65 52 61 20 2 79 13 15 95 64 69 70 75 16 22 56 99 100 11 95 82 60 83 32 40 63 67 62 24 2 34 48 51 67 12 61 34 20 40 5 30 5 92 57 79 0 10 73 66 47 68 67 90 55 72 27 71 1 62 57 42 33 44 52 74 94 84 68 81 56 88 12 95 11 24 35 44 42 95 
53 25 79 9 82 41 2 76 60 62 5 14 72 12 21 10 88 81 44 35 16 94 8 57 53 66 29 4 60 54 46 54 2 17 3 11 44 38 54 73 52 31 58 37 53 9 81 74 83 62 67 78 90 77 54 55 91 59 23 29 33 97 79 10 85 51 96 66 96 68 32 76 30 80 65 65 71 55 7 56 39 97 86 10 56 69 78 29 70 11 25 30 53 56 80 85 10 10 2 78 53 65 94 45 98 38 69 43 93 21 3 30 70 64 85 81 100 12 69 42 2 92 61 93 4 28 87 39 2 87 73 64 14 24 26 76 12 17 68 35 14 9 26 56 51 35 91 65 67 15 63 44 73 35 58 9 52 36 8 91 83 85 84 96 49 18 14 23 31 85 92 95 6 93 13 62 92 78 6 61 45 51 51 77 75 53 85 75 61 80 32 64 34 3 15 47 13 100 69 68 
82 88 9 46 56 45 30 62 43 92 55 22 43 35 22 40 47 18 16 72 67 0 20 25 87 29 74 65 67 9 77 77 21 65 20 23 25 1 52 47 4 35 95 21 84 0 67 90 8 1 96 28 73 99 32 55 32 52 40 31 82 65 1 54 36 94 1 27 57 73 35 91 28 35 39 25 37 33 43 8 43 62 75 26 66 89 40 95 66 26 15 78 21 55 13 40 99 100 10 42 81 52 9 17 91 16 10 2 49 44 18 73 40 6 75 100 50 57 38 12 67 29 36 25 36 62 19 38 41 91 66 100 1 25 100 44 78 96 36 70 78 14 11 65 67 87 67 22 21 97 78 33 55 48 31 8 49 32 62 6 39 39 62 6 78 25 75 25 88 15 95 98 81 75 46 56 21 86 93 82 25 41 4 50 46 63 100 30 84 76 43 83 43 80 60 87 66 94 94 71 
96 10 54 64 10 68 82 66 80 55 1 67 0 13 3 85 33 82 70 82 4 8 56 58 10 76 8 100 88 92 90 76 86 62 100 49 7 32 46 63 0 48 82 83 45 22 14 35 74 34 88 3 23 13 42 37 49 56 0 49 44 94 50 35 14 78 96 71 66 12 43 88 40 60 86 49 98 18 15 41 9 23 76 86 70 75 90 96 5 23 71 6 42 3 13 18 5 23 85 7 62 34 74 55 70 70 38 52 45 86 19 0 6 3 96 97 94 40 19 34 64 58 10 0 34 23 39 55 47 19 36 58 32 27 0 69 23 3 62 41 1 70 40 96 64 71 66 52 86 21 40 53 93 9 26 35 48 51 36 21 1 92 40 98 12 13 32 57 20 97 73 71 51 12 36 45 50 40 25 27 16 20 68 77 50 25 41 46 40 86 74 43 27 40 56 33 75 40 34 62 
24 51 9 54 62 67 74 59 52 95 2 88 72 20 51 21 8 83 49 90 13 16 60 75 58 47 63 48 91 36 91 7 84 85 73 98 99 39 93 50 17 3 46 84 90 18 8 48 19 25 52 69 63 43 65 34 19 73 97 83 93 34 40 93 86 23 60 22 47 1 74 35 2 32 43 47 37 23 15 54 46 26 28 1 25 5 20 1 94 95 66 81 19 69 25 87 46 44 7 26 55 14 62 74 28 67 15 37 76 87 23 39 83 68 21 67 21 69 40 19 55 68 78 9 6 32 25 70 20 76 71 89 45 15 98 68 2 7 73 14 100 57 55 56 86 92 56 42 91 98 62 48 73 12 42 53 19 79 34 72 82 66 43 78 45 12 7 29 25 53 72 16 59 85 13 15 23 15 78 9 64 75 5 98 87 57 63 66 91 43 83 72 58 43 52 45 87 52 92 82 
94 18 13 94 24 19 92 7 40 20 83 69 55 4 1 23 68 1 15 80 6 72 14 60 17 30 95 64 22 88 29 42 86 1 56 96 51 79 51 91 48 87 10 94 56 77 4 63 66 78 67 37 23 36 86 9 64 13 51 46 68 96 51 3 8 61 75 96 74 85 66 23 16 27 69 71 42 36 27 43 17 17 8 66 92 58 78 100 83 82 48 42 72 29 23 81 7 27 79 52 30 2 17 15 77 60 87 29 34 58 53 15 34 59 98 55 81 34 85 100 74 81 20 6 93 38 72 96 7 26 0 26 26 10 91 83 54 6 62 29 81 23 18 58 60 33 42 3 6 5 65 45 76 38 35 15 21 61 32 82 43 8 73 78 34 70 87 56 78 28 48 43 45 65 56 83 34 1 88 25 35 13 73 43 1 6 21 25 2 91 38 52 51 34 66 90 94 64 30 100 
97 91 46 78 36 88 77 96 52 80 29 54 84 23 9 33 42 4 59 93 59 95 47 10 100 33 6 5 84 94 95 1 89 73 29 15 6 16 3 65 93 64 86 26 7 31 21 95 80 51 87 9 72 31 5 46 31 45 40 3 23 47 46 46 6 30 15 94 75 12 39 43 38 73 90 92 42 54 27 99 87 62 96 77 69 95 36 31 43 91 2 31 97 87 50 86 2 31 93 79 10 85 8 90 50 47 70 29 21 24 45 6 71 36 88 22 19 95 63 28 42 1 21 1 45 31 77 52 34 1 31 100 17 38 26 89 73 48 73 100 88 9 75 37 19 31 42 80 32 81 46 74 59 49 29 65 93 35 58 61 63 87 66 97 41 54 34 36 59 41 40 80 10 19 85 24 52 42 72 89 77 63 8 15 91 22 25 87 90 37 81 89 10 90 0 55 59 45 57 82 
16 80 88 79 23 24 78 53 57 7 84 23 21 6 50 73 19 41 25 51 93 48 4 76 16 71 95 69 78 27 48 88 36 55 89 39 10 33 18 89 40 86 93 76 12 54 75 66 94 30 92 95 34 73 64 87 85 74 85 97 85 82 24 47 34 73 82 34 25 60 23 18 24 26 83 51 69 41 64 16 0 44 49 74 77 80 99 13 39 18 28 78 45 86 52 44 41 28 93 100 66 32 0 23 5 42 16 59 100 88 22 15 25 70 67 79 43 45 40 28 71 7 44 89 61 31 0 14 35 100 9 82 41 68 17 75 4 16 23 83 25 96 3 21 22 5 27 44 96 67 57 14 14 67 18 77 50 93 12 32 30 30 0 6 38 64 30 18 82 94 23 27 30 35 36 21 17 63 78 28 81 94 67 91 27 75 37 14 34 80 9 11 35 66 87 34 100 39 91 53 
